candidate_id,composition,n_elements,YS_predicted_MPa,UTS_predicted_MPa,Elongation_predicted_pct,Hardness_predicted_HV,valid_prediction
CAND_00001,Fe22.10Mn21.09Mo37.03Ti19.78,4,902.2890625,809.6026000976562,44.7546501159668,497.3325999999999,True
CAND_00002,Co21.52Cr19.81Cu16.81Fe12.53Mo29.33,5,809.6331787109375,892.4014282226562,53.46133804321289,665.0321,True
CAND_00003,Cu26.66Fe19.72Mo5.94Nb14.59V14.74W18.35,6,1129.165283203125,1026.292724609375,49.66856384277344,573.9539999999993,True
CAND_00004,Al19.74Co10.23Nb28.60Ni7.63Ti33.80,5,1019.8308715820312,816.1737670898438,57.8039665222168,594.6527999999998,True
CAND_00005,Al32.92Mn17.29Mo7.12Ni28.92Ti13.75,5,1016.9454956054688,892.8982543945312,60.221046447753906,728.2168999999997,True
CAND_00006,Fe29.70Mo14.19Ni15.56Ti33.64W6.91,5,908.1414184570312,588.3438110351562,49.016239166259766,496.15896666666634,True
CAND_00007,Cr43.15Mo24.06Nb9.18V23.61,4,1397.25439453125,1171.7388916015625,50.769020080566406,588.0126999999999,True
CAND_00008,Al18.46Co8.14Cr14.18Cu37.90Mn15.98W5.34,6,913.9541625976562,1095.763916015625,58.43527603149414,639.8165999999995,True
CAND_00009,Co10.36Mn29.69Nb23.58V18.75W17.62,5,902.6220703125,1041.027099609375,54.54642105102539,545.4684999999998,True
CAND_00010,Co7.72Mn20.39Ni32.79W39.10,4,507.73828125,955.083984375,54.861915588378906,406.3219999999996,True
CAND_00011,Co37.48Nb30.37Ni23.54W8.61,4,710.765869140625,950.626220703125,71.45101928710938,535.2144,True
CAND_00012,Al6.49Cu9.60Nb20.66V20.88W42.37,5,1099.114990234375,1027.428466796875,63.02476119995117,581.0789999999996,True
CAND_00013,Co18.34Mn19.41Nb8.78Ni16.98V13.47W23.02,6,856.3375244140625,940.5648803710938,44.67131423950195,503.7921999999999,True
CAND_00014,Co16.68Cr19.47Ni7.10V26.11W30.64,5,1036.2193603515625,1028.7132568359375,55.503257751464844,557.5124000000001,True
CAND_00015,Cu11.33Fe11.30Mn18.65Mo19.20Nb21.25Ti18.27,6,918.0116577148438,884.3198852539062,46.117435455322266,625.8736999999996,True
CAND_00016,Fe20.89Mn18.50Ni35.93V24.68,4,891.6143188476562,969.108154296875,62.77231979370117,392.1179999999996,True
CAND_00017,Cu34.69Mo32.01Nb23.27Ni10.03,4,859.9429931640625,803.3604736328125,49.10639953613281,688.2555999999994,True
CAND_00018,Co17.80Mo17.82V23.90W40.48,4,960.462646484375,1150.1239013671875,55.22343826293945,584.6786999999999,True
CAND_00019,Al8.90Cu13.55Ti22.97V27.82W26.76,5,1013.69189453125,893.55908203125,49.358524322509766,605.2959999999996,True
CAND_00020,Al10.46Cr37.76Mn16.57Ti35.21,4,991.8271484375,926.3384399414062,59.36186218261719,558.8413999999998,True
CAND_00021,Cr25.03Cu20.24Mn22.69Ni10.78Ti21.26,5,790.37353515625,988.168701171875,38.934173583984375,595.0720999999998,True
CAND_00022,Co12.39Mn8.75Mo14.72Nb22.13V21.67W20.34,6,1064.1669921875,1091.342529296875,55.58333969116211,604.3991999999998,True
CAND_00023,Cr17.47Mn8.71Mo5.44Nb34.71Ti13.86W19.81,6,964.7621459960938,1083.31640625,42.72122573852539,582.7215999999997,True
CAND_00024,Co19.29Cr16.35Mn12.10Nb17.55V34.71,5,1107.4794921875,1118.6318359375,55.1358757019043,551.0632,True
CAND_00025,Cr21.58Fe24.96Mo5.38Ti21.48W26.60,5,909.864013671875,938.7267456054688,46.13104248046875,491.66509999999977,True
CAND_00026,Cr22.42Cu5.26Mo24.30Nb23.69W24.33,5,850.9083251953125,945.9968872070312,51.94785690307617,599.0907999999998,True
CAND_00027,Al24.41Cr13.39Mn25.90Mo6.82V15.59W13.89,6,1144.6024169921875,1184.5693359375,55.43471908569336,571.8115666666665,True
CAND_00028,Cr9.89Mn31.61Mo41.44Ni17.06,4,753.8299560546875,885.8101806640625,47.08811569213867,494.4215999999999,True
CAND_00029,Al19.30Cr38.69Mn17.01Nb25.00,4,1063.242919921875,1218.26171875,65.99701690673828,584.4239999999999,True
CAND_00030,Co12.96Cu17.24Fe29.78W40.02,4,538.8478393554688,912.6519165039062,51.47918701171875,564.6738999999995,True
CAND_00031,Cr12.07Cu14.60Fe31.98Nb12.70Ni15.91V12.74,6,1237.9920654296875,680.0390625,42.260433197021484,529.8769666666664,True
CAND_00032,Co21.53Cu33.31Mo20.35W24.81,4,638.5501708984375,899.3422241210938,61.45441436767578,669.6680999999998,True
CAND_00033,Cu37.39Fe33.49Mn9.89Ni19.23,4,521.6229858398438,878.2390747070312,61.81952667236328,483.1264666666656,True
CAND_00034,Cu42.08Fe5.52Mo17.82Ni34.58,4,669.4358520507812,864.7556762695312,49.49522399902344,469.1730999999993,True
CAND_00035,Al37.34Cu20.49Fe10.93Ni21.90V9.34,5,948.2667236328125,985.0825805664062,62.613304138183594,725.0385333333331,True
CAND_00036,Co11.60Cr5.56Cu6.84Fe17.62Mo28.37Nb30.01,6,926.390380859375,940.4930419921875,53.05173873901367,521.6673999999998,True
CAND_00037,Cu7.44Fe23.61Mo9.17Nb6.14Ti25.30W28.34,6,953.3472900390625,971.539794921875,45.04634475708008,499.3944999999997,True
CAND_00038,Al31.39Nb30.46Ti7.49V30.66,4,997.5869750976562,1132.1993408203125,52.97795486450195,756.3559333333333,True
CAND_00039,Cr5.29Cu36.19Nb9.37Ti24.74W24.41,5,863.8671875,1087.457275390625,35.01646423339844,630.8199999999993,True
CAND_00040,Cr36.43Mo21.89Nb23.45Ni18.23,4,989.14990234375,930.5184936523438,70.75894927978516,527.1479999999998,True
CAND_00041,Al26.82Cu11.16Fe12.80Mo13.42Ni16.37W19.43,6,836.1566772460938,832.6019897460938,62.597721099853516,707.8542,True
CAND_00042,Al21.60Co7.24Cu30.45Fe30.54V10.17,5,945.7428588867188,957.3180541992188,51.56386184692383,579.8205333333328,True
CAND_00043,Co16.14Cu37.44Mn21.30W25.12,4,462.8623962402344,993.728271484375,55.686622619628906,608.1182999999997,True
CAND_00044,Cr14.93Mn25.84Nb21.03W38.20,4,756.314697265625,1071.5247802734375,47.585758209228516,549.7396999999999,True
CAND_00045,Mn6.72Mo24.38Nb43.14Ti16.13V9.63,5,1106.721923828125,855.6771240234375,46.67289352416992,603.8909999999998,True
CAND_00046,Al7.25Cr25.36Mo23.44Nb9.20W34.75,5,921.2243041992188,921.4627685546875,49.5016975402832,589.9854999999999,True
CAND_00047,Co9.52Cr16.59Fe12.08Ti28.10V15.30W18.41,6,1051.164794921875,1047.9390869140625,41.99470520019531,575.8935999999998,True
CAND_00048,Co31.88Cu38.31Fe15.79W14.02,4,513.6098022460938,1013.8580932617188,67.11741638183594,583.5541999999996,True
CAND_00049,Al17.70Cr7.18Nb15.68Ni17.21Ti42.23,5,1134.328369140625,872.8268432617188,53.82356643676758,490.4235999999996,True
CAND_00050,Co18.89Cu25.26Nb16.24V11.91W27.70,5,957.9349975585938,944.370361328125,56.30656433105469,643.2053999999999,True
CAND_00051,Co30.44Mn14.47Nb22.73Ti17.73V6.70W7.93,6,848.03369140625,1016.5338745117188,61.57401657104492,557.6723999999999,True
CAND_00052,Al23.86Fe16.73Mn26.54Nb13.25V19.62,5,1158.2586669921875,1160.7431640625,51.98264694213867,538.5206333333332,True
CAND_00053,Co9.30Fe39.60Ni33.98Ti17.12,4,976.3544921875,877.2881469726562,55.71609115600586,377.0599999999998,True
CAND_00054,Al16.92Co10.32Cr25.17Fe22.37Mn19.35Ti5.87,6,1012.1616821289062,1263.1993408203125,58.30864715576172,493.4050999999997,True
CAND_00055,Cu36.79Nb32.04V13.20W17.97,4,990.925048828125,930.9114990234375,46.84101867675781,666.0179999999995,True
CAND_00056,Co13.74Cr10.87Cu16.48Fe6.45Ti20.57W31.89,6,804.6688842773438,938.7778930664062,46.19981002807617,646.8791999999996,True
CAND_00057,Al31.32Co26.90Cu8.54Ni15.44Ti12.02W5.78,6,1009.0819702148438,902.5432739257812,66.41377258300781,770.2931999999998,True
CAND_00058,Al23.90Co22.54Ti30.28W23.28,4,867.674072265625,1051.784423828125,60.99246597290039,615.2441999999999,True
CAND_00059,Mn22.72Nb13.39Ni33.03Ti30.86,4,1020.789794921875,898.2294921875,46.203277587890625,407.4859999999997,True
CAND_00060,Al18.19Nb14.32Ni18.97Ti14.17W34.35,5,1184.529296875,948.24169921875,61.8781852722168,514.7443999999996,True
CAND_00061,Cr12.52Cu20.55Nb6.24Ni24.83Ti35.86,5,1031.849365234375,701.2766723632812,36.262977600097656,562.7811999999993,True
CAND_00062,Co11.73Mn11.70Ni7.69Ti38.64W30.24,5,733.6262817382812,821.8749389648438,51.74190902709961,559.4901999999997,True
CAND_00063,Al7.15Co10.72Cr13.89Ni35.47Ti17.43W15.34,6,1067.1304931640625,836.578125,60.770355224609375,403.0015999999997,True
CAND_00064,Al16.53Co36.66Fe32.82Mn13.99,4,722.8418579101562,1114.447998046875,60.08340835571289,528.0523999999999,True
CAND_00065,Mo17.51Nb37.41Ti24.11W20.97,4,887.9962768554688,907.491455078125,45.90375900268555,595.4967999999998,True
CAND_00066,Cu15.27Mn21.35Nb19.00Ni14.83W29.55,5,674.1914672851562,964.4364624023438,51.19577407836914,591.4382999999995,True
CAND_00067,Cr20.61Cu32.96Mo23.28Ni6.68Ti16.47,5,972.9518432617188,841.36376953125,33.601688385009766,674.6654999999996,True
CAND_00068,Al8.81Co24.25Cr21.47Cu20.28Ni13.27W11.92,6,649.7813720703125,893.32958984375,59.66423797607422,625.905,True
CAND_00069,Co7.01Cr22.89Ni39.71Ti11.26W19.13,5,1076.080810546875,975.99951171875,50.871429443359375,433.8799999999996,True
CAND_00070,Al16.87Fe17.74Nb24.03Ti41.36,4,1101.1458740234375,897.1868896484375,52.73405838012695,495.3521999999997,True
CAND_00071,Cr11.87Cu31.90Mn28.46Ni27.77,4,585.4686279296875,857.8088989257812,48.02259826660156,487.5870999999993,True
CAND_00072,Cu18.96Mo17.67Ti37.82W25.55,4,787.3731689453125,678.5292358398438,44.179718017578125,675.8714999999995,True
CAND_00073,Al23.92Cu33.96Mn30.02Nb12.10,4,856.7623901367188,1137.165771484375,51.46957778930664,598.736033333333,True
CAND_00074,Al23.44Cr19.87Cu7.85Nb30.48W18.36,5,1077.6546630859375,1104.5458984375,57.693477630615234,607.0107333333333,True
CAND_00075,Fe16.01Mn14.26Mo14.96Ni11.20Ti23.78V19.79,6,1098.589111328125,856.1896362304688,45.05329513549805,555.7695999999997,True
CAND_00076,Al24.69Co15.05Cr27.94Cu10.24Mn22.08,5,792.912353515625,1169.164306640625,69.32996368408203,593.8924333333332,True
CAND_00077,Al34.26Cr13.69Fe25.01Nb27.04,4,1129.039306640625,1024.8553466796875,50.4716682434082,707.2604666666667,True
CAND_00078,Cu23.53Fe25.57Mo7.87Nb8.78Ti21.24W13.01,6,1000.1763305664062,965.1553955078125,33.823211669921875,545.2329999999994,True
CAND_00079,Cr16.76Fe21.48Nb10.47Ti18.46W32.83,5,1046.4451904296875,1125.51171875,31.517513275146484,488.58359999999976,True
CAND_00080,Cr18.63Mn32.41Mo11.03Nb37.93,4,949.7051391601562,1104.18603515625,48.40397644042969,549.7946999999998,True
CAND_00081,Co16.06Cu22.65Fe16.20Mn19.03Nb26.06,5,638.4746704101562,1015.727783203125,52.237205505371094,574.8641999999996,True
CAND_00082,Cr25.12Cu20.46Fe5.89Mo38.03Ti10.50,5,1008.9061279296875,1028.979248046875,37.71477127075195,687.9938999999998,True
CAND_00083,Co38.10Cu16.60Fe18.18Nb27.12,4,780.5989990234375,1052.50927734375,66.11006164550781,648.631,True
CAND_00084,Cu7.70Fe22.19Mo32.44V37.67,4,1092.1866455078125,964.2313232421875,51.32699966430664,518.8481999999998,True
CAND_00085,Cu5.32Mn42.17Mo24.60Nb5.75W22.16,5,722.629638671875,946.1637573242188,41.02592468261719,552.9699999999999,True
CAND_00086,Cr30.64Fe18.50V34.35W16.51,4,1247.410400390625,1081.90673828125,61.83625793457031,497.8285999999998,True
CAND_00087,Al5.78Cr33.87Nb18.07Ti15.66W26.62,5,1035.1539306640625,1008.51220703125,63.49839782714844,568.8503999999998,True
CAND_00088,Cu8.53Fe44.45Mn17.90W29.12,4,430.40057373046875,942.0764770507812,48.588130950927734,495.58309999999966,True
CAND_00089,Cr32.89Cu11.61Nb16.24Ti24.75W14.51,5,957.2153930664062,1023.1823120117188,58.05011749267578,584.0285999999998,True
CAND_00090,Al27.56Cu21.12Fe19.80Mo20.19Nb11.33,5,930.0648193359375,1012.2994995117188,49.4775276184082,779.318266666667,True
CAND_00091,Co10.14Mn33.57Nb19.02Ti28.62W8.65,5,753.093505859375,1051.5208740234375,49.379390716552734,526.2830999999999,True
CAND_00092,Al11.23Cr18.84Cu7.94Fe40.83Mo21.16,5,751.7776489257812,821.9573364257812,48.482906341552734,500.1969999999998,True
CAND_00093,Cu17.77Fe44.21Mo15.82Nb22.20,4,922.8119506835938,946.6163940429688,47.007110595703125,583.9974999999995,True
CAND_00094,Al12.50Cr5.53Fe39.90Ti17.79V24.28,5,1036.77978515625,1091.4449462890625,47.918094635009766,490.93409999999966,True
CAND_00095,Co29.13Cr8.79Fe24.95Nb31.35W5.78,5,712.9298095703125,891.4699096679688,63.09272003173828,492.0487999999999,True
CAND_00096,Co9.79Fe41.07Ti17.15V31.99,4,939.6484985351562,968.4946899414062,48.03482437133789,484.1094999999997,True
CAND_00097,Co6.74Cr13.70Mo20.45Nb14.65Ti44.46,5,895.6373291015625,707.0922241210938,41.54330062866211,579.1078999999997,True
CAND_00098,Al13.59Co13.28Cr44.34Mn14.19Mo7.63Nb6.97,6,978.44970703125,1187.6927490234375,61.75593948364258,573.5803999999999,True
CAND_00099,Al10.17Fe16.70Mn28.15Mo28.81Nb8.99V7.18,6,1077.4608154296875,900.8296508789062,34.33095932006836,491.06239999999985,True
CAND_00100,Al9.59Cu34.81Fe10.76Nb24.93V19.91,5,1274.451171875,992.3341674804688,42.16883850097656,661.2821999999994,True
CAND_00101,Co24.36Mn35.23Ti6.02V10.57W23.82,5,798.6123046875,977.3785400390625,59.94709396362305,530.0360999999998,True
CAND_00102,Co42.73Fe43.97Mn7.93Ni5.37,4,504.441162109375,979.8365478515625,54.36513900756836,527.0336,True
CAND_00103,Co14.46Mn39.83Nb32.55V13.16,4,861.7957763671875,882.370849609375,55.36124801635742,549.0510999999998,True
CAND_00104,Al20.09Co12.51Cu35.13Fe12.99V9.14W10.14,6,949.8682250976562,1021.2915649414062,61.2307014465332,651.2861999999996,True
CAND_00105,Co18.96Cr11.02Fe12.64Nb18.56Ti16.36V22.46,6,967.094482421875,1165.767578125,46.87333297729492,558.0572000000001,True
CAND_00106,Cr36.21Mo19.74Nb35.68Ni8.37,4,917.7982177734375,1011.4344482421875,65.12240600585938,597.4801999999997,True
CAND_00107,Al19.34Co19.99Cu18.72Mo8.85V25.49W7.61,6,1143.769287109375,1192.9351806640625,62.464717864990234,640.9363999999999,True
CAND_00108,Al10.84Co29.88Fe29.64V6.09W23.55,5,833.1290283203125,1001.3074951171875,57.24052047729492,498.1247999999999,True
CAND_00109,Co34.27Cr11.88Fe9.09Nb9.04W35.72,5,740.9713134765625,1113.99658203125,50.15638732910156,559.7739999999999,True
CAND_00110,Co23.77Fe15.78Mo9.91V18.89W31.65,5,962.9024658203125,1106.4520263671875,63.97409439086914,530.1762,True
CAND_00111,Al31.39Cu27.68Fe31.08Mo9.85,4,768.8748168945312,1071.2733154296875,54.681575775146484,697.4953999999999,True
CAND_00112,Cr11.40Mo31.11Nb17.09Ni17.85Ti22.55,5,1085.1402587890625,861.3462524414062,52.49636459350586,513.024,True
CAND_00113,Al20.43Mn17.36Ni35.72V26.49,4,889.140625,1108.7938232421875,68.85585021972656,485.35299999999944,True
CAND_00114,Al18.31Mn24.13Nb22.35V18.62W16.59,5,1018.9342651367188,1166.281005859375,57.2670783996582,550.5048999999998,True
CAND_00115,Co18.71Mn37.03Mo6.36Ni15.23W22.67,5,569.7566528320312,935.2942504882812,58.3923454284668,495.29480000000007,True
CAND_00116,Al27.51Co6.55Cu43.37Nb22.57,4,907.4287719726562,1051.9586181640625,58.76400375366211,769.6052666666667,True
CAND_00117,Cr22.48Mn9.68Nb26.02Ni11.84Ti29.98,5,907.9592895507812,1041.6663818359375,54.29582595825195,558.5719999999999,True
CAND_00118,Co32.27Fe12.11Mn15.94Ni27.10Ti12.58,5,810.9664306640625,851.2894897460938,61.5745849609375,496.4288000000001,True
CAND_00119,Co10.39Cr13.46Mn24.68Mo20.59Ni11.11Ti19.77,6,799.941650390625,814.8934936523438,42.821224212646484,547.8773999999999,True
CAND_00120,Al11.64Nb33.21Ti32.63V22.52,4,1033.8138427734375,1034.101806640625,51.73099136352539,574.4905999999997,True
CAND_00121,Al13.99Co14.72Cr25.25Mo19.22Nb26.82,5,960.4275512695312,1056.8270263671875,62.76670455932617,599.1769999999999,True
CAND_00122,Al32.76Cu30.75Fe23.84Nb12.65,4,1014.6395874023438,1102.4642333984375,53.18899917602539,699.8199333333331,True
CAND_00123,Co35.64Cr7.72Mo7.83Ti25.14W23.67,5,763.690673828125,1048.6221923828125,59.41462707519531,564.136,True
CAND_00124,Co38.91Cr24.61Fe25.54Nb10.94,4,742.4541625976562,1006.05224609375,50.965206146240234,529.8181999999999,True
CAND_00125,Al38.90Cr11.56Cu17.88Mn10.80Mo14.42Ti6.44,6,938.3348999023438,865.2566528320312,52.511112213134766,732.4303333333332,True
CAND_00126,Co11.78Mn30.80Nb22.61Ni10.92V7.76W16.13,6,839.8580322265625,925.6234741210938,59.66255569458008,534.1794999999997,True
CAND_00127,Al33.10Mn26.27Nb5.42Ni35.21,4,707.9070434570312,1087.302734375,57.613182067871094,652.6623333333331,True
CAND_00128,Cr42.10Fe13.93Mo8.73Ti22.75W12.49,5,939.6495971679688,1090.872802734375,55.18124771118164,559.0683999999998,True
CAND_00129,Fe15.76Mn29.09Nb26.19V7.73W21.23,5,920.3534545898438,966.3460693359375,47.98109817504883,502.2648999999998,True
CAND_00130,Fe33.03Mn23.70Nb8.13Ti25.95V9.19,5,963.7513427734375,989.211181640625,35.71110916137695,457.8335999999997,True
CAND_00131,Co22.04Fe21.35Mo15.30Nb7.27Ni34.04,5,787.3270874023438,873.727783203125,55.81369400024414,401.52600000000007,True
CAND_00132,Co9.92Mo12.94Nb21.01Ni9.07Ti5.18V41.88,6,1087.668701171875,1077.9149169921875,52.962162017822266,596.5135999999998,True
CAND_00133,Cu19.67Fe23.47Mn12.31Nb13.63Ni14.32V16.60,6,1080.682861328125,1001.1802368164062,45.296287536621094,589.1198666666661,True
CAND_00134,Al15.63Co11.37Fe10.03Mn23.81Ti33.63V5.53,6,868.843994140625,804.6043701171875,59.56193161010742,531.8806999999998,True
CAND_00135,Cu42.94Mo24.33Ti10.17V22.56,4,1023.2738037109375,1114.5103759765625,38.723228454589844,694.5668999999994,True
CAND_00136,Cu44.28Fe19.04Ti27.21V9.47,4,908.6071166992188,972.1746215820312,47.85685729980469,528.186599999999,True
CAND_00137,Cu12.61Fe15.29Mn31.55Mo10.30Ti30.25,5,804.0478515625,904.4366455078125,45.7775764465332,525.7662999999998,True
CAND_00138,Cr10.62Fe30.47Mn37.70Mo7.50Nb6.02W7.69,6,830.9287109375,932.0652465820312,40.03386306762695,460.75399999999985,True
CAND_00139,Co23.00Fe10.21Ti30.55V13.48W22.76,5,730.4197998046875,945.7922973632812,53.205562591552734,560.7592,True
CAND_00140,Co21.30Cr13.47Fe38.65Ti26.58,4,556.8300170898438,1040.4259033203125,45.70283126831055,454.88379999999984,True
CAND_00141,Al13.84Mo18.32Nb21.62V7.66W38.56,5,1001.74072265625,895.1303100585938,57.788082122802734,607.2044999999997,True
CAND_00142,Al16.48Co20.04Fe19.75Mo12.96Nb14.47V16.30,6,1162.9351806640625,1078.686767578125,62.977848052978516,514.8553999999999,True
CAND_00143,Cr32.55Mn32.70Nb13.70Ni21.05,4,898.0502319335938,986.2732543945312,51.13503646850586,489.47289999999975,True
CAND_00144,Cu43.22Fe22.02Mo17.05Ni17.71,4,738.81201171875,823.1776123046875,51.984825134277344,531.321466666666,True
CAND_00145,Cr12.29Cu13.60Mn15.71Mo28.07Ni18.90W11.43,6,785.4722900390625,803.2960815429688,58.88949203491211,572.0618999999995,True
CAND_00146,Al26.41Cr30.09Mn24.25Nb10.00Ti9.25,5,1083.8983154296875,1316.914794921875,54.631202697753906,663.4235666666665,True
CAND_00147,Co9.99Cu11.31Fe17.67Mn44.07Ti11.84V5.12,6,824.9415283203125,967.4200439453125,50.67894744873047,489.62589999999966,True
CAND_00148,Cu42.79Fe11.57Mn17.45Nb28.19,4,719.57177734375,1020.2379760742188,49.30436706542969,656.7397999999994,True
CAND_00149,Cu20.96Fe16.88Nb15.97V25.38W20.81,5,1166.9254150390625,1195.77783203125,44.395721435546875,595.8775999999993,True
CAND_00150,Cr7.91Fe21.34Mo29.06V41.69,4,1151.6767578125,971.380126953125,46.243350982666016,514.9940999999999,True
CAND_00151,Co23.22Mn17.80Nb44.27W14.71,4,651.2392578125,1059.6285400390625,67.36876678466797,562.0881999999999,True
CAND_00152,Al32.97Nb14.78Ti21.98V30.27,4,1036.814697265625,1047.0595703125,51.5168342590332,727.5729333333333,True
CAND_00153,Co19.06Mn20.74Ti22.19V38.01,4,695.6035766601562,1038.8131103515625,53.22072982788086,548.2626,True
CAND_00154,Co14.20Cr7.82Cu44.74Fe6.37Mo26.87,5,735.0280151367188,858.914794921875,51.64995574951172,685.7128999999994,True
CAND_00155,Cr37.34Mo20.87Nb19.12Ti14.72W7.95,5,1031.153076171875,839.053955078125,57.05469512939453,590.7863,True
CAND_00156,Fe22.10Mo26.86Ni21.46V29.58,4,1078.727783203125,780.4780883789062,53.14289093017578,498.05986666666666,True
CAND_00157,Al10.73Co37.54Mn29.87Mo21.86,4,639.7093505859375,958.3732299804688,57.77077865600586,561.3238999999999,True
CAND_00158,Al26.95Mn17.27Mo14.19Nb17.73Ni23.86,5,974.4969482421875,872.9476928710938,65.5269546508789,759.4817333333335,True
CAND_00159,Co11.63Cr11.08Cu20.73Nb20.54Ni26.96Ti9.06,6,1023.4134521484375,896.91552734375,50.00178527832031,537.7339999999995,True
CAND_00160,Al32.15Cr11.33Fe20.87V17.61W18.04,5,1128.037841796875,1155.5126953125,51.641300201416016,667.8035333333333,True
CAND_00161,Al19.06Cu22.70Mo22.29Ni8.63Ti27.32,5,941.2687377929688,667.5511474609375,54.24851608276367,699.3396999999997,True
CAND_00162,Co8.07Cr35.72Mn16.00Nb8.76Ti25.99W5.46,6,863.7448120117188,1112.1492919921875,50.664737701416016,564.4457999999998,True
CAND_00163,Al23.08Cu21.61Mn16.42Mo17.78Nb9.33W11.78,6,834.6048583984375,1018.2715454101562,47.56465530395508,702.2831333333331,True
CAND_00164,Cu29.64Fe8.53Mn25.54Ni19.04W17.25,5,584.7191162109375,927.6937255859375,53.02400207519531,542.1884999999992,True
CAND_00165,Co22.85Cr7.54Fe20.91Mo41.15Nb7.55,5,922.85595703125,887.2266235351562,50.97390365600586,503.91350000000006,True
CAND_00166,Fe38.35Mo19.66Ti9.78V32.21,4,1128.141845703125,1285.993408203125,41.216670989990234,507.30089999999984,True
CAND_00167,Cr6.56Fe25.00Mn31.23Nb6.45V14.48W16.28,6,980.3885498046875,876.9827270507812,44.14358139038086,473.7677999999998,True
CAND_00168,Cr12.60Cu12.80Mn42.33Ni16.74W15.53,5,692.6763305664062,895.0543212890625,49.21991729736328,532.5418999999997,True
CAND_00169,Cr17.12Fe29.61Mn31.41Ti21.86,4,929.8109741210938,970.2142944335938,41.10615158081055,451.46329999999983,True
CAND_00170,Co8.92Cr18.82Mn31.09Ni41.17,4,640.2013549804688,962.2303466796875,58.245452880859375,398.84239999999966,True
CAND_00171,Co28.26Cr6.90Fe26.05Mo16.45Ti22.34,5,829.2506713867188,854.0608520507812,56.50950241088867,504.7671000000001,True
CAND_00172,Al29.03Ni17.55Ti15.60V6.03W31.79,5,1007.4367065429688,950.0293579101562,55.76255416870117,709.4395999999997,True
CAND_00173,Co17.58Cr13.09Mo7.88Ni28.75Ti32.70,5,923.4454345703125,843.7259521484375,55.674034118652344,431.42799999999994,True
CAND_00174,Al44.47Co7.03Mn24.39Nb17.56W6.55,5,782.1890258789062,1160.63134765625,56.5376091003418,738.3239333333333,True
CAND_00175,Cr15.48Fe26.19Mn33.53Nb12.48W12.32,5,866.0185546875,998.6286010742188,33.47209167480469,459.9825999999998,True
CAND_00176,Cr12.10Fe10.70Mo14.69Ni15.78Ti20.16W26.57,6,959.6105346679688,810.4266967773438,42.42341995239258,551.7149999999997,True
CAND_00177,Co20.57Mo15.42Nb26.12W37.89,4,726.1243286132812,973.2518920898438,60.339839935302734,580.3145999999998,True
CAND_00178,Al33.45Co15.15Mn24.92Mo15.73Ni10.75,5,545.1094360351562,863.5353393554688,59.51362228393555,685.2574333333332,True
CAND_00179,Al16.24Cr10.49Cu28.32Mo28.97Nb5.85Ni10.13,6,935.094482421875,684.5133666992188,49.46536636352539,701.0622999999995,True
CAND_00180,Co16.42Cr13.96Cu7.77Ni15.55Ti32.71W13.59,6,746.8958129882812,857.9832763671875,52.33481216430664,511.3809999999999,True
CAND_00181,Cr24.40Cu23.14Ni29.91W22.55,4,600.4417114257812,891.7217407226562,43.35764694213867,539.4481999999992,True
CAND_00182,Al22.36Cu30.72Ni20.07Ti26.85,4,1010.2225952148438,903.8363647460938,60.59224319458008,627.9721666666661,True
CAND_00183,Co31.51Cr31.29Mn5.12Ti32.08,4,796.8533325195312,953.918701171875,67.05950164794922,543.2792,True
CAND_00184,Fe36.02Mn12.63Ti12.15V39.20,4,1106.501220703125,1128.5819091796875,42.29179763793945,496.0708999999997,True
CAND_00185,Co6.34Cu23.11Mo38.00V16.30W16.25,5,971.6456909179688,905.3086547851562,48.386932373046875,710.3434999999996,True
CAND_00186,Al23.48Cu10.65Mn21.02W44.85,4,648.1372680664062,1125.0018310546875,57.639163970947266,602.9124333333331,True
CAND_00187,Al42.89Co17.82Mo6.98Ni19.95W12.36,5,925.7080078125,1131.7593994140625,70.67874145507812,725.2482333333332,True
CAND_00188,Al33.72Co18.33Mn20.10Nb27.85,4,807.5970458984375,1234.572509765625,56.3249397277832,765.3564333333333,True
CAND_00189,Al12.91Cu13.61Mn21.84Mo27.75Nb9.43Ti14.46,6,967.5208129882812,695.8582153320312,43.52546310424805,608.8043999999996,True
CAND_00190,Cu18.78Mn11.81Nb17.77V31.82W19.82,5,1100.268310546875,1081.0191650390625,47.152565002441406,663.8987999999996,True
CAND_00191,Cu19.30Fe31.72Mn11.80Ni28.91V8.27,5,814.2191772460938,856.768310546875,54.694759368896484,506.02259999999916,True
CAND_00192,Co27.30Mn20.55Mo27.10Ti19.11W5.94,5,663.999267578125,896.7417602539062,53.634700775146484,562.2940999999998,True
CAND_00193,Cr22.96Fe36.48Mo25.59Nb9.46V5.51,5,1325.5767822265625,967.183349609375,45.23060607910156,494.2668999999998,True
CAND_00194,Al10.84Cu9.88Mn40.52Mo38.76,4,758.2449951171875,905.7488403320312,49.69706726074219,569.8585999999998,True
CAND_00195,Mn36.39Ti31.49V11.86W20.26,4,797.309814453125,881.6951904296875,46.760929107666016,532.8258999999999,True
CAND_00196,Cr35.72Fe19.83Mn17.85Mo11.31V15.29,5,1109.5225830078125,1098.964599609375,65.35397338867188,502.5711999999998,True
CAND_00197,Al9.12Co28.78Cr13.97Mn18.42Mo5.16Ni24.55,6,765.368896484375,982.3372192382812,70.32661437988281,492.54319999999996,True
CAND_00198,Al19.98Mo11.97Nb25.34Ni35.88V6.83,5,1012.9904174804688,987.5147094726562,68.0396728515625,509.687733333333,True
CAND_00199,Al26.55Mo31.19Ti29.62W12.64,4,867.3499145507812,726.9292602539062,52.88142013549805,727.5891999999999,True
CAND_00200,Fe24.79Mo27.25Nb17.29V16.08W14.59,5,1260.710693359375,975.205322265625,46.254512786865234,530.0955999999999,True
CAND_00201,Fe10.62Mn6.79Mo44.97Nb12.13V25.49,5,1280.7354736328125,1125.6632080078125,36.65896224975586,593.7572999999998,True
CAND_00202,Co9.10Cr23.47Fe12.19Mn18.38Ni30.60W6.26,6,500.4922180175781,963.27587890625,59.85050582885742,445.54259999999954,True
CAND_00203,Cu24.80Fe15.37Mn24.99Ni6.80V28.04,5,833.0914916992188,1025.5670166015625,49.96781921386719,586.4248999999995,True
CAND_00204,Co13.78Mo10.73Ni18.76V41.83W14.90,5,1042.24755859375,906.4892578125,64.91629791259766,504.2577999999998,True
CAND_00205,Cu19.09Mo14.61Ni30.73W35.57,4,627.218994140625,846.220703125,51.59606170654297,541.1507999999994,True
CAND_00206,Al25.88Mn23.61Mo29.52Nb20.99,4,744.6193237304688,857.4405517578125,53.96761703491211,642.0192333333331,True
CAND_00207,Co33.77Cr25.47Nb12.97Ti8.03V19.76,5,1018.158935546875,1278.7640380859375,63.328147888183594,569.002,True
CAND_00208,Co28.66Fe18.08Nb10.19Ni12.50V30.57,5,1044.15869140625,999.5023803710938,56.32106399536133,503.73759999999993,True
CAND_00209,Fe31.95Mo9.24Nb39.47W19.34,4,887.8262329101562,980.9495849609375,56.240604400634766,506.05169999999976,True
CAND_00210,Fe17.12Mo12.53Nb23.33V24.37W22.65,5,1183.686279296875,1108.494140625,48.135562896728516,533.3267999999998,True
CAND_00211,Cu15.07Fe12.02Mo6.35Nb17.14Ni33.60Ti15.82,6,1182.052978515625,975.218994140625,45.93775177001953,477.47739999999953,True
CAND_00212,Co40.35Mn6.11Nb44.62Ni8.92,4,809.8865966796875,1055.4542236328125,66.9681396484375,572.5211999999999,True
CAND_00213,Al34.41Cr15.80Cu10.43Nb12.29Ni19.86V7.21,6,1308.9871826171875,955.005615234375,61.00473403930664,682.0150999999998,True
CAND_00214,Co6.13Cr12.98Mo17.85Ni17.86V17.58W27.60,6,1147.11083984375,923.2967529296875,53.24074935913086,533.0192,True
CAND_00215,Al16.89Fe36.86Mn8.51Mo37.74,4,697.5431518554688,910.1102905273438,49.38361740112305,498.3277999999998,True
CAND_00216,Al32.02Co34.63Mo10.09Nb23.26,4,903.6782836914062,1110.6558837890625,69.31903839111328,813.2175333333333,True
CAND_00217,Co23.42Fe13.50Ni17.26V32.52W13.30,5,911.7237548828125,924.888427734375,67.2663345336914,484.09779999999995,True
CAND_00218,Al22.94Co33.82Mo16.85Ti18.68V7.71,5,949.1449584960938,772.420166015625,61.544254302978516,668.2020666666667,True
CAND_00219,Cr9.61Mo37.14Nb25.33V20.58W7.34,5,1174.997802734375,1070.2640380859375,44.439510345458984,600.0733999999998,True
CAND_00220,Mn27.80Ti28.36V8.26W35.58,4,860.6333618164062,979.720458984375,48.99895095825195,530.3770999999998,True
CAND_00221,Co13.62Cr30.06Cu32.77Nb9.73V13.82,5,1168.489501953125,885.2431030273438,49.5099983215332,645.4759999999997,True
CAND_00222,Co13.44Cu43.42Fe7.88Mo17.53V17.73,5,991.4022827148438,959.7791137695312,49.403297424316406,694.6356999999994,True
CAND_00223,Co44.26Mo16.49Ti27.97V11.28,4,941.2158813476562,852.1495971679688,58.1049690246582,598.0286000000001,True
CAND_00224,Co27.34Nb20.25Ti16.40V36.01,4,919.630615234375,1118.0804443359375,57.96220016479492,558.9078,True
CAND_00225,Al13.93Cu17.64Fe19.11Mn16.96Nb22.12W10.24,6,998.4051513671875,1080.9503173828125,57.601131439208984,581.5685999999995,True
CAND_00226,Al10.04Cr11.98Mo27.33Ti16.47V20.83W13.35,6,1091.699951171875,962.96240234375,42.26236343383789,598.0758999999998,True
CAND_00227,Al21.56Mn18.67Mo34.06Ni9.35V16.36,5,846.1527709960938,771.2905883789062,53.01583480834961,622.5584999999998,True
CAND_00228,Al27.55Co13.33Cr11.96Cu26.88Nb9.81Ti10.47,6,1039.2281494140625,1077.54931640625,51.35824203491211,743.9053333333334,True
CAND_00229,Al11.19Cr16.13Mn12.17Ni35.95V24.56,5,1161.098876953125,1106.8570556640625,59.020381927490234,408.93819999999965,True
CAND_00230,Mn19.56Mo22.10Nb40.48V7.45W10.41,5,950.4533081054688,875.3864135742188,49.77309799194336,604.5843999999998,True
CAND_00231,Al17.68Co22.81Cr28.31Cu20.74W10.46,5,920.8244018554688,1107.0213623046875,71.7115478515625,624.3972000000001,True
CAND_00232,Al16.19Fe33.35Mn43.11V7.35,4,864.6921997070312,995.9614868164062,55.74371337890625,459.22299999999973,True
CAND_00233,Al32.86Fe38.12Mn15.49Mo13.53,4,521.4657592773438,1012.6937255859375,49.92844009399414,677.8894666666665,True
CAND_00234,Al28.83Cr27.96Cu11.01Nb14.59Ti7.97V9.64,6,1243.8128662109375,1154.3848876953125,69.76686096191406,718.5134333333331,True
CAND_00235,Al7.64Fe7.57Mn21.42Mo12.42Ti19.89V31.06,6,969.93212890625,985.6930541992188,52.22116470336914,568.5846999999999,True
CAND_00236,Al11.20Co20.93Cr12.55Mo17.27Ti27.63V10.42,6,1035.3424072265625,868.6519165039062,51.53348922729492,579.16,True
CAND_00237,Al33.73Co13.64Cu9.13Mn25.88Mo8.02Ti9.60,6,902.3863525390625,1105.998046875,60.28634262084961,669.7697666666666,True
CAND_00238,Al26.90Mo17.14Ni8.27Ti14.96W32.73,5,907.1605224609375,705.2535400390625,53.306278228759766,744.5781333333333,True
CAND_00239,Al35.84Fe27.26Mn21.58Mo15.32,4,564.2781372070312,981.4579467773438,52.77176284790039,658.7023333333333,True
CAND_00240,Mo41.99Ni12.79Ti19.96W25.26,4,901.33544921875,744.4650268554688,48.0439338684082,587.3946999999997,True
CAND_00241,Co7.79Cr12.82Cu9.69Fe36.46Ti33.24,5,757.6747436523438,926.1282348632812,47.86068344116211,482.5586999999996,True
CAND_00242,Cr20.01Cu24.55Fe27.40Ni28.04,4,506.9703674316406,809.6426391601562,43.27065658569336,502.09199999999953,True
CAND_00243,Cr14.41Cu17.96Mn23.42Ni19.26Ti13.39V11.56,6,947.4235229492188,927.8623046875,42.610076904296875,573.2776999999995,True
CAND_00244,Al5.26Cr34.32Mn16.41Mo9.61Ni24.45V9.95,6,1163.68994140625,817.8088989257812,65.006103515625,524.2475999999997,True
CAND_00245,Al30.22Fe8.74Ni43.36Ti10.94V6.74,5,1021.376708984375,1022.6143188476562,59.37444305419922,681.3490666666663,True
CAND_00246,Al35.55Co6.22Ti11.51V30.26W16.46,5,1028.47607421875,1087.7181396484375,51.620906829833984,719.1191999999999,True
CAND_00247,Co6.62Cr23.12Cu9.62Fe9.80Ti24.17V26.67,6,1014.1260986328125,1061.0423583984375,50.70265197753906,571.2859999999998,True
CAND_00248,Co15.29Cu9.21Nb36.66V33.41W5.43,5,1081.8896484375,1045.4066162109375,60.25863265991211,584.3201999999999,True
CAND_00249,Cr31.87Mn6.59Mo9.29Nb10.25Ni10.38V31.62,6,1360.144775390625,965.8500366210938,59.76449966430664,568.0777999999998,True
CAND_00250,Al44.29Fe6.85Mn21.71Ni27.15,4,592.7725830078125,1045.891357421875,59.946449279785156,718.0267666666665,True
CAND_00251,Al21.78Cu9.51Fe14.10Ni18.58Ti11.85W24.18,6,1109.181884765625,884.566650390625,62.75149917602539,567.5748333333329,True
CAND_00252,Al24.03Cr9.68Mo10.76Nb23.55Ti14.21V17.77,6,1185.335205078125,1012.937255859375,50.04769515991211,631.0040333333332,True
CAND_00253,Cu7.84Fe10.24Mn27.39Nb12.54Ni24.75V17.24,6,1091.18017578125,891.5265502929688,54.843299865722656,497.81059999999974,True
CAND_00254,Cu25.35Mn18.48Ni44.04V12.13,4,785.8869018554688,877.8123168945312,60.49463653564453,470.75979999999925,True
CAND_00255,Mn12.70Nb22.57Ni28.97Ti25.83W9.93,5,1098.361328125,929.5181884765625,53.31127166748047,456.8623999999997,True
CAND_00256,Co26.95Cu10.10Fe12.22Mo7.18Nb9.89Ti33.66,6,805.5949096679688,836.1728515625,51.21908950805664,561.7565999999998,True
CAND_00257,Al32.96Co30.70Cu12.31W24.03,4,750.3113403320312,1041.9652099609375,67.34839630126953,743.0483999999999,True
CAND_00258,Al22.56Cr11.32Cu23.56Mo6.47Ti22.19V13.90,6,1262.556884765625,945.243896484375,48.8480339050293,682.3076666666664,True
CAND_00259,Cr21.86Fe34.32Mn12.31Nb6.73Ti16.05W8.73,6,1060.3114013671875,969.046630859375,42.72859191894531,482.2884999999998,True
CAND_00260,Co5.28Cr36.67Mn13.50V31.35W13.20,5,1002.0538330078125,1030.8311767578125,64.31192016601562,566.9689999999998,True
CAND_00261,Al19.07Co35.10Cu13.29Mn6.11Ni26.43,5,709.2274169921875,1027.0223388671875,71.43009185791016,611.9592000000001,True
CAND_00262,Al18.13Cu23.69Fe27.00Ti15.47V15.71,5,1180.2449951171875,977.327392578125,47.11488723754883,590.4141999999997,True
CAND_00263,Al12.68Cu29.66Mo24.01W33.65,4,678.7054443359375,852.6615600585938,55.917537689208984,692.6916999999995,True
CAND_00264,Al11.79Cu21.16Fe16.16Mn7.53Ti11.78V31.58,6,1157.741455078125,1031.58837890625,46.84574508666992,620.0799999999996,True
CAND_00265,Al9.80Cu27.04Fe26.01Ni21.23W15.92,5,779.312255859375,855.59765625,49.028656005859375,521.2876666666658,True
CAND_00266,Fe10.45Mn6.18Nb36.85V17.69W28.83,5,1063.11328125,1066.9129638671875,46.27444076538086,584.0761999999999,True
CAND_00267,Al28.33Cr8.01Fe44.01W19.65,4,704.6510009765625,916.9127197265625,46.387386322021484,651.5200666666667,True
CAND_00268,Co30.31Fe11.32Mn21.91Mo6.21Ni13.19Ti17.06,6,706.1065673828125,996.3843994140625,55.947635650634766,515.3338000000001,True
CAND_00269,Al21.51Mo16.03Nb43.85V18.61,4,1147.034423828125,970.9985961914062,55.70780563354492,624.2483999999998,True
CAND_00270,Al13.98Cu16.01Fe22.70Ti31.27W16.04,5,986.8043212890625,938.5909423828125,52.6279182434082,544.6536999999995,True
CAND_00271,Cu17.08Mn9.43Mo24.52Nb33.09V15.88,5,1071.3250732421875,885.7425537109375,48.37430953979492,727.1985999999997,True
CAND_00272,Al14.02Co19.86Cu13.05Fe41.94Mo11.13,5,651.5299072265625,1007.3538208007812,54.677303314208984,504.11319999999984,True
CAND_00273,Al21.45Mn29.60Nb40.21Ti8.74,4,1086.8421630859375,1129.93505859375,53.742061614990234,561.1542999999998,True
CAND_00274,Al29.57Cr10.71Nb24.26V35.46,4,1172.505615234375,1147.4962158203125,54.39027786254883,727.8872,True
CAND_00275,Cr12.45Mn36.11Nb8.61Ni20.98Ti21.85,5,985.2239990234375,949.5921630859375,29.143186569213867,469.6570999999998,True
CAND_00276,Cr11.93Mo40.23V16.74W31.10,4,1099.6534423828125,907.0188598632812,47.0451545715332,602.1594999999999,True
CAND_00277,Co27.17Mn24.49Nb39.10Ni9.24,4,587.6790771484375,1000.23779296875,65.37702941894531,520.0668,True
CAND_00278,Co24.76Fe5.80Mn44.83Ni24.61,4,466.3276062011719,844.7968139648438,67.00149536132812,491.33169999999996,True
CAND_00279,Al20.32Cr5.97Fe7.28Mo39.95Ti6.80V19.68,6,1114.951904296875,951.9071044921875,48.157894134521484,604.2166999999998,True
CAND_00280,Cr6.48Nb24.43Ni39.69W29.40,4,681.88427734375,953.3065795898438,57.918418884277344,439.55059999999946,True
CAND_00281,Cu34.33Fe25.76Ti10.63V29.28,4,974.3277587890625,1022.3037719726562,40.013427734375,548.3711999999991,True
CAND_00282,Al38.32Cu13.70Fe16.79Ni31.19,4,711.4097900390625,1080.8116455078125,57.86860656738281,699.603933333333,True
CAND_00283,Co24.37Cr18.80Fe17.66Nb32.07Ni7.10,5,814.601318359375,994.2747802734375,61.90721893310547,484.34099999999995,True
CAND_00284,Al20.37Co8.70Cr14.48Fe16.43Ni15.28V24.74,6,1275.5684814453125,1147.984619140625,55.2428092956543,518.3125999999997,True
CAND_00285,Co10.01Cu32.75Mn10.45Nb20.39Ti26.40,5,814.1337890625,1001.178466796875,48.94416809082031,633.1133999999993,True
CAND_00286,Al34.06Cu7.99Fe20.25Mn31.85Ti5.85,5,918.8424682617188,1185.2705078125,55.86994552612305,638.1169666666666,True
CAND_00287,Al23.58Cu13.99Fe33.97Mn12.74W15.72,5,726.3394775390625,1055.1083984375,51.6025276184082,574.7660666666665,True
CAND_00288,Al36.73Cr7.80Cu40.85W14.62,4,823.5951538085938,1050.9234619140625,56.00314712524414,709.1939333333332,True
CAND_00289,Cr34.76Cu5.50Mo20.98Nb20.61Ti10.95V7.20,6,1131.7371826171875,915.3062744140625,58.387351989746094,594.1483,True
CAND_00290,Cu20.81Mn21.75Nb19.70W37.74,4,667.845703125,1062.935302734375,48.44579315185547,627.8546999999996,True
CAND_00291,Fe14.95Mn12.66Mo8.26Nb6.84Ni39.43W17.86,6,768.2509155273438,935.2368774414062,45.18439483642578,411.81559999999973,True
CAND_00292,Co39.81Fe32.13Nb11.96Ni6.55Ti9.55,5,841.7656860351562,1115.656494140625,45.18833541870117,535.8892,True
CAND_00293,Al26.84Fe21.53Mn41.34Ti10.29,4,1078.67431640625,1166.6763916015625,50.1622314453125,656.6827333333334,True
CAND_00294,Al5.97Cu19.06Ni40.63Ti19.50V14.84,5,1169.4658203125,784.240478515625,56.15930938720703,482.9613999999994,True
CAND_00295,Fe31.42Mo28.58Nb8.71Ni31.29,4,833.6012573242188,821.9962768554688,41.48167037963867,423.39719999999977,True
CAND_00296,Al13.51Co13.13Cr12.09Cu12.16Fe21.02Mo28.09,6,927.75244140625,712.6612548828125,53.95029830932617,543.7888999999997,True
CAND_00297,Co35.61Fe25.85Ti15.78V10.90W11.86,5,841.5521850585938,960.7208251953125,51.154300689697266,533.3943999999999,True
CAND_00298,Cr28.20Mn18.09Mo8.91Ni25.07W19.73,5,657.1919555664062,896.5975952148438,61.71699142456055,528.7635999999997,True
CAND_00299,Cr37.11Mn21.28Nb6.16V35.45,4,1032.1895751953125,1077.2728271484375,59.438987731933594,555.3650999999998,True
CAND_00300,Cu21.52Fe25.06Nb11.18Ti22.41V19.83,5,1041.26904296875,1097.0916748046875,32.459720611572266,557.3199999999995,True
CAND_00301,Al30.18Cu36.18Mn7.22Ni11.10V15.32,5,855.9103393554688,947.3851318359375,53.1816291809082,741.3011999999998,True
CAND_00302,Al18.04Co21.61Cr22.60Mo12.27Ti19.69V5.79,6,1155.32177734375,1058.2593994140625,57.619300842285156,571.1807333333331,True
CAND_00303,Al38.27Cr12.16Cu13.48Mo6.96Nb15.98Ni13.15,6,1142.790771484375,984.5941772460938,56.58040237426758,688.0855333333332,True
CAND_00304,Al36.32Co34.95Cr5.74Cu22.99,4,843.56982421875,1063.17431640625,70.34876251220703,769.2949333333333,True
CAND_00305,Cu22.35Fe39.82Mo5.07Nb23.03V9.73,5,1029.368408203125,1000.7534790039062,53.19596862792969,552.8805999999995,True
CAND_00306,Cu25.52Fe20.09Mn18.40Nb12.47V23.52,5,928.7833251953125,1122.18994140625,42.30047607421875,565.5405999999992,True
CAND_00307,Co16.14Cu31.00Fe11.20Mo41.66,4,695.1405639648438,861.2237548828125,55.59149169921875,667.9628999999996,True
CAND_00308,Al23.99Co29.86Cu5.31Mo9.65Ni31.19,5,909.0553588867188,935.21142578125,76.17052459716797,589.9535999999997,True
CAND_00309,Al8.77Co7.78Cr26.94Nb10.46Ti26.27V19.78,6,1087.4239501953125,1096.0482177734375,47.92915344238281,563.7809999999997,True
CAND_00310,Fe26.87Mo22.38Nb17.87Ni12.55Ti20.33,5,1086.5048828125,721.9216918945312,49.081478118896484,512.9028999999998,True
CAND_00311,Al21.35Cu11.26Mn6.91Mo40.11Ni10.94Ti9.43,6,1019.1931762695312,844.5499877929688,57.9304313659668,636.5448999999998,True
CAND_00312,Al18.18Cr25.34Fe17.17Mo14.67Nb12.11Ni12.53,6,1268.951171875,1105.54833984375,59.184600830078125,501.31619999999975,True
CAND_00313,Al16.87Cr38.65Cu6.63Mn18.66Mo19.19,5,852.263427734375,998.0704956054688,62.48079299926758,592.8579999999998,True
CAND_00314,Cr7.37Fe29.37Mo17.40Nb12.33Ni7.12Ti26.41,6,1077.8125,805.550048828125,34.95741653442383,503.00189999999986,True
CAND_00315,Cr18.21Cu11.64Mn9.54Mo20.08Ni33.70V6.83,6,1214.476318359375,779.7194213867188,52.197669982910156,459.8157999999996,True
CAND_00316,Co16.44Mn16.52Ti36.36W30.68,4,709.32958984375,853.5154418945312,51.128910064697266,547.1603999999999,True
CAND_00317,Al32.42Mn25.82Ni20.98Ti12.90W7.88,5,946.5494995117188,884.4984741210938,55.247093200683594,695.7638999999998,True
CAND_00318,Cu7.61Mn36.17Nb33.49Ni16.99V5.74,5,922.9404907226562,842.754638671875,54.73844528198242,487.0222999999998,True
CAND_00319,Co13.49Cu38.02Mn24.13Nb24.36,4,603.1857299804688,1003.5289306640625,56.329002380371094,610.5436999999995,True
CAND_00320,Al25.54Co30.66Cr6.85Fe36.95,4,729.4273071289062,1020.2525024414062,56.0557746887207,592.3015333333332,True
CAND_00321,Co10.49Cr17.67Nb18.76Ti10.19W42.89,5,904.6597290039062,1108.5985107421875,43.3497200012207,573.3503999999998,True
CAND_00322,Al5.82Co31.87Cr31.76Mo13.48W17.07,5,797.5601196289062,996.6995239257812,77.59376525878906,568.8358,True
CAND_00323,Cr16.56Cu16.71Mo8.65Ti16.72W41.36,5,943.2166137695312,884.9772338867188,43.31589889526367,659.9517999999997,True
CAND_00324,Al19.43Cr6.96Cu11.37Fe15.69Nb25.39Ti21.16,6,1206.38818359375,1040.9991455078125,54.317134857177734,572.5838666666664,True
CAND_00325,Fe36.08Mn31.52Nb24.25Ti8.15,4,957.436767578125,1056.5770263671875,48.60849380493164,461.4175999999998,True
CAND_00326,Cr29.38Mo7.74Ni13.64Ti36.59W12.65,5,894.5598754882812,782.6162719726562,60.16968536376953,552.8643999999998,True
CAND_00327,Al33.45Co9.53Cr17.70Mo39.32,4,855.0759887695312,870.8468627929688,51.83938980102539,724.1494666666664,True
CAND_00328,Cu37.74Fe10.04Mn7.53Mo7.05Nb16.55V21.09,6,1144.3214111328125,1138.77783203125,45.27336883544922,650.0677999999994,True
CAND_00329,Fe20.51Nb40.70Ti28.43V10.36,4,1089.2904052734375,985.4287109375,48.21660232543945,501.50959999999975,True
CAND_00330,Al12.27Co8.32Cr24.84Fe31.05Mn14.38W9.14,6,765.232421875,1030.8028564453125,57.88455581665039,495.1222999999997,True
CAND_00331,Co19.30Fe40.89Mn14.13Ni25.68,4,379.30230712890625,845.2254028320312,58.4483528137207,460.5065999999999,True
CAND_00332,Co37.22Cr9.30Mn14.62Mo11.52W27.34,5,721.20947265625,1146.511474609375,68.03375244140625,567.69,True
CAND_00333,Co17.53Cu27.26Mn15.31Nb8.44Ti21.71V9.75,6,817.2322998046875,1015.8536987304688,40.49536895751953,633.4829999999997,True
CAND_00334,Cu35.91Mo34.38Ti21.95W7.76,4,896.0914306640625,841.6033935546875,45.08903503417969,673.7240999999993,True
CAND_00335,Al13.66Co36.19V31.31W18.84,4,1041.8489990234375,1215.9088134765625,66.19707489013672,572.9086,True
CAND_00336,Al29.47Co23.03Mo32.65Ti14.85,4,770.23681640625,679.2015380859375,59.545833587646484,762.6197333333333,True
CAND_00337,Mn33.44Mo18.82Nb9.97V18.38W19.39,5,1059.3345947265625,1057.403564453125,39.55929183959961,554.4379999999998,True
CAND_00338,Al14.10Cr28.94Mn16.48Ni29.90Ti10.58,5,1409.6605224609375,1069.3179931640625,61.1247444152832,491.0747999999995,True
CAND_00339,Cr29.85Mn30.38Ti19.82V19.95,4,1052.6263427734375,1099.3035888671875,54.42993927001953,528.4697,True
CAND_00340,Co15.63Cu30.77Mn29.36Mo17.51Nb6.73,5,736.7247314453125,956.381591796875,47.90326690673828,626.1559999999996,True
CAND_00341,Cu10.23Mn13.40Ti23.17V18.21W34.99,5,948.71875,1104.0218505859375,50.72452926635742,587.1399999999998,True
CAND_00342,Cr35.13Mn14.04Nb33.09W17.74,4,820.5481567382812,1100.4482421875,67.3847427368164,577.5449999999998,True
CAND_00343,Al18.39Co25.84Mn6.64Ni12.84V36.29,5,969.4232788085938,1075.4564208984375,70.16425323486328,561.1863999999998,True
CAND_00344,Al9.81Co16.10Cu11.03Mo23.57Nb28.77V10.72,6,1155.453369140625,760.224609375,53.28677749633789,618.7483999999998,True
CAND_00345,Al22.04Cr11.66Nb18.71Ti8.18W39.41,5,1174.6175537109375,1178.4278564453125,52.7038688659668,586.5103999999999,True
CAND_00346,Cr39.14Fe5.74Mn15.63Nb39.49,4,837.0194702148438,1097.92626953125,65.99473571777344,576.9083999999998,True
CAND_00347,Cu25.00Mn13.98Mo37.05Nb23.97,4,785.16552734375,920.3753662109375,48.39936065673828,702.3385999999995,True
CAND_00348,Cr16.08Fe27.76Mn16.81Mo8.75Ti10.87V19.73,6,1297.911376953125,1049.9344482421875,41.14714813232422,504.84489999999977,True
CAND_00349,Co9.88Mo11.90Nb24.90Ni27.47Ti16.12V9.73,6,1176.3077392578125,800.3739624023438,59.431175231933594,489.63259999999974,True
CAND_00350,Co18.66Fe21.37Nb42.04V17.93,4,1153.071044921875,1090.574951171875,61.261661529541016,489.93639999999976,True
CAND_00351,Al12.51Cr24.92Mn8.32Mo20.29V24.23W9.73,6,1251.990234375,1056.367431640625,54.40515899658203,593.6839999999999,True
CAND_00352,Al5.19Cr21.15Cu8.22Mo8.92Ni36.73W19.79,6,782.4933471679688,813.5216674804688,58.15925598144531,433.4411999999996,True
CAND_00353,Co21.59Cr17.68Fe7.77Mo21.23Nb23.19W8.54,6,1013.4977416992188,988.2173461914062,52.01121520996094,574.7462000000002,True
CAND_00354,Cu29.27Fe25.50Nb17.02Ti13.36W14.85,5,978.77734375,977.4783325195312,44.94078826904297,550.0289999999994,True
CAND_00355,Co9.15Mn24.02Nb18.89Ni28.03Ti19.91,5,1014.2296752929688,937.7266845703125,55.56306457519531,448.57449999999983,True
CAND_00356,Fe37.58Mo9.87Nb22.74Ni29.81,4,783.9495849609375,968.03173828125,60.90707015991211,435.0215999999995,True
CAND_00357,Al19.22Cu12.32Mn13.96Mo26.18Ti28.32,5,982.6322021484375,749.0859375,53.218265533447266,635.6648999999996,True
CAND_00358,Al17.76Co20.08Fe24.83Ni31.40W5.93,5,744.8399047851562,1051.1402587890625,63.93252944946289,410.44439999999986,True
CAND_00359,Cr16.81Mn35.98Mo24.94V16.60W5.67,5,1173.029296875,974.3969116210938,42.67644500732422,558.7983999999999,True
CAND_00360,Al36.19Fe14.32Nb14.13W35.36,4,1018.37060546875,1149.9068603515625,50.2583122253418,704.2522666666666,True
CAND_00361,Al12.33Cr26.16Ni32.02Ti18.22V11.27,5,1490.7823486328125,838.6073608398438,56.205810546875,439.0851999999998,True
CAND_00362,Co24.91Cr5.72Fe35.39Ni20.76V13.22,5,884.1873779296875,814.7304077148438,63.9272346496582,441.29426666666654,True
CAND_00363,Al12.84Cu15.81Mn8.90Mo32.15Ti17.57V12.73,6,1039.7313232421875,594.5941772460938,48.8373908996582,694.5932999999997,True
CAND_00364,Al21.62Fe10.06Nb15.73Ti31.48W21.11,5,1122.1871337890625,994.4632568359375,50.17794418334961,592.9961999999998,True
CAND_00365,Cr10.98Cu27.06Fe26.88Mn17.59Nb8.95Ti8.54,6,919.753173828125,896.9129638671875,30.6290340423584,544.8031999999995,True
CAND_00366,Cr23.13Cu26.50Ti43.69W6.68,4,791.6911010742188,831.1624755859375,39.85508728027344,615.2683999999996,True
CAND_00367,Co7.48Mn17.20Mo11.01Nb11.74Ni29.95V22.62,6,1215.489501953125,1012.8968505859375,57.47271728515625,437.40199999999965,True
CAND_00368,Cr7.67Nb35.14Ni30.83Ti26.36,4,1146.8460693359375,924.704833984375,52.12712860107422,461.0407999999996,True
CAND_00369,Fe8.18Mo8.46Ti42.65V19.51W21.20,5,913.3626708984375,861.8391723632812,44.5484733581543,559.5861999999998,True
CAND_00370,Mo11.93Nb8.35Ni18.12Ti10.46V31.43W19.71,6,1107.0816650390625,1026.9501953125,43.4549446105957,521.0199999999998,True
CAND_00371,Mo42.58Ni15.97Ti9.27V32.18,4,1096.5269775390625,977.2125854492188,44.688236236572266,569.0382999999997,True
CAND_00372,Cr19.38Cu21.92Mn39.19Nb19.51,4,914.6641235351562,1057.6314697265625,40.59690856933594,603.7266999999997,True
CAND_00373,Cr35.42Fe8.37Mn11.89Ti35.99W8.33,5,855.7412109375,891.8435668945312,56.41232681274414,553.3233999999998,True
CAND_00374,Cr11.40Cu11.07Nb25.53Ni13.23Ti16.43W22.34,6,933.7325439453125,914.874755859375,50.25740432739258,588.1093999999996,True
CAND_00375,Mn23.63Mo20.38Nb20.10V22.74W13.15,5,1023.9686889648438,1233.41064453125,47.31296920776367,562.5941999999998,True
CAND_00376,Al25.42Cr14.84Mo21.25Ti9.83W28.66,5,1082.170166015625,901.0438842773438,49.50802230834961,647.0557333333333,True
CAND_00377,Cr8.47Mo36.28Nb24.69Ti30.56,4,896.4498291015625,843.9034423828125,43.99858474731445,593.2841999999998,True
CAND_00378,Cr7.73Fe16.71Nb10.58Ti27.58V5.59W31.81,6,1107.9888916015625,1062.01611328125,34.51443862915039,500.40139999999974,True
CAND_00379,Al21.70Co20.34Cr33.44Mo10.96Ni13.56,5,1025.0982666015625,1222.2835693359375,71.33881378173828,559.633,True
CAND_00380,Al9.81Mn43.54Nb23.06Ni7.69Ti15.90,5,1040.908447265625,980.8954467773438,48.3087158203125,538.4956999999998,True
CAND_00381,Al12.27Fe27.95Mo18.13Nb15.67W25.98,5,922.1934204101562,977.62451171875,52.499935150146484,518.5914999999998,True
CAND_00382,Al17.64Co20.99Nb7.05Ni31.55V14.47W8.30,6,1162.388671875,1085.3699951171875,66.4311752319336,423.31866666666656,True
CAND_00383,Co24.90Mn8.26Mo34.13Nb21.65W11.06,5,784.8474731445312,950.935546875,64.72065734863281,581.4140999999998,True
CAND_00384,Co17.55Cu27.45Nb14.16Ni16.19Ti16.53V8.12,6,918.8185424804688,883.6893310546875,46.655479431152344,588.4395999999996,True
CAND_00385,Al40.25Cu12.10Mo41.04V6.61,4,856.1842651367188,756.0335693359375,57.343997955322266,738.4171333333333,True
CAND_00386,Co21.07Cr31.05Nb17.53Ni13.49W16.86,5,890.5891723632812,1050.6044921875,75.69683074951172,533.644,True
CAND_00387,Al19.02Co16.57Cu28.88Ni14.58W20.95,5,721.1097412109375,1052.134765625,64.39877319335938,604.9415999999999,True
CAND_00388,Al31.36Co12.63Mn7.42Mo13.04V24.59W10.96,6,803.164306640625,967.7731323242188,60.11941909790039,721.2369999999997,True
CAND_00389,Mn30.57Ni16.51Ti5.57V26.20W21.15,5,935.5662841796875,1022.64794921875,51.20766067504883,505.8916999999998,True
CAND_00390,Cu28.93Mn36.42Mo13.78Ni20.87,4,746.7840576171875,813.3256225585938,48.44462585449219,565.0147999999994,True
CAND_00391,Al15.57Co17.29Cr13.52Ni32.48Ti21.14,5,1121.006591796875,1083.7369384765625,61.410194396972656,404.25759999999985,True
CAND_00392,Al12.64Cr22.70Fe21.83Ni25.20Ti8.75V8.88,6,1459.3133544921875,998.0419921875,62.530887603759766,499.4473999999997,True
CAND_00393,Fe6.73Mn27.06Ni21.49Ti25.65V19.07,5,905.7159423828125,836.435302734375,49.50811004638672,481.27009999999973,True
CAND_00394,Co38.45Cr5.98Fe29.19Mn10.22Mo16.16,5,709.6070556640625,1012.0079345703125,59.54111862182617,542.3642,True
CAND_00395,Al39.57Co21.44Cr16.53Cu10.04Fe12.42,5,954.3580932617188,1117.3895263671875,60.330177307128906,741.0508,True
CAND_00396,Co17.08Cu6.45Fe16.66Mo20.18Ti19.01V20.62,6,962.2022094726562,1095.7144775390625,44.97517776489258,522.8585,True
CAND_00397,Al43.55Ni23.29Ti19.65W13.51,4,932.6546020507812,957.761474609375,59.43092346191406,718.4225666666665,True
CAND_00398,Co16.39Mo15.87Ti40.23W27.51,4,709.6547241210938,663.139892578125,52.19687271118164,564.3753999999999,True
CAND_00399,Al30.66Co8.01Cr9.04Nb10.71Ti27.08W14.50,6,970.8309936523438,1117.1885986328125,48.53413772583008,706.6001333333329,True
CAND_00400,Co33.86Cr33.40Ni20.75Ti11.99,4,874.81103515625,875.7529296875,64.26888275146484,532.4222,True
CAND_00401,Co43.19Mn18.60Nb13.22Ti13.14V11.85,5,736.88330078125,1048.03662109375,49.3351936340332,586.8743999999999,True
CAND_00402,Co22.06Fe7.81Ni44.15V18.74W7.24,5,959.4614868164062,1003.2581176757812,70.36396789550781,403.5895999999999,True
CAND_00403,Co18.87Cr8.41Cu25.90Mn15.35Mo12.12Nb19.35,6,831.5977783203125,1024.2808837890625,64.8681869506836,646.7547999999998,True
CAND_00404,Co14.69Cu9.49Mo29.70Nb29.85Ni16.27,5,882.4241333007812,829.041748046875,59.61800003051758,550.3793999999998,True
CAND_00405,Co24.15Cu15.22Mn38.23Nb22.40,4,580.1150512695312,971.0707397460938,64.52494049072266,582.8673999999999,True
CAND_00406,Cr24.19Cu34.80Mo27.55Nb13.46,4,977.7576904296875,964.6489868164062,42.71162414550781,670.3842999999996,True
CAND_00407,Cr18.35Cu21.06Mn29.74Mo19.64Ni11.21,5,821.8060302734375,903.2301025390625,44.7100715637207,638.7228999999995,True
CAND_00408,Al6.04Co8.54Cu19.55Nb35.55Ni15.97V14.35,6,1172.149658203125,818.9259643554688,55.22357940673828,642.2571999999993,True
CAND_00409,Fe31.29Nb25.99Ti17.36W25.36,4,1012.3443603515625,926.5311279296875,50.41715621948242,511.08429999999976,True
CAND_00410,Cu23.26Fe25.09Ni32.64V19.01,4,870.7462768554688,951.5100708007812,54.66609573364258,442.6071999999992,True
CAND_00411,Cu10.88Fe26.81Mo17.35Nb9.08Ti18.98V16.90,6,1191.12890625,969.2774047851562,37.05385208129883,545.6277,True
CAND_00412,Fe29.85Mo38.29Nb10.08W21.78,4,883.8963623046875,936.867431640625,38.27792739868164,514.9485999999998,True
CAND_00413,Co5.09Cr12.03Cu27.12Fe5.41Mn35.56Ni14.79,6,643.2107543945312,908.6158447265625,46.8388671875,580.6260999999994,True
CAND_00414,Fe9.12Mn39.07Nb39.00V7.02W5.79,5,973.47998046875,966.9700317382812,50.1654167175293,543.2124999999999,True
CAND_00415,Mn31.36Mo12.95Nb7.10Ti32.10W16.49,5,803.41064453125,832.77294921875,36.57670974731445,539.9878999999999,True
CAND_00416,Cu33.15Mn19.36Mo16.72Ni16.66Ti14.11,5,857.400146484375,859.7575073242188,39.071044921875,620.4189999999993,True
CAND_00417,Co21.14Cr32.24Cu5.25Ni15.86V25.51,5,1047.4488525390625,977.0747680664062,66.46087646484375,524.7392000000001,True
CAND_00418,Al6.99Co31.94Cu34.58Ti19.51W6.98,5,743.8914794921875,937.3013916015625,66.81328582763672,629.0627999999998,True
CAND_00419,Al13.40Mn18.62Mo25.21Ni15.59Ti15.48W11.70,6,923.6570434570312,679.5590209960938,50.97761917114258,567.8756999999998,True
CAND_00420,Al18.74Cu10.59Fe17.53Mn30.68Nb9.98Ni12.48,6,990.330078125,1149.6495361328125,52.12015151977539,493.2958999999997,True
CAND_00421,Mn10.64Nb39.13Ti22.39V27.84,4,1008.56298828125,1052.15771484375,46.4867057800293,577.6057999999998,True
CAND_00422,Co27.39Cu16.43Mo11.29Ni24.89V6.96W13.04,6,1015.8113403320312,867.0390625,80.08425903320312,589.4279999999998,True
CAND_00423,Cu25.07Nb19.09Ni16.40V39.44,4,1109.113037109375,929.984130859375,48.233673095703125,608.2755999999995,True
CAND_00424,Co31.38Fe30.63V23.54W14.45,4,826.7984619140625,1181.3260498046875,61.38997268676758,502.32019999999994,True
CAND_00425,Al17.07Co16.90Cr18.22Fe14.72V13.63W19.46,6,1250.6990966796875,1096.3409423828125,52.9669189453125,539.961,True
CAND_00426,Co20.96Cr14.56Mn16.57Nb9.71W38.20,5,741.194580078125,1167.6160888671875,46.88801193237305,552.2521999999999,True
CAND_00427,Co11.06Cu28.82Fe5.18Mn14.29Mo6.08Ti34.57,6,740.75341796875,866.1527709960938,47.327789306640625,631.2343999999995,True
CAND_00428,Co21.82Mn8.30Nb32.75Ni13.91Ti6.90V16.32,6,936.065673828125,1093.2213134765625,56.54624557495117,554.9339999999999,True
CAND_00429,Cu12.61Mn23.44Mo10.80Ni28.37Ti24.78,5,1025.254150390625,944.0136108398438,50.349945068359375,495.48809999999963,True
CAND_00430,Al15.47Mn29.46Nb35.78Ti19.29,4,1011.2764892578125,1040.1561279296875,52.57514572143555,537.2430999999999,True
CAND_00431,Al10.45Cr6.71Cu37.24Mo10.02Ni10.89Ti24.69,6,1015.8794555664062,866.2346801757812,50.7813720703125,634.5213999999993,True
CAND_00432,Al30.20Cu44.00Mn11.54Ti14.26,4,1003.7783813476562,977.0507202148438,53.96162796020508,731.5487999999997,True
CAND_00433,Cu5.89Fe11.84Mn23.15Mo44.10Ti9.06W5.96,6,861.4285278320312,1018.44091796875,43.460575103759766,565.1977999999998,True
CAND_00434,Cr14.61Fe19.05Nb43.12Ni11.34V11.88,5,1261.9188232421875,954.5794067382812,46.956417083740234,508.7197999999996,True
CAND_00435,Al7.59Mn24.54Mo33.38Ni9.19Ti15.77V9.53,6,958.675048828125,667.8280639648438,50.57735061645508,556.5743999999997,True
CAND_00436,Al44.16Cr8.17Mn20.42Mo10.96Ni16.29,5,859.591796875,1068.99169921875,53.38132858276367,692.2925333333335,True
CAND_00437,Al20.57Mn9.91Mo25.00Nb24.21V20.31,5,1069.41796875,905.1322631835938,51.0975227355957,616.1611999999998,True
CAND_00438,Cr10.12Fe16.69Mn17.94Nb11.79Ni13.91V29.55,6,1134.2149658203125,1025.863525390625,40.78000259399414,511.36219999999975,True
CAND_00439,Al14.20Cu30.88Fe16.89Nb32.10V5.93,5,1111.0765380859375,994.4081420898438,57.735042572021484,574.4899999999992,True
CAND_00440,Al21.72Co22.95Cu14.55Mo6.62Nb11.22Ni22.94,6,1092.245849609375,1192.87451171875,68.65482330322266,619.6073333333335,True
CAND_00441,Cu7.80Mn11.91Nb13.97Ni35.34V30.98,5,1149.323974609375,998.6762084960938,61.30659484863281,408.41459999999955,True
CAND_00442,Mn9.63Nb21.73Ti22.11V35.90W10.63,5,1000.4573974609375,1072.9642333984375,46.90786361694336,577.5331999999999,True
CAND_00443,Al17.67Co22.25Cr25.09Cu23.52Mo11.47,5,1095.01953125,1085.87548828125,64.50891876220703,620.0834,True
CAND_00444,Co28.20Cr10.90Mn30.01Ni17.67Ti13.22,5,647.2713623046875,960.570556640625,55.143821716308594,464.60360000000003,True
CAND_00445,Al35.44Cr14.93Mo22.85Ni17.12Ti9.66,5,1058.1087646484375,866.4447631835938,52.58774948120117,685.3909999999996,True
CAND_00446,Co10.52Cu42.23Fe6.74Ni18.65Ti14.35W7.51,6,811.5614013671875,895.6641235351562,54.69834899902344,549.868399999999,True
CAND_00447,Al17.29Mo42.21Ti7.16V33.34,4,1023.318359375,1046.13818359375,52.22462844848633,592.0784999999998,True
CAND_00448,Co8.28Cr22.64Fe10.23Mn10.87Mo27.72V20.26,6,1266.56640625,1116.992919921875,49.49796676635742,588.4226999999998,True
CAND_00449,Co6.25Cu34.39Mn33.05Mo26.31,4,644.6394653320312,924.3834838867188,50.49359130859375,631.7385999999995,True
CAND_00450,Al12.16Cu26.21Nb21.15V24.36W16.12,5,1127.9515380859375,1086.9593505859375,53.27559280395508,667.4787999999994,True
CAND_00451,Mn28.00Ni29.22Ti12.61V30.17,4,1186.513671875,853.1751098632812,56.983726501464844,446.12909999999977,True
CAND_00452,Al13.99Co16.67Mn17.85Mo23.85Nb12.70W14.94,6,760.839111328125,986.5648193359375,55.35116195678711,583.6395,True
CAND_00453,Co40.18Cr23.93Ni23.27Ti12.62,4,906.742431640625,862.8154296875,60.586910247802734,561.8241999999998,True
CAND_00454,Co8.54Mo35.35Nb35.18Ti20.93,4,883.0225219726562,870.1480102539062,47.9909553527832,596.3841999999999,True
CAND_00455,Cr8.83Cu20.76Nb33.40Ti11.46W25.55,5,915.1974487304688,1003.6887817382812,37.203025817871094,666.1661999999995,True
CAND_00456,Al9.27Co36.68Cu10.25Fe14.99Nb18.23V10.58,6,1320.3394775390625,969.8433227539062,62.99491500854492,573.4552,True
CAND_00457,Al20.08Cr34.26Cu27.39Mn18.27,4,738.8735961914062,1120.1387939453125,60.671512603759766,643.2967999999997,True
CAND_00458,Cr11.46Cu33.35Mo18.87Nb10.78Ni25.54,5,831.4461059570312,844.34228515625,34.986122131347656,576.8391999999991,True
CAND_00459,Co14.09Cu6.92Ni12.88Ti42.84V12.76W10.51,6,788.7828979492188,712.1504516601562,52.5137825012207,569.0351999999996,True
CAND_00460,Co24.13Mo14.59Ti27.22V34.06,4,909.83349609375,876.8703002929688,59.23544692993164,580.0301999999999,True
CAND_00461,Al23.34Cr18.19Fe16.22Ni10.69Ti31.56,5,1208.2593994140625,982.09814453125,49.011268615722656,577.0933333333332,True
CAND_00462,Co24.50Fe34.87Mn19.24Mo15.32Ni6.07,5,544.6027221679688,990.2029418945312,59.69144058227539,494.66499999999996,True
CAND_00463,Al6.75Co7.80Fe16.67Mn39.42Mo14.40V14.96,6,904.1763916015625,764.1834106445312,55.33213424682617,502.27489999999983,True
CAND_00464,Al25.41Cu14.50Fe11.84Mo16.12W32.13,5,758.1519165039062,871.2408447265625,55.40414810180664,679.9302666666665,True
CAND_00465,Co12.67Cr26.87Cu6.85Mn9.93Ni28.53Ti15.15,6,1128.201904296875,746.0663452148438,55.74344253540039,492.34300000000013,True
CAND_00466,Co7.02Cr26.94Fe13.52Nb28.15Ti24.37,5,943.140380859375,1118.3580322265625,55.793731689453125,565.3069999999998,True
CAND_00467,Al10.00Cr6.01Cu17.62Mo14.03V36.74W15.60,6,1131.72119140625,948.2269897460938,48.33387756347656,710.4221999999997,True
CAND_00468,Mn11.01Mo28.21Nb27.22V19.28W14.28,5,1049.9996337890625,962.6190795898438,45.94155502319336,602.2911999999999,True
CAND_00469,Al6.99Co37.34Cr26.12Cu23.18Ni6.37,5,742.3010864257812,923.5532836914062,65.84980773925781,646.1474000000002,True
CAND_00470,Al26.79Co16.07Mn24.06Ti11.87W21.21,5,831.3381958007812,987.6723022460938,53.69768142700195,672.6810999999999,True
CAND_00471,Al17.59Co14.34Cu31.15Ti13.00V23.92,5,1076.7479248046875,1018.5450439453125,59.343509674072266,652.1113999999994,True
CAND_00472,Co38.80Fe22.99Ti31.03V7.18,4,756.2356567382812,991.1934814453125,61.173770904541016,535.317,True
CAND_00473,Cu25.99Fe8.92Mo24.21V40.88,4,1026.252197265625,999.340576171875,44.790008544921875,697.1116999999995,True
CAND_00474,Cr22.52Cu24.30Fe12.95Mo32.05Ni8.18,5,829.531494140625,912.6633911132812,42.93623733520508,681.7546999999997,True
CAND_00475,Co14.37Fe35.51Mn18.90Nb14.88W16.34,5,614.6729736328125,1030.4627685546875,55.76070785522461,488.45029999999963,True
CAND_00476,Cr11.94Fe7.52Mo11.70Nb24.13Ni44.71,5,833.8820190429688,934.8804931640625,56.484619140625,440.9299999999996,True
CAND_00477,Cr6.22Cu43.96Mo15.93Ti5.32V28.57,5,1155.1629638671875,1005.58154296875,45.82219696044922,691.8729999999994,True
CAND_00478,Cr37.81Cu24.78Ti20.37W17.04,4,855.1797485351562,1005.7230224609375,49.208316802978516,632.8675999999997,True
CAND_00479,Al25.72Cu40.81Mo19.51V13.96,4,854.5809936523438,827.960205078125,50.237422943115234,748.6792666666663,True
CAND_00480,Co11.28Fe27.90Mo15.90Nb36.29W8.63,5,868.2513427734375,976.5202026367188,60.69663619995117,517.3734999999999,True
CAND_00481,Co31.42Cr34.28Ti28.75V5.55,4,935.1975708007812,966.4025268554688,68.7483139038086,545.6311999999999,True
CAND_00482,Co23.17Cr14.25Cu7.02Nb5.89V21.52W28.15,6,1051.27734375,1090.675537109375,60.1608772277832,558.0644,True
CAND_00483,Al17.08Cu8.57Mn18.28Nb37.21Ni18.86,5,902.1237182617188,1009.7220458984375,71.414306640625,504.8767999999997,True
CAND_00484,Cr37.47Cu13.02Fe35.16Mn14.35,4,692.147705078125,970.607421875,53.91800308227539,520.1916999999996,True
CAND_00485,Cr36.31Cu19.31Mo14.34Nb13.21Ni16.83,5,991.7637939453125,933.4503173828125,49.53781509399414,629.2520999999996,True
CAND_00486,Al31.72Cu16.15Fe14.56W37.57,4,781.6017456054688,1044.3272705078125,54.953433990478516,699.4394666666666,True
CAND_00487,Al29.62Co11.35Cr7.72Nb14.25V20.26W16.80,6,1132.1849365234375,1196.6512451171875,54.44673538208008,686.8198666666665,True
CAND_00488,Co14.02Cu13.10Mn14.64Nb27.13V10.25W20.86,6,958.1721801757812,932.6384887695312,53.50168991088867,616.0957999999997,True
CAND_00489,Al19.05Co5.20Mn44.72V18.87W12.16,5,896.4752197265625,1171.4013671875,58.064735412597656,541.5860999999999,True
CAND_00490,Cu11.91Fe13.07Nb40.54Ni26.23W8.25,5,750.4591064453125,915.964111328125,52.780738830566406,536.0981999999993,True
CAND_00491,Al22.62Mn20.15Nb14.18Ni28.78Ti14.27,5,1139.756103515625,931.2566528320312,49.0987548828125,564.2951666666664,True
CAND_00492,Cu13.10Mo20.96Nb38.99V26.95,4,1170.66064453125,1256.1019287109375,47.43632888793945,638.3041999999997,True
CAND_00493,Co15.21Cu5.86Mo7.35Ni27.14W44.44,5,573.3328857421875,852.0861206054688,62.107421875,482.0421999999998,True
CAND_00494,Co20.88Cu13.96Ni34.47V30.69,4,1001.9716186523438,1015.8306884765625,72.44440460205078,437.0205999999997,True
CAND_00495,Al8.03Co23.21Cr5.93Cu26.23Ti20.26V16.34,6,816.8849487304688,1021.6919555664062,58.69499969482422,645.3775999999997,True
CAND_00496,Fe28.42Mo6.38Ti11.03V22.95W31.22,5,1014.5472412109375,1149.41796875,43.60313034057617,514.4778999999997,True
CAND_00497,Cr6.33Fe12.35Nb22.14Ti24.63W34.55,5,1007.4514770507812,1096.6636962890625,44.49861526489258,574.4427999999997,True
CAND_00498,Al16.64Cu30.14Mo19.82Nb33.40,4,776.3283081054688,914.1043090820312,57.32419204711914,710.3515999999995,True
CAND_00499,Al16.74Cu9.42Fe23.13Mo20.24Nb23.58V6.89,6,1284.8543701171875,777.5352172851562,60.37802505493164,533.4050999999998,True
CAND_00500,Al14.59Co15.75Fe11.89Ni22.24V35.53,5,969.2885131835938,970.1107177734375,68.34892272949219,501.1595999999999,True
CAND_00501,Cu23.07Mn6.12Nb10.88Ni30.33V6.93W22.67,6,984.0801391601562,956.1095581054688,46.73827362060547,503.3039999999992,True
CAND_00502,Al29.14Cu12.50Fe18.81Ni30.18V9.37,5,887.5906982421875,1011.695068359375,64.6220703125,755.6580666666663,True
CAND_00503,Al18.38Cr28.07Mn27.45Ni11.20V5.71W9.19,6,1046.34912109375,1086.0267333984375,66.07015228271484,532.6754999999997,True
CAND_00504,Co17.49Cr5.12Mn20.76Mo12.31Nb5.11V39.21,6,1046.915771484375,1143.9320068359375,53.75260543823242,561.8371,True
CAND_00505,Mn25.46Mo10.36Ni28.25Ti5.87V30.06,5,1128.9166259765625,881.2100830078125,61.239112854003906,456.7064999999997,True
CAND_00506,Co20.87Cr22.68Mn6.84Nb22.20Ni15.37W12.04,6,753.680419921875,1083.2332763671875,66.36164855957031,520.1348,True
CAND_00507,Al19.22Co14.69Cr11.71Cu6.31Mo25.31V22.76,6,1168.9364013671875,848.5138549804688,54.756771087646484,590.6532999999998,True
CAND_00508,Al38.85Nb28.66Ni20.63V11.86,4,1092.1824951171875,966.2018432617188,61.6197624206543,793.3115999999999,True
CAND_00509,Co20.70Cu18.97Mn11.65V19.25W29.43,5,811.582763671875,1100.0794677734375,60.76490020751953,641.1155999999999,True
CAND_00510,Cu18.29Nb21.95Ni11.04Ti17.14V22.29W9.29,6,1038.0477294921875,990.1756591796875,42.65863800048828,667.0823999999994,True
CAND_00511,Al41.19Mo40.25Nb12.00Ni6.56,4,787.756103515625,919.40283203125,49.89938735961914,752.9445333333333,True
CAND_00512,Al10.02Cr27.07Fe5.07Mn24.64Nb22.34Ti10.86,6,960.3951416015625,1129.030517578125,53.12957763671875,547.3017,True
CAND_00513,Cr19.84Cu27.72Mo17.68Nb7.03Ti18.14V9.59,6,1157.3914794921875,815.5552978515625,26.18297576904297,678.5883999999996,True
CAND_00514,Al17.42Fe21.26Nb12.94V32.63W15.75,5,1392.5263671875,1135.8125,54.112056732177734,500.35679999999974,True
CAND_00515,Co13.14Mo29.89V13.74W43.23,4,927.8846435546875,766.1663208007812,53.19168472290039,606.6184999999998,True
CAND_00516,Co19.31Cu12.01Mn10.99Mo24.41V33.28,5,1027.459716796875,957.545166015625,60.826297760009766,617.4761,True
CAND_00517,Cr43.90Cu21.01Nb20.77V14.32,4,1160.4730224609375,888.4989624023438,55.7257194519043,660.5007999999997,True
CAND_00518,Co11.98Cr43.68Cu21.96Nb22.38,4,822.3389282226562,963.7896118164062,63.745887756347656,652.1669999999997,True
CAND_00519,Mn12.28Nb10.33Ni28.28Ti15.93V33.18,5,1282.7135009765625,916.4677734375,48.963722229003906,466.17099999999976,True
CAND_00520,Cr6.35Cu25.62Mo40.05Ni27.98,4,697.15234375,748.4274291992188,49.68695068359375,554.1908999999996,True
CAND_00521,Cr42.82Fe17.64Mo30.29W9.25,4,772.93603515625,1022.2091674804688,59.46794891357422,509.7841999999999,True
CAND_00522,Cr28.66Cu7.04Ni27.51Ti14.25V22.54,5,1505.425537109375,822.4078369140625,57.00315475463867,513.3882000000001,True
CAND_00523,Co11.42Fe16.28Mo37.71V34.59,4,1079.4566650390625,1028.344482421875,49.162174224853516,536.8246999999999,True
CAND_00524,Co9.71Cr12.30Cu22.51Mn18.17Mo29.58W7.73,6,663.697265625,902.1768798828125,50.38001251220703,700.9774999999995,True
CAND_00525,Cr27.74Fe18.45Mo34.00Nb19.81,4,1140.62255859375,1058.53466796875,59.84647750854492,504.82619999999986,True
CAND_00526,Al13.42Co18.70Nb18.19Ni9.13Ti6.93W33.63,6,947.1932983398438,1123.6190185546875,62.63398361206055,548.883,True
CAND_00527,Al14.01Cu14.20Mo16.73Nb38.33Ni16.73,5,887.9586791992188,786.2799682617188,57.96449661254883,594.1019999999994,True
CAND_00528,Co8.91Cu25.87Fe22.01Nb29.15W14.06,5,830.1593017578125,1010.3289184570312,61.54199981689453,552.5157999999993,True
CAND_00529,Co5.69Cr7.68Mn18.77Mo34.95Ti5.55V27.36,6,989.3807373046875,1041.5550537109375,44.978267669677734,595.7106999999999,True
CAND_00530,Al29.27Co23.33Mn24.05Mo23.35,4,522.9903564453125,819.8115234375,64.10831451416016,710.2024999999999,True
CAND_00531,Al22.42Co21.92Mo17.34V27.01W11.31,5,968.9992065429688,1055.1201171875,60.87656021118164,622.6639333333334,True
CAND_00532,Cu24.92Fe7.57Mn8.84V38.82W19.85,5,917.9129028320312,1028.602294921875,48.877960205078125,656.6001999999995,True
CAND_00533,Al36.41Co8.74Mn30.22Nb5.76W18.87,5,805.5911865234375,1162.72998046875,55.29665756225586,671.1330333333332,True
CAND_00534,Al20.39Co14.67Mo29.42Ti35.52,4,816.5669555664062,617.03662109375,57.377864837646484,606.0662999999998,True
CAND_00535,Cr13.21Cu8.37Fe14.81Mo40.94Nb8.00Ni14.67,6,1042.9189453125,854.6554565429688,37.898433685302734,559.7066999999997,True
CAND_00536,Co18.70Nb19.88Ti28.30V33.12,4,934.6708984375,1030.9110107421875,52.93388748168945,558.6088,True
CAND_00537,Co12.61Cr12.19Cu27.25Ni8.53Ti39.42,5,739.8627319335938,754.0709228515625,48.28485107421875,630.2675999999996,True
CAND_00538,Co13.04Cr41.02Mo13.82W32.12,4,628.747802734375,958.9285888671875,66.60885620117188,590.2683999999998,True
CAND_00539,Cr17.12Mo9.22Nb5.92Ni29.25V9.30W29.19,6,1180.76806640625,872.1619262695312,51.17876434326172,458.22499999999957,True
CAND_00540,Cu33.78Ni17.64Ti20.34W28.24,4,845.4430541992188,920.8059692382812,46.28279113769531,544.6431999999991,True
CAND_00541,Cr42.02Cu6.12Fe30.53Ti21.33,4,1146.302490234375,862.9606323242188,55.00071334838867,491.3128999999997,True
CAND_00542,Al21.29Cr28.15Mo33.79Ni16.77,4,994.7689208984375,952.7916870117188,61.568668365478516,561.6204666666665,True
CAND_00543,Cu9.98Fe18.66Nb17.50Ni9.59Ti33.87V10.40,6,998.807861328125,724.4586791992188,47.668758392333984,503.68759999999946,True
CAND_00544,Co42.52Cr16.58Ni15.25Ti6.35V13.61W5.69,6,1113.0894775390625,1039.53515625,57.8175163269043,564.241,True
CAND_00545,Mo9.99Nb38.37Ti39.80W11.84,4,848.3718872070312,841.8091430664062,49.78605270385742,566.3961999999998,True
CAND_00546,Co31.92Cu14.76Nb5.04Ni34.94Ti13.34,5,885.8406982421875,875.6474609375,57.23188018798828,460.53120000000007,True
CAND_00547,Al16.26Cu23.84Nb34.90Ti25.00,4,1048.5672607421875,967.44287109375,54.0456657409668,659.2313999999996,True
CAND_00548,Al26.00Cu21.06Fe15.45Nb37.49,4,1017.1848754882812,1089.9652099609375,55.58884811401367,713.3283999999998,True
CAND_00549,Al23.71Fe5.75Mn26.56Mo8.71Nb13.87Ti21.40,6,1021.0896606445312,1059.2608642578125,48.690250396728516,572.2993666666665,True
CAND_00550,Al27.53Cr19.78Cu21.62Ti22.32V8.75,5,1137.7459716796875,1018.97705078125,43.54109573364258,788.1514000000003,True
CAND_00551,Al33.09Fe33.35Mn9.73Ti23.83,4,1042.3841552734375,1061.230224609375,50.99953842163086,679.5793999999999,True
CAND_00552,Co26.05Cu28.03Fe9.59V36.33,4,869.5186767578125,1036.781982421875,66.7293701171875,635.3531999999998,True
CAND_00553,Al20.68Cr28.18Mn16.36Ti34.78,4,1099.48291015625,939.8585815429688,61.26337432861328,589.0032999999999,True
CAND_00554,Co18.12Fe35.60Mn33.13Mo13.15,4,525.277587890625,1053.9898681640625,50.89395523071289,445.78279999999995,True
CAND_00555,Co7.38Cr13.29Fe19.34Ni35.47W24.52,5,598.8417358398438,954.8483276367188,52.99908447265625,372.1899999999996,True
CAND_00556,Al33.30Fe7.74Mo33.29Ni25.67,4,761.0704345703125,751.3101806640625,58.48008728027344,743.5300666666666,True
CAND_00557,Cr20.08Cu10.71Fe43.75Ni25.46,4,482.4590759277344,781.3489379882812,53.80529022216797,506.5071999999996,True
CAND_00558,Co10.98Cu15.38Nb15.59Ni40.09Ti17.96,5,1031.3746337890625,983.5877075195312,54.37348937988281,453.75019999999944,True
CAND_00559,Cr26.53Mo5.70Nb11.72Ni15.97V23.96W16.12,6,1260.7298583984375,1100.5867919921875,50.84922790527344,543.5179999999998,True
CAND_00560,Fe36.05Mo24.76V13.47W25.72,4,979.4649047851562,876.6279907226562,45.92984390258789,514.5953999999998,True
CAND_00561,Co28.19Fe39.49Mn14.83Nb17.49,4,592.0015869140625,1057.72802734375,61.4134407043457,479.8937999999999,True
CAND_00562,Al20.43Cr34.88Cu10.30Fe19.34Ni15.05,5,1003.3621826171875,1106.119140625,72.42694854736328,522.6585333333331,True
CAND_00563,Al8.16Cr18.32Cu33.44Mn40.08,4,801.6190185546875,1002.4791259765625,45.81038284301758,596.8926999999995,True
CAND_00564,Co12.22Cr41.25Mo9.28Nb5.88Ti31.37,5,790.5535888671875,970.5379638671875,53.911739349365234,559.7855999999998,True
CAND_00565,Cr15.74Cu39.67Mo11.91Ni6.66Ti18.36W7.66,6,954.00146484375,983.0997924804688,42.29235076904297,640.1543999999993,True
CAND_00566,Co25.59Mn35.87Mo17.19Ni11.31V10.04,5,868.9866943359375,796.7159423828125,64.84204864501953,537.251,True
CAND_00567,Al9.71Co29.21Mo7.63Nb16.17Ni11.81Ti25.47,6,948.1647338867188,924.3444213867188,63.458553314208984,543.4762,True
CAND_00568,Fe37.49Mn14.29Mo31.15Ti8.00W9.07,5,954.5645751953125,1066.74365234375,44.6201057434082,505.02199999999976,True
CAND_00569,Al42.11Cu15.56Nb29.58Ti12.75,4,1123.5159912109375,875.2662963867188,53.69649124145508,768.2845333333333,True
CAND_00570,Co35.20Cu5.30Fe23.03Nb8.50Ti22.72V5.25,6,887.935546875,1066.2393798828125,48.55131912231445,525.7288000000001,True
CAND_00571,Al12.23Co20.64Fe6.11Ni10.83V25.42W24.77,6,979.692138671875,1150.23291015625,57.37800216674805,554.9251999999999,True
CAND_00572,Al33.62Cu19.15Fe11.69Ti19.63W15.91,5,1065.1138916015625,1040.35986328125,51.732669830322266,713.0657999999999,True
CAND_00573,Al8.61Cu20.94Mn17.84Ni16.67Ti22.29W13.65,6,819.7060546875,903.0166015625,49.067115783691406,588.6221999999993,True
CAND_00574,Fe31.99Mn39.69Mo16.32V12.00,4,899.0413818359375,902.3427124023438,51.76017379760742,469.2831999999999,True
CAND_00575,Fe22.61Mn31.70V22.79W22.90,4,814.2389526367188,1070.4139404296875,52.9926872253418,473.9087999999998,True
CAND_00576,Al17.43Cu6.14Fe30.74Mn23.58Ni22.11,5,716.9354248046875,986.9005737304688,58.057533264160156,463.2338666666664,True
CAND_00577,Al9.37Cr27.03Cu5.62Fe21.56Ti24.21W12.21,6,1081.010986328125,949.7747802734375,55.984413146972656,485.6273999999998,True
CAND_00578,Al9.20Cr29.59Cu8.82Mn8.91Nb19.55Ti23.93,6,1219.96923828125,960.7677001953125,65.9980697631836,567.5229999999998,True
CAND_00579,Cr12.59Cu26.53Fe30.34Ti30.54,4,828.884521484375,767.2076416015625,42.441864013671875,528.9133999999995,True
CAND_00580,Co18.21Cu10.95Mn37.02Ni33.82,4,492.2775573730469,903.6748046875,66.43607330322266,420.6429999999998,True
CAND_00581,Al9.34Cu17.01Nb13.62Ni9.29V32.25W18.49,6,1310.5255126953125,913.4268188476562,47.825008392333984,666.9151999999996,True
CAND_00582,Cu6.90Fe20.80Nb8.13Ni27.07V25.72W11.38,6,1166.640625,952.3850708007812,51.34315490722656,468.8207999999997,True
CAND_00583,Cr9.53Fe9.40Nb35.91Ni24.92Ti7.87W12.37,6,1082.84130859375,949.566162109375,47.80634307861328,505.4199999999997,True
CAND_00584,Fe15.12Mo22.04Ni24.80Ti22.41W15.63,5,1038.66455078125,618.8032836914062,43.28331756591797,516.6330999999999,True
CAND_00585,Al27.98Fe25.17Nb8.65Ni38.20,4,854.4714965820312,1042.9102783203125,53.22079086303711,714.6107333333333,True
CAND_00586,Al32.26Co28.26Mn26.25V13.23,4,744.5668334960938,1000.581787109375,67.42205047607422,722.6622999999998,True
CAND_00587,Al32.56Cu5.97Fe20.90W40.57,4,770.5393676757812,1122.3349609375,55.140079498291016,686.1205333333332,True
CAND_00588,Cr22.38Fe23.22Mo27.68Nb6.84Ti19.88,5,1117.0714111328125,839.6282348632812,41.105560302734375,504.4415999999998,True
CAND_00589,Cu13.24Mn15.98Nb25.21Ni10.72Ti5.44W29.41,6,847.2215576171875,986.9183349609375,48.417850494384766,608.0213999999995,True
CAND_00590,Cu44.09Mn10.24Nb31.16Ti14.51,4,907.2955322265625,962.2041625976562,46.09960174560547,655.1145999999994,True
CAND_00591,Co35.61Nb15.68Ti9.01W39.70,4,842.360595703125,1162.563720703125,58.85661697387695,567.8703999999999,True
CAND_00592,Cu5.21Nb41.99Ni18.12Ti10.69W23.99,5,1012.4561767578125,959.21435546875,54.001224517822266,506.5381999999997,True
CAND_00593,Co6.34Cu11.75Fe24.53Mn22.49Ti34.89,5,655.4202270507812,767.9474487304688,45.3272819519043,472.7415999999996,True
CAND_00594,Co24.24Nb10.50V37.77W27.49,4,1024.010986328125,1103.5023193359375,56.06118392944336,558.1789999999999,True
CAND_00595,Fe5.80Mo19.12Ni21.88Ti5.82V19.97W27.41,6,1068.723388671875,880.5672607421875,47.75151062011719,538.0749999999999,True
CAND_00596,Al41.61Ni20.89Ti20.00V17.50,4,1026.59130859375,972.6851196289062,59.145423889160156,740.9839666666666,True
CAND_00597,Al27.80Fe13.42Mn26.60Nb7.94V24.24,5,1046.9874267578125,1139.984619140625,48.37611770629883,672.6429666666666,True
CAND_00598,Al10.94Cr22.93Cu32.29Fe20.09Ni13.75,5,856.111328125,911.0787353515625,44.43275833129883,522.9375999999991,True
CAND_00599,Al13.82Co13.13Cr10.70Nb6.84Ni41.82W13.69,6,778.919921875,1092.653076171875,56.62786102294922,407.8591999999996,True
CAND_00600,Cu10.19Ti29.81V36.79W23.21,4,922.4867553710938,931.9508666992188,50.465084075927734,582.5701999999998,True
CAND_00601,Al17.53Co10.25Cr10.51V30.39W31.32,5,1214.57568359375,1150.184814453125,55.97465896606445,556.3753999999998,True
CAND_00602,Cr20.73Cu29.10Fe7.96Mn7.88Ni22.98Ti11.35,6,1060.6368408203125,966.829833984375,36.43769454956055,567.7985999999994,True
CAND_00603,Cu30.32Fe12.03Nb18.71V20.17W18.77,5,1118.57568359375,1141.7161865234375,46.035400390625,654.5023999999994,True
CAND_00604,Al10.54Cr8.32Mn33.10Mo26.13Ni21.91,5,872.1859130859375,807.5176391601562,43.812294006347656,497.59270000000004,True
CAND_00605,Cu8.22Fe20.33Nb39.04W32.41,4,865.9366455078125,999.1683349609375,59.02573013305664,509.0107999999997,True
CAND_00606,Al20.33Nb13.65Ni8.34Ti14.17V9.35W34.16,6,1146.265869140625,940.7770385742188,51.58266830444336,591.6001999999999,True
CAND_00607,Cr10.34Cu5.78Mn16.75Nb15.58Ti18.22V33.33,6,1094.6597900390625,1038.466064453125,46.4148063659668,569.6537999999998,True
CAND_00608,Al28.34Co34.24Cu5.68Mn25.99W5.75,5,609.172119140625,1093.9605712890625,65.86669158935547,723.0848333333332,True
CAND_00609,Al26.79Nb31.20Ni31.28V10.73,4,1033.832275390625,1008.5038452148438,64.93251037597656,708.821666666666,True
CAND_00610,Co16.35Fe15.67Mo43.59Ti24.39,4,847.6063232421875,884.5073852539062,47.1799201965332,527.7629,True
CAND_00611,Al19.63Cr10.06Nb17.91V31.69W20.71,5,1261.519287109375,1182.41796875,53.72517013549805,566.6693999999999,True
CAND_00612,Fe30.54Nb13.30Ni14.75V26.95W14.46,5,1183.66943359375,1047.9769287109375,49.92024612426758,511.0223666666663,True
CAND_00613,Al27.28Cr19.28Mn10.79Mo18.53Nb10.75Ti13.37,6,1008.7174682617188,911.6685791015625,44.54702377319336,762.6464000000001,True
CAND_00614,Cr18.27Cu26.57Fe22.04Ti12.50W20.62,5,869.2235717773438,1038.262939453125,42.233360290527344,550.8795999999995,True
CAND_00615,Mn17.94Mo32.55Nb25.02Ni6.50V17.99,5,989.8490600585938,922.8458862304688,46.69730758666992,606.9363999999998,True
CAND_00616,Al5.99Co19.82Cr6.82Mo32.04Nb13.33Ni22.00,6,951.8406982421875,770.3179931640625,55.41810607910156,507.4871000000002,True
CAND_00617,Al14.51Co15.60Fe25.82Mn19.92V24.15,5,831.0780029296875,1075.1953125,53.62227249145508,501.5549999999998,True
CAND_00618,Cr10.59Cu21.41Mo17.30Nb11.00V24.84W14.86,6,1269.83056640625,1198.607177734375,33.916229248046875,699.2614999999995,True
CAND_00619,Al20.13Co30.71Cu21.44Ni11.85V15.87,5,967.4903564453125,984.7972412109375,68.97864532470703,681.0419999999999,True
CAND_00620,Al16.34Cr12.57Fe8.33Mn25.51Nb26.11Ni11.14,6,985.1558837890625,1099.807373046875,53.8157844543457,541.5029,True
CAND_00621,Al29.40Co15.26Mn8.30Nb13.89Ni19.43V13.72,6,1090.8330078125,1004.757568359375,59.92335891723633,734.5531,True
CAND_00622,Co27.19Cr18.37Fe24.06Ti20.07W10.31,5,700.2705688476562,1018.1151123046875,56.364566802978516,469.4285999999999,True
CAND_00623,Co19.96Mn14.83Mo15.89Ti32.84W16.48,5,634.501220703125,833.4124145507812,56.6257209777832,569.6042,True
CAND_00624,Al28.45Co23.10Cu17.72Ti10.61V20.12,5,950.0993041992188,1144.3204345703125,61.34147262573242,773.2201333333333,True
CAND_00625,Cr26.66Cu5.94Fe19.31Mn9.23Nb19.83Ti19.03,6,1058.7430419921875,1055.8974609375,59.27298355102539,479.15539999999976,True
CAND_00626,Cr14.70Fe27.13Mo23.58Ti34.59,4,975.9658813476562,557.9874267578125,40.813777923583984,495.6077999999998,True
CAND_00627,Nb12.32Ni43.74V32.47W11.47,4,1176.312744140625,1022.7235107421875,58.335906982421875,421.7191999999995,True
CAND_00628,Co29.64Mn28.50Nb11.45W30.41,4,535.152099609375,1075.4874267578125,52.512386322021484,522.6960999999999,True
CAND_00629,Cr16.17Cu20.34Fe23.35Mn23.59Ti16.55,5,805.4374389648438,1012.5567016601562,37.47634506225586,510.6565999999997,True
CAND_00630,Co22.32Cu25.59Mn26.79V12.12W13.18,5,672.7891235351562,928.8961791992188,62.405364990234375,609.4355999999998,True
CAND_00631,Cr36.55Fe21.66Nb29.98V11.81,4,1352.3160400390625,942.22802734375,71.34779357910156,504.6113999999998,True
CAND_00632,Co15.55Cr26.56Mn21.45Ni9.34Ti12.00W15.10,6,666.0686645507812,997.2095947265625,52.78388595581055,538.5753,True
CAND_00633,Al23.17Cu30.57Mo33.60W12.66,4,691.4228515625,840.6812133789062,57.00126266479492,691.429933333333,True
CAND_00634,Al7.86Cu19.64Ti13.88V27.68W30.94,5,1023.2437133789062,974.02197265625,44.78019714355469,669.8239999999995,True
CAND_00635,Co20.44Cu15.28Mn25.29Ni21.27V7.49W10.23,6,709.43310546875,883.4688720703125,61.81272888183594,535.2676999999999,True
CAND_00636,Al43.83Cr17.10Nb10.03V12.57W16.47,5,1298.408447265625,1144.5281982421875,41.221519470214844,766.1118666666667,True
CAND_00637,Al35.38Mo17.57Nb25.77V21.28,4,929.0113525390625,1014.9720458984375,52.02836990356445,771.1481999999999,True
CAND_00638,Co12.20Mn21.53Mo18.16Ti29.69V18.42,5,799.720947265625,903.2395629882812,47.831295013427734,569.5191999999998,True
CAND_00639,Cr12.92Cu8.33Mn34.04Ti44.71,4,815.6409301757812,853.8838500976562,46.66476058959961,519.2788999999998,True
CAND_00640,Al33.91Fe32.54Nb8.78W24.77,4,953.3267822265625,1075.2584228515625,45.41769027709961,653.4960666666667,True
CAND_00641,Al32.70Cu11.33Mn44.81Ni11.16,4,750.3225708007812,1035.0638427734375,60.275604248046875,661.6375666666665,True
CAND_00642,Al9.29Cr33.94Mn15.59Mo17.13Nb5.83Ti18.22,6,1121.1617431640625,899.1884765625,51.630584716796875,590.8498999999998,True
CAND_00643,Al17.67Co10.87Cu19.58Fe22.72Mo22.48W6.68,6,860.3164672851562,920.2026977539062,58.9487190246582,589.9280999999995,True
CAND_00644,Al6.25Cr5.57Fe27.24Mn25.08Ti8.75V27.11,6,1027.8160400390625,986.9867553710938,58.49905776977539,473.6953999999998,True
CAND_00645,Al16.84Cr12.71Fe25.08Nb22.52Ti22.85,5,1275.8934326171875,925.8785400390625,49.96500015258789,500.86529999999976,True
CAND_00646,Al29.52Cr12.67Fe11.11Nb11.21V22.75W12.74,6,1379.56640625,1250.1978759765625,45.30703353881836,697.5417333333331,True
CAND_00647,Cr14.23Cu22.56Mn11.53V7.82W43.86,5,908.6907348632812,958.5086059570312,48.727439880371094,660.0247999999996,True
CAND_00648,Al11.70Fe24.77Nb38.22V7.74W17.57,5,1176.419189453125,970.8609619140625,56.174320220947266,513.4418999999997,True
CAND_00649,Fe6.74Mn11.72Mo25.47V14.10W41.97,5,962.6219482421875,790.2997436523438,47.6200065612793,603.4624999999997,True
CAND_00650,Co11.88Cr13.37Cu22.83Fe21.74Nb19.55Ni10.63,6,963.1893920898438,867.2659301757812,57.76664733886719,546.2423999999994,True
CAND_00651,Co20.27Cr23.11Mo21.00Ni35.62,4,795.67919921875,925.8821411132812,57.150238037109375,426.32390000000015,True
CAND_00652,Al41.45Co17.81Mo22.77Ti6.24W11.73,5,719.7424926757812,951.9642944335938,59.476322174072266,773.186,True
CAND_00653,Cr21.31Fe20.14Mn10.09Mo19.19Ni11.64W17.63,6,846.0553588867188,904.0106811523438,55.680240631103516,507.45029999999974,True
CAND_00654,Al31.23Co22.48Cr26.51Cu19.78,4,846.64013671875,1131.588134765625,62.55093765258789,755.8593333333333,True
CAND_00655,Al10.90Cr17.02Fe16.63Nb19.45Ti18.90W17.10,6,1215.22900390625,1105.610107421875,45.02821731567383,493.94659999999976,True
CAND_00656,Cr31.56Cu6.06Mn11.71V13.97W36.70,5,1063.0238037109375,897.8998413085938,64.07662963867188,577.2607999999998,True
CAND_00657,Co24.43Cr8.74Nb15.61Ni38.80V12.42,5,1076.449951171875,916.2593994140625,74.34701538085938,391.41020000000003,True
CAND_00658,Cu18.73Fe27.02Ni40.01Ti14.24,4,1038.144775390625,897.4735717773438,47.146366119384766,482.26259999999945,True
CAND_00659,Al7.02Co20.75Cu16.02Mn28.32Mo10.36V17.53,6,933.5092163085938,997.369384765625,66.18006134033203,607.3266,True
CAND_00660,Cr32.18Fe42.84Nb11.43W13.55,4,911.977294921875,987.506103515625,50.17311477661133,487.2050999999997,True
CAND_00661,Ni7.80Ti17.49V41.44W33.27,4,937.7000732421875,1010.3035888671875,47.259273529052734,571.1283999999998,True
CAND_00662,Al17.85Co17.93Cr11.51Cu22.04Mn5.49Mo25.18,6,987.3431396484375,843.5028076171875,59.7679328918457,662.3244,True
CAND_00663,Co26.45Cr15.77Cu8.29Mo21.73Nb19.35Ni8.41,6,975.3585205078125,873.2168579101562,64.69157409667969,564.0295,True
CAND_00664,Al14.55Mo15.10V30.15W40.20,4,953.934814453125,931.240234375,55.1678352355957,598.2831999999999,True
CAND_00665,Al22.42Co14.45Cu33.66Fe29.47,4,710.009765625,1035.6236572265625,56.688350677490234,581.0722666666661,True
CAND_00666,Fe12.93Mo29.38V42.10W15.59,4,1061.2188720703125,1002.2526245117188,45.77597427368164,592.2738999999998,True
CAND_00667,Cu19.41Fe23.05Ni44.42W13.12,4,481.6470947265625,970.0401611328125,56.08778762817383,479.2007999999991,True
CAND_00668,Cu21.16Ti32.95V22.55W23.34,4,868.4776000976562,963.4644165039062,42.3428955078125,643.0347999999994,True
CAND_00669,Al23.39Co20.08Cu24.53Mo32.00,4,740.2476196289062,834.65234375,62.474239349365234,697.5331999999999,True
CAND_00670,Al14.60Cr8.69Fe26.29Nb15.80Ti34.62,5,1122.9019775390625,700.7948608398438,52.31766128540039,483.90489999999966,True
CAND_00671,Co24.33Cu18.94Fe8.69Mn31.91V16.13,5,683.3692626953125,1065.0416259765625,65.42707824707031,611.7161999999997,True
CAND_00672,Cr32.77Cu25.54Nb16.70V24.99,4,1195.654052734375,1037.81396484375,56.83417510986328,639.9397999999997,True
CAND_00673,Cr20.83Fe8.63Mn11.99Ti37.25V21.30,5,1003.8943481445312,881.0843505859375,45.286407470703125,552.4517999999997,True
CAND_00674,Cr27.15Cu24.10Mo16.53Nb17.18Ti7.81V7.23,6,1089.121337890625,982.5146484375,49.47993087768555,686.2141999999997,True
CAND_00675,Cu8.79Fe21.23Mn28.31Nb6.04Ti20.77W14.86,6,925.5068969726562,1068.8310546875,41.43876266479492,460.03059999999977,True
CAND_00676,Cr31.12Mn11.35Nb41.20V16.33,4,1218.6595458984375,1081.405517578125,65.74082946777344,583.0613999999998,True
CAND_00677,Cr35.45Fe11.65Mn14.34Nb9.12W29.44,5,870.5184936523438,1154.7242431640625,53.34447479248047,570.0723999999998,True
CAND_00678,Cu23.34Nb13.22Ni35.88Ti19.55W8.01,5,1071.088134765625,981.0781860351562,42.33052062988281,466.42839999999933,True
CAND_00679,Co18.55Cu32.14Mo30.45Nb7.16Ti6.11W5.59,6,864.2255859375,1007.4578247070312,45.04112243652344,680.2278999999997,True
CAND_00680,Cr25.83Fe17.26Ti23.06W33.85,4,930.084228515625,1115.3524169921875,51.67672348022461,490.55899999999974,True
CAND_00681,Al22.14Mn22.03Ni13.27Ti16.24V26.32,5,1023.309326171875,1048.502685546875,56.08235549926758,588.0486333333332,True
CAND_00682,Al19.74Fe21.13Mn28.09Mo31.04,4,738.7395629882812,859.6915283203125,49.54843521118164,504.2888999999999,True
CAND_00683,Al23.00Co7.29Mn17.68Mo20.29Nb13.78Ti17.96,6,937.24169921875,723.0067749023438,50.3580207824707,642.1894666666665,True
CAND_00684,Al35.65Nb7.49Ni12.55V26.70W17.61,5,1097.38232421875,1120.6690673828125,49.11284255981445,712.2103999999999,True
CAND_00685,Al10.32Co10.80Cu33.78Nb8.81Ni16.43W19.86,6,904.1792602539062,937.6063842773438,42.56562805175781,578.6021999999991,True
CAND_00686,Al10.56Co21.84Cr21.57Fe6.57Ti33.75W5.71,6,714.4959716796875,987.5453491210938,53.53965377807617,534.4318,True
CAND_00687,Cr13.57Cu11.11Mo43.29Nb22.88Ni9.15,5,1019.4076538085938,869.6935424804688,52.79684066772461,624.8202999999996,True
CAND_00688,Co9.25Cr18.65Fe29.60Mo10.12Ti24.54W7.84,6,923.8720703125,913.6754760742188,48.19625473022461,482.0296999999997,True
CAND_00689,Fe24.53Mn6.67Mo17.62Nb13.18Ni38.00,5,849.81591796875,872.00634765625,48.01029586791992,414.79939999999976,True
CAND_00690,Al16.04Co29.99Cr19.62Fe13.04Mn11.03V10.28,6,1067.59716796875,1062.7835693359375,63.146461486816406,554.541,True
CAND_00691,Cr20.89Cu10.69Fe25.93Nb10.79Ti31.70,5,966.1588134765625,876.3914794921875,44.5274543762207,494.2638999999997,True
CAND_00692,Co18.48Cu9.71Fe19.41Ni10.55V22.99W18.86,6,904.943603515625,1033.47509765625,63.91056442260742,502.5683999999997,True
CAND_00693,Co20.75Cr6.59Fe41.39Nb16.04W15.23,5,653.8968505859375,923.8054809570312,54.8260383605957,465.22019999999986,True
CAND_00694,Cr9.61Fe25.24Ti18.43V16.39W30.33,5,1042.209228515625,1029.9698486328125,40.685123443603516,510.63829999999973,True
CAND_00695,Al24.17Fe12.64Mo27.56Ni10.15V18.45W7.03,6,1002.66064453125,743.5585327148438,50.0036506652832,652.5872666666664,True
CAND_00696,Cr24.73Fe39.85Nb16.38Ti7.71W11.33,5,944.615478515625,1066.0872802734375,54.185569763183594,484.9188999999997,True
CAND_00697,Al20.50Cu11.91Fe17.43Nb7.46Ti31.15W11.55,6,1154.6033935546875,945.0325317382812,46.42618179321289,560.9718666666663,True
CAND_00698,Al8.61Cu17.72Mo15.21Nb28.12W30.34,5,734.9326782226562,855.0820922851562,49.374000549316406,712.8271999999997,True
CAND_00699,Al30.82Co15.24Mn21.02Ni24.54W8.38,5,700.4645385742188,1056.5958251953125,63.38807678222656,706.6279999999997,True
CAND_00700,Al9.60Cu27.42Fe37.56Ni6.19V19.23,5,1000.8013305664062,1011.5689086914062,42.07908630371094,544.2315999999994,True
CAND_00701,Al10.68Mn15.95Mo38.90Ni6.62V27.85,5,1013.69970703125,952.981689453125,46.2282600402832,599.3820999999997,True
CAND_00702,Cr27.90Cu9.76Fe6.67Ni28.28V27.39,5,1226.00341796875,814.4608764648438,66.65396881103516,502.7621999999998,True
CAND_00703,Cr5.78Fe24.48Mo8.63Nb32.64Ni5.99V22.48,6,1189.1370849609375,1057.100830078125,51.26613235473633,508.5094999999998,True
CAND_00704,Co12.32Fe18.97Mo26.42Ni42.29,4,651.6611328125,804.480712890625,56.44683074951172,404.19159999999977,True
CAND_00705,Al15.91Cu20.60Nb26.68Ti36.81,4,1014.8690185546875,824.8850708007812,53.795658111572266,648.7183999999996,True
CAND_00706,Cu39.60Mo14.28Ni28.22Ti17.90,4,1034.19189453125,724.9390869140625,47.939720153808594,532.8167999999993,True
CAND_00707,Cu24.09Nb22.09Ni31.43W22.39,4,655.7783203125,943.5625,52.069419860839844,489.24239999999907,True
CAND_00708,Al19.13Mn16.21Nb22.30Ti8.98V33.38,5,1219.03173828125,1200.0045166015625,53.61244583129883,589.1473999999998,True
CAND_00709,Mo42.40Ni7.75Ti16.99V32.86,4,1082.569091796875,917.6854248046875,44.39924240112305,591.6604999999997,True
CAND_00710,Al8.60Cr28.17Cu7.20Mn12.06Ti19.13V24.84,6,1170.692626953125,971.9412231445312,57.98738479614258,563.3329999999997,True
CAND_00711,Al7.71Cr34.60Cu30.67Mn7.65Mo19.37,5,735.06396484375,859.2074584960938,54.05365753173828,670.5399999999995,True
CAND_00712,Cr7.28Mn40.87Mo14.96Nb36.89,4,799.9336547851562,1008.4359741210938,48.442047119140625,558.5998999999998,True
CAND_00713,Cr26.47Mo31.28Ni32.70W9.55,4,734.9691772460938,830.8871459960938,51.75654602050781,446.91719999999964,True
CAND_00714,Al16.04Co17.43Mn27.81V38.72,4,870.8934936523438,1158.9052734375,65.10650634765625,537.2837,True
CAND_00715,Co44.82Cu19.61Ni15.88W19.69,4,658.5967407226562,907.6912231445312,70.81097412109375,645.076,True
CAND_00716,Cr34.60Nb26.43Ni9.55V29.42,4,1205.260498046875,996.9767456054688,67.01081848144531,571.4345999999998,True
CAND_00717,Co12.00Cr11.54Fe7.56Ti23.30V31.40W14.20,6,961.8446044921875,1043.4779052734375,45.807498931884766,570.0537999999998,True
CAND_00718,Al43.14Co20.15Cu19.57Fe11.63Ni5.51,5,788.152587890625,1115.6898193359375,63.08597183227539,780.9825333333333,True
CAND_00719,Al18.11Cr10.73Cu20.24Fe14.86Ti28.69W7.37,6,1223.9185791015625,965.980712890625,49.4901237487793,619.5143999999996,True
CAND_00720,Al30.51Mo6.81Nb29.40W33.28,4,859.8485107421875,1137.2227783203125,56.20344161987305,724.7723999999998,True
CAND_00721,Al24.71Cu24.38Mn6.79Ni28.47Ti15.65,5,1001.2132568359375,957.3964233398438,55.87421417236328,634.6370333333327,True
CAND_00722,Mo29.72Ni9.64V35.35W25.29,4,1030.75439453125,889.0161743164062,49.72841262817383,592.9030999999998,True
CAND_00723,Cr14.82Cu6.22Mn22.76Mo27.71V28.49,5,1090.192138671875,956.0046997070312,47.70048141479492,566.1473999999998,True
CAND_00724,Cr33.01Cu15.79Mn15.96W35.24,4,647.966796875,964.2997436523438,59.573341369628906,632.0321999999998,True
CAND_00725,Mo6.45Nb37.39Ni34.20Ti21.96,4,1090.81005859375,980.8756713867188,53.20037078857422,468.3331999999996,True
CAND_00726,Al14.97Ni27.63Ti9.85V11.27W36.28,5,1197.192626953125,956.20166015625,61.76954650878906,498.3643999999998,True
CAND_00727,Al20.38Co39.28Nb11.07V29.27,4,1176.459716796875,1248.798095703125,60.54404830932617,615.704,True
CAND_00728,Al8.31Cr23.18Cu29.62Fe33.64Mo5.25,5,599.024658203125,837.8164672851562,41.7686767578125,528.1237999999994,True
CAND_00729,Al25.90Cr8.86Fe33.88Nb24.53W6.83,5,1018.8045654296875,978.6253051757812,50.45096206665039,609.9603999999997,True
CAND_00730,Cu22.11Mn12.27Nb10.36Ni23.60W31.66,5,643.2407836914062,976.4007568359375,41.253944396972656,590.8643999999994,True
CAND_00731,Al27.71Co16.33Cr34.20V21.76,4,1093.1392822265625,1223.4168701171875,65.5077133178711,739.2610999999999,True
CAND_00732,Co17.52Mn9.42Mo15.58Ti11.16V10.41W35.91,6,838.0234375,903.440673828125,47.86626052856445,584.4728,True
CAND_00733,Co14.06Cr14.69Cu37.54Mn21.38V12.33,5,764.4388427734375,890.9810180664062,51.713966369628906,636.3156999999995,True
CAND_00734,Mn28.03Mo26.81V15.30W29.86,4,842.445068359375,777.53173828125,50.04073715209961,565.8499999999998,True
CAND_00735,Cr16.38Cu27.25Mo26.20Ni19.62V10.55,5,1137.311767578125,651.3861083984375,45.205589294433594,605.5700999999992,True
CAND_00736,Al7.77Cu5.54Fe12.84Ni41.79Ti32.06,5,961.6242065429688,689.9248046875,54.55877685546875,417.65399999999954,True
CAND_00737,Cu41.77Mo5.79Nb18.72Ti33.72,4,828.55078125,863.4321899414062,46.8831787109375,624.5977999999994,True
CAND_00738,Al18.09Fe5.25Nb36.49Ni6.76V33.41,5,1221.468505859375,1186.4298095703125,55.690242767333984,573.3341999999997,True
CAND_00739,Cr13.71Cu16.82Mo12.40Ni34.08V22.99,5,1213.58447265625,987.06689453125,62.17804718017578,488.6513999999994,True
CAND_00740,Al33.78Cr21.56Nb17.40Ti10.67V16.59,5,1255.339111328125,1277.777587890625,49.997314453125,722.4751999999999,True
CAND_00741,Al27.50Cr13.85Mo15.07V43.58,4,1060.6695556640625,965.0758666992188,53.9615364074707,742.9700666666668,True
CAND_00742,Cr5.89Mo28.59Nb41.82Ni23.70,4,795.273193359375,805.6900634765625,52.10475158691406,527.1952,True
CAND_00743,Cr8.96Fe16.32Mn13.99Ti20.15W40.58,5,908.2551879882812,1108.1954345703125,42.17226791381836,504.6953999999997,True
CAND_00744,Cr26.80Cu37.78Mn14.17Nb12.84Ni8.41,5,820.2011108398438,978.37890625,47.33623123168945,630.1859999999995,True
CAND_00745,Al38.14Cu10.73Fe9.68Nb11.32Ti19.37V10.76,6,1142.1612548828125,1018.9439697265625,46.85952377319336,716.4823333333333,True
CAND_00746,Cr29.56Fe31.98Nb6.79Ti14.17W17.50,5,1345.7838134765625,917.001953125,49.42251968383789,499.73649999999975,True
CAND_00747,Al6.50Co12.90Mn17.76Nb13.19Ni34.01Ti15.64,6,1017.21630859375,791.4321899414062,62.31260681152344,405.1801999999998,True
CAND_00748,Al38.45Co16.28Cr7.72Mn29.21Ti8.34,5,1006.3184204101562,1209.7994384765625,55.965335845947266,683.2939333333333,True
CAND_00749,Co19.00Cu13.91Mn32.72Mo5.07Ni13.83W15.47,6,533.6441650390625,958.466064453125,61.77444839477539,546.958,True
CAND_00750,Cr35.71Fe27.00Mo10.01Nb8.04W19.24,5,1002.959716796875,955.1112060546875,51.81364440917969,500.7438999999997,True
CAND_00751,Al34.72Cu32.77Ni11.25V21.26,4,898.206298828125,986.217041015625,53.34329605102539,740.0169999999999,True
CAND_00752,Co19.17Cu21.91Mo33.89Ni7.66Ti17.37,5,812.2562866210938,782.439208984375,54.35308074951172,679.2106999999999,True
CAND_00753,Co8.52Cr34.32Fe8.65Mo17.92Nb30.59,5,955.3751220703125,1045.1031494140625,65.802490234375,599.1989999999998,True
CAND_00754,Co7.32Cu22.74Fe17.26Mn6.49Nb31.35W14.84,6,817.3543701171875,1057.850341796875,50.74266052246094,577.0331999999994,True
CAND_00755,Co33.21Fe6.45Mo6.54V15.66W38.14,5,930.2412719726562,1097.455322265625,64.14634704589844,572.8462,True
CAND_00756,Co16.30Cr28.88Fe33.44Mn7.90Ti13.48,5,1065.1968994140625,822.5822143554688,57.03095626831055,481.12989999999996,True
CAND_00757,Co11.89Cu19.93Mn44.95Mo5.01V5.77W12.45,6,764.4471435546875,986.2821044921875,57.744991302490234,612.1674999999997,True
CAND_00758,Co15.45Cu21.95Ni36.07V26.53,4,996.6680908203125,1033.00048828125,64.34532165527344,442.6103999999993,True
CAND_00759,Al39.52Mo24.48Ni10.41V25.59,4,855.2186889648438,865.4442138671875,52.681270599365234,758.4991333333332,True
CAND_00760,Fe19.52Mn14.26Mo32.29Ni18.72W15.21,5,745.1754760742188,859.7517700195312,58.045528411865234,487.0703,True
CAND_00761,Al13.35Cu17.47Mn22.05Mo29.69Ni17.44,5,701.2328491210938,797.3916015625,52.06552505493164,618.4098999999994,True
CAND_00762,Co24.47Mo6.37Nb15.15Ti28.44W25.57,5,888.183837890625,1084.203857421875,58.90659713745117,550.3383999999999,True
CAND_00763,Co20.16Cr16.37Cu9.63Nb6.64Ti9.26W37.94,6,740.5475463867188,1077.783203125,48.21183395385742,557.7944,True
CAND_00764,Cr22.91Cu18.48Mn12.83Mo17.57Ni10.65V17.56,6,1283.3536376953125,896.2398681640625,40.50621032714844,696.9441999999996,True
CAND_00765,Al23.46Cr6.45Fe16.52Nb7.92Ti37.51W8.14,6,1118.45849609375,943.8472900390625,45.21927261352539,568.6718666666665,True
CAND_00766,Cr12.10Mn19.96Ni37.00Ti6.55V7.47W16.92,6,1087.2022705078125,1001.0758666992188,54.24102783203125,415.09939999999955,True
CAND_00767,Co19.32Cu16.89Mn15.10Nb14.65V34.04,5,1024.2855224609375,1068.7989501953125,61.12887954711914,644.2199999999999,True
CAND_00768,Cr34.70Fe17.26Mn17.88Nb12.91Ni8.51V8.74,6,1068.3760986328125,1047.825927734375,62.9181022644043,495.37899999999985,True
CAND_00769,Al31.13Cr12.33Mo37.09Nb19.45,4,936.8671875,921.1437377929688,52.48464584350586,714.9121999999999,True
CAND_00770,Al10.44Co39.43Mo13.26Nb13.60Ni18.05V5.22,6,1113.100830078125,896.2199096679688,71.91387939453125,559.0101999999999,True
CAND_00771,Al6.18Co10.21Cu16.75Ti18.86V11.74W36.26,6,939.3228759765625,845.3402709960938,53.48371505737305,664.3985999999996,True
CAND_00772,Al12.78Co19.55Cr29.18Fe13.18W25.31,5,868.5841674804688,1169.668701171875,69.84020233154297,548.5871999999999,True
CAND_00773,Co27.92Cu21.41Mn32.61Ti18.06,4,595.8362426757812,1036.4063720703125,58.25847625732422,588.0044999999998,True
CAND_00774,Al43.16Cu6.46Mo14.18Ni36.20,4,651.0586547851562,883.289306640625,64.44518280029297,702.9954666666667,True
CAND_00775,Fe21.71Mn39.00Mo26.78Nb12.51,4,924.9326171875,891.0323486328125,43.39436721801758,475.7978999999999,True
CAND_00776,Cr37.01Mn15.54Ni18.09V29.36,4,1071.2366943359375,945.2047119140625,64.50271606445312,512.0139999999997,True
CAND_00777,Cr28.77Cu14.22Fe13.74Mo13.00Ti11.59W18.68,6,1038.71923828125,880.5914306640625,51.857696533203125,625.0557999999997,True
CAND_00778,Al41.91Mo26.37Ni6.45W25.27,4,637.509765625,835.127197265625,55.62864303588867,747.4365333333333,True
CAND_00779,Al29.60Cu13.33Mn39.13Ni17.94,4,753.0109252929688,953.9784545898438,57.88759231567383,673.4886999999997,True
CAND_00780,Al30.43Ni15.79V27.44W26.34,4,948.2999877929688,990.7025756835938,55.90383529663086,683.0537999999998,True
CAND_00781,Al23.94Co11.74Cr8.94Mn30.33Ni12.31Ti12.74,6,1029.108642578125,970.3411254882812,55.0030403137207,535.8294333333332,True
CAND_00782,Al7.73Cr44.10Fe16.63Mo22.44V9.10,5,1191.5037841796875,891.8680419921875,62.14234924316406,514.7346999999999,True
CAND_00783,Al8.89Fe7.42Mn39.72Mo9.59V34.38,5,976.0465698242188,942.4465942382812,52.99368667602539,539.7479,True
CAND_00784,Co19.54Cu28.59Ni13.99W37.88,4,579.488525390625,876.6192626953125,63.132476806640625,619.8705999999997,True
CAND_00785,Al10.20Co33.39Cr9.30Mo19.90Nb11.53W15.68,6,836.0664672851562,1096.1474609375,47.911346435546875,579.4242999999999,True
CAND_00786,Cr24.85Cu22.25Nb7.69Ti14.42W30.79,5,927.6115112304688,963.490966796875,32.28010559082031,650.0743999999997,True
CAND_00787,Cr13.48Fe17.27Mo26.43Ti17.11V25.71,5,1282.2327880859375,1093.92919921875,36.66886520385742,525.2874999999999,True
CAND_00788,Al6.91Co37.85Nb8.54Ni9.52V11.07W26.11,6,1048.8057861328125,929.209228515625,52.7396354675293,567.6952,True
CAND_00789,Cu9.04Fe19.35Mn7.06Mo36.34Ti28.21,5,984.6527709960938,881.7477416992188,48.21878433227539,514.8506999999997,True
CAND_00790,Al43.35Co6.66Cu20.59Mn8.85Ni7.32W13.23,6,757.3446655273438,1061.4361572265625,58.53360366821289,754.3349333333333,True
CAND_00791,Co31.69Cr5.53Cu18.10Mn10.85Ti28.82W5.01,6,716.0796508789062,996.1935424804688,60.55315399169922,628.1507999999999,True
CAND_00792,Al43.54Cr22.27Fe13.73W20.46,4,907.08056640625,1271.9552001953125,55.973575592041016,754.9012666666667,True
CAND_00793,Fe22.26Mn40.67Nb6.21W30.86,4,762.103515625,1026.060546875,43.96522521972656,469.1385999999998,True
CAND_00794,Al8.83Cu27.82Mo9.43Nb8.20Ni19.84W25.88,6,810.640869140625,827.8471069335938,43.516326904296875,575.0817999999992,True
CAND_00795,Co12.27Cr26.98Cu7.47Mn10.81Ni13.75Ti28.72,6,804.70166015625,920.1107177734375,59.31035232543945,553.8467999999998,True
CAND_00796,Fe13.94Nb34.10Ti15.89W36.07,4,999.1201782226562,1015.5164794921875,42.93552780151367,572.5087999999997,True
CAND_00797,Mn7.22Mo11.26Nb44.58Ti12.58W24.36,5,986.1511840820312,986.619873046875,46.10013961791992,585.8619999999999,True
CAND_00798,Mn22.34Mo7.73Ti28.79V41.14,4,841.1685180664062,968.5381469726562,49.3668327331543,540.3480999999998,True
CAND_00799,Al25.97Cr8.24Fe11.78Mn40.10Nb13.91,5,1041.5450439453125,1192.65185546875,49.029396057128906,607.6158333333332,True
CAND_00800,Cr15.40Cu41.09Mn37.26Ti6.25,4,888.0648803710938,1048.8946533203125,42.198429107666016,597.9260999999995,True
CAND_00801,Al9.10Co20.99Cu21.79Mn16.24Nb10.12Ni21.76,6,913.1588745117188,1012.0527954101562,50.54475402832031,552.1281999999997,True
CAND_00802,Co19.83Mo6.85Ni11.07Ti12.04V29.47W20.74,6,886.639892578125,928.5849609375,54.42426681518555,562.1476,True
CAND_00803,Al33.68Nb25.26Ti31.00V10.06,4,950.7012939453125,890.9285888671875,48.522212982177734,754.2322666666665,True
CAND_00804,Al29.69Cu24.49Fe21.36Mn24.46,4,636.107177734375,1136.2918701171875,52.543636322021484,674.4407333333332,True
CAND_00805,Co30.84Cr10.34Nb27.45Ti12.88V18.49,5,956.56689453125,1137.230712890625,54.351600646972656,563.9959999999999,True
CAND_00806,Co16.28Cr15.46Mo34.47Ni33.79,4,766.5992431640625,799.6998901367188,53.174320220947266,414.34619999999995,True
CAND_00807,Co22.28Mo38.61Nb19.46V19.65,4,1195.890625,1039.954833984375,56.96843338012695,581.9388,True
CAND_00808,Co7.66Cu13.92Fe30.49Mn14.95Mo15.26Ti17.72,6,889.7173461914062,879.7186279296875,47.87404251098633,549.1288999999997,True
CAND_00809,Al24.55Co24.62Fe24.44Mo26.39,4,777.7633666992188,792.67333984375,60.324161529541016,581.1125999999998,True
CAND_00810,Co8.89Cr20.09Mn14.92Mo29.69Ni26.41,5,736.4129028320312,876.5807495117188,51.70140838623047,510.80689999999987,True
CAND_00811,Co18.14Cr39.70Mo18.59V12.78W10.79,5,1080.866455078125,893.6788940429688,65.14273834228516,575.3051,True
CAND_00812,Mo19.17Nb7.02Ni9.08V37.97W26.76,5,1142.718017578125,1104.28759765625,40.16256332397461,592.9270999999998,True
CAND_00813,Co18.51Mn40.55V19.22W21.72,4,746.1937866210938,1042.578369140625,58.588645935058594,532.2927,True
CAND_00814,Cr12.46Cu23.35Ti19.27V44.92,4,985.2992553710938,1036.6383056640625,39.33819580078125,651.5477999999997,True
CAND_00815,Al8.26Cu35.73Nb41.54Ti14.47,4,964.8323974609375,892.5843505859375,49.48127746582031,655.9545999999993,True
CAND_00816,Cu37.00Fe6.88Mo9.63Ni35.33Ti11.16,5,1016.5840454101562,912.7280883789062,45.92433166503906,440.251599999999,True
CAND_00817,Al19.42Mn29.52Mo12.07Ni38.99,4,659.159423828125,1009.5779418945312,61.06126403808594,460.15739999999965,True
CAND_00818,Al21.81Co36.51V15.77W25.91,4,981.4883422851562,1123.583251953125,64.8562240600586,616.3612666666666,True
CAND_00819,Al16.83Cr30.24Cu26.52Mn26.41,4,877.2544555664062,1092.29345703125,57.22025680541992,607.9056999999997,True
CAND_00820,Al23.94Mn19.14Mo31.62Nb7.30Ni18.00,5,831.2200317382812,839.1802978515625,47.661983489990234,626.3685999999999,True
CAND_00821,Al25.94Cu23.17Mo16.56Nb24.69Ti9.64,5,955.7096557617188,898.66455078125,54.11668014526367,750.7809333333331,True
CAND_00822,Cu8.61Mn10.36Nb38.52Ni42.51,4,688.3530883789062,959.564208984375,62.55003356933594,477.38019999999955,True
CAND_00823,Al15.64Cr22.99Cu24.72Mn12.85Nb8.68Ti15.12,6,1204.7606201171875,969.048095703125,43.25574493408203,651.5341999999998,True
CAND_00824,Al39.67Cu5.36Fe16.01Mo14.91Nb11.08V12.97,6,1095.9677734375,889.4378051757812,44.27482223510742,719.6817333333332,True
CAND_00825,Al20.88Nb6.30Ni9.05V42.72W21.05,5,1134.28955078125,1108.8392333984375,54.220394134521484,580.9881999999999,True
CAND_00826,Co38.37Cu26.63Mn13.12Mo11.29W10.59,5,702.241943359375,1119.67041015625,72.27629089355469,666.4069999999999,True
CAND_00827,Al19.99Mn16.15Mo6.46Ni30.01V17.11W10.28,6,1031.14599609375,1074.279052734375,67.04635620117188,504.3637333333329,True
CAND_00828,Al5.67Mn7.80Mo18.00Nb42.09Ni8.43Ti18.01,6,1021.67578125,747.6990356445312,53.803714752197266,597.3033999999998,True
CAND_00829,Co13.89Cu41.22Mn7.74Mo37.15,4,665.1681518554688,882.467529296875,55.90879821777344,687.6228999999994,True
CAND_00830,Cu14.80Mn30.01Nb9.42Ni9.09Ti23.14W13.54,6,817.635009765625,1072.5234375,36.706912994384766,562.2490999999995,True
CAND_00831,Al5.08Cu11.21Fe31.17Mo37.34Nb5.97Ni9.23,6,881.4067993164062,800.8472290039062,50.369319915771484,540.1071999999997,True
CAND_00832,Cu15.23Mo19.00V34.84W30.93,4,1032.0096435546875,1079.9190673828125,51.059566497802734,659.6722999999996,True
CAND_00833,Fe23.36Mn17.96Nb8.78V12.89W37.01,5,955.867919921875,956.8795166015625,39.8969612121582,519.3838999999997,True
CAND_00834,Al31.32Co13.69Cu16.53Fe11.90Ti16.87V9.69,6,1032.7183837890625,916.655029296875,59.359378814697266,737.7721333333332,True
CAND_00835,Cu10.00Fe22.69Mn34.44Ti25.62W7.25,5,794.6138305664062,1047.363037109375,49.59187698364258,462.4177999999997,True
CAND_00836,Al26.95Fe27.98Mo29.61V15.46,4,911.4248046875,840.6914672851562,49.18352127075195,737.4632,True
CAND_00837,Al21.94Cr27.08Mn16.21Mo13.24Nb11.10Ni10.43,6,1033.2412109375,1097.6737060546875,58.87282943725586,616.9824999999998,True
CAND_00838,Al21.61Mn12.69Mo35.89Ti22.85V6.96,5,968.229736328125,734.2495727539062,54.77241897583008,623.9306999999998,True
CAND_00839,Fe39.96Ni41.69V5.60W12.75,4,852.2263793945312,900.3622436523438,61.71432876586914,403.6005999999996,True
CAND_00840,Cr35.26Mn11.24Mo12.92Nb11.02Ni20.37W9.19,6,905.5006713867188,957.5394897460938,56.87885284423828,528.8099999999997,True
CAND_00841,Al22.44Co19.65Cr14.91Fe6.70Mn29.89Ni6.41,6,821.1741943359375,1244.7591552734375,53.09023666381836,542.9453666666667,True
CAND_00842,Al7.55Cr11.47Mn13.19Mo21.22Nb26.27Ti20.30,6,980.5498046875,738.556396484375,47.039920806884766,597.4587999999998,True
CAND_00843,Co10.42Fe8.04Mn17.02Nb26.05V30.87W7.60,6,1172.1146240234375,1049.02490234375,51.3851203918457,581.6491999999998,True
CAND_00844,Al8.75Mn17.17Mo22.78Ti26.23V25.07,5,1021.9229125976562,741.814453125,47.91555404663086,594.7998999999998,True
CAND_00845,Co17.93Cr23.62Cu17.06Fe25.46Ti15.93,5,822.6984252929688,764.3589477539062,45.87061309814453,536.3815000000001,True
CAND_00846,Cr9.66Mn40.03Nb28.97Ni21.34,4,788.353271484375,934.8732299804688,47.560672760009766,471.8065999999997,True
CAND_00847,Cr16.87Fe13.09Ni40.63Ti11.19W18.22,5,1190.025146484375,959.5870971679688,47.6767463684082,420.53019999999964,True
CAND_00848,Co44.96Fe20.69Mo10.81Nb10.23V13.31,5,1205.7730712890625,1103.229248046875,55.19269943237305,557.4892,True
CAND_00849,Co39.33Cu16.82Fe9.74Nb15.09Ni9.86W9.16,6,815.3145751953125,980.4942016601562,64.79193878173828,667.7456,True
CAND_00850,Al44.34Cu16.45Ni27.86Ti11.35,4,1076.533447265625,987.2404174804688,57.06428527832031,704.118233333333,True
CAND_00851,Co22.69Ni9.68Ti21.28V15.64W30.71,5,796.939697265625,979.249267578125,57.23836135864258,558.1292,True
CAND_00852,Cr19.13Nb33.47Ni40.52W6.88,4,843.8986206054688,982.7178955078125,54.7049560546875,477.1037999999996,True
CAND_00853,Al13.76Cr25.66Cu40.95Nb19.63,4,1050.8406982421875,1040.6519775390625,55.965999603271484,638.0961999999994,True
CAND_00854,Al20.68Co13.55Cu12.64Mo12.05Nb27.76Ni13.32,6,963.6315307617188,878.9705200195312,64.0559310913086,618.2195999999998,True
CAND_00855,Al42.58Fe6.95Mo11.00Nb8.17Ti23.64V7.66,6,1034.63818359375,997.4107666015625,48.78042984008789,748.1319333333333,True
CAND_00856,Al11.24Cr23.72Nb37.53Ni27.51,4,955.5127563476562,1068.3865966796875,65.2243881225586,507.7083999999998,True
CAND_00857,Cu20.14Fe12.87Mn24.24Mo27.07Ti15.68,5,852.2184448242188,904.0657348632812,38.57182312011719,650.4819999999996,True
CAND_00858,Co6.86Fe5.50Mn38.02Nb10.42Ni18.42V20.78,6,949.4744262695312,990.5413818359375,46.88179397583008,481.4360999999997,True
CAND_00859,Cu15.19Fe9.74Nb7.15Ni19.27V38.02W10.63,6,1130.3807373046875,928.8386840820312,46.7163200378418,572.2109999999996,True
CAND_00860,Co7.29Cu11.65Mn12.55Mo21.84Ni11.91Ti34.76,6,766.3021850585938,479.0895080566406,50.21443557739258,609.7626999999997,True
CAND_00861,Al12.15Cr7.49Fe19.40Mn17.35Mo43.61,5,861.0120239257812,939.0743408203125,53.13814926147461,514.7242999999997,True
CAND_00862,Cu25.30Mo16.96Ni41.64Ti16.10,4,1018.7528686523438,792.4547729492188,46.239715576171875,505.5131999999997,True
CAND_00863,Cr15.31Mn36.52Nb29.76Ti10.54V7.87,5,974.3024291992188,1080.408447265625,41.1733283996582,548.5056999999998,True
CAND_00864,Al10.89Cr36.68Mn41.25Mo11.18,4,981.6048583984375,1161.9886474609375,58.666290283203125,540.2874999999999,True
CAND_00865,Al22.20Cu11.06Nb10.42Ni44.62W11.70,5,876.5269775390625,1178.187744140625,60.39878845214844,530.5491333333329,True
CAND_00866,Al36.18Fe20.43Ni32.83Ti10.56,4,1117.241455078125,1071.954833984375,57.439727783203125,712.3301999999996,True
CAND_00867,Cu5.22Mn38.73Mo15.02Nb26.78Ni6.95Ti7.30,6,819.4780883789062,966.1868896484375,45.85318374633789,561.9284999999998,True
CAND_00868,Co14.00Mn15.38Ni34.35Ti7.37V28.90,5,1075.3111572265625,956.8812255859375,63.23091125488281,399.0253999999997,True
CAND_00869,Al6.17Co35.87Cu5.13Fe18.92Ti33.91,5,729.4932861328125,802.75244140625,64.06036376953125,526.1411999999999,True
CAND_00870,Cr18.07Cu6.94Fe34.09V40.90,4,1026.5333251953125,926.1077270507812,50.30459213256836,486.7886999999997,True
CAND_00871,Cr19.94Fe11.22Mn26.65Mo17.79Nb18.59Ti5.81,6,1088.197509765625,1125.384521484375,42.44133758544922,562.0086999999997,True
CAND_00872,Fe13.76Nb27.92Ni37.45Ti12.52W8.35,5,1095.185791015625,889.9730224609375,47.94892120361328,464.76759999999956,True
CAND_00873,Al7.26Co6.70Mn29.70Ti12.15W44.19,5,800.4822387695312,928.1118774414062,51.281558990478516,539.0610999999999,True
CAND_00874,Al28.72Cr11.46Cu8.60Mn13.14Nb29.90Ni8.18,6,978.9657592773438,1020.4533081054688,58.077701568603516,705.2884666666665,True
CAND_00875,Co25.85Mo18.02Ni7.37Ti22.16V14.91W11.69,6,912.629638671875,801.1377563476562,57.05986022949219,585.9970999999999,True
CAND_00876,Al21.02Cr35.42Fe15.84Ni14.94W12.78,5,926.6189575195312,1184.0460205078125,66.81121063232422,523.9430999999998,True
CAND_00877,Al13.03Co26.69Nb8.60V18.08W33.60,5,992.5184936523438,1175.964111328125,59.346351623535156,559.8556,True
CAND_00878,Cr16.06Cu39.70Nb11.82Ti6.63V6.46W19.33,6,1049.0760498046875,1046.8968505859375,33.29247283935547,637.9003999999993,True
CAND_00879,Co29.16Cr21.02Fe8.82Ni6.03Ti18.00W16.97,6,808.2517700195312,1043.620849609375,57.49171447753906,550.1522,True
CAND_00880,Co10.06Cr9.11Cu40.54Nb19.69V20.60,5,1051.027099609375,1072.505126953125,47.795310974121094,645.4015999999993,True
CAND_00881,Al13.28Co40.95Nb12.09Ni21.82V11.86,5,1104.8905029296875,1023.4850463867188,67.43762969970703,549.7603999999997,True
CAND_00882,Al7.61Cr20.24Mn22.29Mo19.54V5.74W24.58,6,984.4365234375,870.8406372070312,50.309383392333984,567.0700999999998,True
CAND_00883,Al24.29Cr19.67Cu6.53Nb20.98Ni13.30V15.23,6,1390.6168212890625,926.5245971679688,56.81503677368164,607.2528,True
CAND_00884,Al17.79Cr15.54Fe11.49Mn17.57Mo23.08Nb14.53,6,1194.8603515625,1009.5609130859375,49.92534255981445,586.1006999999998,True
CAND_00885,Cr31.94Mo31.33Ti19.56W17.17,4,1018.1668090820312,916.4830932617188,55.47966766357422,586.2471999999998,True
CAND_00886,Al29.73Fe22.18Mo7.63Nb27.88Ti12.58,5,1119.635009765625,942.6880493164062,52.3182487487793,748.3058000000001,True
CAND_00887,Fe28.17Nb20.68Ni28.96V22.19,4,1114.95849609375,973.4998168945312,64.45014953613281,432.15519999999964,True
CAND_00888,Al14.07Mo32.17Nb22.06Ti7.74W23.96,5,975.8396606445312,943.08447265625,54.422176361083984,606.2450999999998,True
CAND_00889,Co11.50Cu11.88Fe11.34Mo15.26V37.02W13.00,6,1069.4571533203125,976.0731811523438,55.47726821899414,625.7791999999996,True
CAND_00890,Fe41.38Mn15.03Ni10.07V16.28W17.24,5,856.7802124023438,924.4395141601562,47.572017669677734,504.0304999999997,True
CAND_00891,Co38.97Mo5.05Ni23.82W32.16,4,621.6286010742188,953.517822265625,71.88996124267578,552.3106,True
CAND_00892,Co14.63Cr17.32Fe13.74Mn35.44Mo6.21Ti12.66,6,892.6083374023438,1028.677978515625,40.58510971069336,527.6852999999999,True
CAND_00893,Co24.30Nb20.53Ni17.23W37.94,4,746.4667358398438,952.135498046875,67.84513092041016,483.3541999999999,True
CAND_00894,Al5.92Co24.48Fe9.17Mn12.32Mo27.51Ni20.60,6,771.9835815429688,732.7913818359375,65.79034423828125,522.2545000000001,True
CAND_00895,Al16.80Mn44.57Mo6.96Nb31.67,4,961.8848266601562,1153.4373779296875,57.815345764160156,543.1918999999999,True
CAND_00896,Co23.15Fe25.81Mn6.42Mo36.14Nb8.48,5,807.1336669921875,952.6337890625,47.26321029663086,505.4151,True
CAND_00897,Fe16.94Ni39.97V23.08W20.01,4,946.5454711914062,966.0516967773438,61.265586853027344,399.2697999999996,True
CAND_00898,Mo35.00Ti15.77V19.92W29.31,4,999.4777221679688,893.081787109375,42.76435470581055,596.0472999999998,True
CAND_00899,Al10.37Cu11.07Mn33.71Mo21.02Nb15.87Ti7.96,6,952.2754516601562,985.459228515625,45.75812911987305,578.8591999999998,True
CAND_00900,Al23.56Co26.41Cu15.37Fe15.97Ni10.66Ti8.03,6,1014.7444458007812,971.979248046875,65.27837371826172,646.0900666666665,True
CAND_00901,Cr25.96Cu25.23Fe25.63Ni8.00W15.18,5,560.1397094726562,804.6785888671875,43.773353576660156,539.8627999999995,True
CAND_00902,Co10.52Cr10.57Nb22.07Ni7.16V11.58W38.10,6,1032.617431640625,946.8464965820312,50.218502044677734,585.3509999999998,True
CAND_00903,Al19.52Cu10.08Fe16.65Mo27.68V13.66W12.41,6,989.4386596679688,790.9401245117188,52.35236740112305,567.4964999999996,True
CAND_00904,Cr25.19Nb25.75Ti21.91W27.15,4,910.3717651367188,1083.4163818359375,53.717044830322266,570.7475999999997,True
CAND_00905,Al18.51Co10.32Nb8.94Ti29.80V20.80W11.63,6,1103.2586669921875,1136.326904296875,47.626651763916016,579.1021999999998,True
CAND_00906,Cu20.30Mo14.63Nb37.42V17.35W10.30,5,1067.651611328125,998.5249633789062,47.920631408691406,718.3683999999997,True
CAND_00907,Cr26.57Mn18.44Mo5.60Ni9.74Ti18.98W20.67,6,715.715087890625,1054.3385009765625,54.51991271972656,561.8707999999998,True
CAND_00908,Al36.95Fe26.09Mn10.65Mo5.35W20.96,5,772.5469360351562,1125.50439453125,52.77170944213867,660.1175333333333,True
CAND_00909,Al19.35Cr24.25Cu14.36Mo16.15Nb25.89,5,1073.683837890625,980.1630859375,56.3321418762207,633.8473999999997,True
CAND_00910,Co22.34Cu34.83Mo15.00Ti15.31W12.52,5,752.3419799804688,890.2100830078125,56.103858947753906,673.5795999999999,True
CAND_00911,Co28.37Cr5.65Fe15.80Mo16.33Ni33.85,5,707.53466796875,849.5364990234375,72.14962768554688,393.6610000000002,True
CAND_00912,Al11.14Co15.95Fe26.87Ni20.10W25.94,5,659.4319458007812,894.5065307617188,55.53169631958008,455.95056666666636,True
CAND_00913,Co30.41Cu35.48Mn20.49Ti13.62,4,602.0196533203125,1030.6524658203125,53.766502380371094,624.7044999999997,True
CAND_00914,Al13.62Co9.76Cr36.35Mo23.13Ti17.14,5,1081.3265380859375,836.0325927734375,64.30027770996094,595.6690999999998,True
CAND_00915,Al22.58Fe23.74Mo15.48Nb18.45Ni10.91Ti8.84,6,1147.7899169921875,803.6998901367188,55.852420806884766,598.3271333333332,True
CAND_00916,Cr24.99Cu17.78Fe19.44Nb12.57Ti25.22,5,1053.84423828125,1052.7724609375,37.857608795166016,537.9337999999995,True
CAND_00917,Cr25.89Fe23.34Mn12.22Nb24.93V13.62,5,1234.0186767578125,931.6748657226562,64.57177734375,508.66589999999985,True
CAND_00918,Cu21.89Mo19.00Nb23.98Ni35.13,4,766.3219604492188,909.3063354492188,49.41382598876953,519.9561999999996,True
CAND_00919,Cr34.59Ni36.51Ti19.10W9.80,4,1176.3330078125,890.8011474609375,57.401771545410156,439.3497999999998,True
CAND_00920,Co23.24Cu22.81Mn16.61Nb7.27Ni14.67V15.40,6,960.0794677734375,946.9677734375,57.64130401611328,645.4641999999997,True
CAND_00921,Al14.97Cu11.88Mn7.81Mo17.65Ti41.80V5.89,6,989.83056640625,502.0634460449219,59.989749908447266,609.7918999999998,True
CAND_00922,Co6.10Cr8.75Cu21.37Fe30.32Mo21.26W12.20,6,697.9229125976562,831.7951049804688,47.54762268066406,575.3403999999995,True
CAND_00923,Al28.22Cr8.97Cu23.28Fe10.92V28.61,5,1103.5391845703125,1019.2054443359375,49.50495529174805,725.0680666666665,True
CAND_00924,Al12.58Cr25.66Mn14.28Ti16.46V18.14W12.88,6,1241.4808349609375,1094.4134521484375,54.45688247680664,577.9031999999999,True
CAND_00925,Co5.42Cr25.17Mn35.49Mo7.35Nb9.94Ti16.63,6,866.8374633789062,1112.1689453125,39.66963577270508,530.6764999999999,True
CAND_00926,Fe31.08Mn15.03Mo11.01Nb10.51Ni32.37,5,811.2427368164062,990.5138549804688,47.32413101196289,399.9663999999997,True
CAND_00927,Al18.72Co20.32Cr14.34Cu7.30Nb24.91V14.41,6,1290.716796875,1053.518310546875,60.199092864990234,566.8163333333332,True
CAND_00928,Co31.06Fe34.11Mo10.09V14.91W9.83,5,953.0426025390625,966.0983276367188,62.71598434448242,495.5473999999999,True
CAND_00929,Cr20.99Mn23.80Mo10.98V15.89W28.34,5,1004.0392456054688,1053.359375,51.98564147949219,554.9840999999998,True
CAND_00930,Cr25.73Mo43.47Nb20.34Ni10.46,4,1028.01513671875,941.0818481445312,59.40764617919922,587.0640999999998,True
CAND_00931,Al28.40Cr28.61Cu10.90Fe12.54W19.55,5,985.6029052734375,1161.2236328125,68.36963653564453,711.6575666666665,True
CAND_00932,Al25.93Mn28.18Ni9.11Ti36.78,4,922.856689453125,797.22314453125,52.712093353271484,613.7962999999997,True
CAND_00933,Cr10.69Fe6.62Nb40.36Ni42.33,4,771.0515747070312,945.601806640625,55.32525634765625,469.45039999999955,True
CAND_00934,Al9.02Co5.10Cr27.11Cu25.21Mo14.15Ni19.41,6,810.7521362304688,813.8682250976562,55.78215408325195,613.5225999999998,True
CAND_00935,Cu21.20Fe43.20Ni13.25V22.35,4,865.5310668945312,949.3041381835938,43.00224304199219,555.8209999999993,True
CAND_00936,Al34.37Cr21.99Fe16.65Mn6.33V20.66,5,1249.2396240234375,1287.831787109375,53.11416244506836,696.0266666666666,True
CAND_00937,Al20.48Fe19.46Ni16.79V11.00W32.27,5,990.183349609375,1006.904541015625,52.93405532836914,521.3406666666664,True
CAND_00938,Al8.74Cr6.75Cu23.20Ti40.18V21.13,5,962.2630615234375,742.015869140625,47.64979553222656,634.3849999999995,True
CAND_00939,Co13.53Cu30.49Fe13.59Mo29.16Ti6.67V6.56,6,958.899169921875,907.78857421875,49.47406768798828,686.0636999999995,True
CAND_00940,Cr13.55Cu6.37Mn13.45Mo43.36Ni23.27,5,733.6158447265625,773.6468505859375,50.00372314453125,524.3363,True
CAND_00941,Al37.05Co13.82Fe17.67Nb14.61Ni16.85,5,1078.7784423828125,1120.6746826171875,60.41691207885742,728.4528333333333,True
CAND_00942,Al24.94Cu21.55Fe31.47Nb22.04,4,1029.2967529296875,1005.4089965820312,52.992610931396484,619.142933333333,True
CAND_00943,Al24.96Cu14.96Mo11.16Ti25.14V23.78,5,1077.494873046875,835.6790771484375,54.77235794067383,672.8009333333331,True
CAND_00944,Co25.17Cr14.75Fe14.25Nb19.71W26.12,5,804.7953491210938,1050.2642822265625,61.023433685302734,536.3739333333332,True
CAND_00945,Fe10.25Ni24.99Ti40.45W24.31,4,928.2393188476562,682.1144409179688,45.56391906738281,509.68099999999953,True
CAND_00946,Co11.49Cr16.21Cu11.87Fe22.94Ni14.64Ti22.85,6,848.6050415039062,904.6424560546875,51.91497802734375,499.4249666666662,True
CAND_00947,Cr17.91Cu10.66Fe19.62Ni23.73V28.08,5,1173.2996826171875,792.4539794921875,60.61283493041992,505.7185999999995,True
CAND_00948,Al10.76Cr33.20Mn16.00Mo26.90W13.14,5,845.0499877929688,984.7894897460938,59.15312194824219,595.8130999999998,True
CAND_00949,Al7.32Cu18.28Mn19.38Mo5.30V26.90W22.82,6,816.3869018554688,1064.7802734375,48.38006591796875,670.0055999999997,True
CAND_00950,Cu15.98Fe29.01V29.37W25.64,4,922.1452026367188,972.2245483398438,47.0627555847168,563.1954999999997,True
CAND_00951,Co28.93Mn16.51Mo13.94Nb12.38V28.24,5,1116.6494140625,1106.800537109375,60.41934585571289,578.4713999999999,True
CAND_00952,Al20.15Co31.69Cr14.56Cu27.59W6.01,5,862.7567749023438,1003.3988647460938,69.5474853515625,648.6081999999998,True
CAND_00953,Al35.70Cr27.98Fe25.75Nb10.57,4,1207.820068359375,1135.6759033203125,57.13634490966797,680.3520666666667,True
CAND_00954,Al24.39Co28.40Fe16.35Mo8.39Ti22.47,5,1026.21923828125,1182.2576904296875,61.61384963989258,621.0317333333331,True
CAND_00955,Cr28.32Fe11.85Mn26.45Ti33.38,4,781.3680419921875,903.5325927734375,52.293243408203125,520.7598999999999,True
CAND_00956,Cu16.80Mo10.59Nb8.91Ni25.88Ti37.82,5,1019.7462158203125,721.3406982421875,37.817626953125,566.4849999999997,True
CAND_00957,Al19.59Cr18.93Cu28.96Ni9.43W23.09,5,834.7938232421875,999.4273071289062,51.81477737426758,625.5497999999995,True
CAND_00958,Cu8.65Fe35.37Mo14.24Nb15.30Ti11.15V15.29,6,1257.42578125,1090.8968505859375,48.402950286865234,519.7064999999998,True
CAND_00959,Co20.29Cr9.40Fe13.81Mo27.57Ni20.24Ti8.69,6,786.4588623046875,936.5315551757812,50.36887741088867,496.3823000000002,True
CAND_00960,Al37.55Cr34.69Cu6.86Fe6.29Mn5.32Nb9.29,6,1114.2774658203125,1207.87841796875,58.933048248291016,729.7603333333333,True
CAND_00961,Al27.83Co31.70Mn27.82Ti12.65,4,821.6451416015625,1039.5941162109375,58.37344741821289,718.3580999999999,True
CAND_00962,Cr27.99Cu19.95Ni31.22V20.84,4,1166.7181396484375,949.6447143554688,53.08649444580078,516.6279999999995,True
CAND_00963,Al14.76Co8.46Mn33.32Ti27.03W16.43,5,902.2930908203125,1074.48046875,55.813045501708984,530.3170999999999,True
CAND_00964,Co12.03Cr39.30Cu6.63Nb27.79W14.25,5,780.2179565429688,988.8387451171875,70.607666015625,575.6289999999999,True
CAND_00965,Fe27.48Mn25.87Nb6.49Ti12.42W27.74,5,942.969482421875,962.787353515625,36.0512809753418,471.8907999999998,True
CAND_00966,Cu15.69Mn14.14Mo9.44Nb25.38Ni13.14V22.21,6,1061.989990234375,959.6826171875,52.38186264038086,645.5343999999997,True
CAND_00967,Co23.17Cr29.61Mn17.05Nb12.71Ni17.46,5,893.334716796875,1015.2576904296875,69.98927307128906,486.5984000000001,True
CAND_00968,Al29.57Mo22.40Nb11.96Ni20.32W15.75,5,839.046875,857.2119140625,56.146785736083984,712.7814000000001,True
CAND_00969,Cu32.32Mo24.32Ti26.87V5.31W11.18,5,942.1959228515625,771.481689453125,44.29780578613281,673.2374999999995,True
CAND_00970,Al21.40Cu5.58Fe44.88Mo7.08Ni13.12Ti7.94,6,1115.1688232421875,892.5439453125,50.63119888305664,544.6339999999998,True
CAND_00971,Co7.29Cu14.59Mn7.18Mo33.94V37.00,5,1032.688232421875,971.5198974609375,50.1392707824707,644.8422999999997,True
CAND_00972,Co41.99Cr26.69Nb24.42Ti6.90,4,923.1717529296875,1140.876220703125,68.75642395019531,575.88,True
CAND_00973,Co32.08Cu11.63Nb36.58Ni6.65Ti13.06,5,853.84912109375,937.9854736328125,60.845096588134766,593.1596000000001,True
CAND_00974,Al24.17Fe27.33Mo8.06Ti6.58V33.86,5,1111.8497314453125,1164.142333984375,53.844661712646484,581.8017999999998,True
CAND_00975,Co35.68Cr37.51Mo10.66V16.15,4,1225.04052734375,1232.310302734375,75.21603393554688,573.5618000000001,True
CAND_00976,Al19.68Cu22.52Mn23.96Mo19.95W13.89,5,599.1661376953125,980.0994873046875,53.02126693725586,654.6211999999997,True
CAND_00977,Al6.55Co14.50Mo24.63Ti28.53W25.79,5,833.5175170898438,733.1512451171875,62.56838607788086,586.1962999999998,True
CAND_00978,Cu32.66Mn39.75Mo12.26Ti15.33,4,888.8363647460938,975.939453125,43.65240478515625,620.0904999999996,True
CAND_00979,Cr22.88Fe15.92Mo35.26W25.94,4,794.0907592773438,972.2980346679688,51.95098876953125,531.5228999999999,True
CAND_00980,Al12.58Cr21.87Fe22.04Mn5.24Mo17.81Nb20.46,6,1228.4644775390625,954.7818603515625,59.59207534790039,513.4929999999998,True
CAND_00981,Cu22.22Mn9.23Mo21.55Nb37.89W9.11,5,811.0582275390625,918.7152099609375,48.59980773925781,704.1475999999997,True
CAND_00982,Fe31.16Mo7.79Nb40.55Ni20.50,4,934.6571655273438,826.6134643554688,57.90653610229492,470.1357666666663,True
CAND_00983,Co15.88Mo10.47Ni29.22Ti11.90V17.82W14.71,6,1160.7275390625,907.0944213867188,60.59599304199219,462.6589999999998,True
CAND_00984,Co33.59Cu10.67Mn27.10W28.64,4,415.003173828125,1078.0343017578125,69.6405029296875,559.6548999999999,True
CAND_00985,Al42.60Mn27.83Mo16.32Ti13.25,4,738.281982421875,757.7477416992188,52.90317153930664,732.5719333333334,True
CAND_00986,Cr31.62Fe26.93Mo31.26Nb10.19,4,1194.9189453125,953.6188354492188,49.010135650634766,507.8894999999999,True
CAND_00987,Cu11.55Fe12.48Nb24.02Ni16.09V14.45W21.41,6,1096.941650390625,822.5355834960938,47.718143463134766,578.5899999999996,True
CAND_00988,Al34.06Nb24.89Ni17.15W23.90,4,893.950927734375,1034.4959716796875,57.787662506103516,737.9991999999999,True
CAND_00989,Cr8.55Cu16.67Fe22.19Mn7.61Mo29.13V15.85,6,1078.445068359375,751.29052734375,48.030521392822266,615.6765999999996,True
CAND_00990,Co10.51Cr8.51Cu21.86Fe31.44Ti8.87V18.81,6,979.355712890625,1008.8569946289062,46.90483856201172,548.5875999999995,True
CAND_00991,Al8.77Co20.50Fe20.15Mn7.37Nb16.01W27.20,6,743.00390625,1083.997802734375,61.840450286865234,482.50819999999976,True
CAND_00992,Fe15.19Mn8.05Mo12.58Nb36.93Ni18.14W9.11,6,912.05029296875,883.4081420898438,62.22703170776367,495.5427999999997,True
CAND_00993,Al21.23Cr7.64Cu11.95Fe18.61Ni40.57,5,771.5776977539062,1104.30322265625,58.63063049316406,499.70839999999936,True
CAND_00994,Co27.65Fe19.90Mo19.50Ti8.40V24.55,5,971.8997192382812,1354.2841796875,56.07894515991211,534.8732000000002,True
CAND_00995,Co10.43Cu20.18Mn9.84Nb29.59Ni7.22Ti22.74,6,880.5326538085938,1004.3634033203125,51.15016174316406,654.2255999999995,True
CAND_00996,Al25.07Cr10.08Mo6.17Nb37.41V21.27,5,1264.4737548828125,1231.1644287109375,53.570674896240234,633.6795333333331,True
CAND_00997,Cu13.82Mo17.19Nb32.50Ni16.97Ti19.52,5,974.6800537109375,730.5392456054688,46.31960678100586,577.9810999999995,True
CAND_00998,Cr21.77Nb30.50Ni19.53W28.20,4,870.8947143554688,985.9395141601562,60.46528625488281,519.8467999999997,True
CAND_00999,Co11.65Cu31.36Mo35.93Nb21.06,4,830.989990234375,908.4448852539062,56.17729187011719,695.7562999999994,True
CAND_01000,Fe13.29Mn36.39V8.97W41.35,4,767.136474609375,964.2980346679688,50.04462814331055,532.7636999999999,True
CAND_01001,Cu36.17Fe37.90Mn11.12Ti14.81,4,835.474609375,997.578369140625,43.411102294921875,528.2477999999991,True
CAND_01002,Fe26.37Ni27.70Ti17.65V28.28,4,1250.88330078125,849.3643798828125,54.07389450073242,463.60959999999983,True
CAND_01003,Co30.54Cr20.62Mn23.06Mo6.64W19.14,5,603.951904296875,1128.906494140625,61.871177673339844,528.2878999999999,True
CAND_01004,Al7.75Co40.26Cu28.92Mo9.47Nb13.60,5,953.8128662109375,948.2705688476562,61.196319580078125,661.9959999999999,True
CAND_01005,Cr18.48Cu42.02Fe17.02Mn13.41Ni9.07,5,632.2107543945312,982.8040771484375,46.260005950927734,527.751999999999,True
CAND_01006,Cu9.95Mo41.10Ni6.80Ti29.56V12.59,5,1000.393310546875,735.0328979492188,47.39065933227539,617.1760999999998,True
CAND_01007,Al30.44Co22.57Cr17.66V29.33,4,1207.0919189453125,1099.0855712890625,61.145870208740234,735.3801999999998,True
CAND_01008,Al26.63Co27.65Cu11.42Ni34.30,4,710.60595703125,1044.223876953125,78.4162368774414,731.2129999999996,True
CAND_01009,Al21.70Mn18.58Mo9.74V16.81W33.17,5,902.6515502929688,1109.3406982421875,55.15958023071289,597.2002999999999,True
CAND_01010,Co11.30Cr24.62Ni15.19Ti11.95W36.94,5,838.7107543945312,937.1618041992188,55.84192657470703,548.0715999999999,True
CAND_01011,Co13.52Cu10.10Mo13.12Nb16.27Ni18.75W28.24,6,839.5824584960938,863.345947265625,71.67623901367188,534.6367999999997,True
CAND_01012,Co23.50Cu21.41Mn13.48Mo9.25Ni12.99V19.37,6,984.6812133789062,963.639892578125,71.32239532470703,644.1904,True
CAND_01013,Co32.88Cr5.66Fe36.78Mo7.70Nb16.98,5,757.0036010742188,1023.6146850585938,61.52186965942383,502.84319999999997,True
CAND_01014,Al37.15Fe11.66Ni23.63Ti7.98V19.58,5,1051.3558349609375,994.6534423828125,62.785865783691406,746.9204333333331,True
CAND_01015,Co19.83Cr42.61Mo30.45W7.11,4,745.0337524414062,952.3151245117188,68.24688720703125,564.8841000000001,True
CAND_01016,Al10.45Cr41.87Mo13.18W34.50,4,841.89404296875,1003.654541015625,61.36370849609375,595.0903999999998,True
CAND_01017,Cr10.39Cu22.29Mn13.54Nb42.37V11.41,5,1040.90380859375,922.4448852539062,41.95945739746094,671.9973999999995,True
CAND_01018,Al12.84Fe17.99Nb32.83Ni25.33V11.01,5,1158.7978515625,923.6436767578125,61.52111053466797,487.9685999999997,True
CAND_01019,Co14.13Cu35.03Fe12.77W38.07,4,566.394287109375,967.342529296875,55.00334167480469,646.3117999999994,True
CAND_01020,Cu13.00Mn13.35Mo34.97V38.68,4,1063.5445556640625,966.9541015625,49.09452438354492,630.5396999999996,True
CAND_01021,Co9.96Cu40.45Fe10.17Nb39.42,4,846.0023193359375,994.3331298828125,54.62831115722656,651.6345999999994,True
CAND_01022,Al25.52Co13.31Mo18.76Ti21.05V13.30W8.06,6,855.50390625,706.3658447265625,51.093929290771484,684.9577333333332,True
CAND_01023,Co39.56Cr13.91Nb15.89Ni12.46Ti18.18,5,872.568359375,1050.462646484375,56.91625213623047,561.63,True
CAND_01024,Al19.43Co20.11Cu10.18Fe18.12Mn8.42Mo23.74,6,772.5220947265625,891.4802856445312,63.26652908325195,545.4784666666666,True
CAND_01025,Co17.82Cu34.63Ni8.16V39.39,4,893.6272583007812,937.8232421875,58.029380798339844,633.1575999999998,True
CAND_01026,Fe18.02Mo21.86Nb18.68Ni26.67V14.77,5,1281.7598876953125,678.2734985351562,53.018226623535156,485.3827999999999,True
CAND_01027,Co21.34Fe16.64Mo20.76Ti41.26,4,631.731201171875,720.4877319335938,49.1668815612793,493.7840999999999,True
CAND_01028,Mn5.76Mo12.22Ti7.82V40.59W33.61,5,968.3252563476562,1121.58251953125,49.257747650146484,587.6217999999998,True
CAND_01029,Al13.26Fe17.81Mn34.41Nb17.45Ni7.13V9.94,6,1115.990966796875,1059.62890625,56.323612213134766,475.96649999999977,True
CAND_01030,Cr29.39Mn26.01Nb21.56Ni5.71Ti6.14V11.19,6,1031.697265625,1044.1148681640625,60.74018478393555,552.7106999999999,True
CAND_01031,Cr29.89Fe10.80Mo24.86Nb7.02Ni16.97V10.46,6,1436.848388671875,884.7727661132812,45.57461166381836,534.6415999999997,True
CAND_01032,Al22.48Fe18.08Mn25.83Mo33.61,4,692.6221313476562,879.7198486328125,51.63869857788086,537.1887333333332,True
CAND_01033,Al11.72Co10.03Fe27.73Mo22.94Nb17.45Ti10.13,6,1083.984375,943.2576293945312,56.367862701416016,514.9156999999998,True
CAND_01034,Cr18.50Cu17.73Mo12.09Nb22.91Ti8.88W19.89,6,1004.5645141601562,1059.0147705078125,42.73610305786133,693.3463999999998,True
CAND_01035,Al12.33Cr40.95Fe19.68Ti27.04,4,1227.0660400390625,1142.844482421875,61.56142044067383,484.6053999999997,True
CAND_01036,Cu29.27Mn10.39Ni12.06V32.92W15.36,5,894.0888671875,879.732666015625,51.520301818847656,651.0613999999994,True
CAND_01037,Cu11.40Fe21.24Ni24.94V42.42,4,955.4850463867188,892.3441772460938,62.56428909301758,526.8445999999997,True
CAND_01038,Co31.79Cr16.56Cu11.96Mn25.18Ti6.59W7.92,6,709.1901245117188,1025.2706298828125,58.34895706176758,553.2085999999999,True
CAND_01039,Co24.08Ni15.44Ti30.09V19.89W10.50,5,820.897216796875,974.8248901367188,59.59335708618164,540.5205999999998,True
CAND_01040,Al18.39Co22.82Cr25.06Fe9.11Mn14.68W9.94,6,842.4150390625,1248.867431640625,67.42427062988281,556.5455999999999,True
CAND_01041,Co22.02Cr22.07Mn13.65Mo20.57Nb21.69,5,922.5258178710938,1087.974365234375,62.85775375366211,572.1291000000001,True
CAND_01042,Cu32.64Fe14.88Mo35.14W17.34,4,717.33984375,891.9228515625,46.465362548828125,659.0216999999993,True
CAND_01043,Al16.61Co19.16Nb33.21Ti17.45W13.57,5,1013.352783203125,1153.89892578125,59.6966438293457,562.2368,True
CAND_01044,Co5.02Cu8.06Mo44.75Ti6.69W35.48,5,802.4553833007812,971.482666015625,51.32442092895508,592.6470999999998,True
CAND_01045,Al21.40Co10.95Cu17.06Mo27.25Ni14.40Ti8.94,6,981.3801879882812,796.427490234375,59.04197311401367,694.8468999999997,True
CAND_01046,Cu21.29Fe10.32Mn9.28Nb17.14Ti16.12V25.85,6,1115.462158203125,1162.4927978515625,37.94435119628906,663.6583999999996,True
CAND_01047,Co24.83Cu16.17Fe27.22Mn8.28V8.69W14.81,6,687.3079223632812,889.7630615234375,64.28205871582031,551.1703999999999,True
CAND_01048,Cr23.37Mn18.77Mo23.50W34.36,4,596.6763305664062,1002.0942993164062,55.944725036621094,591.9654999999999,True
CAND_01049,Co6.67Cr20.97Cu23.63Nb14.14Ti34.59,5,793.5643310546875,875.6802368164062,35.114036560058594,622.8459999999997,True
CAND_01050,Al17.68Fe5.84Mn19.69V25.48W31.31,5,907.3264770507812,1183.172119140625,51.063663482666016,563.9939999999998,True
CAND_01051,Al14.24Fe24.93Mn16.01Ni44.82,4,477.2146301269531,968.3806762695312,60.84236526489258,416.6025999999994,True
CAND_01052,Fe43.35Mn10.99Nb26.23W19.43,4,775.7980346679688,917.9663696289062,47.839725494384766,498.77089999999976,True
CAND_01053,Co13.91Mo39.19Ni20.34Ti9.04V17.52,5,995.84521484375,855.5321655273438,54.1650276184082,538.8164999999999,True
CAND_01054,Cr21.90Fe23.93Nb24.46Ni17.01Ti12.70,5,1057.94873046875,981.0630493164062,56.84847640991211,453.86409999999967,True
CAND_01055,Al25.64Co15.61Cr11.17Fe26.51Nb9.61W11.46,6,1071.975341796875,1036.2135009765625,49.28300857543945,584.8309999999997,True
CAND_01056,Al29.49Co13.83Mo11.47Ni32.75V12.46,5,887.4898071289062,935.4149780273438,69.01441955566406,673.1945999999998,True
CAND_01057,Cr16.22Mn5.94Mo23.23Nb21.02V24.89W8.70,6,1371.7159423828125,1110.4442138671875,42.76777267456055,594.2746999999998,True
CAND_01058,Co22.03Mo21.79Ni19.95Ti12.32W23.91,5,668.5304565429688,690.1640014648438,53.79898452758789,525.2649000000001,True
CAND_01059,Cu19.29Fe16.38Mn16.16Mo31.86Nb16.31,5,935.6566772460938,1001.7897338867188,43.44316864013672,622.9872999999994,True
CAND_01060,Al16.21Cu21.93Fe10.66Nb7.19Ni44.01,5,773.3939208984375,1054.4708251953125,51.550270080566406,500.1227999999991,True
CAND_01061,Mn29.28Mo20.02Nb24.16Ti26.54,4,827.7675170898438,776.4016723632812,42.15597915649414,551.1116999999998,True
CAND_01062,Co17.99Cu32.01Fe27.50Nb22.50,4,728.10888671875,903.2730712890625,61.68701934814453,526.9143999999995,True
CAND_01063,Al11.61Fe21.64Mo22.72Nb10.41Ti33.62,5,992.56396484375,541.7403564453125,48.5977897644043,504.66339999999985,True
CAND_01064,Co17.57Mn28.15Mo8.33Ti13.29W32.66,5,636.9622192382812,944.667724609375,48.28413772583008,530.6299,True
CAND_01065,Al24.71Cu24.49Nb22.04Ni28.76,4,815.1964721679688,1024.8131103515625,59.628135681152344,617.6905666666661,True
CAND_01066,Cr12.72Fe35.69Ni22.53W29.06,4,536.62744140625,889.669677734375,49.801597595214844,465.09229999999957,True
CAND_01067,Cr37.59Mn41.82Nb12.41W8.18,4,838.6273803710938,1184.088134765625,51.42042541503906,533.0398999999999,True
CAND_01068,Al38.59Co9.39Fe10.48Mn34.81Nb6.73,5,929.8524780273438,1147.9058837890625,52.47600173950195,689.6703333333332,True
CAND_01069,Al12.86Fe18.39Nb24.68Ni24.41V19.66,5,1199.261474609375,963.2112426757812,62.57469177246094,500.1789999999996,True
CAND_01070,Al13.44Fe18.79Nb30.80Ni21.26W15.71,5,993.4425659179688,1024.096923828125,59.665008544921875,476.73139999999955,True
CAND_01071,Cu16.30Mn27.03Ni23.93W32.74,4,495.39837646484375,896.7352905273438,52.63896942138672,574.0947999999995,True
CAND_01072,Co15.53Cr19.28Cu9.53Mn19.96Mo35.70,5,719.5930786132812,914.5150146484375,54.37735366821289,589.5747,True
CAND_01073,Cr28.09Cu6.36Fe32.92Nb17.53Ti15.10,5,1283.775634765625,827.9635009765625,58.7755241394043,492.4118999999998,True
CAND_01074,Co37.00Fe15.14Mn23.06Mo6.52W18.28,5,599.5844116210938,1162.3026123046875,61.57676315307617,522.8709,True
CAND_01075,Co33.48Cr36.60Mn9.08V20.84,4,977.5857543945312,1222.530029296875,74.73091125488281,564.9860000000001,True
CAND_01076,Cu7.33Fe21.24Ni9.00Ti17.90V24.34W20.19,6,1018.7806396484375,1052.9193115234375,47.378719329833984,508.7425999999997,True
CAND_01077,Al32.88Fe28.55Mo13.43Nb8.51W16.63,5,877.3391723632812,982.5828247070312,49.02566909790039,669.9329999999999,True
CAND_01078,Cr14.58Cu14.46Mn13.68Ni5.44Ti32.20V19.64,6,974.0469360351562,911.3379516601562,43.89997482299805,611.5919999999996,True
CAND_01079,Al18.52Cr13.24Mo39.47W28.77,4,960.0449829101562,944.7578735351562,52.8620491027832,588.7584999999998,True
CAND_01080,Mn14.07Mo18.26Nb22.92Ti19.22V14.05W11.48,6,1090.7001953125,792.4690551757812,42.83616256713867,608.6276999999999,True
CAND_01081,Mn22.97Ni10.16V36.80W30.07,4,820.9935913085938,930.3331298828125,53.50388717651367,542.4216999999998,True
CAND_01082,Co9.99Cu16.56Mn24.42V15.38W33.65,5,710.2777099609375,958.8714599609375,55.25418472290039,633.4808999999997,True
CAND_01083,Cu15.46Fe14.96Mo13.01Nb10.54Ni19.15Ti26.88,6,1005.2867431640625,789.55419921875,45.84835433959961,572.5661999999995,True
CAND_01084,Al20.45Co40.88Cu24.60Mn14.07,4,734.8574829101562,1088.1224365234375,70.75167846679688,685.179,True
CAND_01085,Cr32.93Cu7.32Fe20.27Ni24.89V14.59,5,1164.895263671875,659.64013671875,64.22986602783203,498.05579999999964,True
CAND_01086,Co16.11Fe7.84Mn19.79Nb29.01Ni6.04Ti21.21,6,815.8119506835938,1047.469482421875,44.612056732177734,559.7759999999998,True
CAND_01087,Al9.38Co22.29Cr20.80Mn12.91Mo15.61Nb19.01,6,1047.298828125,1064.207275390625,62.139060974121094,567.282,True
CAND_01088,Cr12.63Cu16.71Mn9.95Mo36.14Ni16.74V7.83,6,1116.8614501953125,684.6781005859375,52.49636459350586,643.2096999999993,True
CAND_01089,Al28.37Co31.80Cr24.22Nb15.61,4,1011.71630859375,1225.5465087890625,68.74325561523438,766.9325333333333,True
CAND_01090,Al5.32Cr21.49Fe35.36Mn8.41Ni23.97W5.45,6,591.589599609375,894.8306274414062,55.14305877685547,483.74899999999957,True
CAND_01091,Mo24.94Ni23.99V41.52W9.55,4,1084.77783203125,858.0238647460938,55.35874938964844,535.5133,True
CAND_01092,Co10.37Cu42.93Nb14.68Ti9.55V22.47,5,956.6898803710938,1140.4505615234375,44.51771545410156,652.0259999999993,True
CAND_01093,Al23.49Cr15.41Cu17.16Fe23.41Mo10.25Nb10.28,6,1311.91162109375,984.3130493164062,47.59337615966797,600.8121333333331,True
CAND_01094,Co35.43Cr9.69Cu30.49Mn24.39,4,521.8765869140625,1057.1646728515625,61.592281341552734,609.6007999999998,True
CAND_01095,Co32.27Fe23.95Mn12.19Nb31.59,4,680.2640380859375,1051.4737548828125,66.81620025634766,517.3915999999999,True
CAND_01096,Fe9.50Mn15.75Mo30.81Ti17.71W26.23,5,890.687255859375,825.4732666015625,43.122859954833984,595.9102999999998,True
CAND_01097,Al27.56Cr19.67Cu7.82Ni8.46Ti36.49,5,1085.300048828125,820.0848999023438,53.26995086669922,771.6697333333336,True
CAND_01098,Co27.65Cr39.23Nb13.16Ti19.96,4,827.0172119140625,1037.2900390625,63.47498321533203,546.2651999999999,True
CAND_01099,Fe18.85Nb42.67Ni9.21Ti17.47V11.80,5,1131.6318359375,934.2240600585938,43.489078521728516,515.4603999999996,True
CAND_01100,Al15.24Co19.37Fe21.57Mn7.45Ti19.05W17.32,6,889.3388061523438,1183.1971435546875,59.043514251708984,477.0277999999998,True
CAND_01101,Cr10.50Cu13.02Mo14.39Nb40.79Ni13.28Ti8.02,6,974.3817749023438,817.4671020507812,48.407352447509766,629.5389999999996,True
CAND_01102,Al32.46Co27.93Mn14.36W25.25,4,667.4168701171875,1099.9185791015625,66.56365203857422,738.3083999999999,True
CAND_01103,Cr18.01Fe16.57Nb16.94Ti19.22V5.31W23.95,6,1172.63134765625,1075.375,43.17212677001953,490.2165999999998,True
CAND_01104,Al13.38Co21.00Fe15.61Mn30.33W19.68,5,563.1292724609375,1203.14599609375,59.09304428100586,488.08049999999986,True
CAND_01105,Al29.91Co6.85Cu26.42Fe23.01Nb7.83W5.98,6,989.8078002929688,1128.6038818359375,51.043643951416016,711.9675333333332,True
CAND_01106,Cu42.94Fe34.74Mo7.61V14.71,4,892.845458984375,881.011474609375,48.334678649902344,539.1481999999993,True
CAND_01107,Co19.41Fe18.70Mo43.49Ni18.40,4,772.4817504882812,840.2584838867188,69.37586212158203,473.85110000000014,True
CAND_01108,Al25.04Cu30.59Fe8.65Ni30.58Ti5.14,5,822.5894165039062,1074.134765625,57.250633239746094,594.9408999999995,True
CAND_01109,Fe15.27Mn32.07Mo19.00V15.33W18.33,5,951.415283203125,947.5508422851562,48.11537551879883,531.5637999999998,True
CAND_01110,Cu18.91Fe27.62Mn7.85Mo22.66Nb22.96,5,906.7393798828125,944.5842895507812,49.74967956542969,600.6895999999995,True
CAND_01111,Cr5.96Cu37.51Fe16.70Mn21.94Ti17.89,5,808.3521118164062,1082.54052734375,41.534698486328125,522.8040999999994,True
CAND_01112,Cr7.35Cu7.35Mo10.69Ni33.64V29.83W11.14,6,1174.906982421875,898.9954833984375,65.51115417480469,410.08139999999975,True
CAND_01113,Cr5.76Cu12.75Fe41.76Mn6.95Ti25.83W6.95,6,878.763427734375,855.1011962890625,45.03782272338867,507.9160999999995,True
CAND_01114,Al34.93Fe6.57Mn13.65Ni31.88V12.97,5,801.285400390625,963.999755859375,62.8077392578125,695.0300666666661,True
CAND_01115,Co12.89Fe6.83Mn29.56Mo20.66Ti30.06,5,686.0401000976562,722.1607055664062,42.515132904052734,545.4091999999999,True
CAND_01116,Cu16.31Fe14.79Mn31.31Mo15.80V21.79,5,922.0160522460938,998.8108520507812,52.2022590637207,624.9894999999997,True
CAND_01117,Cu10.13Mo39.08Nb9.09Ti41.70,4,888.392822265625,725.3796997070312,38.04887771606445,592.7738999999997,True
CAND_01118,Al24.41Cu39.69Mo17.64W18.26,4,681.40478515625,911.7233276367188,55.26253128051758,687.1950666666663,True
CAND_01119,Co27.34Cr10.16Fe17.41Mn18.90Mo18.04Ni8.15,6,569.3067016601562,979.4740600585938,61.641868591308594,513.9927000000002,True
CAND_01120,Cu25.77Mn23.10V21.13W30.00,4,746.5716552734375,1044.2406005859375,50.479339599609375,618.6710999999997,True
CAND_01121,Cr10.19Mo30.66Nb21.23Ti37.92,4,948.4115600585938,768.089599609375,43.561222076416016,584.0286999999998,True
CAND_01122,Cr15.94Cu27.15Fe34.24V22.67,4,958.6680908203125,938.6099243164062,42.74578857421875,536.8649999999994,True
CAND_01123,Cu26.50Fe17.27Mo25.82V30.41,4,1047.391357421875,986.372802734375,44.72461700439453,609.1794999999994,True
CAND_01124,Nb12.59Ni21.40Ti30.58W35.43,4,902.7033081054688,872.6632080078125,41.92724609375,506.1685999999996,True
CAND_01125,Co21.16Cu18.23Ni11.36Ti20.81V28.44,5,784.9251708984375,920.458251953125,53.870140075683594,635.0303999999998,True
CAND_01126,Cr8.28Cu18.20Fe7.99Mo10.25Ni28.25W27.03,6,642.1407470703125,848.0919799804688,49.401458740234375,543.1315999999994,True
CAND_01127,Al12.59Cu28.48Nb21.91Ni13.81Ti6.64V16.57,6,1032.1943359375,958.470703125,51.67203903198242,665.8077999999994,True
CAND_01128,Cu15.67Fe14.93Ti31.82V25.16W12.42,5,906.7750244140625,927.7416381835938,44.52861404418945,615.7625999999996,True
CAND_01129,Al9.21Co19.61Cu42.93Ti28.25,4,812.4418334960938,928.8330688476562,57.12635040283203,618.4179999999997,True
CAND_01130,Al25.63Fe29.82Mn5.47Nb22.38Ni10.16V6.54,6,1195.1202392578125,926.7384643554688,55.08309555053711,633.404833333333,True
CAND_01131,Co13.20Cu12.19Ni11.20Ti36.10V5.73W21.58,6,808.4312133789062,648.7383422851562,54.55380630493164,589.8363999999996,True
CAND_01132,Co6.50Cr41.33Mn28.08V24.09,4,852.52001953125,1088.2513427734375,60.512794494628906,537.5530999999999,True
CAND_01133,Co11.37Fe36.20Mo7.83V32.82W11.78,5,1016.001708984375,1076.6435546875,53.32412338256836,488.76649999999967,True
CAND_01134,Al34.30Cr24.40Mn29.72Nb11.58,4,1017.5137329101562,1304.794677734375,50.79978942871094,667.3386999999999,True
CAND_01135,Cr21.07Mn42.13Ni19.56W17.24,4,752.0768432617188,1031.84765625,53.396751403808594,494.2986999999997,True
CAND_01136,Co10.62Fe30.72Ni18.54Ti23.73W16.39,5,847.50439453125,908.4260864257812,61.286685943603516,452.22676666666626,True
CAND_01137,Al21.16Fe13.75Ni9.96V26.80W28.33,5,1016.00732421875,1101.887451171875,51.95162582397461,577.6067999999999,True
CAND_01138,Cr23.83Mn23.46Nb7.30Ti30.58V14.83,5,864.9298095703125,982.4765625,40.32606506347656,537.7814999999999,True
CAND_01139,Al42.04Co5.26Cr6.46Fe25.74Ti20.50,5,1098.972900390625,979.7466430664062,52.159725189208984,679.4072,True
CAND_01140,Al11.96Co13.97Mn21.60Ni15.60W36.87,5,615.6541137695312,1068.8861083984375,58.11445999145508,524.9874999999997,True
CAND_01141,Cr17.22Cu40.21Ni28.87W13.70,4,590.3199462890625,862.3325805664062,49.21588897705078,477.589399999999,True
CAND_01142,Cu42.16Mn6.49Nb23.07Ti12.71V15.57,5,1003.5403442382812,1005.5762329101562,40.704429626464844,670.6865999999995,True
CAND_01143,Co5.30Cr16.95Mn30.22Mo28.54Ni7.26W11.73,6,715.4630126953125,928.282958984375,44.97917175292969,554.4409999999999,True
CAND_01144,Cr5.59Fe5.99Nb25.52Ti41.35V12.99W8.56,6,972.6759643554688,843.3092041015625,41.441829681396484,572.8627999999997,True
CAND_01145,Fe22.26Mn13.06Mo24.29V30.07W10.32,5,1084.070068359375,976.3236083984375,48.85152816772461,520.8761999999998,True
CAND_01146,Al19.64Cr17.54Mo21.84Nb6.48V15.18W19.32,6,1276.07373046875,890.2898559570312,44.18597412109375,600.4956999999998,True
CAND_01147,Al6.00Co13.82Mn9.33Mo21.35Ni33.20Ti16.30,6,1016.8388671875,515.880126953125,56.583946228027344,430.26219999999984,True
CAND_01148,Al17.81Co22.10Fe16.34Mn30.51Mo13.24,5,744.0306396484375,1068.2596435546875,62.02805709838867,484.6037999999999,True
CAND_01149,Al7.68Co30.59Fe6.17Nb22.33Ni33.23,5,680.7973022460938,869.1793823242188,67.51466369628906,393.9310000000001,True
CAND_01150,Co18.09Mo16.97Nb42.35V22.59,4,1171.39501953125,1264.3746337890625,53.57021713256836,594.168,True
CAND_01151,Co19.32Mn17.93Mo15.36Nb19.82Ni12.61V14.96,6,997.5376586914062,765.4916381835938,61.37785720825195,585.0261999999999,True
CAND_01152,Cu28.42Mo10.68Nb9.63Ni36.84Ti14.43,5,1075.9232177734375,916.9755859375,39.17472839355469,467.7493999999993,True
CAND_01153,Al19.75Cu14.34Fe40.01Mn11.28Nb14.62,5,904.90625,1024.503662109375,48.324459075927734,538.7223666666664,True
CAND_01154,Cu8.35Fe19.09Mn16.34Nb13.10Ti28.53W14.59,6,1012.504638671875,1108.5047607421875,43.286197662353516,496.7175999999996,True
CAND_01155,Fe6.68Mn9.29Ni15.73Ti12.21V33.08W23.01,6,1010.2437133789062,909.1652221679688,43.288700103759766,553.4513999999997,True
CAND_01156,Co10.37Cr16.35Cu34.42Fe15.34Mn23.52,5,535.8947143554688,997.1995849609375,47.12087631225586,552.2298999999995,True
CAND_01157,Co42.07Mn28.31Ni18.42V11.20,4,742.7183837890625,924.0062255859375,69.21604919433594,532.4546,True
CAND_01158,Al9.42Co20.53Cr8.30Mn14.26Mo25.46Ni22.03,6,869.08642578125,841.1016235351562,57.76043701171875,508.69630000000024,True
CAND_01159,Al16.42Co20.89Ni13.78Ti7.26W41.65,5,774.953125,1165.023193359375,60.267948150634766,540.0683999999999,True
CAND_01160,Al17.06Co30.24Mo19.27V17.21W16.22,5,1015.5664672851562,983.2247314453125,64.44342803955078,589.1402999999998,True
CAND_01161,Cr38.92Mo20.45Nb35.43Ti5.20,4,921.0994873046875,1161.21728515625,59.80313491821289,599.7095999999998,True
CAND_01162,Cr22.87Fe36.39Mn26.00Ti14.74,4,805.3687744140625,996.6196899414062,44.20174789428711,448.56179999999983,True
CAND_01163,Al9.93Mn7.98Mo23.34Nb29.16Ni17.34V12.25,6,1161.234130859375,756.4046020507812,45.21736526489258,544.2575999999999,True
CAND_01164,Al22.39Fe33.04Nb20.05Ni8.94Ti15.58,5,1237.4598388671875,866.37841796875,52.46493148803711,562.5452666666666,True
CAND_01165,Co38.06Cr19.98Fe20.92Nb14.42W6.62,5,899.6632080078125,1077.4232177734375,70.15773010253906,535.0712,True
CAND_01166,Cr18.06Fe15.34Mn20.10Ni25.94V20.56,5,1024.3394775390625,989.4320068359375,53.15523147583008,478.82919999999973,True
CAND_01167,Co13.79Cu16.61Fe6.62Mo17.12Ti34.01W11.85,6,762.2395629882812,632.8466796875,47.562320709228516,685.5629999999996,True
CAND_01168,Co42.89Mn16.36Ni18.45W22.30,4,600.837890625,1004.234130859375,76.01029968261719,545.4075999999999,True
CAND_01169,Al20.32Fe10.73Mn5.55Mo32.00W31.40,5,719.180908203125,845.4893188476562,53.828922271728516,603.8194999999998,True
CAND_01170,Al14.19Cu26.06V33.75W26.00,4,965.5870971679688,1033.5206298828125,54.480587005615234,661.6027999999994,True
CAND_01171,Cu19.09Fe14.15Mn32.46W34.30,4,529.9513549804688,1052.0523681640625,45.89378356933594,602.9340999999996,True
CAND_01172,Co23.53Cr25.03Nb21.18V30.26,4,1089.5164794921875,1040.85986328125,73.36682891845703,561.1262,True
CAND_01173,Al21.12Co32.17Fe15.34Ni31.37,4,677.7649536132812,1017.8215942382812,73.64552307128906,529.9185999999997,True
CAND_01174,Al32.36Co11.48Cr14.75Ni6.83Ti20.64V13.94,6,1150.975830078125,1044.6640625,52.37370681762695,713.2378666666666,True
CAND_01175,Cr31.41Cu21.30Mn26.49Ni9.50W11.30,5,626.8919677734375,978.2532958984375,52.44715118408203,602.5172999999998,True
CAND_01176,Co29.66Cu18.71Fe11.39Mn40.24,4,441.5706481933594,1031.18896484375,64.49826049804688,596.0881999999997,True
CAND_01177,Al15.12Fe39.61Mo6.54Nb8.95Ni29.78,5,809.9114379882812,1044.4385986328125,54.27909469604492,443.5045999999994,True
CAND_01178,Co16.72Cr42.36Cu20.68Ni8.05W12.19,5,594.7276000976562,887.8067626953125,62.22974395751953,623.4844,True
CAND_01179,Co24.22Cu5.20Nb29.96Ti40.62,4,738.2371215820312,846.7999877929688,58.70021438598633,546.2925999999999,True
CAND_01180,Cr6.77Cu16.31Fe21.40Mn31.42Nb11.38V12.72,6,1022.6060180664062,926.092529296875,39.49106216430664,526.1277999999998,True
CAND_01181,Co22.97Fe7.33Mn27.96W41.74,4,450.8819885253906,1059.4302978515625,59.62065505981445,525.8475,True
CAND_01182,Co10.38Mo37.41Nb31.34Ni10.68V10.19,5,1087.0306396484375,799.3363037109375,49.946659088134766,597.6467999999998,True
CAND_01183,Mn15.39Mo14.76V28.16W41.69,4,992.7584838867188,961.3609008789062,52.107120513916016,595.5071999999998,True
CAND_01184,Co40.32Fe7.03Mn5.85Ti33.09W13.71,5,651.235595703125,1001.5925903320312,56.95753860473633,567.0157999999999,True
CAND_01185,Al20.78Co16.37Mn14.41Ni13.24W35.20,5,731.5352172851562,1102.0711669921875,60.32722091674805,555.673,True
CAND_01186,Cu10.84Mo9.28Nb18.20Ti11.30V30.80W19.58,6,1107.9505615234375,1092.4378662109375,49.592342376708984,597.3347999999999,True
CAND_01187,Al27.89Fe31.12Mo13.51Ni17.55V9.93,5,868.8517456054688,867.0162963867188,59.6878547668457,783.7262333333334,True
CAND_01188,Co10.47Cu34.86Fe21.76Ni18.42W14.49,5,585.029052734375,937.3699340820312,67.87254333496094,473.95286666666556,True
CAND_01189,Cu39.86Mo21.69V12.13W26.32,4,935.9293212890625,766.9332885742188,46.751434326171875,702.3534999999994,True
CAND_01190,Co36.38Fe17.75Mn11.04W34.83,4,572.9214477539062,1104.787841796875,62.50246810913086,537.5625999999999,True
CAND_01191,Co10.74Cr18.07Mo19.92Ni10.39Ti5.27V35.61,6,1259.52001953125,1127.43798828125,45.63191604614258,593.0399999999997,True
CAND_01192,Co32.14Fe20.77Nb16.82Ti30.27,4,786.3887939453125,1011.0506591796875,61.69034194946289,503.4609999999999,True
CAND_01193,Al21.47Co30.03Ti40.65W7.85,4,925.23193359375,936.5584106445312,63.11735153198242,594.2570666666666,True
CAND_01194,Cr25.24Cu9.20Fe7.53Mn25.61V32.42,5,908.2035522460938,971.5804443359375,60.34479904174805,546.3768999999999,True
CAND_01195,Cu22.54Mn6.19Mo5.30Nb29.52Ti21.77W14.68,6,899.4981079101562,1047.118896484375,46.72148895263672,652.3289999999996,True
CAND_01196,Al9.70Fe26.91Mo21.85Ni41.54,4,707.0889892578125,709.302978515625,51.20576858520508,419.36729999999983,True
CAND_01197,Al28.70Cu35.53Mn5.86Mo8.73Ni9.06W12.12,6,762.8218994140625,1018.4032592773438,58.31772994995117,711.9696666666664,True
CAND_01198,Co44.97Mn17.96Nb18.48Ti18.59,4,697.738037109375,1086.1903076171875,60.06222152709961,575.5224,True
CAND_01199,Al27.70Mn24.13Mo23.64W24.53,4,479.0452880859375,821.8367919921875,54.13053512573242,686.4560333333334,True
CAND_01200,Co10.25Fe14.73Mo35.51Nb16.24Ni9.81Ti13.46,6,1011.3526000976562,843.0313110351562,42.46074295043945,574.9820999999996,True
CAND_01201,Al8.85Co39.20Cr25.37Cu5.57Mo11.17V9.84,6,1195.3912353515625,949.5265502929688,71.94306945800781,574.5372,True
CAND_01202,Cr8.23Cu36.83Ni33.66V21.28,4,966.7771606445312,940.6856689453125,57.80012512207031,422.8383999999989,True
CAND_01203,Cr8.48Nb10.80Ni42.18Ti22.84W15.70,5,1106.9453125,988.865234375,44.11705017089844,417.8689999999996,True
CAND_01204,Co11.05Cu29.18Mn9.94Nb5.15Ni16.96V27.72,6,1010.0082397460938,890.4009399414062,49.66504669189453,583.2903999999992,True
CAND_01205,Al26.13Cr15.44Cu16.21Nb28.29Ti13.93,5,1231.9903564453125,828.9983520507812,49.515384674072266,728.7558666666665,True
CAND_01206,Co24.67Cr41.97Ti13.32V20.04,4,930.363525390625,1079.020263671875,64.64605712890625,560.4018000000002,True
CAND_01207,Al8.37Co22.04Fe28.94Mo11.23Nb9.99V19.43,6,1216.0318603515625,1189.6005859375,45.51918411254883,481.4851999999999,True
CAND_01208,Al8.04Mo23.08Ni33.32Ti18.06W17.50,5,1076.5198974609375,552.5921630859375,53.292579650878906,434.05559999999974,True
CAND_01209,Co22.31Fe19.86Mo24.54Nb6.36Ni26.93,5,766.3976440429688,907.80224609375,56.405738830566406,493.26010000000014,True
CAND_01210,Al25.95Co33.88Cu6.84Nb11.12Ni14.44V7.77,6,1095.37158203125,1020.9368896484375,66.23413848876953,732.7566666666667,True
CAND_01211,Co12.60Fe39.92Mo24.24V23.24,4,954.4375610351562,1118.5528564453125,48.714786529541016,497.3825999999998,True
CAND_01212,Al35.04Co17.31Cr29.08Nb12.60Ti5.97,5,1145.7308349609375,1345.47802734375,65.59171295166016,730.8268,True
CAND_01213,Co13.20Cu17.10Fe6.81Mo36.98Nb11.36V14.55,6,1219.6124267578125,841.1387939453125,42.95248031616211,724.0840999999997,True
CAND_01214,Al29.44Co14.30Cu13.06Fe7.52Mo16.97Ti18.71,6,835.184814453125,725.0479125976562,55.25901412963867,738.934533333333,True
CAND_01215,Co22.05Cr21.37Mo7.46V39.21W9.91,5,1176.049072265625,1087.0413818359375,60.60749816894531,555.333,True
CAND_01216,Al28.11Co14.55Cr27.57Nb29.77,4,1055.3023681640625,1194.6409912109375,65.27718353271484,726.3893666666665,True
CAND_01217,Al5.65Co18.92Fe38.10Mo16.57Nb20.76,5,867.4124755859375,967.5972290039062,61.45242691040039,491.84780000000006,True
CAND_01218,Cr9.34Cu13.50Fe10.46Mn38.73W27.97,5,570.3013305664062,937.336669921875,44.018009185791016,567.7826999999996,True
CAND_01219,Co8.00Cr15.75Mo6.34Ti10.30V20.56W39.05,6,1049.9495849609375,1229.8865966796875,43.22361755371094,578.4569999999998,True
CAND_01220,Al9.78Cu39.39Ti16.02V18.66W16.15,5,1024.3494873046875,976.11328125,44.205963134765625,654.9393999999994,True
CAND_01221,Al5.67Co31.52Cu35.80Fe8.63Nb9.84Ni8.54,6,749.0512084960938,946.083251953125,54.031959533691406,627.4785999999999,True
CAND_01222,Cr18.68Mo32.04Nb31.41V17.87,4,1367.269287109375,971.5272216796875,43.13289260864258,606.6649999999998,True
CAND_01223,Al16.60Co6.92Mn15.59Nb14.89Ti28.12V17.88,6,1166.80029296875,1109.9412841796875,53.101680755615234,573.0415999999998,True
CAND_01224,Cr13.83Cu17.40Fe33.64Ni6.07V18.85W10.21,6,967.8919067382812,945.3624267578125,42.76013946533203,557.3662999999996,True
CAND_01225,Al16.02Fe30.30Nb15.50Ni38.18,4,863.7510986328125,976.4528198242188,59.717464447021484,417.9981999999995,True
CAND_01226,Al13.41Fe23.21Ti23.06V40.32,4,1063.2376708984375,1110.172119140625,52.46906661987305,504.60589999999974,True
CAND_01227,Co5.88Cu13.87Nb15.51Ni38.89Ti25.85,5,1022.7279052734375,984.0473022460938,50.87306213378906,447.4489999999995,True
CAND_01228,Al14.46Cr34.54Mn9.63Mo20.51Ni20.86,5,937.135498046875,910.8009643554688,61.42321014404297,539.3541999999998,True
CAND_01229,Fe19.95Mn21.35V28.30W30.40,4,866.78271484375,1048.46435546875,50.280635833740234,496.65649999999977,True
CAND_01230,Cr6.74Cu9.37Mo15.31Ti30.87V37.71,5,1050.62060546875,741.8353271484375,50.92353439331055,595.2335999999999,True
CAND_01231,Al32.04Cu10.56Mn10.77Ni40.79W5.84,5,639.4630126953125,1094.562744140625,64.89640808105469,682.0325333333329,True
CAND_01232,Al18.82Co21.40Cu29.95Fe7.02Nb7.32Ti15.49,6,963.1729125976562,1084.587646484375,52.96145248413086,646.4253999999997,True
CAND_01233,Cr12.69Fe20.57Mn23.30Mo12.13Ni10.52V20.79,6,1085.41845703125,1085.132568359375,51.2824592590332,483.9719999999997,True
CAND_01234,Al10.66Cu16.42Mo19.46Ti26.03V27.43,5,943.9153442382812,768.8751220703125,46.69648361206055,697.6822999999996,True
CAND_01235,Al21.96Cr7.84Cu19.53Ni7.34Ti12.03V31.30,6,1278.89404296875,896.3394165039062,47.85396957397461,674.0167999999996,True
CAND_01236,Fe35.20Nb5.67Ti35.77W23.36,4,920.9293823242188,840.40087890625,39.924686431884766,483.5708999999996,True
CAND_01237,Al12.12Co17.51Cr40.70Cu19.36W10.31,5,814.2679443359375,1070.400146484375,66.57817840576172,627.0254000000001,True
CAND_01238,Al15.71Cr13.48Nb6.75Ni20.88Ti33.38W9.80,6,1118.433349609375,812.2354736328125,54.329505920410156,496.2907999999997,True
CAND_01239,Al21.63Co13.09Cr18.63Cu23.99Ni12.93Ti9.73,6,1175.6181640625,1003.2195434570312,55.006107330322266,636.6451333333331,True
CAND_01240,Fe13.81Mo19.08Nb39.97Ti27.14,4,994.97314453125,857.5833129882812,41.937068939208984,587.0693999999997,True
CAND_01241,Al21.02Fe19.91Mn32.98Nb11.10Ti14.99,5,1173.73046875,1055.466552734375,45.59872055053711,493.60396666666657,True
CAND_01242,Al30.38Co13.42Cu33.57Fe6.46Mo16.17,5,666.0277709960938,897.7510986328125,60.73295974731445,736.5162666666665,True
CAND_01243,Al33.18Cu17.31Fe7.51Mn29.73Ni12.27,5,731.8485717773438,1002.197509765625,53.542789459228516,664.6414999999998,True
CAND_01244,Al20.04Cu37.93Fe5.29Mo21.08Ti15.66,5,953.5191650390625,679.91162109375,50.728275299072266,697.8582999999995,True
CAND_01245,Co21.82Fe17.47Nb15.24Ni17.50W27.97,5,793.2822875976562,1012.3609008789062,59.30622482299805,431.37646666666643,True
CAND_01246,Al18.51Co8.78Cr22.40Nb27.35Ti10.61W12.35,6,1210.405517578125,1261.6934814453125,57.78740310668945,575.9915999999997,True
CAND_01247,Al21.78Cr7.01Cu18.07Mo36.94Nb8.15V8.05,6,1190.062255859375,798.9331665039062,46.43388748168945,693.2678999999997,True
CAND_01248,Al5.98Cr12.88Nb14.86Ni14.06Ti12.73W39.49,6,1041.3876953125,952.1332397460938,51.02413558959961,567.0045999999998,True
CAND_01249,Al14.02Nb17.06Ni21.43Ti31.57V15.92,5,1112.795166015625,852.1260375976562,60.284828186035156,512.4189999999996,True
CAND_01250,Al17.01Co35.66Mn9.14Nb23.51Ni14.68,5,987.7399291992188,1078.1737060546875,68.13673400878906,544.9423999999999,True
CAND_01251,Al16.99Cr15.46Cu7.75Fe16.82Mn12.65V30.33,6,1326.3236083984375,1044.043212890625,52.817344665527344,500.7265999999998,True
CAND_01252,Al7.69Cu7.45Nb8.74Ni42.25Ti18.59W15.28,6,1044.845947265625,809.7654418945312,44.00342559814453,422.9683999999996,True
CAND_01253,Al12.33Cr9.73Mo36.37Nb36.47W5.10,5,864.8814697265625,919.1685791015625,53.10945510864258,603.2251999999999,True
CAND_01254,Al8.77Cr40.77Cu11.03Mo12.48Nb5.59Ti21.36,6,1063.087890625,961.5621948242188,58.63194274902344,607.4599999999998,True
CAND_01255,Al15.62Fe5.17Nb15.81Ti16.07V33.61W13.72,6,1220.245361328125,1113.9234619140625,51.7973747253418,574.4777999999998,True
CAND_01256,Co5.98Fe17.39Mn40.09Mo23.08Nb13.46,5,849.6577758789062,1024.1375732421875,41.05033874511719,480.32059999999984,True
CAND_01257,Al18.14Co24.90Cu28.33Mn9.91Ni10.83W7.89,6,691.9255981445312,980.0699462890625,71.88089752197266,629.8863999999998,True
CAND_01258,Cr10.09Cu24.11Fe14.41Ni16.63V15.82W18.94,6,955.4385986328125,879.3596801757812,44.15068817138672,602.5245999999995,True
CAND_01259,Co12.67Cu25.51Mn19.06Nb11.06Ni24.73W6.97,6,553.2354125976562,946.0013427734375,46.20957946777344,563.6337999999994,True
CAND_01260,Co8.63Cr11.31Nb40.56Ni9.22V20.02W10.26,6,1088.5462646484375,1084.098388671875,53.1883659362793,575.7009999999998,True
CAND_01261,Co5.86Cr28.51Mn11.26Nb8.16Ni28.25W17.96,6,728.9258422851562,941.2991943359375,53.679264068603516,491.8643999999998,True
CAND_01262,Fe6.45Mn16.64Mo10.30Ti13.37V18.88W34.36,6,1082.0670166015625,1042.067138671875,44.016544342041016,582.9408,True
CAND_01263,Al41.99Co6.43Mn16.64Ni8.80V18.76W7.38,6,950.4419555664062,1095.9459228515625,55.460269927978516,759.1271333333333,True
CAND_01264,Al23.70Co7.29Cu15.01Fe32.17Mo21.83,5,790.9269409179688,874.362548828125,53.05600357055664,595.0473999999997,True
CAND_01265,Co14.06Fe30.44Mn11.10Nb20.28W24.12,5,742.159423828125,919.5565185546875,57.1074104309082,500.4536999999997,True
CAND_01266,Al13.81Cr19.77Fe24.58Mo23.07Ni18.77,5,938.7914428710938,799.14404296875,63.70270919799805,475.51226666666656,True
CAND_01267,Co21.89Cr8.00Fe11.95Mn16.14Nb42.02,5,798.203857421875,1131.994384765625,60.02824783325195,555.7045999999999,True
CAND_01268,Co25.22Cr12.55Fe33.88Mn8.50Ni11.65W8.20,6,504.9403381347656,854.8857421875,60.74381637573242,463.12459999999993,True
CAND_01269,Co35.19Fe10.83Mn35.11Ni18.87,4,549.3718872070312,951.1939697265625,65.97686767578125,512.8215999999999,True
CAND_01270,Cu40.05Nb26.46Ni19.77W13.72,4,754.5576171875,879.1803588867188,57.404205322265625,551.4271999999991,True
CAND_01271,Al10.17Cr31.39Ni26.54W31.90,4,835.1199340820312,949.9054565429688,59.690494537353516,514.9797999999996,True
CAND_01272,Co16.19Cr28.20Cu24.01Mn11.16W20.44,5,580.0533447265625,953.5018920898438,61.305484771728516,625.7805999999999,True
CAND_01273,Co23.65Cr37.23Mn16.82W22.30,4,582.6810302734375,1027.3892822265625,75.91832733154297,554.9152,True
CAND_01274,Al24.91Co11.35Cu9.99Mo16.19Ni13.91V23.65,6,975.5762329101562,818.5997314453125,64.14144134521484,651.3701999999998,True
CAND_01275,Al10.90Co39.94Cr10.25Mn6.67Nb32.24,5,958.5322265625,1119.6727294921875,60.059661865234375,576.5327999999998,True
CAND_01276,Cr28.67Fe39.07Mo10.85Ni21.41,4,895.1275634765625,1004.4017333984375,54.53607177734375,480.5678999999997,True
CAND_01277,Al13.19Co28.26Mn19.23Nb28.88V10.44,5,879.2862548828125,1038.48486328125,63.411991119384766,562.4553999999999,True
CAND_01278,Mn7.25Mo12.70Nb8.98Ni36.67V34.40,5,1214.52392578125,951.4039306640625,56.124481201171875,421.6647999999996,True
CAND_01279,Al20.45Cu27.23Mo14.96Nb29.27Ti8.09,5,975.97119140625,892.1495361328125,56.7677116394043,703.7689999999998,True
CAND_01280,Al12.91Co31.73Fe18.78Mn17.50Ni19.08,5,640.8160400390625,978.5346069335938,77.20890045166016,479.47199999999987,True
CAND_01281,Co13.12Cr29.38Cu8.66Mn23.89Mo9.38Ni15.57,6,659.4862060546875,934.4551391601562,64.13179016113281,522.1690999999998,True
CAND_01282,Al31.27Fe16.59Mo15.64Ni36.50,4,630.243896484375,887.8276977539062,59.48743438720703,696.3859333333331,True
CAND_01283,Cr31.91Fe6.53Mn17.13Nb30.72Ti13.71,5,1141.3013916015625,1065.0909423828125,60.459144592285156,579.7169999999999,True
CAND_01284,Al29.88Cu8.76Nb7.36Ni36.71Ti17.29,5,1113.477294921875,991.40478515625,53.229339599609375,691.6177333333328,True
CAND_01285,Al22.67Cr22.09Fe10.91Mn30.62V13.71,5,1182.6693115234375,1180.8150634765625,53.17026138305664,566.9594333333332,True
CAND_01286,Al6.72Cu15.36Fe14.49Mn23.67Mo17.71Nb22.05,6,858.9911499023438,847.4149169921875,49.1234016418457,617.7361999999997,True
CAND_01287,Al11.00Co28.55Cr10.76Mo13.25Ti12.50V23.94,6,929.011474609375,957.8397216796875,59.24382781982422,584.0596,True
CAND_01288,Cu31.96Fe9.83Mn16.93Mo8.55Ni32.73,5,637.414306640625,919.3646850585938,52.46331024169922,438.05179999999905,True
CAND_01289,Co14.91Cu9.34Mn36.77Ni10.33Ti28.65,5,664.914794921875,881.5056762695312,55.151668548583984,524.9582999999998,True
CAND_01290,Al11.32Co10.92Cu5.46Fe16.12Ti28.02V28.16,6,1117.990478515625,983.5789184570312,53.76652145385742,525.2513999999996,True
CAND_01291,Al13.35Cu27.87Nb29.33Ti9.79W19.66,5,1028.6883544921875,1043.4442138671875,52.621402740478516,664.2555999999995,True
CAND_01292,Al5.40Co10.48Cr9.29Cu31.76Mn16.30Ni26.77,6,535.566162109375,798.129638671875,53.17212677001953,508.4821999999992,True
CAND_01293,Cu8.91Mn31.21Mo14.46Nb18.41Ti27.01,5,879.2318115234375,858.095458984375,50.91910171508789,548.3244999999998,True
CAND_01294,Cu25.89Nb12.40Ni43.31Ti18.40,4,1005.2395629882812,988.89990234375,39.57698059082031,459.3089999999992,True
CAND_01295,Cr37.96Mn7.33Mo8.81Ti28.22V17.68,5,1137.185302734375,1054.9979248046875,55.31368637084961,566.2907999999998,True
CAND_01296,Al13.20Co20.95Ti20.95W44.90,4,801.1747436523438,1180.864990234375,56.69340896606445,551.9175999999999,True
CAND_01297,Al7.86Co11.96Cu15.06Mo17.04Nb5.68Ni42.40,6,783.6910400390625,832.8350219726562,46.069252014160156,484.02839999999964,True
CAND_01298,Al14.15Cu21.82Fe27.20Nb8.69Ni14.03Ti14.11,6,1146.3939208984375,811.5552978515625,45.5804328918457,576.1457999999996,True
CAND_01299,Cu13.05Fe15.60Mo24.04Nb8.74Ti22.89V15.68,6,1178.25537109375,904.47998046875,30.651208877563477,608.9252999999997,True
CAND_01300,Co19.31Fe5.66Nb25.82Ni15.68V17.41W16.12,6,1017.6350708007812,1014.4862060546875,56.391475677490234,533.3477999999999,True
CAND_01301,Al13.81Cu13.11Mo36.80Nb8.09V9.93W18.26,6,1071.8187255859375,821.02099609375,50.42094802856445,638.4100999999996,True
CAND_01302,Co14.04Mn13.97Nb30.22Ti28.78V12.99,5,891.6409301757812,975.012451171875,48.429141998291016,584.7095999999998,True
CAND_01303,Al24.50Cu30.94Nb23.23V21.33,4,1128.9005126953125,1086.809814453125,55.77800369262695,684.5640666666663,True
CAND_01304,Co12.67Fe19.56Mn26.50Mo11.34V29.93,5,968.3057250976562,1044.539794921875,57.57169723510742,473.06009999999975,True
CAND_01305,Al18.27Cr14.30Fe28.51Mn6.00Mo10.78Ni22.14,6,1109.7799072265625,1022.213134765625,58.610145568847656,460.4492666666663,True
CAND_01306,Cr13.77Fe10.65Mo42.70Ti9.26W23.62,5,975.5071411132812,997.419921875,39.4770393371582,599.4252999999997,True
CAND_01307,Al6.83Cr15.24Cu30.61Nb36.99V10.33,5,1123.4608154296875,790.6296997070312,45.727779388427734,657.3613999999994,True
CAND_01308,Co31.27Cr42.02Cu10.27W16.44,4,592.0662841796875,979.7193603515625,79.90743255615234,569.4875999999999,True
CAND_01309,Co5.92Fe18.52Mo19.85Nb18.30Ni28.93V8.48,6,1289.6650390625,789.0081176757812,55.418983459472656,448.58119999999985,True
CAND_01310,Co21.65Mn23.96Mo21.14W33.25,4,541.489013671875,950.5867919921875,56.493526458740234,544.8446,True
CAND_01311,Co21.92Cu28.91Mn17.00Mo11.47Ni6.80W13.90,6,706.2935180664062,1053.4605712890625,68.23361206054688,635.3777999999999,True
CAND_01312,Co17.86Fe9.69Mn11.31Mo8.74Nb33.56Ni18.84,6,912.0278930664062,906.067138671875,68.0644760131836,478.9583999999999,True
CAND_01313,Co21.33Fe12.78Mo9.80Ni22.40Ti6.09V27.60,6,1012.1567993164062,894.5970458984375,61.02723693847656,500.6842,True
CAND_01314,Al16.29Cr19.88Fe9.52Ni17.39Ti36.92,5,1166.05908203125,882.9056396484375,56.15267562866211,485.3039999999997,True
CAND_01315,Cr26.23Cu18.42Mn32.05Ni23.30,4,606.10400390625,913.153076171875,42.91367721557617,575.0044999999997,True
CAND_01316,Al27.53Cu22.55Nb14.63Ti35.29,4,966.5718994140625,841.1315307617188,54.0597038269043,775.6638666666669,True
CAND_01317,Co32.54Mo33.19Ni25.34Ti8.93,4,822.0438842773438,894.837890625,63.377899169921875,539.7885,True
CAND_01318,Cu41.35Fe15.37Mn27.77Ni15.51,4,567.9924926757812,938.1917114257812,49.89253234863281,527.6442999999994,True
CAND_01319,Al14.47Co33.34Cu44.96Ni7.23,4,648.4819946289062,1007.0336303710938,70.78946685791016,646.2647999999998,True
CAND_01320,Co16.30Cu14.52Fe14.25Mn7.60Ti29.06V18.27,6,860.2767944335938,1003.276123046875,48.27995681762695,606.6431999999999,True
CAND_01321,Mn28.38Nb5.93V22.31W43.38,4,881.5856323242188,1040.6591796875,47.472286224365234,538.2666999999999,True
CAND_01322,Cu40.13Fe23.54Nb26.96W9.37,4,769.5760498046875,989.544677734375,55.17028045654297,540.5019999999992,True
CAND_01323,Co13.93Cu31.70Mo17.69V21.68W15.00,5,951.1013793945312,1132.7730712890625,54.05516052246094,691.9318999999994,True
CAND_01324,Co27.35Cr17.17Ti10.52V44.96,4,932.0673217773438,1107.4443359375,53.9427490234375,557.7772000000001,True
CAND_01325,Cr16.23Cu22.15Fe20.71Mo25.68W15.23,5,817.5526733398438,831.9782104492188,43.57886505126953,574.6432999999995,True
CAND_01326,Cr22.48Cu16.13Nb23.50Ni27.78V10.11,5,1199.5404052734375,859.8031616210938,52.52375030517578,569.7957999999996,True
CAND_01327,Cr11.52Mn39.06Mo34.07V15.35,4,1076.46484375,878.989013671875,46.64824295043945,561.2259999999998,True
CAND_01328,Al39.60Cr18.05Ni12.15Ti12.22V17.98,5,1276.2086181640625,979.5659790039062,48.5921516418457,730.701,True
CAND_01329,Al11.43Mn23.39Nb13.42Ni35.56W16.20,5,692.9459228515625,1061.073486328125,57.06428527832031,418.6699999999996,True
CAND_01330,Al29.78Cu21.93Mn13.31Nb5.86Ti29.12,5,997.9572143554688,1021.6325073242188,50.11286544799805,738.7292666666664,True
CAND_01331,Co15.69Cr11.33Mo13.50Nb15.00Ni17.44Ti27.04,6,952.4769897460938,847.5216674804688,51.678401947021484,495.1132999999999,True
CAND_01332,Al22.58Co5.72Cr19.28Cu22.47Fe24.30W5.65,6,891.3579711914062,1154.0538330078125,48.32479476928711,583.6234666666664,True
CAND_01333,Cu33.76Fe7.43Mn26.27V32.54,4,826.5241088867188,981.375732421875,50.425750732421875,607.2352999999995,True
CAND_01334,Co9.64Mn5.83V42.09W42.44,4,877.7286987304688,1032.2091064453125,54.15060806274414,572.7251999999999,True
CAND_01335,Co7.05Cr27.56Cu15.28Nb12.75V14.82W22.54,6,1177.4827880859375,871.8855590820312,49.791927337646484,630.8301999999998,True
CAND_01336,Al15.02Co29.39Cu13.81Fe32.42V9.36,5,891.6045532226562,958.98486328125,63.798580169677734,531.0805999999999,True
CAND_01337,Al31.80Co16.67Nb10.01Ni26.60W14.92,5,810.7556762695312,1158.6082763671875,62.740089416503906,705.5954999999999,True
CAND_01338,Cr5.39Mo8.86Nb19.40Ni35.18V31.17,5,1276.93310546875,985.8377075195312,64.27531433105469,407.72319999999974,True
CAND_01339,Al17.57Cu12.48Mn37.95Nb32.00,4,904.7327880859375,1042.779052734375,56.30527114868164,565.4408999999997,True
CAND_01340,Al8.51Cr7.37Cu27.77Mo10.89V31.84W13.62,6,1108.3994140625,886.1690673828125,49.4124755859375,660.5371999999995,True
CAND_01341,Fe34.75Mo19.24Ni23.19Ti14.91W7.91,5,1095.393310546875,703.3114624023438,46.288726806640625,500.6822000000001,True
CAND_01342,Co20.48Cr14.64Cu14.07Nb22.81Ti28.00,5,781.0411987304688,982.24755859375,52.04463577270508,591.2927999999999,True
CAND_01343,Al5.13Co10.70Mo16.18Nb30.42Ni37.57,5,787.1126708984375,760.2424926757812,60.46379852294922,480.28109999999975,True
CAND_01344,Al6.21Co30.68Cu32.55W30.56,4,558.1895141601562,925.4046630859375,67.24079895019531,623.3423999999999,True
CAND_01345,Cu16.99Fe13.76Mn12.20Mo24.86W32.19,5,674.34326171875,872.1972045898438,49.72197341918945,698.8690999999997,True
CAND_01346,Co6.33Cr13.28Fe29.00Ni20.42Ti30.97,5,880.8690795898438,715.2674560546875,46.4953727722168,433.24456666666623,True
CAND_01347,Al14.55Co42.41Fe11.82Mn16.51V14.71,5,904.2592163085938,1103.0491943359375,63.65642166137695,586.9625999999998,True
CAND_01348,Co20.19Cu8.93Fe26.72Mn11.73Mo9.72Nb22.71,6,785.3157348632812,963.2212524414062,64.00677490234375,489.72439999999983,True
CAND_01349,Fe30.52Nb33.20Ni18.82Ti17.46,4,1038.2833251953125,833.4775390625,61.26277542114258,465.16976666666625,True
CAND_01350,Cr22.27Mn24.05Ni24.08V29.60,4,1034.0245361328125,901.974609375,59.08854675292969,513.4614999999998,True
CAND_01351,Co16.44Cr44.35Fe24.80Mn14.41,4,646.4596557617188,878.7454833984375,60.83928298950195,474.9565,True
CAND_01352,Al39.82Mn7.67Ni16.99V35.52,4,934.764892578125,1037.0604248046875,59.31576919555664,731.9240333333332,True
CAND_01353,Al12.93Co15.12Cu16.62Mn11.59Mo9.08V34.66,6,1073.840576171875,1039.0496826171875,61.075984954833984,665.0331999999999,True
CAND_01354,Al20.52Co5.81Cr26.79Cu20.92V25.96,5,1209.929443359375,1106.5020751953125,51.45469665527344,647.7633999999998,True
CAND_01355,Al5.88Cr11.84Fe8.46Nb24.99Ti24.66V24.17,6,1119.658203125,1114.8218994140625,48.26613998413086,579.1851999999998,True
CAND_01356,Co11.89Ni42.01V7.54W38.56,4,914.02734375,891.07861328125,65.35858917236328,409.7877999999996,True
CAND_01357,Al16.49Cu39.19Fe15.08Mn29.24,4,699.0375366210938,1090.208251953125,55.31882095336914,569.6198999999992,True
CAND_01358,Co20.62Mn25.82Ni11.01V21.59W20.96,5,732.2976684570312,978.7702026367188,61.86745834350586,524.0105,True
CAND_01359,Cr11.12Fe12.86Mn32.24Nb27.43V6.89W9.46,6,1006.4806518554688,1060.91650390625,46.5809211730957,542.2844999999999,True
CAND_01360,Co22.78Cu23.73Mn35.28Mo18.21,4,621.7069702148438,1000.8258056640625,62.171783447265625,635.8501,True
CAND_01361,Al13.62Co9.16Cr31.53Cu28.67Mn17.02,5,887.7886962890625,1045.097412109375,65.84024810791016,644.1491999999996,True
CAND_01362,Co28.81Cu8.48Mn17.79Mo13.14Nb17.83W13.95,6,761.9594116210938,1019.2655639648438,74.97709655761719,575.5998,True
CAND_01363,Al22.35Fe14.52Mn12.55Mo7.09Ni9.08V34.41,6,1160.8614501953125,1091.3975830078125,56.32217788696289,606.8079999999998,True
CAND_01364,Al8.60Cr33.58Mo9.88Nb19.48Ti28.46,5,1102.65576171875,996.8445434570312,64.94241333007812,563.6479999999998,True
CAND_01365,Co25.35Fe23.86Mn17.01Ti7.10V26.68,5,871.3286743164062,1224.2176513671875,62.248043060302734,505.5711999999999,True
CAND_01366,Al19.59Mn20.12Mo7.86Ti19.94W32.49,5,941.4329833984375,1100.2139892578125,47.42087936401367,580.9644999999999,True
CAND_01367,Co7.55Cu12.51Fe13.71Mo6.20Nb24.73Ni35.30,6,816.733154296875,1024.0023193359375,54.00053405761719,460.08179999999936,True
CAND_01368,Co14.13Cr8.34Mo8.42Ni27.09W42.02,5,602.1041870117188,878.0918579101562,59.957542419433594,476.1647999999998,True
CAND_01369,Co28.09Cr20.16Fe12.23Mo11.71Ni8.78Ti19.03,6,854.80224609375,1003.2744140625,59.109622955322266,545.6422,True
CAND_01370,Cr12.10Mn38.97Nb7.96Ni5.70Ti15.90V19.37,6,1028.75048828125,1103.517578125,33.31119918823242,537.0847,True
CAND_01371,Cr5.33Cu23.97Fe19.50Nb11.59Ti21.15W18.46,6,983.2554321289062,1122.439697265625,36.395896911621094,544.5085999999993,True
CAND_01372,Cr9.74Fe27.61Mn10.82Nb40.95Ti10.88,5,1006.9761962890625,931.2078857421875,44.93037033081055,501.80209999999977,True
CAND_01373,Al21.58Mo18.47V24.14W35.81,4,922.047607421875,995.5233154296875,53.419620513916016,607.4924999999997,True
CAND_01374,Al26.08Co13.03Mn10.35Mo39.08Ni6.20Ti5.26,6,824.5360107421875,927.4844970703125,56.66489791870117,697.7651999999998,True
CAND_01375,Al10.35Cr31.63Ni8.68Ti6.39V20.94W22.01,6,1236.7125244140625,1131.0943603515625,57.46756362915039,572.6273999999997,True
CAND_01376,Al10.99Co14.90Cr11.06Cu13.85Nb31.06Ni18.14,6,1032.1900634765625,857.2107543945312,65.11669921875,518.0955999999996,True
CAND_01377,Co31.47Cr29.98Mn18.15Nb20.40,4,697.1416625976562,1036.905029296875,80.51262664794922,548.8383999999999,True
CAND_01378,Al15.00Co8.07Fe32.25Nb9.88V21.41W13.39,6,1241.0137939453125,1117.7069091796875,51.155574798583984,501.35709999999966,True
CAND_01379,Al15.38Co23.63Fe18.49Mn33.79Ni8.71,5,549.3785400390625,1104.35498046875,66.12727355957031,467.5014,True
CAND_01380,Al16.31Co20.34Cr12.36Ni27.89W23.10,5,646.620849609375,1191.1478271484375,66.04254150390625,477.82159999999993,True
CAND_01381,Cu14.18Fe24.11Nb15.49Ni15.54V30.68,5,1202.888671875,936.6986083984375,52.65571975708008,542.6957666666663,True
CAND_01382,Fe11.09Mn9.47Mo19.00Nb26.69Ni14.73W19.02,6,886.4745483398438,884.37841796875,48.95553207397461,581.0431999999997,True
CAND_01383,Al38.66Cu21.96Nb6.45V24.63W8.30,5,1116.6510009765625,1147.828857421875,49.285770416259766,732.2243333333332,True
CAND_01384,Co11.93Cu20.67Ni14.98Ti22.48V29.94,5,924.6280517578125,861.7697143554688,49.56541442871094,640.5027999999994,True
CAND_01385,Al28.39Cu13.09Nb8.16Ni29.27W21.09,5,803.5025024414062,1084.6942138671875,51.84196472167969,668.3773333333328,True
CAND_01386,Al7.99Co20.31Cr40.07Fe6.99Mn18.93Mo5.71,6,577.0679931640625,1116.474365234375,64.1300048828125,548.1544000000001,True
CAND_01387,Fe13.63Mn20.43Mo34.48Ni8.83V7.26W15.37,6,904.2044067382812,858.3588256835938,48.878292083740234,579.1121999999997,True
CAND_01388,Co8.09Cr7.42Cu17.24Mn11.30Ti29.56W26.39,6,776.3809814453125,942.954345703125,47.10851287841797,646.8425999999996,True
CAND_01389,Al24.81Cr20.25Mn13.14Ni23.00W18.80,5,849.6838989257812,1163.0816650390625,62.755096435546875,564.2385666666665,True
CAND_01390,Al31.36Mn6.01Mo14.75Ni8.89V8.58W30.41,6,769.11376953125,874.6958618164062,58.4681510925293,717.6311999999998,True
CAND_01391,Co27.67Fe21.53Ti29.79V21.01,4,777.6095581054688,1137.0264892578125,58.45429611206055,492.6313999999999,True
CAND_01392,Al12.57Co12.79Mn31.01Ti19.84V23.79,5,941.9739990234375,1118.2496337890625,59.04366683959961,532.6952999999999,True
CAND_01393,Al16.72Co7.94Cr11.99Cu13.41Ni20.42Ti29.52,6,1156.4481201171875,864.5756225585938,58.07047653198242,520.9491999999996,True
CAND_01394,Al14.07Co16.77Fe26.92Nb29.70V12.54,5,1132.319580078125,949.1248779296875,55.00020217895508,495.6296999999999,True
CAND_01395,Co23.18Cr12.23Cu15.54Mo10.08Ni15.18W23.79,6,757.6984252929688,848.6089477539062,67.73314666748047,591.2142,True
CAND_01396,Al20.25Cr10.35Cu26.32Fe5.16Ti30.43W7.49,6,1065.69921875,875.558349609375,51.89921188354492,648.5209999999996,True
CAND_01397,Co31.64Cu15.36Fe12.08Mo19.55V15.82W5.55,6,1007.4010009765625,1006.826904296875,64.54617309570312,664.9679000000001,True
CAND_01398,Co11.41Cr24.99Nb29.37Ni15.09W19.14,5,878.2949829101562,978.1376342773438,65.91871643066406,549.2185999999998,True
CAND_01399,Al26.46Co11.20Mo26.35Ti35.99,4,805.2180786132812,607.7875366210938,57.31460189819336,726.8513999999999,True
CAND_01400,Al6.29Cr39.77Mo22.12Ti17.24V14.58,5,1264.6046142578125,602.95654296875,65.54515075683594,598.6011,True
CAND_01401,Fe33.04Mo26.44Ti29.11W11.41,4,955.4440307617188,847.2678833007812,46.750484466552734,503.73699999999985,True
CAND_01402,Al11.62Cr11.15Mo10.54Nb36.07V30.62,5,1253.137939453125,1182.018798828125,55.09164047241211,585.4035999999998,True
CAND_01403,Cr8.86Cu14.48Ti44.65V32.01,4,938.7759399414062,656.1635131835938,45.5034065246582,595.8071999999997,True
CAND_01404,Co37.54Mo13.08Ni20.80Ti28.58,4,790.091796875,745.0658569335938,63.353450775146484,566.7439999999998,True
CAND_01405,Al16.93Cr12.00Cu7.20Mn21.74Mo14.95Nb27.18,6,851.7365112304688,918.3408203125,56.28751754760742,582.6410999999997,True
CAND_01406,Cr19.87Fe17.34Mn19.11Mo6.25Nb18.05W19.38,6,887.595703125,1181.3961181640625,49.24751663208008,500.23199999999974,True
CAND_01407,Cu11.52Mn5.12Mo20.83Ni29.95Ti32.58,5,1018.8963623046875,615.60888671875,52.389801025390625,491.95589999999976,True
CAND_01408,Cr5.86Fe40.20Mn12.41Mo25.08W16.45,5,670.9649047851562,927.0335693359375,46.0120964050293,499.45019999999977,True
CAND_01409,Al13.93Co24.21Cr25.45Nb36.41,4,918.763671875,1081.95263671875,71.4837417602539,560.2053999999999,True
CAND_01410,Al14.39Co12.15Cr39.62V33.84,4,1183.788330078125,1125.553955078125,68.75371551513672,571.5893999999998,True
CAND_01411,Cr19.55Mn40.93Mo7.82Ti12.25V7.87W11.58,6,1090.6376953125,1034.2283935546875,45.246150970458984,543.1374999999999,True
CAND_01412,Al35.07Fe34.23Mo13.13Ti10.82V6.75,5,936.0287475585938,919.3335571289062,52.53923416137695,675.3717999999998,True
CAND_01413,Cu21.28Mo25.20Ni10.85Ti37.13W5.54,5,817.6371459960938,602.3525390625,45.17497253417969,678.6920999999996,True
CAND_01414,Cu32.49Fe34.15Mn8.00Nb14.96Ni10.40,5,773.0323486328125,881.4271850585938,51.36155700683594,531.7585999999992,True
CAND_01415,Al17.42Co25.64Cu11.62Mo31.29Nb14.03,5,983.3145141601562,808.934326171875,65.4937515258789,600.4030999999999,True
CAND_01416,Cu6.69Mo12.78Ni28.31Ti12.26V39.96,5,1264.675048828125,841.5423583984375,60.291404724121094,481.76319999999964,True
CAND_01417,Al25.25Cr29.22Fe23.22Ti22.31,4,1348.8978271484375,1165.7281494140625,60.76424026489258,602.4684999999998,True
CAND_01418,Cr14.13Cu6.72Fe8.06Mn39.21Ti21.51V10.37,6,1009.4649047851562,969.7033081054688,42.016780853271484,530.4617,True
CAND_01419,Cr14.83Cu26.50Fe6.61Mn26.39Ti25.67,5,843.5609741210938,995.29638671875,38.414337158203125,590.9762999999996,True
CAND_01420,Al12.00Co15.14Mn36.28Ni36.58,4,549.5357666015625,925.1070556640625,61.94932556152344,399.68759999999986,True
CAND_01421,Al11.78Cu9.11Fe40.85Mo12.59Ti8.64V17.03,6,1036.8079833984375,935.0042724609375,54.09720230102539,516.1836999999998,True
CAND_01422,Co24.41Cr19.98Mo14.07V19.91W21.63,5,1164.5799560546875,1062.591552734375,64.91203308105469,579.4566,True
CAND_01423,Cr18.50Cu29.12Mo44.23Ti8.15,4,976.6539916992188,978.8863525390625,41.45504379272461,684.3208999999997,True
CAND_01424,Al14.21Co7.46Cr26.61Cu22.51Mn9.89Mo19.32,6,838.6943359375,986.4234619140625,53.83429718017578,689.2613999999998,True
CAND_01425,Al16.92Cu37.44Mo12.55Ti22.20W10.89,5,975.8749389648438,772.5165405273438,56.507869720458984,684.5693999999995,True
CAND_01426,Al17.10Co16.26Mn14.09Ti17.29V35.26,5,1104.80419921875,1147.463623046875,59.38966751098633,567.9592000000001,True
CAND_01427,Al33.18Cu31.51Mo13.65Ti12.80V8.86,5,814.5816650390625,692.6226806640625,57.88766098022461,741.7393333333331,True
CAND_01428,Cr32.08Mo16.89Ni21.98Ti8.49W20.56,5,894.150146484375,913.5073852539062,53.79322814941406,537.8268999999997,True
CAND_01429,Co37.75Mo18.55Nb8.59Ti7.81V5.49W21.81,6,922.3016967773438,1049.576416015625,47.889102935791016,592.8055,True
CAND_01430,Co7.59Cu12.01Mn11.67Mo12.93Nb26.55W29.25,6,745.9381713867188,879.2291870117188,54.78774642944336,630.0819999999997,True
CAND_01431,Fe23.51Mo32.79Nb22.78Ni20.92,4,996.7810668945312,749.8184204101562,52.58946990966797,497.7627666666667,True
CAND_01432,Al11.15Mn16.95Mo12.45Nb22.84Ni19.78V16.83,6,1181.8653564453125,975.4878540039062,58.9727668762207,536.4227999999998,True
CAND_01433,Co25.98Cr9.41Cu15.06Fe12.35Mn37.20,5,448.50994873046875,939.7313232421875,60.07455062866211,566.8781999999999,True
CAND_01434,Fe30.64Ni29.30V20.58W19.48,4,938.11279296875,955.80029296875,60.8614616394043,443.8169999999995,True
CAND_01435,Co11.35Cu27.68Mn7.30Mo19.59Ni7.12W26.96,6,617.9114990234375,861.6082763671875,55.759132385253906,693.8156999999995,True
CAND_01436,Al15.12Mn20.49Mo23.96W40.43,4,604.9591674804688,892.11767578125,51.13340377807617,588.7045999999998,True
CAND_01437,Al24.51Co22.37Cr17.28Cu6.25Ti17.53V12.06,6,1161.9388427734375,940.6694946289062,53.554710388183594,643.0519333333332,True
CAND_01438,Al23.22Fe19.50Mo11.15Nb14.98V31.15,5,1439.5186767578125,1070.756591796875,55.764713287353516,575.3232333333332,True
CAND_01439,Al16.07Cr14.84Nb36.48Ti12.97V6.05W13.59,6,1219.842529296875,987.9127807617188,53.6702995300293,586.3087999999997,True
CAND_01440,Al23.55Cu36.65Nb21.50W18.30,4,892.4801635742188,1046.0850830078125,57.40056228637695,662.8001333333331,True
CAND_01441,Al14.13Cr27.45Cu5.13Mo23.03W30.26,5,863.5557861328125,927.2642211914062,60.58760452270508,595.5654999999999,True
CAND_01442,Al7.99Cu28.31Nb36.99Ti26.71,4,888.19921875,909.3524169921875,51.33363342285156,647.1257999999995,True
CAND_01443,Fe21.99Mn10.22Nb16.65Ni36.52V14.62,5,1168.9884033203125,839.2219848632812,66.09961700439453,396.1593999999996,True
CAND_01444,Cr10.19Cu30.44Fe18.68Mo12.93V27.76,5,1106.6754150390625,948.0759887695312,47.58270263671875,576.8459999999992,True
CAND_01445,Cr38.48Cu15.95Mo30.26Ni15.31,4,825.0586547851562,813.27783203125,59.557518005371094,647.3932999999997,True
CAND_01446,Al13.73Cr25.08Fe34.01Ti27.18,4,1170.4859619140625,891.1911010742188,53.38881301879883,486.38049999999964,True
CAND_01447,Cr18.59Fe24.22Mn11.35Nb14.89Ti30.95,5,987.0609130859375,1045.967041015625,45.49139404296875,479.76109999999966,True
CAND_01448,Cr19.05Mo28.18Ni41.16Ti11.61,4,1230.083740234375,786.748779296875,43.05845260620117,437.7147999999997,True
CAND_01449,Al8.40Co13.35Cu16.84Mn23.05Nb29.49Ti8.87,6,785.4022216796875,977.03759765625,50.70856857299805,632.1040999999997,True
CAND_01450,Al15.89Cr18.05Mo14.44Ni7.99V19.46W24.17,6,1239.146728515625,912.2438354492188,52.17353057861328,598.1049999999998,True
CAND_01451,Mo38.68Nb8.29Ni10.15V19.00W23.88,5,1107.039306640625,830.3463745117188,39.156002044677734,596.1368999999996,True
CAND_01452,Cr9.88Mn15.23Ti33.04W41.85,4,805.0128784179688,1016.858642578125,46.20162582397461,561.6263999999998,True
CAND_01453,Cr16.08Cu31.10Fe10.15Nb12.76V13.30W16.61,6,1197.082275390625,926.8919067382812,35.71410369873047,653.9587999999994,True
CAND_01454,Al17.74Cu8.17Ni34.56Ti39.53,4,1089.5286865234375,817.8264770507812,59.652313232421875,432.5365999999995,True
CAND_01455,Co8.42Cu17.88Mn25.58Mo7.07V26.64W14.41,6,910.5960083007812,1087.4971923828125,56.11604309082031,624.7658999999996,True
CAND_01456,Cu7.74Mn30.90Nb10.11Ni31.35Ti6.40W13.50,6,887.14599609375,988.538818359375,46.57000732421875,419.6287999999995,True
CAND_01457,Cu7.82Fe19.17Mn7.67Ni14.46Ti28.02W22.86,6,913.6531372070312,984.8668212890625,48.942752838134766,498.6141999999995,True
CAND_01458,Cu16.01Mn23.51Nb10.49Ni12.85Ti5.15W31.99,6,772.3148193359375,1062.9666748046875,37.25041580200195,607.6004999999997,True
CAND_01459,Co11.19Cr34.24Mn13.71Ti13.04W27.82,5,800.3051147460938,1029.12548828125,59.033103942871094,570.1823999999998,True
CAND_01460,Al21.02Cu13.98Fe40.74Ni24.26,4,756.5000610351562,943.7943115234375,58.0858154296875,573.1017666666664,True
CAND_01461,Cr19.70Mo41.04Ni19.07W20.19,4,828.5792846679688,827.3641357421875,59.89537811279297,520.3869999999998,True
CAND_01462,Co26.97Fe27.09Mo15.84Ni30.10,4,627.685546875,850.1054077148438,67.88859558105469,450.0824000000001,True
CAND_01463,Al42.51Cr5.71Cu19.34Mo12.26W20.18,5,735.1536254882812,1001.6069946289062,57.955013275146484,747.3859333333334,True
CAND_01464,Al16.01Cu16.04Mn17.00Nb11.92V39.03,5,1215.5704345703125,1096.4530029296875,53.15129470825195,659.1721999999996,True
CAND_01465,Al7.91Co16.38Mo10.12Ni27.09Ti11.97W26.53,6,941.4096069335938,753.3827514648438,58.923980712890625,493.9511999999999,True
CAND_01466,Fe9.68Mn10.64Mo14.16Ni37.20Ti19.93V8.39,6,1198.23828125,654.260498046875,53.975006103515625,426.99249999999967,True
CAND_01467,Co10.56Cr10.52Mo30.92Ni13.78Ti34.22,5,827.089111328125,665.3060302734375,47.45979690551758,577.8312999999997,True
CAND_01468,Al14.44Co10.59Fe16.52Nb25.56V18.75W14.14,6,1227.4189453125,1145.5987548828125,56.0472526550293,534.9067999999999,True
CAND_01469,Al33.10Cu18.46Mn8.22Mo40.22,4,690.1218872070312,843.1090698242188,54.2616081237793,744.5927333333332,True
CAND_01470,Cr14.20Cu11.67Mo16.77Nb29.00V28.36,5,1303.7449951171875,1113.285400390625,45.300846099853516,632.0785999999996,True
CAND_01471,Co7.16Cu15.40Mn21.98Ni15.31Ti22.15W18.00,6,741.672607421875,980.2551879882812,48.04375076293945,571.1268999999995,True
CAND_01472,Al36.12Ni19.93V17.18W26.77,4,928.740478515625,997.9744262695312,62.29438400268555,704.2086999999996,True
CAND_01473,Co5.95Cr17.25Fe12.59Mo20.50Nb25.95Ni17.76,6,1103.800048828125,881.943359375,44.910919189453125,521.2620999999998,True
CAND_01474,Al14.84Fe10.40Mo12.78Nb15.64V20.35W25.99,6,1148.21435546875,1033.317138671875,53.193355560302734,599.9463999999998,True
CAND_01475,Co19.16Nb23.80Ni9.49Ti36.82V10.73,5,796.0591430664062,767.8085327148438,50.41189956665039,544.6739999999998,True
CAND_01476,Co17.58Fe26.80Mo18.55Ti37.07,4,779.436767578125,673.6693115234375,48.311519622802734,484.80109999999996,True
CAND_01477,Al16.27Cu14.53Mn31.94Nb28.58Ni8.68,5,813.9749145507812,1030.4822998046875,57.65920639038086,581.6672999999996,True
CAND_01478,Al12.56Co17.88Mn10.76Mo14.83Ti15.81W28.16,6,851.6571044921875,881.2435913085938,58.03287887573242,582.2248,True
CAND_01479,Co12.03Mn42.96Nb9.56Ti35.45,4,686.8297119140625,916.954833984375,39.390785217285156,522.2910999999998,True
CAND_01480,Al35.31Cu16.71Fe22.14Nb25.84,4,1076.6915283203125,1052.6505126953125,55.82209396362305,750.5547999999999,True
CAND_01481,Al6.54Co34.16Fe42.64Ti16.66,4,742.5122680664062,828.1079711914062,61.89414596557617,511.9568,True
CAND_01482,Al25.60Cu16.35Fe20.61Ti37.44,4,1040.8768310546875,828.778076171875,55.079158782958984,658.7024666666663,True
CAND_01483,Co28.81Cr17.14Fe26.55Ni6.35W21.15,5,552.663330078125,891.2659912109375,56.67171096801758,480.54179999999997,True
CAND_01484,Al31.22Co12.68Cr10.58Mn5.76Nb30.59Ni9.17,6,989.7372436523438,1091.34716796875,59.06281661987305,728.1479333333331,True
CAND_01485,Cr27.77Fe33.86Ni13.67W24.70,4,729.0057983398438,866.5966796875,56.37833023071289,497.5480999999997,True
CAND_01486,Al6.73Co21.76Cr23.13Mo31.49Nb16.89,5,959.4851684570312,1012.7459716796875,66.98392486572266,562.053,True
CAND_01487,Al31.10Cr21.93Cu14.67Nb7.66Ti18.67V5.97,6,1194.685302734375,1001.07080078125,41.47901153564453,732.0060333333331,True
CAND_01488,Al14.42Cr30.55Nb27.74Ni8.37W18.92,5,1063.07470703125,1126.1309814453125,70.00420379638672,580.7301999999997,True
CAND_01489,Co9.93Cr5.07Cu11.20Mn20.74Mo40.64Ti12.42,6,838.0963745117188,944.0578002929688,48.30104446411133,610.0209999999997,True
CAND_01490,Co13.32Cu8.78Mn18.41Mo21.68W37.81,5,476.1192932128906,871.5289916992188,58.2853889465332,602.8124999999998,True
CAND_01491,Fe25.11Mn19.57Mo6.36Ti19.44V29.52,5,960.6344604492188,1014.6217041015625,44.92226791381836,504.49149999999975,True
CAND_01492,Al22.69Co20.15Mo20.99Ti8.99V11.80W15.38,6,876.1529541015625,875.354736328125,54.658565521240234,632.2988999999999,True
CAND_01493,Fe14.85Nb28.12V31.82W25.21,4,1132.177734375,1043.788330078125,46.609561920166016,568.9249999999997,True
CAND_01494,Mn12.48Mo43.35Ti5.56V38.61,4,1129.178466796875,1062.309814453125,45.37556838989258,594.9146999999998,True
CAND_01495,Al19.43Co13.48Nb28.95Ni38.14,4,865.124755859375,1106.8668212890625,63.102500915527344,504.0083333333328,True
CAND_01496,Al19.24Cu9.29Fe16.64Mo21.57Ni33.26,5,728.4375610351562,846.7789306640625,56.19439697265625,469.2185999999997,True
CAND_01497,Co19.80Fe12.91Mo35.43Ni31.86,4,692.3237915039062,764.5247802734375,59.072509765625,422.21659999999997,True
CAND_01498,Co15.68Fe6.65Mn15.54Nb7.77Ni16.36Ti38.00,6,802.6431274414062,803.1141357421875,36.20723342895508,504.2131999999998,True
CAND_01499,Al31.63Mn5.55Mo31.42Ni20.92V10.48,5,844.4163818359375,720.1495361328125,58.684364318847656,748.2833999999998,True
CAND_01500,Mn21.84Mo31.07Nb32.73W14.36,4,684.7620849609375,941.748046875,48.30160140991211,576.6884999999997,True
CAND_01501,Al14.99Cu27.08Nb21.28Ti24.62W12.03,5,1024.3165283203125,1010.734375,58.51766586303711,656.0811999999995,True
CAND_01502,Cr18.02Fe11.18Mo17.78Nb17.85Ti35.17,5,1036.5364990234375,757.3377685546875,38.34394454956055,576.2166999999997,True
CAND_01503,Al24.59Cr34.86Mo13.89Nb19.24Ni7.42,5,1071.6119384765625,1058.0836181640625,68.47486114501953,636.4441666666667,True
CAND_01504,Al34.36Nb16.91Ti6.40V18.22W24.11,5,997.02294921875,1204.5242919921875,50.71627426147461,712.2521999999998,True
CAND_01505,Cr38.34Fe17.30Ti10.44V33.92,4,1161.246826171875,1130.564208984375,54.33935546875,502.8999999999998,True
CAND_01506,Co13.96Cr33.64Nb10.15Ti42.25,4,761.9287719726562,944.2064208984375,52.238582611083984,549.6425999999998,True
CAND_01507,Nb18.86Ni23.60V36.46W21.08,4,1142.5572509765625,923.8395385742188,58.808387756347656,515.1325999999997,True
CAND_01508,Al20.62Cr9.34Cu13.21Mn11.01Mo18.24W27.58,6,841.4765625,827.4727172851562,54.2585334777832,618.7254999999997,True
CAND_01509,Mn12.97Mo35.34Nb14.52V37.17,4,1211.505859375,1073.524658203125,46.16963577270508,592.6580999999998,True
CAND_01510,Mn30.35Ni21.93Ti23.57W24.15,4,835.2322387695312,918.4027099609375,46.14373779296875,479.38369999999975,True
CAND_01511,Co21.19Cr31.60Fe27.94V19.27,4,1212.38330078125,985.5858154296875,62.88207244873047,478.9678,True
CAND_01512,Al14.36Cr18.05Cu12.97Nb31.87Ni11.68Ti11.07,6,1205.14208984375,967.5646362304688,52.46601486206055,607.2039999999996,True
CAND_01513,Al10.43Cr16.23Mo21.24Ni33.20Ti18.90,5,1270.2099609375,643.6533203125,47.658363342285156,423.9757999999999,True
CAND_01514,Al24.75Co15.38Cr12.80Fe16.84Ni11.34V18.89,6,1233.7213134765625,1097.94287109375,54.58370590209961,582.0931333333332,True
CAND_01515,Cr33.63Fe24.73Nb15.28W26.36,4,997.7743530273438,930.3786010742188,62.34305191040039,498.59889999999973,True
CAND_01516,Mn31.97Mo10.14Nb20.01V37.88,4,1078.5125732421875,1032.6287841796875,53.81801223754883,538.4318999999999,True
CAND_01517,Al19.67Cr7.97Fe8.77Ni29.48Ti8.45V25.66,6,1284.4566650390625,1051.2869873046875,59.44275665283203,488.8427999999994,True
CAND_01518,Co5.16Fe23.36Mo11.49Nb24.66W35.33,5,852.8541870117188,967.984619140625,59.122623443603516,508.7220999999997,True
CAND_01519,Al10.77Cr23.04Cu8.38Fe5.52Mo21.08Nb31.21,6,1074.5191650390625,926.1482543945312,55.65595626831055,602.6129999999998,True
CAND_01520,Cu25.49Fe9.20Mn11.26Nb7.65Ti17.97W28.43,6,952.7866821289062,1044.1395263671875,30.20392608642578,649.1351999999995,True
CAND_01521,Al24.95Cr21.22Cu14.88Nb6.04Ni19.47V13.44,6,1384.20068359375,1014.8309326171875,45.72666549682617,615.6146999999997,True
CAND_01522,Co10.80Cr13.77Mo19.77Ni25.81V29.85,5,1280.9901123046875,994.8131103515625,55.86339569091797,517.4168999999999,True
CAND_01523,Fe14.30Mo10.78Nb18.67Ti13.86V42.39,5,1175.9278564453125,1092.41796875,42.63229751586914,569.8267999999998,True
CAND_01524,Cu14.07Fe12.61Ni42.41W30.91,4,560.9476928710938,958.264404296875,54.754432678222656,476.1407999999992,True
CAND_01525,Cr8.35Cu11.49Fe13.64Mo6.51Nb43.92Ti16.09,6,1050.716796875,1022.5392456054688,47.98636245727539,597.6737999999997,True
CAND_01526,Al25.32Cu20.02Fe34.19Mo20.47,4,738.073974609375,918.5702514648438,49.4633903503418,641.3446666666662,True
CAND_01527,Co20.19Fe27.44Mo17.85Ti22.32W12.20,5,745.1032104492188,899.0818481445312,51.20811080932617,502.1349,True
CAND_01528,Cr34.35Fe14.39Mn10.74Mo12.83V13.84W13.85,6,1143.400390625,933.8497314453125,64.8218765258789,591.2863999999998,True
CAND_01529,Cr44.01Mn33.22Mo11.79W10.98,4,663.7694091796875,1129.512451171875,59.31132125854492,538.5104999999999,True
CAND_01530,Mn5.61Nb39.53Ti14.19V40.67,4,976.5322875976562,1094.1541748046875,44.38407516479492,581.5737999999998,True
CAND_01531,Al6.05Cr18.11Cu22.11Ni21.57W32.16,5,747.7586669921875,840.3824462890625,48.412174224853516,578.9475999999995,True
CAND_01532,Co6.43Cr13.45Cu14.24Mo37.21Ni21.14W7.53,6,852.8067016601562,772.3394165039062,47.63584899902344,573.7084999999995,True
CAND_01533,Co31.26Cr11.23Fe14.34Nb7.40Ni35.77,5,660.1890869140625,910.0388793945312,55.7731819152832,377.05460000000005,True
CAND_01534,Cu18.14Fe18.81Mn6.05Mo8.17Nb36.38Ni12.45,6,922.4619750976562,943.9238891601562,52.53453063964844,584.8251999999995,True
CAND_01535,Al26.33Cr25.65Cu20.83Mn27.19,4,782.4248657226562,1155.79833984375,49.15437698364258,675.103633333333,True
CAND_01536,Al13.12Fe41.79Mn6.66Mo9.39Ni21.47W7.57,6,754.4585571289062,893.268798828125,57.79822540283203,471.4989666666663,True
CAND_01537,Al28.32Co5.99Cr16.60Nb10.96Ni38.13,5,992.955322265625,1192.72119140625,52.59746551513672,637.8492666666662,True
CAND_01538,Al10.87Cu7.82Mo31.66Nb11.92Ni13.54V24.19,6,1128.911865234375,898.356689453125,40.30669021606445,594.4424999999998,True
CAND_01539,Al6.91Co11.22Cr21.85Fe24.27Ti26.16W9.59,6,865.2149658203125,978.77099609375,59.80083465576172,475.5006999999997,True
CAND_01540,Al15.19Fe20.75Mn11.96Mo26.37Nb19.91W5.82,6,1022.4813232421875,834.544677734375,56.327266693115234,516.4514999999998,True
CAND_01541,Al14.71Mn12.11Mo10.40Ni25.36Ti27.47W9.95,6,1093.4013671875,911.8080444335938,61.310523986816406,520.1725999999998,True
CAND_01542,Cu42.04Mn26.15Mo6.29V25.52,4,883.7539672851562,1089.2989501953125,52.38313293457031,608.6740999999995,True
CAND_01543,Al16.38Cu34.39Mn21.00Nb22.36Ti5.87,5,875.6710815429688,1114.6591796875,53.988590240478516,648.2402999999995,True
CAND_01544,Al41.97Cr18.49Cu25.43Mn14.11,4,881.2391357421875,1083.142333984375,53.42439651489258,766.1924666666666,True
CAND_01545,Co9.47Cr6.79Mo6.05Nb23.75Ni43.21W10.73,6,725.8668212890625,1009.784423828125,63.59539031982422,420.41359999999963,True
CAND_01546,Al13.26Cu14.14Nb28.57Ni18.56Ti20.15V5.32,6,1131.814208984375,863.7003784179688,66.62616729736328,551.8950999999995,True
CAND_01547,Co19.23Cu37.70Fe33.90Mo9.17,4,593.0579223632812,926.3734130859375,59.968048095703125,515.3187999999996,True
CAND_01548,Al40.25Cr7.75Mn31.20Mo8.31Ni7.36V5.13,6,1009.5267333984375,1021.6259765625,58.86155319213867,700.0411333333333,True
CAND_01549,Co8.90Cr19.46Cu17.87Fe14.32Ni18.73Ti20.72,6,900.5225219726562,999.2362060546875,47.77646255493164,560.8629999999995,True
CAND_01550,Mn17.38Mo14.19Ni25.89Ti13.95V16.04W12.55,6,1216.3516845703125,753.0582275390625,55.584815979003906,531.0745999999998,True
CAND_01551,Co18.19Cr15.36Mn26.82V39.63,4,880.4733276367188,1071.1136474609375,55.88843536376953,531.4399000000002,True
CAND_01552,Fe36.18Mn31.77Ni10.53Ti21.52,4,870.23828125,978.8212280273438,45.42697525024414,444.66919999999965,True
CAND_01553,Al31.25Cu18.61Fe28.50Mn21.64,4,667.1476440429688,1095.4090576171875,50.913936614990234,677.4328,True
CAND_01554,Cr26.41Nb27.06Ni10.38Ti30.27W5.88,5,876.4880981445312,957.8819580078125,58.2071647644043,560.3859999999997,True
CAND_01555,Cu36.93Mn20.84Nb19.71Ti22.52,4,828.8310546875,1106.7193603515625,43.62415313720703,615.2234999999993,True
CAND_01556,Al13.24Cr30.94Fe7.00Nb18.53Ni7.87Ti22.42,6,1330.9757080078125,1097.4129638671875,64.64508819580078,565.7023999999998,True
CAND_01557,Al14.67Cr37.71Nb7.28Ni40.34,4,922.9008178710938,1088.2589111328125,59.43373107910156,444.13719999999967,True
CAND_01558,Cr34.80Fe9.05Mo14.53W41.62,4,725.7554931640625,995.3757934570312,63.244998931884766,591.9423999999998,True
CAND_01559,Co7.28Cr28.90Cu7.49Mn17.04Mo20.76Ni18.53,6,835.8265991210938,872.2687377929688,65.99932861328125,525.2508999999999,True
CAND_01560,Cu34.12Mo34.73Nb13.02W18.13,4,855.0516967773438,936.0902709960938,44.90525817871094,685.0054999999994,True
CAND_01561,Al11.57Cr29.38Cu13.45Mo20.52Ti18.37V6.71,6,1291.264892578125,615.2549438476562,56.46242904663086,623.3118999999998,True
CAND_01562,Al28.06Co9.83Cr7.13Mn17.36Mo20.27W17.35,6,712.154296875,927.1061401367188,54.95114517211914,710.2281999999999,True
CAND_01563,Al31.99Co30.57Cu14.02Mn9.74Ni13.68,5,755.923095703125,964.0366821289062,69.10013580322266,791.8841333333334,True
CAND_01564,Cu7.44Fe7.47Mo36.41Nb18.85Ni29.83,5,903.0213623046875,823.662841796875,51.00804138183594,463.9350999999998,True
CAND_01565,Cr36.56Cu13.56Fe20.65Ti7.10V15.18W6.95,6,1226.165771484375,987.2234497070312,54.883888244628906,538.0061999999997,True
CAND_01566,Al16.96Fe6.77Ni20.05Ti43.99V12.23,5,1083.312744140625,712.2196044921875,58.52730178833008,501.36839999999967,True
CAND_01567,Co35.55Fe9.09Mn20.08Ti35.28,4,549.5960693359375,929.3955688476562,51.11661148071289,556.0986999999998,True
CAND_01568,Al30.25Cr30.90Nb9.66Ti8.48W20.71,5,1156.1298828125,1311.23974609375,58.96611022949219,714.5792333333331,True
CAND_01569,Co8.15Nb43.04Ti24.99V23.82,4,1018.9297485351562,1127.3455810546875,49.38521194458008,578.4757999999998,True
CAND_01570,Cu12.00Fe7.44Mn24.74Ni14.90Ti40.92,5,684.1300659179688,754.1747436523438,46.784427642822266,533.4938999999997,True
CAND_01571,Al35.29Co34.90Cr14.36Mo15.45,4,835.268798828125,905.8378295898438,65.35391998291016,772.8942666666666,True
CAND_01572,Cu17.30Fe17.29Mo14.52Ni6.08Ti20.35V24.46,6,1063.2918701171875,1039.905517578125,40.568153381347656,619.6204999999994,True
CAND_01573,Co36.58Cu28.14Fe7.00Mn18.91Ti9.37,5,543.268798828125,1099.480712890625,57.031883239746094,661.0687999999999,True
CAND_01574,Al44.78Co6.92Ni20.27V28.03,4,977.8805541992188,972.5750122070312,65.00785827636719,734.9451666666665,True
CAND_01575,Co27.29Cu5.91Nb9.61Ni37.69W19.50,5,661.5652465820312,954.1161499023438,65.09291076660156,398.4218,True
CAND_01576,Al20.17Cr27.00Mo36.98V15.85,4,1221.00927734375,943.33056640625,56.801673889160156,607.4148999999999,True
CAND_01577,Co23.75Cr24.53Mo8.14Ni29.96Ti13.62,5,998.4795532226562,771.9774780273438,62.075347900390625,476.3044000000001,True
CAND_01578,Cu6.90Nb16.55Ni22.42Ti22.29V12.99W18.85,6,1196.75048828125,871.849365234375,53.491844177246094,513.0071999999997,True
CAND_01579,Fe44.16Mo19.99Ti22.05W13.80,4,973.839111328125,845.9824829101562,40.63681411743164,499.4305999999998,True
CAND_01580,Fe30.10Mo22.24Ni20.29V27.37,4,1065.1668701171875,863.46630859375,53.1859016418457,494.29266666666666,True
CAND_01581,Al23.17Cr9.50Fe27.88Mo9.35Ni14.20W15.90,6,983.0560913085938,981.7024536132812,53.79610824584961,544.2045999999999,True
CAND_01582,Al30.83Mn8.42Mo26.28Nb15.51Ti18.96,5,833.587158203125,738.5560913085938,51.06343460083008,741.5555333333331,True
CAND_01583,Co34.26Cr11.14Ni7.77Ti19.87V26.96,5,912.1654663085938,1192.770751953125,58.83485412597656,563.1184000000001,True
CAND_01584,Al26.07Cu21.01Fe19.18Mo33.74,4,786.9436645507812,917.5070190429688,55.09994125366211,714.5231999999997,True
CAND_01585,Co18.63Cu15.84Mo12.43Nb19.35V5.76W27.99,6,1077.2032470703125,907.3009643554688,66.95176696777344,652.8227999999998,True
CAND_01586,Al14.01Cr16.78Cu42.67Fe15.25Ni11.29,5,876.269775390625,935.7893676757812,51.12765884399414,594.2311999999993,True
CAND_01587,Co29.12Cu43.49Mn18.28W9.11,4,358.8247985839844,996.5948486328125,70.72529602050781,626.4711999999996,True
CAND_01588,Al17.62Cu14.84Mn9.93Mo26.28Ti20.50V10.83,6,1086.8824462890625,633.3575439453125,48.58316421508789,649.8884999999997,True
CAND_01589,Al25.07Cu23.47Mn10.12Ni41.34,4,580.654052734375,1116.4769287109375,59.52948760986328,591.5164333333328,True
CAND_01590,Al9.93Cu22.75Fe36.72Mn15.96Ni14.64,5,675.8943481445312,947.961181640625,45.02571105957031,550.895066666666,True
CAND_01591,Cu25.94Fe35.00Mo8.54Ni18.35W12.17,5,636.562255859375,864.9869995117188,61.01116943359375,504.124666666666,True
CAND_01592,Mn20.74Mo38.25Ti28.06W12.95,4,844.5372314453125,884.7992553710938,43.410823822021484,576.2403999999998,True
CAND_01593,Co15.61Fe21.12Mn20.09Ni18.97V24.21,5,793.5591430664062,908.5421142578125,59.31389236450195,445.8156666666663,True
CAND_01594,Al6.40Co27.55Cr9.89Fe27.97Ti15.88V12.31,6,890.0336303710938,727.30224609375,63.486305236816406,486.43199999999996,True
CAND_01595,Cr12.53Fe17.44Ni19.90Ti23.46V26.67,5,1079.720703125,962.1751098632812,46.719058990478516,445.87759999999963,True
CAND_01596,Al16.84Mn26.00Nb25.69Ni19.48Ti11.99,5,1031.5020751953125,863.4515380859375,54.27156448364258,496.91289999999975,True
CAND_01597,Co18.82Ni36.38Ti6.45V38.35,4,997.7366943359375,988.0875244140625,64.22374725341797,399.57419999999996,True
CAND_01598,Al17.87Co22.84Cu5.90Mn5.41Mo23.14Ni24.84,6,923.1163940429688,808.5285034179688,73.78190612792969,536.5716000000001,True
CAND_01599,Co12.18Cr6.90Nb20.66Ni27.66V22.35W10.25,6,1088.2764892578125,989.583740234375,66.35100555419922,462.06739999999974,True
CAND_01600,Cu33.03Ni8.44Ti31.72V26.81,4,858.0730590820312,869.8909912109375,44.39198303222656,634.5101999999994,True
CAND_01601,Cr20.96Cu14.49Ni16.48Ti19.91W28.16,5,934.2077026367188,916.021484375,40.93938446044922,553.8191999999996,True
CAND_01602,Al15.51Co35.02Mo16.47Ni26.94Ti6.06,5,974.01611328125,840.8189086914062,72.18672943115234,545.2498,True
CAND_01603,Cr21.97Mo19.29Ti20.45V31.90W6.39,5,1233.5294189453125,1108.161865234375,42.6278076171875,584.4250999999997,True
CAND_01604,Cr12.54Mo38.43Nb12.53Ni36.50,4,969.32958984375,874.9363403320312,46.78179168701172,424.64139999999975,True
CAND_01605,Co23.95Cr21.49Cu15.23V34.29W5.04,5,1026.2674560546875,948.1009521484375,62.59650802612305,613.0614,True
CAND_01606,Al22.07Co10.58Cr13.91Cu9.41Ti44.03,5,1150.9288330078125,848.9464111328125,60.05232620239258,602.6139333333331,True
CAND_01607,Cr7.00Cu13.29Mo29.22Nb21.54Ti11.37V17.58,6,1187.3427734375,980.9434814453125,37.20624923706055,646.6020999999996,True
CAND_01608,Al13.79Mn12.33Mo22.81Ni19.17Ti13.77V18.13,6,1082.0699462890625,573.2620239257812,51.87607192993164,545.2360999999999,True
CAND_01609,Cr11.72Mn33.59Nb9.26Ti6.42V21.44W17.57,6,1020.383544921875,1201.1431884765625,36.45584487915039,539.9932999999999,True
CAND_01610,Al18.72Cr7.55Fe16.13Mo9.93Nb24.10V23.57,6,1348.2208251953125,1233.9068603515625,51.09186935424805,538.4803999999999,True
CAND_01611,Cr37.93Fe23.64Mn17.27W21.16,4,710.5680541992188,1033.704345703125,65.2262191772461,500.4802999999998,True
CAND_01612,Al34.20Cu7.25Fe44.93Ti13.62,4,1007.3212280273438,824.5162353515625,46.94353103637695,668.2388,True
CAND_01613,Cu25.67Nb42.70Ni5.18Ti26.45,4,902.7386474609375,980.6559448242188,46.363304138183594,650.2251999999995,True
CAND_01614,Cr11.60Mo32.48Ni20.26W35.66,4,774.607666015625,763.1949462890625,50.44069290161133,521.4497,True
CAND_01615,Al12.18Cr9.38Fe15.66Mn31.76Ti20.72V10.30,6,1117.2149658203125,1086.3822021484375,49.229618072509766,489.21029999999973,True
CAND_01616,Cr15.84Mn27.26Ni24.19Ti26.88V5.83,5,1275.83984375,839.3699340820312,48.913551330566406,486.0678999999997,True
CAND_01617,Co18.57Cr26.29Cu19.68Fe17.08V18.38,5,967.9195556640625,969.9859008789062,56.637550354003906,537.1285999999999,True
CAND_01618,Co28.73Fe12.50Nb17.67Ni41.10,4,681.125,876.6743774414062,73.83402252197266,394.41240000000005,True
CAND_01619,Co39.77Cu18.94Fe23.00V18.29,4,839.4170532226562,1202.71484375,64.03575134277344,629.6333999999998,True
CAND_01620,Cr6.41Cu25.42Fe27.92Mn8.33V9.43W22.49,6,789.993896484375,808.615234375,49.502685546875,549.0427999999995,True
CAND_01621,Al21.33Mn33.16Mo11.00V34.51,4,1044.3812255859375,1131.7188720703125,59.394840240478516,552.1964999999999,True
CAND_01622,Mn24.14Ni31.97Ti18.87V25.02,4,1187.3792724609375,947.7135620117188,57.00550079345703,407.4185999999997,True
CAND_01623,Al10.74Cu14.05Fe26.11Ti30.13W18.97,5,918.5543823242188,825.2520751953125,48.85548782348633,529.6818999999997,True
CAND_01624,Cr22.84Cu22.27Fe20.45Mo19.30Ni15.14,5,870.2523803710938,844.5535888671875,46.97085189819336,568.2501999999995,True
CAND_01625,Cr12.94Cu14.95Fe43.24Mn19.91Nb8.96,5,657.5567016601562,902.1043701171875,28.499717712402344,528.3101999999994,True
CAND_01626,Co22.79Fe23.26Mo14.54Nb20.32Ni10.27W8.82,6,863.9675903320312,849.9559326171875,72.24317169189453,495.9165999999999,True
CAND_01627,Cr7.68Mo18.52Ni17.67Ti28.38V19.20W8.55,6,1164.286376953125,840.3584594726562,43.4327278137207,528.2543,True
CAND_01628,Al34.79Cr23.08Fe36.70V5.43,4,965.3342895507812,1104.3441162109375,53.44147491455078,663.7780666666666,True
CAND_01629,Co6.62Mo11.02V43.22W39.14,4,997.99853515625,1024.163818359375,53.607730865478516,575.4169999999999,True
CAND_01630,Al17.32Co24.06Cr14.28Cu8.76Fe15.46V20.12,6,1245.81689453125,1129.2791748046875,69.8054428100586,531.4172,True
CAND_01631,Al6.57Co41.42Cr32.61Nb5.82W13.58,5,883.1253051757812,1016.8755493164062,73.90838623046875,567.8553999999999,True
CAND_01632,Co10.28Cr16.16Fe20.73Mo12.57Ni24.09W16.17,6,686.720458984375,742.0494384765625,58.55892562866211,480.5367999999997,True
CAND_01633,Cr31.51Cu19.60Mo11.95Nb18.17Ni11.38Ti7.39,6,1033.17919921875,990.50341796875,57.18061447143555,665.2941999999997,True
CAND_01634,Al15.84Cr10.75Fe40.90Nb7.96V12.27W12.28,6,1153.171875,831.4221801757812,39.46847915649414,495.8218999999997,True
CAND_01635,Co37.40Mo17.59Ni24.56Ti20.45,4,854.352783203125,785.8154296875,60.336158752441406,564.2700999999998,True
CAND_01636,Al18.75Cu8.32Mn26.84Nb16.97Ni12.06V17.06,6,1075.5001220703125,1083.6414794921875,60.8336067199707,547.1290999999999,True
CAND_01637,Co10.55Mo31.80Ni28.66W28.99,4,591.5960693359375,738.4661865234375,56.89332580566406,477.37409999999977,True
CAND_01638,Cr33.15Cu8.83Nb34.46Ni23.56,4,846.5066528320312,853.05078125,68.14070892333984,522.9937999999997,True
CAND_01639,Cu19.73Fe7.78Mn32.49Ti10.94V29.06,5,881.0330810546875,1022.5044555664062,40.31604766845703,615.8666999999997,True
CAND_01640,Co11.01Cu11.65Nb29.59Ni15.75Ti32.00,5,839.78369140625,834.7802734375,53.28679275512695,560.1021999999995,True
CAND_01641,Fe5.21Mn24.51Mo28.29Nb22.58Ni19.41,5,836.1398315429688,827.6608276367188,49.73434829711914,513.9165,True
CAND_01642,Al10.94Fe34.43Nb42.09V12.54,4,1225.3824462890625,879.73095703125,48.34634017944336,508.6908999999997,True
CAND_01643,Co34.52Cr28.74Fe20.22Ti8.91V7.61,5,1048.80078125,1096.184326171875,72.7959976196289,530.0299999999999,True
CAND_01644,Cu31.01Mo38.01Nb8.25Ti16.26W6.47,5,971.6591796875,891.0562744140625,33.16362762451172,686.1848999999994,True
CAND_01645,Cu28.63Fe19.25Ti35.22W16.90,4,764.4913330078125,861.2215576171875,47.09367370605469,525.8625999999991,True
CAND_01646,Co19.79Cr24.11Cu7.27Mo28.66V20.17,5,1221.9678955078125,998.8807983398438,60.892738342285156,567.7557,True
CAND_01647,Cu19.38Mn16.15Nb13.81Ti10.98V39.68,5,1048.6104736328125,1121.6983642578125,36.51873016357422,669.0523999999996,True
CAND_01648,Al6.37Co21.68Mn26.41Mo17.14Nb12.21W16.19,6,703.99755859375,999.5523071289062,52.54500961303711,547.5088000000001,True
CAND_01649,Co37.53Cr24.46Fe17.56Ti20.45,4,763.9010620117188,1089.6429443359375,58.07137680053711,534.7801999999999,True
CAND_01650,Al11.62Cu10.44Nb28.06Ni15.07V5.08W29.73,6,1106.697509765625,900.0570068359375,63.81972122192383,571.0369999999996,True
CAND_01651,Co18.28Cu32.84Mn5.20Mo9.14Ni7.64V26.90,6,950.8002319335938,1022.7777709960938,60.75391387939453,638.5737999999999,True
CAND_01652,Cu7.20Mn24.53Nb20.82Ni12.62V8.00W26.83,6,850.469482421875,906.4918823242188,55.668949127197266,536.2134999999997,True
CAND_01653,Al15.93Fe17.08Nb26.08Ni40.91,4,785.1619262695312,1052.2203369140625,59.380218505859375,445.1635999999996,True
CAND_01654,Al30.96Fe11.14Mn27.30Ti5.86V24.74,5,918.4423828125,1179.443359375,53.621212005615234,676.0529666666665,True
CAND_01655,Al11.39Cr34.60Cu9.62Mo44.39,4,962.1487426757812,915.8187866210938,66.74561309814453,603.9654999999998,True
CAND_01656,Co36.03Cr19.66Cu13.00Nb19.04Ni12.27,5,898.7991333007812,914.1710205078125,64.59508514404297,604.2856,True
CAND_01657,Al13.71Fe10.71Mn39.34Nb20.69V8.20W7.35,6,1093.87939453125,1034.195068359375,57.30312728881836,543.1856999999999,True
CAND_01658,Co18.94Cr16.63Fe6.64Mo9.39Ni39.25W9.15,6,751.4368896484375,918.1896362304688,61.26138687133789,395.26519999999994,True
CAND_01659,Al28.42Fe34.27Mn20.34Nb16.97,4,928.9896850585938,1096.447509765625,47.399593353271484,677.9210666666665,True
CAND_01660,Al18.26Cr7.82Fe14.68Mo27.89Nb31.35,5,1042.652099609375,940.6475830078125,50.96100997924805,571.6241999999999,True
CAND_01661,Cr10.60Cu22.54Mn16.23Nb18.12Ni12.35Ti20.16,6,948.6625366210938,962.2149047851562,42.00127410888672,644.3497999999995,True
CAND_01662,Cr7.56Cu22.30Fe8.46V20.42W41.26,5,950.4339599609375,1060.757568359375,45.40990447998047,657.4491999999995,True
CAND_01663,Al6.78Co5.98Cr13.63Cu11.92Nb33.71Ni27.98,6,870.7655639648438,813.8493041992188,59.108360290527344,503.22239999999954,True
CAND_01664,Al33.57Cr26.06Fe25.71Ni9.32Ti5.34,5,1102.243896484375,1214.6729736328125,55.593997955322266,676.8918000000001,True
CAND_01665,Cu36.63Mn21.70Mo24.06W17.61,4,602.8246459960938,945.8082885742188,49.833404541015625,653.3925999999994,True
CAND_01666,Al42.01Cu9.96Fe15.67Mo14.14W18.22,5,732.24853515625,944.24267578125,59.61306381225586,709.0295333333333,True
CAND_01667,Cr21.15Mn13.39Nb13.86Ti11.96V39.64,5,1134.6629638671875,1114.0760498046875,43.49143600463867,571.2209999999999,True
CAND_01668,Cr35.78Mn18.87Mo19.37Ni12.32Ti13.66,5,811.8214111328125,920.7190551757812,56.63853073120117,592.6657999999998,True
CAND_01669,Al17.44Co19.62Nb20.31Ti42.63,4,986.9521484375,982.6524658203125,58.53520584106445,544.7736666666665,True
CAND_01670,Cu15.99Mn21.90Mo18.73Nb5.41Ti10.12W27.85,6,842.0352783203125,1002.254638671875,36.70254898071289,652.8821999999996,True
CAND_01671,Al6.84Cr9.68Mn35.03V13.21W35.24,5,890.675048828125,917.870849609375,53.297847747802734,543.3204999999999,True
CAND_01672,Al10.27Co9.36Mn28.93Mo8.88Ni29.21V13.35,6,1025.518310546875,818.5097045898438,58.12455749511719,441.37169999999975,True
CAND_01673,Co14.68Cu23.84Fe13.65Mo23.58Ti5.38V18.87,6,1038.7977294921875,952.3523559570312,45.74139404296875,700.0094999999997,True
CAND_01674,Al20.00Cu10.04Fe33.36Mn20.18Mo7.19Nb9.23,6,1030.79638671875,1136.9163818359375,45.20207595825195,528.1037333333331,True
CAND_01675,Co37.70Fe24.93Mo11.97Nb9.80Ni8.21V7.39,6,1092.762939453125,1125.1640625,53.265071868896484,535.5125999999999,True
CAND_01676,Al24.78Co27.97Mo5.13V42.12,4,1128.113037109375,1162.432861328125,70.10892486572266,646.273,True
CAND_01677,Cr36.06Mo21.12Nb34.21V8.61,4,1185.1854248046875,977.4569091796875,65.59861755371094,600.8769999999998,True
CAND_01678,Co33.29Cu25.38Fe16.52Nb17.86V6.95,5,925.3297119140625,1011.8358764648438,65.88929748535156,591.1433999999998,True
CAND_01679,Co12.11Cr18.75Cu30.47Ni13.54V25.13,5,1009.39453125,904.8133544921875,51.132667541503906,638.0107999999994,True
CAND_01680,Cr29.60Mn43.36Ti18.34W8.70,4,999.9235229492188,1106.829345703125,51.48168182373047,524.7584999999999,True
CAND_01681,Cu29.55Mn15.06Nb26.96W28.43,4,675.405517578125,1003.4309692382812,49.710411071777344,654.0741999999995,True
CAND_01682,Co25.78Cu6.41Mo41.10Ni15.84W10.87,5,740.2962036132812,822.9405517578125,70.21513366699219,532.3175,True
CAND_01683,Cr14.84Fe25.48Ni24.78V34.90,4,1019.4349975585938,803.6377563476562,53.40205001831055,473.84679999999975,True
CAND_01684,Fe35.96Mo38.50Nb5.99V19.55,4,1267.775390625,1048.09716796875,40.82931900024414,502.95399999999984,True
CAND_01685,Fe12.89Mn29.35Ni13.38W44.38,4,548.93359375,964.4464111328125,48.8908576965332,525.3206999999999,True
CAND_01686,Cr5.68Mo42.83Ti44.52W6.97,4,921.5099487304688,726.0807495117188,46.58344650268555,575.4872999999998,True
CAND_01687,Al43.28Cr21.23Cu9.30Ti26.19,4,1153.7105712890625,1051.8277587890625,55.26634216308594,754.0465333333333,True
CAND_01688,Co9.75Cr36.73Fe19.24Mo10.49V14.72W9.07,6,1176.9228515625,974.6036376953125,68.26530456542969,497.9987999999998,True
CAND_01689,Cr12.78Mn11.93Mo7.84Ti26.92W40.53,5,909.1644897460938,1067.1180419921875,45.50261306762695,569.9595999999998,True
CAND_01690,Al43.13Mn12.50Mo15.17W29.20,4,598.7931518554688,939.4214477539062,55.93973159790039,756.0639333333334,True
CAND_01691,Al12.75Co22.94Cr21.91Ni32.15V10.25,5,1069.31689453125,1034.544189453125,73.29777526855469,417.4701999999999,True
CAND_01692,Al10.11Mn33.95Mo9.93V10.01W36.00,5,922.874755859375,978.3236083984375,49.3334846496582,543.2656999999999,True
CAND_01693,Al20.02Cr13.21Mn44.00Mo22.77,4,953.5181274414062,990.976318359375,52.661338806152344,563.6511999999998,True
CAND_01694,Al9.76Co38.01Cr8.75Mo8.01Nb11.55Ni23.92,6,995.9826049804688,948.319091796875,59.27421951293945,532.418,True
CAND_01695,Al20.65Nb5.02Ni5.99Ti28.76W39.58,5,1057.0,1066.38525390625,49.7188835144043,590.0887999999998,True
CAND_01696,Al7.16Cu32.08Fe18.19Mn9.12Ni21.14V12.31,6,870.082763671875,801.1737670898438,57.50086212158203,494.549199999999,True
CAND_01697,Cr21.88Cu17.30Fe20.38Mo11.04Nb21.88Ti7.52,6,1140.7138671875,977.4593505859375,47.84754943847656,568.9337999999996,True
CAND_01698,Co11.57Cu36.52Mn30.69W21.22,4,486.4912414550781,1006.0333251953125,55.450279235839844,596.5156999999995,True
CAND_01699,Al17.06Cu30.54Mo21.19Nb31.21,4,895.3057250976562,863.855712890625,56.6650276184082,699.9739999999994,True
CAND_01700,Al12.66Co25.08Fe26.42Nb9.34Ti10.03W16.47,6,917.17919921875,1109.484619140625,53.32075119018555,496.6799999999999,True
CAND_01701,Al6.52Co18.12Mn31.45Ti43.91,4,637.4174194335938,805.351806640625,65.0205307006836,509.50249999999994,True
CAND_01702,Al25.27Co16.97Ti41.81W15.95,4,904.6671142578125,936.763427734375,60.009944915771484,631.8232666666665,True
CAND_01703,Fe5.51Mn15.02Mo12.63Nb36.81Ni24.13W5.90,6,702.4752807617188,839.4037475585938,55.34516143798828,532.8229999999998,True
CAND_01704,Al18.55Cr18.77Mn32.86Nb29.82,4,1109.1796875,1243.39208984375,51.291603088378906,546.9844999999998,True
CAND_01705,Cu18.71Fe21.40Mn41.05Ti18.84,4,846.8131103515625,1083.975830078125,39.5534782409668,497.6017999999996,True
CAND_01706,Cr14.57Mo6.45Nb21.52Ni33.20W24.26,5,782.3072509765625,1005.88427734375,54.701019287109375,413.68279999999965,True
CAND_01707,Al10.09Cr25.35Fe14.11Mn26.04Nb24.41,5,993.8817749023438,1123.6683349609375,52.4892578125,537.4330999999999,True
CAND_01708,Al21.91Co25.69Fe13.16Mo14.07Nb25.17,5,975.2056884765625,801.23486328125,67.9683837890625,625.0639333333334,True
CAND_01709,Co29.85Cr16.88Fe43.67W9.60,4,441.6939697265625,920.4555053710938,51.644630432128906,473.3153999999999,True
CAND_01710,Al19.55Co30.83Cr33.57Cu16.05,4,859.810546875,998.7611083984375,70.54216766357422,631.2721333333332,True
CAND_01711,Al14.59Cu18.52Mo28.04Nb16.95Ni6.60V15.30,6,1126.137451171875,852.8949584960938,49.46779251098633,729.8304999999997,True
CAND_01712,Fe27.45Ni16.40Ti32.60V23.55,4,973.20361328125,855.7073364257812,47.55100631713867,478.11836666666636,True
CAND_01713,Cu25.80Fe23.49Mn24.28Ni9.38W17.05,5,472.5056457519531,972.6959228515625,50.42137145996094,509.11319999999944,True
CAND_01714,Cr6.19Fe22.99Mn5.06Mo30.27Nb35.49,5,934.9672241210938,860.9443969726562,54.46010208129883,518.2318999999999,True
CAND_01715,Al22.91Cr9.58Nb26.92Ni33.22W7.37,5,882.5056762695312,1113.747314453125,61.015586853027344,529.3528666666663,True
CAND_01716,Al36.74Fe34.99Mn19.40Nb8.87,4,863.183349609375,1085.4202880859375,41.189823150634766,672.5464,True
CAND_01717,Cu17.08Fe24.63Mn17.46Nb13.96V5.81W21.06,6,962.1182861328125,887.79736328125,47.11227798461914,571.8324999999995,True
CAND_01718,Co17.63Ni7.05Ti31.95V43.37,4,769.0266723632812,864.7779541015625,52.6005973815918,558.7461999999999,True
CAND_01719,Co13.56Mn11.57Mo39.53Ti8.38V10.83W16.13,6,938.7228393554688,947.6692504882812,48.067081451416016,602.4410999999998,True
CAND_01720,Co9.54Cr20.58Mn22.80Ni7.41Ti22.70V16.97,6,866.162109375,1091.0909423828125,47.40332794189453,541.4020999999999,True
CAND_01721,Al5.71Cr30.64Nb13.11V26.66W23.88,5,1342.1392822265625,1131.143310546875,60.86513900756836,568.8329999999997,True
CAND_01722,Al22.44Co26.62Cu21.24Mn14.91Nb14.79,5,880.40673828125,1073.6541748046875,72.24881744384766,672.9679999999997,True
CAND_01723,Cr41.19Nb17.47Ni27.12V14.22,4,1269.4404296875,848.3851928710938,67.06987762451172,505.1827999999997,True
CAND_01724,Al7.76Co11.64Cr7.99Nb44.63V27.98,5,1195.3482666015625,1025.8486328125,52.41488265991211,579.1111999999998,True
CAND_01725,Cu25.61Fe28.12Mo17.97Nb18.52Ni9.78,5,919.6371459960938,887.67333984375,49.296630859375,582.2697999999993,True
CAND_01726,Cr20.33Mn8.06Ni39.29V32.32,4,1146.08056640625,951.1477661132812,61.67923355102539,417.16699999999963,True
CAND_01727,Al12.73Mn6.79Mo15.46Nb30.79Ni8.09V26.14,6,1027.27001953125,967.4158935546875,55.87034225463867,604.8137999999998,True
CAND_01728,Al18.23Cr15.00Cu31.82Mn10.96Nb9.51Ti14.48,6,1189.35546875,938.2230834960938,46.652488708496094,644.8209999999996,True
CAND_01729,Al20.43Co25.77Cu44.30Ni9.50,4,712.9105834960938,949.1793823242188,71.29167175292969,655.8101999999998,True
CAND_01730,Cr17.42Cu26.04Mn21.36V14.22W20.96,5,815.7197875976562,922.3234252929688,47.18824005126953,641.1796999999996,True
CAND_01731,Al37.14Cu27.76Ni24.34V10.76,4,864.5933227539062,950.6519165039062,63.88242721557617,725.2221333333331,True
CAND_01732,Cr29.59Fe16.94Nb38.87W14.60,4,983.179443359375,1101.541015625,66.17923736572266,499.62739999999985,True
CAND_01733,Al22.16Fe13.48Mn14.27Nb24.40W25.69,5,964.966064453125,1124.2574462890625,53.70265579223633,597.5107999999999,True
CAND_01734,Al8.40Mn18.47Mo15.63Ni35.73V21.77,5,984.6373901367188,894.9403076171875,62.24248504638672,426.1729999999998,True
CAND_01735,Nb28.21Ni41.08Ti6.59W24.12,4,853.0629272460938,973.0756225585938,53.9879150390625,470.7185999999995,True
CAND_01736,Al33.25Cr15.56Nb27.24Ni9.11Ti14.84,5,1174.7421875,928.1464233398438,48.77150344848633,746.6913999999999,True
CAND_01737,Cu35.48Fe6.66Mo23.60Ti34.26,4,780.7242431640625,643.479248046875,42.84784698486328,662.2764999999993,True
CAND_01738,Al31.67Cr26.00Fe11.28Mn22.44V8.61,5,950.680419921875,1228.0579833984375,61.23577880859375,687.9900333333333,True
CAND_01739,Co26.63Cr27.18Cu35.76Ti10.43,4,696.4151000976562,947.8067016601562,54.569419860839844,623.9205999999999,True
CAND_01740,Cr20.71Fe11.51Mo37.83Nb7.81Ti12.98W9.16,6,1120.4844970703125,1000.6896362304688,31.388751983642578,593.3996999999998,True
CAND_01741,Al5.70Co11.71Cr6.94Cu38.95Ni21.01Ti15.69,6,887.1880493164062,760.720458984375,52.02989959716797,537.2073999999991,True
CAND_01742,Cu17.87Nb11.39Ni17.94Ti14.65V24.26W13.89,6,1069.297607421875,1022.9334106445312,39.228172302246094,603.3765999999995,True
CAND_01743,Co21.35Cr10.53Cu6.96Nb35.85Ni8.79W16.52,6,743.3855590820312,988.7296142578125,62.80934524536133,543.4066,True
CAND_01744,Al15.23Co21.94Cr8.40Mo38.39W16.04,5,808.995361328125,955.6373901367188,61.22434616088867,576.4268999999999,True
CAND_01745,Al9.18Co17.42Cu16.65Mo16.81Ni30.16W9.78,6,771.2670288085938,810.2339477539062,54.152587890625,554.6278,True
CAND_01746,Cr12.79Cu21.21Nb6.11Ni33.93V13.27W12.69,6,1120.17431640625,859.2224731445312,48.59663391113281,469.43119999999914,True
CAND_01747,Cr20.87Fe8.89Mn15.85Ni32.50V21.89,5,1137.0584716796875,962.77392578125,60.74518966674805,415.2345999999996,True
CAND_01748,Fe24.60Ti11.97V39.71W23.72,4,1029.80615234375,1045.6455078125,41.77583694458008,514.6658999999997,True
CAND_01749,Al15.42Mo34.17Nb26.14Ti24.27,4,970.194091796875,770.82470703125,52.82172775268555,600.9581999999998,True
CAND_01750,Fe39.59Mn13.55Nb24.26Ti22.60,4,953.2567138671875,1074.690673828125,48.09951400756836,492.5382999999997,True
CAND_01751,Co44.29Cu7.62Mo17.25V30.84,4,1059.8062744140625,1258.3240966796875,66.86851501464844,595.4931000000001,True
CAND_01752,Co6.44Cu18.32Mn23.76Mo31.83V8.11W11.54,6,822.6349487304688,898.7924194335938,51.264930725097656,661.1383999999997,True
CAND_01753,Co38.26Mo17.16Nb19.51Ni7.50V17.57,5,1173.6724853515625,1142.2657470703125,60.82059860229492,597.7642,True
CAND_01754,Cr16.76Mn7.07Nb11.35Ni10.56Ti25.26V29.00,6,1077.667724609375,947.4234619140625,35.19279098510742,564.3001999999998,True
CAND_01755,Al24.47Cu13.07Mo11.26Nb19.39Ni18.57V13.24,6,1314.8634033203125,896.3396606445312,60.61007308959961,647.9486999999999,True
CAND_01756,Al16.07Mn12.32Mo31.71Nb13.42Ti14.31V12.17,6,1134.63427734375,611.37548828125,44.95710372924805,612.4024999999999,True
CAND_01757,Co30.28Mo12.15Ni24.28Ti33.29,4,763.4967651367188,799.4378662109375,66.14852142333984,518.1499999999999,True
CAND_01758,Al18.67Cr25.20Ni18.69Ti5.65V31.79,5,1394.614990234375,1138.823974609375,56.892616271972656,516.3529999999996,True
CAND_01759,Al16.69Cr9.62Fe8.36Ni40.51Ti11.10V13.72,6,1314.3740234375,1010.2656860351562,56.69972229003906,436.4909999999996,True
CAND_01760,Fe16.13Mn41.94Ni13.80Ti28.13,4,857.8348388671875,964.1785888671875,42.75324249267578,460.3238999999998,True
CAND_01761,Mo8.01Ti27.77V32.06W32.16,4,972.973388671875,911.2689208984375,47.56180953979492,570.4105999999998,True
CAND_01762,Co13.12Cu19.75Fe17.52Ni8.43Ti25.29V15.89,6,890.9791870117188,928.6427001953125,45.03741455078125,583.4351999999994,True
CAND_01763,Co17.01Cu23.99Ni36.62V22.38,4,920.7138061523438,1003.5078735351562,66.38127899169922,444.5879999999995,True
CAND_01764,Co19.94Cu9.18Fe42.06Ni17.54W11.28,5,503.83026123046875,869.9893798828125,60.14815139770508,444.9480666666665,True
CAND_01765,Cr15.66Cu38.13Mn6.68Ti14.58V24.95,5,1041.2294921875,1006.5467529296875,36.79753112792969,649.6885999999994,True
CAND_01766,Al15.78Cu16.90Fe44.81Mo22.51,4,615.8284301757812,791.7996826171875,48.35831832885742,585.3376999999996,True
CAND_01767,Cr9.66Cu10.68Fe15.38Mo44.46Ti6.20W13.62,6,954.6367797851562,973.0466918945312,45.92527389526367,578.8406999999996,True
CAND_01768,Al14.81Cu17.28Fe7.01Mo19.72Nb33.36Ti7.82,6,1043.052978515625,918.1953125,51.703121185302734,720.6157999999997,True
CAND_01769,Al34.08Co9.31Cu11.29Mn11.68Nb18.05Ni15.59,6,1011.8394775390625,1075.9794921875,67.11341857910156,709.8315999999998,True
CAND_01770,Al35.39Cr20.98Ti20.82V14.14W8.67,5,1185.732177734375,1085.7669677734375,47.55353546142578,725.6761999999999,True
CAND_01771,Co5.49Cr40.97Mo14.56Nb27.62Ni11.36,5,871.56103515625,980.7557983398438,69.14835357666016,591.4633999999998,True
CAND_01772,Al10.88Mo13.78Nb18.30Ni27.16Ti20.51W9.37,6,1078.298095703125,700.6265258789062,58.004302978515625,516.4676999999998,True
CAND_01773,Cu9.99Nb29.85Ni8.32Ti5.57V18.44W27.83,6,1050.4930419921875,1064.822265625,50.93880844116211,596.2817999999997,True
CAND_01774,Co22.51Cu10.40Mn13.75Nb9.93Ti17.17W26.24,6,748.9307861328125,1099.0849609375,51.6556282043457,575.6302,True
CAND_01775,Cu12.38Fe7.57Nb44.47Ni25.61V9.97,5,1131.6876220703125,872.5410766601562,57.11652374267578,545.5057999999996,True
CAND_01776,Cr24.22Mo21.80Nb22.36Ni20.41V11.21,5,1355.7271728515625,752.0551147460938,55.50032043457031,534.2869999999998,True
CAND_01777,Al17.48Mo37.70Nb24.22W20.60,4,864.0072021484375,909.156494140625,56.07736587524414,592.4533999999998,True
CAND_01778,Al19.57Cu12.04Fe16.14Nb9.48Ni15.60Ti27.17,6,1211.25,934.2041625976562,47.367122650146484,549.0886666666662,True
CAND_01779,Al25.53Co20.33Cr12.64Fe5.35Ti31.15W5.00,6,983.6441040039062,1134.83154296875,52.476444244384766,656.1474,True
CAND_01780,Cr44.66Fe11.86V15.34W28.14,4,1034.189453125,1031.9464111328125,60.64271545410156,577.8013999999998,True
CAND_01781,Fe38.73Nb13.25Ni12.01V36.01,4,1142.4365234375,1029.1412353515625,47.22300338745117,492.14629999999966,True
CAND_01782,Al19.17Fe31.91Mn20.77Mo28.15,4,703.4830322265625,915.5342407226562,45.01911544799805,511.7828999999999,True
CAND_01783,Al15.33Co40.18Mn35.60Nb8.89,4,766.6446533203125,1152.41015625,58.22627639770508,548.8068,True
CAND_01784,Fe15.02Nb14.90Ni11.51Ti27.01W31.56,5,998.1737670898438,998.905517578125,44.705501556396484,543.6187999999996,True
CAND_01785,Co35.71Fe19.32Mn17.00Mo27.97,4,751.0176391601562,1058.361328125,64.92462921142578,550.3163,True
CAND_01786,Cr25.53Cu13.26Fe24.81Mn14.76Mo10.08Ni11.56,6,754.4948120117188,780.2449951171875,48.37192916870117,526.6022999999996,True
CAND_01787,Fe28.06Mn32.55Nb14.17V6.80W18.42,5,982.1690063476562,977.164306640625,46.85061264038086,466.2937999999998,True
CAND_01788,Co17.95Cr7.54Cu26.84Fe15.30Mo26.41W5.96,6,728.0755004882812,860.5662231445312,55.95082092285156,624.7300999999998,True
CAND_01789,Cr39.24Mn26.81Nb6.41Ni8.70V18.84,5,1011.5280151367188,1063.9093017578125,58.9759407043457,536.4926999999999,True
CAND_01790,Co18.69Mo24.80Nb15.14Ni18.33V23.04,5,1215.447021484375,1029.7633056640625,61.453922271728516,524.3243000000001,True
CAND_01791,Cu38.51Nb29.47V15.12W16.90,4,991.281982421875,974.8093872070312,48.058197021484375,666.1579999999994,True
CAND_01792,Fe24.92Mo41.11Nb9.77W24.20,4,880.6822509765625,904.0213623046875,38.94766616821289,515.7203999999999,True
CAND_01793,Al43.79Co12.41Cu14.14Fe19.21Nb10.45,5,1098.3800048828125,1155.1021728515625,56.47011184692383,712.9759333333334,True
CAND_01794,Co7.76Cu24.47Ti8.88V17.68W41.21,5,856.370361328125,1093.0941162109375,45.49250793457031,661.3269999999995,True
CAND_01795,Co5.43Cr16.67Cu18.18Fe6.15Ti25.95W27.62,6,855.3274536132812,992.48193359375,35.99722671508789,642.8059999999997,True
CAND_01796,Co27.60Cu12.05Ni24.23V36.12,4,982.1964111328125,914.8331298828125,80.23233795166016,547.1261999999999,True
CAND_01797,Cu12.91Mn16.76Nb22.84Ni36.85V10.64,5,1087.7757568359375,949.5194702148438,60.709564208984375,469.63499999999937,True
CAND_01798,Al5.75Co42.69Ti24.22V27.34,4,939.6340942382812,1101.0635986328125,65.02020263671875,580.3694,True
CAND_01799,Co42.78Fe8.31Mn33.14Ni8.48V7.29,5,706.3443603515625,993.6163940429688,63.880977630615234,542.8456,True
CAND_01800,Co43.52Cr5.10Ni41.93V9.45,4,992.8768920898438,903.2653198242188,79.4511489868164,425.94059999999996,True
CAND_01801,Cr12.68Fe11.82Nb11.56Ti29.68V34.26,5,1098.1512451171875,1090.737060546875,32.78366470336914,570.5709999999998,True
CAND_01802,Cr41.42Fe20.47Ni32.52V5.59,4,1163.6605224609375,768.8104858398438,64.75395202636719,403.3051999999996,True
CAND_01803,Mo18.26Ni15.61V38.98W27.15,4,1053.79931640625,1023.3533935546875,51.09077072143555,572.8198999999996,True
CAND_01804,Al15.26Co6.29Fe21.26Nb21.41V24.14W11.64,6,1267.9088134765625,1123.6197509765625,57.020503997802734,510.1677999999997,True
CAND_01805,Fe33.40Mn18.57Nb7.85Ti8.21W31.97,5,858.4083862304688,1049.240478515625,37.30740737915039,505.3514999999997,True
CAND_01806,Fe17.62Mn11.14Nb7.43Ni20.24Ti21.12V22.45,6,1089.7672119140625,933.4561157226562,37.80073165893555,463.31279999999964,True
CAND_01807,Mn32.05Mo23.76Ni28.51V15.68,4,1018.4002685546875,646.9127197265625,58.25791931152344,462.57299999999987,True
CAND_01808,Cu21.34Mo15.10Nb31.09V7.47W25.00,5,979.8038940429688,863.3092651367188,50.64942932128906,707.9115999999997,True
CAND_01809,Al34.73Cr17.39Fe20.18Mn9.55W18.15,5,917.859619140625,1150.3509521484375,52.66529846191406,672.9782,True
CAND_01810,Al10.63Cr11.92Cu37.09Mo13.86Nb17.28V9.22,6,1203.0908203125,834.3903198242188,45.919830322265625,696.4591999999993,True
CAND_01811,Co28.66Cu21.20Mo30.64V19.50,4,1024.8009033203125,994.5717163085938,65.99730682373047,675.0814999999997,True
CAND_01812,Cu21.49Fe32.49Mo25.94Ni20.08,4,734.6324462890625,847.2494506835938,48.85173797607422,565.966966666666,True
CAND_01813,Cu25.98Mo28.01Ti24.48V21.53,4,971.798583984375,916.0306396484375,40.97669982910156,685.5782999999996,True
CAND_01814,Fe35.33Mn26.50Ni22.19V15.98,4,869.9863891601562,886.3920288085938,53.76786804199219,450.0596666666663,True
CAND_01815,Al24.40Co20.01Cr23.05Ni32.54,4,820.5028686523438,1218.5655517578125,64.59166717529297,523.5729999999998,True
CAND_01816,Co27.24Cr14.67Mo33.92Ti24.17,4,857.8928833007812,952.387939453125,55.66100311279297,569.6515,True
CAND_01817,Cu17.09Mo30.41Ni11.10V17.53W23.87,5,997.3756103515625,734.4552001953125,50.46017837524414,718.5744999999996,True
CAND_01818,Cr34.47Mn19.73Mo7.75V38.05,4,1013.2611083984375,1030.130126953125,63.22946548461914,573.2083999999998,True
CAND_01819,Al23.14Cr14.73Fe12.87Mn7.26Nb27.54V14.46,6,1384.6541748046875,1105.346435546875,49.93733596801758,622.2383333333332,True
CAND_01820,Co18.54Cr15.37Mo34.78Ti31.31,4,803.1714477539062,823.662841796875,49.33397674560547,569.2983,True
CAND_01821,Co23.26Fe15.63Mn9.44Mo7.05Ti14.75V29.87,6,874.1950073242188,1021.2987060546875,56.96686935424805,537.9437999999999,True
CAND_01822,Al18.35Co7.56Cr23.79Mn26.17V13.08W11.05,6,1003.0369873046875,1140.1839599609375,55.90907669067383,548.8104999999998,True
CAND_01823,Cu5.13Fe18.62Mn13.19Mo11.69Nb13.94Ti37.43,6,957.1538696289062,923.4220581054688,39.625614166259766,480.8963999999997,True
CAND_01824,Co12.53Cr19.38Cu22.12Mo12.73Ti26.14W7.10,6,870.7940673828125,810.1593017578125,41.772552490234375,679.5863999999997,True
CAND_01825,Cu11.88Fe31.91Mo12.73Ti23.93V19.55,5,1053.89892578125,948.55859375,48.02631759643555,529.6246999999997,True
CAND_01826,Co23.36Fe40.41Ti20.57W15.66,4,633.9431762695312,994.5765380859375,54.701053619384766,469.6125999999999,True
CAND_01827,Al17.92Cr23.26Cu16.02Fe7.24Mn18.28Ti17.28,6,1157.9739990234375,987.6533813476562,51.77384567260742,636.7685999999998,True
CAND_01828,Co7.48Cu9.20Mn44.04Mo17.54V21.74,5,920.9977416992188,1162.7286376953125,53.438385009765625,560.5381999999997,True
CAND_01829,Co25.09Mo5.68Nb8.05Ni9.39Ti24.23W27.56,6,803.849609375,1039.296630859375,47.16697692871094,542.8072,True
CAND_01830,Cu10.62Fe38.48Mn9.73Ni41.17,4,437.2225341796875,970.0720825195312,62.79982376098633,426.97619999999944,True
CAND_01831,Al36.29Cu22.78Mn9.08Mo15.72Nb9.99V6.14,6,922.43798828125,952.2308349609375,52.58684158325195,741.4519333333333,True
CAND_01832,Co23.42Cr11.76Cu14.04Mo20.70Ni10.63Ti19.45,6,854.053955078125,667.7163696289062,57.97031021118164,612.5619000000002,True
CAND_01833,Fe26.00Mo29.71Ti37.14W7.15,4,889.0748901367188,686.2254028320312,44.98049545288086,497.8177999999998,True
CAND_01834,Al30.28Nb39.68Ni9.65V20.39,4,1096.885009765625,1078.0396728515625,54.93364334106445,745.7649999999999,True
CAND_01835,Al7.60Co17.30Ti42.99W32.11,4,716.5631713867188,811.2476806640625,59.09006881713867,540.3381999999998,True
CAND_01836,Cr40.05Fe21.93Mo8.94Ni29.08,4,791.368896484375,817.326416015625,64.73003387451172,466.4563999999996,True
CAND_01837,Al15.67Cu34.52Fe33.61V16.20,4,918.3355102539062,1037.4012451171875,48.89595413208008,548.7599999999991,True
CAND_01838,Co17.96Mo10.84Ti42.56V22.17W6.47,5,865.9763793945312,836.407470703125,54.1221809387207,549.0773999999999,True
CAND_01839,Al17.95Cu18.96Fe18.13Ti25.03W19.93,5,1120.1431884765625,1022.1514282226562,52.37836837768555,575.6123999999993,True
CAND_01840,Al39.30Cr19.31Cu7.88Mn6.77Mo12.23Ti14.51,6,1061.845947265625,796.4000244140625,53.689571380615234,735.5983333333332,True
CAND_01841,Al9.05Cr21.59Fe24.08Mo24.09Ni11.90Ti9.29,6,1092.308349609375,847.8262939453125,49.120662689208984,511.22449999999975,True
CAND_01842,Cu16.98Fe9.59Mo23.89Nb6.71Ti34.09V8.74,6,1029.401611328125,631.798583984375,39.164302825927734,684.6362999999997,True
CAND_01843,Al17.41Cr17.19Fe8.04Nb14.10Ni23.56V19.70,6,1556.4107666015625,1103.4349365234375,58.37486267089844,495.1741999999997,True
CAND_01844,Mn20.50Mo24.61Nb11.97Ni20.83W22.09,5,760.0074462890625,860.9442749023438,37.71736526489258,523.4295,True
CAND_01845,Cu30.67Fe19.15Nb21.50Ti10.33V18.35,5,1093.77294921875,1101.0560302734375,40.76960754394531,567.4251999999991,True
CAND_01846,Al28.27Cr7.92Cu20.80Mn23.29V19.72,5,909.7300415039062,1046.3917236328125,53.160274505615234,688.4464999999998,True
CAND_01847,Co28.19Fe21.14Mn12.63Mo6.15Ti31.89,5,701.6915893554688,1005.3671875,59.41318130493164,482.96699999999987,True
CAND_01848,Al20.03Cu27.44Mn19.84Nb9.04Ni10.44Ti13.21,6,1023.50830078125,918.86279296875,41.18386459350586,667.4969999999996,True
CAND_01849,Co18.09Fe12.77Ni44.83Ti24.31,4,745.326171875,901.7869873046875,55.55493927001953,408.29679999999985,True
CAND_01850,Fe30.07Mn23.68Mo11.15Nb35.10,4,789.8192749023438,1062.77685546875,53.747989654541016,476.84339999999986,True
CAND_01851,Al41.01Cu26.73Ni10.21V22.05,4,894.8433227539062,986.217041015625,54.306331634521484,749.3851333333333,True
CAND_01852,Al15.88Cr5.26Cu33.07Fe16.99Nb9.28W19.52,6,952.5048828125,1130.223388671875,48.65872573852539,555.9619999999992,True
CAND_01853,Co13.71Cr7.90Cu10.67Mn20.76Mo35.20V11.76,6,935.4683227539062,808.1476440429688,55.93833541870117,612.6097999999997,True
CAND_01854,Al10.53Cr22.37Mn24.54Mo18.06Ti8.23W16.27,6,924.818359375,1087.5762939453125,44.382564544677734,563.1066999999997,True
CAND_01855,Co7.82Mo31.71Nb9.26Ni23.12Ti12.12W15.97,6,996.558349609375,820.1555786132812,32.87811279296875,537.8428999999999,True
CAND_01856,Al11.72Cu14.28Fe13.01Nb21.77Ni32.90W6.32,6,853.4334716796875,1018.2713012695312,57.95014953613281,472.1139999999993,True
CAND_01857,Cr17.02Cu7.04Fe19.61Mo30.84Nb17.38Ti8.11,6,1187.323486328125,1083.5244140625,41.68221664428711,507.76399999999984,True
CAND_01858,Al25.69Co8.93Cr6.47Nb27.57Ti17.10V14.24,6,1137.4718017578125,968.5952758789062,53.95474624633789,684.2600666666664,True
CAND_01859,Co33.37Cr12.04Cu13.84Mo16.56Nb24.19,5,885.814453125,993.7283325195312,68.23126983642578,635.8358000000001,True
CAND_01860,Cu18.30Fe18.13Nb16.32Ti22.22V25.03,5,1101.63134765625,1160.0296630859375,40.63372039794922,576.6937999999994,True
CAND_01861,Al12.53Fe43.99Mn14.67Ni28.81,4,509.834228515625,863.4298095703125,55.66376876831055,434.74179999999956,True
CAND_01862,Co15.28Cr10.21Mo44.11Nb7.04W23.36,5,791.2852783203125,892.8008422851562,40.37688064575195,583.1619,True
CAND_01863,Al16.44Co24.97Fe44.87Mn13.72,4,519.6705322265625,983.731201171875,55.6118049621582,478.53939999999983,True
CAND_01864,Co44.11Cu5.65Mn17.41V32.83,4,855.6044311523438,1198.2889404296875,70.94824981689453,580.0774,True
CAND_01865,Al9.29Cu24.01Mn13.71Nb14.39Ni16.81W21.79,6,945.5341186523438,922.3800048828125,47.15595245361328,590.0763999999994,True
CAND_01866,Co16.64Cu23.30Fe33.06Nb21.53V5.47,5,981.8743896484375,866.7890014648438,61.77650451660156,530.6379999999997,True
CAND_01867,Al13.14Co25.68Mn37.29Nb23.89,4,683.6893310546875,1071.389404296875,66.54317474365234,531.6605999999998,True
CAND_01868,Al26.38Cr13.87Cu11.50Ni16.78V31.47,5,1232.18408203125,929.6632690429688,60.85725784301758,679.5697333333331,True
CAND_01869,Al23.56Cu17.96Mn15.30Nb10.69Ni32.49,5,833.2310791015625,1149.416015625,53.712974548339844,577.0808333333326,True
CAND_01870,Al13.04Co30.42Cu27.37Mo9.49V19.68,5,1000.4777221679688,1082.33349609375,70.765625,642.8727999999999,True
CAND_01871,Co9.97Cr10.63Fe18.53Ti24.16V11.38W25.33,6,970.989501953125,1060.684326171875,42.94691848754883,502.00499999999965,True
CAND_01872,Co20.98Fe21.85Mn14.96Nb42.21,4,808.7470092773438,1055.7867431640625,65.01290130615234,484.01759999999985,True
CAND_01873,Al15.06Co17.49Cu8.51Fe19.83Ni39.11,5,569.9359741210938,1096.543212890625,67.15321350097656,389.21079999999984,True
CAND_01874,Cr5.77Cu21.36Nb26.50Ti6.67W39.70,5,855.8285522460938,1035.4498291015625,43.87397766113281,662.1107999999997,True
CAND_01875,Co12.86Cu17.97Nb17.24V23.43W28.50,5,1041.721435546875,1116.7352294921875,53.100791931152344,664.8647999999997,True
CAND_01876,Cu38.81Fe13.67Mo15.82Nb20.09Ti11.61,5,1051.0263671875,898.0851440429688,40.91835021972656,685.8227999999995,True
CAND_01877,Fe15.25Mo17.37Ni42.95V24.43,4,1153.6781005859375,1091.91259765625,58.261802673339844,415.0385999999999,True
CAND_01878,Co19.33Cr21.30Cu19.24Mn11.67Nb18.00V10.46,6,1017.4288940429688,961.9607543945312,53.002017974853516,626.1308,True
CAND_01879,Cr25.21Fe5.92Mn32.23Nb36.64,4,774.7728881835938,1114.9344482421875,54.66195297241211,539.9090999999999,True
CAND_01880,Al6.67Cr30.77Cu19.71Mn10.49V22.48W9.88,6,1113.83642578125,905.2042846679688,53.71464920043945,648.8583999999998,True
CAND_01881,Al34.85Co23.61Cu13.00Ti28.54,4,965.764404296875,1016.56103515625,65.99198913574219,745.3145999999998,True
CAND_01882,Al21.38Mo38.84Ni19.85W19.93,4,846.4446411132812,774.337890625,62.1318244934082,569.5636999999998,True
CAND_01883,Cr21.65Cu19.32Mo40.01Nb19.02,4,1037.518310546875,978.8995361328125,42.81495666503906,689.7132999999997,True
CAND_01884,Cr13.31Mo8.61Nb20.58Ni15.51Ti23.62W18.37,6,1031.33642578125,1020.0013427734375,47.7432746887207,538.4007999999998,True
CAND_01885,Al13.88Cr8.03Mn16.81Nb13.81V26.27W21.20,6,1157.359619140625,1207.5406494140625,49.06435012817383,575.8371999999998,True
CAND_01886,Fe9.49Mo37.30Nb20.99Ni17.77V14.45,5,1303.6092529296875,761.00439453125,46.34744644165039,541.2938999999999,True
CAND_01887,Al31.64Fe17.93Ni31.85Ti18.58,4,1107.9833984375,953.9681396484375,56.673866271972656,722.2679333333326,True
CAND_01888,Cr34.09Mn8.50Nb6.91Ni5.69W44.81,5,772.6039428710938,1086.5816650390625,54.17862319946289,568.3517999999998,True
CAND_01889,Cr12.98Mn10.13Mo22.72Nb16.25V37.92,5,1360.5390625,1141.851806640625,43.63717269897461,594.6866999999999,True
CAND_01890,Cu18.33Fe11.09Mo9.63Nb8.28Ni38.45V14.22,6,1201.373779296875,870.7025756835938,47.17170715332031,489.6281999999993,True
CAND_01891,Co12.62Mo20.94Nb31.07Ti20.32V8.22W6.83,6,937.791748046875,766.7116088867188,49.859371185302734,601.6901999999999,True
CAND_01892,Cr30.69Cu32.20Mn25.42V11.69,4,914.0452270507812,889.6107788085938,49.70991134643555,603.6696999999995,True
CAND_01893,Al5.93Co17.65Fe27.00Mn7.12Mo16.55Nb25.75,6,854.7055053710938,886.2536010742188,61.30147933959961,507.51730000000003,True
CAND_01894,Co11.99Cr8.69Mn22.07Mo19.61Ni19.46V18.18,6,997.5634765625,891.12548828125,54.369014739990234,519.6455000000001,True
CAND_01895,Fe17.66Mn7.01Mo19.49Nb41.29V14.55,5,1199.115478515625,893.6129150390625,44.13492965698242,543.6152,True
CAND_01896,Co6.72Fe22.41Mn27.71Mo11.59W31.57,5,568.8124389648438,1002.5264892578125,53.5347785949707,469.8145999999998,True
CAND_01897,Al18.08Cr16.61Cu18.63Mn19.11Nb15.69Ti11.88,6,1190.9268798828125,1025.5335693359375,39.03776168823242,646.5499999999997,True
CAND_01898,Al34.44Co8.41Cr20.14Fe25.21Mn6.16Ni5.64,6,865.1573486328125,1114.8768310546875,56.95962142944336,665.3886666666666,True
CAND_01899,Mn17.23Mo29.74V13.95W39.08,4,957.8782958984375,781.6060791015625,50.82758712768555,606.7844999999998,True
CAND_01900,Cu25.12Mn38.05Mo22.75Ni14.08,4,701.5234375,828.6052856445312,49.97138214111328,628.7041999999994,True
CAND_01901,Al14.73Cr21.61Mn10.22Ni11.99Ti41.45,5,1108.3760986328125,901.8240356445312,57.55226516723633,556.5863999999998,True
CAND_01902,Al24.03Cr13.28Cu23.00Fe18.10Nb8.03Ni13.56,6,1116.5826416015625,988.5219116210938,47.280269622802734,609.6379999999998,True
CAND_01903,Al11.07Cu26.72Fe24.37Ti13.47V24.37,5,995.072998046875,1083.8411865234375,41.77422332763672,566.2121999999995,True
CAND_01904,Co21.61Fe10.07Mn42.30W26.02,4,473.006103515625,1038.90966796875,56.164642333984375,521.7634999999999,True
CAND_01905,Al34.32Fe26.20Ti17.43V22.05,4,1056.732421875,1079.1064453125,49.908504486083984,688.6513999999999,True
CAND_01906,Al7.38Cr33.62Fe23.79Nb35.21,4,1075.708251953125,979.614013671875,71.23138427734375,499.42129999999975,True
CAND_01907,Al19.15Cr13.91Fe18.34Ni19.57V20.20W8.83,6,1247.6607666015625,1105.5792236328125,56.151432037353516,470.96613333333306,True
CAND_01908,Al40.59Cu17.92Nb19.50W21.99,4,930.7706298828125,1081.6002197265625,54.82831954956055,735.3785333333333,True
CAND_01909,Co26.84Cr12.47Mo39.82Ni20.87,4,848.1134033203125,833.9856567382812,63.461673736572266,508.9395000000002,True
CAND_01910,Cu30.79Mo41.95Ni6.58V20.68,4,1029.661376953125,976.4409790039062,48.17407989501953,691.2324999999994,True
CAND_01911,Al33.14Cu14.60Mo9.32Ni17.58W25.36,5,847.550048828125,935.2955932617188,60.22415542602539,692.6016999999997,True
CAND_01912,Al5.58Cr16.66Fe27.74Ti24.83V15.01W10.18,6,1176.3599853515625,966.294189453125,46.50653839111328,501.99009999999976,True
CAND_01913,Al16.18Co16.16Cr19.35Fe37.54Nb5.26Ni5.51,6,823.603515625,1054.3271484375,53.469181060791016,463.2756999999998,True
CAND_01914,Al15.12Cr25.33Cu23.14Fe20.20Ni16.21,5,926.0015258789062,947.121337890625,51.64971923828125,517.9897999999994,True
CAND_01915,Co14.13Fe28.22Mn12.71W44.94,4,497.2746887207031,965.9097900390625,53.416751861572266,501.2424999999998,True
CAND_01916,Co30.86Cr12.11Fe10.32Nb15.31Ni14.21Ti17.19,6,907.240234375,1000.8547973632812,55.81217956542969,527.8402,True
CAND_01917,Co19.67Cr15.14Cu7.49Mn29.83Nb27.87,5,694.4942626953125,1006.2103881835938,54.232452392578125,529.1382000000001,True
CAND_01918,Cr41.78Fe19.81Mo26.27Ni12.14,4,846.5845336914062,986.2991943359375,62.34577178955078,506.3777999999998,True
CAND_01919,Al12.57Co21.42Cu15.06Mo42.42Ni8.53,5,744.814697265625,810.875,62.649600982666016,643.6452999999999,True
CAND_01920,Cr23.32Cu14.09V27.23W35.36,4,1086.1148681640625,1006.959228515625,49.82890319824219,601.2877999999997,True
CAND_01921,Mo32.73Nb25.69Ni9.35V11.21W21.02,5,1035.1387939453125,813.404052734375,47.236507415771484,603.4653999999997,True
CAND_01922,Al18.91Cu8.45Mo8.02Ni18.23Ti17.95W28.44,6,1128.92236328125,988.16796875,65.98734283447266,536.8654666666665,True
CAND_01923,Cr23.23Cu9.46Ni30.13Ti10.87V10.33W15.98,6,1380.86279296875,834.6859130859375,56.542076110839844,478.8553999999995,True
CAND_01924,Al25.19Mn13.80Mo14.12Nb38.35Ni8.54,5,876.8507080078125,896.2222900390625,59.3327522277832,667.9229999999998,True
CAND_01925,Al23.73Co38.81Fe24.18V13.28,4,1017.0328979492188,1104.4547119140625,58.5648078918457,618.2991999999999,True
CAND_01926,Co8.52Cr31.70Nb20.20Ni10.13V29.45,5,1279.6014404296875,976.958251953125,71.31636810302734,565.3845999999999,True
CAND_01927,Co25.94Cr10.83Nb10.12Ni14.03Ti18.51V20.57,6,936.260498046875,1145.478759765625,49.16394805908203,542.3666,True
CAND_01928,Cr26.24Cu11.45Mo21.97Nb5.89V18.29W16.16,6,1338.653564453125,1012.0629272460938,54.2878303527832,614.6876999999997,True
CAND_01929,Co44.74Mo30.96Ti11.46W12.84,4,770.8719482421875,1074.1668701171875,56.652286529541016,596.0683,True
CAND_01930,Co18.26Cr13.10Cu8.35Fe43.59V16.70,5,865.8683471679688,942.1552124023438,50.38606643676758,467.03269999999986,True
CAND_01931,Co7.28Cr10.83Fe14.01Mn13.84Mo16.83Ti37.21,6,818.3816528320312,736.357177734375,40.87459945678711,568.8383999999996,True
CAND_01932,Co16.51Cr5.92Fe24.70Ti18.96V33.91,5,924.3275146484375,976.3702392578125,47.84054183959961,485.1710999999999,True
CAND_01933,Cr31.37Cu21.09Fe17.63Mn6.81Mo12.17Nb10.93,6,1021.3526000976562,1117.65576171875,48.20646286010742,567.3618999999995,True
CAND_01934,Cr21.78Fe24.50Mn5.36Mo26.27Nb22.09,5,1062.653564453125,905.0969848632812,54.11434555053711,513.6103999999998,True
CAND_01935,Co17.29Cr26.60Cu25.06Ni23.21V7.84,5,930.9277954101562,776.8196411132812,53.08523178100586,573.3089999999997,True
CAND_01936,Al17.79Co15.65Cr34.56Mn9.73Ni14.11V8.16,6,1133.0338134765625,1078.737548828125,72.12053680419922,537.9105999999998,True
CAND_01937,Co34.74Cr38.18Mn20.89Nb6.19,4,576.407958984375,1157.0511474609375,63.96906661987305,552.7563999999999,True
CAND_01938,Co26.19Cr12.69Mo14.80Ni28.58W17.74,5,712.890625,874.7726440429688,72.01217651367188,462.0064,True
CAND_01939,Al19.50Mo26.66Nb15.20Ti29.76V8.88,5,992.4519653320312,750.3335571289062,52.38808059692383,610.4344999999998,True
CAND_01940,Co9.78Fe33.32Mn24.94Mo9.23W22.73,5,463.6800231933594,996.5919189453125,51.68002700805664,461.8083999999997,True
CAND_01941,Al34.76Mo12.37Ni25.14V13.79W13.94,5,871.1160888671875,882.7459106445312,66.3634262084961,722.7412666666664,True
CAND_01942,Mo13.16Ni39.23V33.55W14.06,4,1129.0582275390625,923.8193359375,65.73370361328125,427.54539999999963,True
CAND_01943,Co24.70Cr33.66Fe20.01Ti21.63,4,765.3732299804688,1024.8770751953125,67.77007293701172,485.59919999999994,True
CAND_01944,Co20.04Cr29.62Fe28.43Nb21.91,4,954.0935668945312,875.9130249023438,67.52934265136719,481.5954,True
CAND_01945,Al16.45Mn6.43Nb26.13Ni15.62Ti35.37,5,1026.90283203125,797.4039916992188,56.57053756713867,534.3325999999997,True
CAND_01946,Mn32.97Ti17.83V26.14W23.06,4,886.5702514648438,1087.6878662109375,46.8210563659668,530.4032999999998,True
CAND_01947,Co10.31Cu25.35Nb42.91W21.43,4,798.516845703125,976.2274780273438,55.429847717285156,658.0537999999996,True
CAND_01948,Al19.08Co12.97Cu27.91Mn12.53Ti27.51,5,991.6589965820312,1020.7769165039062,60.749935150146484,651.4279999999995,True
CAND_01949,Al41.17Cu15.95Mo16.95W25.93,4,664.6477661132812,872.3788452148438,56.57138442993164,741.6275333333333,True
CAND_01950,Co33.63Cu10.77Mo5.32Nb15.96V9.09W25.23,6,939.0538940429688,1102.9801025390625,74.11017608642578,592.0898000000001,True
CAND_01951,Co43.57Cr9.43Nb14.64Ti32.36,4,784.5953369140625,1034.03466796875,56.28981018066406,563.9637999999999,True
CAND_01952,Al5.34Co10.36Mn14.16Mo22.06Nb5.23Ti42.85,6,783.3958129882812,569.885986328125,49.71403121948242,578.9412999999998,True
CAND_01953,Al17.93Mn39.24Mo27.13Ni15.70,4,848.3152465820312,788.263671875,55.24262619018555,519.4339999999999,True
CAND_01954,Co36.37Mn9.64Nb27.25W26.74,4,707.6181030273438,1092.246337890625,64.91541290283203,571.1758,True
CAND_01955,Co23.64Cr14.61Fe22.01Mo7.03V6.64W26.07,6,933.4746704101562,990.5477294921875,68.5935287475586,486.44099999999986,True
CAND_01956,Co14.61Cr9.77Cu22.08Mo22.92Nb11.56V19.06,6,1233.640380859375,975.1769409179688,39.11341094970703,700.0174999999997,True
CAND_01957,Al13.04Co13.17Fe15.52Mo27.97Ni9.74V20.56,6,986.415771484375,843.3466796875,53.28752517700195,564.9382999999997,True
CAND_01958,Cr16.67Fe21.77Mo13.44Ti19.71V28.41,5,1240.328369140625,883.2384643554688,44.470462799072266,506.9602999999998,True
CAND_01959,Al34.39Co17.26Nb28.91V19.44,4,1119.9505615234375,1209.9835205078125,59.65798568725586,767.9917333333333,True
CAND_01960,Al12.63Co12.76Fe27.28Mn10.98Nb15.81W20.54,6,913.2879638671875,1056.9481201171875,58.789737701416016,503.4732999999997,True
CAND_01961,Co11.12Cr9.05Ni22.58Ti20.23V24.37W12.65,6,1126.404296875,950.5604858398438,55.51770782470703,492.6845999999997,True
CAND_01962,Al21.59Cr21.21Ni42.65Ti14.55,4,1264.6788330078125,944.3182373046875,56.2244758605957,502.7034666666665,True
CAND_01963,Cu23.73Fe25.80Mn29.38Ni21.09,4,557.7346801757812,883.9214477539062,44.677391052246094,491.0336666666661,True
CAND_01964,Cr35.81Mn13.12Mo41.83V9.24,4,1122.69287109375,964.9176635742188,64.1735610961914,591.5084999999999,True
CAND_01965,Cr40.65Fe17.41Mo10.74Nb20.99V10.21,5,1347.614990234375,996.7163696289062,65.76798248291016,497.5331999999999,True
CAND_01966,Co6.64Cu15.37Mn6.10Mo27.18Ti24.34V20.37,6,937.0266723632812,927.8038940429688,43.820316314697266,659.9954999999997,True
CAND_01967,Al23.55Cu9.98Mo26.10Nb21.59V10.46W8.32,6,1134.1639404296875,779.0899047851562,54.44498062133789,648.1533333333332,True
CAND_01968,Cr14.15Cu16.76Mn20.74Nb29.68Ni12.79W5.88,6,745.7227783203125,918.1216430664062,48.993587493896484,653.0328999999997,True
CAND_01969,Al21.73Co7.33Cu33.93Nb22.97Ti14.04,5,1091.2376708984375,934.1665649414062,55.68571090698242,672.5131999999996,True
CAND_01970,Al13.79Co37.71Fe33.43Ni15.07,4,722.7304077148438,1000.5963745117188,62.51689529418945,527.8226666666665,True
CAND_01971,Cr42.39Cu33.65Mo14.40Ti9.56,4,899.2442016601562,994.377685546875,50.283668518066406,674.2261999999996,True
CAND_01972,Al22.24Cu11.99Mn19.90Mo13.74Nb9.57W22.56,6,748.2517700195312,966.9630737304688,45.83491897583008,630.2381999999999,True
CAND_01973,Cr13.88Fe16.84Mn23.70Nb8.93Ni14.46Ti22.19,6,932.9036865234375,1109.93701171875,28.674175262451172,452.48349999999976,True
CAND_01974,Co18.49Cr25.47Fe32.08Nb16.45Ti7.51,5,879.219482421875,948.5606079101562,61.70790481567383,471.38749999999993,True
CAND_01975,Al39.52Cr10.71Mo15.11Nb9.16Ni17.61Ti7.89,6,1004.5811157226562,984.9277954101562,49.846988677978516,706.0615999999999,True
CAND_01976,Fe20.46Mo22.98Nb16.41Ti5.44V18.20W16.51,6,1324.780029296875,1081.4267578125,46.746280670166016,529.3033999999998,True
CAND_01977,Al12.05Co19.47Mo15.57Nb33.46Ti7.65V11.80,6,879.8928833007812,895.729248046875,57.26889419555664,599.416,True
CAND_01978,Cu5.92Mn39.30Mo8.33Ni22.50Ti23.95,5,983.9656372070312,833.1217041015625,48.83020782470703,479.16169999999977,True
CAND_01979,Al33.95Co8.73Cu5.35Nb12.20V26.14W13.63,6,1120.0224609375,1191.598876953125,51.9858512878418,715.5031999999999,True
CAND_01980,Al26.53Ti18.12V37.33W18.02,4,1062.8795166015625,1102.3634033203125,54.68827438354492,722.3407333333332,True
CAND_01981,Al16.59Co41.46Cu8.82Mn16.07Ni17.06,5,769.7141723632812,1056.331298828125,72.99842834472656,542.7197999999999,True
CAND_01982,Co23.39Nb18.09Ni28.36Ti30.16,4,873.162353515625,853.5377197265625,68.37821197509766,452.90099999999984,True
CAND_01983,Co17.88Mo17.65Ni30.37V34.10,4,1119.217041015625,1047.848388671875,62.89530944824219,450.16130000000004,True
CAND_01984,Co7.96Cu11.70Mn27.58Ti19.46V24.52W8.78,6,806.6328125,1034.29296875,50.24490737915039,551.1936999999997,True
CAND_01985,Co16.33Cu39.26Mn27.09Ni17.32,4,529.0578002929688,920.8191528320312,57.332366943359375,522.7180999999995,True
CAND_01986,Co17.76Cr11.93Fe21.81Nb15.35Ni18.37W14.78,6,931.7017211914062,921.6153564453125,72.38475036621094,411.5607666666665,True
CAND_01987,Co16.62Cu43.39V28.78W11.21,4,892.8051147460938,978.2384643554688,56.075477600097656,638.8053999999996,True
CAND_01988,Al23.22Cr14.70Fe17.98Mn21.67Nb22.43,5,1074.944580078125,1223.9027099609375,51.981327056884766,554.7064999999999,True
CAND_01989,Al17.62Co10.40Fe18.32Mn14.19Ni26.52Ti12.95,6,1111.7342529296875,927.9428100585938,60.22747802734375,481.0971999999997,True
CAND_01990,Co32.34Cr19.44Cu5.39Ti42.83,4,734.479736328125,791.0263061523438,57.44449234008789,546.139,True
CAND_01991,Al42.97Co22.44Nb15.27Ni19.32,4,972.9954223632812,1129.978515625,71.8999252319336,770.8907999999998,True
CAND_01992,Al18.95Co35.90Cu16.83Mo11.84V16.48,5,1086.1044921875,1060.6842041015625,69.69461059570312,680.4473333333334,True
CAND_01993,Al24.74Co6.15Cu8.67Ni26.54Ti8.51V25.39,6,1172.785400390625,1034.6187744140625,67.1783447265625,616.6669666666663,True
CAND_01994,Cr17.68Nb9.57Ni12.44Ti21.46V19.41W19.44,6,1124.8560791015625,1092.2529296875,35.53293228149414,565.2065999999999,True
CAND_01995,Co28.11Cr22.22Mn22.93Mo14.14V12.60,5,970.0528564453125,977.9074096679688,65.8028564453125,550.8439999999999,True
CAND_01996,Al13.01Co27.77Nb39.75Ni7.98W11.49,5,842.0220336914062,1033.1126708984375,69.89385986328125,554.0375999999999,True
CAND_01997,Co8.52Cr9.94Mo43.71Ni13.39Ti24.44,5,907.1922607421875,852.097412109375,47.900638580322266,583.8608999999997,True
CAND_01998,Cu6.36Mo16.73Nb32.32Ni7.95Ti11.45W25.19,6,888.4768676757812,914.3593139648438,45.1480827331543,601.6607999999998,True
CAND_01999,Co24.88Cr6.01Cu40.99Ti28.12,4,717.96923828125,965.8157958984375,59.8433952331543,620.2957999999995,True
CAND_02000,Nb21.56Ni28.03Ti31.82V5.12W13.47,5,1176.124755859375,779.6289672851562,56.92731475830078,470.17939999999965,True
CAND_02001,Al16.40Co11.91Fe41.73Nb20.43V9.53,5,1076.718017578125,912.3733520507812,58.692745208740234,487.16889999999967,True
CAND_02002,Al16.64Co14.22Cu12.07Ti27.89V29.18,5,1125.283447265625,934.0562133789062,58.7058219909668,596.2333999999996,True
CAND_02003,Co28.80Fe33.95Mo6.15Ti31.10,4,746.8512573242188,908.5264282226562,57.7287483215332,476.69219999999984,True
CAND_02004,Al17.36Cu8.57Mn37.22Mo8.63W28.22,5,843.956787109375,1069.4437255859375,58.18636703491211,535.1775,True
CAND_02005,Mo41.69Nb31.83Ti9.96V10.61W5.91,5,1046.1605224609375,961.017578125,40.14767074584961,607.7469999999998,True
CAND_02006,Cu22.01Ni37.61Ti6.61V20.86W12.91,5,1040.31982421875,1075.4520263671875,55.46685791015625,475.2559999999991,True
CAND_02007,Al21.05Cr14.05Fe5.06Mn21.21Ni38.63,5,734.0567626953125,1154.484619140625,55.75495147705078,468.88253333333284,True
CAND_02008,Co9.45Mn34.41Ni14.44Ti41.70,4,641.7514038085938,804.8385620117188,49.739139556884766,507.81729999999976,True
CAND_02009,Al12.91Co20.15Cu5.90Mo29.74Ni19.38W11.92,6,727.0413818359375,762.8203735351562,70.14244079589844,525.5529000000002,True
CAND_02010,Cr18.08Cu27.49Ni23.71W30.72,4,589.700439453125,883.3468627929688,48.20948791503906,570.8617999999992,True
CAND_02011,Cr28.15Fe14.76Mo28.99Ni28.10,4,798.2781982421875,831.9182739257812,54.94312286376953,500.62109999999996,True
CAND_02012,Co11.75Fe24.70Mn13.17Mo12.99W37.39,5,571.7169189453125,961.1665649414062,54.60316848754883,512.7230999999997,True
CAND_02013,Al14.89Cr26.67Fe27.78Mo30.66,4,899.1419067382812,906.663818359375,60.25899124145508,512.2149999999999,True
CAND_02014,Al41.27Cr16.25Cu27.05Nb9.05Ti6.38,5,1015.591064453125,1088.0423583984375,45.0334358215332,754.6711333333333,True
CAND_02015,Al14.68Cu17.99Fe12.46Ni25.62Ti14.30V14.95,6,1217.1783447265625,727.189453125,56.81639099121094,612.5269999999996,True
CAND_02016,Co38.04Cr12.73Fe22.91Mn9.04Nb10.10Ni7.18,6,790.280029296875,1096.7186279296875,52.82733917236328,526.85,True
CAND_02017,Cr33.50Fe38.18Mo18.97V9.35,4,1149.3216552734375,1045.9688720703125,60.41360092163086,499.7025999999998,True
CAND_02018,Fe31.27Mn30.94Mo10.05V27.74,4,953.7254028320312,985.857177734375,54.302547454833984,460.45719999999983,True
CAND_02019,Al6.96Mn22.01Mo38.82Ni16.05V6.84W9.32,6,884.4642944335938,713.9389038085938,56.88082504272461,535.2221999999998,True
CAND_02020,Co18.26Mn9.30Mo23.33Ni13.84Ti8.63W26.64,6,707.0234375,869.02880859375,58.22757339477539,566.7145,True
CAND_02021,Mn28.23Nb38.91Ni15.33V17.53,4,956.8204345703125,956.4032592773438,52.30647659301758,525.0806999999998,True
CAND_02022,Al41.38Co10.40Cr5.85Cu21.25Fe10.16Mo10.96,6,930.8113403320312,1058.291748046875,61.2432746887207,735.9575333333333,True
CAND_02023,Fe5.51Mn10.39Nb33.64Ti12.46V38.00,5,1018.548828125,1084.734375,40.426021575927734,583.5057999999998,True
CAND_02024,Co6.71Mo18.56Nb25.69Ni32.62W16.42,5,748.9038696289062,871.0657958984375,54.10108184814453,453.0861999999997,True
CAND_02025,Co14.43Cu19.34Mo20.00Ti20.00V17.03W9.20,6,956.6263427734375,937.0370483398438,43.90507507324219,704.7792999999996,True
CAND_02026,Al30.69Cr16.02Cu6.50Mo5.88Nb24.69W16.22,6,1043.4671630859375,1074.420166015625,54.01900863647461,720.8651333333332,True
CAND_02027,Nb15.85Ni17.94V40.11W26.10,4,1090.851318359375,963.580322265625,56.261287689208984,510.65819999999974,True
CAND_02028,Al14.29Fe11.86Mn13.91Mo11.39Nb22.46Ti26.09,6,1204.8934326171875,967.2136840820312,54.38015365600586,582.7157999999997,True
CAND_02029,Al33.02Co15.22Fe11.67Mo25.66Ti14.43,5,822.09033203125,609.57177734375,54.09859085083008,724.4669999999999,True
CAND_02030,Cr17.74Cu17.77Mn7.00Mo14.70Ni24.35Ti18.44,6,1179.727783203125,757.7603149414062,39.45674133300781,629.7163999999998,True
CAND_02031,Co18.44Cr9.36Fe25.82Mn16.37Nb16.16Ti13.85,6,798.9793090820312,959.7640991210938,51.758487701416016,471.0144999999998,True
CAND_02032,Al16.74Cr5.51Cu21.04Mn21.37Ti24.71W10.63,6,999.835205078125,1103.007080078125,51.85676193237305,622.2020999999996,True
CAND_02033,Cr6.39Cu23.98Fe27.10Nb16.53Ni26.00,5,704.4728393554688,762.740478515625,50.92020034790039,509.28459999999944,True
CAND_02034,Al14.87Co25.18Mo10.98Nb19.69V23.52W5.76,6,1140.216796875,1197.480224609375,70.10159301757812,563.166,True
CAND_02035,Cr14.57Cu35.76Ni21.74Ti27.93,4,897.9511108398438,854.9769897460938,41.97266387939453,524.9143999999991,True
CAND_02036,Al25.19Cu15.66Mn6.65Nb11.26Ni33.37V7.87,6,1000.8158569335938,1106.171875,61.249549865722656,598.475066666666,True
CAND_02037,Cu38.43Mo16.27Nb33.36W11.94,4,775.3943481445312,930.3007202148438,52.56591796875,693.7293999999995,True
CAND_02038,Cr27.03Cu9.85Fe43.60W19.52,4,513.9269409179688,912.6104736328125,54.85462951660156,503.74669999999975,True
CAND_02039,Co5.30Cr31.80Mo6.54Nb10.70Ti32.10W13.56,6,894.819091796875,1109.4481201171875,49.967491149902344,560.5891999999997,True
CAND_02040,Co42.71Mn29.16Ti9.41W18.72,4,618.9517822265625,1134.8953857421875,55.93294906616211,549.0123,True
CAND_02041,Fe12.79Nb27.05Ti32.82W27.34,4,893.5529174804688,986.163818359375,43.71376419067383,568.9115999999998,True
CAND_02042,Cr24.94Cu22.17Mn13.50Ni26.59Ti6.60V6.20,6,1183.571044921875,913.7688598632812,41.88570785522461,578.5003999999996,True
CAND_02043,Co17.57Cu26.16Mn28.67Nb9.74V7.70W10.16,6,829.1204223632812,1011.1145629882812,48.192359924316406,601.5588999999998,True
CAND_02044,Al19.76Co28.84Cr6.23Cu11.03Mn12.38W21.76,6,777.7706298828125,1064.9732666015625,70.25411224365234,584.409133333333,True
CAND_02045,Mo6.17Ni20.32Ti38.49V35.02,4,940.6007690429688,650.3486328125,53.668758392333984,499.2615999999997,True
CAND_02046,Cu22.79Mo11.67Nb40.47Ti12.58V12.49,5,1059.19482421875,965.6865234375,40.10917663574219,689.6693999999997,True
CAND_02047,Al29.30Cu15.59Ti29.89V25.22,4,1000.6470947265625,953.0559692382812,52.75080490112305,745.4898666666663,True
CAND_02048,Mn16.09Mo18.34Nb18.22Ni24.18W23.17,5,715.6756591796875,822.8956298828125,52.593536376953125,536.3283999999999,True
CAND_02049,Cr5.45Mn10.47Mo35.33Ni10.88V17.37W20.50,6,1059.4423828125,849.8155517578125,49.514339447021484,598.1488999999997,True
CAND_02050,Al31.62Cu11.54Mn9.14Mo40.95Nb6.75,5,806.2508544921875,839.3857421875,52.06697463989258,727.6073999999998,True
CAND_02051,Co25.36Cr13.40Fe24.93Nb24.96W11.35,5,737.0363159179688,914.8018188476562,60.40255355834961,486.06379999999996,True
CAND_02052,Al7.79Cu36.53Fe17.84Nb11.38Ti26.46,5,964.0597534179688,999.2792358398438,40.812782287597656,535.169799999999,True
CAND_02053,Cr35.15Fe30.61Mo5.58Nb28.66,4,1067.2801513671875,966.27099609375,65.14495086669922,503.6438999999997,True
CAND_02054,Fe32.70Mn17.23Ti11.10V38.97,4,1101.5426025390625,1090.2896728515625,45.90034866333008,503.9288999999997,True
CAND_02055,Al16.94Mn11.92Ni26.96Ti44.18,4,1026.73388671875,807.2463989257812,60.67786407470703,501.0769999999997,True
CAND_02056,Al7.02Co5.43Cu30.82Mn11.48Mo19.74V25.51,6,981.3489990234375,1138.87939453125,52.70146179199219,689.1838999999993,True
CAND_02057,Fe6.32Mo43.08Ni17.70Ti32.90,4,872.7757568359375,725.4616088867188,44.61216354370117,521.7945,True
CAND_02058,Cr15.62Cu27.15Mn32.23Mo25.00,4,834.3739624023438,903.591064453125,42.87010955810547,632.5461999999995,True
CAND_02059,Co14.23Cu23.03Mo15.61Ti13.50V33.63,5,974.9716186523438,1008.2992553710938,49.219261169433594,708.3357999999996,True
CAND_02060,Cr12.22Mn19.19Mo16.31Ni6.31Ti14.71W31.26,6,854.9869995117188,917.1715698242188,40.49379348754883,601.4341999999998,True
CAND_02061,Al5.42Cu15.44Mo25.58Nb7.38Ni19.66Ti26.52,6,962.8380737304688,658.2271118164062,43.40152359008789,603.3985999999994,True
CAND_02062,Cr28.80Nb19.70Ti30.90W20.60,4,969.9934692382812,1035.052734375,61.06729507446289,559.7415999999998,True
CAND_02063,Al11.94Mo44.91Nb8.31V6.88W27.96,5,1009.9306030273438,875.9124145507812,50.28268814086914,597.3884999999998,True
CAND_02064,Co23.37Fe16.90Mn10.70Mo8.89Ti12.03V28.11,6,857.0692749023438,1015.440673828125,56.13498306274414,512.9928,True
CAND_02065,Al34.68Cr12.71Fe15.18Nb25.19V12.24,5,1330.744873046875,1095.43017578125,46.97554397583008,744.0774666666666,True
CAND_02066,Fe27.55Mn9.22Nb31.28Ni10.66V21.29,5,1094.2293701171875,1003.1739501953125,53.54548263549805,512.5912999999997,True
CAND_02067,Co8.39Cr37.36Mo6.98Ni19.25V28.02,5,1165.94677734375,891.6116943359375,67.12788391113281,514.5639999999997,True
CAND_02068,Co16.56Fe14.64Mo14.72Ni20.94V27.51W5.63,6,1058.27001953125,787.527587890625,58.126800537109375,512.3112000000001,True
CAND_02069,Al33.11Cu10.12Nb42.44V14.33,4,1160.6468505859375,1010.0748291015625,57.91679000854492,755.6782666666666,True
CAND_02070,Al12.98Cr5.59Cu11.39Nb13.92Ni11.53Ti44.59,6,1021.9739990234375,824.607666015625,57.322086334228516,582.9345999999996,True
CAND_02071,Nb39.47Ti23.13V8.41W28.99,4,1006.4734497070312,1065.785888671875,49.482364654541016,576.9435999999997,True
CAND_02072,Cu26.62Mn23.22Ni11.27V38.89,4,803.6002807617188,901.147216796875,52.146827697753906,612.1672999999995,True
CAND_02073,Co21.14Mn26.18Mo9.80Nb26.35Ni16.53,5,728.9361572265625,964.2130737304688,58.95285415649414,485.63640000000004,True
CAND_02074,Al23.12Cu17.51Fe10.58Nb11.03Ni28.95V8.81,6,1166.0103759765625,1030.6107177734375,56.65956115722656,610.7520999999994,True
CAND_02075,Co6.00Mo25.14Ni41.34V27.52,4,1131.34912109375,869.39306640625,59.70130157470703,424.3513999999997,True
CAND_02076,Cr12.30Fe42.53Mn7.38Mo9.40V28.39,5,1029.436279296875,969.859130859375,46.18369674682617,484.9184999999997,True
CAND_02077,Cu15.96Mn22.97Ni22.58Ti38.49,4,867.13671875,765.9850463867188,45.26673126220703,530.4568999999997,True
CAND_02078,Al8.67Co23.04Fe31.10W37.19,4,515.0048217773438,973.025634765625,57.92964553833008,484.6567999999998,True
CAND_02079,Co42.32Fe20.90Mn24.42W12.36,4,471.83349609375,1124.6300048828125,61.993282318115234,522.8693,True
CAND_02080,Al42.77Cr6.98Cu41.91V8.34,4,1020.603271484375,1013.4871826171875,56.5350456237793,749.2879333333334,True
CAND_02081,Al8.90Cr38.87Fe9.96Ti8.00W34.27,5,986.6215209960938,1056.716796875,61.11195373535156,570.5603999999998,True
CAND_02082,Co15.85Mn13.21Nb14.02Ni15.60W41.32,5,767.147216796875,989.4364624023438,51.61909866333008,524.5577999999998,True
CAND_02083,Al29.32Cr13.39Mo29.79Ni21.05V6.45,5,1066.725341796875,754.9251098632812,59.34075927734375,699.8597333333332,True
CAND_02084,Al23.98Cr18.34Fe28.46Ti15.39V13.83,5,1398.4505615234375,842.2982177734375,45.904022216796875,571.2825333333333,True
CAND_02085,Co22.48Cr38.83Mo26.25Nb12.44,4,857.1809692382812,1078.506591796875,60.80126953125,565.9073000000001,True
CAND_02086,Al23.26Cr15.46Mo6.09Nb16.67Ni18.42W20.10,6,1176.9329833984375,1203.3641357421875,64.34660339355469,554.7719333333332,True
CAND_02087,Al10.62Co11.68Mn8.12Ni15.76V43.22W10.60,6,967.8923950195312,1008.55322265625,56.50102615356445,547.4461999999997,True
CAND_02088,Al36.99Cu11.43Fe31.41Mo20.17,4,705.0010986328125,927.1532592773438,54.36983108520508,670.1517333333333,True
CAND_02089,Cr12.15Fe25.34Mn8.15Ti23.82V20.81W9.73,6,1088.79541015625,1124.902587890625,42.14766311645508,499.7614999999998,True
CAND_02090,Cr35.84Fe34.27Ni16.28V13.61,4,1206.0841064453125,781.2401733398438,56.05769348144531,481.53829999999965,True
CAND_02091,Al28.33Co23.62Mn9.06V8.15W30.84,5,817.1947631835938,1067.17724609375,68.89563751220703,721.6378666666666,True
CAND_02092,Cu33.75Nb8.21Ti26.21V15.71W16.12,5,932.7474975585938,989.529541015625,33.502113342285156,647.1939999999993,True
CAND_02093,Co17.82Cu6.74Fe9.61Ni28.16W37.67,5,512.7886962890625,864.8019409179688,61.368492126464844,456.5619999999999,True
CAND_02094,Al21.79Fe33.33Mo12.50Ni32.38,4,749.3005981445312,854.4473876953125,60.14753341674805,490.6968333333329,True
CAND_02095,Co29.58Cr12.42Mo12.65Nb17.75V13.70W13.90,6,1203.4234619140625,994.8848876953125,64.75995635986328,579.2502,True
CAND_02096,Co8.18Cr26.01Cu5.18Fe20.00Ni24.96Ti15.67,6,1100.2213134765625,801.658447265625,50.409019470214844,489.0947999999996,True
CAND_02097,Al31.72Co9.45Fe13.79Nb13.69Ni23.54Ti7.81,6,1183.5694580078125,1064.0806884765625,60.681427001953125,740.801833333333,True
CAND_02098,Cu9.13Fe25.01Nb14.99Ti37.60W13.27,5,920.2206420898438,787.9730224609375,52.56596755981445,491.54529999999966,True
CAND_02099,Co11.93Cr17.95Cu20.45Mo10.35Ni31.69V7.63,6,1133.37353515625,829.1651611328125,57.45359802246094,467.96899999999926,True
CAND_02100,Co31.02Mo14.20Nb37.41V17.37,4,1080.7235107421875,1148.605712890625,67.07303619384766,586.6918,True
CAND_02101,Cr17.14Fe33.56Nb13.75Ni15.93V19.62,5,1368.2239990234375,997.8409423828125,44.958892822265625,476.2235666666662,True
CAND_02102,Cu14.53Mo10.68Nb30.60Ni8.09V13.53W22.57,6,1027.912109375,841.7127685546875,50.775211334228516,637.3441999999997,True
CAND_02103,Mn37.18Mo11.07Nb31.51Ni11.01V9.23,5,983.2281494140625,864.4884033203125,55.10947799682617,536.7186999999998,True
CAND_02104,Co41.08Cr12.96Nb11.81Ni19.73W14.42,5,835.946044921875,1009.6131591796875,60.62830352783203,542.9729999999998,True
CAND_02105,Cr30.04Fe36.30Mo10.99V22.67,4,1388.7908935546875,1180.8087158203125,59.788692474365234,485.3990999999997,True
CAND_02106,Cr23.13Cu20.15Mn21.66Ni16.36V18.70,5,901.6408081054688,966.6304321289062,45.309326171875,603.3368999999997,True
CAND_02107,Co20.65Mn24.89Mo6.98Nb20.44Ni20.85V6.19,6,977.0266723632812,930.3112182617188,60.379364013671875,472.39489999999995,True
CAND_02108,Al16.10Mo34.79Nb8.32Ti9.84W30.95,5,983.4646606445312,948.720458984375,45.857486724853516,600.8330999999997,True
CAND_02109,Cr28.60Fe25.71Mn9.06Mo12.95Ti7.22V16.46,6,1456.1033935546875,972.4716186523438,56.6672477722168,521.7275999999999,True
CAND_02110,Co22.72Cr8.06Cu14.31Mn16.18Ni25.21W13.52,6,465.9930725097656,969.1627197265625,70.09752655029297,536.4797999999998,True
CAND_02111,Al19.38Co35.48Cr30.06Ti15.08,4,1204.8333740234375,1019.15283203125,66.64743041992188,596.5424666666667,True
CAND_02112,Al19.81Co23.13Cu29.79Mo9.80Ni17.47,5,908.057861328125,875.8844604492188,72.31649017333984,608.9493333333331,True
CAND_02113,Al20.32Co22.12Fe10.14Nb20.75V26.67,5,1194.5302734375,1276.012939453125,61.11801528930664,582.1180666666666,True
CAND_02114,Al25.22Mn22.87Nb20.48Ti31.43,4,901.378173828125,979.7489624023438,52.49074172973633,610.1687666666664,True
CAND_02115,Al5.72Co16.96Cu15.04Mn32.14Mo10.32Nb19.82,6,839.7806396484375,921.03271484375,59.442508697509766,579.1480999999999,True
CAND_02116,Co23.73Cr5.73Cu37.13Nb22.91Ti10.50,5,766.85107421875,1013.9705200195312,59.25305938720703,638.4787999999998,True
CAND_02117,Al14.79Mo19.54Ti21.53V36.60W7.54,5,1044.2606201171875,861.064208984375,49.68857192993164,594.0958999999998,True
CAND_02118,Al31.17Cr5.30Nb9.14Ni19.89V34.50,5,1207.5780029296875,1050.9881591796875,58.99374008178711,721.323033333333,True
CAND_02119,Cu23.41Fe7.25Mn28.58Ti9.01W31.75,5,792.8201904296875,1048.83447265625,42.75718688964844,610.1134999999996,True
CAND_02120,Fe15.71Mn21.89Mo34.82Ni27.58,4,629.358154296875,793.5779418945312,48.131919860839844,466.89959999999996,True
CAND_02121,Co6.49Cu12.04Fe18.08Nb26.32V37.07,5,1168.40576171875,1052.144287109375,51.34819412231445,536.5155999999996,True
CAND_02122,Co14.92Cr8.67Ni25.74Ti37.49V13.18,5,1076.5567626953125,652.3573608398438,56.13994598388672,483.13199999999966,True
CAND_02123,Al12.64Co7.28Fe23.50Mn6.35Nb21.87W28.36,6,906.8052368164062,1066.0181884765625,57.32863998413086,510.83149999999966,True
CAND_02124,Mn12.44Mo11.14Ni44.03Ti17.30V9.08W6.01,6,1192.58544921875,806.6041870117188,59.720970153808594,432.9491999999996,True
CAND_02125,Co12.13Cr14.06Fe20.32Mn8.64Nb17.62W27.23,6,928.1751098632812,1037.7879638671875,57.56675338745117,495.47379999999964,True
CAND_02126,Cu22.11Mn7.04Mo17.30Ti7.01V10.27W36.27,6,964.8761596679688,890.3925170898438,42.22254180908203,703.5866999999995,True
CAND_02127,Cr35.91Cu10.41Mn28.11Nb7.52V6.60W11.45,6,982.605712890625,1024.37353515625,55.852718353271484,553.4502999999999,True
CAND_02128,Co17.14Cr19.63Cu20.27Mn12.24Ti17.82W12.90,6,772.4859008789062,1003.7684326171875,40.4356803894043,629.6582,True
CAND_02129,Al9.93Cu6.12Mn21.69Ni9.45Ti15.03V37.78,6,959.6500244140625,947.5654907226562,52.67219161987305,550.8802999999997,True
CAND_02130,Al13.30Co14.18Fe9.16Mo12.73Nb23.06W27.57,6,859.031494140625,930.2708740234375,60.07219314575195,606.4909999999998,True
CAND_02131,Cu23.05Mn11.87Ti43.16V21.92,4,836.2754516601562,844.0432739257812,43.055908203125,632.9179999999996,True
CAND_02132,Co25.91Cu31.74Fe14.35Mn8.84Ti8.80V10.36,6,713.8267211914062,982.5792846679688,59.60064697265625,624.4167999999997,True
CAND_02133,Al40.29Co10.19Cu21.98Mo6.15V21.39,5,1054.1318359375,1154.179931640625,58.25516891479492,743.4411333333333,True
CAND_02134,Mo23.10Ti30.51V28.27W18.12,4,955.3368530273438,651.4774169921875,44.44394302368164,588.3064999999999,True
CAND_02135,Al44.18Cu6.23Mn17.57Ti17.53V14.49,5,985.6972045898438,971.1155395507812,53.867069244384766,758.6139333333333,True
CAND_02136,Cr20.17Cu6.92Mn10.33Mo29.78Ni19.74W13.06,6,824.13623046875,850.2978515625,56.48066711425781,525.1111999999998,True
CAND_02137,Al18.37Cr36.64Nb15.18Ti24.76W5.05,5,1225.6492919921875,1206.86962890625,61.4033317565918,573.1631999999998,True
CAND_02138,Fe41.99Mo18.24Nb8.06Ti31.71,4,999.9873657226562,811.4943237304688,32.813690185546875,490.7274999999998,True
CAND_02139,Al15.15Co15.42Cr12.61Fe17.18W39.64,5,844.7799682617188,1161.63916015625,55.061275482177734,492.5689999999998,True
CAND_02140,Al14.75Cr28.69Cu17.73Mo12.35Nb19.06Ti7.42,6,1191.404541015625,1038.27392578125,62.17746353149414,695.1595999999997,True
CAND_02141,Fe32.08Mo22.16Ni33.21V6.20W6.35,5,1042.8450927734375,757.1499633789062,56.862430572509766,408.8582999999998,True
CAND_02142,Cu29.53Mn12.80Mo10.12Nb27.84V19.71,5,1065.3594970703125,1026.9559326171875,48.54154968261719,663.5243999999994,True
CAND_02143,Al43.53Mn26.77Nb17.54Ni12.16,4,820.17333984375,1076.9149169921875,57.265628814697266,721.8105333333333,True
CAND_02144,Cu9.25Fe14.98Mo25.82Nb33.31Ni16.64,5,960.4913330078125,821.093017578125,51.82844161987305,526.2069999999998,True
CAND_02145,Al16.45Fe37.04Mn20.00Nb26.51,4,755.9536743164062,1051.3363037109375,46.770267486572266,496.61479999999966,True
CAND_02146,Co24.71Cu20.73Ni18.51V17.14W18.91,5,892.2841186523438,1025.4053955078125,74.85631561279297,577.2725999999997,True
CAND_02147,Co16.13Cr37.61Mo28.60V9.93W7.73,5,1057.8311767578125,901.2029418945312,66.85334014892578,573.9733000000001,True
CAND_02148,Cu17.06Mn12.18Ni36.07V34.69,4,1008.2042236328125,1000.7034301757812,63.031715393066406,480.9491999999993,True
CAND_02149,Al31.25Cr6.38Fe16.90Mo5.49Ni19.44Ti20.54,6,1116.7562255859375,1042.6290283203125,62.33464431762695,726.9631333333328,True
CAND_02150,Co35.76Mo7.92Nb9.30Ni18.13Ti8.58W20.31,6,841.371337890625,1083.9423828125,58.75650405883789,531.432,True
CAND_02151,Cu39.34Mn18.90Mo29.52W12.24,4,530.6580200195312,906.8121948242188,50.334068298339844,688.3668999999994,True
CAND_02152,Co10.53Cu20.54Fe9.21Ni17.79V41.93,5,932.8516845703125,917.7947387695312,51.62444305419922,576.1065999999994,True
CAND_02153,Co37.82Cu24.86Fe10.95Mo7.43Ti11.55W7.39,6,784.2376708984375,1016.66650390625,57.080467224121094,671.8312000000001,True
CAND_02154,Al19.70Cr15.57Mo12.82Ni17.52V23.19W11.20,6,1223.18701171875,916.0193481445312,54.37602996826172,542.5911333333331,True
CAND_02155,Co7.71Cr7.95Mn22.31Ti17.61V44.42,5,791.7208862304688,1086.678955078125,47.47092819213867,541.6972999999998,True
CAND_02156,Al44.04Cr13.99Cu8.33Mn8.92Mo8.03Nb16.69,6,1087.758544921875,1113.9427490234375,58.11227798461914,753.3385333333333,True
CAND_02157,Cr19.43Nb22.90Ni24.12Ti33.55,4,1109.94921875,755.6868286132812,51.48476791381836,506.9783999999996,True
CAND_02158,Cu41.53Mo5.41Nb22.89V30.17,4,1069.1754150390625,1030.3284912109375,48.83673095703125,656.9623999999994,True
CAND_02159,Co19.32Mn20.56Nb22.11Ni38.01,4,621.9305419921875,955.217529296875,60.89409637451172,398.6169,True
CAND_02160,Co38.66Cr18.10Cu15.23Mn10.25Mo17.76,5,822.5986938476562,935.3679809570312,65.28905487060547,654.3148,True
CAND_02161,Cr26.03Cu14.92Fe10.01Mo17.11Nb16.96V14.97,6,1435.511962890625,850.9090576171875,51.579959869384766,656.0500999999997,True
CAND_02162,Cr15.55Cu24.96Fe12.92Mn10.96Mo13.25Ni22.36,6,699.0684204101562,825.8992309570312,46.34688949584961,587.0301999999994,True
CAND_02163,Co7.59Cu26.71Fe23.03Mn10.89Nb12.86Ti18.92,6,869.3242797851562,1073.7550048828125,42.73987579345703,532.1831999999995,True
CAND_02164,Mo29.07Ni24.96Ti28.35V17.62,4,1214.2581787109375,696.9683227539062,48.23460388183594,534.5800999999999,True
CAND_02165,Al11.24Fe11.73Mo16.89Ti35.87W24.27,5,878.8767700195312,652.7075805664062,52.279903411865234,584.9373999999998,True
CAND_02166,Cr14.79Cu23.03Ni29.56Ti7.66V24.96,5,1185.9154052734375,986.7069091796875,52.041954040527344,499.4285999999992,True
CAND_02167,Co21.09Mo14.33Ni24.65Ti10.73V29.20,5,983.4866943359375,930.7003784179688,60.35899353027344,541.752,True
CAND_02168,Fe20.28Mn13.27Ti31.00W35.45,4,824.1726684570312,1003.9724731445312,46.4930534362793,494.8055999999997,True
CAND_02169,Al24.69Co31.34Cu20.85Nb8.80V14.32,5,1135.5120849609375,1044.383544921875,60.82441329956055,710.2812666666664,True
CAND_02170,Al10.70Cr21.49Cu28.93Fe17.40Mo8.21Ni13.27,6,1005.6146240234375,927.5638427734375,44.87192916870117,545.2883999999993,True
CAND_02171,Al12.55Cu14.57Fe13.49Mo14.72Ni25.39W19.28,6,687.4953002929688,863.2505493164062,58.049896240234375,595.0892999999998,True
CAND_02172,Al8.21Cu17.79Fe15.63Nb37.05Ti12.92W8.40,6,1056.4178466796875,993.8311767578125,46.13782501220703,625.9275999999996,True
CAND_02173,Al10.87Co22.62Cr38.40Mo15.53W12.58,5,786.995361328125,1062.9483642578125,69.4736328125,568.4012,True
CAND_02174,Cr15.57Fe25.58Mn15.03Mo6.48Ti37.34,5,901.38916015625,752.0086059570312,41.4536018371582,480.6244999999997,True
CAND_02175,Cr7.56Fe8.86Mn12.27Nb18.50Ti25.43V27.38,6,1113.3685302734375,1003.5510864257812,41.83341598510742,567.5337999999998,True
CAND_02176,Cu31.44Fe9.57Mo20.25Nb7.85Ni16.34Ti14.55,6,1039.0684814453125,697.7586669921875,29.353273391723633,622.2572999999993,True
CAND_02177,Cu16.05Fe27.04Ti42.80W14.11,4,818.4854125976562,735.7611694335938,47.2269172668457,532.7856999999996,True
CAND_02178,Co14.87Cr43.86Mo28.25Ti13.02,4,845.2715454101562,908.6320190429688,56.172401428222656,588.1545,True
CAND_02179,Cr26.48Cu8.41Fe13.16Mn34.95Mo17.00,5,720.5261840820312,1023.3126220703125,54.229278564453125,549.2079999999999,True
CAND_02180,Fe18.18Mn31.33Nb10.18Ni22.65Ti9.32W8.34,6,1077.59326171875,991.7675170898438,33.79512023925781,456.4525999999996,True
CAND_02181,Cr40.70Cu30.99Nb21.98V6.33,4,1076.630615234375,933.050537109375,61.23237609863281,641.4715999999995,True
CAND_02182,Al10.57Co18.15Fe17.56Nb26.46V27.26,5,1250.94287109375,1270.7557373046875,50.970699310302734,498.2689999999999,True
CAND_02183,Al11.27Mn22.52Mo25.19Nb20.16W20.86,5,701.9014282226562,904.7472534179688,53.47016525268555,570.1019999999997,True
CAND_02184,Al8.52Co20.46Cu9.22Fe16.67Nb31.02Ni14.11,6,833.1031494140625,976.6109619140625,61.799312591552734,485.45079999999984,True
CAND_02185,Al12.40Co14.34Cu23.57Fe23.57Nb16.98W9.14,6,922.4256591796875,1078.32763671875,61.30524826049805,549.5355999999992,True
CAND_02186,Al6.28Co20.09Cr9.97Cu8.81Mn40.22V14.63,6,858.4949340820312,831.7197875976562,74.34880065917969,535.7776,True
CAND_02187,Cu30.07Fe14.81Mo6.22Nb33.75Ni5.03W10.12,6,805.382568359375,1003.9953002929688,50.12239074707031,639.4245999999995,True
CAND_02188,Co17.54Cr22.16Fe28.58Mn8.70Mo7.27V15.75,6,1048.0341796875,931.00732421875,56.761566162109375,474.7604999999999,True
CAND_02189,Co7.95Cr10.90Mn9.41Mo16.72Ni31.83Ti23.19,6,1093.50390625,802.5839233398438,47.46131896972656,420.2355999999998,True
CAND_02190,Al22.16Co5.06Ti35.66V37.12,4,1019.3019409179688,855.8550415039062,55.82187271118164,608.6259333333331,True
CAND_02191,Co20.43Cr16.59Fe7.72Mo18.08Ni21.55V15.63,6,1230.07080078125,902.1632080078125,53.44690704345703,522.3268000000003,True
CAND_02192,Fe37.39Mn8.91Mo22.51Nb31.19,4,852.1583251953125,1011.0657958984375,51.59177017211914,505.2856999999998,True
CAND_02193,Cu37.60Mn10.99Mo7.54Ni9.76Ti19.68W14.43,6,886.5725708007812,918.190673828125,46.932472229003906,628.1769999999993,True
CAND_02194,Al11.95Cr21.67Cu29.98Mn8.84Ni15.92Ti11.64,6,1132.678955078125,880.646240234375,47.8573112487793,599.2349999999996,True
CAND_02195,Cu39.54Mn20.02Ni6.28Ti9.48V12.81W11.87,6,826.7020874023438,974.8081665039062,42.62297058105469,658.6569999999995,True
CAND_02196,Al18.31Cr7.20Mn33.67Mo19.66W21.16,5,862.1317749023438,1028.2191162109375,51.0330696105957,547.6177999999998,True
CAND_02197,Fe19.21Mo33.30Ti20.55W26.94,4,937.2064819335938,864.4559936523438,44.22420120239258,513.6939999999997,True
CAND_02198,Al28.24Co30.56Cr5.47Cu16.55Mo14.09Nb5.09,6,858.52392578125,805.6513061523438,66.38011932373047,784.0395333333335,True
CAND_02199,Cr10.48Mo15.12Nb7.77Ti16.23V41.71W8.69,6,1169.2547607421875,1025.1004638671875,34.697696685791016,592.2819999999999,True
CAND_02200,Al26.26Mn8.75Nb32.04Ti11.99W20.96,5,1077.4188232421875,977.5926513671875,52.14484786987305,686.2580666666664,True
CAND_02201,Co10.74Cr23.04Ni17.17Ti12.50V13.65W22.90,6,1003.0128173828125,884.0516357421875,48.102909088134766,521.0727999999997,True
CAND_02202,Cr28.90Fe7.05Mn22.95Ti7.29V9.38W24.43,6,1015.368896484375,1099.512939453125,57.418235778808594,545.1660999999999,True
CAND_02203,Cu40.87Mn19.53Nb14.49Ti25.11,4,812.0855102539062,1048.031494140625,41.4888916015625,635.9099999999993,True
CAND_02204,Mn14.14Nb14.60Ni23.61Ti13.30V24.60W9.75,6,1189.04345703125,972.0942993164062,53.395111083984375,516.9581999999997,True
CAND_02205,Al22.67Cr7.05Cu25.73Fe9.60Mo17.75V17.20,6,1123.6295166015625,878.9271240234375,49.42093276977539,701.796833333333,True
CAND_02206,Al27.29Co15.78Cr16.90Nb30.44W9.59,5,1050.861572265625,1136.034912109375,55.40346908569336,749.2134666666668,True
CAND_02207,Cr24.42Cu19.47Mo21.16Nb25.80W9.15,5,873.3912353515625,964.2537231445312,46.40397644042969,697.7571999999996,True
CAND_02208,Co13.71Cu11.30Mo20.21Ni37.39V17.39,5,1104.99951171875,898.324951171875,63.952239990234375,454.92579999999964,True
CAND_02209,Al7.06Cr15.67Cu27.57Fe8.75Mn30.71Ni10.24,6,730.9569091796875,829.7958374023438,48.71183776855469,593.5550999999995,True
CAND_02210,Al44.40Co29.14Ti11.47V14.99,4,984.9466552734375,1085.3974609375,60.6489143371582,804.6659333333332,True
CAND_02211,Co9.66Cu12.21Fe10.79Mo35.03V20.47W11.84,6,1034.286865234375,988.1619262695312,49.49494552612305,628.7154999999997,True
CAND_02212,Al37.89Cr42.43Cu12.90Ni6.78,4,947.7437744140625,1105.5281982421875,59.777103424072266,725.2863333333332,True
CAND_02213,Al30.36Mn35.31Mo10.94Nb13.18V10.21,5,1029.3785400390625,1077.0986328125,54.295894622802734,662.3489666666666,True
CAND_02214,Al25.33Co9.18Fe38.93Ti5.54V21.02,5,979.1151123046875,1237.2705078125,51.57585525512695,590.3904666666665,True
CAND_02215,Al31.20Mn22.19Ti16.25W30.36,4,917.8524169921875,1077.5667724609375,50.871768951416016,684.1540333333331,True
CAND_02216,Al7.69Cu8.23Fe31.44Mn12.37Ti40.27,5,898.16552734375,687.6297607421875,54.0489387512207,482.1964999999997,True
CAND_02217,Cu17.56Mo12.31Ti30.05V19.35W20.73,5,925.8887329101562,991.562744140625,45.53276824951172,684.7815999999996,True
CAND_02218,Cu17.01Fe26.44Mn29.16Ni27.39,4,435.44207763671875,866.1304321289062,49.63019943237305,521.1767999999996,True
CAND_02219,Mo6.11Ni24.06Ti27.06V42.77,4,1136.4488525390625,831.619873046875,55.881752014160156,517.8471999999997,True
CAND_02220,Cr30.28Mo17.31Ti35.49V16.92,4,1189.2152099609375,777.0304565429688,53.74069595336914,581.9984999999998,True
CAND_02221,Mn13.11Ni29.84Ti16.71V40.34,4,1189.626708984375,916.1680908203125,57.90367889404297,449.07299999999964,True
CAND_02222,Al21.13Cr31.45Mo14.14Ni18.07W15.21,5,982.6630859375,1038.4075927734375,72.13945770263672,566.4325999999998,True
CAND_02223,Co18.69Cu5.70Fe39.91V35.70,4,816.8449096679688,1076.8284912109375,55.40665817260742,467.6835999999998,True
CAND_02224,Al13.26Cu16.25Fe34.57Mo7.43Nb13.72Ni14.77,6,1076.6541748046875,942.2423095703125,52.894832611083984,554.1573666666662,True
CAND_02225,Al27.90Co14.16Mo7.62Ti22.60V27.72,5,881.7344360351562,1048.436279296875,56.953922271728516,749.2349999999999,True
CAND_02226,Co15.19Fe21.20Mn21.60Mo11.56Ni30.45,5,582.5298461914062,865.2857055664062,62.04780960083008,408.96059999999966,True
CAND_02227,Co11.98Cu7.31Mn26.85Ti14.31V20.83W18.72,6,786.6817626953125,997.8934936523438,53.9527473449707,539.0212999999998,True
CAND_02228,Cr20.82Fe5.04Mo27.26Nb40.98V5.90,5,1266.7841796875,991.1002807617188,53.066009521484375,600.0129999999999,True
CAND_02229,Al5.91Co29.73Cu18.43Fe17.29Mo11.91W16.73,6,714.1582641601562,1026.61669921875,69.96749114990234,577.1721999999997,True
CAND_02230,Al27.38Mn35.33Nb12.71Ni24.58,4,899.7885131835938,1011.2615966796875,58.436607360839844,692.5499666666666,True
CAND_02231,Co28.79Fe16.58Mn11.41Mo35.72Ni7.50,5,701.3353271484375,904.6436767578125,65.13410949707031,515.5639,True
CAND_02232,Cr43.28Fe10.41Nb7.33Ti16.20V22.78,5,1209.6070556640625,1109.378173828125,47.09608459472656,568.9189999999998,True
CAND_02233,Co38.21Cr8.60Cu11.52Mo16.54V14.92W10.21,6,1088.7257080078125,985.7194213867188,72.80848693847656,635.4734,True
CAND_02234,Co19.32Cu9.12Fe7.99Mo35.14Nb11.69Ni16.74,6,934.375,884.71240234375,52.409976959228516,528.0855,True
CAND_02235,Al23.46Nb32.59Ti28.22V7.27W8.46,5,1141.4117431640625,982.2966918945312,55.07157516479492,627.7082666666666,True
CAND_02236,Al16.59Mn9.67Nb10.86Ni24.73Ti38.15,5,1068.4580078125,847.5509033203125,55.781951904296875,510.7349999999997,True
CAND_02237,Fe9.68Mn17.68Mo17.52Nb38.42Ni6.30V10.40,6,1123.2435302734375,898.5224609375,44.61458969116211,606.3483999999997,True
CAND_02238,Al23.67Cr27.04Cu9.63Fe7.76Mo31.90,5,963.554443359375,920.5106811523438,62.32048797607422,632.6626333333331,True
CAND_02239,Co11.10Cr19.11Mo6.36Ni33.68Ti29.75,5,1102.633544921875,906.8364868164062,49.20782470703125,400.09059999999977,True
CAND_02240,Co7.64Cr22.06Nb40.47W29.83,4,839.1890258789062,1094.529052734375,55.503578186035156,576.8469999999999,True
CAND_02241,Al30.25Fe26.92Ni15.75V27.08,4,977.1347045898438,1046.311767578125,52.469844818115234,747.4220333333332,True
CAND_02242,Cr6.79Cu8.82Fe27.12Mn19.00Mo13.03V25.24,6,877.780029296875,1020.9574584960938,54.49757766723633,517.6054999999998,True
CAND_02243,Co17.51Cr5.49Mo8.93Ni39.12W28.95,5,608.7285766601562,875.9274291992188,63.986236572265625,399.55779999999993,True
CAND_02244,Al25.32Cu36.05Fe6.04Mn8.98Nb23.61,5,935.572509765625,1049.0469970703125,55.63266372680664,701.0560666666663,True
CAND_02245,Al13.22Cr7.63Cu8.24Mo34.61Ni16.02V20.28,6,1192.627197265625,751.9175415039062,55.442378997802734,565.0990999999998,True
CAND_02246,Cr38.72Mn30.68Ti10.37V20.23,4,944.4454956054688,1171.5228271484375,54.8860969543457,537.3797,True
CAND_02247,Co14.76Fe18.70Mn5.20Ni32.68Ti9.66V19.00,6,1164.4063720703125,937.1757202148438,57.720359802246094,379.7507999999997,True
CAND_02248,Al10.89Mn17.29Mo44.16Nb27.66,4,848.54638671875,918.5364379882812,49.3101921081543,607.0983999999997,True
CAND_02249,Fe29.42Mo25.49Nb14.96Ti25.11W5.02,5,1071.62646484375,854.8272094726562,46.549625396728516,507.91439999999983,True
CAND_02250,Al20.78Cr19.82Fe14.20Mo31.96Nb13.24,5,1231.2613525390625,999.6808471679688,52.02374267578125,592.5440333333332,True
CAND_02251,Co13.81Cu9.70Fe17.61Mn5.11Mo24.79Ni28.98,6,596.82373046875,791.0308227539062,57.236480712890625,465.1342999999998,True
CAND_02252,Co9.84Cu7.35Fe6.52Ni9.32V23.90W43.07,6,915.0540771484375,983.2908935546875,54.13740921020508,568.4241999999997,True
CAND_02253,Al5.99Co36.38Fe43.39Mo14.24,4,749.2462158203125,931.7791137695312,56.01371383666992,527.3594,True
CAND_02254,Cr17.68Cu7.32Mn11.59Mo11.37V40.34W11.70,6,1186.832275390625,1029.5831298828125,50.990760803222656,574.3029999999999,True
CAND_02255,Al6.87Co18.07Mn19.11Mo19.29W36.66,5,499.6459655761719,861.1597900390625,57.80385971069336,581.5859,True
CAND_02256,Al10.84Cr16.73Cu18.32Nb8.90Ti17.08W28.13,6,1099.103271484375,966.1741943359375,28.52837371826172,658.5071999999997,True
CAND_02257,Cu10.99Fe13.00Ni6.85Ti13.75V17.00W38.41,6,1004.2733154296875,1045.9410400390625,46.18110275268555,603.2537999999997,True
CAND_02258,Mo14.73Ti20.08V21.16W44.03,4,990.6533813476562,976.886962890625,46.99966812133789,590.6889999999999,True
CAND_02259,Al26.90Cu19.61Mo16.82Nb6.50Ni8.90V21.27,6,1054.0994873046875,921.02294921875,47.44943618774414,787.5474000000002,True
CAND_02260,Al11.60Fe13.09Ni28.38Ti37.38W9.55,5,1054.3021240234375,735.3464965820312,58.86579132080078,460.63159999999954,True
CAND_02261,Cr10.83Cu30.61Fe20.61Mo23.92V14.03,5,1097.9288330078125,702.9190063476562,42.822509765625,586.3450999999993,True
CAND_02262,Fe5.41Mn34.80Ni21.14Ti38.65,4,782.05029296875,683.9561767578125,42.622474670410156,470.2018999999997,True
CAND_02263,Al33.95Cu7.88Fe14.84Mn43.33,4,732.8721923828125,1094.7537841796875,54.7596435546875,645.8829666666666,True
CAND_02264,Co25.25Cu10.16Mn37.55Ti27.04,4,560.4324951171875,984.5427856445312,61.749656677246094,532.1776,True
CAND_02265,Cr26.99Cu11.90Nb22.25Ti38.86,4,861.0924072265625,794.6976928710938,53.959320068359375,583.5547999999997,True
CAND_02266,Al22.65Fe10.38Mo23.25Ni31.85Ti11.87,5,1042.61865234375,599.57861328125,53.67847442626953,547.4160333333331,True
CAND_02267,Cu21.47Mo16.12Nb30.27V32.14,4,1130.6324462890625,1031.73486328125,47.86511993408203,709.9285999999996,True
CAND_02268,Al24.78Cu13.41Nb30.26Ni16.08W15.47,5,996.5075073242188,945.0330810546875,59.7639045715332,614.4663999999996,True
CAND_02269,Al19.76Fe33.94Mn17.97Mo10.04V18.29,5,1071.8199462890625,1114.7005615234375,53.039798736572266,519.3189666666665,True
CAND_02270,Al21.57Cu9.47Mo35.38Ni33.58,4,760.8543090820312,822.4121704101562,60.873207092285156,518.0988333333331,True
CAND_02271,Al5.21Cr11.88Mn24.64Ni27.17Ti25.39V5.71,6,1214.5728759765625,789.15771484375,54.317726135253906,462.95049999999975,True
CAND_02272,Cu6.93Fe24.90Mn20.05Ni29.47V18.65,5,850.5625,875.2056884765625,57.9245491027832,430.90799999999956,True
CAND_02273,Al24.32Co36.49Mo18.42Ni9.90Ti10.87,5,945.5553588867188,830.7474975585938,58.32793045043945,667.1359333333334,True
CAND_02274,Cr13.52Fe20.16Mn11.56Mo27.26Ni6.14V21.36,6,1275.6531982421875,981.820556640625,44.85013198852539,518.1394999999998,True
CAND_02275,Mn15.07Mo20.58Ni32.10Ti16.68V15.57,5,1263.5538330078125,715.9742431640625,51.76458740234375,441.3761999999998,True
CAND_02276,Al9.42Cr30.08Mo20.04Nb11.33V15.15W13.98,6,1530.2105712890625,1017.443603515625,50.30875015258789,602.5953999999998,True
CAND_02277,Cr17.46Cu13.91Fe19.09Mo15.27W34.27,5,817.5589599609375,870.3515625,50.21790313720703,541.8378999999994,True
CAND_02278,Co19.93Cr15.21Ti35.41V29.45,4,792.3375854492188,772.1205444335938,50.92087936401367,544.6335999999999,True
CAND_02279,Co5.99Cu26.49Mn28.09Ti17.65V8.88W12.90,6,761.6063232421875,970.5579223632812,46.90037536621094,599.7854999999995,True
CAND_02280,Co18.19Mn26.86Mo31.73V23.22,4,868.1635131835938,989.4072265625,55.1762809753418,555.541,True
CAND_02281,Cr9.85Cu6.61Mn34.11Mo12.73V23.16W13.54,6,961.3838500976562,1002.04443359375,53.39645004272461,550.5414999999998,True
CAND_02282,Co35.14Fe10.13Mn15.11Mo15.95Nb8.33Ti15.34,6,871.2415771484375,982.896484375,44.25410842895508,589.8924000000001,True
CAND_02283,Al24.27Fe18.98Ti17.08V8.34W31.33,5,1104.6510009765625,1027.4302978515625,53.23677444458008,583.5804666666664,True
CAND_02284,Al11.11Co8.28Cu21.54Fe10.72Ni18.29W30.06,6,757.10302734375,947.8757934570312,65.26568603515625,579.9591999999992,True
CAND_02285,Al12.52Co18.80Ni27.05V41.63,4,1018.448974609375,1065.4681396484375,73.75130462646484,481.0936,True
CAND_02286,Co11.95Mo30.71Nb20.00Ti9.32V28.02,5,1071.980224609375,1102.5301513671875,43.96091842651367,598.4266999999999,True
CAND_02287,Cr41.17Cu7.19Fe44.48Nb7.16,4,889.455322265625,934.3216552734375,47.84962844848633,481.58989999999966,True
CAND_02288,Cu34.25Fe14.38Mn21.26Mo13.91Ni5.10W11.10,6,619.7988891601562,970.950439453125,49.18836212158203,652.0828999999994,True
CAND_02289,Co30.47Mo16.51Nb17.08V35.94,4,1186.520751953125,1159.8216552734375,66.59660339355469,576.7923999999999,True
CAND_02290,Cr29.51Mo11.10Ni26.56Ti6.05V26.78,5,1413.4071044921875,999.8385620117188,58.69293975830078,519.0389999999998,True
CAND_02291,Co22.10Mn21.28Nb40.99V15.63,4,863.77490234375,1038.8502197265625,61.4990119934082,555.8933999999999,True
CAND_02292,Al20.51Cr8.28Cu40.85Fe21.13Ti9.23,5,1165.7509765625,1083.7025146484375,51.26456832885742,562.5598666666662,True
CAND_02293,Cr7.11Mo29.00Ni22.21V14.30W27.38,5,1060.58203125,662.3859252929688,53.66564178466797,526.3560999999999,True
CAND_02294,Fe5.97Mo13.59Ti38.96V41.48,4,931.5506591796875,655.1131591796875,46.088253021240234,578.8765999999998,True
CAND_02295,Al18.96Cr14.93Mn16.08Nb23.18Ti14.19V12.66,6,1291.85302734375,977.5637817382812,45.14627456665039,601.1293999999998,True
CAND_02296,Al10.87Cr25.20Fe8.57Ni28.37Ti26.99,5,1266.3736572265625,894.2958984375,52.15135955810547,487.5681999999999,True
CAND_02297,Cu5.55Fe14.75Mo26.14Ni26.01Ti27.55,5,1059.71240234375,655.5100708007812,43.757301330566406,500.7578999999999,True
CAND_02298,Al26.40Cu17.38Fe18.08Nb7.10Ni24.08V6.96,6,1173.0767822265625,992.7291870117188,57.23687744140625,755.9061333333333,True
CAND_02299,Nb39.75Ti8.43V30.11W21.71,4,1042.7880859375,1095.285888671875,45.3724479675293,581.8537999999999,True
CAND_02300,Al5.73Co15.82Cr19.44Mo27.93Ni31.08,5,762.0365600585938,718.0797729492188,52.31385040283203,440.20959999999974,True
CAND_02301,Fe12.18Mo13.61Ni32.97Ti10.51V21.92W8.81,6,1261.7962646484375,899.3392944335938,53.51789855957031,430.1513999999997,True
CAND_02302,Mn30.66Mo9.17Nb14.43Ni19.40Ti6.34V20.00,6,1055.0303955078125,972.4588012695312,54.162105560302734,490.9212999999998,True
CAND_02303,Cr7.31Cu32.17Mo37.37Ni23.15,4,697.3922119140625,745.91650390625,45.79002380371094,590.1040999999991,True
CAND_02304,Nb40.01Ti16.48V24.02W19.49,4,1059.012939453125,1103.0067138671875,45.720767974853516,581.4497999999999,True
CAND_02305,Al7.24Cu11.50Mo31.84Ni8.04Ti28.49V12.89,6,1081.61669921875,594.2257080078125,56.11940383911133,629.4484999999996,True
CAND_02306,Fe10.24Mn12.08Mo16.24Nb13.32Ni14.83V33.29,6,1298.0086669921875,976.2461547851562,47.4293327331543,584.9481999999997,True
CAND_02307,Co5.84Cr27.13Cu8.48Fe33.36Mo5.12V20.07,6,1034.02001953125,1041.16455078125,59.56509780883789,493.33269999999976,True
CAND_02308,Cr23.22Mn17.06Mo21.15Ni7.50W31.07,5,800.1640014648438,958.7197875976562,54.03850173950195,591.4856999999998,True
CAND_02309,Fe13.52Mo13.73Ni20.28Ti44.09V8.38,5,953.2415771484375,480.1761779785156,49.5765495300293,510.5390999999998,True
CAND_02310,Al22.96Co13.13Mn18.88Mo15.99Ni29.04,5,677.9985961914062,862.9658813476562,66.10810089111328,575.2365333333332,True
CAND_02311,Al39.63Mn26.97Nb9.21W24.19,4,732.9635620117188,1168.1507568359375,47.40279769897461,696.2137333333333,True
CAND_02312,Cr28.41Fe19.52Mn6.95Nb24.05W21.07,5,924.018310546875,1090.2408447265625,67.4356918334961,499.6459999999998,True
CAND_02313,Al12.60Cr20.15Cu24.63Mo6.95V10.00W25.67,6,1166.988525390625,1010.7214965820312,43.529930114746094,660.1511999999997,True
CAND_02314,Fe28.61Mo24.69Ni25.72V7.36W13.62,5,1013.6521606445312,770.6368408203125,54.092594146728516,494.8993,True
CAND_02315,Al7.19Fe19.92Mn20.02Mo18.01Nb22.52W12.34,6,917.1583862304688,949.8364868164062,51.0916633605957,522.3120999999998,True
CAND_02316,Co18.82Nb6.98Ti23.39V20.46W30.35,5,874.6531982421875,1195.6055908203125,41.712039947509766,559.848,True
CAND_02317,Co24.92Cu6.17Mn30.62Ni22.77W15.52,5,432.8686218261719,866.3206176757812,71.89188385009766,478.31069999999994,True
CAND_02318,Cr9.36Cu20.88Fe21.85Mo5.18Nb19.58V23.15,6,1205.8797607421875,1084.9410400390625,47.38316345214844,560.9005999999994,True
CAND_02319,Al6.60Mo13.58Ti43.13V18.60W18.09,5,967.9185180664062,678.8917846679688,57.76286697387695,580.2619999999998,True
CAND_02320,Al43.97Cu20.19Fe24.38Ti11.46,4,1084.970947265625,1011.553466796875,48.220340728759766,693.9246,True
CAND_02321,Cr20.37Fe13.64Mo36.36Nb29.63,4,1056.9288330078125,1042.7950439453125,50.38727951049805,594.8129999999999,True
CAND_02322,Al36.30Mn17.99Nb39.91W5.80,4,825.5864868164062,1115.6427001953125,57.23146438598633,762.1629333333333,True
CAND_02323,Al18.79Cr6.20Cu8.87Nb10.48Ti14.26V41.40,6,1266.1048583984375,1053.65185546875,50.32233810424805,586.9061999999998,True
CAND_02324,Cr16.10Mn17.47Nb8.76Ni9.24Ti42.06W6.37,6,830.875,871.1439819335938,33.252174377441406,554.5913999999998,True
CAND_02325,Co37.38Fe13.93Ti12.01W36.68,4,758.395751953125,1029.5751953125,53.82639694213867,567.1171999999999,True
CAND_02326,Cr10.95Fe31.93Mn19.21Nb13.42Ti6.32V18.17,6,1032.4161376953125,1123.380615234375,41.8314094543457,500.89609999999976,True
CAND_02327,Co20.94Cr29.24Ni6.45Ti23.08V13.47W6.82,6,942.7225952148438,1047.9278564453125,60.455196380615234,549.404,True
CAND_02328,Cr13.61Cu39.45Mn16.55Mo22.99Nb7.40,5,920.8529052734375,938.6805419921875,34.36692810058594,690.7106999999995,True
CAND_02329,Cr43.98Mn16.69Nb28.34Ti10.99,4,979.0409545898438,1144.2601318359375,59.019840240478516,580.2729999999999,True
CAND_02330,Al6.73Co16.25Mn18.55Nb33.74V24.73,5,941.7042846679688,1100.8258056640625,59.58828353881836,576.6365999999999,True
CAND_02331,Al17.51Fe19.68Nb19.46Ti13.90V19.06W10.39,6,1341.8245849609375,1028.452880859375,50.14919662475586,509.0579999999997,True
CAND_02332,Al13.59Fe14.36Nb10.24Ni14.31Ti13.65V33.85,6,1227.01025390625,982.086669921875,46.7347526550293,562.3031999999997,True
CAND_02333,Al8.81Co25.25Mo12.65Nb30.25Ni11.21Ti11.83,6,827.4840698242188,774.3896484375,63.857017517089844,566.8371999999999,True
CAND_02334,Mo8.92Ni29.80V21.13W40.15,4,1028.699462890625,939.4314575195312,62.66645050048828,455.04319999999973,True
CAND_02335,Co38.58Cr18.99Mn18.44Ti8.80W15.19,5,565.90771484375,1137.0247802734375,59.337158203125,579.4953999999999,True
CAND_02336,Al14.60Co29.34Cr22.90Cu26.67Mn6.49,5,734.2407836914062,1001.5965576171875,66.86779022216797,630.6165999999998,True
CAND_02337,Al19.35Cr6.73Cu35.57Fe23.03V15.32,5,1093.714111328125,1005.2542724609375,49.85309982299805,563.4195999999994,True
CAND_02338,Al21.36Co29.44Cu12.55Ti36.65,4,915.6000366210938,830.1771850585938,65.94220733642578,613.3978666666665,True
CAND_02339,Cr16.10Mn37.38Nb26.03V20.49,4,1053.73828125,1145.1036376953125,46.677284240722656,545.7992999999999,True
CAND_02340,Al21.83Cu6.99Fe21.86Ti10.31V39.01,5,1213.93701171875,1149.8033447265625,53.04704666137695,558.3777666666665,True
CAND_02341,Al28.75Co15.61Cr14.98Cu26.73Ti13.93,5,1100.66650390625,909.8067016601562,58.0695915222168,712.2266666666666,True
CAND_02342,Co24.00Fe15.13Mo25.26W35.61,4,682.4052734375,900.7276611328125,63.38035202026367,542.4570999999999,True
CAND_02343,Cr15.21Mn41.32Mo28.25Ni15.22,4,880.1756591796875,904.7367553710938,43.717079162597656,527.8535999999999,True
CAND_02344,Al29.88Mn11.72Mo18.63Ni39.77,4,603.7732543945312,905.231201171875,58.723907470703125,684.2892333333331,True
CAND_02345,Al35.20Co15.95Fe13.86Nb14.34V20.65,5,1219.8193359375,1208.089111328125,56.44834518432617,713.8789333333333,True
CAND_02346,Al42.72Mo17.13Nb26.72Ni13.43,4,777.7569580078125,841.1050415039062,56.45327377319336,755.6369333333333,True
CAND_02347,Co9.03Cr19.97Fe17.25Mn18.58Mo18.30Ti16.87,6,775.5673217773438,896.339599609375,44.281593322753906,512.7011999999999,True
CAND_02348,Al28.00Cr9.43Cu9.39Nb11.80Ti35.02V6.36,6,1007.072998046875,798.5762939453125,52.56830978393555,728.9613999999999,True
CAND_02349,Co17.28Cu23.80Mn13.64Nb35.07Ti10.21,5,797.860107421875,1065.0489501953125,50.51387023925781,647.2317999999998,True
CAND_02350,Co21.40Fe11.45Mo9.63Nb17.80V8.77W30.95,6,1073.9031982421875,1052.4884033203125,61.22348403930664,556.5401999999999,True
CAND_02351,Cr18.65Cu22.94Mo32.06Nb26.35,4,972.7998046875,929.7603149414062,43.54894256591797,700.8781999999998,True
CAND_02352,Al25.33Fe5.27Mo13.08Nb26.30Ti30.02,5,906.88623046875,673.27294921875,53.213497161865234,673.0459333333331,True
CAND_02353,Al30.11Cu10.47Mn11.88Ni30.56Ti16.98,5,1085.3919677734375,940.3905639648438,61.528839111328125,709.5426666666658,True
CAND_02354,Cr21.56Cu13.05Fe26.97Mn11.80W26.62,5,585.0038452148438,843.353271484375,42.80598449707031,528.1722999999996,True
CAND_02355,Co22.47Fe8.25Nb13.87Ni12.83Ti42.58,5,761.06787109375,861.683837890625,46.99302291870117,533.8351999999999,True
CAND_02356,Al26.67Co19.30Nb17.31Ni11.37V18.47W6.88,6,1140.847412109375,1176.7286376953125,61.79164505004883,743.4715333333335,True
CAND_02357,Cu32.89Nb36.52Ti11.85V18.74,4,984.4605712890625,1065.98046875,39.06083679199219,661.5493999999994,True
CAND_02358,Cu5.53Fe13.61Nb8.49Ni28.29Ti32.26V11.82,6,1201.7127685546875,749.1215209960938,40.26422882080078,456.49879999999956,True
CAND_02359,Co41.07Cr12.17Cu21.57W25.19,4,659.5149536132812,1012.4542846679688,65.41504669189453,660.2303999999999,True
CAND_02360,Fe43.40Ni17.16Ti23.11V16.33,4,1015.7567138671875,947.2285766601562,41.09195327758789,463.67356666666626,True
CAND_02361,Al22.95Cu5.36Fe7.53Mn33.03V24.34W6.79,6,907.9549560546875,1099.0692138671875,55.35935592651367,560.2734333333333,True
CAND_02362,Co26.28Cr27.64Fe26.86W19.22,4,590.572265625,887.0729370117188,61.78455352783203,492.27780000000007,True
CAND_02363,Al7.77Cu21.83Mn24.50Nb5.42Ni6.67W33.81,6,654.6224975585938,982.769775390625,40.78180694580078,614.9292999999996,True
CAND_02364,Co28.25Fe17.66Mo10.62Ti15.42V28.05,5,951.052978515625,1013.8235473632812,57.843997955322266,514.91,True
CAND_02365,Al18.04Cr40.51Mo12.55Nb28.90,4,1102.5184326171875,1101.4599609375,68.36840057373047,594.5069999999997,True
CAND_02366,Co31.87Cr13.11Fe28.14Nb26.88,4,747.5989379882812,943.7506713867188,61.148040771484375,500.22399999999993,True
CAND_02367,Al7.55Co15.02Fe28.99Mn12.08Mo10.96Nb25.40,6,894.541015625,953.8763427734375,55.41460037231445,496.9390999999999,True
CAND_02368,Cr26.21Cu24.17Fe39.39Ni10.23,4,466.5509033203125,897.5700073242188,44.28776168823242,532.9591999999996,True
CAND_02369,Al17.38Fe27.42Mn15.43V39.77,4,1067.49169921875,1089.0687255859375,54.29897689819336,500.50869999999986,True
CAND_02370,Co14.66Cr28.28Mo16.33Nb5.87Ti28.22V6.64,6,1065.16943359375,862.185791015625,57.072940826416016,581.6163999999998,True
CAND_02371,Cr37.94Mo19.03Nb9.91Ti22.69V10.43,5,1154.81005859375,917.5989990234375,45.057090759277344,587.2388999999998,True
CAND_02372,Al5.53Co31.02Cu22.98Mn25.05Ti9.07V6.35,6,703.2533569335938,946.7901611328125,64.54737854003906,598.5721999999998,True
CAND_02373,Cr15.57Cu17.26Fe34.22Ni19.12V13.83,5,934.7376708984375,690.1800537109375,48.62194061279297,531.1625666666662,True
CAND_02374,Al13.90Co17.30Cu35.10Mn5.84W27.86,5,622.2966918945312,1083.00634765625,62.07038497924805,634.9879999999996,True
CAND_02375,Al12.05Cr5.20Nb10.98Ni25.60V16.22W29.95,6,1135.137939453125,1051.1416015625,57.96903991699219,509.72959999999966,True
CAND_02376,Al13.64Co34.08Cu5.93Mn6.82Nb21.47V18.06,6,1013.7910766601562,1197.871337890625,69.01486206054688,579.1464,True
CAND_02377,Cu21.94Fe16.57Mo12.68Ni18.68Ti20.39V9.74,6,1048.191650390625,727.0638427734375,55.192413330078125,541.9645999999995,True
CAND_02378,Al33.74Cr8.89Cu9.49Mo11.20V16.37W20.31,6,1135.2442626953125,1015.403564453125,57.68830490112305,684.9406333333333,True
CAND_02379,Al20.11Co36.70Cr16.19Cu12.51Fe14.49,5,1002.2778930664062,968.3916015625,63.233673095703125,609.5494666666667,True
CAND_02380,Al39.31Cr6.31Cu15.62Ti38.76,4,1067.6495361328125,768.710693359375,55.319461822509766,710.5777333333334,True
CAND_02381,Co16.53Cu22.98Mn28.04Ti9.15V23.30,5,762.4606323242188,1068.3961181640625,49.62468719482422,615.4168999999998,True
CAND_02382,Al14.91Co21.14Fe10.06Mn5.57Ni32.69Ti15.63,6,856.90625,998.6650390625,67.54704284667969,415.50640000000004,True
CAND_02383,Al10.63Co6.03Mn27.88Nb13.49Ni27.95Ti14.02,6,980.9596557617188,885.8914184570312,45.029823303222656,460.5020999999999,True
CAND_02384,Co36.18Cu36.50Mn8.69Nb6.64Ni11.99,5,702.499267578125,974.7351684570312,62.35303497314453,651.1379999999998,True
CAND_02385,Al14.86Cr7.32Cu21.39Nb23.11Ti20.82V12.50,6,1146.043212890625,921.1329345703125,45.17793655395508,675.8807999999996,True
CAND_02386,Al7.07Cu7.32Mn21.47Mo17.75Ni16.58V29.81,6,937.6939086914062,969.8857421875,56.852962493896484,540.2611999999998,True
CAND_02387,Co42.99Mo23.70Ni10.91Ti14.73V7.67,5,911.0538330078125,746.5971069335938,59.30142593383789,590.5776999999999,True
CAND_02388,Co13.09Fe32.27Mn20.02Ti34.62,4,664.2437744140625,815.24462890625,47.520206451416016,475.53099999999955,True
CAND_02389,Cu28.26Mo21.82Nb12.47Ti6.36W31.09,5,839.9118041992188,952.8494262695312,37.11769104003906,693.6308999999995,True
CAND_02390,Al15.36Cu7.86Mo20.44Nb18.23Ni19.34V18.77,6,1172.5384521484375,751.7685546875,58.08406448364258,541.4598000000001,True
CAND_02391,Co30.37Mn28.97Mo33.12Nb7.54,4,688.1336059570312,947.7890014648438,48.108219146728516,542.1347,True
CAND_02392,Al22.58Co6.98Mn30.54Mo31.88Ti8.02,5,854.0236206054688,942.84521484375,53.89899826049805,578.3923333333332,True
CAND_02393,Fe29.17Mo8.49Nb8.92Ti28.75V24.67,5,1113.033447265625,1028.734130859375,36.5594596862793,497.50369999999975,True
CAND_02394,Co8.56Cr16.39Cu16.31Fe15.20V28.90W14.64,6,1131.1790771484375,943.668212890625,49.38941955566406,621.3483999999995,True
CAND_02395,Al11.13Co6.74Cu16.37Mn37.45Mo16.15W12.16,6,661.8291015625,929.9761352539062,51.112117767333984,647.3396999999998,True
CAND_02396,Cu44.06Fe42.00Mo5.21Ni8.73,4,546.0013427734375,923.5564575195312,49.464019775390625,522.8789999999991,True
CAND_02397,Al37.19Cu28.08Ni14.44Ti9.43W10.86,5,999.8694458007812,995.8601684570312,56.40855026245117,694.8205999999999,True
CAND_02398,Al16.33Cr19.98Ni28.57Ti11.75V10.39W12.98,6,1472.5594482421875,835.1539916992188,56.138282775878906,490.63899999999967,True
CAND_02399,Mn5.72Mo28.63Nb38.36Ni8.98V6.59W11.72,6,1047.002197265625,867.387451171875,52.93040084838867,597.5147999999998,True
CAND_02400,Cr10.42Mn6.65Nb6.87Ti34.18V41.88,5,938.1905517578125,832.67578125,35.508419036865234,559.9949999999998,True
CAND_02401,Al8.17Co13.85Mn10.90Nb34.26Ni32.82,5,683.1439208984375,920.59033203125,59.74713897705078,451.58859999999953,True
CAND_02402,Co9.26Cu5.26Mn21.45Nb13.75Ni39.68V10.60,6,1014.1611328125,920.6419067382812,57.907005310058594,402.9201999999996,True
CAND_02403,Cu21.55Fe9.96Ni12.45V29.37W26.67,5,969.948974609375,903.4845581054688,47.339599609375,663.9327999999995,True
CAND_02404,Al17.84Cr6.54Fe24.73Nb26.14Ni24.75,5,1106.23974609375,896.9887084960938,60.33964920043945,479.09449999999975,True
CAND_02405,Cu36.08Ni23.74Ti33.08V7.10,4,980.31494140625,763.5313110351562,50.516929626464844,538.2781999999991,True
CAND_02406,Cu28.20Nb42.25V12.50W17.05,4,1041.691162109375,929.8564453125,47.04957580566406,672.9023999999996,True
CAND_02407,Al23.45Co10.03Fe22.59Mn43.93,4,725.0640869140625,1127.7852783203125,58.356719970703125,509.6266666666665,True
CAND_02408,Co10.02Cu21.14Mn22.89Mo5.65Nb12.38W27.92,6,590.2955322265625,1122.8663330078125,43.27741241455078,619.4886999999997,True
CAND_02409,Mn15.52Mo21.23Nb23.55Ni11.89W27.81,5,786.865966796875,813.9345703125,51.14445877075195,594.8859999999997,True
CAND_02410,Cu41.90Fe10.13Mn34.12Mo13.85,4,691.9342651367188,962.073974609375,50.43193817138672,633.6456999999995,True
CAND_02411,Cr8.54Cu30.61Fe6.90Mo23.55V10.07W20.33,6,1019.785888671875,760.0054321289062,43.03218078613281,688.2708999999994,True
CAND_02412,Al5.40Cr21.75Cu11.94Mn8.11Nb37.88V14.92,6,1203.0938720703125,835.2594604492188,51.86726760864258,613.5295999999997,True
CAND_02413,Cr18.88Fe37.49Mn13.51Nb30.12,4,774.7682495117188,1042.41552734375,50.15576171875,489.45669999999967,True
CAND_02414,Al7.94Co6.99Mn31.24Ni24.68Ti7.51V21.64,6,985.8851318359375,859.6001586914062,59.83721160888672,491.2585999999997,True
CAND_02415,Al16.07Cu22.35Mn11.86Ni7.53Ti10.44W31.75,6,1030.1719970703125,1040.187744140625,51.86429977416992,666.5363999999997,True
CAND_02416,Al19.13Cr5.50Fe19.63Ni16.97Ti38.77,5,1131.3472900390625,883.9985961914062,53.1605110168457,480.67453333333304,True
CAND_02417,Co30.72Cr25.71Nb19.48Ti16.73V7.36,5,950.2395629882812,968.8704223632812,67.54650115966797,547.7416000000001,True
CAND_02418,Cr17.17Mn23.15Nb29.25Ti30.43,4,784.4486083984375,1049.598388671875,41.125267028808594,541.7316999999999,True
CAND_02419,Cr27.27Mo8.33Nb32.77Ti9.64W21.99,5,899.8194580078125,1068.4429931640625,55.67538833618164,580.7115999999997,True
CAND_02420,Al13.00Fe35.97Mo14.08Ni10.64V26.31,5,944.8168334960938,951.0626220703125,51.34148025512695,510.0932999999997,True
CAND_02421,Fe18.19Mn27.34Ni17.68V29.01W7.78,5,862.67724609375,908.7613525390625,51.60573959350586,445.7444999999997,True
CAND_02422,Al8.12Co10.49Cr18.15Mn15.29Ti26.71W21.24,6,859.5687866210938,1023.6868896484375,52.40430450439453,569.3023999999998,True
CAND_02423,Al13.56Mn28.30Nb31.10V27.04,4,1026.5428466796875,1162.9669189453125,56.02244186401367,549.4546999999999,True
CAND_02424,Al21.89Co17.64Fe18.21Mo42.26,4,838.1633911132812,932.49169921875,59.744083404541016,556.5042333333332,True
CAND_02425,Cr12.30Cu38.04Fe15.19Mn10.20Ti11.11W13.16,6,897.059326171875,1035.6796875,38.83866882324219,608.9501999999992,True
CAND_02426,Al24.97Cr29.20Fe14.72Ni31.11,4,980.2784423828125,1132.0711669921875,64.01823425292969,540.7280333333326,True
CAND_02427,Mn23.38Ni33.59Ti24.90V9.54W8.59,5,1125.397705078125,905.4638671875,54.51831817626953,407.4541999999997,True
CAND_02428,Cr16.28Cu17.28Mo17.70Ti11.83V36.91,5,1239.6771240234375,1128.5538330078125,32.84862518310547,703.5556999999997,True
CAND_02429,Al8.09Co22.64Mn8.56Mo36.52W24.19,5,614.750732421875,875.3265380859375,61.762821197509766,576.8148999999999,True
CAND_02430,Al6.21Fe6.21Ni10.30Ti35.31V24.37W17.60,6,972.7014770507812,679.9747314453125,53.18679428100586,564.1317999999997,True
CAND_02431,Cr6.63Nb31.34Ni33.38Ti17.42W11.23,5,1112.5706787109375,937.6602783203125,53.34339904785156,471.2719999999994,True
CAND_02432,Co13.37Nb19.89Ni10.73Ti15.60V40.41,5,908.586181640625,980.5792846679688,50.322017669677734,570.0707999999997,True
CAND_02433,Cu9.45Mo20.43Nb32.80W37.32,4,754.6272583007812,889.9256591796875,54.14805221557617,607.7367999999998,True
CAND_02434,Co34.09Cr11.66Fe10.46Mn34.51Ni9.28,5,457.5685119628906,1083.0841064453125,60.25840759277344,525.7041999999999,True
CAND_02435,Al44.37Co6.68Mo31.76Ni17.19,4,711.6052856445312,788.78125,57.5583610534668,724.2408666666665,True
CAND_02436,Al13.73Co26.48Fe10.87Mn26.01Mo17.51Nb5.40,6,668.5156860351562,952.587158203125,56.66543960571289,549.0861,True
CAND_02437,Al26.37Cr6.42Ni24.19Ti43.02,4,1081.6864013671875,794.7686157226562,61.367164611816406,693.1048999999997,True
CAND_02438,Cr24.03Cu5.78Nb17.00Ni37.56V15.63,5,1262.4005126953125,873.947021484375,64.29669952392578,428.0725999999997,True
CAND_02439,Cr25.94Cu22.10Fe28.40Ni23.56,4,575.40625,763.1004028320312,39.6833610534668,554.9687999999998,True
CAND_02440,Al18.63Cr20.23Cu27.00Fe18.84Nb15.30,5,1206.6943359375,1180.461669921875,53.05442428588867,539.4442666666662,True
CAND_02441,Cu26.32Nb12.08Ti26.26V11.93W23.41,5,933.5261840820312,1006.2675170898438,30.434907913208008,655.0991999999995,True
CAND_02442,Al33.13Mo8.34Nb26.89Ti31.64,4,871.0216064453125,930.6508178710938,54.09604263305664,754.2682666666665,True
CAND_02443,Fe33.68Mn12.89Mo31.74Ti21.69,4,966.9198608398438,845.1166381835938,45.39829635620117,502.4884999999998,True
CAND_02444,Al35.48Cr17.82Cu17.67Fe29.03,4,940.837646484375,983.2345581054688,45.975650787353516,665.7222666666667,True
CAND_02445,Co25.07Cu19.24Nb13.99Ni16.85V13.43W11.42,6,983.3778076171875,907.6942749023438,61.08893966674805,598.3013999999997,True
CAND_02446,Cr19.53Cu16.86Mo9.60Nb28.76Ni14.10V11.15,6,1250.2635498046875,755.8916625976562,46.24641418457031,672.9915999999996,True
CAND_02447,Cr37.72Cu28.12Mo16.09Ni18.07,4,773.9995727539062,893.0892944335938,60.7164421081543,603.5399999999994,True
CAND_02448,Cr8.03Fe16.08Ti42.86V20.10W12.93,5,961.9524536132812,955.6036376953125,42.853458404541016,509.47579999999965,True
CAND_02449,Cr8.05Cu22.34Nb15.85Ti16.20V37.56,5,1065.4384765625,1040.896240234375,39.34705352783203,658.2617999999995,True
CAND_02450,Al7.28Cu9.39Mo21.73Nb27.81W33.79,5,754.109619140625,762.4363403320312,57.062992095947266,608.4987999999998,True
CAND_02451,Cr33.49Fe9.02Mo25.63Nb31.86,4,985.8291015625,1015.4755249023438,63.519588470458984,598.9949999999999,True
CAND_02452,Fe11.78Mo24.61Nb30.45Ni7.13V9.60W16.43,6,1154.1776123046875,884.95849609375,50.100345611572266,604.9833999999996,True
CAND_02453,Mn30.45Nb20.24Ni34.41V14.90,4,1032.2623291015625,820.0792236328125,61.782440185546875,405.98819999999967,True
CAND_02454,Cu23.27Mn38.31Ni32.87Ti5.55,4,802.5321655273438,946.023681640625,50.419517517089844,456.71679999999935,True
CAND_02455,Al17.64Fe39.75Mo7.15W35.46,4,813.1851196289062,1111.41552734375,49.86551284790039,494.4604999999997,True
CAND_02456,Al15.67Cr14.18Cu14.79Fe41.81Mn13.55,5,687.639404296875,845.0303344726562,47.65388107299805,529.4018999999997,True
CAND_02457,Al26.07Cr43.81Fe10.73Mo19.39,4,946.1610107421875,1096.9979248046875,61.14896774291992,706.8160999999998,True
CAND_02458,Co9.46Cr15.90Cu44.34Mo30.30,4,789.8677978515625,853.1536865234375,48.16395950317383,676.1992999999994,True
CAND_02459,Co7.78Mo10.96Nb23.06Ni10.83Ti15.95V31.42,6,1063.26806640625,907.875732421875,49.33466720581055,578.5079999999998,True
CAND_02460,Al10.58Co7.32Cr16.09Mn29.27Mo31.40W5.34,6,863.6575927734375,936.865966796875,41.29214859008789,557.6271999999998,True
CAND_02461,Cr30.96Fe17.22Mn5.34Mo8.58V37.90,5,1299.78369140625,1061.974609375,62.61586380004883,498.88479999999987,True
CAND_02462,Co24.61Cu5.48Mn21.91Nb17.14Ti5.16W25.70,6,685.8865966796875,1130.2982177734375,57.5496711730957,534.3940999999999,True
CAND_02463,Al11.26Co19.83Fe16.96Nb28.88V16.30W6.77,6,1120.2120361328125,1174.2044677734375,57.91425704956055,511.8723999999999,True
CAND_02464,Mn29.99Mo26.87Nb11.73Ti31.41,4,818.7059326171875,865.375732421875,32.94403076171875,541.5259999999998,True
CAND_02465,Cu25.76Fe11.37Mn26.11Mo9.13Nb21.27W6.36,6,828.2874145507812,961.615234375,49.26008605957031,618.9530999999996,True
CAND_02466,Cr13.25Fe5.35Mn24.88Nb5.63Ti39.70W11.19,6,823.4930419921875,950.2182006835938,34.88772201538086,524.5504999999997,True
CAND_02467,Fe41.56Ti11.93V34.51W12.00,4,1043.1048583984375,1019.6903076171875,42.33183670043945,494.4220999999997,True
CAND_02468,Al23.43Cr19.13Mo23.27Ni13.99W20.18,5,897.2446899414062,931.9956665039062,50.5958366394043,597.7567333333332,True
CAND_02469,Al17.58Co16.49Fe33.51Mo24.74Ni7.68,5,823.7110595703125,893.0602416992188,56.66350173950195,496.7383,True
CAND_02470,Al15.67Fe9.81Nb21.98Ni21.34Ti5.96V25.24,6,1229.1407470703125,1061.27294921875,60.45201873779297,514.2035999999997,True
CAND_02471,Al40.46Cr11.85Fe8.86Mn5.97Ni32.86,5,734.6007080078125,1095.206787109375,58.83759307861328,682.9079333333331,True
CAND_02472,Co25.46Fe10.73Mo36.17V20.24W7.40,5,1048.65771484375,1084.0899658203125,61.63937759399414,580.6229,True
CAND_02473,Cr18.24Cu38.24Fe20.20Mo11.39W11.93,5,788.8482055664062,973.68408203125,49.92603302001953,517.673599999999,True
CAND_02474,Co32.71Mn21.67Mo17.24Ti10.30W18.08,5,677.4667358398438,1099.0831298828125,52.7402229309082,565.396,True
CAND_02475,Cr31.43Cu6.17Fe8.62Ti16.41V18.87W18.50,6,1208.4317626953125,988.5159301757812,56.691898345947266,572.2133999999998,True
CAND_02476,Al28.16Co11.76Cr32.84Ni5.45Ti8.12W13.67,6,1068.8792724609375,1236.95556640625,66.23837280273438,723.5376999999999,True
CAND_02477,Al36.99Cu10.94Fe15.42Ni8.28Ti6.88W21.49,6,973.907958984375,1107.6361083984375,56.06019973754883,692.4222666666666,True
CAND_02478,Al19.61Cr7.13Cu7.32Fe22.18Ni23.47V20.29,6,1116.353759765625,928.2220458984375,63.07483673095703,507.3703666666664,True
CAND_02479,Al7.43Cu20.65Mn28.24V12.87W30.81,5,811.817138671875,863.0081176757812,48.96654510498047,627.5980999999996,True
CAND_02480,Co26.70Cu32.31Mn18.31Mo13.15W9.53,5,483.1239929199219,971.1012573242188,69.6358871459961,665.9675999999997,True
CAND_02481,Co6.99Fe8.34Mn8.03Ti44.03V32.61,5,840.4354248046875,756.2423095703125,45.300540924072266,556.7569999999997,True
CAND_02482,Cu28.49Nb21.48Ni16.90V10.91W22.22,5,1009.985595703125,832.1917724609375,46.236358642578125,590.8547999999992,True
CAND_02483,Cr20.55Cu20.60Fe15.10Mo32.91Ni10.84,5,887.7951049804688,872.1406860351562,40.48271560668945,649.3690999999998,True
CAND_02484,Cu24.06Fe8.10Mn11.75Mo11.28Ni9.95W34.86,6,694.3067016601562,936.1343994140625,50.455238342285156,655.8859999999995,True
CAND_02485,Co8.71Cr14.55Fe20.66Mo44.14Ni11.94,5,837.759521484375,788.0690307617188,52.493656158447266,509.4650999999997,True
CAND_02486,Co16.36Cu17.44Fe26.94Ti39.26,4,728.866943359375,725.7928466796875,47.934608459472656,513.5196999999998,True
CAND_02487,Co15.97Fe31.79Ti40.81W11.43,4,743.2509155273438,765.1842651367188,51.77365493774414,470.5866999999998,True
CAND_02488,Al31.97Ti21.26V25.97W20.80,4,975.2267456054688,1117.5941162109375,52.007633209228516,708.9185333333332,True
CAND_02489,Co12.78Mn13.95Mo24.02Nb22.54Ni15.98W10.73,6,843.0480346679688,871.9199829101562,55.1873893737793,555.7114999999997,True
CAND_02490,Co8.15Cu11.89Mn34.02Mo11.77Nb14.72Ti19.45,6,838.43017578125,1018.9574584960938,50.880435943603516,552.6402999999997,True
CAND_02491,Co33.51Cu17.57Mo6.82Nb24.79Ti17.31,5,910.8921508789062,1052.0670166015625,60.32341766357422,661.3288000000001,True
CAND_02492,Cr17.46Cu30.73Fe14.50Nb10.55V19.00W7.76,6,1298.9449462890625,1056.97216796875,33.49689865112305,629.1781999999995,True
CAND_02493,Al7.53Fe8.61Mo12.46Nb14.33Ni43.15V13.92,6,1291.775146484375,741.099853515625,60.70916748046875,430.12559999999957,True
CAND_02494,Al15.08Cr25.88Fe18.15Mn23.52Nb11.25V6.12,6,1200.4097900390625,1212.479736328125,56.67037582397461,470.4862999999998,True
CAND_02495,Mn30.20Mo11.13Ni5.25Ti26.92V10.67W15.83,6,938.7824096679688,922.4400024414062,49.789913177490234,535.0129,True
CAND_02496,Co6.03Fe19.70Mo14.64Nb22.33Ti24.87W12.43,6,961.097412109375,958.5469970703125,49.44704055786133,517.6753999999997,True
CAND_02497,Cu11.54Fe17.90Nb17.31V21.76W31.49,5,1128.2291259765625,1129.3551025390625,49.255130767822266,534.2335999999997,True
CAND_02498,Co19.74Fe9.77Mn12.42Ni15.32Ti42.75,5,642.75732421875,784.185302734375,53.22468185424805,516.6423999999998,True
CAND_02499,Cu39.09Fe24.02Mn16.71Nb5.44V14.74,5,972.3497924804688,955.3157958984375,44.03296661376953,554.5485999999992,True
CAND_02500,Al19.26Cr29.14Fe9.73Nb24.48Ti17.39,5,1323.7447509765625,1088.3203125,63.92268753051758,594.9967999999999,True
CAND_02501,Cr13.22Cu13.87Fe24.14Mo32.21Ni16.56,5,813.1155395507812,676.42919921875,47.12605667114258,515.2584666666664,True
CAND_02502,Al8.17Fe33.09Mn11.08Ti32.71V14.95,5,1011.8248291015625,751.943603515625,47.73384475708008,498.16489999999965,True
CAND_02503,Cu15.61Fe6.11Mo22.23Nb26.70Ti20.31V9.04,6,1073.3511962890625,683.5507202148438,46.12702560424805,674.9505999999998,True
CAND_02504,Co5.27Cr25.60Fe28.35Nb8.63Ni7.58V24.57,6,1320.7509765625,994.9415283203125,48.001136779785156,493.85389999999984,True
CAND_02505,Co28.22Cr27.04Mo6.08Ni30.07W8.59,5,682.5294799804688,913.7792358398438,70.48373413085938,459.7088,True
CAND_02506,Cu14.07Mo17.44Nb12.36Ni18.10V6.45W31.58,6,1097.189453125,799.8875732421875,54.30852127075195,582.5931999999995,True
CAND_02507,Cu12.71Fe23.50Mo14.04Ni34.04Ti15.71,5,1075.369140625,739.31640625,49.036441802978516,465.16659999999973,True
CAND_02508,Al13.46Cr6.89Mo23.43Ni42.43W13.79,5,706.9193725585938,831.5059814453125,59.164466857910156,442.56479999999976,True
CAND_02509,Co22.89Mo12.56Ni28.00Ti8.68V27.87,5,1057.5369873046875,943.869384765625,73.74217987060547,489.20979999999986,True
CAND_02510,Al6.65Co26.38Cr9.49Mo17.85Ni16.68W22.95,6,753.0695190429688,815.6063842773438,67.73358917236328,508.1225,True
CAND_02511,Al8.81Cr16.65Mn22.99Mo22.35Nb23.30Ni5.90,6,867.602783203125,941.13330078125,42.869869232177734,574.3496999999999,True
CAND_02512,Co17.80Cu27.42Ni18.30V11.22W25.26,5,814.617919921875,856.5794677734375,60.81763458251953,558.8543999999996,True
CAND_02513,Al37.55Co9.84Cr21.02Cu5.61Ti15.94W10.04,6,1135.504150390625,1055.7381591796875,56.644187927246094,729.8162666666665,True
CAND_02514,Fe15.53Mn11.24Mo11.02Nb20.03Ni27.39V14.79,6,1248.4730224609375,808.502197265625,58.729454040527344,476.68879999999973,True
CAND_02515,Cr29.21Fe7.63Mn33.96W29.20,4,698.254638671875,1086.8916015625,56.955894470214844,533.5724999999999,True
CAND_02516,Al14.12Co8.24Fe15.63Mn30.45Mo22.80V8.76,6,808.6565551757812,901.5403442382812,59.793460845947266,514.4991999999999,True
CAND_02517,Cu38.20Fe8.06V8.90W44.84,4,847.8131103515625,944.230224609375,50.98139190673828,646.0459999999994,True
CAND_02518,Al10.87Co37.58Nb13.95Ti37.60,4,864.5919799804688,956.5361938476562,55.04853439331055,561.0539999999999,True
CAND_02519,Al15.16Co11.21Cu35.96Fe12.27Ti25.40,5,991.8306274414062,969.2164916992188,58.98606491088867,647.0211999999995,True
CAND_02520,Co23.96Cr13.22Mn25.81Mo25.05Nb11.96,5,807.6920166015625,1037.920654296875,46.70431137084961,545.4307,True
CAND_02521,Al20.14Mn38.05Ni16.28V25.53,4,935.5413818359375,1045.611328125,59.1368522644043,528.8443,True
CAND_02522,Cr39.01Mo11.33Ni30.23W19.43,4,735.7573852539062,931.9719848632812,63.15134811401367,476.02759999999944,True
CAND_02523,Al16.18Co21.33Cr12.10Fe20.71Mn29.68,5,739.7664184570312,1196.2977294921875,57.89509963989258,447.83329999999995,True
CAND_02524,Al19.12Co23.75Cu30.93Fe26.20,4,697.04296875,1000.2987670898438,68.3882064819336,549.8947999999998,True
CAND_02525,Al9.20Co31.73Mo28.13Ni30.94,4,766.4038696289062,776.310546875,66.81974029541016,438.532,True
CAND_02526,Al27.11Cr7.04Ni27.14V23.84W14.87,5,951.8397216796875,1039.6068115234375,66.68236541748047,717.4313,True
CAND_02527,Al8.10Co38.05Ni28.06Ti6.73V10.95W8.11,6,1186.4947509765625,869.0096435546875,70.03173828125,499.00100000000003,True
CAND_02528,Cu26.43Mo39.54Ti16.36V17.67,4,1022.931884765625,886.872314453125,40.05585479736328,699.6300999999995,True
CAND_02529,Cu37.77Mn21.33Nb27.72Ni13.18,4,639.34033203125,956.42529296875,50.8218994140625,619.8498999999994,True
CAND_02530,Al19.41Co23.93Fe28.22Mn7.80Nb9.81Ni10.83,6,915.2311401367188,1025.5401611328125,59.62119674682617,507.02759999999984,True
CAND_02531,Co26.70Cr15.60V27.88W29.82,4,1037.6007080078125,1023.0152587890625,63.52214431762695,554.769,True
CAND_02532,Cu33.05Mo18.51Ti11.43W37.01,4,842.8035888671875,949.1211547851562,43.8994140625,689.1578999999995,True
CAND_02533,Cu8.26Fe37.02Mo9.06Ti28.04W17.62,5,932.9729614257812,1025.4791259765625,50.16167068481445,486.4162999999997,True
CAND_02534,Cr19.90Cu21.11Mn9.46Mo44.25W5.28,5,861.41259765625,916.3499145507812,40.65254592895508,690.1738999999998,True
CAND_02535,Al5.97Mo36.00Ti26.11V31.92,4,1014.9549560546875,701.879150390625,49.780155181884766,590.0458999999998,True
CAND_02536,Al11.09Cr19.36Cu26.60Nb42.95,4,1073.65234375,972.0786743164062,43.392642974853516,658.2479999999997,True
CAND_02537,Co26.85Cu7.56Nb12.92Ni17.36Ti35.31,5,758.0354614257812,771.53662109375,57.031089782714844,477.1079999999999,True
CAND_02538,Cr22.03Fe11.41Nb15.08Ni29.75V21.73,5,1342.3934326171875,1013.358642578125,62.86138916015625,460.7223999999995,True
CAND_02539,Al26.68Cu9.79Mn13.00Nb11.91Ni33.44Ti5.18,6,942.1553955078125,1202.507568359375,56.389434814453125,671.7333333333328,True
CAND_02540,Co18.06Cr14.92Fe21.08Mo22.74V23.20,5,1227.6619873046875,987.2030639648438,51.757503509521484,501.1384000000001,True
CAND_02541,Al7.96Co24.75Mo13.90Ni17.33Ti16.17V19.89,6,905.9790649414062,916.7045288085938,63.69594955444336,529.2816000000001,True
CAND_02542,Cr15.57Cu36.48Mn30.40Ni17.55,4,681.2855834960938,951.7022705078125,47.35007858276367,520.6486999999994,True
CAND_02543,Cu28.43Fe14.44Mo21.75V14.11W21.27,5,959.4175415039062,784.6377563476562,45.19343566894531,701.2128999999994,True
CAND_02544,Al36.44Fe25.19Nb6.82Ni10.58V20.97,5,1193.7640380859375,1044.8609619140625,45.1089973449707,721.3331666666667,True
CAND_02545,Co14.76Cu6.80Mn22.23Mo20.12Nb18.15Ti17.94,6,833.3480834960938,865.791748046875,48.02311325073242,558.4713999999999,True
CAND_02546,Cr11.87Cu44.02Mo13.61V30.50,4,1090.857177734375,919.1785278320312,47.37309265136719,693.3621999999993,True
CAND_02547,Fe16.34Mo21.49Ti26.49W35.68,4,901.8590087890625,761.425048828125,43.1575813293457,524.4186999999997,True
CAND_02548,Al7.94Cr17.35Mn28.01Ti33.86W12.84,5,927.7444458007812,772.8401489257812,45.639129638671875,524.2202999999998,True
CAND_02549,Co14.48Mn27.95Mo25.48Ti13.53V18.56,5,837.7314453125,909.46240234375,46.83847427368164,559.1639999999998,True
CAND_02550,Co23.50Cr11.60Cu11.51Mn31.18W22.21,5,454.99652099609375,1042.8974609375,66.93126678466797,550.2615,True
CAND_02551,Cr31.68Cu27.94Mo20.10Ti20.28,4,970.5232543945312,803.7698974609375,46.64451217651367,665.8238999999996,True
CAND_02552,Co37.73Nb13.50Ti10.34V38.43,4,968.8551635742188,1317.4395751953125,51.374393463134766,580.0959999999999,True
CAND_02553,Al15.81Co22.22Fe11.49Nb8.78W41.70,5,844.6349487304688,1176.2918701171875,53.81503677368164,555.0735999999998,True
CAND_02554,Nb19.50Ti34.40V25.67W20.43,4,935.4676513671875,908.9738159179688,46.573177337646484,561.7507999999998,True
CAND_02555,Co31.38Cu11.40Fe17.80Ni26.64W12.78,5,453.5141296386719,896.43896484375,75.0169448852539,517.5151999999999,True
CAND_02556,Al25.35Co12.51Cr22.71Nb23.38Ni16.05,5,1165.456298828125,1167.6881103515625,63.7595329284668,608.1073666666665,True
CAND_02557,Cr31.07Cu11.24Fe27.02V30.67,4,1318.695068359375,892.965087890625,61.153907775878906,521.1674999999997,True
CAND_02558,Co8.43Cr5.65Cu19.73Fe10.33Ti33.37V22.49,6,866.8596801757812,830.8392333984375,43.58006286621094,643.7395999999995,True
CAND_02559,Al42.10Nb8.86V25.14W23.90,4,1059.42822265625,1194.7227783203125,46.37339401245117,747.7905333333333,True
CAND_02560,Al7.89Cu11.29Mo16.53Nb15.40Ni18.92W29.97,6,907.1103515625,754.615478515625,68.417236328125,568.1495999999995,True
CAND_02561,Al9.96Mn22.67Ni7.05Ti31.38W28.94,5,818.3001708984375,1000.008056640625,47.58280563354492,539.3059,True
CAND_02562,Al9.38Cr10.24Cu25.46Fe19.57Mn23.83V11.52,6,1026.1512451171875,843.9178466796875,42.13035583496094,522.7140999999995,True
CAND_02563,Cr8.69Cu43.10Mo36.22Ti11.99,4,973.2042846679688,915.305908203125,41.37992858886719,686.6938999999994,True
CAND_02564,Co25.71Cu35.24Mn10.76Mo5.22Ni23.07,5,523.033935546875,896.5838012695312,72.94776916503906,551.8113999999997,True
CAND_02565,Cr24.07Fe23.10Mn23.01Mo19.54Ti10.28,5,897.3961791992188,992.6619873046875,45.52787399291992,484.35829999999993,True
CAND_02566,Al7.58Co22.09Fe31.44Nb18.64Ni14.25W6.00,6,796.969970703125,889.781982421875,59.77109146118164,468.5416666666665,True
CAND_02567,Cr9.44Nb37.65Ni15.21V25.36W12.34,5,1119.1190185546875,1088.5513916015625,50.96952438354492,553.5101999999996,True
CAND_02568,Al8.64Co19.70Cu13.16Mo43.75Nb14.75,5,886.7809448242188,854.4360961914062,56.1876106262207,621.9318999999999,True
CAND_02569,Al16.60Mn26.16Nb28.49V19.41W9.34,5,969.2899169921875,1124.276123046875,58.170352935791016,551.7206999999999,True
CAND_02570,Fe11.64Mn18.32Mo34.58Nb26.78Ni8.68,5,740.2099609375,904.9961547851562,46.83639144897461,602.8159999999998,True
CAND_02571,Co12.38Cr34.88Nb17.51Ni16.68W18.55,5,893.2264404296875,1019.520751953125,68.39522552490234,512.0805999999998,True
CAND_02572,Al23.20Cr29.27Cu19.68Mn17.29Ti10.56,5,1211.0523681640625,1140.203125,55.08829879760742,667.9200333333332,True
CAND_02573,Co11.88Cu8.62Mn36.05Nb26.92Ni11.48Ti5.05,6,772.435302734375,977.6101684570312,56.232730865478516,534.7820999999998,True
CAND_02574,Mn30.64Mo27.20Ni5.78Ti13.62V9.92W12.84,6,933.7020263671875,828.1959838867188,46.6355094909668,557.2365999999997,True
CAND_02575,Fe7.51Mo24.72Nb15.74Ti16.56V23.54W11.93,6,1220.9410400390625,1087.9205322265625,37.695796966552734,593.1966999999999,True
CAND_02576,Al20.28Cu38.84Mo11.26V29.62,4,1108.030517578125,979.5311889648438,55.35042190551758,659.0353999999995,True
CAND_02577,Co28.69Mo35.19Nb21.62V14.50,4,1146.0562744140625,861.2128295898438,62.991085052490234,590.2751,True
CAND_02578,Al29.62Cr29.26Nb17.81Ti23.31,4,1174.8494873046875,1226.3262939453125,62.191165924072266,743.3558999999998,True
CAND_02579,Al27.27Cu31.25Fe14.00Mo7.43Ni20.05,5,939.484375,989.6642456054688,64.37124633789062,779.1885333333337,True
CAND_02580,Cu41.04Mn18.25Nb29.46V11.25,4,789.1519165039062,949.1818237304688,46.336334228515625,662.6859999999995,True
CAND_02581,Fe42.53Mo23.27Ti19.42W14.78,4,974.749267578125,768.6814575195312,43.44954299926758,497.4063999999998,True
CAND_02582,Al40.47Co37.98Cr14.58Ni6.97,4,992.8646850585938,1150.7689208984375,64.38154602050781,785.9007333333333,True
CAND_02583,Mn22.34Mo28.41Ti18.71W30.54,4,798.1531372070312,840.0106811523438,44.56315231323242,556.6197999999998,True
CAND_02584,Co19.79Cr13.44Mn18.70Nb7.87Ti16.90V23.30,6,709.33056640625,1126.4632568359375,40.91549301147461,560.9632,True
CAND_02585,Cr15.19Mn7.38Mo8.97Nb14.64Ti21.87V31.95,6,1161.25244140625,1047.783447265625,42.50370407104492,570.4553999999998,True
CAND_02586,Al7.41Cr22.91Cu35.96Fe9.82V10.55W13.35,6,989.733154296875,809.872802734375,40.924198150634766,639.1545999999995,True
CAND_02587,Al22.10Co12.23Cr40.56Mn19.26Ni5.85,5,748.219970703125,1228.6990966796875,59.935176849365234,598.9244999999999,True
CAND_02588,Al5.65Co30.96Mn17.93Nb11.83Ni12.49Ti21.14,6,701.5120849609375,990.3093872070312,56.96001052856445,542.5515999999999,True
CAND_02589,Cr20.19Fe14.42Nb21.82Ti21.88V6.84W14.85,6,1115.7904052734375,1094.422607421875,50.41788864135742,562.6595999999998,True
CAND_02590,Co37.63Cu11.66Mo11.92Nb28.42Ni10.37,5,856.2679443359375,967.60302734375,71.20708465576172,611.2759999999998,True
CAND_02591,Co24.84Cu28.77Fe21.46Mo24.93,4,648.36865234375,882.5889892578125,65.39924621582031,587.6770999999998,True
CAND_02592,Al21.36Cu6.68Fe10.81Ni5.97Ti12.55W42.63,6,1078.421142578125,945.9552001953125,50.44987106323242,595.4485999999998,True
CAND_02593,Fe10.98Mo40.28Nb22.53Ni6.90W19.31,5,970.2147827148438,928.6128540039062,47.62778854370117,602.5022999999997,True
CAND_02594,Al10.88Co21.83Cr7.75Cu20.08Mo22.80Nb16.66,6,931.272216796875,950.0550537109375,57.855506896972656,672.0892999999999,True
CAND_02595,Al27.70Cu38.97Mo8.97Ni24.36,4,823.8652954101562,991.720703125,62.657310485839844,756.8804666666667,True
CAND_02596,Al29.35Ni27.05V32.30W11.30,4,875.5303344726562,1014.0695190429688,68.18140411376953,715.2810333333332,True
CAND_02597,Co18.19Cr6.21Mo9.93Nb36.21V29.46,5,1141.4691162109375,1099.1197509765625,59.645633697509766,566.796,True
CAND_02598,Al21.01Co25.91Cr35.12Nb10.18Ni7.78,5,961.5270385742188,1142.6107177734375,70.02389526367188,591.2965333333332,True
CAND_02599,Al10.96Co12.52Nb14.06Ti24.67V32.61W5.18,6,995.3496704101562,1109.384033203125,50.07632827758789,572.4517999999998,True
CAND_02600,Co24.88Cu8.47Fe20.90Nb12.52Ni33.23,5,651.5064697265625,887.0978393554688,71.23069763183594,382.1432,True
CAND_02601,Cu14.00Fe38.67Mn11.45Nb20.62Ti15.26,5,990.303466796875,948.5471801757812,47.46089553833008,521.9380999999996,True
CAND_02602,Al26.43Cu12.64Mn11.47Nb10.07Ni30.12Ti9.27,6,1176.4295654296875,1151.035888671875,51.18354797363281,680.4459333333325,True
CAND_02603,Cu22.72Fe30.59Mn11.95Ni9.62V25.12,5,875.9566040039062,995.6246337890625,46.143028259277344,561.7501999999993,True
CAND_02604,Al23.60Cu10.30Fe29.09Ni37.01,4,705.0768432617188,1056.8365478515625,61.28651809692383,540.4959999999994,True
CAND_02605,Cr19.84Fe42.77Ti16.96W20.43,4,806.0755615234375,965.7833862304688,47.3184700012207,491.07049999999975,True
CAND_02606,Co30.73Mo28.39Nb11.70Ti29.18,4,847.2838745117188,959.3595581054688,46.735408782958984,568.4137,True
CAND_02607,Al7.81Mo26.78Ni32.54V17.55W15.32,5,1085.1175537109375,738.4384765625,55.18060302734375,432.6333999999997,True
CAND_02608,Cr37.42Fe43.95Mn5.46Mo13.17,4,704.9766845703125,990.4947509765625,57.08898162841797,493.60359999999974,True
CAND_02609,Mo32.50Nb35.58Ni16.84W15.08,4,851.4633178710938,847.1090087890625,51.62297439575195,536.0655999999998,True
CAND_02610,Al5.39Cu25.69Fe35.48V33.44,4,921.3405151367188,1060.571044921875,44.564491271972656,541.4981999999995,True
CAND_02611,Co32.86Mn12.66Nb11.86Ni36.22W6.40,5,595.165283203125,1002.342529296875,63.41131591796875,403.7016000000001,True
CAND_02612,Co21.31Cr14.03Cu31.17Fe14.96Mo7.94Ti10.59,6,701.7147827148438,1006.025390625,48.03687286376953,602.0998,True
CAND_02613,Co31.08Fe7.67Mo23.40Ni37.85,4,700.781005859375,772.3054809570312,67.22203063964844,414.65680000000003,True
CAND_02614,Al27.87Cu33.35Ni21.52V17.26,4,907.7919311523438,1013.5701904296875,62.104713439941406,748.0760666666665,True
CAND_02615,Al8.74Fe8.68Nb21.74Ti41.87V7.75W11.22,6,1027.6796875,772.1436157226562,54.46121597290039,568.8437999999996,True
CAND_02616,Cr15.46Fe17.20Mn5.32Nb34.25Ni13.32V14.45,6,1210.4547119140625,953.5245361328125,44.62456130981445,514.8549999999998,True
CAND_02617,Co27.82Cu31.62Fe7.99Mn7.18Ni8.48W16.91,6,528.3163452148438,917.9293212890625,70.61141204833984,624.7019999999997,True
CAND_02618,Cu14.45Fe39.05Nb5.54Ti15.66V25.30,5,1085.05322265625,1151.3568115234375,38.84212112426758,529.9194999999996,True
CAND_02619,Fe18.62Mn8.31Ni15.27Ti9.17V26.67W21.96,6,1079.6048583984375,1091.3311767578125,43.842342376708984,511.7823999999996,True
CAND_02620,Co24.49Cr8.30Cu27.54Fe16.22Ti23.45,5,689.7109985351562,1021.1089477539062,56.0284423828125,556.1205999999997,True
CAND_02621,Al16.72Cr7.15Fe39.52Ti36.61,4,1046.6419677734375,708.8158569335938,48.134220123291016,471.19629999999967,True
CAND_02622,Cu30.01Fe10.70Mo10.58Ti15.86V32.85,5,1053.6141357421875,949.7906494140625,42.393028259277344,661.5419999999996,True
CAND_02623,Al9.12Co10.09Cr21.85Cu35.04Mn12.60Ti11.30,6,985.6355590820312,948.875,42.160892486572266,637.1955999999997,True
CAND_02624,Al20.48Cr7.73Nb16.00Ni17.68V17.48W20.63,6,1228.4376220703125,1114.4459228515625,55.47089767456055,542.1276666666665,True
CAND_02625,Fe39.51Mo19.22Nb16.11Ti13.80W11.36,5,1090.644287109375,1026.445556640625,45.055179595947266,504.38789999999983,True
CAND_02626,Mn11.42Mo6.58Nb19.61Ni27.34W35.05,5,676.6535034179688,971.3246459960938,55.97393035888672,493.80579999999975,True
CAND_02627,Cu8.90Mo19.33Nb20.07Ni24.78Ti12.71V14.21,6,1286.251220703125,622.5260620117188,51.12335968017578,553.4042999999999,True
CAND_02628,Co31.84Cu13.06Mn34.40Nb13.41W7.29,5,571.2700805664062,1045.6728515625,58.78098678588867,561.4794,True
CAND_02629,Al21.62Mo27.82Ni43.63W6.93,4,733.5743408203125,818.9078369140625,59.27397918701172,520.9946333333332,True
CAND_02630,Al8.55Co40.99Mn21.18Mo29.28,4,675.027587890625,965.2735595703125,58.3537483215332,576.3695,True
CAND_02631,Mn22.52Nb36.12Ti30.01W11.35,4,758.2159423828125,1028.9737548828125,46.1264762878418,544.4504999999999,True
CAND_02632,Al27.86Co24.12Cu17.94Ti5.11V12.67W12.30,6,1024.1422119140625,1035.0797119140625,63.38456344604492,783.2189333333334,True
CAND_02633,Cr28.30Cu18.61Nb44.38V8.71,4,1177.4039306640625,963.2379150390625,58.27009582519531,662.5289999999998,True
CAND_02634,Al9.06Cu18.83Mn22.53Mo12.93Ni22.81V13.84,6,978.7794189453125,703.144287109375,53.125328063964844,608.7815999999995,True
CAND_02635,Co42.57Cr22.39Cu23.61Nb11.43,4,779.3432006835938,1083.0970458984375,54.59226608276367,650.431,True
CAND_02636,Al16.57Cu12.05Mo15.15Nb17.15Ti29.29V9.79,6,1121.8162841796875,677.4022827148438,57.333011627197266,627.2671999999998,True
CAND_02637,Al9.02Cu9.70Fe23.86Ni22.10Ti24.23W11.09,6,939.9730224609375,910.1171875,57.454856872558594,492.0831666666663,True
CAND_02638,Co14.07Cr17.00Mo6.63Ni8.15Ti25.49V28.66,6,1073.40625,922.069091796875,47.073936462402344,562.5143999999998,True
CAND_02639,Cu20.46Fe12.92Mo13.27Ti33.23W20.12,5,814.99267578125,796.5322265625,44.54839324951172,682.5559999999997,True
CAND_02640,Al9.83Co24.65Cu14.09Fe19.14Mn6.88Ti25.41,6,745.0577392578125,1059.4630126953125,63.80075454711914,526.9425999999999,True
CAND_02641,Al19.25Co21.05Mn24.99Mo9.64W25.07,5,694.4509887695312,1167.172119140625,59.468265533447266,535.1617666666666,True
CAND_02642,Co14.30Cr16.06Cu19.78Mo27.04Nb11.43Ni11.39,6,968.1586303710938,795.4527587890625,38.73042678833008,693.7034999999995,True
CAND_02643,Al21.55Cr14.67Mn27.16Nb11.88Ti24.74,5,1077.897705078125,1207.0255126953125,44.8194465637207,553.8404999999999,True
CAND_02644,Al26.16Cr29.03Ni20.41Ti24.40,4,1249.279541015625,1060.7044677734375,61.81013107299805,685.3768333333329,True
CAND_02645,Al42.61Cu23.08Mn12.67Mo21.64,4,643.8128662109375,885.4345092773438,54.95595932006836,761.8659333333334,True
CAND_02646,Al32.56Cr20.52Mo21.07Nb15.79Ni10.06,5,1027.924560546875,1027.8419189453125,54.77119827270508,720.1235333333331,True
CAND_02647,Cu35.16Fe8.78V12.56W43.50,4,860.0051879882812,922.4014892578125,45.76331329345703,659.4179999999994,True
CAND_02648,Al18.42Co25.29Cr15.09Cu5.16Nb19.52V16.52,6,1322.177490234375,1101.43359375,61.876564025878906,561.6141333333331,True
CAND_02649,Cr9.47Cu41.89Ni21.16V5.50W21.98,5,899.473388671875,778.7235107421875,48.98419189453125,537.1385999999991,True
CAND_02650,Mn17.02Nb30.62Ti25.28V13.43W13.65,5,991.1490478515625,977.6039428710938,45.80026626586914,590.0075999999998,True
CAND_02651,Al9.50Cr15.50Cu18.83Mn18.49Ni37.68,5,686.1057739257812,873.3405151367188,44.64967346191406,474.4631999999992,True
CAND_02652,Al20.32Co28.17Cr7.09Mo10.62Ni16.58Ti17.22,6,1129.1346435546875,974.4364624023438,65.5340805053711,565.5276666666665,True
CAND_02653,Cr20.51Nb11.05Ni26.69V12.81W28.94,5,1214.3782958984375,912.1856079101562,44.845252990722656,505.0301999999997,True
CAND_02654,Cu6.16Mn14.60Nb19.98Ni22.77Ti9.84W26.65,6,1020.5074462890625,956.1757202148438,49.59498596191406,511.4317999999996,True
CAND_02655,Co18.51Fe27.15Mn12.98Mo8.00Ti33.36,5,699.1107177734375,798.9046020507812,53.015254974365234,464.0182999999998,True
CAND_02656,Co43.91Mn16.14Mo9.90Ti10.86V6.55W12.64,6,839.7609252929688,1111.18310546875,61.56161880493164,584.6598,True
CAND_02657,Al20.88Cr32.86Cu11.91Mo34.35,4,948.276123046875,880.9534912109375,60.488990783691406,622.7929999999998,True
CAND_02658,Al28.88Co17.51Cr16.07Cu28.77Ni8.77,5,918.129638671875,1018.0226440429688,60.516876220703125,715.0336666666666,True
CAND_02659,Co18.84Cu31.62Fe14.26Ni17.41Ti17.87,5,718.8329467773438,905.920166015625,53.918724060058594,531.3697999999996,True
CAND_02660,Al22.13Fe11.31Mn20.01Ni11.28Ti35.27,5,938.6204223632812,826.04931640625,48.11298751831055,613.2045333333332,True
CAND_02661,Cr22.67Fe9.97Nb23.34Ni44.02,4,877.3024291992188,977.6788940429688,60.33811569213867,445.40779999999955,True
CAND_02662,Mn8.19Mo23.14Ti24.06V34.76W9.85,5,1015.5772094726562,891.2960815429688,43.95302200317383,590.5618999999998,True
CAND_02663,Al5.86Co25.68Ni38.81V29.65,4,1019.1616821289062,909.1597900390625,78.51634979248047,390.536,True
CAND_02664,Cu27.92Mn23.96Ni19.99Ti28.13,4,787.4432983398438,903.3462524414062,43.636383056640625,525.6074999999993,True
CAND_02665,Cu12.93Mn18.79Mo10.98Ti13.34W43.96,5,771.4522705078125,981.065673828125,47.76999282836914,615.6909999999997,True
CAND_02666,Cr19.31Fe39.19Mo16.93Ni11.17Ti6.39V7.01,6,1141.670166015625,1026.0987548828125,50.73794174194336,503.50899999999973,True
CAND_02667,Cu18.54Fe9.99Ni12.64Ti42.16V16.67,5,893.751708984375,791.5648803710938,41.63153839111328,656.8115999999997,True
CAND_02668,Fe30.65Mo35.28Ni11.62V22.45,4,1058.0341796875,942.5902099609375,48.89167404174805,520.4563999999997,True
CAND_02669,Cu18.91Fe15.38Mn44.47W21.24,4,550.3968505859375,1070.43359375,44.69319534301758,569.2084999999995,True
CAND_02670,Co30.32Cu31.47Ti6.07V32.14,4,916.198486328125,1049.19677734375,62.873817443847656,634.5651999999999,True
CAND_02671,Co16.56Cr38.22Cu15.72Nb23.16W6.34,5,824.039794921875,915.0767211914062,67.90582275390625,618.0174000000001,True
CAND_02672,Al6.30Co15.46Ni40.08Ti38.16,4,815.4137573242188,615.121337890625,69.71994018554688,403.67739999999975,True
CAND_02673,Co8.12Nb8.52Ni38.78V44.58,4,1114.828857421875,976.5932006835938,56.39539337158203,400.21399999999966,True
CAND_02674,Al23.09Cr41.03Nb9.51Ni8.97V17.40,5,1387.199462890625,1208.429443359375,57.98933792114258,608.0936333333333,True
CAND_02675,Cr27.53Nb18.40Ti19.05V18.64W16.38,5,1132.40673828125,1115.996826171875,55.28805923461914,564.2073999999998,True
CAND_02676,Al17.10Co24.34Mn21.62Mo14.53Nb22.41,5,852.61474609375,901.7233276367188,67.83951568603516,560.7869999999999,True
CAND_02677,Al25.06Co6.41Fe26.36Mn29.88Mo12.29,5,659.1658325195312,1078.7647705078125,51.24557876586914,509.9327999999999,True
CAND_02678,Al20.65Co12.75Nb31.55Ti5.88V17.54W11.63,6,1150.02001953125,1167.1812744140625,56.80014419555664,597.9375999999999,True
CAND_02679,Al15.14Nb21.01Ti8.49V23.01W32.35,5,1146.8309326171875,1167.87451171875,53.08320236206055,579.4817999999998,True
CAND_02680,Co27.59Cr8.18Fe17.65Nb11.47Ni13.54Ti21.57,6,788.4561767578125,1055.4910888671875,46.264892578125,477.46479999999997,True
CAND_02681,Al7.75Cr20.66V30.84W40.75,4,1121.40380859375,997.2738647460938,49.06970977783203,569.9629999999999,True
CAND_02682,Cu27.80Fe15.57Mn24.01Mo20.04Ni6.57W6.01,6,644.3928833007812,955.1670532226562,46.721893310546875,593.0525999999995,True
CAND_02683,Al11.30Co36.48Cr14.69Nb6.24Ni13.32V17.97,6,1287.0823974609375,1158.252685546875,60.235084533691406,561.6745999999999,True
CAND_02684,Al26.09Cr6.88Fe28.49Mo14.84V23.70,5,1084.0029296875,918.243896484375,52.33143997192383,639.5765333333331,True
CAND_02685,Fe25.40Ni15.81V14.94W43.85,4,869.4700927734375,835.8101806640625,47.845523834228516,508.8839666666663,True
CAND_02686,Cr12.44Mo18.74Ni35.31Ti18.19V15.32,5,1439.698974609375,762.1080932617188,50.527992248535156,422.9327999999998,True
CAND_02687,Cr26.41Cu14.88Nb42.74Ti15.97,4,999.8926391601562,923.4630126953125,50.705963134765625,619.2917999999997,True
CAND_02688,Co33.05Nb19.36V13.03W34.56,4,959.4088134765625,1029.748046875,63.08945083618164,570.2257999999999,True
CAND_02689,Al9.28Fe14.85Mn7.55Ti24.51V24.83W18.98,6,1111.979248046875,1110.0252685546875,47.243656158447266,556.4969999999996,True
CAND_02690,Co17.99Mo41.95Nb34.15Ti5.91,4,882.9475708007812,951.5032348632812,52.460636138916016,589.2296,True
CAND_02691,Al12.47Co18.52Mn21.88Nb19.12V11.28W16.73,6,972.6539306640625,1148.23828125,60.90274429321289,540.5611,True
CAND_02692,Co29.16Fe19.85Mo38.82W12.17,4,701.5010375976562,1003.2435302734375,65.05704498291016,520.1111000000001,True
CAND_02693,Al16.34Cu29.92Fe28.48Mn25.26,4,603.3333129882812,1029.1259765625,52.5833625793457,510.83479999999946,True
CAND_02694,Al33.22Cr8.67Mo38.98Nb19.13,4,844.55615234375,877.1570434570312,53.50774002075195,713.5171999999999,True
CAND_02695,Cr28.23Mn39.13Ti23.63W9.01,4,888.7071533203125,1118.3785400390625,52.0833625793457,523.1564999999999,True
CAND_02696,Co35.25Cr8.68Cu22.66Ni33.41,4,634.1729736328125,961.0514526367188,71.23583221435547,470.77699999999976,True
CAND_02697,Al44.15Co12.25Cu12.40Mn11.61Mo8.75W10.84,6,833.4081420898438,1064.41650390625,61.95719528198242,751.3999333333334,True
CAND_02698,Al13.63Fe28.85Mn17.78Ni19.79Ti11.68W8.27,6,1087.21337890625,835.0298461914062,57.18196487426758,470.76116666666627,True
CAND_02699,Al28.14Cu17.20Fe9.58Mo9.23Ni19.44Ti16.41,6,1048.6781005859375,889.8974609375,64.89225769042969,779.2752333333333,True
CAND_02700,Al24.76Cu7.16Mo30.15Ni10.92Ti10.40V16.61,6,1004.020263671875,774.0048828125,49.60121536254883,658.5654,True
CAND_02701,Al5.29Fe12.19Ni39.68Ti33.44V9.40,5,1088.451416015625,558.1660766601562,57.41712951660156,417.54359999999957,True
CAND_02702,Co27.75Cr10.47Mn27.13Mo10.28Ti10.27W14.10,6,695.2737426757812,1106.814697265625,55.66778564453125,526.3661999999999,True
CAND_02703,Al13.20Cr21.45Cu12.12Fe13.73Ti31.49V8.01,6,1190.976806640625,857.236572265625,52.199588775634766,584.5817999999997,True
CAND_02704,Co24.71Cr7.76Mn11.86Ti14.97V25.96W14.74,6,835.7210693359375,1118.658203125,57.41886520385742,560.1396,True
CAND_02705,Cr18.93Cu29.94Mn35.35Ti15.78,4,916.2445068359375,1005.845947265625,39.1793212890625,595.3140999999996,True
CAND_02706,Al20.22Co7.02Cr6.73Cu24.50W41.53,5,831.1531372070312,1075.1759033203125,57.50142288208008,643.9099999999996,True
CAND_02707,Co18.56Cr15.33Cu25.50Mn31.47Ti9.14,5,696.4327392578125,1042.5419921875,47.37582015991211,592.7872999999998,True
CAND_02708,Al13.99Mn36.01Mo30.53Ti19.47,4,964.669189453125,733.1134033203125,49.12995529174805,548.2811999999998,True
CAND_02709,Al31.03Nb35.86Ni16.72Ti16.39,4,1111.38623046875,935.0000610351562,54.78901290893555,766.1919999999998,True
CAND_02710,Cu32.59Mn9.73Mo21.32Nb36.36,4,795.1589965820312,897.9182739257812,46.92912292480469,693.3347999999995,True
CAND_02711,Cr24.73Cu22.67Mn26.60Nb8.41Ni17.59,5,739.3502807617188,1009.2426147460938,33.2794303894043,565.9224999999996,True
CAND_02712,Al32.79Cu6.27Mn6.88Ni18.69Ti10.30W25.07,6,1015.8465576171875,1043.0823974609375,62.283870697021484,705.1916999999997,True
CAND_02713,Cu41.14Mn13.13Mo19.65Ni26.08,4,627.3939819335938,842.252685546875,49.415443420410156,576.4767999999991,True
CAND_02714,Cr16.55Fe7.10Ti37.46V31.19W7.70,5,1010.0572509765625,771.123291015625,40.21499252319336,553.7355999999997,True
CAND_02715,Co8.41Cu31.89V24.49W35.21,4,917.00830078125,1059.1396484375,54.34723663330078,646.8449999999995,True
CAND_02716,Cr28.75Cu26.58Ni12.58Ti32.09,4,875.4951171875,837.9628295898438,49.74058532714844,627.9977999999995,True
CAND_02717,Cr10.89Cu30.37Fe10.74Mo15.39Nb6.54Ni26.07,6,840.05908203125,782.1824951171875,39.26087951660156,570.2181999999992,True
CAND_02718,Al27.61Fe36.06Nb21.02W15.31,4,940.091796875,1047.8546142578125,50.62311935424805,710.8622,True
CAND_02719,Co29.90Fe20.93Nb14.19Ni22.02V12.96,5,1023.4451293945312,856.6270141601562,66.75,477.30866666666657,True
CAND_02720,Cr23.05Fe14.34Ti35.11W27.50,4,832.312744140625,911.0333251953125,47.63833236694336,544.8679999999997,True
CAND_02721,Al9.49Cu16.99Fe7.00Mn30.91Mo7.41W28.20,6,840.7008056640625,907.5037841796875,46.96406936645508,614.3870999999997,True
CAND_02722,Al18.23Co13.76Cu31.83Mo36.18,4,801.3665161132812,888.903076171875,62.78908920288086,682.8908999999995,True
CAND_02723,Cr10.30Mn39.78Mo32.38V17.54,4,1065.468017578125,930.6258544921875,45.437870025634766,555.5301999999998,True
CAND_02724,Co24.89Fe8.89Mn9.27Mo23.76V33.19,5,1035.8009033203125,1029.02734375,60.937889099121094,580.2078999999999,True
CAND_02725,Al5.46Cr23.96Mo8.97Nb15.37Ti39.27V6.97,6,1102.1064453125,848.1103515625,62.3060417175293,552.5703999999998,True
CAND_02726,Al36.02Fe17.43Mo21.77V24.78,4,909.0066528320312,973.5653076171875,48.856197357177734,717.1687333333332,True
CAND_02727,Cr6.79Mo22.53Ni41.60Ti20.79W8.29,5,1134.792724609375,656.6619873046875,52.2208251953125,431.13449999999983,True
CAND_02728,Cu30.52Ni39.04Ti19.14V11.30,4,1100.1424560546875,880.48974609375,52.962196350097656,439.15459999999905,True
CAND_02729,Al36.20Fe9.50Mo9.71W44.59,4,800.0083618164062,1092.511962890625,55.36703872680664,715.1599333333332,True
CAND_02730,Al18.89Co16.90Cr30.02V5.62W28.57,5,1197.6219482421875,1133.2371826171875,69.16913604736328,555.1812,True
CAND_02731,Al22.42Cr6.24Cu26.99Fe15.20Mo22.36W6.79,6,882.2786865234375,863.3258056640625,55.61385726928711,653.8938999999998,True
CAND_02732,Al18.14Cr34.49V38.64W8.73,4,1311.0419921875,1174.6512451171875,66.00353240966797,561.9932,True
CAND_02733,Co22.50Cu6.88Mn11.67Mo12.69Nb24.23Ti22.03,6,783.1722412109375,923.9278564453125,62.9471549987793,575.2672,True
CAND_02734,Co18.09Mn30.25Ti10.99V40.67,4,692.6746215820312,1080.7000732421875,51.74516677856445,534.9626999999999,True
CAND_02735,Al37.68Cr14.07Mo16.60Nb26.18Ti5.47,5,852.9683837890625,996.0819702148438,52.7784538269043,760.1149333333333,True
CAND_02736,Mn10.84Nb29.67Ni20.56Ti13.94W24.99,5,933.2619018554688,873.8887939453125,46.01913070678711,512.8191999999997,True
CAND_02737,Cr37.10Cu6.54Mn18.19Ni26.76V11.41,5,972.2470092773438,770.927001953125,62.607181549072266,504.6445999999997,True
CAND_02738,Al11.57Co40.35Mo17.98Nb30.10,4,819.0206298828125,943.6727905273438,64.43583679199219,599.7202,True
CAND_02739,Al5.79Fe17.78Mn32.78V15.84W27.81,5,839.4168701171875,1004.4808959960938,50.15034103393555,483.83869999999985,True
CAND_02740,Fe12.14Mn28.11Mo15.15Nb29.14Ni10.43W5.03,6,803.320068359375,887.9684448242188,48.04800796508789,561.7594999999998,True
CAND_02741,Co11.20Cu27.84Fe19.91Nb41.05,4,849.8668823242188,1072.612548828125,60.24104309082031,551.3305999999993,True
CAND_02742,Fe10.24Mo27.74Nb11.16Ni30.79Ti5.03W15.04,6,1001.1704711914062,905.4994506835938,37.17505645751953,457.93599999999975,True
CAND_02743,Al13.61Cr14.19Cu24.06Mo14.41Nb28.11V5.62,6,1119.6854248046875,762.1890258789062,56.14390182495117,711.4471999999996,True
CAND_02744,Al24.64Cu16.36Mn19.08Mo22.23Nb17.69,5,799.085693359375,885.9513549804688,54.7625617980957,702.2914666666665,True
CAND_02745,Co8.02Cu24.34Mn9.12Nb21.99Ni36.53,5,666.7808227539062,985.3026733398438,59.06395721435547,451.3041999999991,True
CAND_02746,Cr26.52Mn26.84Mo9.33Ti27.70W9.61,5,787.3544921875,1044.9853515625,49.73298263549805,526.4654999999999,True
CAND_02747,Al20.14Cr7.62Cu9.05Mn32.46Ni10.92V19.81,6,1040.0447998046875,1008.5775146484375,59.91252517700195,544.2100999999999,True
CAND_02748,Cu11.92Mn36.75Ti10.40W40.93,4,796.1286010742188,992.0963134765625,44.19855880737305,561.1134999999998,True
CAND_02749,Cr14.39Nb22.34V43.54W19.73,4,1164.5653076171875,1113.0174560546875,48.75883102416992,583.8803999999998,True
CAND_02750,Cr13.92Cu9.82Fe34.29Mo7.30Nb19.61Ti15.06,6,1100.1795654296875,850.0621948242188,50.98726272583008,500.3140999999997,True
CAND_02751,Co17.59Cr16.37Nb20.45Ti25.23V20.36,5,955.4392700195312,1151.41455078125,46.83076858520508,552.3260000000001,True
CAND_02752,Al14.27Nb11.02Ni41.16Ti16.34V17.21,5,1270.7010498046875,989.4671630859375,59.217803955078125,432.99999999999955,True
CAND_02753,Al43.13Cr12.65Fe23.52V20.70,4,1165.138427734375,1221.3115234375,51.942081451416016,706.3706000000001,True
CAND_02754,Cr42.53Fe15.81Mn25.70Mo15.96,4,690.8570556640625,1067.233154296875,58.22180938720703,504.2528999999999,True
CAND_02755,Cr30.38Cu14.77Fe5.56Ni19.59Ti20.70W9.00,6,1060.86474609375,926.3057250976562,51.34705352783203,566.3849999999996,True
CAND_02756,Al8.21Mn27.91Mo18.20Ni40.60Ti5.08,5,853.0538940429688,808.2363891601562,49.100242614746094,435.0715999999998,True
CAND_02757,Al6.76Cr31.28Cu15.90Fe20.97Nb18.99Ni6.10,6,1149.26318359375,887.112060546875,66.99681091308594,542.4063999999996,True
CAND_02758,Co41.46Nb13.64Ni31.22W13.68,4,734.3558959960938,981.2103271484375,67.38890838623047,448.6818,True
CAND_02759,Al31.91Cu11.83Mn15.73Mo10.99Ni16.86V12.68,6,1002.5811157226562,854.9813842773438,56.56522750854492,725.3154999999998,True
CAND_02760,Co17.97Mn20.21Ni27.53Ti23.71V10.58,5,921.1964111328125,887.0510864257812,54.224029541015625,470.60449999999986,True
CAND_02761,Al16.53Co15.61Cu8.58Mn14.95Ni12.59W31.74,6,698.1204223632812,1064.344970703125,64.70623779296875,561.2399999999998,True
CAND_02762,Al12.14Cu19.62Mn17.96Mo5.71Nb28.86W15.71,6,816.0335083007812,1091.24755859375,56.93008804321289,671.9617999999997,True
CAND_02763,Al20.09Fe16.95Mn12.71Nb21.30W28.95,5,975.4695434570312,1152.3648681640625,53.8238410949707,536.4093999999999,True
CAND_02764,Cr24.96Mn8.84Nb18.04Ti10.12V26.35W11.69,6,1094.8280029296875,1213.1212158203125,52.50682067871094,570.5809999999999,True
CAND_02765,Co12.53Mn15.79Mo29.65Ti20.11V21.92,5,944.968994140625,965.0396118164062,46.213748931884766,594.2218999999998,True
CAND_02766,Fe29.97Mn23.56Mo10.60Ti18.39V17.48,5,1041.17724609375,1029.6920166015625,46.7757453918457,465.83559999999983,True
CAND_02767,Al8.51Co20.40Mo19.55Nb19.42Ti7.39W24.73,6,769.2799682617188,969.55126953125,53.6592903137207,582.1437,True
CAND_02768,Cr12.48Cu12.18Mn23.40Nb26.22Ti18.50W7.22,6,860.0670166015625,1015.5454711914062,43.672298431396484,571.1414999999996,True
CAND_02769,Co17.60Cu27.69Mn42.05Nb12.66,4,684.2039794921875,1034.89404296875,52.53738021850586,597.9194999999996,True
CAND_02770,Co7.33Cu25.03Fe38.95Mn10.97Ti17.72,5,737.08203125,1033.850341796875,44.60523223876953,531.1813999999995,True
CAND_02771,Cu5.18Mn26.50Nb34.13W34.19,4,627.288330078125,1001.6062622070312,49.610774993896484,545.5184999999999,True
CAND_02772,Mo14.18Ni6.53Ti43.91V35.38,4,943.2169799804688,662.29638671875,49.1882209777832,580.2855999999998,True
CAND_02773,Al41.62Co14.14Nb34.90W9.34,4,899.4630737304688,1119.598876953125,61.051998138427734,777.1965333333334,True
CAND_02774,Al29.68Cu19.00Mo23.94Ti17.45W9.93,5,858.0849609375,733.017333984375,51.909732818603516,762.0691999999997,True
CAND_02775,Co35.62Fe29.34V9.13W25.91,4,802.4443359375,1005.4744262695312,59.15536880493164,527.8953999999999,True
CAND_02776,Cr8.86Mn13.58Ni20.42Ti26.71V20.54W9.89,6,1007.23583984375,924.4849853515625,52.075870513916016,496.09499999999963,True
CAND_02777,Co14.70Fe9.07Mn23.46Nb37.31W15.46,5,696.791015625,1043.5623779296875,51.95241165161133,546.3444999999999,True
CAND_02778,Co27.47Cu8.45Mn10.89Nb35.58W17.61,5,685.4788818359375,1004.7052612304688,72.80831146240234,557.6862,True
CAND_02779,Al7.06Co12.33Fe15.33Mn12.84Ni27.96V24.48,6,967.091796875,927.6946411132812,67.86805725097656,444.25919999999974,True
CAND_02780,Cr32.02Fe14.78Mn26.34Mo6.34Ti7.92W12.60,6,833.0196533203125,1163.8861083984375,55.46924591064453,518.7336999999999,True
CAND_02781,Co5.30Fe9.60Nb35.30V41.97W7.83,5,1096.3895263671875,1083.6090087890625,48.964237213134766,579.5511999999999,True
CAND_02782,Cu11.95Mo32.09Ni35.51Ti20.45,4,1080.100341796875,754.9759521484375,47.10984802246094,466.5343999999997,True
CAND_02783,Cr12.34Cu13.05Mo22.76Nb25.41W26.44,5,827.6200561523438,836.9639282226562,50.11575698852539,640.4635999999996,True
CAND_02784,Co41.31Cu9.64Nb8.95Ti33.37W6.73,5,737.0352172851562,855.9327392578125,51.31025314331055,580.118,True
CAND_02785,Cr17.00Fe6.67Mn12.53Ni28.33V35.47,5,1122.8992919921875,952.9299926757812,58.116920471191406,454.21739999999966,True
CAND_02786,Co12.60Mn21.42Nb24.51Ni6.43W35.04,5,613.1041259765625,1033.752197265625,54.17904281616211,563.8804999999998,True
CAND_02787,Cr31.94Cu21.75Mn34.95Ti11.36,4,944.393310546875,1069.3917236328125,42.64328384399414,599.2620999999997,True
CAND_02788,Cr17.61Cu14.59Mo25.69V26.21W15.90,5,1283.36669921875,924.9214477539062,45.02216720581055,640.5044999999998,True
CAND_02789,Al29.16Cr18.88Cu38.37Ni13.59,4,910.0889892578125,998.9085083007812,52.3357048034668,712.2732666666665,True
CAND_02790,Cr28.66Cu8.71Mn22.07Nb16.46Ni24.10,5,894.0432739257812,926.03125,65.40088653564453,515.3082999999998,True
CAND_02791,Co22.18Cu16.70Mo9.54Ti16.08V16.92W18.58,6,826.1407470703125,1042.5416259765625,57.09145736694336,662.9867999999999,True
CAND_02792,Cr18.89Mo44.85Nb10.75W25.51,4,939.4710083007812,971.4168701171875,37.15299987792969,594.2134999999998,True
CAND_02793,Al21.58Fe10.13Mn6.24Mo5.98Ni12.46V43.61,6,1138.580322265625,1090.9439697265625,56.75410079956055,599.5021999999998,True
CAND_02794,Co8.21Cr21.32Mn17.24Ni22.35Ti10.88W20.00,6,1032.9202880859375,1024.46923828125,52.59516906738281,509.4783999999997,True
CAND_02795,Cr5.55Mn37.91Nb8.60Ni17.03W30.91,5,693.6665649414062,975.532958984375,38.54288101196289,480.6208999999998,True
CAND_02796,Co25.37Cu21.43Fe11.71Mo19.60W21.89,5,678.8524169921875,937.640869140625,67.04891204833984,675.0346999999999,True
CAND_02797,Co13.43Cu6.49Fe13.55Nb33.24Ni11.65V21.64,6,1110.2052001953125,996.791259765625,55.80939865112305,566.4953999999998,True
CAND_02798,Co21.86Fe6.61Mo17.61Nb23.75V22.66W7.51,6,1168.9666748046875,1294.1143798828125,54.85416793823242,588.3234,True
CAND_02799,Co20.93Fe29.36Mo34.62Ni15.09,4,720.385986328125,894.3438720703125,54.00642776489258,494.23176666666666,True
CAND_02800,Al23.46Cu24.10Fe6.45Mo21.03Ni24.96,5,794.8203125,788.822021484375,56.21411895751953,668.3239666666666,True
CAND_02801,Al15.93Cr9.49Fe19.26Mo17.80Ni15.40Ti22.12,6,1185.595947265625,746.94140625,50.48964309692383,493.19409999999976,True
CAND_02802,Al24.86Cr21.60Mo22.04Ni21.55W9.95,5,998.1867065429688,953.0601196289062,58.05788040161133,589.4068333333331,True
CAND_02803,Al8.82Cr22.92Cu20.21Fe20.27Ti27.78,5,991.0748291015625,944.9935302734375,44.863861083984375,529.0125999999993,True
CAND_02804,Co11.58Cr16.96Cu6.91Mn39.94Mo24.61,5,739.15087890625,871.6878662109375,47.278255462646484,554.0663999999998,True
CAND_02805,Cr9.14Cu11.68Mn44.72Mo11.04V23.42,5,1048.1064453125,1008.9750366210938,52.327362060546875,561.2722999999999,True
CAND_02806,Al15.97Co20.34Fe15.51Ni26.16V6.49W15.53,6,901.1989135742188,1058.1351318359375,71.4735107421875,475.2517999999999,True
CAND_02807,Cr39.80Cu34.35Fe9.83Mn5.95Ni10.07,5,651.8375244140625,905.5902099609375,57.012638092041016,627.1931999999995,True
CAND_02808,Al15.82Co5.72Cu29.60Mn11.71Nb26.30V10.85,6,1104.9515380859375,980.2059936523438,53.3047981262207,668.2407999999995,True
CAND_02809,Cr14.52Fe22.44Mn23.61Mo30.52W8.91,5,702.2640380859375,881.677001953125,45.67380905151367,484.36849999999987,True
CAND_02810,Cr16.59Fe13.60Mn19.94Mo5.05Nb29.98W14.84,6,813.2669067382812,1137.476806640625,43.670169830322266,572.7841999999998,True
CAND_02811,Al12.21Co29.37Cu5.38Mo14.54Ni8.82W29.68,6,658.6214599609375,845.4706420898438,67.29190063476562,567.0117999999998,True
CAND_02812,Al34.67Co31.51Cr17.92Cu8.38Fe7.52,5,972.9054565429688,1005.7182006835938,63.75319290161133,750.5813333333333,True
CAND_02813,Co19.84Cu10.96Mn16.96Nb16.15Ni21.04Ti15.05,6,831.0908813476562,873.6363525390625,57.74961853027344,511.4781999999998,True
CAND_02814,Cr30.22Mo29.32Ni19.73Ti15.36V5.37,5,1202.4945068359375,671.28515625,57.47637176513672,534.2107,True
CAND_02815,Mo43.26Ni28.00Ti17.24W11.50,4,1081.08837890625,704.8545532226562,49.20062255859375,496.6079,True
CAND_02816,Co13.87Cr23.70Mn7.57Ni31.57V23.29,5,1039.60400390625,935.8540649414062,64.43571472167969,424.7237999999997,True
CAND_02817,Al33.49Co8.44Cu35.10Ni22.97,4,725.0628051757812,1024.14501953125,66.33563995361328,729.1782666666662,True
CAND_02818,Fe27.42Nb5.51Ni28.93W38.14,4,610.0016479492188,833.256591796875,49.61465835571289,449.18199999999956,True
CAND_02819,Cr26.21Fe22.18Mn6.61Mo20.61Nb14.78W9.61,6,1050.72607421875,938.71044921875,63.878997802734375,509.73019999999997,True
CAND_02820,Co18.96Cr24.31Ti6.74V30.94W19.05,5,1021.6602783203125,1082.2728271484375,59.405330657958984,555.6618000000001,True
CAND_02821,Cr12.56Mn42.92Nb31.58V12.94,4,1052.84716796875,1037.6641845703125,47.08638000488281,554.1758999999998,True
CAND_02822,Al42.78Fe8.00Ti19.09V30.13,4,1028.430419921875,1054.2132568359375,51.05855941772461,751.7099333333333,True
CAND_02823,Co9.99Cu21.05Mn14.29Mo21.99V32.68,5,1028.2633056640625,999.4682006835938,50.175865173339844,702.3420999999996,True
CAND_02824,Fe15.17Mo29.92Ni35.59Ti19.32,4,1090.8846435546875,687.641845703125,44.003273010253906,408.7577999999999,True
CAND_02825,Co16.95Cr12.20Cu40.69Nb17.06W13.10,5,802.01513671875,1004.68408203125,54.941253662109375,627.2083999999998,True
CAND_02826,Al44.72Cu28.58Mn19.14W7.56,4,614.782958984375,1083.3734130859375,51.42839431762695,756.5399333333334,True
CAND_02827,Mn33.67Mo8.88Nb17.00Ni22.65Ti17.80,5,1088.747314453125,865.2997436523438,46.7724609375,478.62939999999986,True
CAND_02828,Co7.59Mn23.27Mo22.22Ti13.99V32.93,5,856.6470336914062,952.4036254882812,43.909603118896484,561.3861999999998,True
CAND_02829,Al13.02Cr29.51Mn23.57Mo18.94Nb14.96,5,960.4757690429688,1133.4609375,60.73865509033203,566.7014999999998,True
CAND_02830,Al22.43Mn16.47Ti40.15W20.95,4,946.164794921875,908.75634765625,54.56644058227539,602.4061333333333,True
CAND_02831,Al5.65Co43.79Ti9.37W41.19,4,809.66552734375,1049.21826171875,65.4759521484375,578.1518,True
CAND_02832,Cu18.60Mn42.27Nb12.14V11.14W15.85,5,943.883056640625,1048.9398193359375,37.94071578979492,619.3408999999997,True
CAND_02833,Co28.86Cr14.60Mo31.41W25.13,4,736.7546997070312,901.472412109375,64.04782104492188,570.4961,True
CAND_02834,Cu22.47Mn30.16Mo18.43Ni17.23Ti11.71,5,886.7927856445312,886.7406005859375,42.074989318847656,596.8004999999995,True
CAND_02835,Al16.20Cu13.22Nb39.08V31.50,4,1223.79638671875,1032.5574951171875,56.53854751586914,615.9033999999997,True
CAND_02836,Al22.50Co10.05Nb15.43Ni24.39Ti22.45V5.18,6,1141.7183837890625,921.712646484375,66.09965515136719,597.5486333333331,True
CAND_02837,Fe17.02Ti44.42V6.14W32.42,4,910.29736328125,832.0891723632812,46.72365188598633,491.41059999999965,True
CAND_02838,Al26.09Mn16.05Ti21.91V18.19W17.76,5,1028.2271728515625,1089.0947265625,51.86130905151367,693.2495333333329,True
CAND_02839,Co16.90Mo16.68Nb13.39Ni37.23Ti15.80,5,944.8056030273438,746.5521850585938,46.720970153808594,429.4722000000001,True
CAND_02840,Cu24.66Mn26.86Mo17.55W30.93,4,590.22119140625,954.996337890625,50.086219787597656,645.4091999999996,True
CAND_02841,Co33.20Cu19.40Fe5.07Mn33.87Ni8.46,5,420.4881286621094,997.3485717773438,63.114479064941406,613.1261999999998,True
CAND_02842,Co7.76Fe24.40Nb23.20Ni17.72Ti26.92,5,922.556396484375,853.47265625,51.74068832397461,450.68376666666626,True
CAND_02843,Co5.95Cr9.09Cu11.04Fe43.13Mo21.08Nb9.71,6,872.683349609375,822.3276977539062,35.7055778503418,520.4086999999997,True
CAND_02844,Co35.15Cu18.19Mo9.15Nb7.80Ti20.85W8.86,6,859.794921875,1037.493896484375,47.37726593017578,659.5762000000001,True
CAND_02845,Al31.30Mn13.77Nb22.01Ni10.95V21.97,5,1077.27978515625,1054.6424560546875,55.66606521606445,747.8411333333332,True
CAND_02846,Co7.32Mn40.33Nb23.78Ni10.21Ti18.36,5,791.2711181640625,970.2784423828125,46.49089813232422,522.8500999999998,True
CAND_02847,Al29.15Co10.46Fe23.10Mn15.38V21.91,5,951.0491333007812,1173.0478515625,56.51262283325195,715.9318666666667,True
CAND_02848,Cr18.51Cu35.74Mn6.41Mo15.02Ti5.70V18.62,6,1260.546875,1001.2991333007812,40.04991149902344,684.8173999999996,True
CAND_02849,Al29.06Cr7.38Cu13.81Fe8.10Ti16.64W25.01,6,1161.488037109375,940.1587524414062,50.064823150634766,702.0967999999997,True
CAND_02850,Co15.35Fe21.86Mo11.72Ti25.52W25.55,5,800.8790893554688,943.3966064453125,55.0407600402832,491.7034999999998,True
CAND_02851,Al31.60Cr27.80Fe9.82Ti11.11W19.67,5,1160.3707275390625,1251.9866943359375,56.2888298034668,712.6539666666664,True
CAND_02852,Al12.22Co29.38Mn18.83Ni32.64Ti6.93,5,834.95654296875,1005.6170043945312,73.20508575439453,402.05459999999994,True
CAND_02853,Co14.18Cu6.98Mo31.11Nb21.69V26.04,5,1168.4718017578125,1047.0738525390625,53.60691452026367,600.6120999999997,True
CAND_02854,Al21.02Cr20.34Cu25.74Mo6.95V15.24W10.71,6,1286.95361328125,1074.601318359375,46.356605529785156,658.3867999999998,True
CAND_02855,Co14.09Cu8.11Mo26.87Ni25.35Ti25.58,5,940.6206665039062,693.2689819335938,53.262351989746094,524.6000999999999,True
CAND_02856,Co5.98Cr37.12Cu14.16Fe14.64Mo15.57V12.53,6,1166.6572265625,804.989013671875,57.66889190673828,627.7691999999997,True
CAND_02857,Fe31.00Mn44.83Ni9.09W15.08,4,504.7486877441406,919.041259765625,49.99859619140625,461.5769999999997,True
CAND_02858,Al28.60Cr16.23Cu5.34Mn8.44V13.96W27.43,6,1093.0804443359375,961.885986328125,48.33259201049805,691.9860666666665,True
CAND_02859,Co19.21Fe33.39Nb5.33Ni42.07,4,532.683349609375,850.4202880859375,58.5444450378418,381.1443999999999,True
CAND_02860,Al7.21Co25.53Cu18.11Mn15.84V26.18W7.13,6,894.6201171875,1116.8638916015625,71.71256256103516,641.9963999999999,True
CAND_02861,Al12.52Co10.86Mo28.88Nb10.92W36.82,5,767.0673828125,941.8501586914062,51.99284744262695,598.5164999999997,True
CAND_02862,Cr22.47Cu20.18Fe35.79Mn7.23V7.90W6.43,6,874.1787719726562,957.911865234375,42.46689224243164,536.9153999999994,True
CAND_02863,Co24.06Cr13.17Nb12.71Ti13.78W36.28,5,826.1516723632812,1068.280029296875,49.28837203979492,554.6427999999999,True
CAND_02864,Al40.75Cr16.11Mo11.84Ti23.74W7.56,5,993.7607421875,1010.25732421875,50.68046951293945,744.2418,True
CAND_02865,Al37.02Mn33.84Mo19.94W9.20,4,587.5391235351562,940.675048828125,52.59707260131836,681.7144333333332,True
CAND_02866,Al30.59Co38.96Nb14.32V16.13,4,1148.5235595703125,1253.632568359375,64.84797668457031,777.0774666666665,True
CAND_02867,Al7.86Cu21.86Mo31.67Nb20.38Ni6.74V11.49,6,1153.0413818359375,763.7341918945312,41.62138366699219,715.0608999999996,True
CAND_02868,Al23.45Co14.30Cu5.90Nb39.13V7.74W9.48,6,1170.79443359375,1033.2440185546875,64.91488647460938,617.9657333333332,True
CAND_02869,Cr19.98Mo20.97Ni12.08V20.86W26.11,5,1227.1077880859375,1113.5731201171875,48.767608642578125,595.1596999999997,True
CAND_02870,Co8.26Cr6.36Fe10.47Ti29.26V12.53W33.12,6,947.9530029296875,995.02783203125,43.91817092895508,576.7587999999997,True
CAND_02871,Co25.76Cr17.12Nb23.80Ni21.69V11.63,5,1079.515625,886.2900390625,66.46466827392578,473.7475,True
CAND_02872,Cu13.54Fe15.54Mo24.71V16.50W29.71,5,979.6990356445312,899.8118896484375,47.30569076538086,611.5830999999995,True
CAND_02873,Cr13.99Fe42.57Mn35.65W7.79,4,525.0020141601562,985.3074951171875,44.37131118774414,448.3861999999998,True
CAND_02874,Cr10.65Cu6.57Fe6.22Mn15.84V28.33W32.39,6,972.31396484375,979.9881591796875,49.331295013427734,572.6325999999998,True
CAND_02875,Al18.25Cr39.27Fe12.40Nb30.08,4,1181.044189453125,1217.340087890625,65.60591888427734,572.6481999999999,True
CAND_02876,Al38.37Co11.13Mn18.04Ni32.46,4,601.8970947265625,1080.1728515625,66.9053955078125,693.8592666666663,True
CAND_02877,Co12.72Cr16.70Fe25.69Mn29.94Mo8.36Nb6.59,6,824.8245849609375,908.1183471679688,38.51730728149414,455.9183999999998,True
CAND_02878,Al11.78Cu34.98Mn9.69Nb24.05W19.50,5,853.3657836914062,1040.362548828125,57.1865348815918,653.1819999999994,True
CAND_02879,Al11.98Cr8.44Fe23.06Nb14.88Ni24.02V17.62,6,1223.3836669921875,945.4044189453125,61.577606201171875,479.1151999999996,True
CAND_02880,Co6.13Fe22.45Mn27.49Nb10.73Ni33.20,5,717.6843872070312,917.081298828125,49.63760757446289,376.4239999999997,True
CAND_02881,Al24.38Cu6.66Mn27.02Nb34.37V7.57,5,973.1762084960938,1002.6337890625,61.13681411743164,577.8487666666665,True
CAND_02882,Al17.44Co18.77Fe14.07Ni14.80V28.00W6.92,6,1082.11669921875,1081.278564453125,61.299503326416016,525.253,True
CAND_02883,Al18.88Mo7.63Ni22.80Ti28.32V10.30W12.07,6,1156.3822021484375,891.2959594726562,60.0992431640625,540.8055999999999,True
CAND_02884,Al28.95Cu8.51Mo6.48Ni19.98Ti27.31W8.77,6,1037.285400390625,943.9515380859375,63.07223892211914,749.1294666666665,True
CAND_02885,Co12.38Cr12.69V41.01W33.92,4,1012.2860107421875,1054.052001953125,51.703121185302734,575.3311999999999,True
CAND_02886,Co13.94Fe23.64Nb27.21V25.91W9.30,5,1136.4898681640625,1132.9912109375,61.16312789916992,508.3738999999997,True
CAND_02887,Al41.80Mn19.70Mo26.50Ni12.00,4,592.9722900390625,785.3345947265625,49.54488754272461,754.4665333333334,True
CAND_02888,Mn6.00Nb40.38Ni13.34W40.28,4,763.9295654296875,962.7700805664062,53.52126693725586,565.3239999999996,True
CAND_02889,Cr28.40Cu12.03Fe20.43Mn39.14,4,645.9998779296875,985.010986328125,54.30140686035156,478.84139999999974,True
CAND_02890,Cr9.53Fe10.63Mo18.46Ni9.26V32.31W19.81,6,1190.9248046875,1092.9710693359375,45.332950592041016,593.1710999999997,True
CAND_02891,Cu43.44Ni15.36Ti8.98V32.22,4,963.4840698242188,910.4027099609375,46.918846130371094,627.1557999999992,True
CAND_02892,Co13.20Cr16.14Mn17.43Ti23.80V18.57W10.86,6,914.4325561523438,1128.10546875,47.125213623046875,573.1089999999999,True
CAND_02893,Co39.28Cr7.65Cu11.25Fe19.79Ni22.03,5,667.6529541015625,999.0018920898438,70.42365264892578,610.3585999999999,True
CAND_02894,Co20.40Cu6.70Mn8.53Mo10.25Ni24.80W29.32,6,557.9482421875,913.9590454101562,67.7580337524414,508.679,True
CAND_02895,Co23.47Cr26.40Ni15.89Ti15.58V13.17W5.49,6,925.0556640625,867.3732299804688,58.979766845703125,534.474,True
CAND_02896,Co8.61Cr21.05Cu19.48Mo10.86V40.00,5,1197.9705810546875,970.53271484375,45.75768280029297,656.6695999999997,True
CAND_02897,Mo30.47Ti20.09V9.37W40.07,4,985.5963134765625,775.3629760742188,49.05221939086914,591.3302999999999,True
CAND_02898,Co40.67Nb37.67Ni13.05Ti8.61,4,857.69921875,1061.6900634765625,61.397151947021484,566.7425999999998,True
CAND_02899,Co22.79Cr27.88Mn14.17Mo17.50V17.66,5,1210.5281982421875,1083.8953857421875,65.94346618652344,572.8609000000001,True
CAND_02900,Al5.60Cu16.88Fe12.70Mn16.56Ni41.88V6.38,6,917.3237915039062,840.8172607421875,58.917633056640625,489.4053999999992,True
CAND_02901,Co43.58Mo8.15Nb16.40Ni9.78V22.09,5,1133.6639404296875,1191.7578125,65.29013061523438,577.7898,True
CAND_02902,Co11.68Cu9.89Fe22.66Mn8.88Ti23.37W23.52,6,800.88134765625,1105.4580078125,57.89956283569336,509.6200999999997,True
CAND_02903,Al25.01Cu9.41Fe7.03Mn27.74Mo30.81,5,670.5897827148438,833.7632446289062,55.62087631225586,593.6042999999999,True
CAND_02904,Al19.89Cr19.49Cu7.44Mo17.06V15.52W20.60,6,1135.9874267578125,864.9591064453125,52.228919982910156,601.7757999999998,True
CAND_02905,Co16.27Fe43.82Nb13.77W26.14,4,745.8400268554688,903.5020751953125,43.61716842651367,474.6614999999998,True
CAND_02906,Nb16.00Ti12.82V39.94W31.24,4,1053.156982421875,1083.2156982421875,42.7297477722168,576.6877999999998,True
CAND_02907,Fe35.38Nb19.84Ti39.06W5.72,4,981.6569213867188,850.6917724609375,49.36964797973633,476.4754999999996,True
CAND_02908,Cu26.45Mo17.38Ni38.71V10.83W6.63,5,1051.17822265625,805.84033203125,57.11399841308594,492.47689999999943,True
CAND_02909,Al40.91Co6.49Fe9.00Mn34.66Mo8.94,5,742.0615234375,1109.405517578125,54.449710845947266,711.9895333333333,True
CAND_02910,Cr25.71Cu11.59Fe20.28Mn15.95Mo18.12Ni8.35,6,794.2041625976562,882.2953491210938,52.40534591674805,532.7115999999996,True
CAND_02911,Al18.39Cr15.80Fe25.38Mn17.84Ti22.59,5,1229.8111572265625,1021.2726440429688,47.526058197021484,510.3070999999998,True
CAND_02912,Co29.18Mn17.95Mo21.59Nb31.28,4,694.8959350585938,952.1202392578125,65.20191955566406,580.6715999999999,True
CAND_02913,Mo43.82Ni19.03Ti23.08W14.07,4,939.96142578125,804.8707275390625,55.67154312133789,527.6623999999999,True
CAND_02914,Al23.71Cu24.17Mo10.16Ni10.51Ti6.30W25.15,6,880.0001220703125,987.3533325195312,56.02547836303711,663.2975333333331,True
CAND_02915,Fe41.05Nb26.95Ni21.40W10.60,4,795.9739990234375,839.4788818359375,54.73304748535156,471.5171666666663,True
CAND_02916,Al35.54Co7.22Cr9.08Fe42.57Ni5.59,5,707.622314453125,947.3096313476562,46.9129524230957,647.8599333333333,True
CAND_02917,Al13.32Cr10.71Mo26.70Nb16.69Ti22.87V9.71,6,1130.236572265625,809.6284790039062,52.256595611572266,595.7416999999998,True
CAND_02918,Co30.79Fe24.55Nb12.24V32.42,4,1002.640625,1124.5030517578125,52.29417037963867,502.5904,True
CAND_02919,Co42.09Fe23.95Mn14.64Mo11.43W7.89,5,677.28173828125,1135.4322509765625,65.55901336669922,542.9927999999999,True
CAND_02920,Al5.85Cr21.87Fe15.72Nb19.48W37.08,5,1005.34228515625,1085.5777587890625,55.26417541503906,520.9585999999998,True
CAND_02921,Cr7.91Mo14.84Nb22.79Ni20.76W33.70,5,855.0746459960938,798.1846923828125,52.73348617553711,525.0772,True
CAND_02922,Co21.46Cu15.69Mo13.26Ni31.47Ti18.12,5,809.3623046875,801.8560180664062,60.04615783691406,502.8039999999999,True
CAND_02923,Al30.36Fe20.72Mn26.00V22.92,4,855.9434814453125,1139.1361083984375,56.69276809692383,668.1494666666667,True
CAND_02924,Al15.89Cr6.56Nb9.77Ti21.06V18.05W28.67,6,1151.9232177734375,1162.673828125,44.79506301879883,570.3815999999997,True
CAND_02925,Fe8.57Nb40.50Ni17.62V33.31,4,1196.3272705078125,943.6879272460938,50.2647819519043,510.00479999999976,True
CAND_02926,Al12.83Cu17.64Fe13.54Mn32.71V23.28,5,909.1286010742188,1103.4700927734375,52.78538131713867,616.6416999999997,True
CAND_02927,Al16.32Co22.73Cu7.91Mn20.43Ni19.48W13.13,6,637.5571899414062,1087.6094970703125,65.83609008789062,479.86629999999985,True
CAND_02928,Al18.34Co25.97Cr14.59Mo8.97Ti15.13W17.00,6,1221.3736572265625,1077.0067138671875,59.65576934814453,563.2805333333332,True
CAND_02929,Cr21.47Cu11.78Nb40.60Ni26.15,4,816.6331787109375,953.494384765625,54.18354034423828,544.7649999999995,True
CAND_02930,Fe11.64Mn12.41Ti34.01V41.94,4,896.3905639648438,802.8583374023438,43.76975631713867,563.8459999999998,True
CAND_02931,Al7.21Co18.84Mo14.13Nb40.89Ni18.93,5,958.4202880859375,773.1051025390625,79.58396911621094,504.626,True
CAND_02932,Cr27.48Mn14.20Mo11.00Nb5.75Ti41.57,5,948.5872802734375,903.122314453125,49.50649642944336,554.7681999999998,True
CAND_02933,Cr17.82Cu10.88Fe33.74Nb37.56,4,887.6810302734375,928.4443359375,57.64394760131836,515.6934999999996,True
CAND_02934,Co18.84Fe15.85Mn18.23Ti24.08V14.53W8.47,6,604.6528930664062,1024.2503662109375,50.068668365478516,527.4975999999998,True
CAND_02935,Cr27.98Cu37.28Fe7.92Nb7.21Ni19.61,5,877.945068359375,907.7391967773438,45.21950912475586,553.6253999999993,True
CAND_02936,Cr20.83Fe19.19Nb12.92Ni11.07Ti19.32V16.67,6,1215.4713134765625,1095.3258056640625,46.660255432128906,491.3801999999996,True
CAND_02937,Al5.20Co20.08Cr20.90Cu7.34Mn30.38V16.10,6,867.2423095703125,998.5248413085938,61.531349182128906,530.6914000000002,True
CAND_02938,Co25.81Cr41.10Cu27.06Ni6.03,4,577.856201171875,918.079833984375,72.17533874511719,623.3839999999999,True
CAND_02939,Al22.36Cr25.80Mo10.74Nb13.42Ni27.68,5,1175.7010498046875,1169.161865234375,60.231082916259766,574.0851333333333,True
CAND_02940,Al20.82Co7.63Fe15.90Mo12.43V26.54W16.68,6,1025.58056640625,1117.619384765625,55.50185012817383,567.5207999999998,True
CAND_02941,Fe28.63Mn13.40Ni21.86W36.11,4,574.475341796875,869.59912109375,52.820579528808594,479.52296666666626,True
CAND_02942,Co12.08Cr37.01Mo5.03Ni23.37Ti12.15W10.36,6,1023.6019287109375,877.8599243164062,58.004302978515625,519.7753999999998,True
CAND_02943,Al37.33Cu14.90Ni29.60W18.17,4,689.2086791992188,1066.0819091796875,61.31272888183594,682.3077999999996,True
CAND_02944,Cr27.23Fe26.87Mn37.02V8.88,4,821.657470703125,916.8880615234375,51.63037872314453,460.42219999999986,True
CAND_02945,Al8.26Co14.05Nb11.07Ni33.03W33.59,5,670.8587036132812,929.7453002929688,47.96990966796875,402.7691999999996,True
CAND_02946,Co16.86Cr5.96Cu28.40Ti15.00V17.71W16.07,6,859.5637817382812,1010.9874267578125,48.33209228515625,653.7637999999997,True
CAND_02947,Al5.71Fe28.62Mn9.74Ni32.21W23.72,5,491.0257568359375,764.7842407226562,56.09443283081055,409.19819999999953,True
CAND_02948,Al32.89Co10.77Mn12.13Ti14.93V29.28,5,1025.7811279296875,1009.275146484375,54.95994186401367,725.5909333333333,True
CAND_02949,Co22.78Cu29.18Mn9.05V38.99,4,830.7879638671875,994.6420288085938,67.0678482055664,638.1197999999997,True
CAND_02950,Al40.33Co15.00Cr10.18Cu7.01Ni7.99Ti19.49,6,1086.705810546875,990.4490966796875,58.23173141479492,736.5391333333333,True
CAND_02951,Co17.65Fe25.63Mo13.53Nb43.19,4,959.1424560546875,961.4959106445312,59.71091842651367,495.29889999999995,True
CAND_02952,Al29.81Cu9.37Mn27.54Ni33.28,4,588.4046020507812,1056.6304931640625,63.11289978027344,632.607133333333,True
CAND_02953,Cr7.72Mn39.24Ti6.37V30.24W16.43,5,911.99072265625,1050.28759765625,48.11777114868164,536.8892999999998,True
CAND_02954,Al15.01Cr9.21Mn43.32Ti32.46,4,1069.154296875,1028.841064453125,51.58885955810547,525.7778999999999,True
CAND_02955,Co10.05Mo31.61Nb39.57V18.77,4,1140.764404296875,966.8689575195312,49.17977523803711,603.6343999999998,True
CAND_02956,Al17.47Co22.59Mn15.03Mo19.60Nb15.93W9.38,6,941.3316650390625,1044.2972412109375,64.17987060546875,572.6342999999999,True
CAND_02957,Al15.39Fe20.83Mo9.49Nb23.69Ni30.60,5,896.6627807617188,937.8447875976562,63.46900177001953,447.0165999999995,True
CAND_02958,Co6.17Cr24.45Mo13.87Ni22.08V33.43,5,1164.6844482421875,896.1775512695312,56.190059661865234,530.8022999999998,True
CAND_02959,Al38.92Co8.75Cr15.41Nb11.48V14.14W11.30,6,1268.557861328125,1158.7373046875,46.71994400024414,728.9269333333332,True
CAND_02960,Cr18.76Mn11.87Nb12.62Ni21.59Ti15.43V19.73,6,1135.996826171875,957.6697998046875,45.08818054199219,505.1241999999997,True
CAND_02961,Al25.26Nb18.32Ni21.30Ti13.51W21.61,5,1124.8546142578125,871.4895629882812,56.30712890625,613.6209999999996,True
CAND_02962,Al12.19Cu7.61Mn12.70Nb40.18Ni27.32,5,764.8078002929688,969.0444946289062,62.96910095214844,494.62099999999964,True
CAND_02963,Cr30.80Cu13.72Fe16.51Nb18.03V20.94,5,1439.8153076171875,1086.397216796875,60.52186584472656,543.1259999999996,True
CAND_02964,Al27.44Cu9.71Mo27.40Ni8.12V27.33,5,897.5449829101562,811.0265502929688,56.207759857177734,759.9159333333334,True
CAND_02965,Al8.29Cr39.96Fe12.27Mn8.08Nb8.68V22.72,6,1328.30224609375,1131.2166748046875,52.0661735534668,570.2223999999998,True
CAND_02966,Co12.20Cr19.12Cu20.29Fe16.12Ni14.00W18.27,6,674.9081420898438,885.466552734375,50.92087173461914,572.5761999999995,True
CAND_02967,Al22.06Co13.23Fe21.48Mn27.88Nb5.22V10.13,6,1069.292724609375,1064.2860107421875,55.958431243896484,508.83606666666645,True
CAND_02968,Al9.59Co22.19Cu10.70Ni14.75Ti10.38V32.39,6,855.5885009765625,942.2227783203125,62.60740280151367,577.2127999999997,True
CAND_02969,Cr7.20Cu36.97Nb21.87Ti33.96,4,799.8268432617188,797.8623657226562,45.30541229248047,631.5443999999993,True
CAND_02970,Al8.41Co44.10Cu5.31Mn23.10Ni19.08,5,602.3193359375,876.6065673828125,64.21664428710938,537.0478,True
CAND_02971,Mn40.01Mo15.04Nb13.42Ni5.78Ti25.75,5,927.544921875,911.3961181640625,38.624237060546875,545.5337,True
CAND_02972,Al10.38Cu7.08Fe40.99Mn21.03Ni9.00W11.52,6,487.2383117675781,898.9168701171875,43.89101028442383,480.1511999999996,True
CAND_02973,Cr11.76Fe29.00Ni23.76V35.48,4,989.5117797851562,800.3064575195312,54.41002655029297,464.1973999999997,True
CAND_02974,Al17.64Co11.08Cu7.15Mo11.03Ni16.63V36.47,6,1212.7327880859375,1025.5162353515625,65.30885314941406,521.9337999999998,True
CAND_02975,Co25.10Cr30.81Cu16.14V27.95,4,1118.1239013671875,896.0047607421875,70.85867309570312,625.153,True
CAND_02976,Al24.41Cr28.98Mn7.12Ni26.02W13.47,5,883.4757690429688,1146.5821533203125,66.8770523071289,576.4698666666663,True
CAND_02977,Al16.60Co18.04Cr8.24Cu23.07Mn7.88Mo26.17,6,816.3727416992188,907.7078247070312,62.24625778198242,686.3561999999997,True
CAND_02978,Al25.62Cr12.38Fe19.08Mo8.55Ti23.82V10.55,6,1267.21826171875,1109.1658935546875,47.78010177612305,625.6386666666664,True
CAND_02979,Co16.68Mn12.19Ni28.58Ti19.29V23.26,5,1087.6611328125,918.6671142578125,62.95661926269531,451.56559999999996,True
CAND_02980,Co12.13Cr13.44Cu17.37Fe8.08Mo35.73Ti13.25,6,952.1060791015625,907.872314453125,39.36302185058594,712.7518999999996,True
CAND_02981,Fe12.90Mo24.31Ni18.65Ti36.31V7.83,5,937.5130004882812,593.4549560546875,53.94975662231445,521.366,True
CAND_02982,Co12.03Cu10.55Mo20.84Nb11.10Ni13.28W32.20,6,797.0857543945312,891.4619750976562,49.371463775634766,611.6512999999997,True
CAND_02983,Al12.12Co43.54Cu20.39Mo9.09Nb14.86,5,1010.6017456054688,1062.642822265625,69.24626922607422,665.5484000000001,True
CAND_02984,Al12.32Cr33.93Nb16.90Ni11.03Ti25.82,5,1184.1871337890625,1052.32568359375,64.32151794433594,564.4607999999998,True
CAND_02985,Co10.13Cr29.38Mo25.43Ti35.06,4,860.3882446289062,754.1952514648438,58.006324768066406,575.2421999999998,True
CAND_02986,Al37.86Mn27.71Nb18.71V15.72,4,958.5537719726562,1070.2158203125,57.1335334777832,691.3784333333332,True
CAND_02987,Cr21.92Nb22.58Ni26.72Ti28.78,4,1237.1639404296875,948.8383178710938,53.09931945800781,499.32079999999974,True
CAND_02988,Al10.91Fe10.52Mo8.41Ni39.13Ti31.03,5,1001.9320068359375,810.1708374023438,53.93939208984375,422.62139999999965,True
CAND_02989,Co10.35Cr14.40Fe23.06Mn24.15Nb11.43Ti16.61,6,817.8333740234375,1121.0018310546875,35.64761734008789,459.46219999999977,True
CAND_02990,Al13.72Fe6.01Mn27.59Mo25.22Nb21.68W5.78,6,824.1858520507812,878.5010986328125,52.098697662353516,569.6233999999998,True
CAND_02991,Al39.33Co12.46Ni26.90V21.31,4,837.3392944335938,1048.9189453125,70.7804183959961,732.8321666666665,True
CAND_02992,Fe10.79Mn24.77Nb43.70Ni20.74,4,810.1241455078125,917.4953002929688,49.61171340942383,490.13059999999973,True
CAND_02993,Fe25.24Mn29.86Mo14.45Nb24.41Ni6.04,5,786.1778564453125,959.0150756835938,49.99465560913086,481.2447999999999,True
CAND_02994,Co36.17Cu13.62V36.47W13.74,4,966.0557861328125,1160.710205078125,68.5184555053711,615.5422000000001,True
CAND_02995,Cr31.01Cu27.77Ni13.32V27.90,4,1138.135498046875,824.131103515625,54.187442779541016,636.0451999999995,True
CAND_02996,Al9.38Cr18.63Mn9.79Mo22.55Ni23.96W15.69,6,887.1167602539062,773.787353515625,52.317081451416016,529.5559999999998,True
CAND_02997,Al18.83Cu37.10Fe32.40V11.67,4,991.9666748046875,977.034423828125,45.61350631713867,557.0673999999993,True
CAND_02998,Al9.32Cr23.09Cu16.28Fe19.64Nb11.75W19.92,6,1195.666748046875,1066.7115478515625,43.22355651855469,546.2143999999994,True
CAND_02999,Cr28.64Fe14.54Mo41.72W15.10,4,871.0791015625,994.2279663085938,60.45894241333008,575.1614999999999,True
CAND_03000,Co22.65Cr12.20Mo29.67Ni28.71V6.77,5,1174.329833984375,858.43896484375,68.1145248413086,461.4031000000001,True
CAND_03001,Cr12.20Cu14.40Fe40.66Nb13.74V19.00,5,1170.4117431640625,979.3634643554688,41.944026947021484,524.1248999999996,True
CAND_03002,Al21.72Cr10.58Nb11.24Ni24.48Ti5.34V26.64,6,1291.1849365234375,1156.276611328125,57.59169006347656,543.7236999999997,True
CAND_03003,Al7.08Nb41.03V15.45W36.44,4,1067.3096923828125,969.2699584960938,53.462764739990234,588.1449999999998,True
CAND_03004,Cu10.73Mn11.73Mo18.48Nb21.42V37.64,5,1188.2119140625,1211.2584228515625,51.58369827270508,620.7978999999997,True
CAND_03005,Co6.64Fe17.10Mn27.16Nb10.22Ti22.13W16.75,6,847.1377563476562,1132.2703857421875,33.252567291259766,460.7940999999998,True
CAND_03006,Cr13.31Cu29.67Mn20.47Nb11.58Ti10.56V14.41,6,944.7381591796875,1034.22607421875,28.84965705871582,658.7766999999994,True
CAND_03007,Co11.82Cr42.18Cu12.20Fe11.92Mo9.43W12.45,6,691.1386108398438,916.3156127929688,61.674522399902344,599.7569999999997,True
CAND_03008,Cu13.74Mn25.05Mo10.18Nb7.02V44.01,5,1024.7498779296875,990.7147827148438,44.94777297973633,580.5202999999997,True
CAND_03009,Al8.13Co19.27Cu13.30Fe13.76Nb27.77V17.77,6,1109.9281005859375,1014.8877563476562,55.4907341003418,597.7689999999999,True
CAND_03010,Cu43.25Nb10.18Ni10.72W35.85,4,742.7750244140625,953.9163208007812,41.779563903808594,639.5481999999993,True
CAND_03011,Al29.93Mn6.09Nb6.11Ti32.96W24.91,5,923.6292724609375,1005.672119140625,49.120609283447266,710.6264666666665,True
CAND_03012,Fe24.91Ni28.66Ti15.61W30.82,4,1088.7921142578125,759.1307983398438,48.65061569213867,459.97479999999973,True
CAND_03013,Co18.79Cu8.59Nb21.91Ni25.63V9.88W15.20,6,1037.0440673828125,877.4779663085938,72.99919128417969,495.3009999999998,True
CAND_03014,Fe11.40Mn26.42Nb13.00Ni16.62W32.56,5,802.164306640625,992.080810546875,42.83109664916992,499.4906999999997,True
CAND_03015,Al26.27Cu19.14Fe11.72Nb17.47V25.40,5,1273.9569091796875,1172.103515625,51.29868698120117,738.8844666666664,True
CAND_03016,Cu15.55Fe40.17Nb16.82Ni27.46,4,698.859619140625,971.838623046875,55.902156829833984,524.6431999999996,True
CAND_03017,Mn18.35Mo29.19Nb32.83V12.20W7.43,5,888.6924438476562,826.5958251953125,46.84487533569336,615.1683999999998,True
CAND_03018,Al29.17Cr19.77Mo34.49Nb16.57,4,995.1470336914062,997.9612426757812,54.198974609375,727.7583999999998,True
CAND_03019,Al15.74Fe17.56Mn18.86Mo11.32Nb36.52,5,886.1596069335938,1071.473876953125,57.025333404541016,514.3225999999999,True
CAND_03020,Co23.05Mn17.22Nb13.57Ti21.60W24.56,5,764.5032958984375,1132.4530029296875,52.87856674194336,552.3067999999998,True
CAND_03021,Co14.01Cr21.27Cu23.61Ni19.91Ti6.82W14.38,6,779.8302612304688,961.669189453125,46.61305236816406,574.3083999999996,True
CAND_03022,Al7.01Cu19.27Fe26.87Mn34.09Ti12.76,5,913.3392944335938,900.4239501953125,45.12225341796875,516.4293999999996,True
CAND_03023,Co19.66Cu10.69Mn23.74Ti34.07V11.84,5,584.1533203125,800.3287353515625,58.55379104614258,541.3174999999999,True
CAND_03024,Al11.48Cu16.11Fe16.39Mn11.33Mo18.76V25.93,6,1026.433837890625,1022.5833129882812,50.08529281616211,629.4456999999996,True
CAND_03025,Cr15.36Cu10.31Mn25.20Mo7.44Nb26.64Ni15.05,6,857.3406372070312,945.1788330078125,52.308204650878906,541.0138999999998,True
CAND_03026,Cr38.19Cu16.13Ni28.90W16.78,4,679.1517333984375,904.8920288085938,57.349884033203125,556.6251999999992,True
CAND_03027,Co10.95Cr17.14Mn15.18Nb25.65Ni21.16W9.92,6,864.1360473632812,947.2274169921875,53.175804138183594,487.81839999999966,True
CAND_03028,Cu14.84Mn7.54Mo26.75Nb5.61Ni14.38Ti30.88,6,876.273681640625,719.8525390625,42.47542190551758,632.4468999999996,True
CAND_03029,Cr27.35Ti26.06V24.81W21.78,4,1095.230224609375,1021.5663452148438,51.96670913696289,562.8955999999998,True
CAND_03030,Cr32.80Cu18.52Mn42.85Mo5.83,4,696.9035034179688,1094.218017578125,50.629295349121094,603.7830999999998,True
CAND_03031,Al9.59Cu33.01Ti22.25W35.15,4,921.4976196289062,960.6724243164062,48.686439514160156,633.6953999999994,True
CAND_03032,Co34.04Cr32.04Cu7.34Mn19.11W7.47,5,479.2037048339844,1043.2391357421875,72.36149597167969,561.6094,True
CAND_03033,Al11.68Cr23.53Mn21.57Mo43.22,4,880.6681518554688,1030.0628662109375,56.35557174682617,573.5871999999998,True
CAND_03034,Cu23.70Mo14.54Nb23.01Ni7.46V21.98W9.31,6,1118.4552001953125,1031.6064453125,49.070411682128906,711.3615999999995,True
CAND_03035,Al24.52Cu11.07Mn17.41Nb8.89Ti18.64W19.47,6,1071.36474609375,1088.821044921875,51.032535552978516,639.9533333333331,True
CAND_03036,Al24.63Cu21.54Fe27.42Mo6.68Nb19.73,5,1123.6202392578125,1062.7481689453125,53.59254837036133,619.7947999999997,True
CAND_03037,Co26.36Cr10.76Ni29.26Ti12.53W21.09,5,908.435302734375,829.4212646484375,62.83730697631836,447.14239999999984,True
CAND_03038,Co17.41Cr36.07V35.81W10.71,4,1021.3606567382812,1010.0559692382812,68.22711944580078,553.8672,True
CAND_03039,Al30.79Co9.57Fe8.91Nb10.13Ni28.82V11.78,6,1101.3106689453125,1026.0352783203125,58.814605712890625,708.0751333333328,True
CAND_03040,Mn31.80Mo22.92Nb10.99Ti23.82W10.47,5,881.7881469726562,893.2486572265625,34.890743255615234,543.5351999999999,True
CAND_03041,Al33.77Fe25.90Nb8.75Ni14.34W17.24,5,1015.361572265625,1033.515869140625,48.01894760131836,696.2121666666666,True
CAND_03042,Fe21.13Mo18.36Ni43.90Ti16.61,4,1098.00146484375,672.15966796875,48.76327896118164,430.32109999999994,True
CAND_03043,Al5.08Mo43.35Nb18.98V32.59,4,1217.986328125,991.6981201171875,48.79877853393555,592.5440999999997,True
CAND_03044,Al15.80Mn33.29Nb11.03Ni6.12Ti14.31W19.45,6,1027.57080078125,1000.2703247070312,46.9127311706543,537.9170999999999,True
CAND_03045,Co12.82Cu18.60Fe44.81V23.77,4,843.2750244140625,1028.5804443359375,45.959434509277344,540.9792999999995,True
CAND_03046,Fe19.62Mn8.15Ni26.91V28.32W17.00,5,1014.5267333984375,915.866455078125,58.35608673095703,472.51359999999966,True
CAND_03047,Co20.62Mn33.34Ti15.92W30.12,4,542.1992797851562,1041.4608154296875,47.83771896362305,524.6303,True
CAND_03048,Al44.48Co8.75Fe13.54Mo21.81Ni11.42,5,711.84228515625,811.6596069335938,58.372615814208984,767.4232666666667,True
CAND_03049,Al24.82Co14.97Fe25.39Ni24.17V10.65,5,969.0313720703125,924.0203857421875,65.59223937988281,592.2362333333333,True
CAND_03050,Co21.59Cr22.59Mn16.24Mo20.47Ni11.06V8.05,6,1107.529052734375,982.6002197265625,61.996273040771484,560.3803,True
CAND_03051,Al24.90Co42.78Cu24.15Ti8.17,4,981.9668579101562,1097.4859619140625,67.42129516601562,727.5978,True
CAND_03052,Cu34.18Mn24.83Ni29.60Ti11.39,4,1002.4279174804688,964.3521728515625,47.24607849121094,471.1736999999991,True
CAND_03053,Al12.14Cr24.71Cu19.27Fe5.65Mn13.10W25.13,6,832.7457275390625,1051.261962890625,51.524105072021484,655.3733999999998,True
CAND_03054,Cr36.53Cu5.05Mo39.75Ti18.67,4,980.2625122070312,872.7839965820312,54.48843765258789,585.9805999999999,True
CAND_03055,Cr40.35Fe31.09Mo20.15Ni8.41,4,886.8876342773438,882.6033325195312,58.30610275268555,508.72829999999976,True
CAND_03056,Cu27.06Mo18.98Ni26.19V27.77,4,1103.3255615234375,987.4965209960938,53.610557556152344,588.2340999999993,True
CAND_03057,Cr22.03Cu26.96Fe8.33Mo21.10Nb13.50W8.08,6,1080.166015625,996.6116333007812,39.56122970581055,678.9046999999997,True
CAND_03058,Al17.20Cr5.25Fe23.55Mn14.10Ti31.21W8.69,6,1101.925537109375,1036.5609130859375,52.794620513916016,490.71069999999975,True
CAND_03059,Al28.72Cr8.67Cu19.40Mo7.91W35.30,5,902.36962890625,1038.712158203125,53.992130279541016,698.0892666666665,True
CAND_03060,Mn29.00Nb22.93Ti8.27V27.34W12.46,5,923.5848999023438,1056.1890869140625,48.334102630615234,547.4752999999998,True
CAND_03061,Cu12.43Fe17.69Mn31.18Mo22.30Ni16.40,5,677.630615234375,819.4708862304688,49.61455154418945,487.5911999999998,True
CAND_03062,Al10.15Cu29.11Fe10.40Nb31.07V8.70W10.57,6,1163.7777099609375,914.7874145507812,49.20497131347656,661.3101999999994,True
CAND_03063,Cu22.24Fe8.37Nb22.73Ti31.81W14.85,5,899.3925170898438,964.7794189453125,43.92436218261719,648.2783999999996,True
CAND_03064,Al36.45Fe31.73Ti26.55V5.27,4,1035.6649169921875,908.9563598632812,53.26582717895508,673.6413999999999,True
CAND_03065,Co11.01Cu18.95Fe27.33Mn10.67V32.04,5,870.7615966796875,1006.7699584960938,51.73439025878906,559.3210999999995,True
CAND_03066,Al9.07Cr30.69Fe27.44Mn17.21Nb15.59,5,1180.39501953125,918.6784057617188,61.02863311767578,495.6312999999998,True
CAND_03067,Co28.10Fe6.66Mn20.44V44.80,4,728.2686767578125,1061.5140380859375,64.49427032470703,549.7103,True
CAND_03068,Cu25.23Nb9.18Ni34.17W31.42,4,656.597900390625,983.93505859375,40.8870849609375,467.0141999999992,True
CAND_03069,Cr22.03Cu12.65Fe23.47Mn20.55Mo15.85V5.45,6,1018.6973876953125,814.4461059570312,50.2068977355957,536.7171999999997,True
CAND_03070,Al12.83Mo17.43Ni7.57Ti34.69V17.78W9.70,6,944.7117919921875,605.2214965820312,51.13436508178711,589.6562999999998,True
CAND_03071,Al12.25Cu15.64Fe29.08Mn9.00Nb24.44W9.59,6,929.2923583984375,953.9322509765625,51.43674087524414,563.0722999999996,True
CAND_03072,Cu12.63Mn42.11Mo16.42Ni10.13W18.71,5,690.3934936523438,871.6295166015625,51.75694274902344,584.8292999999996,True
CAND_03073,Cr9.77Fe9.76Mn17.16Ni24.47Ti9.35W29.49,6,1066.06591796875,954.125244140625,44.47178649902344,507.77239999999966,True
CAND_03074,Al30.51Co24.31Mn10.23Ni25.13W9.82,5,751.8543090820312,1029.7757568359375,76.65777587890625,781.9302666666666,True
CAND_03075,Al9.82Co36.35Cr27.21Fe15.01Ti11.61,5,958.2015380859375,1063.53125,60.85154724121094,546.0831999999999,True
CAND_03076,Cr36.61Fe17.49Nb9.03Ti36.87,4,953.8320922851562,932.9383544921875,46.56250762939453,477.78399999999976,True
CAND_03077,Al9.78Cr10.42Cu28.13Mn16.78Nb34.89,5,987.9825439453125,888.2050170898438,44.754638671875,659.3435999999995,True
CAND_03078,Co28.66Nb14.88Ti29.56V15.97W10.93,5,871.79150390625,1051.7713623046875,58.47431564331055,562.5593999999998,True
CAND_03079,Cr8.98Fe6.86Mo8.84Ni41.87W33.45,5,651.7267456054688,891.6957397460938,55.85145568847656,422.3863999999997,True
CAND_03080,Cr42.11Cu35.64Mn15.08W7.17,4,646.5578002929688,1006.1024169921875,56.40184020996094,631.7689999999996,True
CAND_03081,Al9.60Co24.98Cr38.07Ni19.25V8.10,5,1129.1441650390625,878.876953125,78.35946655273438,499.26839999999993,True
CAND_03082,Ni38.02Ti27.08V14.54W20.36,4,1151.6751708984375,830.8603515625,57.644989013671875,422.3943999999995,True
CAND_03083,Fe28.70Mn14.32Mo24.67Ti23.85V8.46,5,1048.7059326171875,889.7744140625,47.276485443115234,513.6171999999999,True
CAND_03084,Al32.00Co7.25Cu20.01Mn35.26Ni5.48,5,697.96826171875,1092.271728515625,56.106075286865234,671.8176333333332,True
CAND_03085,Co11.49Nb28.08Ni38.26W22.17,4,692.4683837890625,957.9054565429688,59.95594787597656,449.8275999999995,True
CAND_03086,Al20.97Cu34.54Mn17.61Ti26.88,4,961.171142578125,991.2903442382812,54.74766159057617,653.3519999999995,True
CAND_03087,Al9.25Cr27.14Mn17.07Mo21.75Ni24.79,5,919.865966796875,793.2003784179688,52.10511779785156,536.7314999999999,True
CAND_03088,Co22.25Cr38.06Cu8.56Nb31.13,4,765.9711303710938,1011.3696899414062,77.8482666015625,556.6258,True
CAND_03089,Al6.05Co5.17Fe7.52Mn32.21Ni35.86Ti13.19,6,970.0659790039062,758.6322021484375,54.82506561279297,405.9687999999997,True
CAND_03090,Al8.42Co32.25Mo17.00Ti8.30W34.03,5,744.778076171875,985.446044921875,61.492977142333984,583.54,True
CAND_03091,Al34.37Cr19.94Ti39.26W6.43,4,1068.447509765625,960.6417236328125,52.44921112060547,706.3111999999999,True
CAND_03092,Al25.93Cu23.96Mo11.88Ni23.10Ti6.64V8.49,6,854.04638671875,883.6449584960938,63.363677978515625,711.4089666666664,True
CAND_03093,Cu24.42Nb15.26Ni22.77Ti5.93V31.62,5,1099.3218994140625,956.7266235351562,50.462806701660156,576.6337999999994,True
CAND_03094,Cu38.86Nb28.08Ni10.54Ti22.52,4,870.4937133789062,930.1697998046875,46.637779235839844,633.2041999999992,True
CAND_03095,Cu18.64Fe40.60Ni21.08V19.68,4,883.4103393554688,929.448486328125,50.04754638671875,538.445766666666,True
CAND_03096,Al19.11Co6.98Cr9.36Mo17.26Nb6.47V40.82,6,1205.276611328125,1120.67626953125,46.771053314208984,591.2726999999999,True
CAND_03097,Al8.29Cr14.19Mn20.39Nb33.82V23.31,5,1015.828369140625,1169.7403564453125,47.21346664428711,578.7538999999998,True
CAND_03098,Al22.68Co22.31Fe6.11Mn11.85Mo27.44Ti9.61,6,886.9606323242188,908.6382446289062,55.3268928527832,631.4837666666666,True
CAND_03099,Cu20.27Mn18.61Mo20.40Nb40.72,4,687.9661254882812,951.4696044921875,47.292510986328125,709.5363999999997,True
CAND_03100,Co18.28Cr24.90Cu20.93Mn16.49Mo6.33Nb13.07,6,832.9002685546875,1068.2054443359375,55.189727783203125,626.9140000000001,True
CAND_03101,Cr24.75Fe5.50Mn8.72Nb10.46V28.09W22.48,6,1201.142333984375,1067.510009765625,50.2658805847168,567.6589999999998,True
CAND_03102,Al21.40Co29.69Mn10.34Mo17.95Nb10.29Ti10.33,6,939.1903686523438,940.5345458984375,54.002742767333984,622.9620999999999,True
CAND_03103,Al23.59Cu12.83Fe18.79Mn20.16Ni24.63,5,775.1627197265625,1070.1943359375,53.15552520751953,620.0130666666663,True
CAND_03104,Cr28.45Cu6.56Fe31.96Mn20.24W12.79,5,642.4388427734375,935.8167114257812,57.0843620300293,488.7131999999998,True
CAND_03105,Al33.80Fe6.34Mn26.08Ni33.78,4,568.921875,1059.0167236328125,58.563514709472656,652.6725999999998,True
CAND_03106,Al7.84Cr24.61Nb16.76V12.16W38.63,5,1201.66015625,919.2765502929688,53.21412658691406,578.3167999999998,True
CAND_03107,Cr11.69Cu31.64Fe20.92V35.75,4,967.3406372070312,943.613525390625,46.068077087402344,541.3327999999992,True
CAND_03108,Al23.30Cr9.23Cu26.58Fe14.03Ti10.66V16.20,6,1213.4598388671875,1042.9920654296875,45.23617935180664,672.5209333333331,True
CAND_03109,Co31.36Cr21.06V39.52W8.06,4,1053.7928466796875,1107.5479736328125,65.9606704711914,555.3992000000001,True
CAND_03110,Al13.89Nb29.31Ni15.41V41.39,4,1135.0831298828125,1022.0223388671875,58.77371597290039,557.7401999999996,True
CAND_03111,Co15.77Cr18.61Nb19.26Ni8.68V22.20W15.48,6,1193.343505859375,1076.3748779296875,53.89697265625,565.2171999999999,True
CAND_03112,Cr21.76Cu44.37Mo12.18Ti21.69,4,936.1565551757812,1004.1356811523438,38.74357604980469,646.9595999999997,True
CAND_03113,Cu10.44Fe14.95Mo9.30Ni30.50Ti9.40V25.41,6,1265.4737548828125,952.2998046875,60.3616943359375,452.5051999999995,True
CAND_03114,Co35.79Fe18.98Mn6.26Nb33.91V5.06,5,995.7005004882812,1082.8221435546875,65.59410858154297,540.9455999999999,True
CAND_03115,Co7.94Cr19.25Cu15.75Mo22.67Nb26.12W8.27,6,974.8375244140625,903.23779296875,49.18809509277344,679.4579999999996,True
CAND_03116,Al27.95Mo28.99Nb17.49V25.57,4,988.1934814453125,982.2638549804688,51.58529281616211,733.8128,True
CAND_03117,Al6.77Co19.25Cu16.09Nb37.97Ni19.92,5,890.5489501953125,878.2034912109375,69.13477325439453,548.1213999999998,True
CAND_03118,Co5.08Fe29.77Mn18.19Mo8.48Ni20.29V18.19,6,905.3056640625,888.9028930664062,56.2975959777832,461.0583666666663,True
CAND_03119,Al16.67Co28.06Cu7.07Mn5.87Mo36.69V5.64,6,944.916259765625,713.5761108398438,69.94463348388672,577.2434999999999,True
CAND_03120,Al15.84Cu12.56Fe7.44Mn22.79Ti7.01W34.36,6,794.3717651367188,1095.2177734375,52.54153823852539,582.4964999999996,True
CAND_03121,Co11.39Cu15.04Fe18.28Ni17.48Ti28.90W8.91,6,837.1145629882812,909.65283203125,52.27505111694336,478.8461999999994,True
CAND_03122,Cr36.14Fe23.96Ti18.77V21.13,4,1261.386962890625,1108.6854248046875,57.218467712402344,491.7606999999997,True
CAND_03123,Cr16.46Ni16.21Ti23.41V9.99W33.93,5,1051.8984375,1033.9727783203125,46.245216369628906,517.4841999999998,True
CAND_03124,Cu10.97Mo37.38Ni9.62V17.61W24.42,5,998.478759765625,781.4610595703125,54.36549758911133,619.1372999999996,True
CAND_03125,Al26.61Co19.56Fe21.42Mn6.26Nb26.15,5,996.16015625,1180.026123046875,60.87368392944336,732.7876000000003,True
CAND_03126,Al12.69Co20.17Cu11.68Mn6.08Mo37.01W12.37,6,683.4885864257812,848.2647705078125,61.079647064208984,611.7053,True
CAND_03127,Cu22.05Mn17.71Mo5.20Nb18.13Ti11.65W25.26,6,888.9554443359375,1104.9476318359375,41.55998229980469,660.9085999999996,True
CAND_03128,Al7.16Mo16.35Nb23.33Ni11.56W41.60,5,850.41259765625,751.4888916015625,57.16810989379883,594.3273999999997,True
CAND_03129,Al38.65Co19.43Fe13.50Mo7.55Nb10.68V10.19,6,1175.944091796875,1184.8697509765625,51.42124557495117,733.3130666666665,True
CAND_03130,Co5.85Cr24.47Mn42.70Mo21.66V5.32,5,999.77880859375,975.4269409179688,51.44590759277344,550.6071999999998,True
CAND_03131,Al28.55Mn27.31Ni18.52V25.62,4,820.01904296875,1045.5150146484375,60.37345504760742,682.8524333333332,True
CAND_03132,Al12.69Cu19.07Mo7.49Ni18.61V24.82W17.32,6,1136.1024169921875,1048.21337890625,59.14951705932617,603.4921999999995,True
CAND_03133,Al22.06Fe14.38Mn22.65Mo14.84Ni12.94V13.13,6,884.5025024414062,810.443603515625,55.527835845947266,591.4692999999999,True
CAND_03134,Al17.95Cr17.38Mo22.83Ni10.52W31.32,5,1019.058837890625,852.8159790039062,53.66493225097656,574.3538999999998,True
CAND_03135,Al31.85Mn29.34Ni22.00Ti16.81,4,1011.2217407226562,925.1840209960938,56.35578918457031,683.5560999999999,True
CAND_03136,Al9.31Co26.79Nb23.31W40.59,4,857.3177490234375,995.6240844726562,63.78407287597656,556.2482,True
CAND_03137,Al20.09Cr16.39Cu15.11Mn13.17Mo35.24,5,943.103271484375,740.409912109375,51.24928665161133,645.5986999999997,True
CAND_03138,Al19.12Cr36.12Fe23.15Mo21.61,4,1054.3243408203125,998.1902465820312,63.87202453613281,524.9083999999999,True
CAND_03139,Al37.99Cr37.74Nb10.98Ni13.29,4,1061.3382568359375,1226.1895751953125,62.18576431274414,706.8112,True
CAND_03140,Co38.14Fe13.88Mo15.74Ni13.14W19.10,5,775.7543334960938,962.0618286132812,67.99229431152344,573.4052999999999,True
CAND_03141,Co29.82Cu15.41Fe28.33Ni7.20V19.24,5,816.82763671875,1017.8861083984375,62.0208625793457,553.4273999999999,True
CAND_03142,Co39.54Cr13.72Mo14.77W31.97,4,750.76953125,1035.8092041015625,65.80888366699219,592.8371999999999,True
CAND_03143,Cr15.89Mn14.12Mo33.91Ti8.88V27.20,5,1255.0159912109375,1194.027587890625,40.93714904785156,595.6444999999998,True
CAND_03144,Co19.19Cr9.67Mn30.65V40.49,4,789.9005126953125,1070.58154296875,60.176509857177734,526.1426000000001,True
CAND_03145,Cu35.85Fe25.04Mn25.20Ti13.91,4,804.1478881835938,977.5474243164062,41.53587341308594,493.09919999999926,True
CAND_03146,Co15.95Cu6.94Mn20.22Mo36.00Ni20.89,5,640.3025512695312,786.5982666015625,51.274009704589844,506.3365000000001,True
CAND_03147,Co10.40Cr6.88Cu42.21Nb13.91Ni13.48Ti13.12,6,883.2684326171875,976.123291015625,43.104408264160156,639.7605999999993,True
CAND_03148,Al8.22Co23.26Fe16.82Mn13.40Ni31.57Ti6.73,6,752.132080078125,935.2472534179688,66.72523498535156,384.27,True
CAND_03149,Al12.72Co21.43Fe8.76Nb14.33Ti9.55W33.21,6,893.3919677734375,1216.544677734375,54.319705963134766,558.1747999999998,True
CAND_03150,Co30.72Cu6.96Mn27.42Nb34.90,4,558.3630981445312,1042.716552734375,66.18353271484375,529.1476000000001,True
CAND_03151,Cr16.13Fe17.09Mo21.06Ti21.44W24.28,5,1005.6749877929688,805.84033203125,38.21756362915039,506.66919999999976,True
CAND_03152,Co41.93Mn15.77Mo32.75Ni9.55,4,732.0048828125,942.9732666015625,66.90190124511719,585.9816999999999,True
CAND_03153,Cr41.92Mn15.86Ni30.75Ti11.47,4,1225.611572265625,954.5828247070312,56.779876708984375,463.6983999999994,True
CAND_03154,Mn9.20Mo5.05Nb36.60V29.29W19.86,5,1038.9901123046875,1082.7694091796875,51.80671310424805,579.9519999999999,True
CAND_03155,Cr43.14Cu7.19Mo14.96V34.71,4,1250.2652587890625,991.421142578125,63.199424743652344,587.8379999999999,True
CAND_03156,Co8.77Cr7.74Cu23.29Mo18.46Ni12.99Ti28.75,6,866.6845092773438,749.9751586914062,47.689781188964844,685.5624999999995,True
CAND_03157,Fe33.43Ni22.34Ti25.50V18.73,4,1137.88427734375,909.5061645507812,53.00603485107422,473.5184999999996,True
CAND_03158,Co14.68Cr34.16Cu17.02Mn16.74Nb5.29Ni12.11,6,790.036376953125,906.2099609375,58.616153717041016,648.2637999999998,True
CAND_03159,Co18.17Cr20.43Nb39.25V16.86W5.29,5,1179.531982421875,1132.246826171875,58.107208251953125,564.9856000000001,True
CAND_03160,Cu23.97Nb20.32Ti16.48W39.23,4,922.7152709960938,992.0573120117188,45.0167236328125,656.3225999999996,True
CAND_03161,Co12.46Cu8.21Fe9.98Nb13.97Ti44.41V10.97,6,946.837646484375,832.8092651367188,42.847660064697266,562.6187999999999,True
CAND_03162,Cr14.99Mo21.26Ni11.81Ti16.08W35.86,5,965.6586303710938,728.015869140625,43.86750411987305,594.5752999999997,True
CAND_03163,Al8.38Co19.72Mn16.02Mo12.99V14.81W28.08,6,868.1587524414062,796.9847412109375,60.7464485168457,590.1456,True
CAND_03164,Co30.87Cu11.28Mn29.31Ni28.54,4,435.676513671875,884.2569580078125,75.96641540527344,467.4958000000001,True
CAND_03165,Al36.55Cr9.76Cu20.00Fe18.06W15.63,5,911.5270385742188,1057.2037353515625,52.647159576416016,677.2181999999999,True
CAND_03166,Al21.49Co5.81Cr29.31Mn17.95Ni9.86W15.58,6,815.578857421875,1183.8001708984375,66.62873077392578,588.5288999999998,True
CAND_03167,Al9.74Cr30.09Ni29.82Ti30.35,4,1334.009765625,746.4506225585938,57.5334358215332,483.2033999999998,True
CAND_03168,Cu24.85Mn21.10V13.84W40.21,4,726.7410888671875,955.9031372070312,49.95690155029297,650.3280999999995,True
CAND_03169,Al29.51Mo30.73Ti24.20V15.56,4,789.90185546875,736.258056640625,49.7880744934082,750.6591333333331,True
CAND_03170,Al18.00Cr41.21V25.46W15.33,4,1299.393310546875,1208.9674072265625,63.21247863769531,559.3012,True
CAND_03171,Al28.92Cr19.06Cu7.90Mn27.48Mo16.64,5,770.12255859375,945.3927612304688,51.73944091796875,668.5152333333332,True
CAND_03172,Cr37.00Cu5.04Fe16.46Mn13.44Mo28.06,5,775.5556640625,971.9016723632812,59.8232421875,513.2500999999999,True
CAND_03173,Al25.38Cu8.90Mn18.02Mo20.05Nb13.99Ti13.66,6,954.8327026367188,680.1300048828125,51.58095169067383,676.8806666666665,True
CAND_03174,Cr24.93Fe11.83Mn16.46Mo12.89Nb9.25V24.64,6,1426.880859375,1186.1422119140625,50.95521545410156,593.6145999999998,True
CAND_03175,Cr38.94Nb33.98Ti5.94V21.14,4,1149.416015625,1211.528564453125,61.064598083496094,579.5461999999999,True
CAND_03176,Cr23.19Mo13.47Nb38.42Ti10.94W13.98,5,943.2647705078125,1095.367431640625,51.66873550415039,603.3161999999999,True
CAND_03177,Al24.85Co16.94Cr7.46Fe19.02Mo23.62Ti8.11,6,1077.587646484375,988.5606079101562,56.62251663208008,584.2397333333333,True
CAND_03178,Cr29.55Cu10.08Mn22.96Mo6.93V30.48,5,1007.3242797851562,1013.52099609375,65.29640197753906,560.1214999999997,True
CAND_03179,Al15.71Co17.19Fe15.72Nb6.42Ti32.29W12.67,6,1054.0712890625,1071.5264892578125,54.59904861450195,498.77239999999983,True
CAND_03180,Al12.23Co19.63Cr9.82Fe21.48W36.84,5,769.5687866210938,1161.8427734375,55.52865219116211,473.5211999999998,True
CAND_03181,Al22.12Cu28.51Fe16.89Ni5.45V27.03,5,1025.063720703125,1146.653564453125,52.83723068237305,624.5290666666663,True
CAND_03182,Co12.82Cr28.93Mn9.12Mo15.74Ni33.39,5,765.8649291992188,874.88232421875,62.65580368041992,439.9801999999997,True
CAND_03183,Co31.89Cr15.91Cu20.15Mo10.00Ti8.38W13.67,6,836.4813232421875,1006.4758911132812,60.36056900024414,633.9465999999999,True
CAND_03184,Mn24.74Ti16.96V30.36W27.94,4,867.4306640625,977.30859375,47.75228500366211,538.1592999999998,True
CAND_03185,Cu23.74Mn23.03Ni19.99Ti33.24,4,712.8145141601562,880.5880737304688,43.39488220214844,533.4280999999995,True
CAND_03186,Al23.80Mo28.36Ni14.59V17.70W15.55,5,957.326171875,774.3335571289062,53.534908294677734,621.0493333333333,True
CAND_03187,Al17.45Co16.13Cr27.46Mo19.71Ni10.46Ti8.79,6,1221.386474609375,993.0242919921875,63.30887985229492,557.9215,True
CAND_03188,Cr28.19Cu34.73Fe17.56Ti8.40V11.12,5,1083.3837890625,904.6011352539062,47.04325866699219,536.5993999999993,True
CAND_03189,Co29.30Cr17.29Nb11.83Ti30.68W10.90,5,757.7726440429688,1018.6901245117188,45.24142837524414,545.4814,True
CAND_03190,Al10.14Cr6.50Cu8.06Fe17.62Mn39.70V17.98,6,995.7525634765625,1054.2451171875,50.73940658569336,474.2496999999998,True
CAND_03191,Al11.74Cr10.44Nb36.65Ni10.36W30.81,5,921.8264770507812,1049.753662109375,54.86777114868164,570.8939999999998,True
CAND_03192,Al26.74Fe39.45Ti18.97V14.84,4,1005.2932739257812,965.3560791015625,46.7381706237793,711.9552666666666,True
CAND_03193,Co13.84Cu39.42Ni8.78V16.52W21.44,5,817.5117797851562,936.1198120117188,54.39204406738281,650.9267999999994,True
CAND_03194,Al16.15Cu13.39Mn18.92Mo16.44V26.37W8.73,6,882.53759765625,912.2786865234375,56.65865707397461,640.8921999999998,True
CAND_03195,Al14.69Co16.73Cu14.71Nb21.14Ni24.17V8.56,6,1104.15380859375,986.427734375,73.54662322998047,560.4617999999998,True
CAND_03196,Al27.09Co31.27Mo32.13Nb9.51,4,856.6357421875,841.3523559570312,59.43772506713867,792.1698666666671,True
CAND_03197,Al5.25Co33.44Ni29.97Ti31.34,4,800.0924072265625,752.4822998046875,69.52195739746094,444.57079999999996,True
CAND_03198,Al15.91Cr22.92Cu16.67Fe17.40Mn13.78Ti13.32,6,1268.8463134765625,929.2269287109375,48.611900329589844,566.7454999999997,True
CAND_03199,Co22.04Cr14.82Cu26.99Mo36.15,4,780.2413330078125,881.2745361328125,58.75212097167969,669.8384999999997,True
CAND_03200,Cu18.15Nb27.52Ti29.71V24.62,4,930.220458984375,1043.27880859375,41.50182342529297,662.3975999999997,True
CAND_03201,Cr6.04Cu13.21Ni5.74Ti19.41V14.66W40.94,6,1023.6171875,919.3898315429688,45.4515266418457,612.9197999999997,True
CAND_03202,Al8.43Co16.56Cu44.06Mo20.16V10.79,5,935.9305419921875,734.637939453125,46.63367462158203,677.6488999999997,True
CAND_03203,Al7.53Cr32.79Mo9.04Nb14.44Ni13.35V22.85,6,1352.5345458984375,998.0743408203125,65.6025619506836,566.3317999999998,True
CAND_03204,Co39.13Cr8.78Cu6.37Fe13.06Mo13.20V19.46,6,1068.258544921875,1173.8153076171875,68.16783905029297,592.303,True
CAND_03205,Mn22.30Mo18.35Ni25.59Ti28.74V5.02,5,1135.582275390625,604.3078002929688,46.961036682128906,505.62039999999996,True
CAND_03206,Al13.70Co19.59Cr23.46Nb12.12V31.13,5,1275.5489501953125,1193.0462646484375,60.60523986816406,553.9420000000001,True
CAND_03207,Al42.65Mo5.93Ni15.83Ti30.36V5.23,5,919.5785522460938,846.3323364257812,57.54471206665039,709.8757333333334,True
CAND_03208,Cr14.77Cu5.67Nb6.72Ni33.92Ti26.36V12.56,6,1335.8681640625,816.7731323242188,48.24213409423828,404.51279999999974,True
CAND_03209,Al9.64Mn26.28Ti22.26V41.82,4,948.5564575195312,1006.7801513671875,51.44411087036133,533.9252999999998,True
CAND_03210,Cr6.57Mn38.77Mo15.47Ni11.29V18.13W9.77,6,999.3793334960938,904.5790405273438,54.06937789916992,550.4402999999999,True
CAND_03211,Cr36.98Mo11.14Nb29.79Ti22.09,4,961.706787109375,1068.7840576171875,61.54561996459961,574.9525999999997,True
CAND_03212,Al19.67Co13.98Cu23.52Ni16.64V26.19,5,995.2108154296875,1015.310791015625,59.868167877197266,616.5611999999995,True
CAND_03213,Cu33.61Fe18.47Nb7.31Ti40.61,4,848.4888305664062,868.2528076171875,34.23918151855469,516.672599999999,True
CAND_03214,Cr8.57Nb20.12Ni34.36W36.95,4,712.050537109375,950.9998779296875,56.33465576171875,412.1203999999996,True
CAND_03215,Co6.95Mo5.17Nb28.82Ni9.91Ti12.46W36.69,6,862.6586303710938,962.8951416015625,45.406307220458984,575.6807999999999,True
CAND_03216,Cu18.63Mn29.83Nb26.08Ni11.23Ti14.23,5,824.0576782226562,972.2449951171875,41.69220733642578,607.3678999999995,True
CAND_03217,Al11.56Co22.44Cu5.05Fe13.63Ni38.53Ti8.79,6,768.4050903320312,1000.7780151367188,61.320281982421875,403.69540000000006,True
CAND_03218,Cr11.82Mn28.65Nb28.95Ni10.20Ti7.81W12.57,6,849.77001953125,1050.9910888671875,44.958248138427734,538.2220999999998,True
CAND_03219,Co17.53Mn32.07Mo18.76Ti31.64,4,623.2711181640625,813.482421875,48.12350082397461,538.2421999999999,True
CAND_03220,Al20.75Cu24.99Mo10.16Nb10.77Ti15.58W17.75,6,1096.50927734375,1035.1378173828125,51.20413589477539,663.3307999999998,True
CAND_03221,Co34.30Cu17.09Nb10.28V15.50W22.83,5,931.9509887695312,1130.3453369140625,57.73746109008789,663.7240000000002,True
CAND_03222,Mn29.20Mo25.01Ti35.89V9.90,4,836.30712890625,643.053955078125,46.71066665649414,542.0423999999999,True
CAND_03223,Cu16.24Mo35.85Ni42.15V5.76,4,1081.26416015625,775.06103515625,57.415931701660156,508.7093999999997,True
CAND_03224,Al10.77Cr26.31Ni39.14V10.25W13.53,5,1145.5333251953125,868.6201171875,55.90109634399414,438.5959999999997,True
CAND_03225,Fe17.26Mn35.30Mo13.24Ti11.42W22.78,5,840.5441284179688,965.7755737304688,40.44718551635742,481.17489999999987,True
CAND_03226,Cu7.52Mn33.57Nb5.59Ni29.34V9.48W14.50,6,956.47265625,837.654052734375,55.825775146484375,442.9128999999997,True
CAND_03227,Co22.84Cr28.88Cu6.89Mn14.12Nb15.77W11.50,6,772.673095703125,1064.508544921875,79.97787475585938,546.6892,True
CAND_03228,Al8.51Co29.79Fe41.12Mo20.58,4,651.8085327148438,885.8564453125,52.49301528930664,504.45730000000003,True
CAND_03229,Al34.83Cu8.56Mo24.92Ti26.15W5.54,5,813.815185546875,735.90185546875,55.2897834777832,722.2932,True
CAND_03230,Al33.99Co31.47Mn22.79V11.75,4,726.4907836914062,1086.6153564453125,65.8460464477539,739.4059666666666,True
CAND_03231,Co24.48Cu29.68Mo8.84Nb30.28Ni6.72,5,799.5069580078125,916.2261962890625,69.63424682617188,640.6749999999997,True
CAND_03232,Cr24.09Cu13.83Fe22.79Ni39.29,4,588.8201293945312,918.06494140625,54.61666488647461,469.9003999999994,True
CAND_03233,Cr18.76Mn15.19Nb25.00Ni18.61V22.44,5,1185.3480224609375,1022.9033203125,55.80465316772461,509.8471999999997,True
CAND_03234,Cu30.45Mo32.22Ni14.12Ti23.21,4,892.9287719726562,805.6290283203125,46.52887725830078,665.8222999999994,True
CAND_03235,Fe8.73Nb7.23Ni12.04Ti18.82V20.37W32.81,6,1081.2857666015625,1043.66650390625,34.33090591430664,566.8387999999997,True
CAND_03236,Co20.13Cr11.13Nb11.67Ni16.66Ti40.41,5,684.8164672851562,906.0806274414062,42.69072341918945,474.62639999999993,True
CAND_03237,Al21.49Fe19.47Mn19.69W39.35,4,675.7061157226562,1167.0198974609375,49.62839126586914,542.3475999999997,True
CAND_03238,Al10.46Fe11.62Mn34.25Mo26.03Nb17.64,5,941.1319580078125,954.3392333984375,42.43781661987305,558.5671999999997,True
CAND_03239,Al33.71Cr22.44Cu6.54Ni21.70W15.61,5,941.2815551757812,1073.322998046875,60.71462631225586,664.7704999999996,True
CAND_03240,Fe30.56Mo18.67V20.46W30.31,4,982.9603881835938,1212.9306640625,48.3251838684082,517.9398999999999,True
CAND_03241,Cr27.87Cu32.72Fe11.93Ti27.48,4,899.9435424804688,967.630859375,39.94264602661133,624.1243999999996,True
CAND_03242,Al6.86Cr13.72Mn26.28Mo18.76Ti15.48W18.90,6,989.5094604492188,844.6778564453125,48.778079986572266,559.5883999999996,True
CAND_03243,Co28.55Fe25.46Mn27.92Nb12.85W5.22,5,554.3056640625,1021.08935546875,51.88663864135742,467.6067999999999,True
CAND_03244,Co31.47Fe13.92Mn10.97Mo16.17Nb16.29Ni11.18,6,886.0892944335938,947.73828125,66.66040802001953,555.8408000000001,True
CAND_03245,Al8.74Co12.96Mn19.03Mo9.55Nb18.49W31.23,6,636.7471923828125,964.1802978515625,54.649288177490234,579.6661999999999,True
CAND_03246,Fe15.68Mo10.33Ni21.19Ti36.04W16.76,5,882.6248168945312,674.2754516601562,45.66187286376953,474.76459999999963,True
CAND_03247,Co16.61Mn20.62Ti38.21V24.56,4,716.1085815429688,878.2721557617188,50.78450393676758,546.3470999999998,True
CAND_03248,Cu5.13Mn22.94Mo25.04Nb19.55V27.34,5,1081.7154541015625,1013.36669921875,46.347530364990234,563.7675999999999,True
CAND_03249,Al21.61Co9.65Cu42.79Fe9.06Mn16.89,5,761.46728515625,1102.0216064453125,59.350154876708984,657.6809999999997,True
CAND_03250,Al37.19Co17.76Cr7.16Nb28.56Ti9.33,5,1099.399658203125,1225.0125732421875,58.23348617553711,750.1216,True
CAND_03251,Al38.57Fe39.67Ni13.67V8.09,4,796.6702270507812,1004.4238891601562,52.74520492553711,714.5831666666667,True
CAND_03252,Al7.79Co19.65Cr34.43Ni10.42V9.87W17.84,6,926.0601806640625,900.8942260742188,69.77916717529297,541.442,True
CAND_03253,Co35.38Mn27.56Ni11.43V13.86W11.77,5,731.8986206054688,969.6065063476562,67.53852844238281,541.7583999999999,True
CAND_03254,Cr10.69Fe18.11Mn6.69Mo22.43Nb24.38Ni17.70,6,982.0074462890625,881.0914916992188,49.51493453979492,458.7568,True
CAND_03255,Cr17.47Cu6.53Mn28.70Mo30.68Ni16.62,5,855.6392822265625,819.5936889648438,45.55304718017578,511.0222999999998,True
CAND_03256,Cr6.56Cu12.69Mn25.31Mo19.41Ti27.22W8.81,6,881.8474731445312,828.873291015625,44.356563568115234,579.4315999999998,True
CAND_03257,Al24.73Fe7.50Mo13.08Nb28.06Ti21.24V5.39,6,1064.04150390625,646.5772705078125,54.879878997802734,656.0591333333332,True
CAND_03258,Al5.18Cr16.95Fe12.97Nb17.78Ni19.31V27.81,6,1426.877685546875,960.5286254882812,53.94253921508789,499.9391999999997,True
CAND_03259,Al16.38Co12.59Mn21.74Mo32.44Ti16.85,5,882.5369262695312,790.28271484375,55.29838180541992,578.6511999999998,True
CAND_03260,Al21.21Co12.97Cr37.42Ni17.65W10.75,5,878.1344604492188,1170.3758544921875,66.48314666748047,545.2478666666665,True
CAND_03261,Co27.54Nb36.97V27.37W8.12,4,1029.34765625,1105.786376953125,66.51714324951172,562.2737999999999,True
CAND_03262,Co18.68Cr29.96Mn16.62Mo8.60W26.14,5,727.1223754882812,1014.8221435546875,71.29438781738281,551.6678,True
CAND_03263,Al19.65Cr9.30Nb8.16Ti23.09V12.06W27.74,6,1153.7763671875,1132.3134765625,38.542423248291016,588.5219999999999,True
CAND_03264,Al9.59Co6.53Cr18.25Cu10.36Fe43.78Mn11.49,6,688.8430786132812,799.4524536132812,45.75715637207031,494.46129999999965,True
CAND_03265,Mn37.15Ni30.73V24.96W7.16,4,970.273193359375,907.5377807617188,62.636024475097656,422.7269999999996,True
CAND_03266,Fe38.63Mn12.71Nb33.82Ni14.84,4,737.1015014648438,965.7579956054688,54.022945404052734,490.32796666666627,True
CAND_03267,Al13.94Co21.50Fe30.54Mn7.98Nb11.65W14.39,6,796.958251953125,1145.7144775390625,54.822811126708984,481.40919999999977,True
CAND_03268,Mo16.81Nb19.53Ni36.38W27.28,4,780.0764770507812,842.8430786132812,54.506370544433594,435.2106999999998,True
CAND_03269,Al22.09Fe41.65Mo21.32Ti14.94,4,964.3389892578125,563.9879760742188,45.47755813598633,553.8162,True
CAND_03270,Al20.76Co14.45Cu17.53Mn36.14Mo11.12,5,838.1346435546875,1014.7422485351562,61.77390670776367,609.4382999999998,True
CAND_03271,Al13.30Cu28.67Mo17.78V40.25,4,964.94287109375,955.7874755859375,52.52644729614258,701.0094999999994,True
CAND_03272,Al7.36Co18.56Cu25.90Ni18.28Ti18.13W11.77,6,780.308837890625,874.8142700195312,72.8293228149414,550.6939999999995,True
CAND_03273,Co32.77Cr6.18Cu15.09Mo19.31Nb8.33V18.32,6,1213.5928955078125,1114.326416015625,53.33723068237305,652.3630000000002,True
CAND_03274,Co5.68Fe6.78Nb33.56Ni29.38Ti6.45V18.15,6,1221.3302001953125,971.5427856445312,55.41893005371094,470.87839999999954,True
CAND_03275,Cu16.70Fe6.61Mn16.40Mo16.37Nb16.81V27.11,6,1268.7696533203125,1122.3692626953125,48.347286224365234,711.7115999999996,True
CAND_03276,Co25.12Fe41.89Nb17.65Ni15.34,4,695.3297119140625,899.0816650390625,62.47127151489258,470.4238666666665,True
CAND_03277,Fe25.33Mo14.87Ni16.34Ti10.28V26.80W6.38,6,1132.342529296875,1034.54833984375,44.676334381103516,512.7005666666665,True
CAND_03278,Al44.26Co7.90Fe5.77Ti11.73W30.34,5,1004.5145874023438,999.574462890625,49.98665237426758,752.7319333333334,True
CAND_03279,Co13.70Cr8.85Mn16.58Ni32.23Ti19.03W9.61,6,1030.7171630859375,943.5391235351562,53.35923767089844,402.2597999999997,True
CAND_03280,Cu24.45Fe16.36Ni5.71Ti33.67V19.81,5,856.2325439453125,886.8380126953125,40.765167236328125,589.3027999999996,True
CAND_03281,Al6.30Fe38.31Ni29.16Ti26.23,4,1132.48828125,720.4484252929688,61.79842758178711,430.7095999999996,True
CAND_03282,Al27.31Mo16.95Nb17.91Ni30.63W7.20,5,792.9191284179688,898.86767578125,59.95954895019531,723.6624666666665,True
CAND_03283,Co15.58Cr22.24Cu10.40Fe18.39Ni15.14W18.25,6,670.7736206054688,974.2760620117188,66.83710479736328,485.65239999999966,True
CAND_03284,Al18.09Co40.95Cr8.03Ti24.05W8.88,5,1120.5096435546875,1207.5963134765625,60.76280212402344,582.2998666666665,True
CAND_03285,Cr21.94Fe16.46Mn27.95Mo18.14V6.22W9.29,6,1080.4984130859375,1033.1246337890625,50.448795318603516,480.8730999999999,True
CAND_03286,Cr32.33Cu5.75Fe10.21Mo21.34Nb20.83Ti9.54,6,1088.1407470703125,987.6167602539062,56.98960494995117,592.7302999999999,True
CAND_03287,Al29.31Fe8.25Ni26.44V25.56W10.44,5,889.7705078125,1056.1905517578125,65.49553680419922,715.6272333333332,True
CAND_03288,Co12.53Cr15.16Fe17.79Nb21.69Ti17.14V15.69,6,1128.8677978515625,1031.6917724609375,42.69911575317383,517.1343999999997,True
CAND_03289,Al14.73Co24.85Cr28.25Fe25.11Nb7.06,5,938.741943359375,979.9813842773438,64.01393127441406,490.6198,True
CAND_03290,Al12.26Cr12.19Fe40.40W35.15,4,655.2833251953125,972.0892333984375,46.14186477661133,495.44769999999966,True
CAND_03291,Cu31.68Fe21.10Ti15.18W32.04,4,864.9818115234375,1010.58056640625,44.763023376464844,544.8483999999992,True
CAND_03292,Co9.53Ni44.18V20.62W25.67,4,964.3671875,1025.236328125,66.20514678955078,410.4231999999995,True
CAND_03293,Al23.78Fe23.95Mo13.30Ni23.28V15.69,5,1040.7587890625,732.375,62.75462341308594,608.052033333333,True
CAND_03294,Fe7.56Mn19.17V30.08W43.19,4,812.2261962890625,995.5602416992188,49.036563873291016,574.4731999999998,True
CAND_03295,Cr11.22Cu10.29Mn6.53Mo42.57Ti29.39,5,974.8717041015625,822.1641845703125,48.08669662475586,602.7386999999998,True
CAND_03296,Cr7.78Fe28.76Mo13.10Ti24.70V17.77W7.89,6,1140.308349609375,891.5797729492188,45.05599594116211,509.2762999999998,True
CAND_03297,Co24.64Cu19.05Mn17.14Ni19.07Ti20.10,5,712.9835815429688,922.38671875,68.50582885742188,568.5769999999995,True
CAND_03298,Cr11.02Cu38.02Fe5.13Mn28.89V16.94,5,877.5829467773438,994.1321411132812,45.337806701660156,609.5790999999994,True
CAND_03299,Cr5.87Mn42.89Ti31.91V19.33,4,877.1636962890625,1030.1512451171875,47.13023376464844,525.9460999999999,True
CAND_03300,Cu24.88Fe31.01Nb18.39Ti25.72,4,944.5491943359375,940.1685791015625,48.64826202392578,536.2699999999993,True
CAND_03301,Co23.93Cu14.07Fe26.20Mo6.07Nb16.45Ni13.28,6,810.1492309570312,931.6558837890625,67.17298126220703,526.6833999999999,True
CAND_03302,Co24.02Fe28.82Mn10.43Ti17.68W19.05,5,707.7489013671875,995.8469848632812,57.18168258666992,486.53439999999983,True
CAND_03303,Al32.94Mn35.56Mo8.06Nb23.44,4,852.995361328125,1077.2637939453125,55.79343032836914,704.1050999999999,True
CAND_03304,Co18.43Cu44.16Mn11.28W26.13,4,518.9595336914062,1011.4625854492188,62.97605895996094,628.2877999999997,True
CAND_03305,Co24.18Cu10.17Nb29.81Ni35.84,4,671.8936767578125,948.158447265625,76.60330963134766,466.9237999999998,True
CAND_03306,Co27.80Mn18.72Nb24.57Ti28.91,4,598.1621704101562,1041.666015625,60.06174087524414,556.0822,True
CAND_03307,Al31.40Cu7.48Nb30.35Ni7.59Ti23.18,5,1031.541748046875,1001.2650756835938,54.94379806518555,757.4585999999997,True
CAND_03308,Co35.85Cr12.79Mn11.76Mo24.14Ti6.06W9.40,6,929.7701416015625,1162.0318603515625,58.571372985839844,585.0393,True
CAND_03309,Cu13.27Fe25.99Mo16.17V38.41W6.16,5,1054.8463134765625,1020.767333984375,49.2533073425293,556.4768999999997,True
CAND_03310,Al26.99Cu31.76Fe10.69Nb11.82Ti6.38V12.36,6,1072.126220703125,1073.569091796875,44.99924087524414,771.2933333333334,True
CAND_03311,Cr11.51Fe22.18Mo16.46Nb5.48Ni19.86W24.51,6,920.6253662109375,732.5653686523438,48.14155197143555,483.9779666666667,True
CAND_03312,Co9.91Mo20.77Ni17.77Ti17.12V34.43,5,986.3255004882812,1011.897216796875,44.75362777709961,536.7333000000001,True
CAND_03313,Co9.38Mo25.34V22.61W42.67,4,956.9178466796875,955.2136840820312,51.27212142944336,593.8926999999999,True
CAND_03314,Al41.72Mo14.05Nb16.68V27.55,4,1002.9301147460938,963.8366088867188,56.13772201538086,754.4005333333333,True
CAND_03315,Co20.51Cr22.25Cu15.07Mn10.72Mo31.45,5,808.2759399414062,954.5277099609375,54.718894958496094,624.9489000000001,True
CAND_03316,Fe25.79Ti30.81V11.93W31.47,4,933.5299072265625,855.5693359375,43.27969741821289,510.1638999999997,True
CAND_03317,Co21.87Cu8.55Mn26.45V43.13,4,733.423828125,986.3823852539062,67.31039428710938,535.3503999999999,True
CAND_03318,Al23.25Co22.94Mo27.22V18.64W7.95,5,981.5946044921875,836.0001831054688,62.76615524291992,635.8496333333331,True
CAND_03319,Al23.40Fe5.14Mo24.61Nb12.98Ni33.87,5,906.5172119140625,866.7398071289062,54.204994201660156,542.0479333333333,True
CAND_03320,Co23.38Cr29.36Cu21.54Ti25.72,4,821.9158935546875,931.6447143554688,62.62110900878906,627.4585999999999,True
CAND_03321,Al10.02Mn29.07Nb18.68V42.23,4,1055.66455078125,1087.2647705078125,50.812129974365234,540.8226999999999,True
CAND_03322,Al16.38Cu17.32Mn12.20Mo23.97Ni15.81Ti14.32,6,1042.343505859375,571.186279296875,51.66244125366211,678.9110999999995,True
CAND_03323,Fe33.73Mn25.49Mo20.65W20.13,4,551.1454467773438,941.816650390625,47.07431411743164,470.77349999999984,True
CAND_03324,Al11.59Co43.02Cr19.26Cu16.68Fe9.45,5,919.7999877929688,970.826416015625,63.264896392822266,665.4686,True
CAND_03325,Cu15.12Mn9.52Mo44.69Ni12.48Ti10.54W7.65,6,960.9288330078125,894.4871215820312,46.4163932800293,658.5276999999996,True
CAND_03326,Al15.27Mn42.64Mo10.66Nb6.81W24.62,5,858.749267578125,1129.3096923828125,49.62309265136719,542.9142999999999,True
CAND_03327,Cu33.72Mn33.06Nb15.76W17.46,4,742.0482177734375,1058.32177734375,50.104148864746094,595.8430999999994,True
CAND_03328,Co13.36Mn18.58Mo7.49Nb20.86Ni11.27W28.44,6,586.682861328125,912.1844482421875,57.37050247192383,572.8541999999998,True
CAND_03329,Co27.83Cu14.04Ti19.04V39.09,4,850.623291015625,1029.32080078125,62.1671028137207,593.4984,True
CAND_03330,Al33.41Ni26.38V16.36W23.85,4,780.5853881835938,1001.13623046875,65.07410430908203,690.8773666666664,True
CAND_03331,Co16.33Fe13.27Mn35.30Mo23.09W12.01,5,604.3489379882812,883.2188720703125,51.61715316772461,539.2666,True
CAND_03332,Co22.23Mo31.16Ni23.70V15.98W6.93,5,1085.552490234375,772.0359497070312,66.12004089355469,536.8347000000002,True
CAND_03333,Cu21.32Mo21.99V33.16W23.53,4,1016.5589599609375,954.3945922851562,47.63653564453125,703.1580999999996,True
CAND_03334,Cu40.90Nb13.52Ni9.99W35.59,4,757.682373046875,942.3844604492188,46.20030975341797,638.1621999999993,True
CAND_03335,Co15.91Nb23.85Ni24.78W35.46,4,665.8294067382812,891.6221923828125,59.234100341796875,497.0681999999998,True
CAND_03336,Al22.96Fe18.65V21.80W36.59,4,988.2670288085938,1197.898193359375,51.08675765991211,566.1249333333332,True
CAND_03337,Fe29.21Nb18.21Ni21.48V8.13W22.97,5,1086.8839111328125,831.4461669921875,56.073211669921875,479.15516666666633,True
CAND_03338,Mn14.74Nb40.11Ni15.71W29.44,4,775.4661865234375,964.983154296875,53.05588150024414,538.2805999999996,True
CAND_03339,Co20.66Cu23.46Fe33.36Mo22.52,4,623.3461303710938,988.8070068359375,57.781105041503906,566.4372,True
CAND_03340,Co33.69Cr40.60Fe14.41Mo11.30,4,778.0242919921875,1164.1396484375,76.7215576171875,554.1044,True
CAND_03341,Cr18.38Cu5.56V36.61W39.45,4,1091.410888671875,970.8672485351562,50.860084533691406,571.6289999999999,True
CAND_03342,Co34.33Cr28.58Fe27.48Ni9.61,4,725.552001953125,897.7213745117188,66.66503143310547,514.7926,True
CAND_03343,Cr25.03Cu21.86Fe13.82Mn23.21V16.08,5,839.0059814453125,1017.5347290039062,44.62504959106445,615.4284999999998,True
CAND_03344,Al36.59Ni21.67Ti24.74W17.00,4,1001.8916015625,1010.8712768554688,58.784820556640625,708.896833333333,True
CAND_03345,Co17.40Mn16.77Mo15.29Nb22.85V5.17W22.52,6,1014.7649536132812,856.4649047851562,60.151126861572266,584.3095999999998,True
CAND_03346,Al27.54Cr30.73Cu26.02V15.71,4,1137.9124755859375,1021.1796875,56.05546569824219,764.6593666666666,True
CAND_03347,Co25.58Cu16.45Mo9.21Ti25.36V12.52W10.88,6,860.0155639648438,869.3995361328125,61.44647979736328,642.9792,True
CAND_03348,Co26.02Cu12.69Fe23.38Mn37.91,4,357.3289489746094,989.666015625,65.27305603027344,498.22459999999995,True
CAND_03349,Al19.49Co38.26Fe27.67Mn14.58,4,751.3057861328125,1101.2322998046875,59.72477340698242,557.0369333333333,True
CAND_03350,Cu11.87Fe34.35Mo23.00Nb30.78,4,880.2260131835938,911.4805297851562,53.55362319946289,538.2298999999997,True
CAND_03351,Co31.11Cu14.21Fe18.51Ni36.17,4,484.8526916503906,912.1979370117188,71.42314147949219,436.0935999999999,True
CAND_03352,Al7.62Fe15.75Mn6.86Mo23.36Ti22.43W23.98,6,972.9686889648438,688.5044555664062,49.306392669677734,542.3018999999997,True
CAND_03353,Co38.18Fe35.11Mn8.60V18.11,4,849.74169921875,1276.5738525390625,55.29666519165039,529.5631999999999,True
CAND_03354,Co21.35Mo11.06Nb18.54Ni31.94W17.11,5,793.0477294921875,999.2364501953125,68.84334564208984,402.6771999999998,True
CAND_03355,Mn33.89Ni14.79Ti36.68V14.64,4,784.4801635742188,700.0325317382812,48.957088470458984,517.9428999999998,True
CAND_03356,Al25.72Mn15.13Ni27.07W32.08,4,589.7972412109375,1059.2066650390625,62.78607940673828,629.9296333333331,True
CAND_03357,Al24.23Cu21.32Mn12.93Mo20.86V7.87W12.79,6,898.6259765625,839.8743896484375,54.61919021606445,705.7500666666664,True
CAND_03358,Al8.00Cu8.66Fe30.47Mo10.55Nb27.69Ti14.63,6,1107.8914794921875,809.4515991210938,57.5821647644043,511.84629999999976,True
CAND_03359,Fe21.83Mn8.30Mo26.54Nb12.84Ni20.71Ti9.78,6,1099.300048828125,832.0369873046875,42.18722915649414,498.2120666666668,True
CAND_03360,Co16.31Nb20.84Ni24.91V26.11W11.83,5,1129.2415771484375,1011.9481201171875,66.05409240722656,508.5479999999999,True
CAND_03361,Cu27.88Fe20.55Mn29.48Ti5.62W16.47,5,763.0791625976562,1103.995361328125,45.572608947753906,507.5263999999994,True
CAND_03362,Al8.78Cu29.48Mo37.05Nb11.11Ni6.66W6.92,6,851.5210571289062,883.224609375,40.11675262451172,690.3122999999996,True
CAND_03363,Co14.05Cr13.85Mo5.61V43.45W23.04,5,1015.081787109375,1062.39208984375,52.87119674682617,575.6143999999998,True
CAND_03364,Al27.05Co31.25Mn7.85Ti33.85,4,889.2522583007812,933.3704833984375,62.67863845825195,796.2732000000004,True
CAND_03365,Al10.88Mn28.46Nb44.32Ti16.34,4,976.8629150390625,1009.1692504882812,47.09737777709961,545.3470999999998,True
CAND_03366,Al24.06Co9.19Cr21.43Fe7.19W38.13,5,907.7528076171875,1225.4173583984375,56.59687805175781,613.2267666666665,True
CAND_03367,Al20.71Co28.95Mo13.79Nb17.32W19.23,5,886.0548706054688,874.15771484375,70.18328094482422,595.9045333333332,True
CAND_03368,Cu13.24Fe39.48V18.03W29.25,4,838.7034301757812,1094.05322265625,46.56052017211914,527.0024999999995,True
CAND_03369,Cr41.70Cu19.55Fe16.68Ti22.07,4,934.7117919921875,1045.31494140625,46.536155700683594,559.4003999999995,True
CAND_03370,Al33.39Co20.94Cu9.32V36.35,4,995.3511962890625,1142.1124267578125,68.2881851196289,743.0713999999999,True
CAND_03371,Cu15.28Fe21.12Mo25.89Nb29.84W7.87,5,939.9495849609375,866.4006958007812,52.81869888305664,575.9057999999995,True
CAND_03372,Co8.55Cu37.08Ni42.76W11.61,4,519.3397827148438,948.9381103515625,60.82581329345703,429.37659999999886,True
CAND_03373,Al13.81Cr30.68Fe21.19Mo22.45Ni11.87,5,1037.92236328125,895.415771484375,67.23189544677734,512.0063999999999,True
CAND_03374,Cr42.89Mn18.76Mo9.17Ni13.13Ti16.05,5,794.086181640625,958.107177734375,59.511512756347656,565.5511999999999,True
CAND_03375,Al10.96Cu25.76Fe9.13Mn41.04Ti13.11,5,970.4389038085938,960.4041137695312,46.060909271240234,606.4214999999996,True
CAND_03376,Al32.72Co13.75Cu14.62Mo6.42V32.49,5,1107.291015625,1070.897216796875,60.62423324584961,715.1898666666665,True
CAND_03377,Al6.95Co20.98Cr24.02Mn24.80Ni15.55W7.70,6,523.7376708984375,1075.1759033203125,60.50553894042969,492.74460000000005,True
CAND_03378,Cr15.54Fe25.50Mn14.11Nb31.47W13.38,5,854.5227661132812,934.90673828125,47.670597076416016,506.0710999999998,True
CAND_03379,Al31.77Co16.08Cu10.90Ti17.88W23.37,5,962.1534423828125,1078.937744140625,62.02811050415039,700.4279333333333,True
CAND_03380,Cu18.44Fe34.43Mn7.57Ni32.08W7.48,5,459.96142578125,913.0731811523438,52.08463668823242,466.58899999999903,True
CAND_03381,Al14.55Cu38.74Fe11.89Mo13.25Ti11.76W9.81,6,1009.6798095703125,794.5028076171875,52.553653717041016,701.5547999999993,True
CAND_03382,Al15.61Cu10.08Mo11.48Ni29.12V20.89W12.82,6,1101.8359375,945.2394409179688,71.02584075927734,493.56079999999946,True
CAND_03383,Al13.51Cr19.00Cu23.35Nb21.73Ni22.41,5,953.1853637695312,971.7991333007812,56.181610107421875,572.0025999999995,True
CAND_03384,Fe35.71Mn5.50Ti27.01V20.31W11.47,5,1030.4805908203125,1169.536865234375,44.85543441772461,491.6052999999997,True
CAND_03385,Cu16.07Mn13.95Ni13.51Ti10.76V36.91W8.80,6,986.3836059570312,952.5361938476562,45.82936477661133,654.1433999999996,True
CAND_03386,Mn15.46Mo9.47Ni18.44Ti11.64V31.00W13.99,6,1044.7392578125,881.7645263671875,53.85842514038086,518.1745999999998,True
CAND_03387,Cr23.68Fe20.50V11.85W43.97,4,1064.4317626953125,960.2294921875,57.921958923339844,500.3191999999998,True
CAND_03388,Nb19.40Ni37.79V13.34W29.47,4,1096.148193359375,888.8545532226562,60.30696105957031,422.08899999999954,True
CAND_03389,Co9.60Fe32.63Mn8.20Nb32.68W16.89,5,806.62451171875,981.0607299804688,59.23733901977539,500.18269999999967,True
CAND_03390,Cr13.02Fe27.30Mn27.22Ti13.44V19.02,5,1027.734375,1043.311767578125,44.1056022644043,469.8337999999998,True
CAND_03391,Fe37.75Mo13.18Nb8.50Ni24.95V15.62,5,1180.12841796875,941.22021484375,46.7934684753418,500.4305999999998,True
CAND_03392,Al17.13Co37.00Cr24.26Cu13.53Mn8.08,5,945.5594482421875,1041.9022216796875,63.80519485473633,607.4418000000002,True
CAND_03393,Cr16.29Mo16.64Nb20.87V9.53W36.67,5,1227.942626953125,892.6773071289062,49.90167999267578,595.0835999999997,True
CAND_03394,Al17.13Cu14.47Mo16.81Nb26.01Ni15.61Ti9.97,6,1108.2501220703125,809.1647338867188,53.79624557495117,615.6457999999997,True
CAND_03395,Cu12.68Nb25.03Ni25.55V13.18W23.56,5,1023.1845092773438,857.0635375976562,56.1265869140625,559.2635999999997,True
CAND_03396,Co10.52Cu30.51Mo20.87Ni21.73V16.37,5,987.93798828125,829.4679565429688,54.55396270751953,606.8178999999992,True
CAND_03397,Co7.10Cr39.62Nb13.39Ni39.89,4,814.5045776367188,962.94677734375,60.20207977294922,423.93799999999965,True
CAND_03398,Cu14.60Fe7.89Mn36.60Mo40.91,4,680.255615234375,863.712646484375,47.16938400268555,599.8657999999997,True
CAND_03399,Al29.29Cr26.67Cu17.27Mn10.28V11.11W5.38,6,1112.1209716796875,1024.9033203125,48.01591491699219,736.3800999999997,True
CAND_03400,Cu8.33Fe11.16Mn28.92Ni30.99Ti10.51V10.09,6,1147.94091796875,820.8458251953125,54.450714111328125,431.01799999999946,True
CAND_03401,Al14.68Co12.37Ni22.16Ti16.95V33.84,5,1098.2752685546875,934.8735961914062,66.9853744506836,503.1831999999997,True
CAND_03402,Cr21.27Ni34.76Ti17.31W26.66,4,1157.640869140625,906.3336791992188,49.52463150024414,431.6065999999996,True
CAND_03403,Cr25.50Cu14.49Mn16.01Ni17.32Ti26.68,5,901.1752319335938,905.4537963867188,43.52098846435547,556.2137999999995,True
CAND_03404,Al15.82Cr13.27Fe9.84Mn43.43Mo17.64,5,945.6636352539062,1037.7203369140625,50.776641845703125,560.4159999999997,True
CAND_03405,Al28.11Mn19.64V19.95W32.30,4,748.8616333007812,1122.0653076171875,51.70638656616211,708.3770666666666,True
CAND_03406,Co42.73Fe9.80Ni21.17V20.01W6.29,5,945.1468505859375,1118.57470703125,68.27648162841797,552.5233999999998,True
CAND_03407,Co17.81Fe26.07Ti25.98V30.14,4,858.1155395507812,920.439453125,49.45846939086914,483.5466999999998,True
CAND_03408,Al36.60Cr12.69Mo12.55Ni21.33Ti9.17W7.66,6,1066.97607421875,883.8978881835938,58.815467834472656,700.6620666666665,True
CAND_03409,Al41.07Co5.79Mn31.97Nb21.17,4,816.2406005859375,1116.301513671875,57.82320022583008,720.3305333333333,True
CAND_03410,Al7.93Cr37.63Cu15.24Fe17.22Nb8.16Ni13.82,6,956.943115234375,853.060302734375,49.96509552001953,532.8299999999997,True
CAND_03411,Al32.16Co16.37Mn19.79Ni20.96Ti10.72,5,921.0277099609375,1093.90869140625,51.248016357421875,740.3294333333332,True
CAND_03412,Cr11.49Fe24.14Ti36.54V27.83,4,944.3328857421875,810.629150390625,44.2457389831543,482.72509999999977,True
CAND_03413,Cu10.51Fe5.50Mo23.42Nb7.27V35.41W17.89,6,1217.6488037109375,1036.115966796875,40.8152961730957,612.4944999999998,True
CAND_03414,Cr18.06Cu26.60Mn23.38Nb17.22V5.98W8.76,6,1010.7467041015625,1023.962158203125,46.55718231201172,611.0050999999996,True
CAND_03415,Mn31.34Nb39.06Ni23.78V5.82,4,994.60302734375,794.9093017578125,58.190704345703125,486.61939999999976,True
CAND_03416,Al27.07Co9.63Cu13.40Fe26.92W22.98,5,766.7503051757812,1036.7462158203125,53.85367965698242,719.5726666666667,True
CAND_03417,Co14.15Mn12.04Nb21.74Ni22.09Ti8.19W21.79,6,837.7266845703125,930.4794311523438,54.160614013671875,496.95919999999967,True
CAND_03418,Co17.94Cr12.43Cu18.12Fe17.88V33.63,5,998.0264282226562,1018.1185302734375,51.699501037597656,539.4365999999999,True
CAND_03419,Cr16.54Cu25.32Fe12.95Ni20.08Ti13.38V11.73,6,1043.289306640625,818.72119140625,37.2704963684082,571.3435999999995,True
CAND_03420,Co6.95Cu7.82Nb28.00Ni18.09Ti39.14,5,827.8953857421875,774.66552734375,59.8570442199707,490.71179999999964,True
CAND_03421,Al20.51Cu20.97Mn25.13Mo33.39,4,666.7758178710938,859.5225219726562,53.15060043334961,654.9087999999998,True
CAND_03422,Cu16.16Mo22.11Ni28.52Ti6.07W27.14,5,808.89404296875,776.415283203125,50.787574768066406,563.5857999999995,True
CAND_03423,Al10.81Co13.32Cr22.17V25.38W28.32,5,1129.8370361328125,1159.7374267578125,49.429283142089844,570.4829999999998,True
CAND_03424,Al8.48Fe22.23Mn16.00Mo10.89Ni7.72V34.68,6,1086.7283935546875,966.5662231445312,51.933292388916016,507.6686999999997,True
CAND_03425,Co41.66Ni11.08Ti25.45W21.81,4,739.7648315429688,970.0406494140625,60.15213394165039,569.1383999999999,True
CAND_03426,Al15.06Mo41.90Ni6.38Ti15.63V21.03,5,1097.38623046875,815.1685791015625,49.41416549682617,599.8566999999998,True
CAND_03427,Cu8.07Mn13.72Mo9.80Nb19.45Ni25.51V23.45,6,1172.77197265625,967.9812622070312,64.37554168701172,505.1143999999998,True
CAND_03428,Co8.18Cu24.64Fe13.66Mn9.07Ni22.29W22.16,6,572.01611328125,908.8841552734375,52.00421905517578,557.2777999999993,True
CAND_03429,Al10.65Co22.45Cu9.36Mo31.08Nb26.46,5,821.582275390625,903.67724609375,60.008968353271484,595.0226,True
CAND_03430,Al29.71Cu42.93Nb5.77Ni21.59,4,888.6769409179688,1050.2313232421875,57.518890380859375,726.5340666666663,True
CAND_03431,Al34.65Cu13.29Fe34.87Ni8.96W8.23,5,789.047607421875,1013.2373657226562,52.38529586791992,679.2739666666665,True
CAND_03432,Al22.16Mn43.20Nb27.50W7.14,4,882.7860717773438,1126.169921875,56.22264099121094,565.4164999999999,True
CAND_03433,Cr25.06Cu9.10Mn12.55Mo19.30Nb26.46W7.53,6,896.572265625,1013.1116943359375,62.053218841552734,605.7481999999999,True
CAND_03434,Co27.42Cr20.44Nb42.09W10.05,4,804.5250854492188,1067.466064453125,69.54940795898438,555.2302000000001,True
CAND_03435,Mn23.32Mo27.07Ti10.50V28.40W10.71,5,958.3433227539062,1077.7760009765625,42.246761322021484,563.5241999999998,True
CAND_03436,Co5.38Cu25.61Mo24.01V14.38W30.62,5,897.4090576171875,790.8955078125,49.31121063232422,711.2178999999995,True
CAND_03437,Co20.87Cu6.21Mn14.86Ni21.46W36.60,5,561.020263671875,937.015380859375,64.32133483886719,485.3079999999999,True
CAND_03438,Cu22.82Mo41.19V12.95W23.04,4,961.5850219726562,781.3163452148438,47.08929443359375,715.4168999999996,True
CAND_03439,Al26.58Mo31.14Ti16.36V12.89W13.03,5,924.5361328125,661.6241455078125,47.4442024230957,737.0275333333333,True
CAND_03440,Co19.48Fe11.93Ni14.05Ti44.41V10.13,5,740.84619140625,749.879638671875,50.93612289428711,535.4089999999999,True
CAND_03441,Cr21.68Fe24.57Ni10.98Ti25.67W17.10,5,934.8292236328125,850.1778564453125,49.2138557434082,486.3566999999997,True
CAND_03442,Co27.71Cr19.75Fe27.96V24.58,4,1005.8267822265625,1037.757080078125,61.44160461425781,486.67379999999997,True
CAND_03443,Al31.56Co15.61Cr12.97Nb30.57Ti9.29,5,1137.71240234375,1188.4459228515625,56.3311882019043,733.0537333333332,True
CAND_03444,Al14.19Co32.01Cu21.72W32.08,4,627.5509643554688,1055.745361328125,68.96894836425781,639.3027999999999,True
CAND_03445,Al6.21Mn32.41Nb8.98Ni31.22V15.50W5.68,6,1066.0076904296875,818.4353637695312,53.379150390625,416.9269999999995,True
CAND_03446,Al27.51Co22.27Fe30.03Mn11.60W8.59,5,714.8388061523438,1141.1871337890625,56.9037971496582,744.0155333333336,True
CAND_03447,Cr39.71Cu5.37V25.29W29.63,4,1075.53955078125,1038.9906005859375,61.36481475830078,567.8969999999998,True
CAND_03448,Al17.89Cu21.53Fe17.41Nb36.62Ni6.55,5,1040.345947265625,1107.0684814453125,55.56673812866211,582.2953999999995,True
CAND_03449,Co27.44Mn9.30Ni41.01Ti22.25,4,738.989013671875,885.922607421875,69.34703826904297,399.9316,True
CAND_03450,Cu30.33Fe19.75Nb39.64Ni10.28,4,856.7920532226562,976.0577392578125,53.184181213378906,554.5097999999991,True
CAND_03451,Al29.46Co10.64Fe33.00Nb11.69V15.21,5,1189.9698486328125,1098.35986328125,49.687007904052734,691.7192666666666,True
CAND_03452,Cr22.37Cu26.98Nb33.86V16.79,4,1134.019775390625,1004.6759643554688,43.139400482177734,660.1395999999996,True
CAND_03453,Al8.32Cr7.50Cu21.18Fe12.28Mn19.74Nb30.98,6,756.9130249023438,963.76708984375,41.22382354736328,667.1667999999996,True
CAND_03454,Co10.08Mn21.73V44.26W23.93,4,764.0934448242188,1024.1083984375,55.38888168334961,553.8586999999999,True
CAND_03455,Al6.40Cu28.11Mo9.46Ni18.26W37.77,5,721.585205078125,791.1851806640625,68.57560729980469,569.0133999999994,True
CAND_03456,Cr19.58Fe42.13Mn18.86Nb19.43,4,671.5610961914062,1005.7774658203125,55.22200012207031,482.860033333333,True
CAND_03457,Al15.81Cu8.96Mn8.19Mo33.48Ni33.56,5,628.5725708007812,822.471923828125,60.44712829589844,454.3301999999997,True
CAND_03458,Cr22.98Nb21.52Ni16.80Ti38.70,4,928.90576171875,886.1671142578125,54.337379455566406,501.23339999999973,True
CAND_03459,Al10.46Fe44.36Mn19.65Ni6.52W19.01,5,502.01898193359375,905.8403930664062,39.5513801574707,498.0522999999997,True
CAND_03460,Cu6.67Mo38.54Nb11.95Ti12.38V30.46,5,1141.96240234375,1063.4002685546875,34.66085433959961,594.9866999999998,True
CAND_03461,Al10.08Cr41.02Fe27.85Mn15.73Ni5.32,5,896.57763671875,973.8130493164062,55.36681365966797,495.74129999999974,True
CAND_03462,Al20.34Fe6.37Mn25.61Ni25.05W22.63,5,661.6055908203125,1003.075439453125,57.40519714355469,529.4205666666664,True
CAND_03463,Al12.98Co27.15Cr20.98Cu6.66W32.23,5,747.3773803710938,1003.8306884765625,67.20051574707031,553.543,True
CAND_03464,Al6.94Mo32.31Nb40.69V11.39W8.67,5,1094.6346435546875,778.6879272460938,49.8140754699707,610.2183999999997,True
CAND_03465,Cr19.91Cu33.57Ni17.18V29.34,4,1060.6280517578125,841.2089233398438,40.32915496826172,558.7337999999993,True
CAND_03466,Co26.90Cu12.14Nb9.43V29.62W21.91,5,999.3212890625,1048.55029296875,60.002838134765625,588.6292,True
CAND_03467,Al35.11Cr12.74Fe15.18Mo36.97,4,871.8211669921875,914.9435424804688,50.05441665649414,704.5545333333332,True
CAND_03468,Cr9.40Cu10.85Fe10.12Mo33.53Ti36.10,5,891.3907470703125,667.001708984375,44.8487434387207,600.9394999999997,True
CAND_03469,Mo16.34Nb22.08Ni19.76W41.82,4,861.3880615234375,788.9061279296875,58.66548538208008,536.8074999999999,True
CAND_03470,Al22.52Cu39.65Mo24.12Nb7.29W6.42,5,857.3035278320312,894.3863525390625,48.25320053100586,695.0312333333329,True
CAND_03471,Al14.17Co24.58Fe36.67Ni24.58,4,441.9253234863281,920.50927734375,67.97393035888672,481.8787999999999,True
CAND_03472,Mn13.01Ni25.05Ti39.91W22.03,4,898.3574829101562,732.0479736328125,49.470909118652344,509.2683999999995,True
CAND_03473,Cr17.88Mn11.35Mo14.81Ni17.11V38.85,5,1208.990478515625,952.1363525390625,51.32322311401367,531.6423999999998,True
CAND_03474,Fe27.25Mo10.58Nb21.98Ni14.21Ti25.98,5,1074.09619140625,882.6996459960938,54.96632766723633,498.9325666666663,True
CAND_03475,Co31.40Mn21.72Ni24.63Ti22.25,4,745.2716064453125,932.1245727539062,61.746307373046875,496.11879999999996,True
CAND_03476,Al32.60Co5.78Cu9.07Fe21.19Mn21.22Nb10.14,6,981.0248413085938,1188.1832275390625,53.01957321166992,682.8896,True
CAND_03477,Al6.62Ni17.62V37.08W38.68,4,1001.970703125,857.0285034179688,57.58913040161133,511.79339999999974,True
CAND_03478,Fe22.56Mn25.49Mo18.64Ni33.31,4,633.0795288085938,787.1725463867188,52.5488395690918,407.58429999999987,True
CAND_03479,Al20.38Co16.44Cu16.97Nb28.61V17.60,5,1184.6649169921875,1127.5721435546875,59.12553024291992,663.987,True
CAND_03480,Co32.11Cr23.77Cu7.02Mn22.84Mo8.05V6.21,6,877.1445922851562,984.0108032226562,70.07098388671875,533.1058,True
CAND_03481,Al14.62Co31.17Cu19.80Mn12.83Mo5.70Ni15.88,6,820.951904296875,1016.523193359375,72.58659362792969,598.3794,True
CAND_03482,Fe31.84Mn15.94Ni12.64Ti15.97V12.98W10.63,6,1020.6707763671875,836.72705078125,45.909976959228516,515.7802999999997,True
CAND_03483,Al28.54Co12.73Mo10.87Ni15.19Ti24.71W7.96,6,905.689697265625,958.6610717773438,61.20479965209961,722.4100999999998,True
CAND_03484,Co29.07Cr16.21Fe35.47Mn8.13Ti11.12,5,703.2720947265625,1018.1973266601562,47.93821334838867,476.46639999999996,True
CAND_03485,Cr17.89Mo19.11Nb22.37W40.63,4,968.0790405273438,962.534912109375,47.4293212890625,602.3805999999997,True
CAND_03486,Cr20.90Cu27.25Mn17.38V34.47,4,942.6820678710938,972.4209594726562,41.418251037597656,645.9403999999997,True
CAND_03487,Co5.82Cr26.33Fe11.75Ni18.67V21.77W15.66,6,1027.76025390625,987.9815673828125,58.46922302246094,516.7565999999996,True
CAND_03488,Co34.08Fe37.77Mn9.63Ti18.52,4,643.9479370117188,1051.28515625,52.67879104614258,508.60919999999993,True
CAND_03489,Al32.38Cr33.98Ni14.53W19.11,4,883.8317260742188,1176.9976806640625,66.83565521240234,669.6494999999999,True
CAND_03490,Al6.59Cr15.95Fe15.46Mo21.54Ti6.32V34.14,6,1347.938720703125,1049.2806396484375,49.45878982543945,562.6170999999997,True
CAND_03491,Cu31.18Fe23.01Mn35.27Ti10.54,4,810.81396484375,1095.280029296875,45.146202087402344,495.81219999999945,True
CAND_03492,Co28.82Nb22.54Ni34.18V14.46,4,1037.99951171875,896.9478759765625,77.42650604248047,395.28520000000003,True
CAND_03493,Al11.36Cr12.08Fe35.98Ni22.98W17.60,5,654.51953125,930.1502075195312,56.267738342285156,465.6503999999996,True
CAND_03494,Al25.37Co8.22Fe31.13Ti11.67V23.61,5,1117.392822265625,1047.8543701171875,52.00264358520508,601.2028666666664,True
CAND_03495,Mn14.22Mo37.02Nb17.86Ni14.44W16.46,5,876.7918701171875,894.1993408203125,51.61764907836914,582.8668999999996,True
CAND_03496,Cu37.71Nb31.54Ni19.25Ti11.50,4,912.3763427734375,952.5316162109375,53.148223876953125,555.6303999999991,True
CAND_03497,Co19.85Fe5.69Mo20.80Ni18.97V34.69,5,1103.7886962890625,1020.1635131835938,59.98496627807617,525.7451000000003,True
CAND_03498,Al27.04Co18.83Fe20.92V33.21,4,1020.6766357421875,1197.806640625,60.63699722290039,772.6399333333337,True
CAND_03499,Co17.06Mo10.38Ni33.82W38.74,4,603.7646484375,887.5046997070312,63.569854736328125,398.2183999999999,True
CAND_03500,Al27.85Cu11.90Fe16.67Mo10.44W33.14,5,877.9512329101562,1066.9998779296875,56.35837173461914,698.1415666666666,True
CAND_03501,Al6.29Cu20.21Fe32.01Ni19.41V22.08,5,914.5578002929688,878.9839477539062,60.07538604736328,532.496466666666,True
CAND_03502,Cr25.77Mn9.14Nb34.99Ni11.15W18.95,5,820.9330444335938,1013.9947509765625,65.2882080078125,564.2019999999999,True
CAND_03503,Cr23.70Cu19.32Mn30.32Mo26.66,4,731.9849243164062,1004.3080444335938,42.36775588989258,635.7883999999997,True
CAND_03504,Mo7.20Nb29.88Ti42.76V20.16,4,906.7433471679688,953.589111328125,46.90836715698242,566.3619999999997,True
CAND_03505,Co9.05Fe16.62Mn24.82Mo23.91Nb10.67W14.93,6,786.6865844726562,1031.458740234375,37.65670394897461,492.51979999999986,True
CAND_03506,Co18.09Cr20.87Fe9.69Mn5.12Mo10.91Ti35.32,6,808.6776733398438,875.306396484375,53.01634216308594,530.9687999999998,True
CAND_03507,Co21.07Cu24.21Fe8.41Mo29.72W16.59,5,688.6118774414062,936.15478515625,60.00779724121094,674.5500999999998,True
CAND_03508,Fe13.87Ti42.63V28.43W15.07,4,915.0472412109375,764.9768676757812,44.49479293823242,549.9209999999996,True
CAND_03509,Al25.76Fe27.30Ni6.81Ti27.30V12.83,5,1080.5426025390625,888.8134155273438,48.78269577026367,646.735933333333,True
CAND_03510,Al23.55Cu27.48Fe9.54Mn17.51V21.92,5,887.2446899414062,1100.488525390625,53.218387603759766,678.1141333333329,True
CAND_03511,Al31.62Fe5.64Mn25.74Mo8.18Nb28.82,5,798.4745483398438,1072.4686279296875,54.71462631225586,710.0314333333332,True
CAND_03512,Al30.61Co8.51Fe10.35Nb34.76Ni5.09W10.68,6,1053.464599609375,1118.7467041015625,58.3798713684082,740.7023999999999,True
CAND_03513,Al11.08Cu20.23Mn11.75Nb19.29Ni14.62Ti23.03,6,1036.9583740234375,939.6182861328125,49.268226623535156,633.7657999999994,True
CAND_03514,Al7.92Co16.24Cr20.83Fe37.87V17.14,5,942.5701904296875,973.16552734375,50.578125,474.0434999999999,True
CAND_03515,Co15.55Cr30.62Mo26.12Ni5.18Ti22.53,5,937.7905883789062,912.2710571289062,58.094844818115234,577.0942,True
CAND_03516,Cu16.54Fe9.18Mn29.11Mo14.20Ni20.30Ti10.67,6,889.1051635742188,859.2482299804688,43.2892951965332,599.5741999999996,True
CAND_03517,Al10.18Cr24.79Mn21.60Mo13.19Nb16.58Ti13.66,6,1041.5911865234375,960.1522216796875,52.330135345458984,572.3750999999997,True
CAND_03518,Co9.91Cr17.96Cu21.85Mn9.41Ni9.28W31.59,6,635.9940795898438,913.2139282226562,51.27588653564453,645.9993999999997,True
CAND_03519,Cr44.34Fe18.97Nb20.69Ti6.87V9.13,5,1221.808837890625,1155.0582275390625,66.83302307128906,490.0863999999998,True
CAND_03520,Co7.16Cu16.21Ti40.10V36.53,4,845.723388671875,731.841552734375,47.76193618774414,631.3439999999996,True
CAND_03521,Al39.39Co5.49Cu6.10Ti43.55W5.47,5,923.9531860351562,851.03369140625,56.21944046020508,724.3289333333333,True
CAND_03522,Al30.27Co31.54Fe12.08Nb9.64W16.47,5,946.6821899414062,1170.6329345703125,59.313228607177734,740.8308,True
CAND_03523,Mn17.03Mo39.32Ni15.37Ti16.42V11.86,5,1093.68408203125,702.8233032226562,44.4008903503418,587.5656999999998,True
CAND_03524,Cr19.85Fe40.46Nb17.53V16.00W6.16,5,1204.02783203125,1072.9556884765625,54.114356994628906,490.59589999999974,True
CAND_03525,Co7.80Cr7.32Mn20.58Nb28.91Ti27.96V7.43,6,853.525634765625,1061.3607177734375,46.6667594909668,565.9016999999997,True
CAND_03526,Cr29.66Cu21.75Nb19.37Ni17.20Ti12.02,5,1112.09716796875,926.3013305664062,47.313175201416016,588.5585999999995,True
CAND_03527,Cr30.81Fe33.24Ni23.01Ti12.94,4,1479.103271484375,712.7095947265625,51.073326110839844,484.2069999999996,True
CAND_03528,Cu10.53Fe18.67Mn7.81Mo8.35Nb26.72Ti27.92,6,1012.024169921875,1002.726318359375,51.825199127197266,516.4859999999996,True
CAND_03529,Fe37.37Mn33.79Nb21.21Ti7.63,4,868.470947265625,1057.9739990234375,48.492618560791016,457.78419999999977,True
CAND_03530,Mn16.12Mo20.25Ti25.87W37.76,4,865.9021606445312,792.362060546875,46.52120590209961,591.8802999999998,True
CAND_03531,Cr5.66Cu17.36Mn11.70Nb31.37V23.20W10.71,6,997.7698364257812,1095.5333251953125,45.54750061035156,671.5775999999996,True
CAND_03532,Co10.38Cr6.24Mn18.32Ni10.89V26.43W27.74,6,760.7742309570312,1035.009765625,55.25656509399414,570.6961999999997,True
CAND_03533,Al34.95Co17.00Cr18.48Ni16.14Ti13.43,5,1167.9033203125,977.4226684570312,55.448585510253906,667.0905999999999,True
CAND_03534,Cr15.67Fe28.00Mo16.19Ni40.14,4,724.1727294921875,763.8570556640625,57.19551086425781,408.70239999999984,True
CAND_03535,Co22.62Nb23.11Ni32.86V21.41,4,1081.4627685546875,1080.3773193359375,75.75102233886719,402.0936,True
CAND_03536,Fe13.85Mn22.92Mo21.71Nb26.03Ti5.96V9.53,6,1060.6893310546875,922.574462890625,42.10249710083008,566.1096999999997,True
CAND_03537,Mo11.15Nb21.06Ti23.74W44.05,4,969.1213989257812,1035.0863037109375,49.8601188659668,577.4173999999998,True
CAND_03538,Mo43.56Ni11.46Ti13.05V31.93,4,1082.569091796875,893.7824096679688,44.22202682495117,596.6790999999997,True
CAND_03539,Cr30.94Mn9.23Mo27.33Ti13.71W18.79,5,1013.6552734375,956.3075561523438,54.648685455322266,593.8796999999998,True
CAND_03540,Al16.83Cu16.73Mn31.46Ni27.48W7.50,5,572.1130981445312,1031.0289306640625,58.50995635986328,557.6424999999996,True
CAND_03541,Cr27.01Cu23.43Mn14.17Mo19.81Nb15.58,5,912.581787109375,1039.2291259765625,50.164913177490234,683.2819999999998,True
CAND_03542,Fe27.54Ni17.02V19.47W35.97,4,879.4262084960938,959.8802490234375,50.46781539916992,479.3893666666664,True
CAND_03543,Co16.88Mn9.71Mo23.78Ni9.46Ti33.00W7.17,6,732.2549438476562,688.1921997070312,51.225467681884766,561.4893,True
CAND_03544,Al20.77Co15.07Cr39.45Cu12.89V11.82,5,1152.4874267578125,948.6119995117188,58.50558853149414,607.2884333333332,True
CAND_03545,Al12.28Cr7.73Fe29.30Nb14.70Ni11.01W24.98,6,962.1536254882812,907.8219604492188,49.51613235473633,503.6080999999997,True
CAND_03546,Al10.35Cu13.31Fe40.29Mo12.62W23.43,5,575.68603515625,932.4832763671875,46.19612503051758,532.9896999999996,True
CAND_03547,Co32.33Cr26.69Cu13.19W27.79,4,569.5369873046875,928.3688354492188,66.90660095214844,600.8522,True
CAND_03548,Co36.59Cu6.09Fe21.80Mo10.09Ti25.43,5,760.8290405273438,1004.8551025390625,63.889652252197266,527.8081999999999,True
CAND_03549,Al17.42Co9.57Mn27.34Ni7.12V38.55,5,895.87060546875,1072.906005859375,64.17394256591797,534.7026999999998,True
CAND_03550,Al36.56Co23.54Cr26.87Cu13.03,4,870.5480346679688,1037.3330078125,65.78929901123047,748.9427333333333,True
CAND_03551,Al20.02Cu36.71Fe6.90Mn23.01V13.36,5,809.6818237304688,995.1408081054688,53.340030670166016,630.5818999999996,True
CAND_03552,Cr41.33Fe22.13Ni11.09Ti18.36W7.09,5,1041.213134765625,982.986083984375,60.94752883911133,487.96849999999966,True
CAND_03553,Co15.09Cr22.88Mo38.02V5.22W18.79,5,1092.44189453125,901.2661743164062,57.63679504394531,581.3242999999999,True
CAND_03554,Cr10.77Fe38.00Nb25.46V25.77,4,1064.7972412109375,1109.4461669921875,48.91122055053711,493.91929999999974,True
CAND_03555,Co14.04Cr27.06Mn18.63Mo15.20Nb25.07,5,666.0241088867188,1021.552490234375,66.65333557128906,599.2549999999999,True
CAND_03556,Al10.85Co20.22Cu10.27Nb21.19Ni9.75W27.72,6,848.4940185546875,982.1864013671875,60.583805084228516,568.3371999999999,True
CAND_03557,Co40.60Cu23.31Fe13.48Mn8.07V14.54,5,788.9500122070312,1044.9835205078125,64.99015808105469,671.7216,True
CAND_03558,Al41.32Fe10.95Ni9.50Ti28.00V10.23,5,1040.3564453125,906.0794677734375,48.14409255981445,748.0117333333333,True
CAND_03559,Al6.66Cr21.50V29.62W42.22,4,1135.97265625,976.9713134765625,55.53068161010742,569.3069999999999,True
CAND_03560,Mo15.62Ti30.35V37.33W16.70,4,961.755615234375,768.6963500976562,47.86338424682617,588.8609999999999,True
CAND_03561,Al16.79Co25.56Fe20.72Mo7.50Ni29.43,5,793.3455810546875,965.7269287109375,75.641357421875,451.56379999999996,True
CAND_03562,Al26.60Co14.47Fe9.29Mn21.81W27.83,5,639.354248046875,1140.0916748046875,55.25896072387695,670.5043,True
CAND_03563,Cr26.20Cu27.39Mo12.53Ti16.71V8.28W8.89,6,1026.69970703125,799.5996704101562,46.23479461669922,685.5165999999996,True
CAND_03564,Al7.59Co20.45Cu22.08Fe7.29V42.59,5,914.466796875,1010.2276611328125,59.34999084472656,639.1557999999999,True
CAND_03565,Fe23.56Mn37.22Nb7.45Ti6.38W25.39,5,871.2515869140625,1088.80419921875,33.68671798706055,471.9491999999998,True
CAND_03566,Al14.04Co8.93Cr27.18Mn43.73Nb6.12,5,919.5994262695312,1230.1763916015625,57.92584991455078,538.5319,True
CAND_03567,Co26.51Cr13.09Nb15.03Ni31.52Ti6.08W7.77,6,973.513427734375,992.6439819335938,66.34584045410156,404.91099999999994,True
CAND_03568,Co12.24Cr17.96Ni25.43Ti44.37,4,1024.296875,729.7312622070312,50.249610900878906,485.2095999999996,True
CAND_03569,Co34.05Cr8.78Cu12.50Fe11.32Ti14.49V18.86,6,895.82666015625,1002.2975463867188,55.20977020263672,615.3148,True
CAND_03570,Cr20.73Fe24.87Mn17.74Mo21.60Ti7.52V7.54,6,1168.6634521484375,896.601806640625,47.898590087890625,514.0257999999998,True
CAND_03571,Cr23.23Cu18.53Ni14.70Ti7.04V21.40W15.10,6,1095.425537109375,987.7705078125,41.19453430175781,650.3845999999998,True
CAND_03572,Cr44.18Mn16.62Nb6.69Ti12.89W19.62,5,989.978515625,1092.6976318359375,51.218746185302734,573.0643999999998,True
CAND_03573,Al20.25Co25.51Cr14.09Cu6.49Mn18.89Mo14.77,6,794.3468627929688,803.6162719726562,66.57039642333984,599.2926666666666,True
CAND_03574,Co43.08Fe17.99Mn8.46Ti30.47,4,644.5377197265625,1039.1865234375,56.182064056396484,547.0532,True
CAND_03575,Al39.34Cr5.08Mo10.60Nb21.70Ti23.28,5,970.8043212890625,1059.88037109375,55.5709114074707,742.6707333333333,True
CAND_03576,Al30.27Co24.90Fe9.45Nb5.74Ti29.64,5,968.4925537109375,1089.73388671875,56.21759033203125,754.6633999999998,True
CAND_03577,Al43.94Co18.64Cr30.43W6.99,4,945.6761474609375,1293.230712890625,70.64202117919922,802.3339333333332,True
CAND_03578,Cr14.92Cu11.89Nb8.46Ti25.91V14.14W24.68,6,1058.915283203125,906.77490234375,30.936975479125977,607.9969999999996,True
CAND_03579,Co23.36Nb29.35Ni30.14V17.15,4,1040.495361328125,1053.123291015625,77.65591430664062,448.71839999999986,True
CAND_03580,Cr32.24Cu7.63Mo9.36Ni25.12Ti25.65,5,1146.4658203125,772.3062744140625,55.31909942626953,522.6973999999998,True
CAND_03581,Co12.56Cr17.17Fe25.26Mn17.37Nb18.58W9.06,6,845.4517211914062,898.0755615234375,52.53728103637695,485.0742999999997,True
CAND_03582,Co18.43Mn20.50Mo10.82Ni6.74W43.51,5,559.0990600585938,1064.731689453125,58.14241409301758,547.2670999999999,True
CAND_03583,Co34.38Mn16.51Ni38.61V10.50,4,857.2186889648438,948.433837890625,75.52680969238281,413.1454,True
CAND_03584,Co7.78Cr39.88Cu33.99Ti6.10W12.25,5,759.9137573242188,1049.4024658203125,53.42608642578125,631.1647999999996,True
CAND_03585,Fe40.66Mn20.09Ti17.84V21.41,4,911.3975219726562,1082.2449951171875,43.96536636352539,483.07839999999965,True
CAND_03586,Al19.69Co14.19Cu21.11Fe25.03Mo19.98,5,751.482421875,979.5736083984375,53.81038284301758,604.3848999999996,True
CAND_03587,Cr15.14Mn26.63Nb27.14Ti31.09,4,806.3660888671875,1042.5621337890625,42.43904495239258,536.6964999999999,True
CAND_03588,Al25.72Cr18.11Mo15.60Ni40.57,4,899.5767822265625,919.398681640625,57.883792877197266,589.3802333333329,True
CAND_03589,Al8.22Co11.08Cu39.16Ni17.26Ti12.27W12.01,6,827.4002075195312,898.2427368164062,52.60779571533203,554.8681999999991,True
CAND_03590,Co17.94Cr15.42Cu19.22Mn19.70Nb11.09Ni16.63,6,776.2421875,972.3882446289062,39.14423751831055,554.4907999999998,True
CAND_03591,Cr28.24Cu11.56Fe7.13Ti9.74W43.33,5,944.9437866210938,1000.1302490234375,55.021419525146484,593.1705999999996,True
CAND_03592,Al24.90Co10.84Cu19.17Mn17.87Nb21.14V6.08,6,1074.982177734375,1025.2530517578125,62.47531509399414,691.5013999999996,True
CAND_03593,Co36.20Mn20.58Ti12.67V30.55,4,756.6648559570312,1191.2327880859375,55.47281265258789,569.6772,True
CAND_03594,Cr23.03Cu17.89Mn42.42W16.66,4,687.0414428710938,1100.9483642578125,41.79661560058594,605.1436999999997,True
CAND_03595,Al15.27Fe23.46Mo14.88Ni18.39Ti28.00,5,1084.3116455078125,657.083984375,62.6807975769043,484.5902666666666,True
CAND_03596,Al6.81Co11.17Cr24.47Cu18.73V23.55W15.27,6,1077.6435546875,920.352783203125,52.088897705078125,650.5849999999997,True
CAND_03597,Al10.04Co19.24Cr22.63Cu10.34Ti5.33V32.42,6,1212.8428955078125,1072.779052734375,58.353389739990234,573.4544000000001,True
CAND_03598,Al34.77Fe13.91Mo32.26V19.06,4,853.3544921875,840.5208129882812,49.282657623291016,730.3595999999999,True
CAND_03599,Al14.49Co30.67Ti30.78V24.06,4,950.9898681640625,1064.8411865234375,62.57725143432617,557.2778,True
CAND_03600,Co13.11Cr21.92Mn22.44Ti19.90W22.63,5,723.6876831054688,1121.28515625,47.375057220458984,535.8490999999999,True
CAND_03601,Co21.93Fe28.04Ni5.22Ti17.40W27.41,5,620.7742309570312,1024.2117919921875,53.75722885131836,484.9075999999999,True
CAND_03602,Al41.76Co29.17Fe7.41Mn11.14Nb10.52,5,925.3207397460938,1149.4718017578125,59.41043472290039,792.3112666666665,True
CAND_03603,Fe34.49Mo22.30Nb10.14Ni22.38W10.69,5,861.9385986328125,831.6842041015625,43.47797393798828,493.86109999999996,True
CAND_03604,Cr7.37Mo44.79Ni8.11Ti19.86V19.87,5,1166.7325439453125,880.7216186523438,42.650386810302734,587.3630999999998,True
CAND_03605,Cu21.52Fe38.20Mo13.18Nb19.82V7.28,5,1157.844482421875,1004.431640625,52.461395263671875,565.8343999999994,True
CAND_03606,Al36.28Co15.79Fe10.86Mn6.30Mo15.90V14.87,6,833.9966430664062,889.84033203125,56.507747650146484,728.9408666666666,True
CAND_03607,Cu41.98Mo11.90Nb5.53Ni8.48Ti32.11,5,821.3807373046875,904.3017578125,42.806907653808594,640.6291999999993,True
CAND_03608,Al20.63Co5.98Mo24.99Nb25.34Ni23.06,5,947.67626953125,800.6099243164062,60.24219512939453,579.4706,True
CAND_03609,Cr21.66Fe22.58Mo23.36Ti32.40,4,978.1906127929688,705.989013671875,48.91648864746094,495.98729999999983,True
CAND_03610,Mo17.71Nb33.85Ni34.06V14.38,4,1158.6109619140625,777.2239379882812,57.68848419189453,484.4153999999998,True
CAND_03611,Co7.93Cu44.15Mn20.19Ti10.35V10.83W6.55,6,763.5171508789062,1011.3609008789062,42.097389221191406,646.0316999999993,True
CAND_03612,Cr7.70Mo21.04Nb21.34Ni28.71Ti5.11V16.10,6,1306.3961181640625,963.5860595703125,51.96795654296875,473.89189999999985,True
CAND_03613,Al40.86Cr5.87Cu18.13Nb13.69W21.45,5,952.4591674804688,1097.1263427734375,51.32920455932617,725.8165333333334,True
CAND_03614,Fe35.21Mn12.17Mo20.86V31.76,4,1104.25390625,1253.456298828125,43.84127426147461,503.04249999999985,True
CAND_03615,Cr20.64Cu21.74Fe19.40Mn15.40Nb9.46Ti13.36,6,1036.453857421875,1145.22998046875,29.613550186157227,548.0427999999996,True
CAND_03616,Co6.68Fe38.68Mo16.21Ni20.20Ti18.23,5,869.2560424804688,836.8927612304688,48.67136764526367,489.6103666666667,True
CAND_03617,Al11.83Co15.16Cr10.18Mn22.42Ti20.74W19.67,6,936.5819091796875,1186.9368896484375,54.12332534790039,536.9880999999998,True
CAND_03618,Cr21.60Mo30.10Ni6.54Ti21.02W20.74,5,957.2921142578125,935.7807006835938,45.289852142333984,585.3951999999998,True
CAND_03619,Al20.51Co23.94Mn16.66Ti38.89,4,894.0325927734375,950.5836791992188,62.96421432495117,583.3254666666666,True
CAND_03620,Al6.47Mo42.07Ni39.86W11.60,4,721.7359619140625,680.0694580078125,63.663673400878906,436.0361999999998,True
CAND_03621,Fe14.72Mn40.18Mo20.06V7.11W17.93,5,937.4116821289062,902.34814453125,47.233367919921875,533.6631999999998,True
CAND_03622,Co26.99Cu19.58Mn16.36W37.07,4,495.1912841796875,1008.3176879882812,70.5472640991211,632.2167999999998,True
CAND_03623,Al9.57Cr32.12Cu9.98Ni8.61Ti25.33V14.39,6,1209.9158935546875,736.9793701171875,59.89141082763672,585.5141999999997,True
CAND_03624,Al11.20Cu26.36Mn7.37Mo23.90Nb13.54Ti17.63,6,1025.471435546875,800.2969360351562,49.96406173706055,693.9884999999996,True
CAND_03625,Co14.88Cu20.52Fe41.46Ti23.14,4,743.6138305664062,989.3124389648438,47.62330627441406,525.9511999999995,True
CAND_03626,Co18.03Mo36.92V7.34W37.71,4,901.143310546875,833.4041137695312,61.17604446411133,579.4131,True
CAND_03627,Al13.13Co16.59Cr32.21Nb23.46Ni7.43Ti7.18,6,1002.3109741210938,1144.150634765625,71.93707275390625,561.9542,True
CAND_03628,Al10.58Co9.21Cu13.29Mn27.23Mo5.15Ti34.54,6,737.4411010742188,824.4280395507812,52.25700759887695,557.5760999999997,True
CAND_03629,Co25.79Cr12.50Fe27.19Mo11.50W23.02,5,665.8096923828125,973.5614624023438,58.682804107666016,486.3925999999999,True
CAND_03630,Al7.19Cr37.28Fe8.39Mo38.28Ti8.86,5,1087.9534912109375,960.5657348632812,62.6544189453125,590.2770999999999,True
CAND_03631,Cr5.31Mn19.96Ni15.79Ti17.56V9.46W31.92,6,910.2808837890625,966.8372192382812,47.27937698364258,535.8531999999997,True
CAND_03632,Co34.81Fe11.09Nb9.81Ni5.43Ti24.65V14.21,6,903.7564086914062,1144.8568115234375,42.872493743896484,577.4457999999998,True
CAND_03633,Al43.70Co14.56Cu30.14Nb11.60,4,876.4060668945312,1126.8194580078125,59.8443717956543,763.0225333333332,True
CAND_03634,Al7.94Co6.32Cr44.71Fe33.51Mn7.52,5,700.94140625,858.9888916015625,57.59268569946289,488.82249999999965,True
CAND_03635,Cu8.77Mn31.17Nb41.99Ni7.62V10.45,5,932.1290893554688,908.6356201171875,56.45675277709961,547.6490999999999,True
CAND_03636,Al10.10Co8.67Nb27.02Ni19.27V34.94,5,1221.5540771484375,961.712890625,62.33977127075195,504.5197999999997,True
CAND_03637,Al23.27Nb14.97Ni40.69V21.07,4,1101.017333984375,1113.7608642578125,67.30606079101562,530.308466666666,True
CAND_03638,Fe26.16Mo15.82Nb16.61Ti23.02V8.16W10.23,6,1187.438232421875,881.0746459960938,51.458675384521484,513.3158999999998,True
CAND_03639,Al32.75Fe10.14Mn16.22Nb30.36Ti10.53,5,1174.21923828125,1138.6744384765625,48.88187026977539,757.6655999999998,True
CAND_03640,Cr27.40Mn11.88Mo8.90Nb22.50Ti29.32,5,991.3919067382812,1042.655517578125,56.92403030395508,570.7769999999999,True
CAND_03641,Co14.92Ni16.49Ti34.55V34.04,4,829.13671875,675.4364013671875,51.5319709777832,526.8639999999998,True
CAND_03642,Al17.89Co7.09Cu17.34Fe6.81Mo42.48V8.39,6,1094.1800537109375,827.4652099609375,55.33787155151367,697.4518999999997,True
CAND_03643,Co11.62Cu9.80Mn16.42Ni24.42V29.76W7.98,6,989.2866821289062,842.8876953125,68.28157043457031,522.2055999999997,True
CAND_03644,Cr24.42Ni18.09Ti6.87V26.64W23.98,5,1094.5284423828125,1072.147705078125,53.88865280151367,521.7085999999997,True
CAND_03645,Al37.41Cr10.95Mn6.99Mo27.03Nb5.28Ti12.34,6,964.53466796875,808.21728515625,45.14186477661133,724.2763333333332,True
CAND_03646,Al14.95Cu35.85Fe15.93Mn10.45Nb22.82,5,931.2005615234375,1055.74365234375,59.8015022277832,595.6083999999993,True
CAND_03647,Al25.77Co9.36Ni30.36Ti34.51,4,1005.1348266601562,779.1787109375,62.946746826171875,624.1447333333326,True
CAND_03648,Al29.29Cu25.77Fe28.44Mo16.50,4,627.4903564453125,957.6282348632812,54.73342514038086,711.3195999999998,True
CAND_03649,Cu11.39Fe26.85Nb20.57Ni6.97Ti34.22,5,908.5036010742188,765.5576171875,55.102230072021484,507.8804999999996,True
CAND_03650,Al35.70Co8.97Fe37.91Mn10.67Nb6.75,5,828.66943359375,1112.374267578125,49.97750473022461,668.9012666666666,True
CAND_03651,Al12.48Fe10.45Mo16.10Nb28.40V6.26W26.31,6,1026.27783203125,894.4105224609375,55.9078254699707,605.9341999999998,True
CAND_03652,Co10.36Cu22.75Fe7.80Mn13.94V9.84W35.31,6,817.5665893554688,985.0467529296875,53.44506072998047,657.8759999999995,True
CAND_03653,Al38.74Cu25.29Fe11.89Nb24.08,4,964.8302001953125,1044.0323486328125,56.274654388427734,771.5457333333333,True
CAND_03654,Co15.75Cr36.70Mn34.58Ti12.97,4,730.8272705078125,1021.0576171875,55.305965423583984,527.4897,True
CAND_03655,Cr20.31Ni26.26V20.59W32.84,4,1107.3428955078125,977.3654174804688,55.34270477294922,507.87319999999966,True
CAND_03656,Cr35.00Cu9.02Mo17.28Ni22.29W16.41,5,778.3956909179688,851.5663452148438,59.447059631347656,545.3570999999997,True
CAND_03657,Cr7.49Fe21.69Ti39.10W31.72,4,841.0513916015625,833.52197265625,47.70340347290039,481.4569999999997,True
CAND_03658,Co8.11Cr19.05Mn33.74Ni39.10,4,646.66650390625,964.6947021484375,53.044742584228516,400.1307999999997,True
CAND_03659,Fe34.85Mo33.01Nb6.18Ti18.04W7.92,5,1091.539306640625,853.5089721679688,40.709110260009766,500.6505999999998,True
CAND_03660,Al11.42Co21.97Cu7.35Nb17.12V13.10W29.04,6,1063.5782470703125,1067.161376953125,62.30680465698242,564.6907999999999,True
CAND_03661,Al15.86Cu33.94Fe37.66Nb5.24Ti7.30,5,885.3668823242188,1043.2080078125,47.13471603393555,533.313999999999,True
CAND_03662,Co28.52Cr26.52Cu25.42Fe14.02Nb5.52,5,648.287841796875,933.8610229492188,59.769588470458984,617.0433999999999,True
CAND_03663,Fe14.77Mn32.33Nb16.92Ni9.38Ti11.02W15.58,6,941.3762817382812,1052.2821044921875,39.52694320678711,513.4724999999997,True
CAND_03664,Co26.81Cr22.86V8.13W42.20,4,912.5225219726562,1016.7039184570312,70.77103424072266,551.61,True
CAND_03665,Al35.94Co8.88Cu22.02Mo13.18Nb12.04Ti7.94,6,911.4757080078125,1001.1028442382812,56.705501556396484,742.3475333333332,True
CAND_03666,Cr30.06Cu12.60Fe8.56Mo27.14Ni13.90W7.74,6,910.6273803710938,823.3648681640625,58.34206008911133,618.0928999999996,True
CAND_03667,Cr34.77Fe15.75Ni22.71Ti20.79V5.98,5,1334.7130126953125,859.1149291992188,55.16555404663086,474.31419999999974,True
CAND_03668,Co6.93Cr20.32Cu9.86Fe34.26Ti28.63,5,815.7011108398438,913.6705932617188,53.1020393371582,487.3088999999996,True
CAND_03669,Fe44.32Nb15.56V28.19W11.93,4,1166.3087158203125,991.9374389648438,47.010433197021484,488.73269999999974,True
CAND_03670,Al42.99Co9.44Mo12.78Nb12.92V8.08W13.79,6,946.8165893554688,957.2178955078125,60.233585357666016,759.5819333333334,True
CAND_03671,Cu27.02Mn14.05Mo17.12Ni41.81,4,624.3943481445312,903.1431274414062,52.506019592285156,491.9771999999994,True
CAND_03672,Cr32.37Mn16.60Ti33.58V17.45,4,1032.9154052734375,873.59912109375,56.08729553222656,566.0135999999999,True
CAND_03673,Cr29.09Fe26.10Mo22.39V22.42,4,1459.631591796875,1077.35595703125,54.754150390625,512.6198999999999,True
CAND_03674,Co8.70Cu12.13Fe9.57Mo14.65Ti37.90W17.05,6,779.0689697265625,643.144775390625,48.998531341552734,611.2755999999997,True
CAND_03675,Co8.44Cu12.13Mn15.19Nb11.27V37.52W15.45,6,1056.73779296875,1052.695068359375,46.785770416259766,603.3707999999997,True
CAND_03676,Fe20.71Ni24.38Ti13.11V41.80,4,1149.6468505859375,901.0410766601562,52.12834167480469,498.7205999999997,True
CAND_03677,Al11.57Fe18.52Nb20.40Ni27.87Ti7.74V13.90,6,1375.1175537109375,929.8555908203125,61.44413757324219,461.02939999999967,True
CAND_03678,Al43.29Ni6.76Ti27.82W22.13,4,954.2051391601562,1047.39599609375,53.00314712524414,749.8259333333333,True
CAND_03679,Al16.52Cr41.61Cu23.13Fe18.74,4,904.0198974609375,1133.9140625,62.72356033325195,547.3237999999996,True
CAND_03680,Co29.43Cr35.23Cu12.48Mn11.75Ni11.11,5,612.6121215820312,861.742431640625,75.33574676513672,579.2292,True
CAND_03681,Al17.17Co42.87Cu20.14Ti19.82,4,1035.2532958984375,1095.40576171875,64.45055389404297,673.5265333333333,True
CAND_03682,Cu6.05Fe9.00Mn38.79Nb18.18Ni20.20W7.78,6,823.3076171875,882.2120361328125,50.707332611083984,479.9087999999997,True
CAND_03683,Cu8.79Fe24.24Mo9.58V39.80W17.59,5,1010.798095703125,1033.7913818359375,54.64834213256836,508.27189999999973,True
CAND_03684,Co11.96Cr13.32Mo19.07Ni34.32V13.37W7.96,6,1214.800537109375,772.4912719726562,58.019081115722656,420.13259999999974,True
CAND_03685,Cr14.77Mn12.51Nb17.99Ni29.93Ti7.32V17.48,6,1239.383544921875,1051.754150390625,57.279258728027344,438.33979999999957,True
CAND_03686,Al31.14Co16.44Nb23.91Ni11.06W17.45,5,916.1326293945312,1079.4390869140625,61.82357406616211,736.8986666666666,True
CAND_03687,Al16.00Cu33.30Ni16.87V9.55W24.28,5,922.4847412109375,912.9577026367188,57.26326370239258,582.7643999999991,True
CAND_03688,Co11.95Cu23.17Mn38.79Ti26.09,4,698.7884521484375,1002.9654541015625,50.45167541503906,589.3098999999995,True
CAND_03689,Al24.40Mn37.26Mo17.57W20.77,4,656.206298828125,926.7471923828125,53.410152435302734,561.9313666666665,True
CAND_03690,Nb16.15Ti41.49V33.18W9.18,4,940.6411743164062,812.1532592773438,46.67478561401367,558.0467999999998,True
CAND_03691,Al40.32Cr16.83Cu14.74Fe28.11,4,919.883056640625,913.0011596679688,48.88794708251953,682.0368000000001,True
CAND_03692,Al22.64Cr10.71Cu14.07Mn34.87Nb17.71,5,1008.6503295898438,1055.298828125,52.73197555541992,575.2610333333331,True
CAND_03693,Al19.51Co15.06Cr13.79Mn13.71V14.13W23.80,6,1096.1961669921875,1113.9539794921875,53.384403228759766,575.8095999999998,True
CAND_03694,Cu23.94Fe24.00Nb23.94Ti28.12,4,915.7445068359375,1031.448486328125,48.19688415527344,547.2833999999996,True
CAND_03695,Fe43.58Mo11.69Ni30.69Ti14.04,4,1136.95458984375,803.9297485351562,49.3404426574707,429.1237999999996,True
CAND_03696,Mn17.44Mo18.12Ti20.57V43.87,4,965.9974975585938,1105.651611328125,44.47249984741211,592.4278999999998,True
CAND_03697,Co7.11Cu5.71Nb29.04Ni34.17Ti23.97,5,1039.65673828125,963.69921875,53.78809356689453,450.9885999999995,True
CAND_03698,Al5.02Cr9.61Mn22.41Mo6.18Ti23.22W33.56,6,871.9309692382812,1161.6591796875,49.90517807006836,538.1398999999999,True
CAND_03699,Co10.16Mo25.98Ni42.23V21.63,4,1078.114990234375,921.7877807617188,61.183258056640625,424.75039999999973,True
CAND_03700,Al17.36Cr15.95Fe8.84Mn30.88Ti26.97,5,1250.354248046875,1120.566650390625,46.79081344604492,524.3072999999999,True
CAND_03701,Al32.72Co13.72Cr23.72Fe17.03Mo12.81,5,871.3853149414062,1105.6080322265625,64.18074035644531,685.2869333333332,True
CAND_03702,Co26.48Mo11.19Ti18.16V27.66W16.51,5,942.7153930664062,1109.03369140625,62.435211181640625,561.9873999999999,True
CAND_03703,Al26.97Cr43.29Mn16.49W13.25,4,852.2109985351562,1253.1878662109375,63.052330017089844,740.2079000000001,True
CAND_03704,Al21.81Cu39.30Ni19.20V14.21W5.48,5,960.2083129882812,935.5396118164062,58.73417282104492,614.1785999999993,True
CAND_03705,Cr19.60Cu12.31Fe15.82Mo32.98V19.29,5,1362.2470703125,897.1219482421875,40.7324333190918,583.1122999999997,True
CAND_03706,Co14.90Cu20.45Mo6.09Nb9.12Ti34.35V15.09,6,931.8977661132812,875.629150390625,38.60626220703125,650.2493999999998,True
CAND_03707,Co6.84Mo16.99Nb42.22V9.78W24.17,5,1082.1904296875,886.7463989257812,53.418033599853516,604.4349999999997,True
CAND_03708,Cu38.06Fe7.65Mo25.54Ni11.00V7.88W9.87,6,989.2609252929688,735.3243408203125,49.252723693847656,689.5250999999994,True
CAND_03709,Al21.44Fe24.01Ti39.42V15.13,4,1093.1243896484375,855.968017578125,51.32858657836914,553.3809666666665,True
CAND_03710,Co12.13Nb28.32Ti44.80W14.75,4,778.9844970703125,880.2926025390625,52.46078872680664,565.1927999999998,True
CAND_03711,Al12.74Co21.43Ti32.74W33.09,4,708.0980224609375,1059.580322265625,58.697147369384766,546.6573999999999,True
CAND_03712,Cr38.37Mo10.86Ti26.86W23.91,4,876.3555908203125,1039.65771484375,57.715091705322266,565.2759999999997,True
CAND_03713,Cr27.61Cu17.89Mn7.03Nb12.61V19.03W15.83,6,1208.8668212890625,1049.395263671875,45.958702087402344,651.9281999999998,True
CAND_03714,Al11.73Fe27.80Nb15.38Ti13.56V25.21W6.32,6,1251.505615234375,1067.8516845703125,50.69643783569336,509.4970999999998,True
CAND_03715,Al16.92Co39.01Cr21.03Mo23.04,4,1022.1285400390625,958.048583984375,65.88199615478516,591.8853,True
CAND_03716,Cr15.85Cu8.33Mn17.33Mo16.19Ni16.64W25.66,6,798.9671630859375,858.8770751953125,53.252037048339844,536.1503999999998,True
CAND_03717,Cr33.60Cu11.25Ni14.53V40.62,4,1083.15283203125,919.1753540039062,68.47918701171875,580.6907999999997,True
CAND_03718,Al7.37Fe41.52Nb26.80Ti24.31,4,1054.3138427734375,838.6290283203125,53.049991607666016,491.3962999999997,True
CAND_03719,Al44.21Nb22.54Ni19.20W14.05,4,946.5895385742188,1021.2523803710938,68.74990844726562,740.4144999999999,True
CAND_03720,Al22.09Co11.98Nb16.37Ni23.56Ti19.76V6.24,6,1094.7730712890625,924.0313720703125,67.05783081054688,587.4710999999996,True
CAND_03721,Al30.46Nb13.31Ni20.04V16.38W19.81,5,1124.1824951171875,1043.5048828125,61.41275405883789,699.1215666666664,True
CAND_03722,Co32.34Mn20.88Ni12.78W34.00,4,455.81658935546875,1015.8199462890625,64.62451171875,539.3463,True
CAND_03723,Fe18.29Ni29.62Ti11.67V20.15W20.27,5,1253.7939453125,961.923583984375,53.1754150390625,444.25659999999954,True
CAND_03724,Al6.58Fe17.90Mn38.00Ti20.30W17.22,5,944.4267578125,939.1018676757812,55.336788177490234,459.1346999999998,True
CAND_03725,Mn22.35Mo7.40Ni26.89Ti43.36,4,964.0159301757812,717.5869750976562,51.014617919921875,476.2580999999998,True
CAND_03726,Co27.39Mn7.97Ni33.79Ti30.85,4,760.183837890625,814.6587524414062,67.20355224609375,396.05940000000004,True
CAND_03727,Cr14.81Cu14.60Fe27.07Mo15.19Ni28.33,5,689.0040893554688,746.4888305664062,50.24118423461914,507.5713999999998,True
CAND_03728,Al19.81Co38.14Fe16.67Mn25.38,4,661.6535034179688,1134.722900390625,60.93655776977539,546.5067666666666,True
CAND_03729,Al35.11Co20.65Mo29.69Ni14.55,4,700.15380859375,822.8492431640625,60.62673568725586,744.7031999999998,True
CAND_03730,Al11.62Mo15.96Nb12.61Ni20.33V39.48,5,1208.14697265625,877.4441528320312,62.02852249145508,537.036,True
CAND_03731,Cr17.07Cu7.76Fe23.98Nb17.38W33.81,5,970.2611083984375,977.13427734375,51.387386322021484,495.08769999999976,True
CAND_03732,Co44.75Cr19.40Fe16.39Ti9.34W10.12,5,744.47314453125,1147.353515625,57.91480255126953,537.1084,True
CAND_03733,Fe14.59Mn22.41Mo21.37Ni33.68W7.95,5,657.7597045898438,807.1635131835938,49.37315368652344,418.2115999999999,True
CAND_03734,Cu15.90Fe22.28Mo34.86Ti18.52V8.44,5,1078.552978515625,704.2600708007812,48.033939361572266,574.0649999999996,True
CAND_03735,Co15.30Cr10.63Mn17.55Nb32.05Ni8.11Ti16.36,6,824.2452392578125,1018.3355102539062,50.81765365600586,571.5547999999999,True
CAND_03736,Co24.57Cr11.71Cu13.89Nb13.22V15.08W21.53,6,965.443115234375,978.0165405273438,61.42544174194336,603.4168,True
CAND_03737,Al16.89Mn34.46Nb35.25W13.40,4,831.5552978515625,1127.8890380859375,56.74342727661133,541.5650999999999,True
CAND_03738,Cu27.48Mn14.08Mo17.69Ti18.56W22.19,5,859.8132934570312,897.6840209960938,44.18135070800781,682.1224999999995,True
CAND_03739,Al13.26Co5.67Cu25.09Ni11.92V31.94W12.12,6,994.2649536132812,921.4157104492188,56.125606536865234,660.1103999999995,True
CAND_03740,Cu10.20Nb37.82Ni38.81Ti13.17,4,1076.9730224609375,920.2184448242188,54.92071533203125,496.85519999999946,True
CAND_03741,Al8.70Mo29.47Ni5.13Ti33.77V15.24W7.69,6,944.6995239257812,621.940673828125,48.917728424072266,596.9652999999998,True
CAND_03742,Al6.90Cu13.59Fe15.39Mo31.25Nb22.41Ti10.46,6,1126.11572265625,867.7183227539062,47.24433517456055,608.8424999999996,True
CAND_03743,Al27.62Co14.38Fe21.18Mn25.19Ti11.63,5,898.8319702148438,1031.6815185546875,53.41940689086914,695.4136,True
CAND_03744,Al7.93Co10.22Cu24.62Fe22.10Ni6.89W28.24,6,570.3336181640625,987.2402954101562,55.301666259765625,550.5995999999994,True
CAND_03745,Co12.68Cr22.37Mn11.18Mo8.81Nb44.96,5,973.976806640625,1045.113525390625,60.910369873046875,577.2943999999998,True
CAND_03746,Al23.94Cr42.97Nb13.99Ti19.10,4,1186.789306640625,1178.9735107421875,57.22555923461914,626.1442999999999,True
CAND_03747,Al19.28Cr16.13Nb12.94Ti22.97V13.32W15.36,6,1283.7957763671875,1096.8843994140625,42.51948547363281,587.8561999999998,True
CAND_03748,Fe24.68Mo34.76Nb18.32Ni11.27W10.97,5,998.8489990234375,852.653076171875,51.57138442993164,518.4027999999998,True
CAND_03749,Co14.14Cr17.52Cu11.03Mn22.24Mo7.07Ti28.00,6,843.8793334960938,1014.9570922851562,51.09042739868164,560.4348999999997,True
CAND_03750,Al29.26Cr15.57Mn34.93Nb5.72V5.52W9.00,6,1163.4044189453125,1107.8719482421875,49.37993621826172,644.4186333333332,True
CAND_03751,Co21.16Mo14.88Ni9.34Ti22.81V8.55W23.26,6,786.6057739257812,843.6207885742188,56.130558013916016,567.0142,True
CAND_03752,Co11.21Mn5.24Nb16.50Ni41.78Ti17.29W7.98,6,1013.2474975585938,921.6469116210938,58.10742950439453,412.8205999999995,True
CAND_03753,Mn23.97Nb17.71Ni16.53W41.79,4,697.854248046875,1008.8233032226562,50.674129486083984,499.6008999999998,True
CAND_03754,Fe10.42Mo18.68Nb31.58Ti16.18W23.14,5,979.7534790039062,861.3350830078125,40.847347259521484,602.3047999999997,True
CAND_03755,Fe31.01Mn14.42Mo16.86Nb23.38V7.18W7.15,6,1171.3837890625,951.1875,54.21451187133789,520.9970999999998,True
CAND_03756,Al11.86Co25.58Mn6.88Nb29.28Ni12.56W13.84,6,812.6026000976562,1015.1769409179688,69.56594848632812,542.2559999999999,True
CAND_03757,Co31.70Cr17.76Ni38.15Ti12.39,4,923.1210327148438,825.01708984375,60.98105239868164,400.56460000000015,True
CAND_03758,Cr13.34Cu29.32Fe20.89Mn10.86Ni16.19Ti9.40,6,910.2313842773438,914.0319213867188,40.239585876464844,503.2010666666659,True
CAND_03759,Mo13.00Nb33.76Ni26.98V26.26,4,1163.258544921875,989.5391845703125,61.60149383544922,509.09579999999966,True
CAND_03760,Cr23.25Cu12.80Mn30.96Ni10.34V22.65,5,939.1646118164062,947.4542236328125,49.23506164550781,558.6676999999996,True
CAND_03761,Cr34.46Cu22.48Mn15.45Nb16.56V11.05,5,1131.0743408203125,948.0322875976562,56.43600845336914,652.1801999999998,True
CAND_03762,Cr14.71Cu14.66Mn29.47Mo29.82W11.34,5,748.9463500976562,846.5384521484375,46.60227584838867,604.5627999999997,True
CAND_03763,Al10.99Co31.73Cu24.35Ti32.93,4,708.66455078125,957.0122680664062,63.47991180419922,619.6691999999999,True
CAND_03764,Cu14.39Fe11.11Mn21.22Nb20.66Ni21.78W10.84,6,761.7257080078125,954.0138549804688,47.36015319824219,545.5207999999996,True
CAND_03765,Ni30.96Ti15.17V41.02W12.85,4,1202.9219970703125,890.7566528320312,56.79583740234375,436.21159999999963,True
CAND_03766,Cu12.27Mo34.54Nb27.71Ni7.92Ti17.56,5,963.7424926757812,768.7250366210938,46.21499252319336,631.4949999999997,True
CAND_03767,Co11.00Fe25.74Mn13.64Ti38.16W11.46,5,753.3643798828125,803.0006103515625,49.4609260559082,481.2120999999997,True
CAND_03768,Co17.04Cu32.20Ni22.26V28.50,4,891.0896606445312,849.7548217773438,60.78056335449219,539.9601999999996,True
CAND_03769,Al29.96Mn25.21Mo23.64V10.70W10.49,5,665.3380737304688,784.2672729492188,54.46580123901367,676.0642999999998,True
CAND_03770,Fe35.88Mo37.03Nb9.40W17.69,4,966.018798828125,1016.9266967773438,38.5954475402832,503.8193999999998,True
CAND_03771,Al28.49Cu10.56Mo16.91Nb36.64V7.40,5,959.3689575195312,837.3915405273438,61.278690338134766,732.0087333333331,True
CAND_03772,Mn25.20Mo12.05Ni42.82V19.93,4,1033.5921630859375,920.3040771484375,66.5312728881836,420.14239999999955,True
CAND_03773,Co11.02Fe26.06Mn23.25Ni5.70V20.98W12.99,6,737.935302734375,1092.6649169921875,51.80575942993164,478.17059999999975,True
CAND_03774,Fe26.15Mn13.55Nb13.37Ni33.12Ti5.44V8.37,6,1197.443359375,931.082763671875,49.87031173706055,394.5045999999996,True
CAND_03775,Al14.21Cr43.51Mn14.27W28.01,4,803.0081176757812,1178.7869873046875,64.4887924194336,573.6517999999999,True
CAND_03776,Cr13.69Fe9.86Mo21.31Nb42.39Ti12.75,5,1133.4183349609375,863.4168090820312,36.78983688354492,606.5547999999997,True
CAND_03777,Cr5.63Fe38.96Mo6.82Ni35.75V6.74W6.10,6,944.8663330078125,900.4436645507812,62.372806549072266,394.5655999999997,True
CAND_03778,Al41.92Fe16.80Mo7.00Nb12.60V21.68,5,1275.62890625,1240.569580078125,50.04741287231445,724.4865333333333,True
CAND_03779,Cr24.28Cu22.42Fe21.89Mo7.75Ni23.66,5,697.4774169921875,861.1427612304688,49.602359771728516,562.9003999999996,True
CAND_03780,Fe29.05Mn25.51Ni19.65Ti16.99W8.80,5,882.5360107421875,822.2412719726562,48.30258560180664,442.4966666666663,True
CAND_03781,Al20.16Fe11.38Mn18.76Mo10.72Ti32.61V6.37,6,961.062255859375,862.3886108398438,54.81833267211914,596.1541999999998,True
CAND_03782,Fe38.31Mo13.43Ni22.82Ti18.25W7.19,5,1027.493408203125,835.6652221679688,49.515106201171875,486.4575999999998,True
CAND_03783,Cr16.92Cu19.39Mn12.81Nb15.53Ti16.80V18.55,6,1113.4000244140625,1073.9493408203125,34.13480758666992,658.0159999999996,True
CAND_03784,Al21.19Co17.64Fe28.20Mn32.97,4,684.5802001953125,1154.126953125,56.74569320678711,482.4244666666666,True
CAND_03785,Al19.48Co28.30Cr19.09Ni12.90V20.23,5,1201.3670654296875,1058.39453125,62.665321350097656,569.4575333333332,True
CAND_03786,Al37.47Co15.80Ni25.93W20.80,4,601.3330078125,1064.0537109375,67.29412078857422,689.1422999999998,True
CAND_03787,Al31.13Fe14.61Mn31.91V22.35,4,859.531005859375,1133.8272705078125,55.88276290893555,662.1600999999999,True
CAND_03788,Al36.87Cu21.23Mn24.21Ti7.29W10.40,5,785.8764038085938,1110.3663330078125,54.01675796508789,692.2714333333332,True
CAND_03789,Cu11.25Fe42.29Mn19.39Ni14.76V12.31,5,729.7792358398438,833.5205688476562,52.84727096557617,525.1735666666661,True
CAND_03790,Cu28.75Fe36.37Nb9.70W25.18,4,711.515869140625,1039.013671875,38.33573913574219,535.2117999999994,True
CAND_03791,Al44.88Co19.31Cu27.15Ni8.66,4,763.7330322265625,1062.1622314453125,67.1485595703125,786.5939333333332,True
CAND_03792,Al10.22Cu17.59Nb23.95Ni16.84Ti7.30V24.10,6,1096.97265625,1015.4860229492188,42.994102478027344,622.0973999999995,True
CAND_03793,Cr21.17Fe11.55Mn11.03Mo15.79Nb21.07Ti19.39,6,1132.73388671875,976.8558349609375,49.25624084472656,595.8593999999998,True
CAND_03794,Al21.49Cr20.84Fe8.04Mn9.99Nb29.51W10.13,6,1149.68115234375,1248.2403564453125,61.050498962402344,598.8905333333332,True
CAND_03795,Cr23.14Fe24.02Mn32.67Ti20.17,4,923.9119873046875,1123.3309326171875,46.78974914550781,443.4477999999998,True
CAND_03796,Al35.50Fe24.95Mo12.06V21.98W5.51,5,861.2999877929688,1097.4261474609375,52.57181167602539,684.7760666666666,True
CAND_03797,Cr12.37Cu10.69Nb15.04Ti25.54V17.67W18.69,6,1071.9210205078125,1107.073486328125,48.29377365112305,594.5525999999996,True
CAND_03798,Co21.52Cr5.80Cu10.41Fe39.27Mo7.81W15.19,6,559.226318359375,997.8056640625,59.46334457397461,487.3597999999998,True
CAND_03799,Cr35.24Cu21.34Ni21.72Ti7.90W13.80,5,882.893798828125,936.4682006835938,47.46977996826172,593.0535999999995,True
CAND_03800,Fe18.04Mn35.59Mo14.58Ni16.06V15.73,5,964.5695190429688,829.2306518554688,50.010616302490234,476.07349999999985,True
CAND_03801,Al22.10Mn24.79Mo25.01Nb13.94Ni14.16,5,791.7343139648438,825.0313720703125,51.76020431518555,580.2617999999999,True
CAND_03802,Al15.89Co11.14Cr14.42Ni44.05Ti14.50,5,1218.210205078125,896.8666381835938,61.35601043701172,424.8375999999996,True
CAND_03803,Al6.18Cu13.45Fe39.81Ni24.51W16.05,5,517.992431640625,867.5507202148438,53.25187683105469,542.9373999999996,True
CAND_03804,Al11.39Co14.36Cu26.84Mn9.65Mo31.18W6.58,6,699.7633056640625,851.1513061523438,61.088199615478516,697.6806999999997,True
CAND_03805,Al9.36Co41.76Mn9.01Mo20.95W18.92,5,849.8032836914062,967.8894653320312,62.08291244506836,592.5383,True
CAND_03806,Co17.99Mn36.93Ni20.53Ti10.38V14.17,5,783.1793212890625,786.3839721679688,54.35470962524414,471.7927999999999,True
CAND_03807,Al25.02Cr20.32Fe13.53Nb29.42V11.71,5,1381.5587158203125,1127.28662109375,50.221920013427734,625.6853333333332,True
CAND_03808,Al7.39Mn10.05Ti37.65W44.91,4,866.3245239257812,777.8132934570312,55.947818756103516,558.4053999999996,True
CAND_03809,Co29.17Cu32.79Ti8.06V22.68W7.30,5,803.9131469726562,1137.1861572265625,61.426849365234375,635.9001999999997,True
CAND_03810,Co22.83Mn29.63Ni41.94Ti5.60,4,635.083740234375,947.5966186523438,66.01109313964844,404.6629,True
CAND_03811,Al28.50Cr21.58Fe23.78Nb7.45Ti5.48W13.21,6,1185.902587890625,1364.142578125,50.95485305786133,700.5586,True
CAND_03812,Al31.73Cr32.00Fe11.90Ni14.42W9.95,5,917.5051879882812,1172.5357666015625,66.34886932373047,684.5702333333332,True
CAND_03813,Co25.91Cu35.13Fe13.28Mo9.77W15.91,5,671.83544921875,930.0104370117188,69.48763275146484,626.0105999999997,True
CAND_03814,Al21.19Cr8.92Nb40.69V9.01W20.19,5,1143.0718994140625,1124.49169921875,57.04087448120117,583.8979999999999,True
CAND_03815,Cr13.05Mo7.88Ni44.81Ti28.63W5.63,5,1107.786376953125,911.3740844726562,53.54133605957031,419.08399999999966,True
CAND_03816,Cr25.90Fe20.83Mn28.94Mo8.50Ni15.83,5,715.7566528320312,975.86376953125,51.61731719970703,445.5497999999997,True
CAND_03817,Mn13.03Nb7.67Ni32.70Ti32.69V8.46W5.45,6,1136.31298828125,838.96240234375,43.62403106689453,414.5421999999996,True
CAND_03818,Cr24.46Cu12.87Mn33.17Ti29.50,4,797.6112060546875,981.9922485351562,38.93161392211914,549.6600999999997,True
CAND_03819,Al18.24Cu42.82Ni9.87Ti19.14W9.93,5,1048.5986328125,988.8087768554688,53.15327835083008,635.7843999999993,True
CAND_03820,Co21.59Cr16.13Mo25.59Nb6.65V30.04,5,1363.8106689453125,1041.627197265625,49.159934997558594,574.8937000000002,True
CAND_03821,Cu30.57Fe17.83Mo8.44Ni13.67Ti29.49,5,817.143798828125,871.95751953125,46.90226745605469,543.4899999999992,True
CAND_03822,Co27.10Cr13.97Cu16.42Fe34.41Mo8.10,5,630.1778564453125,808.8477172851562,60.4674186706543,532.5539999999999,True
CAND_03823,Al11.73Co34.56Cr16.44Cu10.15Nb12.18V14.94,6,1256.469482421875,1036.4915771484375,62.6297492980957,594.8386,True
CAND_03824,Cr23.67Fe29.90Mo20.33Nb10.32Ti15.78,5,1177.13671875,780.1083984375,38.9127311706543,509.2298999999999,True
CAND_03825,Al39.78Co8.12Cu7.01Fe37.59Nb7.50,5,888.1829223632812,1093.56884765625,48.05611038208008,669.4476,True
CAND_03826,Co25.16Cr7.94Cu20.31Fe14.72Ni26.57W5.30,6,509.8427734375,837.2085571289062,69.48760223388672,530.1479999999998,True
CAND_03827,Co42.28Cr6.35Cu24.40Mo15.02W11.95,5,753.5938720703125,1029.1300048828125,70.93875885009766,690.3028,True
CAND_03828,Al37.95Cu16.04Fe8.45Ti37.56,4,977.2797241210938,786.0718994140625,54.36406326293945,716.3791333333334,True
CAND_03829,Al18.99Cr14.65Fe36.78Nb19.50Ni10.08,5,1093.2196044921875,977.7594604492188,48.6057243347168,492.9805999999998,True
CAND_03830,Co31.20Cu17.31Mo11.69Nb26.53Ti13.27,5,871.27734375,1037.857177734375,60.30352783203125,650.5767999999999,True
CAND_03831,Fe22.32Mn20.06Nb17.13Ti40.49,4,824.5037231445312,924.9452514648438,48.846317291259766,479.1319999999997,True
CAND_03832,Cr25.03Ti30.33V19.62W25.02,4,984.2192993164062,1010.2626953125,50.959205627441406,561.3635999999999,True
CAND_03833,Co11.44Fe22.87Mo38.24Ti27.45,4,823.12939453125,799.757568359375,52.16226577758789,507.5245999999998,True
CAND_03834,Al9.94Co23.40Cr18.85Cu26.41Mn14.12W7.28,6,782.0372924804688,993.8790283203125,62.74393081665039,631.7116,True
CAND_03835,Al25.94Cu18.85Fe27.25Ni20.08V7.88,5,944.9672241210938,933.3319702148438,61.40352249145508,696.7265333333329,True
CAND_03836,Al20.07Co21.86Mn13.28Ni16.79W28.00,5,691.9595947265625,1127.741943359375,63.987178802490234,533.9861999999998,True
CAND_03837,Cr11.03Fe41.59Mo15.59Ti31.79,4,910.7051391601562,709.496826171875,43.29367446899414,485.81189999999975,True
CAND_03838,Al24.72Cr21.90Cu8.42Fe29.64Ni15.32,5,981.5886840820312,999.0318603515625,58.85760498046875,549.6073,True
CAND_03839,Al17.57Cr18.24Fe11.97Nb27.65V24.57,5,1502.2615966796875,1226.4793701171875,50.19157409667969,566.9182,True
CAND_03840,Al31.52Cr13.43Fe10.95V23.19W20.91,5,1149.4720458984375,1198.6771240234375,50.83864974975586,691.3144666666666,True
CAND_03841,Fe29.15Mo27.12Ni16.36Ti7.49V19.88,5,1137.0074462890625,944.1939086914062,43.37162399291992,506.76186666666655,True
CAND_03842,Cu16.87Fe24.21Ni24.78Ti13.91W20.23,5,1006.2344360351562,932.7086181640625,46.28590774536133,600.2473999999994,True
CAND_03843,Co10.38Cr19.37Fe18.45Mn12.34Ni14.32V25.14,6,1124.9227294921875,1062.6707763671875,56.3797607421875,485.46599999999967,True
CAND_03844,Co28.76Cu26.19Mo6.94V38.11,4,996.0684204101562,1039.6241455078125,69.28162384033203,637.2141999999999,True
CAND_03845,Cr5.35Fe36.49Mn15.06Mo6.48V36.62,5,946.8392333984375,1090.0335693359375,47.6751594543457,489.35749999999973,True
CAND_03846,Al37.22Co25.01Cr8.57Fe5.28Nb23.92,5,923.4085693359375,1098.98388671875,64.23008728027344,775.5773999999999,True
CAND_03847,Al14.11Co15.39Cu43.64Mn6.46Nb6.90Ni13.50,6,807.1341552734375,996.2853393554688,54.924381256103516,627.7223999999993,True
CAND_03848,Co29.47Cr25.41Nb9.16V15.35W20.61,5,1046.2957763671875,1093.6146240234375,61.74091339111328,558.2286,True
CAND_03849,Al18.14Cr28.23Cu14.37Fe11.18W28.08,5,963.4064331054688,1063.7972412109375,60.66897964477539,587.8141999999997,True
CAND_03850,Al28.64Co10.08Cr8.43Fe13.90Nb38.95,5,1093.8289794921875,1133.6351318359375,56.9950065612793,701.0694,True
CAND_03851,Al32.66Fe24.18Nb30.93Ti12.23,4,1165.962890625,1035.3515625,50.21449661254883,743.5106,True
CAND_03852,Co20.24Mn15.35Mo9.84Ni11.34W43.23,5,643.1455078125,992.64794921875,63.38853073120117,546.3418,True
CAND_03853,Co15.39Cu21.22Fe34.02Ni29.37,4,438.601806640625,846.4533081054688,58.00503921508789,476.49719999999905,True
CAND_03854,Al24.29Fe10.60Mn5.09Nb9.80V38.71W11.51,6,1256.2464599609375,1188.9676513671875,49.07443618774414,625.8838666666667,True
CAND_03855,Al28.64Cr22.15Mn19.68Mo12.18Nb17.35,5,917.50341796875,1232.5872802734375,51.68792724609375,717.8234333333331,True
CAND_03856,Co11.24Cr30.36Fe10.80Mo25.61Nb11.22V10.77,6,1416.3363037109375,941.8063354492188,53.12309646606445,594.2064999999999,True
CAND_03857,Al18.41Cu11.04Mn5.46Mo14.46Ti12.93W37.70,6,1009.0048828125,801.1873168945312,55.97665786743164,621.3611999999996,True
CAND_03858,Al23.83Co11.81Cr30.81Ti33.55,4,1128.714111328125,902.2818603515625,64.3367691040039,613.6181666666666,True
CAND_03859,Al9.84Co6.10Cu15.77Ni14.37Ti43.86V10.06,6,923.1775512695312,663.698486328125,50.395267486572266,620.4107999999995,True
CAND_03860,Al22.49Mo13.17Nb28.12Ti15.17V21.05,5,1037.828857421875,761.10302734375,52.63896560668945,641.8547999999998,True
CAND_03861,Al6.37Mn13.76Mo21.00Ni30.69W28.18,5,646.7503051757812,668.4195556640625,62.28654479980469,457.1971999999998,True
CAND_03862,Al9.05Cr26.54Fe21.82Mn5.66Nb14.11Ti22.82,6,1171.5880126953125,1060.7548828125,53.149051666259766,486.8810999999998,True
CAND_03863,Al5.28Mn13.02Nb11.27Ni11.17V19.18W40.08,6,1046.835205078125,1002.5514526367188,45.87437057495117,572.3001999999997,True
CAND_03864,Al21.28Mn15.77Mo24.04Nb20.72V18.19,5,1101.5946044921875,874.3870849609375,51.4339485168457,613.1404999999997,True
CAND_03865,Fe28.77Mo15.25Nb5.58Ni23.36Ti6.88V20.16,6,1230.0496826171875,1039.25390625,48.48663330078125,511.0778,True
CAND_03866,Cu28.04Fe28.29Ni35.18Ti8.49,4,978.2550659179688,886.5928955078125,52.09694290161133,430.5543999999991,True
CAND_03867,Al12.35Co15.19Cu18.87Fe15.49Ni38.10,5,588.905029296875,1012.2338256835938,58.942115783691406,437.3617999999993,True
CAND_03868,Cr17.88Cu18.49Mn20.38Mo12.50Ni16.01V14.74,6,1026.47265625,760.1341552734375,45.970787048339844,678.0490999999995,True
CAND_03869,Co23.13Nb35.36Ni7.42V34.09,4,1033.844970703125,1075.7996826171875,65.138671875,563.4177999999999,True
CAND_03870,Cu18.13Mn27.61Mo43.97Ni10.29,4,676.4633178710938,851.7155151367188,48.652259826660156,655.7315999999997,True
CAND_03871,Al31.22Co38.25Cu18.61Mn11.92,4,805.3515014648438,1073.22900390625,68.49267578125,799.3827333333334,True
CAND_03872,Al13.53Fe22.83Mn18.07Mo11.47Nb23.11W10.99,6,999.9429931640625,1014.6829833984375,60.13237380981445,511.2818999999998,True
CAND_03873,Co35.68Nb18.79Ni29.63Ti15.90,4,987.5271606445312,912.3209228515625,64.96874237060547,467.38660000000016,True
CAND_03874,Cr26.37Ti22.92V29.68W21.03,4,1054.2821044921875,993.3676147460938,52.6815299987793,563.0715999999999,True
CAND_03875,Co33.67Cr6.39Cu25.09Nb23.06W11.79,5,657.869873046875,1021.3203125,69.021728515625,649.3262,True
CAND_03876,Al35.15Cr6.84Nb28.36Ni29.65,4,854.1090698242188,1065.2930908203125,62.98058319091797,749.0322666666664,True
CAND_03877,Al23.19Cr20.96Cu12.96Mn10.98Mo13.47Ni18.44,6,1028.630615234375,1004.167236328125,61.20188522338867,604.7223999999999,True
CAND_03878,Al29.05Co44.43Fe7.76W18.76,4,838.9321899414062,1106.274169921875,64.66705322265625,747.0725333333334,True
CAND_03879,Co15.35Mo15.04Ti28.22V41.39,4,908.0352783203125,814.2680053710938,51.28416061401367,589.3521999999999,True
CAND_03880,Al14.56Cu39.89Mn21.57Nb17.42Ti6.56,5,879.1773681640625,1144.248046875,53.87541580200195,624.0824999999995,True
CAND_03881,Fe42.18Nb19.40Ni9.93Ti28.49,4,1024.802734375,876.375244140625,47.88825607299805,484.1664999999996,True
CAND_03882,Al7.95Co27.21Cr24.57Cu14.08Fe26.19,5,524.7734375,748.1192626953125,50.82196807861328,524.2434,True
CAND_03883,Cr39.57Fe29.07Nb22.90Ni8.46,4,1090.40625,898.6198120117188,62.95338439941406,500.43409999999966,True
CAND_03884,Cr23.27Cu5.00V42.27W29.46,4,1047.877197265625,988.1417236328125,55.67338562011719,567.6229999999998,True
CAND_03885,Cr23.48Nb30.00Ni7.77V38.75,4,1205.861328125,1053.933349609375,59.09428405761719,574.5141999999998,True
CAND_03886,Mn36.92Mo12.98Nb19.42Ni30.68,4,805.8263549804688,805.4789428710938,58.274070739746094,436.6695999999996,True
CAND_03887,Cr16.93Cu20.29Fe26.18Nb36.60,4,904.318115234375,847.4116821289062,44.09013366699219,557.2551999999996,True
CAND_03888,Co40.53Mo23.00Ni7.56Ti5.24W23.67,5,834.1346435546875,1014.7179565429688,63.9504280090332,593.6063,True
CAND_03889,Al35.59Fe22.78V25.13W16.50,4,996.2655029296875,1205.7396240234375,53.62656784057617,686.7157333333333,True
CAND_03890,Co15.17Cr31.60Mn6.06Ni15.66V31.51,5,1105.7608642578125,926.6880493164062,64.51085662841797,545.5877999999999,True
CAND_03891,Cr27.16Mn15.47Mo17.28Nb9.63Ti13.39V17.07,6,1248.22509765625,1061.5987548828125,43.37958526611328,599.5733999999998,True
CAND_03892,Co11.43Cr15.96Fe21.49Mo12.28V38.84,5,1239.8795166015625,1040.0782470703125,53.315391540527344,499.8741999999998,True
CAND_03893,Al41.55Fe7.22Mn30.98Ti20.25,4,948.2215576171875,1082.7520751953125,51.269046783447266,713.8125333333334,True
CAND_03894,Al21.28Cr11.83Fe25.10Mo6.51Nb35.28,5,1205.6207275390625,1032.8828125,51.50739669799805,536.3239666666666,True
CAND_03895,Al20.31Co14.36Mn40.34Ti24.99,4,930.987060546875,1096.46923828125,57.91435241699219,544.7416999999999,True
CAND_03896,Al36.21Cr5.42Mn34.98Mo11.16Ni12.23,5,827.5447387695312,990.9146728515625,57.03810501098633,664.6186333333332,True
CAND_03897,Co15.47Cr12.07Mn36.41Ni23.06Ti12.99,5,974.3630981445312,836.0228881835938,46.76209259033203,467.0629999999998,True
CAND_03898,Co12.20Fe34.77Mn17.46Mo35.57,4,568.4048461914062,904.58056640625,53.76022720336914,502.92559999999975,True
CAND_03899,Al17.20Co13.88Nb10.36V33.38W25.18,5,1158.0146484375,1188.6497802734375,54.304744720458984,561.9449999999998,True
CAND_03900,Al17.17Fe6.70Mo40.88Nb10.71W24.54,5,990.6107788085938,924.95263671875,49.3728141784668,588.8462999999998,True
CAND_03901,Al22.71Co8.14Nb17.46Ti24.65V16.53W10.51,6,1115.5491943359375,1128.113525390625,55.11471176147461,627.6752666666666,True
CAND_03902,Co16.13Ti16.38V32.36W35.13,4,892.6874389648438,973.156005859375,49.594478607177734,568.7918,True
CAND_03903,Co31.37Cr6.27Cu5.85Ni9.04V31.38W16.09,6,939.6393432617188,1022.1207275390625,71.33794403076172,548.8533999999999,True
CAND_03904,Al20.63Fe35.54Mn24.27Ni14.37Ti5.19,5,832.4776611328125,1065.43115234375,46.8193473815918,503.35573333333315,True
CAND_03905,Al17.24Mo22.65Ni13.82Ti11.94V34.35,5,1107.363037109375,743.8362426757812,50.7142219543457,589.9338999999999,True
CAND_03906,Al16.02Mn28.14Mo5.46Ni10.29V18.77W21.32,6,910.6638793945312,1033.50390625,57.514339447021484,542.5296999999998,True
CAND_03907,Al29.93Co27.83Mn21.94W20.30,4,596.701171875,1127.462158203125,65.47410583496094,702.3120666666665,True
CAND_03908,Al17.00Co16.26Cr21.67Ni19.20Ti14.42V11.45,6,1316.2156982421875,753.2542114257812,56.601776123046875,495.45219999999983,True
CAND_03909,Co13.36Mo20.80Ni7.32Ti41.21W17.31,5,765.1671752929688,592.9134521484375,49.6717414855957,580.7920999999998,True
CAND_03910,Al8.99Co8.89Cu27.84Mn42.74Mo11.54,5,763.8352661132812,979.1618041992188,54.880672454833984,608.5334999999995,True
CAND_03911,Al18.12Co17.54Cu12.67Nb17.70Ni17.29V16.68,6,1326.0289306640625,1177.2252197265625,62.54325485229492,528.3473999999999,True
CAND_03912,Co17.21Cu32.00Fe13.98Mo22.57Nb7.56V6.68,6,1133.9736328125,853.438720703125,46.31642150878906,667.2102999999997,True
CAND_03913,Co15.68Cu17.90Mo10.05Nb31.86Ni24.51,5,778.215087890625,899.078125,59.018829345703125,578.3547999999998,True
CAND_03914,Co36.36Cr18.20Cu12.50Mo32.94,4,876.1593627929688,882.9343872070312,65.376220703125,624.1315,True
CAND_03915,Al14.95Co7.51Cu27.94Mn17.24Mo32.36,5,717.9942016601562,860.63330078125,60.96132278442383,702.4518999999996,True
CAND_03916,Cr16.18Fe17.52Nb30.40Ti13.15V22.75,5,1222.04736328125,1201.139404296875,36.451194763183594,514.9393999999998,True
CAND_03917,Al19.59Co20.16Fe20.75Mo16.33V5.33W17.84,6,991.1478881835938,954.7720336914062,64.22592163085938,523.5475333333333,True
CAND_03918,Al21.70Ni10.90V25.60W41.80,4,997.3094482421875,1101.8802490234375,54.76778030395508,588.8527999999998,True
CAND_03919,Al28.85Ti9.76V34.87W26.52,4,1032.914306640625,1142.8619384765625,51.469173431396484,696.4120666666665,True
CAND_03920,Al17.58Co7.66Cr21.61Ti30.34V22.81,5,1264.363525390625,1020.4734497070312,50.19608688354492,560.2951333333331,True
CAND_03921,Co14.34Cr11.99Mo15.06Ni26.06Ti25.44W7.11,6,1099.1544189453125,732.1217651367188,52.25005340576172,510.02789999999993,True
CAND_03922,Co24.49Mn27.32Mo37.79W10.40,4,592.625732421875,937.5504150390625,62.18974685668945,547.3127,True
CAND_03923,Al6.30Cr37.56Mn24.53Mo8.24Nb13.75Ti9.62,6,940.3619384765625,1048.22314453125,61.20497131347656,540.6364999999998,True
CAND_03924,Cr20.53Mo30.54Nb19.67Ti14.38V9.44W5.44,6,1226.3892822265625,866.4307861328125,46.573299407958984,596.5703,True
CAND_03925,Co13.71Cu16.17Fe25.31Mo16.40V11.50W16.91,6,941.7662963867188,857.9979858398438,51.5806770324707,599.7292999999996,True
CAND_03926,Co14.81Cu16.94Mo26.64Nb20.03V8.66W12.92,6,1095.9605712890625,821.1902465820312,57.26693344116211,701.2828999999997,True
CAND_03927,Al8.45Cr37.99Mo33.11Ti20.45,4,1030.486328125,843.1767578125,58.24021911621094,587.1665999999999,True
CAND_03928,Cr10.60Fe21.15Mo20.34Ti10.37W37.54,5,983.5176391601562,864.0587768554688,40.65749740600586,514.1797999999999,True
CAND_03929,Al16.17Fe15.05Mn9.21Ni20.77Ti19.30W19.50,6,1094.9678955078125,960.069091796875,57.190921783447266,490.85939999999965,True
CAND_03930,Al13.48Co29.17Fe18.22Ni39.13,4,528.9202880859375,958.8180541992188,73.87641143798828,385.3248,True
CAND_03931,Co28.37Cr24.33Cu18.25Fe29.05,4,506.19439697265625,847.6651611328125,52.621002197265625,545.1438,True
CAND_03932,Al6.96Fe9.66Mo24.84Ti26.10V24.20W8.24,6,1011.78369140625,799.562255859375,48.96175765991211,590.3038999999998,True
CAND_03933,Al8.14Co43.83Cr9.25Fe6.74Mo11.03Nb21.01,6,1042.363525390625,1070.4747314453125,62.471717834472656,571.706,True
CAND_03934,Al15.25Cu12.62Mo9.32Ti34.24V28.57,5,1117.466064453125,699.831298828125,55.981876373291016,597.1997999999999,True
CAND_03935,Co10.49Cr43.51Cu7.50Fe24.29Ni9.19Ti5.02,6,936.367431640625,1112.550537109375,62.44817352294922,486.67829999999964,True
CAND_03936,Co10.66Fe15.30Mn29.74Nb11.29Ti12.12W20.89,6,844.3610229492188,1088.8309326171875,33.36516189575195,506.59749999999974,True
CAND_03937,Fe30.93Mn21.87Mo12.64V34.56,4,917.6959838867188,1042.0400390625,54.166385650634766,487.98199999999974,True
CAND_03938,Al37.42Co29.16Mo17.90Ti10.11W5.41,5,817.2857666015625,875.3477172851562,59.35178756713867,764.5465999999999,True
CAND_03939,Co28.33Fe6.17Mo35.40V30.10,4,1093.765625,1029.4757080078125,62.225467681884766,577.8453,True
CAND_03940,Co23.23Fe17.97Mo7.56Nb18.86Ni24.48W7.90,6,739.9835815429688,917.6624755859375,72.15823364257812,497.16659999999985,True
CAND_03941,Al17.62Fe22.85Mn16.88Nb19.99W22.66,5,1078.1483154296875,1124.614013671875,56.40109634399414,505.2072999999998,True
CAND_03942,Co24.10Ni28.15Ti31.89W15.86,4,790.4224243164062,824.329345703125,66.84690856933594,467.0097999999998,True
CAND_03943,Al10.94Cr43.50Fe28.78Ni16.78,4,1035.595703125,890.6558837890625,50.97303009033203,462.4252999999996,True
CAND_03944,Fe19.18Mo25.47Ni10.10V12.04W33.21,5,1005.8513793945312,733.5736083984375,47.795894622802734,534.0894999999998,True
CAND_03945,Cu40.01Fe23.24Mn8.41Mo17.97W10.37,5,655.5032348632812,936.86767578125,51.62213897705078,565.0603999999992,True
CAND_03946,Cr20.16Cu22.13Fe41.11W16.60,4,473.8410949707031,971.45849609375,40.958621978759766,542.4711999999996,True
CAND_03947,Cu11.17Mo24.74Ni15.89Ti11.46V26.75W9.99,6,1062.751953125,1083.9481201171875,47.7119255065918,600.3404999999996,True
CAND_03948,Co9.27Cr8.51Mn23.65Mo24.69V20.07W13.81,6,920.7279663085938,1078.5582275390625,50.13380813598633,562.1861999999998,True
CAND_03949,Cu16.94Mn7.92Mo39.65Ni35.49,4,676.7662963867188,868.34228515625,53.00878143310547,509.9347999999996,True
CAND_03950,Al43.96Cu31.15Fe16.21Nb8.68,4,970.3099975585938,1125.6026611328125,51.54348373413086,720.3599333333334,True
CAND_03951,Co11.02Cr41.97Cu20.75V19.69W6.57,5,1021.138427734375,976.4948120117188,56.73875427246094,645.3315999999998,True
CAND_03952,Cr37.78Mo15.71Ti32.16V14.35,4,1112.6044921875,754.5637817382812,55.74382019042969,590.7103999999998,True
CAND_03953,Co5.61Cu5.10Mn40.04Mo13.19Nb21.79Ti14.27,6,860.8284912109375,917.9959716796875,45.43439483642578,558.8904999999997,True
CAND_03954,Al25.95Cr18.49Cu6.28Fe20.44Mn18.74V10.10,6,1027.2520751953125,954.6243896484375,52.55430221557617,638.5995333333332,True
CAND_03955,Co29.36Mn12.94Mo33.88Ti17.45V6.37,5,869.1535034179688,830.5084228515625,60.602115631103516,574.1715,True
CAND_03956,Al21.03Co21.58Cr20.01V37.38,4,1210.8189697265625,1210.1383056640625,62.10321044921875,577.1089333333333,True
CAND_03957,Cr12.53Fe35.93Ni19.28W32.26,4,632.79931640625,885.1065063476562,56.68153762817383,456.0101666666663,True
CAND_03958,Co8.92Mn42.02V8.42W40.64,4,752.2634887695312,993.8860473632812,55.44464874267578,538.8124999999999,True
CAND_03959,Al36.79Cu12.80Mo16.04Nb11.17Ni11.43Ti11.77,6,922.1807250976562,697.6021728515625,49.62163162231445,734.1195333333333,True
CAND_03960,Al16.70Co10.29Cu15.69Fe12.02Nb24.98W20.32,6,1005.5123291015625,1051.8748779296875,60.633182525634766,651.5743999999996,True
CAND_03961,Cr9.59Mo8.29Ti43.81V28.48W9.83,5,994.8560180664062,762.5836791992188,46.915401458740234,555.5499999999998,True
CAND_03962,Al29.18Cu18.82Fe6.47Mo37.93Nb7.60,5,925.1149291992188,861.0174560546875,46.15752029418945,745.4695333333332,True
CAND_03963,Al37.94Fe13.65Mn8.05Nb15.36Ti16.21V8.79,6,1199.438232421875,1034.571533203125,52.326297760009766,721.6890666666667,True
CAND_03964,Al12.21Nb12.01Ni34.30Ti9.33V10.20W21.95,6,1214.222900390625,1011.1397705078125,54.18152618408203,425.64039999999954,True
CAND_03965,Cu24.16Fe29.14Mn22.23Ni24.47,4,421.85491943359375,891.4589233398438,47.93091583251953,517.7849999999995,True
CAND_03966,Co26.24Cr44.47Fe6.21Mn6.80Mo16.28,5,724.0709838867188,1024.69189453125,75.37633514404297,567.177,True
CAND_03967,Al29.27Mn32.84Mo30.48Nb7.41,4,718.79541015625,897.9287109375,45.809574127197266,660.6552999999998,True
CAND_03968,Al6.59Co37.55Cr14.24Cu10.15V15.61W15.86,6,1073.1890869140625,942.4444580078125,76.99044036865234,604.3863999999999,True
CAND_03969,Co22.66Fe26.46Mn15.66Mo13.12W22.10,5,570.4118041992188,1004.0677490234375,60.825740814208984,498.61199999999997,True
CAND_03970,Co35.94Cu16.90Mn16.00Ni17.53W13.63,5,603.034423828125,972.8368530273438,70.84597778320312,628.503,True
CAND_03971,Co13.49Cr10.36Nb39.79Ni22.65V13.71,5,1083.325927734375,874.7026977539062,60.914520263671875,490.6893999999997,True
CAND_03972,Al24.13Cr23.07Nb40.09Ti6.66V6.05,5,1234.643798828125,1226.4508056640625,58.078155517578125,625.8335,True
CAND_03973,Co8.74Mo11.26Nb31.05Ni19.24Ti11.72W17.99,6,944.0149536132812,904.37939453125,61.39248275756836,510.80699999999973,True
CAND_03974,Cu13.82Ni41.43Ti12.60V16.26W15.89,5,1149.818603515625,944.5782470703125,57.517555236816406,479.0811999999994,True
CAND_03975,Al6.49Co24.09Cr30.56Mo16.62Nb9.75V12.49,6,1361.327880859375,917.3222045898438,68.93409729003906,580.2956000000001,True
CAND_03976,Al25.16Co25.52Cr5.73Cu6.62Mn18.00Ni18.97,6,773.3111572265625,920.8715209960938,78.46387481689453,661.7240666666665,True
CAND_03977,Cr12.42Cu10.34Fe29.41Mo21.03Ni7.75V19.05,6,1206.5037841796875,914.4791259765625,45.0656852722168,532.7678999999998,True
CAND_03978,Al20.49Co26.49Cr17.65Nb5.43Ti29.94,5,1084.2015380859375,1071.7283935546875,54.06520080566406,585.4036666666665,True
CAND_03979,Co25.91Cu25.70Fe7.57Nb15.83Ni24.99,5,609.7091674804688,860.3640747070312,69.90193176269531,570.3233999999994,True
CAND_03980,Al29.64Cr23.54Ti5.41V24.17W17.24,5,1226.998779296875,1313.96484375,54.62385940551758,717.6264999999997,True
CAND_03981,Cr15.63Cu25.30Mn14.29Ti7.84V36.94,5,1044.2945556640625,1014.6880493164062,40.16443634033203,657.9121999999996,True
CAND_03982,Cu11.49Fe18.83Mo29.68Nb27.34Ni12.66,5,960.245361328125,875.399658203125,54.687984466552734,552.2497999999997,True
CAND_03983,Al14.28Cr33.10Mn15.52Mo7.26Ni29.84,5,881.3973388671875,1062.57666015625,65.6471176147461,482.8571999999994,True
CAND_03984,Co22.92Mo22.53Ni44.02V10.53,4,1081.3734130859375,789.449462890625,72.65563201904297,428.03220000000005,True
CAND_03985,Al8.53Co18.46Cr25.78Nb23.07Ni8.49Ti15.67,6,895.6647338867188,964.061767578125,69.75699615478516,551.1632000000001,True
CAND_03986,Cr24.44Cu35.21Mo29.69Nb10.66,4,942.1373901367188,986.1283569335938,38.86277770996094,670.3842999999996,True
CAND_03987,Al17.29Co23.01Cu13.08Mn16.04Ti30.58,5,856.3333129882812,987.1951904296875,62.82194900512695,595.9703333333331,True
CAND_03988,Cu25.90Fe18.41Mn15.07Nb24.65Ti9.09V6.88,6,1006.0673828125,1021.26806640625,45.77794647216797,573.1551999999994,True
CAND_03989,Al6.95Cr11.29Mn15.39Mo13.34Ti28.40V24.63,6,1146.5137939453125,841.241943359375,55.266300201416016,590.8943999999998,True
CAND_03990,Cr30.54Cu12.62Mn26.58Ti30.26,4,848.7646484375,926.0787963867188,46.805992126464844,552.8500999999998,True
CAND_03991,Cr20.87Mo28.25Ni22.10Ti28.78,4,995.91015625,792.4595336914062,43.624534606933594,519.2770999999998,True
CAND_03992,Cr19.50Cu38.45Mn26.18W15.87,4,615.16162109375,1028.880859375,42.883453369140625,598.2958999999994,True
CAND_03993,Al16.90Mn7.14Mo22.15Nb21.62Ni32.19,5,849.94970703125,835.1586303710938,59.887123107910156,452.1505999999997,True
CAND_03994,Cr13.05Cu15.09Nb26.82Ni8.51W36.53,5,824.3923950195312,899.7512817382812,50.44282913208008,633.3135999999995,True
CAND_03995,Co23.10Cu42.30V9.04W25.56,4,776.5744018554688,947.2648315429688,67.10320281982422,633.3461999999997,True
CAND_03996,Al19.07Fe14.95Mn11.06V35.07W19.85,5,1045.8228759765625,1154.6998291015625,54.36136245727539,557.6033999999997,True
CAND_03997,Al25.18Cu34.76Mo19.22Ti20.84,4,853.7763061523438,769.440185546875,51.941959381103516,716.1203333333331,True
CAND_03998,Al15.98Co15.29Cu13.41Mo37.61Ni17.71,5,789.2806396484375,756.2467651367188,61.610958099365234,569.9394999999996,True
CAND_03999,Al29.07Cu31.11Fe25.56W14.26,4,712.53759765625,1050.1258544921875,54.614437103271484,694.2192666666666,True
CAND_04000,Co9.53Cr13.95Mn37.33Ni8.08Ti10.56W20.55,6,794.1815185546875,1085.9581298828125,45.06647872924805,536.3574999999997,True
CAND_04001,Cr16.89Fe32.85Mn11.86Mo8.77Ti29.63,5,945.271728515625,873.02490234375,42.28266143798828,481.78109999999964,True
CAND_04002,Co21.33Fe22.62Ni8.55V37.52W9.98,5,908.4238891601562,977.342529296875,63.27885055541992,485.2943999999998,True
CAND_04003,Cr13.29Ni31.17V23.28W32.26,4,1067.9459228515625,969.787353515625,59.535560607910156,420.13419999999957,True
CAND_04004,Co37.46Nb15.59Ti39.97V6.98,4,874.9117431640625,904.859375,59.05484390258789,558.9967999999998,True
CAND_04005,Cr23.83Mo5.88Nb26.61Ni15.80V14.71W13.17,6,1167.2550048828125,973.5269165039062,58.28167724609375,552.8869999999998,True
CAND_04006,Co21.69Cu6.27Nb18.93Ni38.05Ti15.06,5,759.8517456054688,886.5787353515625,61.67658233642578,408.05940000000004,True
CAND_04007,Cu30.53Mo16.34Nb16.92Ni36.21,4,809.140380859375,911.3721923828125,53.249488830566406,478.1949999999993,True
CAND_04008,Al18.58Cu21.27Mn25.29Mo15.25V10.12W9.49,6,898.6713256835938,926.505859375,54.86446762084961,662.0694999999996,True
CAND_04009,Co19.13Cr9.22Fe14.85Mn38.11Ni18.69,5,527.2080078125,942.6222534179688,56.99484634399414,429.26299999999986,True
CAND_04010,Cr10.17Cu12.58Mn20.81Nb34.95Ti21.49,5,839.8862915039062,1002.177001953125,42.0326042175293,593.0564999999996,True
CAND_04011,Co32.97Mo11.47Ti24.27V31.29,4,942.279052734375,1128.901611328125,61.75217819213867,573.0793999999999,True
CAND_04012,Cr32.35Nb19.08Ni11.01Ti11.62V19.45W6.49,6,1140.736328125,1000.3528442382812,60.16947937011719,570.7771999999999,True
CAND_04013,Fe24.42Mn44.43Nb24.26Ti6.89,4,874.4523315429688,1005.9976196289062,47.146209716796875,473.3055999999998,True
CAND_04014,Cr17.39Fe16.99Mo16.47Nb16.19Ni32.96,5,1049.6290283203125,851.2914428710938,49.1926383972168,389.00999999999993,True
CAND_04015,Al18.44Cu20.73Fe9.87Mn18.93Mo32.03,5,740.9867553710938,914.74072265625,52.1970100402832,699.9250999999995,True
CAND_04016,Al20.64Fe15.51Nb24.70Ni39.15,4,895.3814697265625,1092.6651611328125,60.19994354248047,501.24679999999955,True
CAND_04017,Cu15.88Nb21.79V42.87W19.46,4,1060.73828125,1019.4470825195312,51.96524429321289,652.0561999999996,True
CAND_04018,Co29.60Cr8.67Fe10.17Mn11.96Ti29.64W9.96,6,683.0548706054688,1025.2845458984375,58.056190490722656,543.9421999999998,True
CAND_04019,Cu39.09Mo8.64Ti17.38V27.44W7.45,5,1001.771484375,945.7770385742188,44.5213623046875,648.2357999999995,True
CAND_04020,Al19.27Fe12.99Mn13.11Mo5.66Nb23.39Ti25.58,6,1174.36474609375,1064.5078125,51.54375076293945,594.4643999999998,True
CAND_04021,Al34.36Ni12.83Ti23.35V29.46,4,1008.021240234375,962.4896240234375,53.5008659362793,728.1494666666665,True
CAND_04022,Al10.51Mo22.22Ti18.44V17.58W31.25,5,900.9483642578125,806.9908447265625,45.54607009887695,598.2262999999998,True
CAND_04023,Al18.49Co24.75Fe12.39Mn16.55Mo27.82,5,822.717529296875,823.4772338867188,62.61416244506836,589.7988999999999,True
CAND_04024,Co13.00Fe24.37Mo19.33Nb17.45Ni25.85,5,830.7432861328125,804.0867919921875,56.24007034301758,489.5958999999999,True
CAND_04025,Fe31.21Mo20.31Ni14.22Ti34.26,4,926.2228393554688,517.4094848632812,48.6163215637207,507.77986666666635,True
CAND_04026,Co18.72Cu21.41Fe36.30Ni23.57,4,480.24920654296875,918.14111328125,58.78541564941406,532.6393999999997,True
CAND_04027,Co6.46Fe31.53Mo23.56W38.45,4,612.1956176757812,845.6743774414062,51.44637680053711,508.47719999999975,True
CAND_04028,Al10.89Cr6.31Mo25.89Nb39.14Ni5.71W12.06,6,853.6636962890625,926.6417846679688,49.34701919555664,604.6543999999998,True
CAND_04029,Al16.71Co10.96Mn19.34Mo9.29Ti24.79V18.91,6,1005.4561767578125,1109.0916748046875,55.25178909301758,574.3753999999998,True
CAND_04030,Fe8.38Mn39.59Nb12.28V26.02W13.73,5,1038.595703125,1115.968994140625,42.04458999633789,536.0686999999999,True
CAND_04031,Co41.07Cr27.54Mn12.03Ti9.54W9.82,5,753.8486938476562,1128.935546875,64.23698425292969,569.8008000000001,True
CAND_04032,Co22.05Cu16.77Fe10.01Mn20.66Ni30.51,5,462.1239318847656,990.7130737304688,60.16008758544922,498.52509999999955,True
CAND_04033,Al28.48Cu11.01Fe8.35Mn22.06Ti11.92V18.18,6,973.6930541992188,996.9766845703125,55.5270881652832,682.4833,True
CAND_04034,Al25.89Mn20.17Mo6.53Ni34.23W13.18,5,745.8311157226562,1144.2701416015625,57.00868225097656,585.6688333333332,True
CAND_04035,Co37.37Cr19.77Cu11.17Mo7.52Nb24.17,5,935.0471801757812,999.5968627929688,71.6231918334961,609.2982000000001,True
CAND_04036,Al22.33Co31.87Cr12.76V33.04,4,1204.172607421875,1157.660400390625,66.05683898925781,612.0262666666667,True
CAND_04037,Cu28.63Mn19.42Mo15.63Nb36.32,4,712.8762817382812,952.8477783203125,47.659339904785156,701.8809999999995,True
CAND_04038,Cr6.81Cu22.97Fe35.95Mn15.36Nb10.40W8.51,6,770.9005126953125,989.7872924804688,37.53026580810547,539.7683999999995,True
CAND_04039,Co12.73Cr17.58Mn6.39Nb10.27Ni24.00W29.03,6,746.580322265625,927.484375,45.57805252075195,502.82279999999963,True
CAND_04040,Cr16.78Mn33.59Mo23.91W25.72,4,759.07373046875,927.6917724609375,42.13577651977539,553.0733999999998,True
CAND_04041,Co38.08Cu26.07V26.20W9.65,4,904.8864135742188,1227.22021484375,66.58287811279297,665.4903999999999,True
CAND_04042,Fe17.35Mn11.90Ni20.67Ti36.28W13.80,5,813.9281005859375,712.2200927734375,45.39445877075195,458.40819999999945,True
CAND_04043,Cr43.01Cu29.11Fe10.75Mo17.13,4,765.7526245117188,966.80078125,53.46699905395508,676.3506999999996,True
CAND_04044,Cr10.03Cu30.21Ni16.42Ti43.34,4,787.1521606445312,681.5326538085938,43.585289001464844,553.7879999999993,True
CAND_04045,Cu17.13Mn12.21Nb20.08Ni6.02W44.56,5,751.813720703125,984.85693359375,52.53628158569336,662.1197999999997,True
CAND_04046,Mo7.43Nb29.58Ni7.20Ti11.64V6.95W37.20,6,956.13427734375,923.0676879882812,47.03693771362305,581.4669999999998,True
CAND_04047,Cu36.86Mo27.49Nb26.64Ni9.01,4,800.6406860351562,849.041259765625,49.505470275878906,689.3635999999995,True
CAND_04048,Al12.45Cu13.36Fe14.16Ni15.93Ti44.10,5,990.6630249023438,710.8583374023438,54.63014602661133,557.9569999999995,True
CAND_04049,Co10.20Cr16.66Fe19.18Nb37.15V16.81,5,1333.186279296875,1116.276611328125,49.638771057128906,501.95139999999975,True
CAND_04050,Co11.60Fe9.47Mn24.50Mo13.42Nb13.72Ti27.29,6,822.8663330078125,929.2885131835938,41.2927131652832,550.9876999999998,True
CAND_04051,Cr9.99Fe16.45Mn35.40V38.16,4,915.4212646484375,1080.5980224609375,47.00239944458008,479.7092999999998,True
CAND_04052,Fe28.23Mn28.11Nb30.33Ni13.33,4,704.212890625,898.8333740234375,52.30827713012695,468.19059999999973,True
CAND_04053,Al28.60Co21.29Cr23.53Fe6.73Mn12.49Ni7.36,6,873.6614990234375,1292.975830078125,65.06805419921875,733.0905333333332,True
CAND_04054,Co21.42Cu6.92Fe27.62Mn26.60Ni17.44,5,418.4306640625,914.3529052734375,58.609859466552734,428.0396666666665,True
CAND_04055,Al22.79Co14.96Mo21.90Nb14.18Ni11.98W14.19,6,910.224853515625,863.7876586914062,57.82960891723633,617.4400333333332,True
CAND_04056,Cr29.05Fe24.86Mo32.00Ti14.09,4,1192.8905029296875,805.936767578125,49.937015533447266,511.9494999999999,True
CAND_04057,Co38.59Mn14.37Mo25.80Ti21.24,4,745.9922485351562,947.6173706054688,58.10013198852539,591.8909,True
CAND_04058,Co10.35Mn30.22Ni20.73V38.70,4,855.31396484375,824.8641967773438,61.87693405151367,471.2429999999997,True
CAND_04059,Al5.23Co12.50Fe24.03Ti28.55V29.69,5,961.9906616210938,943.3787841796875,57.4710807800293,493.16969999999964,True
CAND_04060,Cr18.12Fe33.10Mo18.02W30.76,4,738.295654296875,900.4380493164062,47.75135040283203,507.2998999999998,True
CAND_04061,Co16.83Cr28.48Mn16.77Nb8.76Ni16.50Ti12.66,6,892.3981323242188,952.96484375,49.27602767944336,495.27340000000004,True
CAND_04062,Al39.95Co16.07Cr9.40Fe23.35Ni11.23,5,863.1581420898438,1086.6192626953125,57.16524887084961,705.3623,True
CAND_04063,Al13.62Co42.25Mo22.14W21.99,4,695.7813720703125,874.6401977539062,67.0233383178711,596.0246999999999,True
CAND_04064,Al20.87Fe29.09Mn11.70Nb20.54V11.99W5.81,6,1253.05859375,978.0968627929688,47.45682907104492,540.7503666666664,True
CAND_04065,Al12.96Mn11.42Mo26.56Ni7.00Ti42.06,5,917.04345703125,608.4024658203125,54.57559585571289,583.2400999999998,True
CAND_04066,Al17.53Co20.61Mn27.57Ti11.25W23.04,5,765.5596313476562,1173.858154296875,52.59138870239258,522.9553,True
CAND_04067,Al36.64Co5.55Fe11.70Mo10.28V22.71W13.12,6,1007.3385009765625,1157.2408447265625,55.079341888427734,722.4427333333333,True
CAND_04068,Co25.78Mo43.43Nb22.43V8.36,4,1122.7388916015625,917.4871215820312,67.09117889404297,582.4742999999999,True
CAND_04069,Al39.18Co13.70Cu13.32Mn28.47Ti5.33,5,856.8013305664062,1112.1292724609375,57.03879165649414,686.2091333333333,True
CAND_04070,Al6.77Cr36.77Fe18.65Mn10.20Mo18.03W9.58,6,795.054443359375,983.0115966796875,65.17243194580078,507.05789999999985,True
CAND_04071,Cr11.97Mn19.72Nb13.38Ti34.91W20.02,5,777.567138671875,936.3138427734375,36.09772872924805,564.9343999999996,True
CAND_04072,Fe20.96Mn14.14Ni39.52Ti25.38,4,1011.3638916015625,905.0211181640625,50.88393783569336,401.64499999999964,True
CAND_04073,Al13.43Co43.07Mn18.91V6.85W17.74,5,787.7708740234375,1086.6624755859375,67.1335678100586,579.419,True
CAND_04074,Al9.40Cr8.56Cu8.47Nb41.85Ti18.10V13.62,6,1137.3287353515625,847.3619384765625,49.361019134521484,589.3155999999998,True
CAND_04075,Co35.78Ni23.80V28.98W11.44,4,1039.0010986328125,1021.3809814453125,75.25370788574219,534.8145999999999,True
CAND_04076,Al22.89Cr26.30Mn9.89Mo8.33Nb12.88V19.71,6,1394.9461669921875,1260.544189453125,57.84125900268555,611.1832333333333,True
CAND_04077,Cr6.04Cu5.02Fe34.77Mo27.79V26.38,5,1105.1265869140625,966.62548828125,46.69041061401367,498.8999999999998,True
CAND_04078,Cr15.44Cu27.57Mn38.44Mo9.43V9.12,5,1058.8616943359375,913.8655395507812,49.11669921875,605.1870999999996,True
CAND_04079,Cr13.64Cu14.37Mn17.81Mo24.43Ni29.75,5,712.72021484375,831.077880859375,49.220008850097656,514.0180999999995,True
CAND_04080,Al5.19Co5.43Cu23.46Ti20.09V27.77W18.06,6,959.9603271484375,983.9010009765625,50.03404998779297,648.4837999999996,True
CAND_04081,Al9.41Co13.39Mn16.44Nb40.26Ni20.50,5,983.3433227539062,893.68603515625,60.641910552978516,495.54599999999965,True
CAND_04082,Al33.80Cr27.14Mo21.15Nb17.91,4,954.7057495117188,1103.5714111328125,59.520973205566406,725.2731999999999,True
CAND_04083,Co14.09Cr9.24Cu9.87Mn17.00Ti8.82W40.98,6,807.3001098632812,1063.8294677734375,55.51089859008789,587.0899999999998,True
CAND_04084,Cr15.58Cu7.51Mn15.76Ti42.68V18.47,5,990.5475463867188,851.655517578125,45.06393051147461,561.5425999999998,True
CAND_04085,Al17.98Co22.34Fe6.28Nb21.18Ti17.87V14.35,6,1110.3231201171875,1048.4794921875,55.79780960083008,580.8316666666665,True
CAND_04086,Al19.27Mo19.49Ni9.61Ti6.76V44.87,5,900.046875,1012.346923828125,50.64240646362305,604.9064999999998,True
CAND_04087,Cr31.00Cu33.70Ti14.63V20.67,4,1125.9266357421875,965.140380859375,45.37031555175781,638.3785999999996,True
CAND_04088,Cu15.78Nb41.98Ti23.26V18.98,4,1007.4443359375,1082.50634765625,46.376346588134766,646.4965999999996,True
CAND_04089,Fe16.97Mn42.35Mo10.82Nb7.95Ti13.10V8.81,6,1145.7784423828125,981.2609252929688,33.0550537109375,472.5392999999998,True
CAND_04090,Co35.92Cr5.19Cu16.10Mo20.26Nb5.28Ti17.25,6,931.9945678710938,861.162841796875,51.516170501708984,680.3383000000001,True
CAND_04091,Al16.91Cr15.99Mn26.10Mo9.43Nb21.59V9.98,6,1262.9649658203125,1087.406005859375,58.472747802734375,552.8926999999999,True
CAND_04092,Nb26.08Ni34.93Ti25.13W13.86,4,1064.017333984375,936.6302490234375,52.318519592285156,442.4055999999995,True
CAND_04093,Al13.65Cr17.16Mn24.08Mo19.47Ni25.64,5,738.8455200195312,920.4733276367188,50.525123596191406,510.96669999999995,True
CAND_04094,Al17.27Co5.09Cu16.43Mn21.25Mo22.81V17.15,6,925.74169921875,864.7105102539062,55.21622848510742,688.6241999999997,True
CAND_04095,Al7.99Co7.29Cr7.43Fe12.88Mo33.33W31.08,6,713.604248046875,786.0078125,49.17045211791992,594.9456999999999,True
CAND_04096,Cu22.36Mo25.52Nb30.13W21.99,4,745.063232421875,903.9505615234375,49.2633056640625,703.8761999999995,True
CAND_04097,Cu15.02Mn20.14Mo32.84Ni32.00,4,646.2091064453125,865.2698364257812,49.2618408203125,491.6841999999995,True
CAND_04098,Al30.16Co13.96Cu12.31Mo43.57,4,710.3294677734375,806.8248291015625,59.01845932006836,717.0973999999998,True
CAND_04099,Al17.89Co13.51Mo11.63V36.08W20.89,5,1021.5469970703125,1092.8216552734375,62.017269134521484,564.4675999999998,True
CAND_04100,Co15.28Cu15.02Fe23.64Nb9.91W36.15,5,769.75830078125,998.403564453125,48.058162689208984,535.0862999999996,True
CAND_04101,Co10.91Cu12.01Fe43.69Ti18.94W14.45,5,789.89697265625,899.477294921875,46.32045364379883,504.3678999999995,True
CAND_04102,Al11.04Cr35.02Nb34.68W19.26,4,1014.7276611328125,1101.9521484375,66.07380676269531,580.1729999999999,True
CAND_04103,Cr12.79Fe28.92Nb16.87Ti12.85V28.57,5,1229.1280517578125,1033.124267578125,43.16269302368164,502.47869999999983,True
CAND_04104,Co24.23Cr15.06Cu43.22Mn7.82Ni9.67,5,579.9193725585938,903.6243896484375,63.55152893066406,620.4315999999998,True
CAND_04105,Co24.42Cr41.39Mo21.52Nb12.67,4,901.7196044921875,1034.24755859375,67.98755645751953,567.5979000000001,True
CAND_04106,Cu25.35Mn9.26Nb26.31Ni9.73V29.35,5,996.4010009765625,931.23681640625,47.873260498046875,658.9217999999995,True
CAND_04107,Al23.80Co14.54Cr16.06Mn12.68Ti20.03V12.89,6,1216.1611328125,1040.001220703125,48.5780029296875,624.1107999999999,True
CAND_04108,Al31.89Cr7.00Mn8.01Mo8.73Nb36.38V7.99,6,1053.503662109375,1081.7796630859375,58.20174789428711,737.6539333333333,True
CAND_04109,Cr25.60Cu33.49Fe25.00V15.91,4,982.9122314453125,827.565673828125,39.896942138671875,536.7065999999994,True
CAND_04110,Al21.23Cu16.89Mo20.15Ni15.41Ti26.32,5,958.70263671875,510.78955078125,54.31667709350586,685.6993999999996,True
CAND_04111,Co27.73Cu6.47Fe5.63Ti36.06W24.11,5,639.5479736328125,807.9114990234375,59.7617301940918,537.9243999999997,True
CAND_04112,Fe11.74Mn31.14Mo13.55Ti43.57,4,760.1902465820312,705.6958618164062,45.18662643432617,536.1858999999998,True
CAND_04113,Co24.03Cu8.09Ni16.44V36.57W14.87,5,929.8857421875,944.4991455078125,73.97047424316406,520.4155999999999,True
CAND_04114,Al41.48Cu12.97Nb29.84Ni15.71,4,982.2466430664062,945.0330810546875,59.55644607543945,748.1809333333333,True
CAND_04115,Cu18.44Fe15.48Mo26.54W39.54,4,694.2622680664062,894.390869140625,47.56488037109375,655.9754999999997,True
CAND_04116,Cr8.46Cu44.83Mn5.72Nb6.04Ti16.43W18.52,6,929.6559448242188,997.3885498046875,38.66667175292969,644.9325999999994,True
CAND_04117,Co18.80Cu6.69Fe9.22Mn23.70Ti15.60V25.99,6,698.5213012695312,1113.9434814453125,50.90993118286133,532.0346000000001,True
CAND_04118,Cr5.51Cu7.65Fe9.13Ti40.29W37.42,5,815.9935913085938,819.501708984375,46.23097610473633,555.3615999999997,True
CAND_04119,Cu29.38Fe13.59Mn24.02Mo22.34W10.67,5,621.55419921875,947.124755859375,48.158485412597656,637.8179999999995,True
CAND_04120,Co13.83Cr20.36Cu15.44Fe24.43Ni11.68V14.26,6,958.5723266601562,647.1651000976562,46.28458786010742,546.8524999999996,True
CAND_04121,Al27.52Mn19.11V38.90W14.47,4,812.1259765625,1118.6031494140625,55.05550003051758,734.1850666666668,True
CAND_04122,Co16.41Cr39.78Mo9.95Ti33.86,4,748.3722534179688,811.82080078125,60.592987060546875,538.8684,True
CAND_04123,Co16.05Nb6.24Ni37.07V40.64,4,1106.6898193359375,947.5952758789062,62.19999694824219,392.3357999999998,True
CAND_04124,Co22.38Fe8.48Mo15.66Ni18.15Ti5.15V30.18,6,1085.0001220703125,988.7024536132812,61.6265983581543,529.8290000000002,True
CAND_04125,Fe23.46Mn33.42Nb20.83Ni22.29,4,796.34228515625,874.7003173828125,56.61560821533203,450.36899999999963,True
CAND_04126,Al15.28Cr37.26Mn31.43W16.03,4,816.2240600585938,1203.33740234375,63.08460235595703,539.3184999999999,True
CAND_04127,Cr17.50Nb23.16Ti21.02V38.32,4,1076.072509765625,1127.7520751953125,42.30890655517578,574.9521999999998,True
CAND_04128,Al25.09Co34.79Mn21.27Nb6.18Ti12.67,5,968.27001953125,1080.20458984375,53.70706558227539,650.2544999999998,True
CAND_04129,Cu7.39Fe17.56Mo13.14Nb14.01Ti29.50W18.40,6,1007.3338623046875,886.1677856445312,42.03127670288086,510.24759999999975,True
CAND_04130,Al17.58Co20.52Mo22.62Nb6.61V24.21W8.46,6,1160.1680908203125,1056.6700439453125,55.97798538208008,577.7076666666667,True
CAND_04131,Al19.40Fe16.67Mn23.08Ni11.76Ti13.59W15.50,6,1000.768798828125,918.3827514648438,49.92610549926758,509.28669999999977,True
CAND_04132,Co24.66Mo12.36Nb40.01W22.97,4,734.9014892578125,1018.2044067382812,67.99837493896484,573.0092,True
CAND_04133,Cr19.71Mn38.12Nb24.52Ni17.65,4,921.9620361328125,1022.8307495117188,51.19563674926758,481.1020999999998,True
CAND_04134,Al8.35Cu42.47Mo6.60Ni5.03Ti6.33V31.22,6,1021.1395263671875,1002.9185180664062,47.195167541503906,656.7947999999994,True
CAND_04135,Cu6.67Fe10.61Mn30.03Ti13.79V38.90,5,898.1725463867188,999.00341796875,46.77119064331055,534.5964999999998,True
CAND_04136,Al13.40Cu25.87Fe13.43Nb34.14Ni13.16,5,947.8627319335938,946.6621704101562,56.38656997680664,651.1783999999994,True
CAND_04137,Co6.25Cr23.21Nb29.69Ti33.21W7.64,5,841.1723022460938,1056.4100341796875,53.00001907348633,564.1197999999998,True
CAND_04138,Cu15.05Mn17.46Mo25.06Ni7.18Ti20.62W14.63,6,883.0841674804688,776.69189453125,47.3170051574707,647.5210999999997,True
CAND_04139,Cu19.43Mo28.48Nb16.57Ni35.52,4,829.303466796875,897.6936645507812,47.830535888671875,507.25979999999964,True
CAND_04140,Cr14.44Cu36.18Fe21.30Mn21.06Nb7.02,5,764.345703125,1019.12109375,33.09271240234375,515.9783999999993,True
CAND_04141,Cr18.68Cu7.63Fe13.35Mn33.65Mo6.91V19.78,6,1098.4454345703125,1083.9720458984375,49.161865234375,535.0530999999999,True
CAND_04142,Al9.88Cr17.41Cu8.70Mn16.94Ti37.83V9.24,6,1109.8211669921875,737.8893432617188,53.567745208740234,561.8469999999998,True
CAND_04143,Co38.18Mn19.68Nb9.59Ni32.55,4,667.9149169921875,1042.154296875,58.5577392578125,423.38059999999996,True
CAND_04144,Cu26.24Mo18.09V25.37W30.30,4,989.9823608398438,1149.1126708984375,48.306121826171875,697.5922999999995,True
CAND_04145,Cr31.94Cu22.06Fe19.66Ni9.11V17.23,5,1248.4283447265625,952.26806640625,53.76114273071289,559.6027999999994,True
CAND_04146,Co23.52Cr11.07Mn18.90Ni11.13V35.38,5,751.5482177734375,980.6398315429688,69.04792785644531,551.7330000000001,True
CAND_04147,Al15.10Co27.06Cr42.83Ti15.01,4,1077.5836181640625,991.59521484375,67.88465118408203,554.2158000000001,True
CAND_04148,Al13.89Cr24.53Mo16.95Nb21.38V23.25,5,1397.451416015625,1130.5089111328125,57.57752227783203,605.3436999999998,True
CAND_04149,Co21.46Mo23.87Ti33.43W21.24,4,579.7293090820312,772.6084594726562,53.175357818603516,564.4436999999999,True
CAND_04150,Al15.55Co10.47Cr19.91Fe10.46Ni8.97Ti34.64,6,1116.2816162109375,844.9910278320312,57.646305084228516,557.7911999999998,True
CAND_04151,Co31.33Mn24.69Nb20.78V23.20,4,823.5276489257812,1196.7164306640625,66.22570037841797,531.1972000000001,True
CAND_04152,Co12.10Cu9.04Fe13.19Mo8.46Ni26.75W30.46,6,595.987060546875,840.176025390625,60.5006103515625,496.1385999999998,True
CAND_04153,Al25.60Co37.25Cr6.34Nb8.00Ni12.82V9.99,6,1209.42236328125,1072.4957275390625,61.28634262084961,706.469,True
CAND_04154,Co15.45Fe16.95Mo13.27Ni41.63W12.70,5,621.2175903320312,825.4295043945312,60.23871612548828,394.3707999999998,True
CAND_04155,Al7.22Cr18.82Mo15.34Nb41.16W17.46,5,953.841064453125,884.1614990234375,54.74436569213867,606.0535999999997,True
CAND_04156,Al8.72Co27.95Cu33.22Fe5.56Ni10.00Ti14.55,6,737.2810668945312,784.9686279296875,60.361244201660156,627.6437999999997,True
CAND_04157,Al12.31Mn6.48Nb36.34Ti29.73W15.14,5,998.9627075195312,1043.0328369140625,54.573917388916016,576.3635999999998,True
CAND_04158,Co31.57Cr36.53Ni22.89Ti9.01,4,793.080078125,916.8470458984375,70.92731475830078,512.6329999999998,True
CAND_04159,Cr21.62Mn10.50Nb19.64Ni17.66W30.58,5,894.8754272460938,1046.9947509765625,56.25259780883789,507.1227999999997,True
CAND_04160,Cr7.27Cu33.45Fe8.34Ti42.34W8.60,5,774.2503051757812,799.5548095703125,43.197410583496094,617.6773999999994,True
CAND_04161,Al6.38Cu22.37Fe20.65Ni22.25Ti19.60W8.75,6,933.5150146484375,855.3388061523438,55.778961181640625,523.6102666666659,True
CAND_04162,Al6.46Co33.58Cr15.30Mn16.80Nb7.72V20.14,6,1173.5989990234375,1162.9368896484375,59.42180252075195,569.8068,True
CAND_04163,Al24.79Cr40.46Cu21.31Nb13.44,4,1093.3170166015625,1170.9442138671875,57.00203323364258,666.1014999999999,True
CAND_04164,Cr26.30Fe33.79Ni16.90W23.01,4,625.0355224609375,856.5126953125,52.89293670654297,465.61029999999965,True
CAND_04165,Co38.93Mo12.35Ti36.06W12.66,4,688.6184692382812,883.7694091796875,62.68393325805664,579.2307999999998,True
CAND_04166,Al18.71Cr21.95Nb33.19Ti26.15,4,1200.04150390625,1121.737548828125,54.437774658203125,587.5233333333331,True
CAND_04167,Al12.83Cr35.45Ti38.94V12.78,4,1185.2205810546875,820.4129028320312,59.15408706665039,566.0755999999998,True
CAND_04168,Mn32.81Mo29.02Nb28.82V9.35,4,971.0552978515625,889.4730224609375,49.666873931884766,562.3478999999998,True
CAND_04169,Al12.89Co16.65Mn9.07Mo26.30Ti21.31W13.78,6,912.247802734375,803.7119750976562,56.499210357666016,578.3480999999998,True
CAND_04170,Al24.48Nb32.52Ni23.84W19.16,4,936.4376220703125,1030.2530517578125,64.7822494506836,581.8901999999998,True
CAND_04171,Al10.32Cr33.23Nb41.69Ti14.76,4,1106.4075927734375,971.9912719726562,63.32853317260742,579.5069999999998,True
CAND_04172,Al13.36Cr9.17Cu11.05Fe23.29Mn20.64Nb22.49,6,880.2479858398438,1038.56640625,52.76204299926758,521.9993999999997,True
CAND_04173,Mo19.19Nb41.86Ni9.99V28.96,4,1177.26416015625,1119.499755859375,47.971744537353516,597.2209999999998,True
CAND_04174,Al22.18Cr12.86Mo29.31Ni19.62V16.03,5,1240.9962158203125,729.2919311523438,55.56618118286133,580.0085666666665,True
CAND_04175,Al18.68Cu29.86Fe6.57Mn31.70V13.19,5,919.6323852539062,1031.3592529296875,55.88460922241211,613.6990999999996,True
CAND_04176,Al32.10Fe14.63Mn20.21Ti5.25W27.81,5,828.1931762695312,1184.2296142578125,45.35084915161133,687.9156999999999,True
CAND_04177,Cr18.65Fe29.70Mo20.39W31.26,4,717.8631591796875,847.2979736328125,45.236228942871094,514.4920999999998,True
CAND_04178,Fe41.08Nb22.55Ni7.05Ti6.91V22.41,5,1131.32373046875,1096.13720703125,47.56595230102539,503.2388999999997,True
CAND_04179,Cu20.29Fe25.36Mo22.33Ni15.96V8.21W7.85,6,983.996337890625,781.8984375,48.164947509765625,577.218066666666,True
CAND_04180,Al6.36Fe9.50Mo22.80Nb12.68Ni39.13Ti9.53,6,1196.22314453125,671.1050415039062,54.10791015625,437.7863999999998,True
CAND_04181,Al38.30Fe7.70Mn32.79Mo13.34Ni7.87,5,647.0516967773438,908.5921630859375,55.25913619995117,691.3517333333333,True
CAND_04182,Cu24.58Mn36.59Ni5.62Ti10.03V23.18,5,889.9159545898438,1054.572509765625,43.37318420410156,612.3028999999997,True
CAND_04183,Fe39.22Mn14.94Ti11.86V20.02W13.96,5,1012.892578125,1198.8504638671875,42.220279693603516,500.42309999999975,True
CAND_04184,Al12.63Co10.12Cu42.06Nb8.19Ni8.00W19.00,6,863.7681274414062,1044.237548828125,54.7574348449707,644.3689999999993,True
CAND_04185,Al20.91Cr13.95Fe36.58Mo12.52Ni16.04,5,905.2616577148438,859.4246215820312,50.95405960083008,507.1314666666665,True
CAND_04186,Mn13.95Mo15.31Nb31.89V38.85,4,1112.1788330078125,1068.587158203125,51.22209548950195,601.5725999999997,True
CAND_04187,Cr22.00Fe12.41Nb23.62Ni13.69Ti18.66V9.62,6,1114.6453857421875,1018.1237182617188,54.54976272583008,562.7029999999997,True
CAND_04188,Co18.76Cu9.99Fe39.73V31.52,4,831.12353515625,1055.6705322265625,58.12128829956055,481.21219999999977,True
CAND_04189,Fe15.70Mn7.27Ti44.45W32.58,4,817.8851928710938,863.9927368164062,44.48725509643555,518.0929999999996,True
CAND_04190,Co29.01Mn20.19Mo17.33Nb16.10Ni17.37,5,760.9905395507812,976.3790283203125,60.72090530395508,513.5731000000001,True
CAND_04191,Cr22.24Cu29.38Mn14.71Nb20.48Ni13.19,5,858.3592529296875,947.864013671875,49.17438507080078,634.3545999999996,True
CAND_04192,Co35.90Mn18.90Ni40.12V5.08,4,811.826171875,894.6510009765625,78.18151092529297,415.9746,True
CAND_04193,Co16.85Cr42.01Mn17.50Mo23.64,4,650.4004516601562,917.7088012695312,65.11013793945312,567.5895000000002,True
CAND_04194,Al28.72Fe9.17Mo6.80Nb14.71Ni31.77Ti8.83,6,1200.492431640625,1111.555419921875,57.70545959472656,670.2628999999998,True
CAND_04195,Co12.90Cr9.98Mn26.45Ni17.98Ti16.29V16.40,6,851.7361450195312,1012.818359375,52.078617095947266,476.8522999999998,True
CAND_04196,Co12.27Cu16.40Mn33.18Ni38.15,4,521.2761840820312,949.579833984375,57.30139923095703,449.1065999999994,True
CAND_04197,Co14.15Cu20.83Mn10.61Ni28.73V25.68,5,952.4249267578125,975.2227172851562,64.16442108154297,501.7467999999993,True
CAND_04198,Al6.95Cr43.41Cu8.73Mn20.02Ti20.89,5,909.0730590820312,940.8621215820312,63.357120513916016,564.7109999999998,True
CAND_04199,Co5.62Cr21.04Cu6.57Fe28.80Ni20.15Ti17.82,6,936.544921875,750.2946166992188,49.23298645019531,456.1486999999996,True
CAND_04200,Cu21.42Fe12.86Mn22.81Ti42.91,4,684.9288330078125,902.8191528320312,41.19140625,590.7470999999996,True
CAND_04201,Al10.44Cr15.84Fe40.86Ni25.58V7.28,5,1012.714599609375,735.5014038085938,55.94731521606445,461.74939999999964,True
CAND_04202,Al33.62Cr13.63Mn8.58Mo6.21Ni21.90V16.06,6,1203.1739501953125,1102.5235595703125,63.43022918701172,693.3530666666665,True
CAND_04203,Al17.22Co34.32Mo11.13Ni16.32W21.01,5,928.6749877929688,1007.9966430664062,71.9345474243164,526.3761999999998,True
CAND_04204,Al20.86Cr12.80Mn10.59Ni40.04Ti15.71,5,1205.9141845703125,1056.4888916015625,56.867279052734375,484.07239999999956,True
CAND_04205,Co29.67Cr26.69Cu12.11Ni7.63V23.90,5,989.4366455078125,927.2852172851562,69.80866241455078,585.5448,True
CAND_04206,Al24.37Cr10.63Cu28.57Fe14.33Mn10.60Nb11.50,6,1037.1488037109375,1073.4918212890625,48.61591720581055,655.9753999999998,True
CAND_04207,Co17.39Cu13.63Mn26.98Mo5.78V36.22,5,887.7589111328125,1022.5625,59.766056060791016,573.5726999999999,True
CAND_04208,Al29.23Co31.25Cr9.64Mn12.87V17.01,5,1073.618896484375,1208.506103515625,64.09322357177734,737.478,True
CAND_04209,Fe29.48Mn20.70Mo15.39V34.43,4,942.177001953125,1048.550048828125,49.020565032958984,507.29419999999976,True
CAND_04210,Al9.46Mn32.38Mo26.91Nb9.48Ti21.77,5,1005.3352661132812,852.9590454101562,33.22343063354492,545.8512,True
CAND_04211,Al30.39Fe24.64Mn19.63Ni6.09V10.62W8.63,6,801.8187866210938,1011.9751586914062,48.50468063354492,694.2144000000001,True
CAND_04212,Al12.64Co17.88Cu28.44Fe16.49Mn11.49Ti13.06,6,913.1177978515625,1002.705322265625,60.472835540771484,564.1943999999995,True
CAND_04213,Al10.02Cr21.01Cu27.04Fe17.77Nb14.61V9.55,6,1346.5682373046875,990.9168090820312,44.397274017333984,548.3457999999995,True
CAND_04214,Cr28.26Cu5.24Ni25.02Ti20.35W21.13,5,1173.0623779296875,820.7741088867188,52.235172271728516,524.8005999999997,True
CAND_04215,Al31.49Co24.11Cu10.84Fe16.96Nb7.96Ni8.64,6,977.2935180664062,1080.2869873046875,62.84834671020508,759.2731333333332,True
CAND_04216,Mn16.67Nb41.99Ni22.31W19.03,4,753.4391479492188,929.1639404296875,56.04914855957031,503.2565999999997,True
CAND_04217,Co20.85Cu5.42Mn19.04Mo7.74Ti38.98V7.97,6,566.9278564453125,857.1688232421875,54.79427719116211,545.4229999999999,True
CAND_04218,Al21.25Cr26.59Fe25.47Mo5.97V20.72,5,1380.0457763671875,1218.8114013671875,56.43839645385742,533.2479333333332,True
CAND_04219,Fe13.76Mn26.53Mo11.34Ti15.29V23.44W9.64,6,1000.6278686523438,1045.432861328125,46.35293960571289,532.5048999999999,True
CAND_04220,Cr8.43Cu17.60Mn17.33Mo15.75Nb21.34Ni19.55,6,961.460693359375,887.22705078125,54.02925109863281,627.3982999999997,True
CAND_04221,Nb9.56Ni15.21Ti29.19V27.25W18.79,5,1043.094970703125,1002.637939453125,40.33060073852539,555.4007999999997,True
CAND_04222,Cr18.16Cu20.17Fe6.46Mo5.29V18.03W31.89,6,1092.7352294921875,1018.9774780273438,41.531707763671875,658.4203999999997,True
CAND_04223,Cr28.30Fe24.40Mo14.24Nb10.03Ti23.03,5,1137.2540283203125,855.0894775390625,46.50704574584961,502.34879999999987,True
CAND_04224,Co11.81Mn33.83Ni23.87V30.49,4,944.8384399414062,801.8631591796875,64.16270446777344,480.46559999999977,True
CAND_04225,Co40.79Fe26.61Nb26.78Ni5.82,4,775.1121826171875,1021.2904663085938,61.24753189086914,547.1586,True
CAND_04226,Al19.59Co40.69Cr17.91Mn12.09Ni9.72,5,940.9293212890625,1044.17578125,63.62605667114258,584.5105333333332,True
CAND_04227,Al7.60Cu39.30Fe11.20Nb25.18V16.72,5,1108.4227294921875,1005.3317260742188,43.41664123535156,666.7337999999995,True
CAND_04228,Cr37.89Cu19.43Ti19.38W23.30,4,875.78857421875,1018.98876953125,47.09933853149414,638.5473999999997,True
CAND_04229,Mo17.38Nb14.99Ni42.62Ti25.01,4,1121.917724609375,749.5043334960938,49.60835266113281,432.8197999999998,True
CAND_04230,Al7.43Mo18.19Ni22.36Ti25.03W26.99,5,1000.6034545898438,587.531982421875,56.629425048828125,528.997,True
CAND_04231,Al27.15Co11.41Cu20.06Fe9.50Nb19.58V12.30,6,1247.969482421875,1015.6251220703125,54.28877639770508,769.1537333333335,True
CAND_04232,Co27.23Fe29.10Nb30.26Ti13.41,4,840.0213623046875,938.5379638671875,57.36723709106445,494.68279999999993,True
CAND_04233,Co6.68Fe14.73Nb17.23Ni32.19V29.17,5,1213.71240234375,942.2338256835938,59.55646514892578,386.98719999999963,True
CAND_04234,Al19.80Co41.56Mo22.59Nb9.21W6.84,5,889.5155639648438,907.767333984375,59.59286117553711,623.4047666666668,True
CAND_04235,Cu16.85Fe10.12Mn11.10Mo16.81Nb15.12Ti30.00,6,1004.7653198242188,835.786376953125,42.0384407043457,690.8503999999997,True
CAND_04236,Al23.58Cu10.03Mo19.29Ni24.49W22.61,5,796.647216796875,816.7811279296875,63.629150390625,600.6529333333332,True
CAND_04237,Fe13.43Mn34.92Mo5.30Ni28.00Ti18.35,5,1053.8226318359375,847.4635009765625,47.880157470703125,451.3456999999998,True
CAND_04238,Cu15.23Fe27.13Nb22.29V35.35,4,1135.7489013671875,1006.7078857421875,51.40143966674805,557.7646999999996,True
CAND_04239,Cr43.23Cu6.78Mn27.55Nb5.67W16.77,5,691.2504272460938,1069.9580078125,54.481075286865234,535.8544999999999,True
CAND_04240,Co7.86Cr15.00Cu44.72W32.42,4,641.2772827148438,958.0450439453125,48.72845458984375,643.8471999999994,True
CAND_04241,Al9.26Co34.99Cu10.42Fe9.81Mo35.52,5,854.593994140625,893.3480224609375,66.32121276855469,611.2339000000001,True
CAND_04242,Cr14.29Cu9.03Mn30.44Mo34.32W11.92,5,757.9970703125,923.9067993164062,50.16147232055664,562.3277999999998,True
CAND_04243,Cu13.13Mn11.29Ni9.22Ti32.81W33.55,5,795.748291015625,850.2989501953125,48.3149528503418,594.6501999999996,True
CAND_04244,Fe19.92Mn10.22Mo10.68Ti43.73V15.45,5,1029.47705078125,838.4269409179688,45.42570877075195,492.90379999999965,True
CAND_04245,Al14.19Co32.37Mo12.49Nb24.69Ti8.16V8.10,6,950.954345703125,1038.4766845703125,67.60066986083984,594.6526,True
CAND_04246,Fe43.08Mo9.09Ni11.44W36.39,4,629.831298828125,856.94970703125,46.989009857177734,493.33169999999967,True
CAND_04247,Cu14.56Fe13.56Nb15.26Ni16.82V39.80,5,1204.837890625,926.249755859375,49.341793060302734,571.7905999999995,True
CAND_04248,Al12.03Co30.35Cr12.13Mn30.16Ti15.33,5,919.1746215820312,1074.1859130859375,56.495452880859375,521.6964,True
CAND_04249,Al10.20Cr20.07Cu8.22Fe5.37Mo21.63Ti34.51,6,1022.8236694335938,558.6463012695312,51.83441162109375,578.3861999999998,True
CAND_04250,Fe15.32Mn12.83Mo21.43Nb16.80Ti17.44W16.18,6,1116.0118408203125,851.1774291992188,40.55070877075195,560.0080999999998,True
CAND_04251,Al14.84Cr22.89Nb19.02V43.25,4,1349.755126953125,1172.5057373046875,59.58890151977539,572.1288,True
CAND_04252,Cr35.95Mn21.64Mo20.85Nb21.56,4,829.5131225585938,1052.97314453125,61.12907028198242,578.5483999999998,True
CAND_04253,Cu14.42Ni41.08Ti9.79W34.71,4,992.8320922851562,988.5330810546875,50.89759063720703,481.9723999999993,True
CAND_04254,Co8.24Cr19.02Mo42.25Nb22.22V8.27,5,1290.98486328125,945.103515625,50.95055389404297,606.7844999999999,True
CAND_04255,Al12.33Fe12.93Mn16.73Ni13.32V44.69,5,1036.8653564453125,1020.8328247070312,54.77565383911133,571.3793999999998,True
CAND_04256,Al7.11Cr34.73Fe16.09Mn7.99Ni14.97V19.11,6,1168.44189453125,965.392333984375,65.63274383544922,512.1729999999998,True
CAND_04257,Al15.67Cr27.94Fe21.22Mn25.74Nb9.43,5,1070.123046875,1171.6142578125,58.81988525390625,466.41139999999973,True
CAND_04258,Co17.44Mn10.99Nb10.12Ni25.96V35.49,5,1096.2342529296875,981.8582763671875,58.481117248535156,482.4039999999999,True
CAND_04259,Al11.36Cu26.55Mn33.21Ti13.77V15.11,5,1056.2281494140625,955.8311767578125,53.37095260620117,622.2986999999996,True
CAND_04260,Al11.22Co28.06Cr9.60Cu13.76Fe21.22Mo16.14,6,832.4742431640625,797.9150390625,63.332130432128906,563.3524000000001,True
CAND_04261,Al30.97Co7.64Cr11.62Mn34.71Mo15.06,5,759.0709838867188,987.541748046875,52.120601654052734,657.7660333333332,True
CAND_04262,Al17.05Cr16.59Cu21.36Fe8.78Mn10.93Ti25.29,6,1229.5946044921875,986.466796875,49.04339599609375,643.0371999999998,True
CAND_04263,Al27.32Co28.42Nb7.83Ni29.18W7.25,5,811.9238891601562,1019.9650268554688,69.44357299804688,787.8498,True
CAND_04264,Al39.38Fe21.63Ti9.32V29.67,4,1126.319580078125,1165.9376220703125,51.56198501586914,705.0935999999999,True
CAND_04265,Al20.93Nb18.93Ti26.62V33.52,4,1146.4825439453125,1035.107177734375,53.10306167602539,595.1769999999998,True
CAND_04266,Co21.25Mo25.80Nb12.68Ti40.27,4,721.3057861328125,810.9998168945312,45.67042922973633,561.3967,True
CAND_04267,Co9.67Nb30.96V33.27W26.10,4,1071.4019775390625,1047.2752685546875,52.62626266479492,580.0831999999998,True
CAND_04268,Al39.66Cu17.28Nb20.93Ti14.24W7.89,5,1134.2122802734375,942.2701416015625,52.70620346069336,738.2591333333334,True
CAND_04269,Cr14.31Fe35.83Mn24.01Nb14.66W11.19,5,760.57763671875,1052.246337890625,46.9864387512207,456.43619999999976,True
CAND_04270,Al23.76Mn37.48Mo13.10V25.66,4,896.402587890625,938.4968872070312,58.48862075805664,572.5850333333332,True
CAND_04271,Co29.34Fe8.47Nb30.04Ni11.78W20.37,5,783.0762939453125,943.9219360351562,66.6754150390625,539.0527999999998,True
CAND_04272,Al23.70Co15.82Cu19.38Nb26.85V6.03W8.22,6,1178.7440185546875,1014.9595947265625,62.62144088745117,666.7771999999998,True
CAND_04273,Nb15.18Ni23.48Ti22.53V19.08W19.73,5,1190.117919921875,955.16748046875,55.321746826171875,519.1421999999997,True
CAND_04274,Co37.56Cr16.20Fe10.73Nb35.51,4,886.3231201171875,1088.17724609375,60.45551681518555,570.207,True
CAND_04275,Co13.98Cu44.64Mn17.13Nb24.25,4,736.1539916992188,1001.43505859375,57.44020080566406,653.9885999999995,True
CAND_04276,Al17.04Co31.68Mn19.89Mo14.21Ti17.18,5,870.6976928710938,891.2324829101562,57.38288497924805,581.7858,True
CAND_04277,Co17.87Cr12.05Cu22.18Mn23.63Ni13.51W10.76,6,488.1849365234375,934.272705078125,54.604270935058594,585.6712999999999,True
CAND_04278,Cu6.63Fe24.99Nb10.88Ni13.81V43.69,5,1113.3355712890625,944.5650634765625,43.95827102661133,510.7854999999997,True
CAND_04279,Al29.72Co29.44Cu13.80Mn17.03Mo10.01,5,862.3202514648438,1043.0560302734375,70.85820770263672,758.5979333333332,True
CAND_04280,Cu33.74Mn15.40Mo19.42Nb7.89Ti23.55,5,932.3904418945312,950.793701171875,32.620330810546875,674.9040999999994,True
CAND_04281,Co24.60Fe18.76Mn24.79V31.85,4,728.5745849609375,1042.3438720703125,65.8743667602539,478.17859999999996,True
CAND_04282,Co24.97Cr18.72Fe9.38V32.92W14.01,5,1040.1563720703125,1041.8592529296875,63.09934616088867,560.0454,True
CAND_04283,Al22.10Co27.01Fe38.43Ni12.46,4,630.3419799804688,1003.3903198242188,58.99776077270508,539.7701333333333,True
CAND_04284,Cr6.76Cu5.10Fe28.04Mn33.50Ti5.76W20.84,6,780.9514770507812,1036.695068359375,46.70535659790039,466.0583999999998,True
CAND_04285,Al9.79Cr27.84Mn34.78Mo27.59,4,952.7025756835938,933.8764038085938,48.937889099121094,553.2591999999999,True
CAND_04286,Al30.92Mo23.06Nb10.75Ni5.92Ti29.35,5,791.5590209960938,722.6466674804688,48.152774810791016,741.9225333333331,True
CAND_04287,Al27.82Co16.50Mn10.38Mo6.63Nb31.84Ti6.83,6,1015.8338623046875,1232.0404052734375,60.38291549682617,738.5225333333333,True
CAND_04288,Al11.91Co14.45Cu6.61Fe27.47Mn16.86Ti22.70,6,971.9947509765625,1023.2330932617188,60.54854202270508,493.21189999999973,True
CAND_04289,Al33.75Cr16.05Cu40.86Mo9.34,4,963.6932373046875,999.4014282226562,53.2464485168457,714.6523999999998,True
CAND_04290,Al9.61Cr42.27Mo15.06W33.06,4,894.986328125,932.1163940429688,60.65534973144531,593.8723999999997,True
CAND_04291,Co5.83Cu7.07Mn11.51Ti19.15V21.67W34.77,6,885.5223388671875,1081.98095703125,47.889530181884766,566.5937999999998,True
CAND_04292,Mo29.70Ni33.01Ti25.04W12.25,4,1044.9066162109375,720.413330078125,48.461769104003906,427.2505999999998,True
CAND_04293,Co6.39Cr20.47Cu36.79Fe12.71Ti5.78V17.86,6,1089.8624267578125,1140.0267333984375,35.64463806152344,643.6619999999995,True
CAND_04294,Co27.73Fe35.42Mo11.23Nb15.44Ni10.18,5,894.8739624023438,1077.8104248046875,63.8625602722168,476.5557999999999,True
CAND_04295,Fe32.76Mo15.76Ni23.58W27.90,4,599.6594848632812,814.3480834960938,53.31458282470703,505.77599999999995,True
CAND_04296,Cr28.23Fe36.28Mn18.87Nb16.62,4,828.7562255859375,1053.8037109375,61.654136657714844,486.5880999999998,True
CAND_04297,Co18.74Cu10.93Fe11.59Mn20.26Nb38.48,5,700.908935546875,1089.6300048828125,59.46370315551758,576.1586999999998,True
CAND_04298,Mn28.32Mo21.61Ni10.14Ti15.89V24.04,5,962.394287109375,842.4688110351562,43.49391555786133,553.1545999999997,True
CAND_04299,Al22.82Co34.55Cr28.61Cu14.02,4,976.9310302734375,1046.5836181640625,68.8174819946289,665.8767333333333,True
CAND_04300,Cr8.67Cu12.86Ni23.82Ti8.94V15.34W30.37,6,1170.6087646484375,898.7471923828125,52.88494873046875,565.3405999999995,True
CAND_04301,Cr19.12Cu11.90Fe32.76Mo19.62Ti8.71V7.89,6,1252.468017578125,807.1527099609375,45.29204559326172,541.1298999999997,True
CAND_04302,Fe5.42Nb20.58Ti16.18V22.02W35.80,5,1047.0419921875,1093.9462890625,41.73506546020508,574.1917999999998,True
CAND_04303,Fe34.20Mo36.82Nb12.68V16.30,4,1270.910888671875,973.64453125,44.10834884643555,512.6701999999998,True
CAND_04304,Al23.01Co14.75Mo27.35W34.89,4,680.6322631835938,845.5691528320312,58.758975982666016,614.4499333333332,True
CAND_04305,Al12.29Cu9.17Mn25.81Ni25.68W27.05,5,524.12890625,943.434326171875,60.38389587402344,500.5481999999997,True
CAND_04306,Co9.92Cr24.41Mn15.82Nb24.00Ni16.87Ti8.98,6,918.3035278320312,1052.44921875,58.15963363647461,512.7267999999998,True
CAND_04307,Co8.59Cr15.73Mn23.23Mo12.85Nb23.02Ti16.58,6,860.0078125,959.5155029296875,45.95225524902344,567.7182999999998,True
CAND_04308,Al18.08Co14.81Cu37.96Mn13.95Mo15.20,5,777.0587158203125,981.4429321289062,62.98564529418945,675.2979999999995,True
CAND_04309,Cr29.26Fe23.32Ni21.14V26.28,4,1285.352783203125,925.2390747070312,62.2841911315918,476.1414999999997,True
CAND_04310,Al24.72Cu37.47Ni8.05W29.76,4,693.1094970703125,1020.1353149414062,56.19657516479492,662.4705999999996,True
CAND_04311,Co12.27Cu19.32Ni27.14V25.60W15.67,5,999.6409301757812,985.2701416015625,62.236289978027344,550.8985999999994,True
CAND_04312,Cr14.17Cu20.85Ni18.96Ti28.74W17.28,5,904.6521606445312,905.105224609375,51.86370086669922,566.7009999999995,True
CAND_04313,Al44.86Cu18.42Ni24.17W12.55,4,778.2571411132812,1038.2623291015625,62.15818786621094,695.7236666666664,True
CAND_04314,Al28.46Cu14.41Mn15.26Ni17.49V11.13W13.25,6,898.5269165039062,931.645263671875,54.89165115356445,712.7770999999998,True
CAND_04315,Cr19.89Cu19.93Fe30.67Nb9.86Ni19.65,5,932.4525146484375,837.1741333007812,41.56111145019531,522.095266666666,True
CAND_04316,Cr8.42Fe26.54Mn41.22Ni23.82,4,506.8823547363281,747.5182495117188,50.374691009521484,449.1563999999997,True
CAND_04317,Co20.56Cu20.50Mo10.70Ni9.59W38.65,5,712.5114135742188,958.3544921875,64.7300796508789,632.9168,True
CAND_04318,Cr17.30Fe16.74Mn28.44Ni37.52,4,647.99853515625,924.09716796875,50.40179443359375,378.4117999999997,True
CAND_04319,Cr35.71Cu14.52Ti22.10W27.67,4,906.254638671875,966.3327026367188,52.46088409423828,597.7191999999998,True
CAND_04320,Co8.24Cu15.68Mn19.27Ni8.20Ti19.98V28.63,6,826.1290893554688,917.8743896484375,48.92390823364258,638.6765999999996,True
CAND_04321,Al26.98Co5.10Fe22.60Mn38.85Nb6.47,5,962.8143920898438,1141.8790283203125,51.35075759887695,673.0292666666667,True
CAND_04322,Co20.37Cr28.50Fe33.14W17.99,4,690.4453125,953.7359008789062,61.11454772949219,481.0148,True
CAND_04323,Cr29.26Cu17.39Nb23.66Ti16.44V13.25,5,1167.862548828125,869.56591796875,46.85673904418945,678.0995999999998,True
CAND_04324,Al19.83Co19.64Cr13.86Nb23.63Ni23.04,5,1046.1390380859375,1116.69091796875,64.04247283935547,506.5618666666664,True
CAND_04325,Cr23.61Fe15.53Mo22.52Nb10.15W28.19,5,975.0114135742188,1057.87060546875,48.14634704589844,546.3956999999999,True
CAND_04326,Al5.52Co35.93Cu15.77Mn9.80Ni12.89V20.09,6,977.6515502929688,1150.7801513671875,68.9925765991211,646.053,True
CAND_04327,Cr37.27Cu12.80Mn8.93Mo19.56V21.44,5,1201.023681640625,1104.1484375,56.133182525634766,622.7157999999997,True
CAND_04328,Al28.26Fe7.24Nb8.72Ti25.52V8.28W21.98,6,1044.7630615234375,1011.2156982421875,45.96158981323242,726.2152666666664,True
CAND_04329,Co15.32Cu5.11Mn33.39Nb10.16Ni20.52Ti15.50,6,814.396728515625,887.3125,38.22101974487305,466.02499999999975,True
CAND_04330,Co15.01Cr23.44Cu12.92Fe25.79Ni15.84V7.00,6,942.15966796875,703.6620483398438,54.355194091796875,496.8854999999997,True
CAND_04331,Co30.94Cr20.05Cu10.82Mn26.64Ni11.55,5,513.8417358398438,1014.8871459960938,69.68997955322266,537.39,True
CAND_04332,Al41.35Fe10.13Mn9.26Nb21.96Ti17.30,5,1196.788818359375,1001.3490600585938,52.37190628051758,758.5585333333333,True
CAND_04333,Cr25.50Cu39.06Nb19.68W15.76,4,828.6157836914062,991.183837890625,51.577903747558594,632.2527999999993,True
CAND_04334,Co12.39Cr8.98Cu14.22Fe29.39Mn7.95V27.07,6,893.1412963867188,970.4302368164062,47.904903411865234,528.1186999999995,True
CAND_04335,Cr5.90Mn31.64Nb35.95Ti15.02V11.49,5,907.2852172851562,968.6871337890625,45.938472747802734,545.5510999999999,True
CAND_04336,Al44.96Mn32.69Ni14.53V7.82,4,809.8233642578125,1023.1372680664062,59.50459671020508,680.1213999999999,True
CAND_04337,Co8.74Fe10.69Mn42.88Nb5.88Ni14.36W17.45,6,731.5728759765625,1014.2505493164062,45.86363983154297,521.4078999999998,True
CAND_04338,Co27.08Cu16.38Mn29.62Mo6.34Ti7.32W13.26,6,656.6141357421875,1063.1624755859375,61.276031494140625,598.474,True
CAND_04339,Al10.52Mo42.98Nb20.31Ni26.19,4,843.4877319335938,778.9161987304688,54.11027526855469,516.0264999999998,True
CAND_04340,Al11.56Co8.69Cr26.81Mn21.78Ti13.23V17.93,6,1053.9559326171875,1063.780517578125,59.52583694458008,560.7772999999999,True
CAND_04341,Co14.95Fe34.20Mo28.10Nb11.71Ti11.04,5,968.0242309570312,994.7211303710938,38.41411209106445,505.7637999999999,True
CAND_04342,Cr11.88Fe5.14Mo28.97Nb13.34Ni29.28Ti11.39,6,1281.616455078125,891.9148559570312,37.09922790527344,468.6932999999998,True
CAND_04343,Al33.74Fe6.51Nb38.07W21.68,4,980.2295532226562,1093.8985595703125,54.05988693237305,738.3273999999999,True
CAND_04344,Fe32.86Nb25.08Ti34.67V7.39,4,975.4697875976562,765.0402221679688,52.8794059753418,491.22149999999965,True
CAND_04345,Cu29.64Mn27.82Mo10.25V9.72W22.57,5,858.4862670898438,933.2196044921875,54.58397674560547,611.5244999999995,True
CAND_04346,Al11.90Fe43.24Mn9.10Mo8.47Ti27.29,5,1003.173095703125,853.2390747070312,47.911251068115234,484.7400999999997,True
CAND_04347,Al38.07Fe23.36Mn7.05Ni11.91V5.18W14.43,6,885.1005859375,1014.2586059570312,58.19150924682617,708.1018333333333,True
CAND_04348,Cr13.79Mn42.51Nb37.96Ni5.74,4,833.904052734375,1121.1829833984375,47.20435333251953,546.7470999999998,True
CAND_04349,Cu5.98Fe30.04Mn28.02Nb17.23Ni18.73,5,801.7886352539062,870.213623046875,57.36235427856445,442.60846666666635,True
CAND_04350,Cr23.41Cu19.10Fe15.68Ni16.70V13.98W11.13,6,1043.9671630859375,871.5733032226562,44.99653244018555,583.1943999999995,True
CAND_04351,Al32.90Cr29.10Nb18.03Ti10.80W9.17,5,1200.7442626953125,1281.233154296875,61.850318908691406,717.4952666666666,True
CAND_04352,Al18.64Fe18.90Mn23.29Ti17.55V11.34W10.28,6,1044.87890625,1019.2767944335938,51.06605911254883,498.9234999999998,True
CAND_04353,Co28.66Cu22.43Fe9.36Mo10.13Ni20.15W9.27,6,773.5584716796875,847.2103881835938,72.34766387939453,567.0825999999996,True
CAND_04354,Cr17.21Cu10.57Fe20.72Mo44.80Ni6.70,5,886.2200317382812,808.5445556640625,51.96670913696289,527.9871999999998,True
CAND_04355,Co39.07Fe24.30Ni22.67W13.96,4,510.1219787597656,941.4652709960938,64.65630340576172,553.8965999999998,True
CAND_04356,Co5.19Cu37.78Nb14.48Ni14.50V17.50W10.55,6,1016.9880981445312,1000.2379150390625,50.3924560546875,639.5585999999993,True
CAND_04357,Mo12.15Nb23.74Ti22.41W41.70,4,880.0897216796875,1034.185791015625,49.185794830322266,586.2835999999998,True
CAND_04358,Al16.31Cr20.42Fe38.16Mo25.11,4,784.1767578125,913.2045288085938,51.30597686767578,501.8359999999998,True
CAND_04359,Al28.23Co12.97Ni25.74Ti24.55V8.51,5,958.906982421875,967.580810546875,66.54702758789062,749.0768333333332,True
CAND_04360,Cr27.09Fe8.45Mo26.92Nb20.50Ti17.04,5,1078.393310546875,932.2229614257812,53.306549072265625,588.8543,True
CAND_04361,Al27.55Cu24.38Fe16.67Nb8.56Ti22.84,5,1090.396728515625,1090.216064453125,46.220943450927734,776.0202,True
CAND_04362,Co20.86Nb12.00Ni17.42Ti7.87V9.78W32.07,6,851.5828857421875,1081.10302734375,47.449893951416016,489.5375999999999,True
CAND_04363,Co37.55Cu13.93Fe41.28Mn7.24,4,477.5502624511719,977.255126953125,56.906368255615234,570.8548,True
CAND_04364,Co25.30Mo16.90Ni15.30Ti9.46V33.04,5,952.7774658203125,1131.755615234375,58.016448974609375,569.883,True
CAND_04365,Al36.44Co12.26Cr14.64Cu13.95Mo22.71,5,889.4281616210938,778.2752075195312,57.98711013793945,712.9087333333333,True
CAND_04366,Cr18.24Mo40.85Ni18.31W22.60,4,816.7288818359375,835.25830078125,58.35231018066406,517.8367,True
CAND_04367,Al23.99Cr44.48Ni23.42Ti8.11,4,1306.150146484375,1107.853759765625,64.43116760253906,581.8771666666663,True
CAND_04368,Al16.48Cu27.03Fe8.10Nb39.11W9.28,5,951.4217529296875,1056.4378662109375,57.88993453979492,667.3563999999996,True
CAND_04369,Cu43.84Mo6.74Ni22.36Ti10.34V16.72,5,1131.0780029296875,998.0225219726562,48.95000457763672,554.7081999999991,True
CAND_04370,Al22.42Cr16.82Fe12.93Mo10.66Ni18.44W18.73,6,1152.1824951171875,1118.8524169921875,62.84513854980469,549.4370333333333,True
CAND_04371,Al36.49Co19.97Cr24.13Ni8.49Ti10.92,5,1012.359130859375,1280.0909423828125,58.3345947265625,733.8262666666666,True
CAND_04372,Al16.10Cu10.21Mn13.41Mo9.21Ni29.48W21.59,6,676.7538452148438,996.2368774414062,64.33399200439453,497.17719999999963,True
CAND_04373,Co10.80Cu27.61Mo30.01Ni31.58,4,635.5084228515625,797.1867065429688,54.459190368652344,490.5653999999993,True
CAND_04374,Al11.61Co9.21Cr12.31Fe22.57Nb44.30,5,1186.354248046875,1120.0850830078125,58.17289352416992,502.18329999999975,True
CAND_04375,Co8.47Cr16.05Cu14.53Mn42.41Nb18.54,5,878.3863525390625,1007.4031982421875,50.211421966552734,572.1752999999997,True
CAND_04376,Al17.75Co22.67Cr20.42Cu5.01Ti34.15,5,1022.1886596679688,870.8088989257812,59.020816802978516,545.1434666666665,True
CAND_04377,Al23.21Fe30.45Mn9.21Ni37.13,4,651.7993774414062,1034.763916015625,60.148983001708984,519.2918999999996,True
CAND_04378,Cu19.31Mn43.64Mo19.89Nb17.16,4,835.8627319335938,1046.1834716796875,43.4871711730957,646.7037999999998,True
CAND_04379,Al21.30Co34.49Cr12.12Cu18.01Ti14.08,5,1147.604248046875,949.460693359375,61.98851776123047,684.0757999999997,True
CAND_04380,Cu7.02Fe40.08Mn5.89Ti15.17V17.94W13.90,6,1026.678955078125,1054.417724609375,44.64345169067383,496.8778999999997,True
CAND_04381,Co19.91Cr17.54Cu23.21W39.34,4,607.3854370117188,902.32958984375,57.68095397949219,619.7226,True
CAND_04382,Co40.54Cr8.02Fe13.02Mn16.81Ti21.61,5,748.6004028320312,1131.4788818359375,56.04706573486328,570.896,True
CAND_04383,Al24.53Co33.13Mo32.27V10.07,4,951.0577392578125,765.9761352539062,62.9357795715332,676.0475333333335,True
CAND_04384,Al39.80Fe20.47Mo11.61V28.12,4,1077.761474609375,1043.171875,57.24052047729492,708.1124,True
CAND_04385,Cr33.37Mo9.23Nb18.17Ti39.23,4,904.9071655273438,886.7620239257812,60.667320251464844,553.3363999999998,True
CAND_04386,Al13.84Co13.83Fe27.40Mo31.85Ni13.08,5,696.368896484375,815.414306640625,57.68415451049805,516.6565999999998,True
CAND_04387,Al24.24Nb21.99Ti13.85W39.92,4,1090.430908203125,955.2506103515625,52.475284576416016,627.1314666666666,True
CAND_04388,Al42.30Cr17.43Fe17.90Mo13.68Ti8.69,5,1135.9569091796875,995.3062744140625,50.674217224121094,736.4578666666667,True
CAND_04389,Al26.27Cr24.24Mn28.32Nb21.17,4,1052.2899169921875,1256.64794921875,56.64075469970703,645.7548999999999,True
CAND_04390,Al34.45Cu13.18Nb22.61Ti29.76,4,1017.5362548828125,913.6734008789062,55.11442184448242,737.2632,True
CAND_04391,Al5.98Co14.88Cr10.15Fe32.75Mo10.51V25.73,6,1092.499755859375,1034.4674072265625,54.37027359008789,486.29529999999977,True
CAND_04392,Cu44.18Mn6.93Mo22.12Nb12.31W14.46,5,809.1161499023438,963.1163940429688,42.043853759765625,684.7554999999994,True
CAND_04393,Co25.13Ni29.38V14.35W31.14,4,916.27099609375,850.2586669921875,76.08362579345703,443.6523999999998,True
CAND_04394,Cr12.61Cu16.91Mo12.58Ni22.88W35.02,5,674.9445190429688,793.3621215820312,52.792015075683594,628.0589999999997,True
CAND_04395,Co27.58Cr9.67Cu21.87Mo40.88,4,785.4053344726562,873.6434936523438,64.88603973388672,662.9960999999997,True
CAND_04396,Co5.09Cr17.14Mn7.15Nb22.63Ni36.57V11.42,6,1191.094970703125,913.7626953125,58.89677047729492,406.80999999999966,True
CAND_04397,Co5.93Cr34.43Mn17.14Mo7.63Nb11.82V23.05,6,1271.2933349609375,1141.5865478515625,58.28327941894531,572.9003999999998,True
CAND_04398,Fe27.84Mn13.74Mo15.39W43.03,4,618.9473266601562,959.7447509765625,50.82510757446289,514.1884999999999,True
CAND_04399,Cr21.87Mo19.51Ni33.27V25.35,4,1385.4814453125,1091.055419921875,55.38904571533203,432.6093999999997,True
CAND_04400,Cr24.88Fe17.47Nb16.03Ni41.62,4,901.86279296875,957.5822143554688,58.82052230834961,407.0091999999998,True
CAND_04401,Co6.97Cr10.03Mn38.61Ni44.39,4,573.1915283203125,922.2332153320312,56.65379333496094,402.32619999999963,True
CAND_04402,Co18.32Cu29.68Nb19.73W32.27,4,724.0048828125,1017.353759765625,62.69683074951172,628.5685999999997,True
CAND_04403,Co25.10Mo30.00Ni35.44Ti9.46,4,896.3193969726562,877.1270141601562,62.73690414428711,423.20100000000014,True
CAND_04404,Co9.79Cu18.99Fe25.51Mn17.89Mo8.25Nb19.57,6,769.05517578125,1010.1803588867188,55.387245178222656,555.3158999999995,True
CAND_04405,Mo13.07Ni18.13Ti37.93W30.87,4,800.5278930664062,605.2163696289062,58.47256851196289,513.5452999999997,True
CAND_04406,Al9.17Mo12.58Nb39.40Ni10.30V21.88W6.67,6,1204.4344482421875,984.20166015625,51.660831451416016,600.8469999999998,True
CAND_04407,Al17.27Cu10.86Nb31.00W40.87,4,935.1528930664062,1096.6484375,60.51716232299805,590.5531999999997,True
CAND_04408,Al37.10Co16.92Cr8.97Mo21.07Ni15.94,5,823.1044311523438,865.4302368164062,58.2835578918457,678.1238666666666,True
CAND_04409,Mn5.39Nb20.21Ni20.08Ti41.06W13.26,5,870.2924194335938,736.0791015625,49.85507583618164,498.1561999999996,True
CAND_04410,Mn40.06Mo19.98Nb6.49W33.47,4,738.3685913085938,974.5469360351562,41.59124755859375,553.0879999999999,True
CAND_04411,Al43.46Co25.13Cr8.12Fe23.29,4,835.43310546875,1110.037109375,64.47425842285156,730.1793333333335,True
CAND_04412,Co14.45Cr18.09Mn10.82Ni17.07V13.89W25.68,6,944.1846313476562,904.4017944335938,53.29631042480469,507.6985999999998,True
CAND_04413,Al26.36Co20.87Cu7.32Mn25.85Nb19.60,5,806.47021484375,1148.7255859375,60.3236198425293,664.3692333333331,True
CAND_04414,Cr11.92Cu9.54Mn11.52Ti41.02W26.00,5,806.7237548828125,827.6670532226562,49.4197883605957,568.1739999999996,True
CAND_04415,Co29.23Cr7.03Cu17.62Nb10.31Ni13.50V22.31,6,1020.2880859375,1044.4337158203125,57.41719436645508,627.7301999999999,True
CAND_04416,Cr29.63Fe26.19Mo9.15Ti9.22W25.81,5,1093.5433349609375,855.8543090820312,52.74190139770508,505.9466999999998,True
CAND_04417,Cu26.32Mo8.25Ni33.39V32.04,4,1080.096435546875,939.4619750976562,60.776763916015625,448.68619999999925,True
CAND_04418,Al18.78Mn15.45V26.44W39.33,4,997.9002075195312,1232.8486328125,53.33351516723633,573.2353999999998,True
CAND_04419,Co21.38Cu21.58Fe34.02Nb7.40Ti15.62,5,707.57373046875,974.177978515625,40.39459228515625,530.5151999999997,True
CAND_04420,Al26.65Co37.72Cr10.54Ti25.09,4,1122.38330078125,1114.8118896484375,60.0419921875,767.1500000000002,True
CAND_04421,Al9.96Fe16.68Nb40.18V33.18,4,1373.052978515625,1141.0126953125,47.129215240478516,528.4199999999997,True
CAND_04422,Al12.90Cr8.75Cu10.74Ti21.87V24.62W21.12,6,1175.63232421875,1064.82177734375,53.884098052978516,588.6301999999997,True
CAND_04423,Al16.53Co9.04Cr38.93Nb19.09Ni5.11Ti11.30,6,1188.9879150390625,1124.60986328125,66.17514038085938,572.6229999999999,True
CAND_04424,Al6.62Co15.20Cr11.93Mn8.56Nb36.31Ni21.38,6,848.18017578125,882.200927734375,61.605316162109375,477.22059999999976,True
CAND_04425,Cr10.59Nb37.41Ni35.50Ti16.50,4,1135.6571044921875,910.5138549804688,51.300567626953125,471.90219999999954,True
CAND_04426,Cr10.69Cu22.51Fe15.35Mo15.18V26.90W9.37,6,1187.5242919921875,1050.6375732421875,43.91907501220703,660.8181999999996,True
CAND_04427,Co7.54Nb25.34Ti27.11V40.01,4,872.5015869140625,1025.5982666015625,46.24295425415039,577.7677999999999,True
CAND_04428,Cr21.89Cu9.90Ni29.20Ti18.96V20.05,5,1421.9520263671875,900.4268798828125,58.008567810058594,486.51659999999976,True
CAND_04429,Co12.65Fe28.80Nb40.68V17.87,4,1120.0736083984375,1042.416015625,54.75236129760742,507.36169999999976,True
CAND_04430,Al18.15Co30.82Mn16.44Nb20.04W14.55,5,855.03466796875,1162.154052734375,67.7500228881836,556.9097333333332,True
CAND_04431,Nb35.54Ni16.99V39.51W7.96,4,1111.911376953125,976.9517822265625,52.4356803894043,522.2683999999997,True
CAND_04432,Fe22.92Mn25.44Ni29.16Ti22.48,4,1035.6865234375,876.9263916015625,51.9293098449707,427.7145999999997,True
CAND_04433,Al8.70Cr11.91Mn28.63Ti23.61V21.93W5.22,6,1042.875,1068.6300048828125,48.0387077331543,534.0907,True
CAND_04434,Cr40.86Mn26.47Ni6.36V26.31,4,905.5088500976562,1122.498291015625,61.785526275634766,538.1230999999999,True
CAND_04435,Cu16.32Nb37.85Ni23.14Ti6.98W15.71,5,863.0827026367188,969.0797729492188,49.98551940917969,595.6093999999996,True
CAND_04436,Al10.57Cr28.83Fe11.26Mo12.64Nb25.48Ti11.22,6,1172.7342529296875,1010.2946166992188,63.584468841552734,606.4661999999998,True
CAND_04437,Al8.80Fe24.20Mn24.08V17.24W25.68,5,759.2601928710938,1037.9603271484375,45.3516960144043,485.9205999999998,True
CAND_04438,Al36.84Cr30.36Mo5.06Ni16.10Ti11.64,5,1183.0823974609375,1035.575927734375,59.21735763549805,684.7847333333333,True
CAND_04439,Al12.83Mo11.44Nb6.70Ni23.76V35.92W9.35,6,1208.611572265625,926.857177734375,64.24696350097656,525.3809999999997,True
CAND_04440,Co11.99Cr32.77Mo17.21Ti38.03,4,784.3323974609375,734.129638671875,57.39295196533203,572.9061999999997,True
CAND_04441,Al36.23Cr13.58Mo12.78Nb27.49V9.92,5,1049.5452880859375,934.827392578125,58.6619758605957,762.1795333333332,True
CAND_04442,Al19.71Cr32.85Mn23.58Nb15.63V8.23,5,1110.7603759765625,1205.823486328125,65.99774932861328,555.4316999999999,True
CAND_04443,Cu33.39Fe10.72Mo39.92Ti8.26V7.71,5,1018.4190063476562,921.71240234375,43.73881530761719,694.0876999999995,True
CAND_04444,Co21.27Fe10.70Mo7.05Ni30.53Ti12.32V18.13,6,980.0748291015625,961.6810913085938,59.41914367675781,436.73759999999976,True
CAND_04445,Al8.32Cu23.87Mo21.16Nb28.16V18.49,5,1068.4805908203125,931.4149780273438,42.83966827392578,710.4281999999996,True
CAND_04446,Co5.17Mn7.85Mo30.73Ti31.11V25.14,5,875.1217041015625,793.767333984375,43.630733489990234,587.0446999999998,True
CAND_04447,Al30.74Cr20.78Mo31.90W16.58,4,851.4378051757812,1008.4588623046875,53.02450942993164,716.8426666666666,True
CAND_04448,Al16.84Cu13.21Mo19.30Nb14.58Ni6.66Ti29.41,6,1062.1397705078125,754.6664428710938,53.13541793823242,629.1624999999997,True
CAND_04449,Co11.81Cu23.04Fe13.11Ni10.56Ti20.45W21.03,6,809.2722778320312,936.8687744140625,48.429359436035156,646.3009999999996,True
CAND_04450,Co15.80Cr12.43Nb7.62Ti5.75V39.29W19.11,6,1135.15771484375,1160.6571044921875,40.5085563659668,573.0042,True
CAND_04451,Co18.34Cr36.31Cu16.95Fe28.40,4,709.3938598632812,832.286376953125,60.965980529785156,538.1464999999998,True
CAND_04452,Al30.88Cu22.55Mn29.99Ti16.58,4,994.6636962890625,1013.1209716796875,51.9501838684082,679.3305666666664,True
CAND_04453,Al31.48Cr6.36Mn5.52Ni26.13Ti18.36W12.15,6,1085.806640625,987.2998657226562,59.97844696044922,692.8310999999997,True
CAND_04454,Al28.25Fe26.66Nb20.51Ni6.50Ti18.08,5,1117.4742431640625,933.0659790039062,52.61851119995117,737.7492,True
CAND_04455,Al16.04Co5.67Mo23.16Nb10.12Ti35.11W9.90,6,899.1414184570312,623.4950561523438,50.6445198059082,584.6016999999998,True
CAND_04456,Al9.77Cr26.12Mo41.03Ni12.46W10.62,5,939.2077026367188,856.0232543945312,57.64176559448242,590.0868999999998,True
CAND_04457,Co35.70Mo16.28Ni6.43V24.45W17.14,5,1083.7733154296875,1275.8619384765625,67.87523651123047,589.1025999999999,True
CAND_04458,Al12.46Co32.91Cr9.86Cu20.45Mn24.32,5,629.164794921875,1037.049560546875,62.97773742675781,608.0847999999999,True
CAND_04459,Al38.18Fe20.39Mo9.95Ti31.48,4,921.5980834960938,952.1810913085938,55.30790328979492,692.9399999999998,True
CAND_04460,Al26.21Cr16.06Ti37.64W20.09,4,1107.6571044921875,928.9891967773438,50.34041213989258,676.834333333333,True
CAND_04461,Co8.28Cu18.67Mo19.73Ni8.75W44.57,5,685.8636474609375,879.7353515625,54.242652893066406,702.8942999999996,True
CAND_04462,Al39.68Fe11.34Ni8.53V40.45,4,957.5943603515625,1078.6588134765625,55.270267486572266,743.5117333333333,True
CAND_04463,Al9.20Cr41.25Mo24.77Ti24.78,4,1098.5491943359375,893.3576049804688,56.7671012878418,585.8665999999998,True
CAND_04464,Cr13.70Fe8.22Mn24.72Ni32.11Ti21.25,5,1099.9564208984375,959.227783203125,46.31865692138672,402.2431999999997,True
CAND_04465,Co35.54Cu27.80Fe9.35Ti15.35V11.96,5,844.9927978515625,965.482177734375,51.80732727050781,669.4126,True
CAND_04466,Fe18.00Ni9.90Ti27.16V44.94,4,940.5136108398438,901.0302734375,43.8566780090332,508.2995999999996,True
CAND_04467,Al36.23Co7.15Cr22.66Fe17.86Ti16.10,5,1198.2493896484375,1169.0859375,53.497459411621094,710.6616666666665,True
CAND_04468,Al15.65Cr24.41Cu16.79Ni43.15,4,779.697509765625,1038.3299560546875,49.53247833251953,526.1675999999995,True
CAND_04469,Cu17.94Fe21.62Mn21.55Nb27.60V11.29,5,955.6415405273438,967.8961181640625,50.74695587158203,561.5263999999996,True
CAND_04470,Al22.87Fe8.70Nb7.26Ni30.48W30.69,5,872.8026733398438,1060.6815185546875,52.84761047363281,522.3669333333328,True
CAND_04471,Al15.91Co16.07Cu12.55Mn17.15Mo38.32,5,756.5016479492188,843.2716674804688,59.779178619384766,625.0548999999999,True
CAND_04472,Cu25.05Mn33.86Nb30.46W10.63,4,675.3565063476562,1005.81298828125,49.797401428222656,610.5256999999996,True
CAND_04473,Al26.92Cr15.89Nb15.50Ni8.02Ti33.67,5,1144.39990234375,869.7244262695312,50.09684753417969,756.7455333333334,True
CAND_04474,Al9.55Co22.16Cu19.00Mo23.00Ti11.45V14.84,6,830.65673828125,795.9815063476562,52.972190856933594,702.2914999999999,True
CAND_04475,Cr23.94Cu39.76Fe11.24W25.06,4,652.9807739257812,983.484130859375,48.978153228759766,634.4861999999995,True
CAND_04476,Cu17.61Fe17.34Mo6.59Ni9.61Ti10.94W37.91,6,881.4009399414062,1028.175537109375,39.53498840332031,590.8825999999995,True
CAND_04477,Cr9.64Cu9.74Fe41.45Nb16.84V10.50W11.83,6,1061.6126708984375,790.0004272460938,49.791194915771484,497.3586999999996,True
CAND_04478,Co16.47Cr14.20Mo27.22Ni9.12V32.99,5,1217.8262939453125,923.1904907226562,50.160823822021484,583.6488999999999,True
CAND_04479,Co22.45Cr33.20Nb15.88Ni6.41W22.06,5,745.7130126953125,1077.6871337890625,73.30863189697266,544.7058000000001,True
CAND_04480,Co14.28Fe32.73Ni22.10Ti16.44V14.45,5,929.3576049804688,766.8070678710938,53.980308532714844,464.2065666666663,True
CAND_04481,Al33.57Fe14.07Ni15.46Ti7.05W29.85,5,928.64501953125,1046.9376220703125,54.45542526245117,670.2384000000001,True
CAND_04482,Co19.14Cu27.17Nb32.56Ni21.13,4,779.9420166015625,872.5650634765625,61.263023376464844,545.6523999999995,True
CAND_04483,Co10.78Fe20.42Nb41.70V27.10,4,1207.9356689453125,1142.535400390625,59.57918930053711,506.9721999999997,True
CAND_04484,Co8.74Cu32.19Mn11.55Nb31.95Ni7.68Ti7.89,6,868.8734130859375,994.916259765625,49.782737731933594,651.0889999999994,True
CAND_04485,Cr29.33Mo9.71Nb31.11Ni20.87Ti8.98,5,1058.6446533203125,933.2203369140625,59.449851989746094,523.1595999999997,True
CAND_04486,Cu5.98Mn9.84Ni36.81V25.26W22.11,5,1001.15576171875,1006.9287719726562,63.827293395996094,417.8699999999995,True
CAND_04487,Al28.91Cr29.86Cu21.06V14.44W5.73,5,1189.935546875,1012.0463256835938,54.59302520751953,738.1694333333331,True
CAND_04488,Fe29.77Nb26.05Ti25.74V18.44,4,1042.90673828125,1038.5953369140625,47.814388275146484,510.91049999999973,True
CAND_04489,Al19.20Cr21.85Fe12.21Nb23.68Ni15.92V7.14,6,1456.2900390625,1122.1309814453125,61.926734924316406,536.1775333333333,True
CAND_04490,Al6.03Co14.21Cr34.06Nb35.89W9.81,5,843.498046875,987.4917602539062,73.5543441772461,574.2203999999998,True
CAND_04491,Fe6.59Mo42.33Ti25.75V25.33,4,1033.7408447265625,829.0632934570312,40.74992752075195,590.2458999999998,True
CAND_04492,Al17.02Cu14.19Fe17.31Ni9.21V18.81W23.46,6,1057.482421875,1003.3181762695312,52.649967193603516,551.9753999999995,True
CAND_04493,Mn8.73Nb29.63Ti28.20W33.44,4,919.8001708984375,1044.1405029296875,47.64548873901367,573.2535999999998,True
CAND_04494,Co41.49Cu25.50Mo14.72V10.83W7.46,5,970.3187866210938,964.5664672851562,66.4806900024414,698.9608,True
CAND_04495,Al33.07Co9.90Nb31.57Ti5.34V20.12,5,1081.7049560546875,1207.068359375,55.45645523071289,762.4462666666666,True
CAND_04496,Al30.33Mn27.06Mo15.80Ti26.81,4,671.44482421875,760.1971435546875,53.02260971069336,684.1219666666665,True
CAND_04497,Al19.43Co31.38Fe10.83Mo23.38Ni8.83Ti6.15,6,885.0858154296875,818.0198364257812,61.37568283081055,603.4616333333333,True
CAND_04498,Cu17.24Fe22.60Nb11.37Ni42.84Ti5.95,5,891.5701904296875,1071.4312744140625,42.35002517700195,481.30659999999926,True
CAND_04499,Co28.24Fe8.29Nb21.59V41.88,4,1005.6898193359375,1117.4639892578125,63.83637619018555,562.1877999999999,True
CAND_04500,Cr6.01Cu18.44Fe12.03Mn15.90V15.86W31.76,6,911.8247680664062,1014.0795288085938,44.37028503417969,679.7389999999997,True
CAND_04501,Cr26.67Cu27.09Mn15.12Mo31.12,4,712.2553100585938,932.9332885742188,48.42085266113281,678.9286999999997,True
CAND_04502,Al13.11Cr13.41Fe29.03Mn34.94Nb9.51,5,1043.8284912109375,1063.5294189453125,40.877994537353516,463.4801999999998,True
CAND_04503,Al24.55Co22.72Fe37.46Ni15.27,4,738.4553833007812,1055.3533935546875,58.4658088684082,561.6161999999999,True
CAND_04504,Fe40.25Mn9.29Mo19.30Ni22.87Ti8.29,5,1063.227783203125,960.3114013671875,47.19041442871094,496.45360000000005,True
CAND_04505,Al33.28Co6.18Nb6.71Ni27.86V25.97,5,1028.5887451171875,1089.0660400390625,64.0634765625,723.8975666666664,True
CAND_04506,Al23.65Cr17.75Fe24.27Mn25.33W9.00,5,840.6935424804688,1212.9814453125,45.53987121582031,511.0703333333333,True
CAND_04507,Al24.81Co20.89Cr24.26Mo18.68V11.36,5,1169.6221923828125,1063.5479736328125,56.34251022338867,639.7724,True
CAND_04508,Fe20.06Mn30.83Nb18.72V30.39,4,1108.322509765625,1043.85888671875,56.33650588989258,470.5968999999998,True
CAND_04509,Al18.91Cr19.05Fe12.66Ni13.97V13.84W21.57,6,1245.921142578125,1029.1588134765625,48.1417121887207,564.6521999999999,True
CAND_04510,Al41.95Ni40.08Ti8.33W9.64,4,1042.53466796875,1107.3734130859375,59.61668395996094,697.0934666666666,True
CAND_04511,Co8.33Cr23.79Cu14.59Nb28.38Ni11.21V13.70,6,1164.78369140625,798.4131469726562,56.1376838684082,619.6723999999997,True
CAND_04512,Co17.94Cr26.04Nb19.15V36.87,4,1183.4669189453125,1062.5816650390625,68.7068862915039,549.4118000000001,True
CAND_04513,Co14.82Cr21.56Mn19.67W43.95,4,535.6246948242188,1074.4456787109375,51.195125579833984,567.9185999999999,True
CAND_04514,Al24.59Co7.55Ni28.31Ti22.73V16.82,5,1086.658447265625,968.1567993164062,63.414634704589844,592.8479666666664,True
CAND_04515,Cr22.51Cu16.20Mn20.12Ni10.59V11.96W18.62,6,866.7838134765625,865.3678588867188,46.280555725097656,648.1300999999996,True
CAND_04516,Al12.45Mo39.80Ti37.54W10.21,4,901.3971557617188,639.624267578125,53.58877944946289,582.0766999999998,True
CAND_04517,Cr14.30Mo31.50Nb40.77V13.43,4,1270.0931396484375,859.5176391601562,43.789119720458984,615.7221999999998,True
CAND_04518,Al6.17Cr11.26Cu25.44Nb20.78Ti17.02V19.33,6,1101.7392578125,899.42724609375,45.588035583496094,657.7821999999996,True
CAND_04519,Al5.42Co34.45Cu6.80Fe36.82Ti16.51,5,739.7759399414062,947.912109375,58.4646110534668,513.3087999999999,True
CAND_04520,Al13.79Cu29.45Fe14.68Mo17.31Ni24.77,5,656.56201171875,808.40576171875,54.30522155761719,596.2597999999992,True
CAND_04521,Al29.05Fe11.64Nb30.34Ti9.81W19.16,5,1196.6795654296875,1124.8218994140625,50.500797271728516,717.0922666666664,True
CAND_04522,Al38.86Co29.45Cr20.10V11.59,4,1126.0191650390625,1115.73779296875,60.29875946044922,774.5075333333333,True
CAND_04523,Al5.11Cr12.88Mo36.20Nb17.48Ni14.20V14.13,6,1352.5736083984375,767.6597900390625,48.89291000366211,600.2288999999997,True
CAND_04524,Co20.71Cr23.13Fe14.38Nb13.56Ni14.78W13.44,6,813.3902587890625,1106.7174072265625,60.33546447753906,512.5666,True
CAND_04525,Mo16.06Ni28.77V23.35W31.82,4,1044.2974853515625,875.9008178710938,61.33368682861328,477.6571999999998,True
CAND_04526,Cr32.59Cu16.59Mn17.23Ni20.87W12.72,5,695.2518920898438,929.4164428710938,56.27598571777344,599.3227999999997,True
CAND_04527,Al22.86Co5.20Mo25.37Ni7.14Ti23.09W16.34,6,907.0655517578125,779.0988159179688,54.331363677978516,637.0483666666664,True
CAND_04528,Al44.20Mn17.76Ti26.63V11.41,4,943.5606689453125,985.0896606445312,49.48300552368164,754.8999333333334,True
CAND_04529,Co13.43Cu16.03Fe21.17Mn5.45Ni24.61Ti19.31,6,931.8818969726562,900.6538696289062,51.76121520996094,532.8129999999995,True
CAND_04530,Cu23.47Mo21.32Nb25.65V23.08W6.48,5,1075.730712890625,1071.7220458984375,44.253196716308594,707.6223999999995,True
CAND_04531,Fe30.14Mo7.03Ni25.79Ti13.43V15.44W8.17,6,1281.215576171875,795.2806396484375,53.36982345581055,488.0505999999997,True
CAND_04532,Co12.20Fe43.10Nb36.51Ti8.19,4,919.6337280273438,943.3986206054688,49.60379409790039,492.1744999999997,True
CAND_04533,Nb33.64Ti17.71V38.38W10.27,4,1012.626708984375,1101.017578125,46.306827545166016,579.3677999999998,True
CAND_04534,Mn13.16Mo18.23Nb32.65V35.96,4,1120.267578125,1221.5107421875,46.9330940246582,600.7545999999998,True
CAND_04535,Al17.94Cu24.14Mo5.37Nb16.22Ni12.48V23.85,6,1266.85791015625,1103.620849609375,54.69021987915039,647.5811999999995,True
CAND_04536,Co9.79Cr32.71Nb36.90V20.60,4,1163.707763671875,1115.6336669921875,68.48530578613281,577.8155999999999,True
CAND_04537,Cu26.33Nb18.33Ti22.12V18.31W14.91,5,983.3563842773438,1067.116943359375,42.398353576660156,646.1799999999994,True
CAND_04538,Co22.53Fe17.66Mo20.52Nb17.42Ni21.87,5,933.1770629882812,904.952392578125,60.71814727783203,493.4960000000003,True
CAND_04539,Cu11.36Mn33.63Nb11.10Ni7.26V27.38W9.27,6,963.0509643554688,997.4769287109375,49.61068344116211,558.0416999999998,True
CAND_04540,Al25.48Fe29.14Mn24.19Ti21.19,4,998.9436645507812,1024.617919921875,48.69754409790039,563.7303333333332,True
CAND_04541,Cr6.49Cu7.47Mn8.20Nb9.83Ni36.03W31.98,6,672.31201171875,988.125732421875,48.80328369140625,416.71599999999955,True
CAND_04542,Co21.40Cr20.01Mo44.40Ti14.19,4,781.2190551757812,979.1666870117188,48.17338180541992,572.6811000000001,True
CAND_04543,Al9.28Co29.79Cr15.79Fe25.28Ti7.77V12.09,6,1039.3836669921875,829.0326538085938,50.546546936035156,501.05479999999994,True
CAND_04544,Co22.88Fe7.43Mo12.97Ti17.39V11.98W27.35,6,867.467529296875,810.49560546875,54.04624557495117,585.5777999999999,True
CAND_04545,Co25.79Fe8.76Ti30.34V35.11,4,788.3297729492188,938.382080078125,56.99003601074219,555.7907999999999,True
CAND_04546,Co39.78Fe10.72Ti13.78V14.76W20.96,5,846.4417724609375,1008.7723999023438,54.281124114990234,588.1708000000001,True
CAND_04547,Co17.12Cu14.71Mn32.80Nb16.69Ti18.68,5,734.9078369140625,1013.6884765625,50.253238677978516,564.4206999999998,True
CAND_04548,Fe15.42Nb5.89Ni37.77W40.92,4,662.5562133789062,936.8555908203125,48.641204833984375,403.83479999999963,True
CAND_04549,Co25.66Cu17.25Mn18.79Ti23.60V14.70,5,594.1517944335938,997.56640625,60.67868423461914,647.9831999999998,True
CAND_04550,Al34.26Cr25.34Mn19.19Nb21.21,4,949.8370361328125,1222.8177490234375,54.74897384643555,729.3295999999999,True
CAND_04551,Co19.83Fe9.21Mn16.47Mo14.11Ti14.19V26.19,6,886.9241333007812,1045.957763671875,51.985408782958984,590.2023999999999,True
CAND_04552,Al37.71Co16.51Fe13.11Mo16.03W16.64,5,666.2351684570312,962.355712890625,59.5283088684082,707.1572,True
CAND_04553,Al20.36Mo15.88Ni42.30Ti15.52W5.94,5,965.1747436523438,722.998291015625,58.493682861328125,518.7221333333332,True
CAND_04554,Co12.08Cu14.90Mo23.75Ti9.36V39.91,5,976.2543334960938,1070.7861328125,46.64493179321289,655.0148999999997,True
CAND_04555,Al15.69Cu15.40Fe8.55Mn15.79Ni23.20W21.37,6,574.0162963867188,1006.3932495117188,60.538475036621094,588.7537999999995,True
CAND_04556,Fe27.40Mn9.99Nb24.58Ti9.66V10.38W17.99,6,1087.1851806640625,965.255615234375,47.40400314331055,515.1192999999997,True
CAND_04557,Al29.31Co30.64Mn12.65Nb8.35Ni11.91W7.14,6,851.0733032226562,1068.0653076171875,60.7613639831543,768.6099333333334,True
CAND_04558,Cu29.31Fe9.58Mo27.04Ni20.67Ti13.40,5,921.9298706054688,776.0419311523438,38.38081359863281,616.1906999999993,True
CAND_04559,Co13.12Fe18.99Mn8.88Mo38.61V20.40,5,1042.069580078125,1021.849853515625,50.58378219604492,520.2306999999997,True
CAND_04560,Al12.80Fe14.38Mo31.01Ni16.17V25.64,5,1050.46142578125,843.24951171875,51.53170394897461,551.7122999999998,True
CAND_04561,Co16.45Cu25.04Mn16.29Nb8.06V34.16,5,1030.3848876953125,1015.5187377929688,44.3062744140625,650.1557999999998,True
CAND_04562,Al15.15Cu34.11Fe14.38Mn30.75W5.61,5,707.4810180664062,1060.5655517578125,56.22707748413086,592.0322999999994,True
CAND_04563,Co20.48Fe14.94Mo19.46Nb20.32Ni9.91V14.89,6,1197.397216796875,841.3281860351562,52.80295944213867,567.4667,True
CAND_04564,Co29.09Cu9.72Fe37.50W23.69,4,453.43914794921875,1000.8479614257812,62.647640228271484,499.13979999999987,True
CAND_04565,Co16.75Mn38.37Ni7.31Ti37.57,4,579.9462890625,746.5258178710938,51.14071273803711,508.29229999999995,True
CAND_04566,Co35.11Cr13.17Fe11.23Nb13.51V26.98,5,1186.5650634765625,1354.3883056640625,56.66845703125,569.6624,True
CAND_04567,Cu33.01Fe27.51Nb31.78V7.70,4,981.4200439453125,886.7970581054688,52.72509765625,544.4997999999993,True
CAND_04568,Cr26.80Cu10.92Mn33.71Ti8.11W20.46,5,806.9222412109375,1111.80224609375,56.419002532958984,551.8794999999998,True
CAND_04569,Co9.15Cr9.33Cu21.51Mn38.84W21.17,5,534.0603637695312,995.6595458984375,47.21247100830078,604.5038999999996,True
CAND_04570,Al35.91Co21.41Mo17.79Ni24.89,4,757.2178955078125,887.022705078125,68.59080505371094,777.1034333333333,True
CAND_04571,Cr8.00Cu29.88Mo29.03Ni6.03V27.06,5,1121.61376953125,982.9987182617188,45.08811950683594,691.4192999999993,True
CAND_04572,Al23.18Co28.17Fe11.98Mn20.04Nb16.63,5,865.767822265625,1145.7763671875,59.44137954711914,620.9393333333331,True
CAND_04573,Cu21.47Mn16.23Mo12.68Nb17.12Ni25.40V7.10,6,1130.4244384765625,829.7571411132812,55.840118408203125,609.9911999999995,True
CAND_04574,Co19.10Cr20.66Mo8.25Nb18.24Ni11.68W22.07,6,850.182861328125,980.1156005859375,63.72277069091797,536.4741333333333,True
CAND_04575,Al20.76Cr16.96Mo26.88Nb18.36Ti17.04,5,1162.24462890625,735.7025756835938,46.49824523925781,612.6348999999999,True
CAND_04576,Al6.16Cu8.04Mn33.52Nb26.55Ni25.73,5,708.9078369140625,774.4231567382812,60.662269592285156,475.7077999999997,True
CAND_04577,Cr15.66Fe28.69Ni26.32W29.33,4,528.8670654296875,776.1740112304688,49.74138641357422,467.9941999999996,True
CAND_04578,Co9.53Mn30.15Ni6.89Ti43.01W10.42,5,626.3170166015625,862.5113525390625,50.2557487487793,520.3776999999998,True
CAND_04579,Co14.16Cr26.47Mn16.07Nb7.47Ni35.83,5,694.9942626953125,950.4093627929688,50.695613861083984,419.50619999999975,True
CAND_04580,Mo29.77Ti32.87V22.72W14.64,4,941.9683837890625,783.130615234375,43.66743850708008,584.0032999999999,True
CAND_04581,Co23.78Mn13.62V44.14W18.46,4,874.634033203125,1067.7996826171875,68.07683563232422,559.5637999999999,True
CAND_04582,Cu14.29Mo30.45Nb22.51Ni18.78Ti13.97,5,1049.1331787109375,824.6697387695312,53.94808578491211,584.2123999999995,True
CAND_04583,Co10.48Cu15.42Mn34.45Ni29.79Ti9.86,5,959.2576904296875,950.7040405273438,52.42584228515625,485.4366999999994,True
CAND_04584,Al9.26Co25.14Cu18.35Nb12.56Ni34.69,5,797.7156982421875,930.5507202148438,61.231082916259766,454.6453999999997,True
CAND_04585,Cr20.94Cu10.25Fe8.60Mo8.59Ni22.77V28.85,6,1280.0872802734375,800.73828125,62.54222106933594,539.3383999999996,True
CAND_04586,Cr44.33Mo7.55Ti23.97V24.15,4,1128.438232421875,1076.286376953125,55.651100158691406,565.0769999999998,True
CAND_04587,Co11.21Mo33.01Nb23.24V17.13W15.41,5,1127.6531982421875,950.8522338867188,50.302310943603516,608.6789999999997,True
CAND_04588,Cu28.29Fe12.31Ni29.86Ti19.93V9.61,5,1157.7275390625,839.825927734375,47.92231750488281,490.0071999999992,True
CAND_04589,Fe40.40Mo10.86Ni17.19Ti31.55,4,926.01171875,851.0219116210938,47.69369125366211,446.6901666666663,True
CAND_04590,Al11.01Fe20.95Nb9.73Ni28.29W30.02,5,850.1603393554688,922.2894897460938,44.76517105102539,456.5147999999996,True
CAND_04591,Cr30.66Cu21.04Fe9.07Ni11.71Ti21.18W6.34,6,1024.718505859375,919.4534301757812,48.176204681396484,635.5955999999996,True
CAND_04592,Al30.22Co14.43Fe42.59Mn12.76,4,577.7258911132812,1029.3013916015625,51.85966110229492,675.5430666666666,True
CAND_04593,Al25.14Cr23.41Ni38.06V13.39,4,1112.3167724609375,1103.6671142578125,62.310367584228516,546.250433333333,True
CAND_04594,Al16.78Mn19.07V21.67W42.48,4,807.0618896484375,1148.3118896484375,53.7175178527832,572.8297999999999,True
CAND_04595,Fe27.73Mn7.76Mo7.95Ti25.95W30.61,5,892.5020141601562,936.8114624023438,48.17991256713867,500.8420999999997,True
CAND_04596,Al41.89Mo41.27Ni11.32W5.52,4,694.885009765625,783.4951171875,56.22199630737305,765.0785333333333,True
CAND_04597,Fe15.28Mn11.02Mo6.90Ti24.41V42.39,5,972.2322387695312,1100.34423828125,43.86348342895508,547.6199999999998,True
CAND_04598,Al17.84Co25.69Cu5.80Nb12.32V14.97W23.38,6,1082.1263427734375,1064.4591064453125,64.32721710205078,556.7045333333331,True
CAND_04599,Al16.00Co9.52Cr11.00Cu12.99Ti22.01W28.48,6,1105.86669921875,952.8554077148438,55.14481735229492,600.8863999999995,True
CAND_04600,Co22.00Mo27.22Ni14.08Ti36.70,4,638.1197509765625,691.5184936523438,54.899776458740234,549.9033,True
CAND_04601,Co23.08Cu30.27Mn20.79Mo11.58Ni14.28,5,631.5006103515625,979.3418579101562,64.79476928710938,620.0785999999997,True
CAND_04602,Al17.91Cu18.53Mn22.58Ti17.48W23.50,5,931.889404296875,1096.6024169921875,49.92538833618164,619.3192999999995,True
CAND_04603,Al32.11Fe19.50Nb16.57V13.46W18.36,5,1264.34375,1073.18896484375,51.410335540771484,700.9495333333333,True
CAND_04604,Al21.32Co19.54Ni9.00Ti13.82W36.32,5,943.8734741210938,999.771484375,56.72871780395508,578.0907333333333,True
CAND_04605,Co37.92Cu7.75Nb19.09V20.74W14.50,5,1033.63525390625,1292.555419921875,67.24851989746094,575.8374,True
CAND_04606,Cu10.00Fe14.75Mn30.58Ti22.47V12.93W9.27,6,885.6919555664062,966.5568237304688,48.83674240112305,529.3752999999997,True
CAND_04607,Cu11.03Fe10.09Mn36.48Nb7.91Ni19.45W15.04,6,762.48095703125,921.8019409179688,45.53276443481445,510.38789999999966,True
CAND_04608,Al33.95Co23.98Fe10.21Mn8.84Mo23.02,5,674.1883544921875,803.74560546875,65.83928680419922,757.7161333333333,True
CAND_04609,Al10.99Co18.38Nb26.74Ti43.89,4,803.9696655273438,959.9395141601562,60.138553619384766,547.5165999999998,True
CAND_04610,Al18.52Cr25.03Fe20.73Nb35.72,4,1228.223876953125,1154.7445068359375,65.12495422363281,498.2205333333331,True
CAND_04611,Al11.44Co14.11Mo23.43Nb34.79V16.23,5,1018.83447265625,917.4567260742188,55.240970611572266,613.0023999999997,True
CAND_04612,Co15.57Fe30.68Mo11.65Ti26.35W15.75,5,848.9301147460938,975.91748046875,53.45524215698242,483.80609999999973,True
CAND_04613,Co43.87Ni13.97V22.51W19.65,4,938.3911743164062,1142.86572265625,68.11006164550781,568.8806,True
CAND_04614,Co13.22Fe22.11Mn10.49V12.64W41.54,5,839.0062255859375,947.068359375,56.31266403198242,514.6044999999997,True
CAND_04615,Al13.01Cr11.60Cu23.63Mn28.71Ni11.92Ti11.13,6,1100.5458984375,874.3466186523438,46.7204704284668,611.1376999999997,True
CAND_04616,Co5.08Cr22.83Cu25.72Mn15.39Ti30.98,5,745.50048828125,982.4872436523438,40.59574890136719,627.6921999999997,True
CAND_04617,Al6.67Mn9.04Ni44.98V39.31,4,1021.8351440429688,939.17431640625,70.36317443847656,419.3779999999995,True
CAND_04618,Co24.49Cr5.80Fe24.86Ti33.50V11.35,5,804.683349609375,685.4613647460938,52.89238357543945,472.1905999999998,True
CAND_04619,Al11.62Mo9.58Nb11.11Ni21.93Ti16.88W28.88,6,1088.8953857421875,971.0358276367188,53.835548400878906,515.1189999999998,True
CAND_04620,Co8.92Cr12.40Mn18.15Mo44.18Ni9.38Ti6.97,6,845.912109375,1022.9541625976562,47.71504592895508,595.8434999999997,True
CAND_04621,Al42.60Cu15.06Ni30.57Ti11.77,4,1091.53564453125,932.0057983398438,56.67369842529297,702.543533333333,True
CAND_04622,Fe12.02Mn37.67Nb40.05W10.26,4,757.5547485351562,1022.3991088867188,47.51558303833008,544.3936999999999,True
CAND_04623,Al5.34Co7.35Cr28.42Cu9.91Fe18.97Mo30.01,6,807.4441528320312,889.8230590820312,64.61775207519531,518.0919999999999,True
CAND_04624,Al8.95Co6.27Fe15.10Mo13.97Ni11.17W44.54,6,715.999267578125,799.5122680664062,53.121646881103516,565.5329999999997,True
CAND_04625,Al14.62Co33.94Cu17.74Ti15.55V18.15,5,1015.1388549804688,1140.330322265625,62.325984954833984,672.5526000000001,True
CAND_04626,Mo42.90Nb11.51Ni13.03Ti6.91V17.76W7.89,6,1126.438720703125,1007.7059936523438,36.881290435791016,598.4328999999997,True
CAND_04627,Cu37.86Nb5.69Ti33.13V23.32,4,872.8971557617188,960.594970703125,39.10382843017578,630.7997999999993,True
CAND_04628,Cu20.71Ti34.17V17.02W28.10,4,854.1072998046875,857.5331420898438,42.34162139892578,649.0983999999995,True
CAND_04629,Al22.44Co17.50Cr11.86Ni27.95W20.25,5,733.1483154296875,1173.7725830078125,67.54837799072266,507.00456666666645,True
CAND_04630,Al32.09Cu12.71Mo16.78Ni25.03V8.00W5.39,6,913.3670654296875,798.42138671875,63.625877380371094,743.1721666666665,True
CAND_04631,Al28.37Fe35.90Nb22.14W13.59,4,940.091796875,1047.8546142578125,50.62311935424805,688.6387333333333,True
CAND_04632,Al29.80Mn24.43Ni29.24Ti16.53,4,973.8839721679688,958.2568359375,57.348968505859375,691.866366666666,True
CAND_04633,Al13.96Cu10.76Nb35.10Ti14.54V25.64,5,1173.609130859375,990.9585571289062,55.078739166259766,604.0321999999998,True
CAND_04634,Co17.68Nb13.24Ni12.24Ti34.09V22.75,5,841.07958984375,844.4967651367188,49.141658782958984,549.8979999999999,True
CAND_04635,Al17.05Co15.99Mo44.45Ti22.51,4,972.8917846679688,790.0634155273438,56.91756057739258,582.8384999999998,True
CAND_04636,Al26.08Cu31.60Ni13.77Ti16.56W11.99,5,997.8460693359375,901.814697265625,57.27535629272461,720.6081999999994,True
CAND_04637,Al27.06Co5.31Cu5.12Fe19.02W43.49,5,773.5751953125,1140.68896484375,53.877689361572266,732.9241333333335,True
CAND_04638,Co31.11Ni24.11Ti36.51V8.27,4,885.2709350585938,667.3411865234375,67.18305969238281,500.62739999999985,True
CAND_04639,Cr16.76Cu6.81Mo16.87Nb16.32Ti12.09V31.15,6,1289.1221923828125,1159.1121826171875,36.13473892211914,593.7897999999998,True
CAND_04640,Al6.74Cr22.80Mn15.82Mo17.75Ni18.66W18.23,6,861.3435668945312,882.9502563476562,66.0747299194336,527.5130999999999,True
CAND_04641,Cr18.78Mn15.66Ti44.29W21.27,4,819.0191650390625,918.5446166992188,44.778480529785156,556.3977999999997,True
CAND_04642,Co22.49Nb38.86Ti12.92V25.73,4,929.1384887695312,1160.4652099609375,51.89816665649414,571.4857999999999,True
CAND_04643,Al30.29Co5.97Mo34.85Nb6.27Ni22.62,5,814.6324462890625,795.547119140625,56.32007598876953,735.0280666666666,True
CAND_04644,Al5.43Co24.18Cr7.36Fe21.11Nb26.98Ni14.94,6,823.2352294921875,901.3024291992188,70.71357727050781,475.9618666666666,True
CAND_04645,Cr14.19Cu26.73Fe12.81Nb17.01Ni14.21W15.05,6,936.652587890625,917.4114379882812,45.167625427246094,645.2657999999994,True
CAND_04646,Al31.66Co10.46Mo12.20Nb12.74Ti32.94,5,750.4267578125,908.8263549804688,56.04703903198242,721.8705999999999,True
CAND_04647,Co39.67Cr13.63Mn6.61Mo19.11W20.98,5,744.3519287109375,1088.206787109375,63.20283508300781,592.0907,True
CAND_04648,Al15.56Co5.51Cr11.71Mo33.70Ni21.36V12.16,6,1172.0772705078125,737.2247314453125,57.49555206298828,533.9181,True
CAND_04649,Al11.42Mo21.73Nb8.96Ni16.72Ti28.24W12.93,6,1042.82080078125,654.4441528320312,47.00754165649414,539.3421999999997,True
CAND_04650,Al24.65Co12.21Cr9.15Fe31.27Mn22.72,5,702.3527221679688,1081.7451171875,49.743526458740234,503.4843333333332,True
CAND_04651,Al9.22Cu6.57Mn26.13Mo11.90Nb9.77W36.41,6,831.132080078125,1011.2192993164062,39.530147552490234,548.1684999999999,True
CAND_04652,Co25.64Cu22.07Fe28.36Ti5.51V18.42,5,919.607177734375,1155.9046630859375,57.140960693359375,557.6673999999998,True
CAND_04653,Co15.67Cr25.97Mo15.36Ni8.95V34.05,5,1187.562744140625,969.0106811523438,63.7283821105957,581.0443999999999,True
CAND_04654,Al27.14Fe18.73Nb6.25Ni22.55Ti13.21W12.12,6,1167.90673828125,953.3492431640625,53.61610412597656,787.0126333333336,True
CAND_04655,Al10.27Co10.46Cr20.18Cu43.53Fe7.50V8.06,6,1065.08056640625,928.1140747070312,45.179710388183594,640.5145999999995,True
CAND_04656,Al30.67Co19.23Mn17.54Mo8.22Ni16.01Ti8.33,6,898.2844848632812,1153.6849365234375,62.7096061706543,724.2795666666666,True
CAND_04657,Co13.30Cr10.13Cu10.93Nb34.39Ni31.25,5,762.5883178710938,920.5922241210938,63.01777648925781,471.74279999999936,True
CAND_04658,Co28.49Fe21.17Mo19.40Ni30.94,4,670.7443237304688,795.0812377929688,69.74995422363281,436.1050000000002,True
CAND_04659,Cu28.23Mo20.71Ti14.76W36.30,4,860.65625,795.766845703125,44.54706573486328,696.5744999999995,True
CAND_04660,Co13.84Cu6.62Fe25.45Mo36.40V17.69,5,970.4473876953125,903.5376586914062,50.295780181884766,519.2197999999999,True
CAND_04661,Co14.02Cu18.60Fe34.25Nb23.18Ni9.95,5,757.9796142578125,865.2022094726562,58.52552032470703,557.1972999999994,True
CAND_04662,Mn16.27Mo21.48Ti42.40V19.85,4,966.2359619140625,677.4688110351562,42.93758773803711,581.2374999999998,True
CAND_04663,Co24.16Cr8.30Cu28.48Ni8.46V30.60,5,921.806640625,916.6688232421875,66.35294342041016,632.2051999999998,True
CAND_04664,Cr31.80Mn35.32Nb9.34Ni12.42W11.12,5,849.1066284179688,1088.5313720703125,52.74288558959961,524.8048999999999,True
CAND_04665,Mn8.56Nb20.64Ti35.41W35.39,4,834.169921875,875.9664306640625,48.18388748168945,560.2063999999997,True
CAND_04666,Al29.68Cu23.93Mn20.86V10.34W15.19,5,752.0555419921875,1052.197998046875,55.19074630737305,702.8361666666664,True
CAND_04667,Co10.36Cr8.22Fe25.25Mo31.84Ti24.33,5,914.601806640625,817.247314453125,46.20975112915039,501.4857999999998,True
CAND_04668,Al11.94Fe40.69Mo36.20V11.17,4,866.1840209960938,750.55126953125,45.58195114135742,506.4369999999998,True
CAND_04669,Co11.49Cr15.90Mn10.72Ti13.21V20.37W28.31,6,983.4821166992188,1127.4652099609375,43.38385772705078,576.6809999999998,True
CAND_04670,Cr13.70Cu18.61Mn17.02Nb23.73Ni11.11V15.83,6,1148.361083984375,872.52587890625,42.70507049560547,684.0267999999995,True
CAND_04671,Al14.67Cu6.29Ni14.25Ti29.06V20.66W15.07,6,1085.353759765625,951.8856811523438,56.00187301635742,564.2239999999997,True
CAND_04672,Al23.16Co15.31Cr27.00Fe17.80Mo6.24V10.49,6,1301.5313720703125,1191.3677978515625,61.26272964477539,563.9676333333333,True
CAND_04673,Co12.09Cr39.10Cu13.90Nb17.24W17.67,5,835.2214965820312,976.9932861328125,65.83036804199219,598.9831999999997,True
CAND_04674,Co5.16Cu13.41Fe32.72Mo7.06Ti19.90W21.75,6,893.08154296875,948.4091796875,48.0070915222168,522.3756999999995,True
CAND_04675,Fe32.76Nb18.61Ni27.94V20.69,4,1135.33056640625,1003.1283569335938,63.19926834106445,445.3723999999997,True
CAND_04676,Al23.94Mo34.43Ti21.57W20.06,4,902.1839599609375,731.8504028320312,52.5204963684082,635.0578666666664,True
CAND_04677,Al12.07Mn26.79Nb33.12Ti28.02,4,947.725830078125,1040.7652587890625,52.94992446899414,540.3530999999998,True
CAND_04678,Al30.83Cr14.99Cu22.92Ni19.26Ti12.00,5,1183.73046875,897.1558227539062,61.79877853393555,679.161733333333,True
CAND_04679,Co16.89Cr36.88Ni24.69W21.54,4,561.1737060546875,850.2376098632812,65.3614501953125,508.1043999999999,True
CAND_04680,Al36.32Co6.06Cu25.88Ni6.70W25.04,5,708.741455078125,1062.9503173828125,57.94296646118164,721.9855333333333,True
CAND_04681,Cu12.12Fe7.97Mn16.46Nb37.66V19.67W6.12,6,1089.5870361328125,1018.8760375976562,49.84158706665039,611.8027999999997,True
CAND_04682,Fe23.68Mn17.73Mo28.85Nb9.69W20.05,5,838.5151977539062,903.5548095703125,42.3790168762207,518.8779,True
CAND_04683,Co16.68Cu18.11Nb32.73Ni15.23V5.18W12.07,6,1028.347412109375,876.5184326171875,61.83784484863281,612.6427999999999,True
CAND_04684,Al10.21Fe14.51Mo32.64Ni42.64,4,693.4898071289062,780.2933959960938,51.727882385253906,429.4513999999998,True
CAND_04685,Al40.44Cr9.37Mn21.87Mo28.32,4,714.193115234375,909.6807250976562,50.69917678833008,723.5845333333333,True
CAND_04686,Al10.28Co33.42Cr15.25Mo29.12Ti11.93,5,941.5261840820312,877.8621215820312,53.37188720703125,589.2629000000001,True
CAND_04687,Co12.82Cr23.31Fe14.41Nb7.83Ni15.66V25.97,6,1284.28466796875,1057.588134765625,51.624900817871094,539.1599999999997,True
CAND_04688,Co29.01Cu7.35Mo32.56W31.08,4,656.2572021484375,870.7847900390625,69.72936248779297,570.9857,True
CAND_04689,Co11.71Cr14.63Mo13.34Nb40.81Ti19.51,5,895.9273071289062,903.838623046875,49.99325942993164,601.9319999999998,True
CAND_04690,Al20.22Co29.45Cr17.72Fe13.00Mo11.95V7.66,6,1214.00830078125,914.7982177734375,63.94038772583008,589.3732,True
CAND_04691,Al22.48Co7.20Fe15.92Nb26.69Ti12.40V15.31,6,1267.193359375,969.9893798828125,48.495914459228516,601.1393999999999,True
CAND_04692,Al40.54Cu21.42Fe31.41Mn6.63,4,732.8301391601562,1065.8466796875,52.25185012817383,674.2013999999999,True
CAND_04693,Cr10.95Fe11.18Ni28.89V41.28W7.70,5,1044.438232421875,938.518310546875,58.58079528808594,447.3253999999995,True
CAND_04694,Cu5.51Mn6.34Ti25.79V32.88W29.48,5,948.8253173828125,913.3856201171875,48.49075698852539,569.7277999999998,True
CAND_04695,Al10.23Cu23.35Fe5.94Nb12.25Ni34.29W13.94,6,781.2991943359375,1022.3062744140625,40.54270935058594,470.2069999999992,True
CAND_04696,Cr23.16Cu35.16Fe15.08Nb10.91Ni15.69,5,963.0737915039062,988.693359375,38.28018569946289,555.2991999999994,True
CAND_04697,Co21.75Cu10.14Fe15.76Mn7.79Mo29.54W15.02,6,664.0811767578125,950.27783203125,63.72678756713867,546.9063000000001,True
CAND_04698,Co9.80Fe8.72Nb25.69V32.47W23.32,5,1149.3089599609375,1040.0848388671875,49.30209732055664,579.9071999999999,True
CAND_04699,Cr29.71Cu7.93Mn18.87Nb6.46V37.03,5,1056.7342529296875,993.8154907226562,62.701229095458984,568.6383999999999,True
CAND_04700,Al12.53Cr41.37Fe7.02Mn12.26Nb13.18Ni13.64,6,1155.15625,1159.545654296875,64.76541900634766,562.7001999999999,True
CAND_04701,Mo7.14Nb26.06Ni16.66Ti11.57V23.22W15.35,6,1031.8114013671875,1012.1296997070312,45.10037612915039,538.6607999999998,True
CAND_04702,Al32.23Cu9.98Mo40.13Nb7.67V9.99,5,984.0899047851562,833.106201171875,53.94667434692383,726.1967999999999,True
CAND_04703,Co11.69Cr16.91Fe16.55Mo21.68Ni33.17,5,757.341796875,760.6504516601562,48.43233871459961,380.9832999999999,True
CAND_04704,Co21.44Mn29.00Nb12.71Ni36.85,4,637.37353515625,947.7573852539062,58.365318298339844,395.1487000000001,True
CAND_04705,Cr23.71Cu37.60Mo21.16Ni17.53,4,833.830078125,872.8489990234375,46.554691314697266,591.6630999999992,True
CAND_04706,Cu15.72Mo19.03Nb37.89W27.36,4,774.6834716796875,882.44140625,52.240657806396484,682.3699999999997,True
CAND_04707,Cu42.18Fe5.61Mo30.38V21.83,4,1022.0382080078125,974.4713745117188,44.79846954345703,690.0938999999993,True
CAND_04708,Co22.66Cr12.37Cu13.48Fe11.01Mo15.36Ti25.12,6,822.8181762695312,848.6027221679688,55.39620590209961,613.3003,True
CAND_04709,Mo13.35Nb28.56Ni26.32W31.77,4,653.2772827148438,795.2071533203125,55.68183135986328,519.0047999999996,True
CAND_04710,Al22.22Cr6.48Mn25.04Mo30.07Ni16.19,5,821.9216918945312,786.3438720703125,55.05208206176758,554.5021999999998,True
CAND_04711,Al13.79Cu7.56Fe13.26Mn7.10Nb24.26W34.03,6,908.986572265625,1047.9952392578125,55.229793548583984,577.2841999999998,True
CAND_04712,Al19.75Co17.38Fe20.45Nb9.56Ti32.86,5,1067.4144287109375,1075.557373046875,54.49711227416992,512.4843333333331,True
CAND_04713,Al22.32Fe15.39Mo20.15W42.14,4,741.8579711914062,911.9923095703125,53.62592697143555,587.1270999999998,True
CAND_04714,Co8.73Cr17.55Cu18.48Mn13.50W41.74,5,654.604248046875,1001.4361572265625,49.01246643066406,653.4539999999997,True
CAND_04715,Cu35.30Fe20.15Mo10.86Ti33.69,4,822.7613525390625,768.3396606445312,47.98816680908203,514.972199999999,True
CAND_04716,Co28.09Cr8.82Mo25.42Nb21.25V16.42,5,1171.038330078125,1031.7371826171875,59.54328155517578,585.7162999999999,True
CAND_04717,Cr25.38Cu29.27Mn31.32Ni14.03,4,613.2067260742188,955.859130859375,47.705482482910156,580.5810999999995,True
CAND_04718,Al19.42Cr6.03Mn25.89Ni8.72Ti39.94,5,981.1825561523438,877.5951538085938,52.9683723449707,540.1750999999998,True
CAND_04719,Al21.41Mn11.37Mo7.13Ti39.73W20.36,5,1002.8628540039062,889.27783203125,55.722843170166016,588.2369999999999,True
CAND_04720,Al19.69Fe7.51Mn36.15Nb10.87Ni25.78,5,861.6738891601562,1017.841796875,53.309898376464844,514.552233333333,True
CAND_04721,Cu24.20Mn8.02Nb15.56V14.50W37.72,5,968.626708984375,997.009765625,47.11149597167969,668.6685999999996,True
CAND_04722,Al7.59Fe25.89Mn28.97Ni37.55,4,492.3742370605469,771.9554443359375,48.65616226196289,393.8299999999996,True
CAND_04723,Co23.95Cr6.28Cu8.20Nb30.40V11.93W19.24,6,985.1640014648438,988.6073608398438,68.23554992675781,563.6947999999998,True
CAND_04724,Nb28.32Ni21.41V23.38W26.89,4,1029.5223388671875,952.1209716796875,55.63420104980469,511.03719999999964,True
CAND_04725,Al18.80Co22.58Mn9.14Nb18.58V13.83W17.07,6,1152.5601806640625,1155.3675537109375,64.60910034179688,569.6021999999998,True
CAND_04726,Mn30.40Mo25.86Nb23.16W20.58,4,731.5336303710938,926.2028198242188,48.4655647277832,558.7344999999998,True
CAND_04727,Cr39.42Fe23.49Mn21.74Mo6.50Nb8.85,5,852.0401611328125,1136.652587890625,55.18858337402344,478.47379999999976,True
CAND_04728,Al9.41Co16.47Cu26.50Ni15.99V31.63,5,1063.8189697265625,846.4689331054688,52.587127685546875,608.9935999999997,True
CAND_04729,Co15.71Cu36.36Mo26.73Ti21.20,4,800.4718627929688,827.4242553710938,48.701873779296875,660.0532999999995,True
CAND_04730,Cr12.43Cu19.94Mo24.64Ni34.11W8.88,5,754.58740234375,844.8888549804688,46.59967041015625,499.24279999999953,True
CAND_04731,Co19.49Cr14.75Cu27.98Fe5.07Nb19.02Ti13.69,6,818.5205688476562,976.2184448242188,45.752197265625,631.4363999999999,True
CAND_04732,Al17.14Cr17.50Mo28.30Nb17.24Ti19.82,5,1203.5506591796875,764.2224731445312,46.359622955322266,588.8695999999999,True
CAND_04733,Al11.76Mo27.94Ni9.27Ti22.54V20.00W8.49,6,1028.16064453125,710.9321899414062,49.27585983276367,595.5882999999998,True
CAND_04734,Cr21.34Mo26.14Ni35.68Ti16.84,4,1250.544677734375,771.3540649414062,46.51328659057617,441.51259999999985,True
CAND_04735,Cr32.23Mn12.89V25.36W29.52,4,1048.5782470703125,1099.8358154296875,62.94116973876953,568.1789999999997,True
CAND_04736,Co14.61Nb29.95Ni11.63Ti7.78V20.88W15.15,6,939.1568603515625,1076.4232177734375,53.043704986572266,574.9041999999997,True
CAND_04737,Cr5.14Cu18.55Fe24.44Mo17.15Ti34.72,5,917.7823486328125,600.8607788085938,39.1588134765625,567.9376999999996,True
CAND_04738,Al14.99Cr6.03Cu36.74Ni13.25W28.99,5,776.0497436523438,955.2159423828125,59.65586471557617,643.7133999999992,True
CAND_04739,Cu18.76Fe15.02Mn28.82Ni12.01V25.39,5,828.4042358398438,1000.3657836914062,48.84105682373047,594.7650999999995,True
CAND_04740,Co13.95Cu25.84Nb40.74Ni19.47,4,789.791748046875,890.4811401367188,67.45829772949219,558.7499999999993,True
CAND_04741,Al22.29Co6.87Cu33.09Fe13.76V16.18W7.81,6,969.4227905273438,1084.1265869140625,53.55508041381836,666.3043999999996,True
CAND_04742,Cr31.56Cu36.34Fe9.30Ni22.80,4,704.8053588867188,879.4131469726562,52.09541320800781,550.4681999999991,True
CAND_04743,Co36.16Cu18.28Mn11.54Nb18.95W15.07,5,733.6806640625,1086.4056396484375,67.27154541015625,653.7858,True
CAND_04744,Co12.86Cr16.71Fe21.19Mn42.51Ti6.73,5,876.9779663085938,1089.506591796875,46.34677505493164,455.59979999999973,True
CAND_04745,Co13.58Cr28.59Cu22.93Fe12.09Mn7.42W15.39,6,662.0759887695312,971.017333984375,60.45402908325195,647.4835999999998,True
CAND_04746,Cu15.62Mo25.59Ni20.29Ti13.87V10.03W14.60,6,1041.78271484375,690.3857421875,47.55708694458008,617.0462999999993,True
CAND_04747,Cu5.47Fe9.81Mn12.39Mo34.43Ti27.62W10.28,6,903.7240600585938,843.61572265625,42.856204986572266,587.9816999999998,True
CAND_04748,Al8.49Cr9.30Mn24.72Ni35.09Ti22.40,5,1055.2371826171875,915.5797729492188,49.25623321533203,400.6613999999998,True
CAND_04749,Al19.66Co34.63Mn28.66Ni17.05,4,649.6504516601562,1052.756103515625,64.70748901367188,556.8213666666663,True
CAND_04750,Co8.98Cu9.53Mo18.87Ti5.34V19.23W38.05,6,1011.8460083007812,1051.05322265625,52.22397232055664,606.7864999999998,True
CAND_04751,Cu17.81Fe13.08Mn22.67Nb21.79V24.65,5,1001.1080322265625,1148.2574462890625,46.19342041015625,637.2096999999998,True
CAND_04752,Co31.10Cu32.79Ti5.02V31.09,4,955.5640258789062,1122.6781005859375,62.03337860107422,635.0887999999999,True
CAND_04753,Al24.24Co29.71Cr9.57Fe21.40Ni15.08,5,919.9898071289062,1046.436767578125,63.68694305419922,586.2555999999997,True
CAND_04754,Al5.29Co28.34Cr12.67Cu21.46Fe32.24,5,547.2232666015625,796.5120849609375,58.45790481567383,530.9813999999997,True
CAND_04755,Fe7.18Mn43.61Nb15.57Ni12.62V21.02,5,1028.791015625,1054.721923828125,49.13648223876953,528.9136999999997,True
CAND_04756,Cu13.93Mn35.07Mo26.60W24.40,4,595.4017944335938,836.5195922851562,49.45277786254883,590.2223999999997,True
CAND_04757,Al6.65Mn17.89Mo34.70Ni11.37W29.39,5,621.2478637695312,677.2910766601562,57.255245208740234,594.5628999999997,True
CAND_04758,Co23.27Mo22.56Nb25.56Ni28.61,4,734.2462768554688,807.6278076171875,71.599609375,480.62100000000004,True
CAND_04759,Al16.16Cu32.01Mo8.33Nb43.50,4,938.9574584960938,1005.5894775390625,61.434024810791016,660.9675999999995,True
CAND_04760,Co17.99Cu19.64Mn21.18Mo15.38Nb13.06Ti12.75,6,796.1500244140625,1000.0940551757812,43.51148986816406,667.3846999999998,True
CAND_04761,Mn26.08Nb9.93Ti43.46V20.53,4,819.1390380859375,953.6832275390625,39.3557014465332,523.9106999999998,True
CAND_04762,Co9.68Cr15.45Cu38.49Fe15.42Ni6.05V14.91,6,979.4155883789062,886.96923828125,45.86872100830078,617.8959999999993,True
CAND_04763,Fe18.06Mo37.60Ni30.36Ti13.98,4,1143.2259521484375,735.7342529296875,44.78125,441.2622999999999,True
CAND_04764,Al38.92Cu5.76Fe34.14Mo21.18,4,677.8212890625,900.4092407226562,51.4729118347168,674.8005333333333,True
CAND_04765,Cr6.43Cu18.12Mo36.75Nb16.46W22.24,5,850.9658203125,901.42236328125,46.86632537841797,701.4726999999996,True
CAND_04766,Al14.83Cu21.15Fe15.91Ti24.63W23.48,5,1025.143798828125,1077.205322265625,51.10299301147461,594.5507999999994,True
CAND_04767,Al7.45Cr13.27Nb17.80Ti29.64W31.84,5,1019.5069580078125,1010.5814819335938,53.19600296020508,567.5215999999998,True
CAND_04768,Al10.34Cr24.86Cu27.57Mn27.48Mo9.75,5,876.6906127929688,978.0426635742188,41.98777389526367,601.8346999999998,True
CAND_04769,Co31.20Cr11.69Mo36.75Ni20.36,4,822.6666259765625,824.1437377929688,66.05997467041016,507.78610000000015,True
CAND_04770,Al7.05Cu5.29Ni36.76V30.47W20.43,5,1040.1387939453125,882.9591064453125,68.5604476928711,417.4859999999995,True
CAND_04771,Al13.07Co5.47Fe8.61Mo34.03Ni38.82,5,651.3658447265625,793.664794921875,55.96118927001953,433.1287999999997,True
CAND_04772,Co14.73Cu15.57Fe6.77Nb36.18Ni11.18W15.57,6,849.3012084960938,893.5707397460938,56.56354904174805,630.7081999999996,True
CAND_04773,Co35.60Mo13.01Ni32.68Ti18.71,4,895.419189453125,774.2354736328125,67.97077941894531,431.31019999999984,True
CAND_04774,Co24.41Cu7.14Mn16.79Ni43.49W8.17,5,522.9088745117188,895.6475830078125,76.59260559082031,405.8807999999999,True
CAND_04775,Al12.92Cr26.00Fe36.10Mn15.93Ni9.05,5,703.72900390625,1038.1844482421875,54.9575080871582,487.8320999999997,True
CAND_04776,Al17.71Cu6.72Fe26.57Mn9.65Ti22.60W16.75,6,1134.17431640625,1017.587158203125,53.17513656616211,508.74609999999973,True
CAND_04777,Co23.91Cu7.52Ti22.62V34.76W11.19,5,840.4607543945312,1049.10888671875,62.60536575317383,558.2317999999999,True
CAND_04778,Al17.64Co18.10Cr6.25Fe23.52Mo24.12Ti10.37,6,1176.1376953125,989.3906860351562,56.09035110473633,503.0551000000001,True
CAND_04779,Co20.42Cr20.70Fe12.40Mn17.24Mo10.68Ni18.56,6,868.38330078125,1078.1627197265625,69.36602783203125,474.9101999999999,True
CAND_04780,Cu40.41Nb11.82V18.04W29.73,4,979.68505859375,1085.67236328125,40.130027770996094,648.1587999999994,True
CAND_04781,Fe37.26Ni16.30Ti28.44V18.00,4,1030.8409423828125,1034.89404296875,45.01382064819336,478.3349666666663,True
CAND_04782,Al35.43Cu12.47Mn7.15Ni17.92Ti8.05W18.98,6,1063.5447998046875,1025.084228515625,66.62786102294922,709.3922999999998,True
CAND_04783,Al12.20Cu18.80Fe23.09Mn7.85Nb21.16Ti16.90,6,1125.2259521484375,977.7540283203125,51.79996109008789,577.8368999999996,True
CAND_04784,Al34.94Co10.38Cr22.34Cu12.31V20.03,5,1223.6737060546875,1095.148193359375,49.299774169921875,714.1661999999999,True
CAND_04785,Al18.20Cu13.87Fe17.82Mn12.05Ni10.50W27.56,6,773.8580932617188,1044.337890625,53.75363540649414,534.8011999999995,True
CAND_04786,Co5.86Mo33.01Nb22.75Ti38.38,4,819.8158569335938,753.2063598632812,45.992862701416016,585.4660999999998,True
CAND_04787,Cu20.07Mn11.05Ni15.99V17.79W35.10,5,890.115234375,948.7620239257812,49.01051330566406,634.3545999999994,True
CAND_04788,Al9.35Cu23.57Mn6.61Mo12.53Ni14.64V33.30,6,1111.116455078125,842.5540161132812,50.55110168457031,692.5419999999996,True
CAND_04789,Co8.82Cu25.63Mo27.47Ti38.08,4,725.646240234375,696.542724609375,49.4208984375,665.5164999999995,True
CAND_04790,Co7.86Cu16.23Mn23.47Mo23.46Ni13.81V15.17,6,864.8109130859375,777.0049438476562,52.28352737426758,665.8261999999996,True
CAND_04791,Al19.20Co28.71Mn25.15V26.94,4,843.6426391601562,1178.41357421875,68.83699798583984,552.6005333333331,True
CAND_04792,Co14.91Fe16.98Mn34.33Nb13.89Ni19.89,5,751.923095703125,928.0640869140625,47.9509391784668,417.9561999999998,True
CAND_04793,Cu19.74Fe18.72Mn23.26Nb19.53Ti18.75,5,919.3365478515625,1123.8212890625,42.78435516357422,510.41029999999944,True
CAND_04794,Cu29.81Mn27.99Nb17.59Ti24.61,4,840.489501953125,1087.6982421875,45.08490753173828,585.0572999999995,True
CAND_04795,Cr15.20Cu26.92Mn17.10Ni40.78,4,582.0357666015625,939.111572265625,51.51309585571289,448.9821999999991,True
CAND_04796,Al20.71Fe10.37Mn35.53Mo12.76V20.63,5,941.8994750976562,948.2862548828125,56.32099533081055,564.1146999999999,True
CAND_04797,Co10.01Fe26.15Mn26.19Mo20.53Nb17.12,5,799.8806762695312,962.877197265625,49.39885330200195,479.06699999999984,True
CAND_04798,Al33.47Co12.51Nb39.48Ti14.54,4,1107.07421875,918.0565185546875,57.91147232055664,755.3895999999999,True
CAND_04799,Cr9.04Cu16.94Mn18.56Mo16.50Nb30.75Ti8.21,6,822.3434448242188,948.1320190429688,46.1605110168457,714.8965999999996,True
CAND_04800,Mn17.71Mo35.44Ni11.91W34.94,4,639.1362915039062,791.4825439453125,53.4720344543457,594.1348999999997,True
CAND_04801,Cu16.75Fe13.50Ti10.25V34.26W25.24,5,994.06787109375,1045.9267578125,40.67470169067383,669.9683999999996,True
CAND_04802,Mn12.11Ti33.02V36.91W17.96,4,916.08056640625,913.8963623046875,47.46348190307617,563.0865999999999,True
CAND_04803,Al11.53Cr42.87Cu23.33Fe22.27,4,942.7637329101562,1049.237060546875,59.82243347167969,549.7731999999996,True
CAND_04804,Al16.13Co25.67Cu30.37Mn13.98Ti13.85,5,886.4148559570312,967.5604858398438,68.27827453613281,643.9157999999996,True
CAND_04805,Al13.59Co9.24Mn9.88Mo10.25Nb34.44Ni22.60,6,786.8538818359375,997.3765869140625,66.92388916015625,504.8117999999998,True
CAND_04806,Al9.22Cr16.28Cu21.97Mn25.47Nb5.58Ti21.48,6,1066.5501708984375,952.3463745117188,32.5965461730957,591.0526999999997,True
CAND_04807,Cu11.79Fe25.02Ni10.65Ti24.34V15.34W12.86,6,974.476318359375,884.872314453125,44.93052291870117,540.0968999999996,True
CAND_04808,Co16.40Cu17.48Mo14.33Ni20.60W31.19,5,688.925537109375,802.264892578125,56.075843811035156,607.2463999999998,True
CAND_04809,Cr28.32Mo14.02Nb28.13Ti11.18W18.35,5,905.6646728515625,1075.1634521484375,61.1059455871582,603.0221999999999,True
CAND_04810,Cr13.59Fe15.20Mo36.44W34.77,4,783.0411987304688,917.2578735351562,45.6138801574707,562.4232999999998,True
CAND_04811,Co11.37Fe5.77Ni33.35Ti22.46V17.30W9.75,6,1128.699462890625,924.5982666015625,55.60713195800781,401.6805999999997,True
CAND_04812,Al19.67Fe24.98Mn17.54Ni14.68Ti12.36W10.77,6,1080.454345703125,883.7174682617188,51.88828659057617,544.7460666666664,True
CAND_04813,Al15.48Co18.19Cr6.59Cu16.83V42.91,5,1172.528564453125,1101.1927490234375,64.81175994873047,646.6405999999998,True
CAND_04814,Al17.68Fe27.10Mn9.99Nb13.57Ti14.82V16.84,6,1363.1724853515625,988.8780517578125,47.88847732543945,518.2944999999999,True
CAND_04815,Co22.00Mn16.93Mo5.24Ti26.57W29.26,5,600.836669921875,1106.3287353515625,56.30391311645508,551.8698,True
CAND_04816,Al17.92Cu29.96Ni11.63Ti5.18W35.31,5,901.4253540039062,1042.7747802734375,55.43489456176758,633.8463999999993,True
CAND_04817,Al18.90Co15.01Cr22.35Cu8.13Mo25.57Nb10.04,6,1173.932861328125,1000.0595703125,56.340057373046875,584.9958999999999,True
CAND_04818,Al24.84Co36.77Cu25.79Mn12.60,4,755.6686401367188,1077.749755859375,70.91729736328125,720.2647999999999,True
CAND_04819,Al9.05Mn21.52Nb38.63V30.80,4,1022.4006958007812,1048.806884765625,50.79542922973633,564.2066999999997,True
CAND_04820,Al32.65Nb13.66Ni15.37Ti38.32,4,999.9429321289062,809.1143188476562,53.350582122802734,717.5853999999999,True
CAND_04821,Al8.64Co19.02Cr11.29Ti27.04V34.01,5,889.0909423828125,1003.3436279296875,58.5947151184082,555.6552,True
CAND_04822,Co44.56Ni17.92Ti25.78W11.74,4,747.0399169921875,921.5721435546875,68.50403594970703,546.2181999999999,True
CAND_04823,Mo13.79Ti37.70V28.33W20.18,4,911.2677001953125,613.851318359375,49.43562698364258,579.3839999999998,True
CAND_04824,Al13.80Fe43.66Ni14.84W27.70,4,581.0003662109375,863.1934204101562,49.241024017333984,495.30616666666623,True
CAND_04825,Cr18.86Mo22.85Nb21.94Ni8.39V5.96W22.00,6,1245.9161376953125,894.3721313476562,51.348907470703125,602.7506999999997,True
CAND_04826,Al25.93Cu5.46Mo20.99Ti32.53W15.09,5,842.71337890625,610.7415771484375,51.72282791137695,694.8973999999998,True
CAND_04827,Cu11.09Fe23.00Mo13.30Nb12.82Ni10.91W28.88,6,925.0888061523438,873.345458984375,54.31455612182617,543.5578999999997,True
CAND_04828,Co8.00Cr42.34Cu7.86Nb11.72W30.08,5,789.6200561523438,1071.176513671875,57.38015365600586,566.3637999999999,True
CAND_04829,Al22.03Mo39.08Nb7.80V16.88W14.21,5,1095.0048828125,896.6317749023438,44.97520065307617,621.1840999999998,True
CAND_04830,Co10.22Cu22.47Mn17.74Ni9.94Ti26.26V13.37,6,811.2449951171875,866.0928344726562,46.330955505371094,662.4845999999995,True
CAND_04831,Fe30.25Nb13.58Ni8.98Ti23.30V23.89,5,1103.82958984375,1092.40966796875,44.128658294677734,504.35449999999963,True
CAND_04832,Cu14.72Fe9.12Mo27.46Ti34.37V14.33,5,939.6089477539062,559.3468627929688,41.91645431518555,646.4116999999997,True
CAND_04833,Al15.35Co24.36Cu37.38Nb12.16W10.75,5,795.8114624023438,1105.76416015625,64.83145141601562,636.8619999999996,True
CAND_04834,Cr8.21Mn37.96Mo17.35Ni17.84W18.64,5,722.3158569335938,902.009521484375,50.896785736083984,494.9107,True
CAND_04835,Co7.03Cu20.59Nb22.75Ni23.35Ti26.28,5,962.4210205078125,888.1192626953125,47.845603942871094,571.4455999999994,True
CAND_04836,Fe15.89Mo14.38Ti43.32V26.41,4,967.5879516601562,721.59765625,44.3383903503418,534.8371999999997,True
CAND_04837,Co25.31Cr18.19Fe41.04Ni15.46,4,466.43878173828125,884.9675903320312,57.15707015991211,452.3930666666666,True
CAND_04838,Al14.95Co32.62V39.93W12.50,4,962.0202026367188,1208.0179443359375,72.79707336425781,569.2492,True
CAND_04839,Co18.51Cr19.47Ni11.78Ti21.22V14.59W14.43,6,890.3296508789062,936.8580322265625,52.590232849121094,544.7555999999998,True
CAND_04840,Co21.20Fe32.44Mo25.44V20.92,4,1008.1068115234375,1077.0546875,52.49856185913086,498.63590000000005,True
CAND_04841,Co43.97Cr30.51Mn8.57W16.95,4,735.71533203125,1087.2125244140625,75.19386291503906,569.6854,True
CAND_04842,Co36.33Cu38.06Mo5.35Nb11.06Ni9.20,5,769.157958984375,1038.5318603515625,57.176185607910156,647.4516,True
CAND_04843,Cr29.77Cu21.62Mo6.96W41.65,4,747.5935668945312,990.8065185546875,54.44761276245117,648.5357999999997,True
CAND_04844,Cr10.85Cu29.26Mn14.86Mo13.59Nb31.44,5,796.6619262695312,911.0755615234375,47.82160949707031,699.2189999999995,True
CAND_04845,Co36.75Fe14.24Mo5.82W43.19,4,694.566162109375,1104.185546875,64.997314453125,557.4176000000001,True
CAND_04846,Al28.68Fe18.15Mn33.53Mo12.40V7.24,5,793.840087890625,1006.570556640625,57.812076568603516,666.8361666666665,True
CAND_04847,Co16.37Cr20.62Fe29.68Mn21.28Mo12.05,5,619.1826171875,985.7366943359375,51.5294075012207,458.06389999999993,True
CAND_04848,Co11.29Cr43.15Mo27.42Ti18.14,4,848.0546875,896.8211059570312,56.840721130371094,585.3150999999999,True
CAND_04849,Co20.07Cu18.18Mn13.01Mo17.84V7.69W23.21,6,866.737060546875,904.261962890625,61.52330780029297,686.9652999999998,True
CAND_04850,Co25.69Cr14.68Fe7.11Mn6.31Nb23.64V22.57,6,1077.9896240234375,1187.4459228515625,60.381813049316406,563.5614,True
CAND_04851,Co16.95Cr25.95Cu29.52Mn13.69Ti13.89,5,728.5940551757812,960.6683959960938,49.14021682739258,626.0000000000001,True
CAND_04852,Al17.53Co11.04Cu8.74Mo7.71Nb39.08Ti15.90,6,1215.2545166015625,981.5064697265625,62.78232192993164,582.0377999999998,True
CAND_04853,Al22.61Co24.35Ti33.98W19.06,4,915.8325805664062,918.4534912109375,63.751163482666016,601.7287333333333,True
CAND_04854,Al12.82Cr28.63Cu10.25Mo20.34Ti14.90W13.06,6,1174.5709228515625,674.92724609375,62.914337158203125,613.2189999999998,True
CAND_04855,Cr40.90Mo16.44Nb12.81Ti21.46W8.39,5,1014.8154296875,980.0843505859375,52.94022750854492,585.7435999999998,True
CAND_04856,Cr32.73Cu21.19Mn5.24Mo13.40Nb10.13W17.31,6,849.9522705078125,1051.732666015625,49.57461929321289,686.9337999999997,True
CAND_04857,Co5.49Cu12.90Fe6.84Mn42.81Nb20.80W11.16,6,753.5565795898438,995.3539428710938,49.721641540527344,568.3494999999997,True
CAND_04858,Cu42.08Mn9.63Mo6.53Ti7.29V22.03W12.44,6,926.49365234375,1130.9962158203125,46.416053771972656,651.7447999999994,True
CAND_04859,Al22.26Cr20.39Mn40.38Nb6.31V10.66,5,1305.441650390625,1197.60400390625,50.018272399902344,559.9410999999999,True
CAND_04860,Co30.85Cu24.96Fe5.81Mo14.14Nb9.93Ti14.31,6,852.1343994140625,929.2103271484375,47.06407165527344,674.1138,True
CAND_04861,Co11.21Cu21.50Mo36.58V30.71,4,1060.592529296875,973.0631713867188,51.33341979980469,701.2086999999995,True
CAND_04862,Cr14.76Cu44.84Mo25.91Ti14.49,4,987.4638061523438,816.1298217773438,39.39928436279297,690.1212999999995,True
CAND_04863,Co13.91Fe33.64Mo31.95Ni20.50,4,687.7727661132812,791.5249633789062,55.328914642333984,488.1596666666666,True
CAND_04864,Al14.76Mn24.27Ti29.74V31.23,4,940.6557006835938,979.419189453125,55.81740951538086,537.4052999999998,True
CAND_04865,Co33.38Cr15.51Mn9.46Mo15.57V26.08,5,1211.3232421875,1213.06640625,64.49756622314453,584.1403999999999,True
CAND_04866,Cr16.50Ni42.80Ti7.15W33.55,4,886.3554077148438,983.7863159179688,52.916831970214844,422.37379999999956,True
CAND_04867,Co15.54Fe24.55Nb29.27Ni22.63Ti8.01,5,953.4407958984375,834.4232788085938,58.39794921875,470.8040999999997,True
CAND_04868,Al21.29Fe24.12Mn15.44Nb7.02V20.55W11.58,6,1247.3148193359375,1187.7664794921875,45.06772994995117,540.1479666666665,True
CAND_04869,Co16.49Cr25.11Cu14.27Fe9.75Nb16.58W17.80,6,910.4472045898438,953.0531616210938,58.34819793701172,586.0440000000001,True
CAND_04870,Co12.70Mo40.88Nb18.43Ti27.99,4,937.1804809570312,874.778076171875,49.17135238647461,591.2556999999998,True
CAND_04871,Al31.28Co14.77Cu14.20Mn25.58V14.17,5,775.3289794921875,985.2916870117188,60.69234848022461,672.6918999999998,True
CAND_04872,Al9.87Cr19.22Cu14.42Nb17.85Ni38.64,5,1099.672119140625,1023.305908203125,46.935977935791016,471.1141999999994,True
CAND_04873,Al10.55Co29.13Cr12.45Mn26.48Ni21.39,5,701.2208251953125,1016.2752685546875,59.82058334350586,463.10630000000003,True
CAND_04874,Cu13.13Mn16.73Nb29.66V40.48,4,1017.0557250976562,1026.755859375,50.172122955322266,616.4513999999997,True
CAND_04875,Cr37.97Cu25.27Mo17.42Ti19.34,4,895.9526977539062,886.6456909179688,47.738609313964844,668.6306999999997,True
CAND_04876,Co17.52Cu22.52Nb29.28Ti10.18V20.50,5,936.0592651367188,1192.149658203125,46.815032958984375,656.5197999999998,True
CAND_04877,Cu10.24Fe37.42Mn16.72Nb35.62,4,760.0488891601562,1034.9920654296875,56.73744583129883,510.7856999999997,True
CAND_04878,Al12.25Mo12.01Ni31.35Ti35.77V8.62,5,1117.3116455078125,615.6805419921875,64.68256378173828,432.23519999999957,True
CAND_04879,Cr14.72Cu7.60Mn37.92Mo14.33Nb10.63V14.80,6,1208.2088623046875,902.2662353515625,41.65500259399414,563.1996999999997,True
CAND_04880,Co7.31Cu18.96Fe6.14Mn16.98Mo19.06Nb31.55,6,935.0626220703125,980.76025390625,46.33476257324219,711.4757999999997,True
CAND_04881,Co9.46Mn21.99Nb33.06Ti7.28V5.16W23.05,6,833.5369873046875,1027.5897216796875,51.10451126098633,557.6750999999998,True
CAND_04882,Co5.17Cr14.19Fe16.49V41.36W22.79,5,1047.17919921875,1096.2291259765625,46.039676666259766,516.4397999999998,True
CAND_04883,Co24.23Cu8.37Mn20.30Mo37.13Ni9.97,5,634.4740600585938,893.653564453125,64.4132080078125,564.646,True
CAND_04884,Al14.41Cr16.16Nb11.78Ni27.88W29.77,5,861.7867431640625,1128.0,53.05500030517578,483.87319999999966,True
CAND_04885,Cu39.75Mn10.93Mo13.81Nb10.24W25.27,5,739.6145629882812,983.705810546875,42.17162322998047,685.7919999999995,True
CAND_04886,Mn41.47Mo25.13Nb24.60Ni8.80,4,758.1201171875,911.70556640625,46.43732452392578,555.7202999999997,True
CAND_04887,Co28.94Mo9.54Nb12.29Ni20.31V8.66W20.26,6,1042.6041259765625,881.8143920898438,64.38286590576172,489.5077999999999,True
CAND_04888,Al11.51Cu27.43Fe28.40Ni7.68Ti24.98,5,1007.760986328125,930.39453125,53.817325592041016,540.3647999999994,True
CAND_04889,Cr27.69Mo9.28Nb15.01Ni7.57V16.24W24.21,6,1254.0408935546875,1018.2316284179688,61.596214294433594,573.6863999999998,True
CAND_04890,Cr25.57Mn36.54Ti14.34V10.06W13.49,5,933.7017822265625,890.5396118164062,49.02695083618164,534.2560999999998,True
CAND_04891,Co11.26Fe37.82Mn35.55Mo15.37,4,492.28875732421875,1040.883544921875,52.36013412475586,455.2121999999998,True
CAND_04892,Al40.96Co8.71Cu14.45Ti23.48V12.40,5,998.752197265625,992.8553466796875,53.580013275146484,735.4705333333334,True
CAND_04893,Al31.16Cu35.91Fe13.85Mn19.08,4,620.4489135742188,1081.8302001953125,53.883907318115234,729.5340666666665,True
CAND_04894,Al14.91Cr9.23Fe41.66Mo14.09Ni13.08Ti7.03,6,955.9797973632812,748.1213989257812,53.9608039855957,502.8108999999997,True
CAND_04895,Al29.92Cu13.09Nb6.32Ni22.90Ti27.77,5,1012.0520629882812,959.3837890625,54.90425109863281,748.7984333333329,True
CAND_04896,Cu20.78Mo27.44Ni6.73Ti25.00W20.05,5,875.6322021484375,833.4178466796875,44.85755920410156,691.3208999999997,True
CAND_04897,Al20.72Fe12.92Mo15.46Nb42.96Ti7.94,5,1168.099609375,923.7477416992188,54.204044342041016,618.8161999999999,True
CAND_04898,Al23.51Co10.00Fe5.58Nb32.20W28.71,5,946.0945434570312,1117.0467529296875,56.61771774291992,613.1769333333332,True
CAND_04899,Cr40.67Cu6.09Ti23.78V29.46,4,1066.1744384765625,926.8978271484375,56.43585968017578,562.0389999999998,True
CAND_04900,Cu36.46Mo9.39Nb20.20W33.95,4,760.480712890625,930.775390625,52.40009307861328,644.2471999999993,True
CAND_04901,Co32.66Cr30.63Cu5.32Mo8.04V16.90W6.45,6,1241.80615234375,1059.458984375,74.42003631591797,568.8924000000001,True
CAND_04902,Al16.03Cu12.20Fe17.65Nb8.65Ni17.87V27.60,6,1269.364990234375,957.9039916992188,51.614559173583984,497.6665999999995,True
CAND_04903,Al10.77Cr11.90Cu34.42Ni9.54Ti9.85W23.52,6,925.5830078125,861.9802856445312,43.23546600341797,647.9517999999994,True
CAND_04904,Co36.10Fe5.16Nb8.75Ni34.99W15.00,5,709.028564453125,980.5103759765625,56.762611389160156,412.56340000000006,True
CAND_04905,Co29.52Mn14.87Mo9.47Nb9.95V20.70W15.49,6,1080.582763671875,1191.768798828125,59.56929397583008,561.8362,True
CAND_04906,Al6.25Cu29.98Mn25.96Ni18.86V18.95,5,841.902587890625,890.3931884765625,61.73728942871094,541.1430999999993,True
CAND_04907,Co35.90Cr14.72Mn11.39W37.99,4,646.3047485351562,1106.9683837890625,65.05741882324219,563.4472,True
CAND_04908,Al18.77Co23.71Mo11.61Ni17.90V28.01,5,1198.876708984375,981.2927856445312,75.87200164794922,534.3404666666665,True
CAND_04909,Cr19.83Fe29.39Ni13.61V37.17,4,1118.2159423828125,897.9537353515625,52.02739715576172,498.4726999999997,True
CAND_04910,Mo18.59Ni28.59Ti8.23W44.59,4,1013.9107055664062,811.2655639648438,52.0792236328125,483.54539999999986,True
CAND_04911,Cr41.60Fe17.88Mo19.73W20.79,4,737.4638061523438,1059.7918701171875,60.795005798339844,511.25669999999985,True
CAND_04912,Al33.96Mn40.99Mo8.38Nb16.67,4,910.6377563476562,1146.1395263671875,55.88780975341797,669.1710999999999,True
CAND_04913,Co32.10Mn16.25Mo10.22Ni41.43,4,640.0059204101562,943.2542724609375,77.72142028808594,398.5915999999999,True
CAND_04914,Co18.80Fe21.36Ni23.28Ti16.57V19.99,5,903.6153564453125,893.4135131835938,57.28746032714844,474.65899999999976,True
CAND_04915,Co19.26Mo32.29Ni10.62Ti23.99W13.84,5,754.712890625,816.9942016601562,55.60714340209961,568.3657,True
CAND_04916,Cr11.97Mn26.62Nb35.47Ti16.63V9.31,5,929.9420776367188,1022.1166381835938,45.857295989990234,545.9544999999999,True
CAND_04917,Cu8.68Mn15.56Nb24.92V8.26W42.58,5,940.947998046875,977.788330078125,57.219913482666016,586.8249999999998,True
CAND_04918,Al16.64Cr12.21Fe14.43Mn23.58Nb27.07V6.07,6,1137.4072265625,1172.09765625,55.6776008605957,542.8670999999998,True
CAND_04919,Al6.61Co27.64Cr10.20Ni17.59V11.98W25.98,6,910.4194946289062,868.4458618164062,66.99079895019531,480.3892,True
CAND_04920,Al5.87Co22.13Cr30.71Fe28.79W12.50,5,767.5126342773438,909.365966796875,58.975975036621094,477.2367999999999,True
CAND_04921,Cu21.61Fe20.73Mo10.76Nb29.82Ti7.24W9.84,6,965.8749389648438,1026.310302734375,50.77782440185547,571.6887999999994,True
CAND_04922,Cu39.17Mn5.82Mo8.77Ni11.14Ti17.62W17.48,6,881.89013671875,897.0291748046875,48.370330810546875,640.3349999999995,True
CAND_04923,Cu33.45Fe5.55Mn15.85Nb21.31Ni15.60Ti8.24,6,944.32177734375,947.4774780273438,45.06138610839844,610.5973999999992,True
CAND_04924,Al18.86Co23.23Cu15.24Mn21.81Ni6.92Ti13.94,6,873.10498046875,988.308837890625,61.4507942199707,606.4402666666664,True
CAND_04925,Al27.70Mn16.44Mo14.16Nb5.70Ti26.20V9.80,6,790.4903564453125,744.1607055664062,53.02519607543945,769.4216666666667,True
CAND_04926,Al15.98Mn15.89Mo34.31W33.82,4,660.558349609375,861.8790893554688,56.8586540222168,600.9984999999998,True
CAND_04927,Cu18.92Mo6.23Ni13.62Ti23.94V28.01W9.28,6,995.234375,917.9442138671875,45.043663024902344,653.7259999999995,True
CAND_04928,Co15.27Fe9.51Mo29.26Ti25.52V20.44,5,940.4667358398438,871.4070434570312,43.31393051147461,591.2157,True
CAND_04929,Cu30.47Fe24.36Mn7.22Mo23.95Ni14.00,5,674.1674194335938,816.3963623046875,47.97917175292969,580.8344999999991,True
CAND_04930,Al11.71Cu16.30Fe10.01Ni21.64Ti35.18V5.16,6,1030.3875732421875,661.53271484375,61.533042907714844,560.4273999999996,True
CAND_04931,Al12.19Cr5.72Cu13.48Mn16.79Ti35.81W16.01,6,983.6700439453125,812.3775024414062,54.73940658569336,596.6685999999996,True
CAND_04932,Cr26.56Cu25.03Fe18.13Mn7.88Mo15.02Ti7.38,6,910.2393798828125,1009.375244140625,46.5299072265625,574.6539999999995,True
CAND_04933,Al30.51Fe30.45Ti24.01W15.03,4,1058.4447021484375,1055.40380859375,51.56546401977539,691.0472666666666,True
CAND_04934,Al27.73Co15.68Cu9.60Fe22.77Mn8.66W15.56,6,769.9357299804688,1143.1177978515625,63.83640670776367,722.6209333333334,True
CAND_04935,Co24.81Fe8.51Mn20.71Ni20.07Ti15.06V10.84,6,722.491943359375,740.5851440429688,55.55117416381836,483.18409999999994,True
CAND_04936,Al18.96Cr12.83Cu22.55Mn34.19Ni11.47,5,985.5476684570312,1000.797119140625,53.39107131958008,597.1742999999997,True
CAND_04937,Cr14.21Mn15.57Ni24.74Ti12.89V12.14W20.45,6,1243.210205078125,872.688720703125,50.988059997558594,521.4205999999997,True
CAND_04938,Al24.47Co20.47Cr14.19Cu9.68Nb9.74W21.45,6,1004.1329956054688,1201.1820068359375,55.592716217041016,595.9345333333331,True
CAND_04939,Cr16.17Cu31.96Mo14.94Nb10.43W26.50,5,866.4475708007812,945.3517456054688,36.16661834716797,676.3659999999995,True
CAND_04940,Cr17.17Mn10.81Ni37.17Ti13.98W20.87,5,1136.5465087890625,939.0653076171875,49.68955612182617,423.7649999999997,True
CAND_04941,Co11.28Cr40.30Mn5.95Ti15.08V27.39,5,971.3335571289062,953.296875,59.02570724487305,568.4029999999998,True
CAND_04942,Al17.70Cr33.62Cu27.08Mo6.09Ti5.43W10.08,6,1168.5550537109375,1219.41796875,60.628273010253906,631.0267999999998,True
CAND_04943,Al20.24Co11.52Cu7.92Mo23.79Ni26.27W10.26,6,707.32373046875,751.977783203125,66.42279815673828,562.3694333333332,True
CAND_04944,Al10.32Co27.55Cu36.62Mn8.24Ni17.27,5,666.2603759765625,925.1136474609375,66.28287506103516,547.1173999999995,True
CAND_04945,Cu34.54Fe26.25Ni31.07V8.14,4,817.3070678710938,835.0779418945312,55.0736198425293,421.6527999999989,True
CAND_04946,Cu40.01Mo28.05Nb5.65Ti11.09W15.20,5,924.0086059570312,1004.2406616210938,36.925498962402344,688.0844999999994,True
CAND_04947,Al29.58Ni32.56Ti11.68V26.18,4,1088.745361328125,965.1915283203125,61.95812225341797,673.9352666666662,True
CAND_04948,Co15.47Cr14.29Cu19.48Fe25.08Mn19.64V6.04,6,702.672119140625,783.6292114257812,45.83203887939453,539.6528999999996,True
CAND_04949,Al32.00Mn9.99Nb15.62Ni17.14V9.41W15.84,6,1080.32470703125,1069.489990234375,60.63784408569336,701.8663666666663,True
CAND_04950,Al42.25Fe25.06Mo9.03W23.66,4,781.8084716796875,1095.9837646484375,51.60102462768555,685.9341999999999,True
CAND_04951,Co7.82Cr14.67Cu9.46Mn34.33Nb19.22W14.50,6,812.2250366210938,1060.9071044921875,51.953433990478516,546.7074999999998,True
CAND_04952,Fe14.79Mn13.37Ti27.65V6.61W37.58,5,933.5794677734375,1013.7728881835938,46.66447067260742,548.8399999999997,True
CAND_04953,Al18.64Cr40.08Cu8.71Mn10.26Nb8.92Ni13.39,6,1091.51025390625,1099.61279296875,63.57600402832031,557.1711999999999,True
CAND_04954,Cu23.45Mo5.98Ni13.46Ti28.33W28.78,5,826.8892822265625,953.7966918945312,47.264198303222656,641.8197999999995,True
CAND_04955,Al31.27Co8.07Mn25.87Nb15.30Ni6.96W12.53,6,779.8178100585938,1155.55908203125,58.1807975769043,671.0530333333332,True
CAND_04956,Co19.08Cr11.34Cu20.09Mo17.42Nb21.37V10.70,6,1203.23388671875,818.4786376953125,50.451026916503906,690.7886999999998,True
CAND_04957,Cr11.73Fe12.26Mn34.14Nb23.36W18.51,5,844.4094848632812,1095.7618408203125,43.58284378051758,545.8417,True
CAND_04958,Cr12.90Mo15.73Nb35.21V36.16,4,1303.1798095703125,1106.4945068359375,48.30195999145508,604.3891999999998,True
CAND_04959,Cr15.24Fe35.94Nb19.18V12.56W17.08,5,1229.1004638671875,962.9278564453125,46.65229797363281,498.0746999999997,True
CAND_04960,Co6.36Fe19.46Mn18.06Nb12.76Ti43.36,5,753.9324340820312,944.8811645507812,42.314571380615234,477.60539999999963,True
CAND_04961,Nb22.61Ti21.56V27.47W28.36,4,1014.88671875,1031.520751953125,45.89255905151367,576.4437999999998,True
CAND_04962,Co15.66Fe28.67Nb28.26W27.41,4,775.623046875,919.1544189453125,55.45162582397461,499.0874999999998,True
CAND_04963,Cr26.06Mo17.82Ni33.64W22.48,4,681.4697265625,860.938720703125,52.470619201660156,445.3967999999997,True
CAND_04964,Mo32.55Nb17.24Ti34.40W15.81,4,896.4027709960938,725.4309692382812,44.71524429321289,580.7134999999997,True
CAND_04965,Al30.64Nb22.18V32.17W15.01,4,1115.0472412109375,1107.6253662109375,55.581912994384766,728.3660666666665,True
CAND_04966,Al17.56Fe9.75Nb42.10Ti21.68W8.91,5,1229.00927734375,1057.692626953125,52.097476959228516,577.6917999999997,True
CAND_04967,Co10.80Cu36.60Fe6.35Mn40.38V5.87,5,751.0051879882812,949.7384643554688,53.7086296081543,596.4676999999995,True
CAND_04968,Al25.25Cu32.16Mo24.33V18.26,4,842.4555053710938,820.9412841796875,47.11146926879883,722.6495999999996,True
CAND_04969,Co30.12Cr12.14Cu12.92Mo9.17V27.86W7.79,6,1155.4921875,915.8441162109375,68.98921203613281,595.8513999999999,True
CAND_04970,Co8.51Cr10.70Cu13.35Fe31.92Nb35.52,5,858.2293701171875,808.0087890625,55.59115982055664,522.6368999999995,True
CAND_04971,Cr15.82Fe9.79Mn11.48Mo24.15V33.23W5.53,6,1296.43798828125,1036.2767333984375,41.98887634277344,592.1918999999998,True
CAND_04972,Al16.61Cu12.34Fe20.62Mn9.78Ni20.65Ti20.00,6,1129.739013671875,987.8865966796875,57.53104019165039,506.48666666666605,True
CAND_04973,Al17.16Co17.69Cr33.86Mo6.13Ni7.54W17.62,6,1110.7784423828125,1223.418212890625,72.8210678100586,547.3836000000001,True
CAND_04974,Co7.79Cr22.51Mo39.92Ti19.11W10.67,5,901.62841796875,936.1493530273438,45.868953704833984,585.8765999999998,True
CAND_04975,Al15.20Co25.59Cu13.87Ni24.74Ti20.60,5,910.4151000976562,969.0620727539062,68.08084869384766,568.6385999999999,True
CAND_04976,Mn15.62Ni8.14Ti22.17V17.37W36.70,5,975.842041015625,1015.7559204101562,47.33530044555664,573.4767999999998,True
CAND_04977,Cu18.98Fe13.09Mo30.31Nb5.31Ni23.37Ti8.94,6,998.5730590820312,882.8226928710938,34.63777160644531,636.4990999999995,True
CAND_04978,Al7.47Cu42.85Fe28.46Nb9.91V11.31,5,1080.0677490234375,829.9164428710938,34.10649108886719,545.0081999999992,True
CAND_04979,Al6.57Ni10.78Ti43.36W39.29,4,859.9151000976562,675.1727905273438,61.623905181884766,557.7217999999996,True
CAND_04980,Al18.19Cr31.81Cu8.85Nb10.53Ni30.62,5,1249.898193359375,1106.0120849609375,61.571495056152344,472.74899999999946,True
CAND_04981,Al12.29Fe15.10Mn20.56V20.98W31.07,5,870.0336303710938,1178.15283203125,48.878055572509766,543.9876999999997,True
CAND_04982,Al22.93Mn28.26Ni36.64V12.17,4,788.4248046875,978.711181640625,64.58987426757812,488.11066666666613,True
CAND_04983,Co31.38Cu10.24Fe10.48Mn11.09Mo6.78Ni30.03,6,573.5029907226562,928.2722778320312,76.26286315917969,448.6613999999999,True
CAND_04984,Cr23.65Cu32.81Mn18.50Mo6.78V18.26,5,869.658935546875,1039.816650390625,45.79603958129883,639.6461999999996,True
CAND_04985,Cu22.82Mn17.21Ti34.78V25.19,4,902.8988647460938,835.8897094726562,44.01104736328125,640.2367999999996,True
CAND_04986,Co9.48Fe17.06Mo30.42Nb26.01V17.03,5,1200.923583984375,958.5591430664062,46.30985641479492,542.4051999999998,True
CAND_04987,Al10.64Co23.09Cr16.14Ni10.93Ti14.55V24.65,6,986.5480346679688,991.3114624023438,54.91020965576172,554.6916000000001,True
CAND_04988,Al12.93Co13.92Fe22.19Nb19.72V31.24,5,1265.385498046875,1086.1011962890625,60.17910385131836,502.42409999999967,True
CAND_04989,Al32.62Co13.82Cu18.93Mn11.91Mo14.84Ni7.88,6,706.78271484375,870.15234375,61.823970794677734,744.4577999999998,True
CAND_04990,Al10.29Cr29.32Mn6.58Mo29.77V24.04,5,1310.2645263671875,1008.339111328125,55.503883361816406,590.9386999999998,True
CAND_04991,Al33.93Co43.88Cu9.65Mn6.48W6.06,5,805.9641723632812,1102.905029296875,70.69252014160156,777.2359333333334,True
CAND_04992,Cr17.91Fe15.64Mo18.92Nb12.44Ti13.55V21.54,6,1444.1175537109375,1249.6119384765625,27.774173736572266,557.5783999999999,True
CAND_04993,Cr16.01Mn8.12Mo20.37Ti18.80W36.70,5,978.6484985351562,830.7493286132812,41.452117919921875,585.7000999999998,True
CAND_04994,Cu42.27Mn15.48Nb24.21V18.04,4,971.6043090820312,1035.183349609375,47.06928253173828,658.6627999999994,True
CAND_04995,Al8.35Co42.84Mo17.78Ti31.03,4,761.7464599609375,781.2387084960938,61.164676666259766,589.2241,True
CAND_04996,Cr24.12Cu35.90Ni23.56Ti16.42,4,1067.472900390625,849.8055419921875,40.27845001220703,561.0515999999993,True
CAND_04997,Al14.01Co7.25Fe29.81Nb15.13Ti14.11V19.69,6,1219.730224609375,1023.9077758789062,49.71799087524414,505.2402999999997,True
CAND_04998,Al9.19Co23.98Mn15.48Ni9.40W41.95,5,686.412841796875,966.9625244140625,64.6380615234375,545.4613999999999,True
CAND_04999,Cr25.84Fe23.56Nb14.34Ni13.49Ti22.77,5,1033.2939453125,1006.5131225585938,61.332069396972656,487.3682999999997,True
CAND_05000,Mn34.96Nb20.93Ti35.37V8.74,4,817.5875854492188,821.552978515625,48.247249603271484,523.1050999999998,True
