optimization_rank,trial,n_elements,composition,YS_predicted_MPa,UTS_predicted_MPa,Elongation_predicted_pct,Hardness_predicted_HV,YS_Ensemble_Mean_MPa,YS_Uncertainty_MPa,Relative_YS_Uncertainty,Novelty_Distance,Performance_Score,Acquisition_Score,Al,Co,Cr,Cu,Fe,Mn,Mo,Nb,Ni,Ti,V,W
1,501,6,Al26.56Cr27.27Fe8.16Mo7.46Nb14.96V15.60,1498.7901611328125,1220.2845458984375,61.088294982910156,724.2382333333334,1418.5766235351562,223.60243124694935,0.15762450017660812,0.1315831252898414,0.7306285234673295,0.6649057733652093,32.91873824681969,0.0,33.79070237493028,0.0,10.10829387158048,0.0,9.250341731393858,18.53690656185692,0.0,0.0,19.327463188153505,0.0
2,130,5,Al26.88Cr30.94Cu4.66Nb16.75V20.77,1392.2540283203125,1177.350341796875,64.3772964477539,740.8082333333334,1330.148087565104,247.65421313187795,0.18618544464866324,0.09777166581747032,0.72804810732888,0.6619474130032201,35.595611081398985,0.0,40.969098011468404,6.164836679152602,0.0,0.0,0.0,22.176772280231173,0.0,0.0,27.503837045425232,0.0
3,417,5,Al26.97Cr29.49Cu9.77Nb13.73V20.04,1424.527587890625,1163.390380859375,64.8893051147461,741.3327666666668,1329.200341796875,248.64774107545483,0.18706566140309688,0.12113440696063671,0.731387431874437,0.6603941351315354,30.42938323564936,0.0,33.28200814522528,11.028313048439948,0.0,0.0,0.0,15.487441507504899,0.0,0.0,22.613195862176262,0.0
4,569,4,Al30.94Cr31.48Nb15.19V22.39,1362.49560546875,1241.1427001953125,64.43331146240234,724.2609666666665,1297.4729370117188,238.66076567517965,0.18394276972346904,0.10575899825536084,0.7248916180752923,0.6577541259933529,33.852998116458586,0.0,34.44655574450976,0.0,0.0,0.0,0.0,16.623138085682804,0.0,0.0,24.495915323690244,0.0
5,552,4,Al29.37Cr31.77Nb17.70V21.16,1360.145263671875,1251.2213134765625,65.03235626220703,726.8588999999998,1287.984745279948,255.92744914121897,0.19870378906202982,0.09664303080958792,0.7266215479784447,0.6576169945510196,30.43671250282875,0.0,32.91826747602822,0.0,0.0,0.0,0.0,18.34100457259628,0.0,0.0,21.92172069903529,0.0
6,781,4,Al33.01Cr29.77Nb16.88V20.34,1367.160888671875,1267.8409423828125,64.17304992675781,723.7349333333333,1295.2238728841146,252.2730435059708,0.1947717678676094,0.11142685901086169,0.7283886944523326,0.6574103806832579,35.6723887229952,0.0,32.17171360522015,0.0,0.0,0.0,0.0,18.238908514577084,0.0,0.0,21.976462888669246,0.0
7,630,5,Al27.03Cr30.52Cu10.94Fe17.62Nb13.89,1275.799560546875,1223.614990234375,66.20256805419922,752.7905000000002,1358.4759765625,226.02916799858087,0.16638436887969646,0.1099353150768908,0.7205533586948327,0.6569702034595305,31.61450364073735,0.0,35.69101117848839,12.789136594599674,20.60025529956353,0.0,0.0,16.24661389549167,0.0,0.0,0.0,0.0
8,837,4,Al27.70Cr30.67Nb24.80V16.83,1314.1378173828125,1195.704833984375,63.50772476196289,748.0415666666668,1343.5992228190105,232.21328230612073,0.17282927703613374,0.09633789285522698,0.7193004616427814,0.6568255638127025,33.97310490054665,0.0,37.606645293139316,0.0,0.0,0.0,0.0,30.412028040205136,0.0,0.0,20.63354487843275,0.0
9,700,4,Al30.02Cr31.96Nb17.91V20.11,1360.145263671875,1264.2078857421875,65.03235626220703,720.1655666666666,1280.2230428059895,253.310209733897,0.19786412309740367,0.098433250529666,0.7256629316144299,0.6565102507341457,33.12821570586713,0.0,35.269144291554525,0.0,0.0,0.0,0.0,19.76023407953335,0.0,0.0,22.197605585909088,0.0
10,777,4,Al33.67Cr29.26Nb16.71V20.36,1367.160888671875,1267.8409423828125,64.58199310302734,723.6502666666667,1287.4468383789062,253.1693007562146,0.1966444696660203,0.114853645951695,0.7283580797968319,0.6562262331899877,36.986485200625985,0.0,32.14899657694961,0.0,0.0,0.0,0.0,18.363046146547372,0.0,0.0,22.366151671082022,0.0
11,347,5,Al27.35Cr29.74Cu8.97Nb15.65V18.28,1400.1044921875,1139.9609375,67.60079193115234,748.4582333333333,1290.5136352539062,257.4944745435083,0.19952867409482797,0.1153080220644811,0.7277544580092741,0.6548106850726709,31.412710309183023,0.0,34.156129712761654,10.305063521653999,0.0,0.0,0.0,17.96968541535185,0.0,0.0,20.9901162247224,0.0
12,370,5,Al27.37Cr29.62Cu9.36Nb14.84V18.81,1400.1044921875,1139.9609375,67.60079193115234,747.1895000000001,1285.9202758789063,252.21103583551144,0.1961327156639856,0.11823077731338927,0.727295696191294,0.6546163618126197,31.03584712423615,0.0,33.57744090264969,10.61420554739114,0.0,0.0,0.0,16.824047195651346,0.0,0.0,21.322783487309692,0.0
13,397,5,Al27.12Cr28.37Cu9.86Nb14.58V20.06,1383.208251953125,1161.180419921875,68.2171859741211,745.1155000000001,1302.247383626302,249.51150799796383,0.1916006982507132,0.12084861078434794,0.7264624829316184,0.6543925862120705,32.198862139767144,0.0,33.68128707576003,11.707522519997065,0.0,0.0,0.0,17.3078044770534,0.0,0.0,23.816428770609026,0.0
14,759,4,Al30.00Cr29.97Nb18.52V21.50,1367.160888671875,1225.6629638671875,64.23290252685547,721.3455666666665,1287.2531372070312,251.3589901425352,0.19526772386658298,0.09866669588864208,0.7227776229184582,0.654227352774084,33.20459371117234,0.0,33.16908159774113,0.0,0.0,0.0,0.0,20.494194628205378,0.0,0.0,23.79574073895502,0.0
15,341,5,Al28.45Cr29.45Cu4.30Nb15.43V22.37,1363.1656494140625,1259.1844482421875,64.11961364746094,720.6028999999999,1259.5575805664062,254.83938335217022,0.20232452035862653,0.10464948195479962,0.7256974924776742,0.6541864659970578,33.3856070252932,0.0,34.561295678306735,5.046348256256221,0.0,0.0,0.0,18.104986656756548,0.0,0.0,26.25417887715119,0.0
16,380,5,Al26.46Cr28.91Cu10.31Nb15.15V19.17,1424.527587890625,1139.9609375,68.2171859741211,721.4372333333333,1339.0432210286458,234.74865093983112,0.1753107347494717,0.11968682011124543,0.721556431583658,0.653791383874041,31.006797412600022,0.0,33.88113497611351,12.087847198322725,0.0,0.0,0.0,17.75038943257629,0.0,0.0,22.463360217287637,0.0
17,379,5,Al26.79Cr28.48Cu9.93Nb16.17V18.63,1383.208251953125,1139.9609375,68.2171859741211,731.3214333333334,1335.777197265625,234.98751286450255,0.1759181945503553,0.11764228942430843,0.719086443955778,0.6515784374333276,31.5746701025424,0.0,33.56442889366808,11.709444425445172,0.0,0.0,0.0,19.060127661446952,0.0,0.0,21.958124396503845,0.0
18,428,5,Al27.49Cr29.07Cu10.01Nb13.23V20.20,1400.1044921875,1163.390380859375,65.09076690673828,748.2155000000001,1244.0105590820312,268.7045468515828,0.21599860619339337,0.1251436130363568,0.7303036540120729,0.6512752798564532,30.229035073670964,0.0,31.96731903019632,11.001104067164356,0.0,0.0,0.0,14.546736531062566,0.0,0.0,22.209371679272234,0.0
19,810,4,Al30.78Cr33.88Nb16.69V18.64,1302.7484130859375,1253.2757568359375,64.04019927978516,720.2889666666664,1279.4843424479166,227.60150375903277,0.17788533724733535,0.10338279433302633,0.7160813778171725,0.6509334846387335,35.26635685920297,0.0,38.82206886588093,0.0,0.0,0.0,0.0,19.126981931070592,0.0,0.0,21.36046370915285,0.0
20,348,5,Al28.02Cr29.84Cu9.01Nb15.82V17.31,1399.3619384765625,1138.3951416015625,67.22660064697266,729.7702333333334,1376.2289916992188,255.93090435751492,0.185965348718253,0.11793037149385577,0.7207122094633286,0.6506347979849942,32.06564429360472,0.0,34.141804581410035,10.311818151897942,0.0,0.0,0.0,18.10025034147094,0.0,0.0,19.814167105320305,0.0
21,919,4,Al28.42Cr31.53Nb19.27V20.77,1362.5213623046875,1236.0474853515625,64.49317169189453,721.6568999999998,1238.0039591471354,270.0348079936617,0.21812111827145483,0.09273808173840781,0.7233803175598524,0.6503024216443072,28.727498427598288,0.0,31.86854076587737,0.0,0.0,0.0,0.0,19.48056617366135,0.0,0.0,20.995521160861205,0.0
22,790,4,Al32.17Cr33.66Nb15.29V18.89,1302.7484130859375,1253.2757568359375,64.04019927978516,721.1649666666666,1264.9966227213542,223.21535813151212,0.17645529966025897,0.11016169784662833,0.7163981310244796,0.6502519665400891,36.7576975085732,0.0,38.45707691391671,0.0,0.0,0.0,0.0,17.46822156215114,0.0,0.0,21.58542470179558,0.0
23,665,4,Al29.25Cr33.35Nb16.02V21.39,1302.7484130859375,1250.3995361328125,64.04019927978516,724.3908999999999,1258.8567342122396,241.85542223575223,0.19212307140502305,0.09873673679347206,0.7172408811560637,0.6494627659461134,30.208624750414714,0.0,34.44814473215859,0.0,0.0,0.0,0.0,16.54687514790667,0.0,0.0,22.089711005534564,0.0
24,852,4,Al30.13Cr36.87Nb14.41V18.58,1302.7484130859375,1253.2757568359375,64.04019927978516,716.6142333333331,1282.950528971354,226.43563692239522,0.17649600028143494,0.10798080296285317,0.7147526294503559,0.6490324687874265,33.16730511462556,0.0,40.58193627693686,0.0,0.0,0.0,0.0,15.862116495832785,0.0,0.0,20.45475710577855,0.0
25,414,5,Al27.86Cr28.91Cu11.21Nb13.07V18.96,1400.1044921875,1156.11572265625,64.7593765258789,732.8293666666666,1257.6300659179688,245.10724342370287,0.19489613843224582,0.1327184432440346,0.723921418354513,0.6486536950976446,31.428349191236897,0.0,32.61718477644588,12.644213277586246,0.0,0.0,0.0,14.74254258915614,0.0,0.0,21.39018616837605,0.0
26,823,4,Al31.45Cr34.07Nb16.37V18.10,1296.2271728515625,1251.7099609375,63.66600799560547,720.7049666666666,1299.424226888021,233.91364844014024,0.18001330404646823,0.10663503496277582,0.7137430958446002,0.6474127628404279,36.34851629555558,0.0,39.374990252814975,0.0,0.0,0.0,0.0,18.915391581352683,0.0,0.0,20.92167782955419,0.0
27,828,4,Al32.51Cr33.58Nb16.19V17.72,1296.2271728515625,1251.7099609375,63.66600799560547,722.8176333333332,1299.424226888021,233.91364844014024,0.18001330404646823,0.11088840539374711,0.7145070158704419,0.6473260087800754,37.762586454791304,0.0,39.001304675434476,0.0,0.0,0.0,0.0,18.800068359813732,0.0,0.0,20.58503286152133,0.0
28,184,5,Al29.08Cr28.63Cu4.81Nb15.80V21.68,1367.8309326171875,1153.254638671875,64.52855682373047,725.3342333333333,1298.6531046549478,246.1979680928345,0.18957947061486394,0.10739424621862781,0.7161683958052965,0.6472946789078549,36.71348621610741,0.0,36.14896915552399,6.068977142927195,0.0,0.0,0.0,19.94809683143246,0.0,0.0,27.3639103999884,0.0
29,313,5,Al28.66Cr31.77Cu4.92Nb14.90V19.75,1360.8153076171875,1153.528564453125,64.37987518310547,717.3662333333333,1301.9412719726563,228.71815166180525,0.1756747071357984,0.10635357840574422,0.7122918571994643,0.647102464734366,36.95757917250474,0.0,40.96937559623489,6.342733425094302,0.0,0.0,0.0,19.214583615365406,0.0,0.0,25.4760402046419,0.0
30,805,4,Al32.47Cr28.27Nb18.72V20.54,1325.841552734375,1238.6497802734375,64.64185333251953,723.8876333333332,1255.2752075195312,253.17399663150266,0.20168804029180465,0.10907565634227756,0.7191144465403629,0.6468773051989564,35.17770437730869,0.0,30.628221520750316,0.0,0.0,0.0,0.0,20.274557058706872,0.0,0.0,22.248413964485735,0.0
31,744,4,Al29.84Cr32.80Nb17.00V20.35,1302.7484130859375,1265.2386474609375,64.04019927978516,721.4402333333331,1275.8602294921875,261.85220955151993,0.20523581149303577,0.09891200661605826,0.7178440790654466,0.646752724868976,32.25047921521012,0.0,35.445440473206666,0.0,0.0,0.0,0.0,18.370583359616706,0.0,0.0,21.995928898240713,0.0
32,395,5,Al26.19Cr29.36Cu9.73Nb14.40V20.31,1424.527587890625,1161.180419921875,68.2171859741211,701.9455666666664,1328.5595052083333,249.9051649719227,0.1881023499453528,0.11751714219157583,0.716896668286782,0.6463676523621286,31.452565578459108,0.0,35.25990754738528,11.685767684903343,0.0,0.0,0.0,17.28972822946351,0.0,0.0,24.392652297967167,0.0
33,157,5,Al29.06Cr28.89Cu7.65Nb15.20V19.20,1383.2215576171875,1127.11962890625,64.90795135498047,722.1482333333331,1303.739884440104,233.76604784780687,0.17930420833002172,0.11642022598456259,0.7143261694917535,0.6462160722123356,36.01086190210126,0.0,35.7956204184859,9.477354246102465,0.0,0.0,0.0,18.8297732493426,0.0,0.0,23.791461447976822,0.0
34,415,5,Al28.05Cr29.56Cu9.80Nb12.99V19.60,1400.1044921875,1142.1708984375,64.68183135986328,728.3208333333332,1259.3368693033854,249.21554847440177,0.1978942684432465,0.12619782323462925,0.7207216965242493,0.6460085647665118,30.7546815951959,0.0,32.40513777304877,10.738595914837935,0.0,0.0,0.0,14.243587917648824,0.0,0.0,21.489147940529406,0.0
35,800,4,Al30.92Cr33.30Nb17.82V17.96,1296.2271728515625,1241.422607421875,64.26505279541016,722.5989666666666,1310.5224202473958,253.1951573996373,0.19320169841263762,0.10288529773415678,0.7146286889765456,0.6457512048265549,37.03957928863599,0.0,39.8853685522586,0.0,0.0,0.0,0.0,21.34442346654972,0.0,0.0,21.505637949515638,0.0
36,386,5,Al26.24Cr27.78Cu10.39Nb14.94V20.65,1394.765380859375,1161.180419921875,64.5484390258789,706.1705666666664,1324.013651529948,237.13536142537004,0.17910341117053524,0.12091477131831296,0.7140708966388138,0.6451120895825174,31.90924663221669,0.0,33.78596070149054,12.640037532652274,0.0,0.0,0.0,18.16900821660804,0.0,0.0,25.1187308163465,0.0
37,840,4,Al27.58Cr30.35Nb27.43V14.64,1289.426025390625,1118.114990234375,63.69050216674805,755.3022333333334,1303.3040079752604,231.14319902385571,0.17735171349848508,0.10481423131768552,0.7103219147440543,0.645021140105896,34.1196868421851,0.0,37.5429618996162,0.0,0.0,0.0,0.0,33.92609827656936,0.0,0.0,18.105322049707954,0.0
38,346,5,Al27.89Cr30.28Cu6.70Nb17.44V17.69,1376.7003173828125,1124.5233154296875,64.7740707397461,731.1742333333333,1294.2390706380208,263.5838540468801,0.20365932386583047,0.10650826388335544,0.7163437717594263,0.6441272880162976,31.75743891121584,0.0,34.47613152082133,7.6275206016887935,0.0,0.0,0.0,19.851286168544696,0.0,0.0,20.14056759345346,0.0
39,435,5,Al27.84Cr31.14Cu10.98Nb11.87V18.17,1397.8302001953125,1168.7994384765625,62.488014221191406,734.0081666666666,1292.9910685221355,256.5140097859571,0.19838807554884955,0.1344576231445116,0.7192922459613397,0.642803702445225,32.19316349556755,0.0,36.00306571483976,12.689962984385355,0.0,0.0,0.0,13.726933250667106,0.0,0.0,21.007755056690208,0.0
40,413,5,Al28.48Cr29.38Cu9.52Nb13.40V19.21,1400.1044921875,1142.1708984375,65.09076690673828,717.3434999999997,1254.5451985677084,249.663667499695,0.19900731180090722,0.125479236195151,0.7167523979614506,0.6419047227721936,31.874319056012784,0.0,32.87644321744524,10.658358757685438,0.0,0.0,0.0,15.001038724063472,0.0,0.0,21.496337078418243,0.0
41,364,5,Al27.18Cr26.21Cu10.17Nb13.73V22.70,1353.2391357421875,1139.294677734375,61.62944412231445,745.3895000000001,1317.9282145182292,224.35108357365135,0.1702301241465289,0.12875352091693648,0.7100719004039837,0.6417636651839642,32.102097658412404,0.0,30.95595135687357,12.010547281694521,0.0,0.0,0.0,16.2146432252709,0.0,0.0,26.808588349629993,0.0
42,146,5,Al27.11Co25.23Cr23.49Nb14.93Ti9.25,1175.9283447265625,1236.890380859375,67.75654602050781,781.3702000000002,1122.0480183919271,245.26525216282442,0.21858712652452117,0.10711446866977004,0.7177728957737459,0.6417032204086617,37.589994512983026,34.984546112891884,32.5723297187358,0.0,0.0,0.0,0.0,20.69760134147951,0.0,12.819685742885365,0.0,0.0
43,410,5,Al29.02Cr28.48Cu9.45Nb14.53V18.52,1358.78515625,1139.9609375,68.00971221923828,719.6348333333332,1304.8207560221354,237.25947433480337,0.1818330013833551,0.1253616411301326,0.7112881730672875,0.6407575944954222,33.03029673870207,0.0,32.42302257815731,10.762160920805263,0.0,0.0,0.0,16.540822402837886,0.0,0.0,21.079751620517303,0.0
44,294,5,Al29.28Cr32.69Cu4.76Nb16.41V16.86,1302.6759033203125,1151.9627685546875,63.612571716308594,727.1948999999997,1396.3776448567708,243.46868823845713,0.1743573374546756,0.10769754657432373,0.7055892541369282,0.6404604104583946,37.00294478386525,0.0,41.31216620316084,6.015502525189112,0.0,0.0,0.0,20.740287051176864,0.0,0.0,21.309913712531927,0.0
45,302,5,Al26.36Cr33.33Cu4.69Nb17.30V18.32,1327.841552734375,1153.528564453125,64.19422912597656,709.7420333333332,1343.2988810221354,240.86962377206612,0.17931201103121963,0.09743355255384945,0.7047117565671119,0.6403970432985371,32.57674637101755,0.0,41.18490311172864,5.793421001498728,0.0,0.0,0.0,21.38074567588827,0.0,0.0,22.634236773589862,0.0
46,456,5,Al29.31Cr28.84Cu9.01Nb11.66V21.18,1404.3514404296875,1157.90966796875,62.648155212402344,719.1329,1290.9358764648437,253.62625910536448,0.19646696921918844,0.13142173968261317,0.7142931597161264,0.6388920694748066,33.1849934411299,0.0,32.65399044056008,10.20336884569787,0.0,0.0,0.0,13.20642714223731,0.0,0.0,23.976400406685777,0.0
47,502,6,Al25.60Cr26.15Fe10.69Mo7.27Nb14.38V15.91,1483.8453369140625,1231.5860595703125,60.410926818847656,664.1937666666666,1414.1138793945313,217.1082524030332,0.15352953928716867,0.14197936266008893,0.7052476087828519,0.6384693514290419,33.38867788046691,0.0,34.1131100460357,0.0,13.948016150825564,0.0,9.47612723340974,18.759859192336695,0.0,0.0,20.747326035093355,0.0
48,241,5,Al31.09Cr28.84Cu4.85Nb19.73V15.48,1346.5902099609375,1071.6990966796875,64.3969955444336,726.3769666666665,1355.7744506835938,236.23321987916688,0.1742422714634104,0.11474474693154779,0.7042594198209449,0.6377499025687827,37.130316825932304,0.0,34.44318870458971,5.794167313197986,0.0,0.0,0.0,23.568659199458608,0.0,0.0,18.4934727601096,0.0
49,355,5,Al26.20Cr28.03Cu9.88Nb13.24V22.65,1378.54296875,1139.294677734375,65.2982406616211,702.4245666666666,1303.4208333333333,239.2724185790081,0.1835726516409127,0.12341481525450482,0.7078802086756014,0.6373040827144723,31.519121505324623,0.0,33.713518802579785,11.878815126490547,0.0,0.0,0.0,15.926681820910066,0.0,0.0,27.245139316035377,0.0
50,385,5,Al26.17Cr28.03Cu9.65Nb14.87V21.27,1383.208251953125,1137.084716796875,68.2171859741211,701.5895666666665,1302.247383626302,249.51150799796383,0.1916006982507132,0.11749540788424795,0.7080119693661481,0.6366127132266203,31.55850029128945,0.0,33.79363925922076,11.638942741829425,0.0,0.0,0.0,17.936091413830486,0.0,0.0,25.651745117730137,0.0
51,791,4,Al33.95Cr33.40Nb14.11V18.55,1302.7484130859375,1253.2757568359375,61.1212158203125,722.0645999999999,1273.9359049479167,226.81643321723215,0.17804383433757232,0.1195611605883018,0.7050134388502308,0.6365902481481773,39.857255497954256,0.0,39.20787341247984,0.0,0.0,0.0,0.0,16.56029849877376,0.0,0.0,21.773282504310345,0.0
52,138,5,Al30.85Co30.56Cu5.63Nb16.33V16.63,1109.246826171875,1169.00390625,69.00835418701172,765.3512,1219.0849609375,212.67895354322434,0.17445786008193398,0.08055156716926182,0.6945861140526928,0.6348613355983569,36.22346957493255,35.87800438475446,0.0,6.606756779317935,0.0,0.0,0.0,19.173239995130523,0.0,0.0,19.524528574782806,0.0
53,356,5,Al26.26Cr27.77Cu10.05Nb13.65V22.27,1401.876708984375,1139.294677734375,61.62944412231445,705.1018999999999,1329.1287434895833,231.66040467568538,0.17429493253412662,0.12320783965659743,0.7026187910234432,0.6344034899585921,31.90305014131347,0.0,33.735340481956506,12.202881157635522,0.0,0.0,0.0,16.581859672354906,0.0,0.0,27.049863282977455,0.0
54,694,4,Al31.40Cr33.84Nb13.54V21.22,1302.7484130859375,1250.3995361328125,61.1212158203125,719.7609666666665,1245.0491088867188,243.34818849781163,0.19545268275835756,0.11054488804673723,0.7038567506522662,0.6328846023533293,29.833007697954844,0.0,32.14419436643108,0.0,0.0,0.0,0.0,12.867513562993311,0.0,0.0,20.155505688912264,0.0
55,421,5,Al28.17Cr28.48Cu9.74Nb12.51V21.10,1358.78515625,1139.294677734375,65.09076690673828,726.4414999999999,1217.8958129882812,268.8029609436767,0.22071096564830964,0.12862657505756192,0.713674411490866,0.6327713550672761,30.48090682576096,0.0,30.822156599143035,10.540058780956018,0.0,0.0,0.0,13.539869738444326,0.0,0.0,22.83001971608033,0.0
56,764,6,Al26.59Co10.15Cr25.47Fe19.75Nb13.83Ti4.21,1217.7049560546875,1309.2044677734375,62.628822326660156,705.9995000000001,1323.1466715494792,232.5410016863996,0.17574846892376716,0.11343273373530804,0.6991918556476675,0.6325681916696642,34.4659148169857,13.155404016627795,33.01151488653956,0.0,25.595430520872103,0.0,0.0,17.92446818456846,0.0,5.459362355685229,0.0,0.0
57,139,5,Al28.76Cr33.13Cu5.76Nb16.40V15.96,1310.4669189453125,1075.6771240234375,64.08761596679688,718.8682333333331,1364.144864908854,241.1144055704036,0.17675132001945684,0.11021568992425745,0.6967080938112644,0.6304771258215487,33.6311972957669,0.0,38.73664064933415,6.73784768583506,0.0,0.0,0.0,19.172402695945664,0.0,0.0,18.661749310301033,0.0
58,234,5,Al27.38Cr33.27Cu5.56Nb18.60V15.20,1294.2003173828125,1040.0858154296875,64.23460388183594,750.4569000000001,1296.1782470703124,264.37099783767957,0.2039619152961595,0.10494273765901707,0.7017450678486943,0.629766041492851,36.49091727507098,0.0,44.33613540781674,7.409567939316404,0.0,0.0,0.0,24.789757751502833,0.0,0.0,20.254274734042834,0.0
59,217,5,Al27.39Co30.58Cu4.68Nb18.62V18.72,1109.5631103515625,1161.5455322265625,66.4025650024414,784.7381333333336,1120.469816080729,240.40232660995582,0.21455493326081262,0.09237618123607827,0.7008030738024863,0.6286891042400674,34.172379519584325,38.15240998645149,0.0,5.840420534176265,0.0,0.0,0.0,23.230415979874945,0.0,0.0,23.347968847658567,0.0
60,736,6,Al28.26Co26.20Cu4.57Fe9.71Nb14.66V16.60,1179.918701171875,1169.105712890625,64.79383850097656,751.2589333333334,1189.18505859375,232.84616195292924,0.19580313448293524,0.11361999686073732,0.6998395300025934,0.6281647470097121,36.41218987486585,33.751187459990746,0.0,5.888340050590028,12.509179762272769,0.0,0.0,18.89337787366105,0.0,0.0,21.38038803127562,0.0
61,172,5,Al28.31Cr27.53Cu7.44Nb15.97V20.75,1372.5496826171875,1148.33935546875,61.23917007446289,719.8735666666665,1245.1733479817708,261.0521428802457,0.20965124518876826,0.11323501774482914,0.7031007086151616,0.6280408937690036,35.79479359861399,0.0,34.80680891494115,9.39974088946677,0.0,0.0,0.0,20.193424901628365,0.0,0.0,26.227858735723768,0.0
62,322,5,Al31.54Co29.74Cu5.75Nb17.88V15.09,1111.740966796875,1081.013916015625,70.49217987060547,768.8881333333331,1198.4572224934896,219.17688526276666,0.18288252692636872,0.06786377460319337,0.6863266611648304,0.6270332745125996,35.28526472555024,33.27920935660839,0.0,6.432778334843598,0.0,0.0,0.0,20.011311063276978,0.0,0.0,16.881225545717,0.0
63,171,5,Al27.40Co29.81Cu7.16Nb15.48V20.15,1116.486328125,1180.8917236328125,70.23763275146484,786.005666666667,1088.6327392578125,236.5122102659111,0.2172561982906705,0.11849652338295957,0.7044515001980914,0.626438145948832,35.56279112604591,38.69153697528322,0.0,9.298684800997671,0.0,0.0,0.0,20.08812499864591,0.0,0.0,26.15460801363924,0.0
64,103,5,Al31.45Co26.97Cu3.54Nb16.99V21.04,1097.704345703125,1227.03759765625,67.5976791381836,758.6761333333332,1126.723095703125,222.8312372859673,0.1977692994274789,0.1119973914582586,0.6970157360083429,0.6251739328598215,44.82009113313291,38.43432272818865,0.0,5.051551875038335,0.0,0.0,0.0,24.21586775186299,0.0,0.0,29.980019041917043,0.0
65,228,5,Al28.57Cr33.20Cu5.16Nb17.58V15.50,1289.2159423828125,1074.6463623046875,63.77701187133789,717.6982333333333,1346.24658203125,247.05977677576166,0.18351747746166366,0.10740572897468714,0.6921534718430695,0.6247929566827162,37.67877790592719,0.0,43.77736912094942,6.798765029198114,0.0,0.0,0.0,23.180457802469892,0.0,0.0,20.438913098144475,0.0
66,432,6,Al26.33Co14.13Cr28.30Fe13.52Ti10.81W6.92,1141.0152587890625,1230.9403076171875,63.6333122253418,701.2983666666665,1427.8190877278646,233.720725825965,0.16369071392503406,0.08210802014371643,0.6815515007308423,0.6242072182208405,30.816212976049535,16.540640729743835,33.1222179953899,0.0,15.824461651454271,0.0,0.0,0.0,0.0,12.650761777024066,0.0,8.09551086832834
67,162,5,Al31.64Cr27.02Cu7.74Nb14.46V19.15,1316.598388671875,1127.11962890625,61.23917007446289,715.9396333333332,1281.6805704752603,213.91279488663355,0.16690024005537704,0.13029755808378773,0.6911056506356292,0.6233210790050274,34.92283093766956,0.0,29.82482552433829,8.545499257469402,0.0,0.0,0.0,15.959718750068436,0.0,0.0,21.134623179320407,0.0
68,261,5,Al31.57Co29.04Cu5.89Nb18.48V15.01,1111.740966796875,1044.4910888671875,69.95301055908203,767.6081333333333,1198.7229370117188,216.60873793205383,0.18069958557065322,0.06738288284909055,0.6817532089792305,0.6231017360167491,35.61560712058214,32.761868569966,0.0,6.649066100758601,0.0,0.0,0.0,20.849602955440382,0.0,0.0,16.935544765989967,0.0
69,254,5,Al27.45Cr26.94Cu5.46Nb19.20V20.95,1313.2303466796875,1119.1484375,59.80413055419922,747.4769000000001,1217.0185872395834,255.81186612733072,0.21019552931197044,0.10235324183708916,0.6952821188832368,0.6222625881878263,34.232353781365994,0.0,33.60505709410555,6.805754288800441,0.0,0.0,0.0,23.940252769640228,0.0,0.0,26.13458260478251,0.0
70,964,4,Al26.97Cr29.54Nb16.20Ni27.29,1185.1578369140625,1175.9586181640625,66.9970932006836,735.0352666666668,1197.9807983398437,189.34905345796983,0.15805683506811535,0.16895806190574048,0.6955108557169631,0.6222050345687862,30.4720945144156,0.0,33.3668364312786,0.0,0.0,0.0,0.0,18.305650814670614,30.824632022252022,0.0,0.0,0.0
71,147,5,Al29.76Co28.26Cu6.78Nb15.75V19.46,1110.5064697265625,1168.4598388671875,70.5308609008789,752.2283999999997,1144.6219197591147,210.0420317838744,0.18350341554535113,0.10945825564735212,0.6899640563186453,0.6221965513028371,37.07852384429695,35.20768661239809,0.0,8.445600627475391,0.0,0.0,0.0,19.625665677844232,0.0,0.0,24.249031833502304,0.0
72,393,5,Al24.96Cr27.16Cu10.05Nb15.43V22.41,1392.3729248046875,1137.084716796875,64.5484390258789,632.0212999999999,1340.923954264323,215.0127061690755,0.1603466814693745,0.11740740472356537,0.6841973206673052,0.6206291693552486,30.616339417919196,0.0,33.30461196686133,12.320083773047465,0.0,0.0,0.0,18.917393113903657,0.0,0.0,27.479206343980692,0.0
73,220,5,Al26.21Co31.59Cu4.81Nb18.56V18.83,1133.9859619140625,1185.8671875,66.61002349853516,727.1810666666667,1200.8995808919271,225.36812204107622,0.18766608434794502,0.0956174006514181,0.6863008463389048,0.6202608451216348,31.969847314153533,38.53385699421237,0.0,5.866035902591598,0.0,0.0,0.0,22.64513190504488,0.0,0.0,22.9682205774222,0.0
74,275,5,Al24.51Cr31.40Cu6.99Nb20.10V17.00,1430.796875,1059.2945556640625,64.89647674560547,620.8046999999999,1421.0157104492187,212.27214747077713,0.14938057750513722,0.09887759297191523,0.6770067767658278,0.6198861137951603,30.021795336299483,0.0,38.46016734365051,8.563315859695523,0.0,0.0,0.0,24.62496174693574,0.0,0.0,20.82236331434417,0.0
75,424,5,Al26.15Cr30.14Cu11.68Nb12.88V19.15,1424.527587890625,1092.8046875,58.65232467651367,704.1994333333331,1332.9930297851563,226.3463549888376,0.16980310469089152,0.13029102340351262,0.6882633424909275,0.6197543616375021,28.734650000709788,0.0,33.12672938091231,12.833605088473323,0.0,0.0,0.0,14.156196561952717,0.0,0.0,21.04800229612307,0.0
76,268,5,Al31.55Co27.56Cu6.05Nb19.43V15.41,1105.7611083984375,1040.1021728515625,70.24620819091797,762.8141333333333,1185.3899698893229,214.26822736865802,0.18075758426458066,0.07087658224405613,0.6786510666689854,0.6192863541540291,34.74146127438917,30.34294148507192,0.0,6.6632011605774295,0.0,0.0,0.0,21.39534407215007,0.0,0.0,16.96418912367659,0.0
77,288,5,Al29.31Cr32.84Cu5.04Nb18.40V14.41,1289.2159423828125,1006.2455444335938,63.23783493041992,727.3448999999999,1331.619978841146,236.72806515030302,0.17777449190595482,0.1105627061876715,0.6857499513452677,0.6191937871312447,37.48652498045743,0.0,42.008902834824305,6.447154002692365,0.0,0.0,0.0,23.538402366535717,0.0,0.0,18.437522508577807,0.0
78,680,5,Al25.74Co33.59Mn9.63Nb14.96V16.07,1085.1988525390625,1257.453369140625,66.43891143798828,715.6485333333334,1277.4425821940104,222.99133330604357,0.17456074849411665,0.10164417823069494,0.6830513888182526,0.6190823660485845,33.51448546558531,43.73206471101855,0.0,0.0,0.0,12.54318372751962,0.0,19.481233007208083,0.0,0.0,20.920656704076944,0.0
79,564,5,Al29.36Co6.43Cr31.08Ni6.95V26.18,1211.98583984375,1233.6751708984375,62.68616485595703,729.8788999999999,1367.5005411783854,260.9308480647288,0.1908085885215685,0.16145081352803892,0.698722335943846,0.6187300261078461,30.12787816276498,6.598062892075895,31.889911532572594,0.0,0.0,0.0,0.0,0.0,7.135698195265178,0.0,26.86701391591027,0.0
80,358,5,Al26.92Co23.18Cu9.48Fe19.94Ti20.48,959.0271606445312,1197.34521484375,64.49889373779297,810.6765333333337,1162.4096761067708,228.17273104726678,0.1962928696631982,0.12339907626684354,0.69219160868184,0.6184385760126718,31.291368249986473,26.944748900950565,0.0,11.016655100085888,23.185971710507577,0.0,0.0,0.0,0.0,23.811195522465823,0.0,0.0
81,213,5,Al28.30Co30.23Cu4.77Nb18.60V18.10,1103.0418701171875,1158.0657958984375,66.0023193359375,757.0561333333333,1139.1801676432292,246.98282474822554,0.2168075180409708,0.0867597316914499,0.6894479863876847,0.617894160539152,36.40308632345816,38.87915402849319,0.0,6.132158131405873,0.0,0.0,0.0,23.92094988776931,0.0,0.0,23.280912782113575,0.0
82,244,5,Al30.41Co24.13Cu5.70Nb19.53V20.22,1128.435546875,1140.08154296875,70.10298919677734,751.5143999999999,1100.320682779948,217.74621858534036,0.19789341597688317,0.11374228070219616,0.6891345155352646,0.6169127054006046,36.0904103217469,28.63340042970271,0.0,6.769392946508223,0.0,0.0,0.0,23.174363018680367,0.0,0.0,24.00022485357505,0.0
83,152,5,Al29.75Cr26.17Cu5.11Nb16.66V22.31,1303.5806884765625,1124.243408203125,59.74427032470703,719.5162333333332,1282.531962076823,228.68093338173944,0.1783042763405545,0.11305793894263783,0.6840902405018376,0.6169025836281714,37.990201275893114,0.0,33.42515926507374,6.527377836553418,0.0,0.0,0.0,21.27975251370772,0.0,0.0,28.4966015484995,0.0
84,132,5,Al27.90Co28.70Cu4.96Nb17.46V20.98,1114.1929931640625,1182.784423828125,67.86644744873047,764.101,1084.812137858073,245.80812313405318,0.22659049853497537,0.1144697163088606,0.6964085451159138,0.6168669772203978,35.68840730233776,36.71804864993339,0.0,6.345310535624632,0.0,0.0,0.0,22.32858598173095,0.0,0.0,26.83623647528547,0.0
85,289,5,Al30.79Co30.08Cu5.41Nb18.81V14.90,1107.1109619140625,1000.2269897460938,66.73358917236328,764.6722,1191.6431884765625,217.5120858783613,0.18253122073935252,0.06424759463835583,0.675032455135772,0.6165501310232627,37.64964735455455,36.78224522978989,0.0,6.621288781785001,0.0,0.0,0.0,23.003919886518435,0.0,0.0,18.225657218691293,0.0
86,200,5,Al33.00Co31.52Cu4.87Nb24.38Ni6.23,908.85595703125,1064.8114013671875,66.44303131103516,817.1109333333334,1134.4035278320312,235.24736176133706,0.20737537921000687,0.022037945349071664,0.6722628122232996,0.6160113783509836,33.95260052788888,32.42987493148441,0.0,5.00605796570117,0.0,0.0,0.0,25.08063842790377,6.409796514526619,0.0,0.0,0.0
87,215,5,Al28.32Cr28.00Cu4.61Fe20.78V18.29,1258.0010986328125,1110.1689453125,64.40760803222656,724.6541,1260.691015625,267.04855512656536,0.2118271264066821,0.14355511958967093,0.6950077552811145,0.6133399497615097,36.523054069371966,0.0,36.113336144327256,5.943068979554206,26.799373508086756,0.0,0.0,0.0,0.0,0.0,23.595740752590814,0.0
88,134,5,Al28.52Co28.55Cu4.13Nb17.07V21.73,1108.213134765625,1211.8531494140625,67.56317901611328,745.5076666666665,1082.000390625,238.09384952279638,0.22004968906274178,0.11898387658689569,0.6920823282238436,0.613273130640779,34.950996963873536,34.98637577682197,0.0,5.066780030098875,0.0,0.0,0.0,20.91200888061599,0.0,0.0,26.622036066844224,0.0
89,177,5,Al29.77Cr24.63Cu5.13Nb19.60V20.88,1340.4188232421875,1119.1484375,58.299930572509766,719.7482333333332,1274.2547119140625,242.02439758831872,0.18993408093800418,0.11345357851792182,0.6831141016592752,0.6129398657211897,35.31984705345445,0.0,29.22667960448084,6.081745582346028,0.0,0.0,0.0,23.25488789421817,0.0,0.0,24.77240812982793,0.0
90,326,5,Al30.38Cr33.49Cu4.83Nb18.22V13.08,1272.3153076171875,1037.2791748046875,61.86397933959961,719.6008999999999,1302.1568115234375,221.62039653168495,0.17019486022762784,0.11711183529287605,0.678382038925309,0.6124109568098268,35.30471797015746,0.0,38.913240066377135,5.611474427658051,0.0,0.0,0.0,21.175884914932816,0.0,0.0,15.199494664494956,0.0
91,309,5,Al25.04Cr32.86Cu8.19Nb17.66V16.24,1355.1409912109375,1127.8182373046875,67.1047134399414,625.9446999999999,1393.3886433919272,241.29064622218354,0.17316823082094993,0.10686149641140485,0.6755110135680512,0.6108466565805327,30.730849692292626,0.0,40.332634152271055,10.055360114673535,0.0,0.0,0.0,21.670684248084818,0.0,0.0,19.93462813345292,0.0
92,841,6,Al31.78Cu17.47Fe11.88Nb15.29Ni17.84W5.75,1124.581298828125,1052.5010986328125,64.82255554199219,745.5249666666664,1441.5666422526042,208.25899661292826,0.1444671307651105,0.14827313585931723,0.676547898065788,0.610776488202647,33.95980356455583,0.0,0.0,18.669983902875487,12.699511944345844,0.0,0.0,16.33953620714332,19.063067549343646,0.0,0.0,6.141565232638694
93,969,5,Al27.04Co5.62Cr32.95V19.07W15.32,1123.963134765625,1204.2574462890625,62.733211517333984,743.0949000000002,1376.7561157226562,257.5743640387484,0.18708786625113205,0.17326436743723028,0.6875059502694721,0.606081110219243,28.52038071113662,5.930677672510626,34.75816214936273,0.0,0.0,0.0,0.0,0.0,0.0,0.0,20.118482617226352,16.163897972602367
94,271,5,Al30.87Cr36.19Cu7.36Fe10.09V15.49,1165.659423828125,1055.3504638671875,62.60637664794922,718.2309666666665,1377.740096028646,241.96688693263252,0.17562593092130024,0.0883441389465246,0.6673392567605207,0.6057639462408908,31.6983381946819,0.0,37.16209880224932,7.5631299111328785,10.363603498923021,0.0,0.0,0.0,0.0,0.0,15.908583198812277,0.0
95,259,5,Al28.76Co21.04Cu7.43Nb19.93V22.84,1119.887939453125,1174.263427734375,64.70942687988281,730.7506,1216.8942749023438,236.70766719789734,0.19451785753276982,0.15534745754910761,0.6842233612842814,0.6045244053912674,34.285301569679305,25.079577592257642,0.0,8.860701743891495,0.0,0.0,0.0,23.762004068422893,0.0,0.0,27.226256285910516,0.0
96,485,6,Al26.27Co17.74Mn15.96Mo6.28Nb16.10W17.64,1084.3978271484375,1274.9869384765625,63.25397872924805,685.1332,1453.134619140625,221.52610296807117,0.15244706171757189,0.14417170742802177,0.6708389754049753,0.6038928684899779,31.994691803097837,21.60882931544777,0.0,0.0,0.0,19.434859877621598,7.650899295495506,19.607901857458586,0.0,0.0,0.0,21.48737666277064
97,93,6,Al26.32Co26.62Cr27.70Cu3.21Nb11.51W4.64,1014.9283447265625,1202.301025390625,65.2863540649414,741.0253333333333,1106.6076009114583,255.43571583204402,0.23082772576444818,0.07096086928896128,0.6757411661921404,0.6038420608932361,42.17977022285779,42.64809873932625,44.383163310891035,5.142622292592254,0.0,0.0,0.0,18.44617944516041,0.0,0.0,0.0,7.4386504385598915
98,116,5,Al28.52Co24.46Cu5.03Nb17.50V24.48,1139.1861572265625,1188.1087646484375,66.71576690673828,740.2250666666666,1087.9409301757812,249.51149165099838,0.22934286663034564,0.15514965992321406,0.6920303823948122,0.603664733752583,41.26062833247586,35.38833744748866,0.0,7.278923311169864,0.0,0.0,0.0,25.308108440168585,0.0,0.0,35.414270522688724,0.0
99,722,6,Al29.42Co19.40Cu9.05Fe21.37Mn5.95Nb14.80,1013.5401000976562,1206.968994140625,66.04625701904297,731.0578333333335,1285.9692138671876,241.3118993295112,0.18764982608240996,0.10945358208568134,0.6724593234060519,0.6036561504683131,33.3454995997662,21.98986444319173,0.0,10.252972942633384,24.22418365538158,6.7477578656501755,0.0,16.77201248839595,0.0,0.0,0.0,0.0
100,106,4,Al33.32Co34.70Cr27.61Cu4.37,917.176025390625,1205.515869140625,67.34613800048828,770.9851333333334,1098.607539876302,262.5667488362855,0.23899958748312364,0.04660208286170098,0.6726373706168554,0.6035670571737343,39.26684090849248,40.88782896618996,32.528400693891896,5.148497575203793,0.0,0.0,0.0,0.0,0.0,0.0,0.0,0.0
101,76,5,Al29.92Co29.38Cu6.08Nb16.65Ni17.97,973.6821899414062,1001.4160766601562,77.57205963134766,811.1981999999999,1154.392716471354,237.47331510680198,0.20571276283922638,0.09198563449464081,0.6724722390903735,0.6026469214816387,41.972710578154064,41.21048292722702,0.0,8.523715728956166,0.0,0.0,0.0,23.35631531931335,25.199644325922502,0.0,0.0,0.0
102,533,5,Al41.29Co23.42Cu13.14Fe10.21Nb11.94,976.3533325195312,1086.1368408203125,63.54111862182617,775.4438666666666,1160.4639607747397,223.39104804673252,0.19250149560663132,0.08454053935583405,0.6676032104212314,0.6025697286484067,38.79728693998386,22.008576784084212,0.0,12.347386487509578,9.597460812226819,0.0,0.0,11.21903153200656,0.0,0.0,0.0,0.0
103,769,6,Al27.42Cr25.96Fe10.03Mn9.93Nb4.61V22.06,1281.7760009765625,1238.1485595703125,56.20439147949219,749.3072333333334,1294.4320149739583,266.1740000612759,0.20562995737294926,0.1885147751896652,0.6900937037591908,0.6009832593780203,32.844962894414735,0.0,31.097564479541912,0.0,12.013842646821473,11.901754779043923,0.0,5.520993058495883,0.0,0.0,26.425599251474043,0.0
104,127,5,Al33.23Cr34.35Cu8.42Fe19.14Mo4.85,997.8718872070312,1233.985107421875,69.0893325805664,694.2614000000001,1283.9567789713542,243.92799236734342,0.1899814669484179,0.058926875837327475,0.6599028480215734,0.6006221061170034,38.92508416977933,0.0,40.237839036572815,9.861427462576927,22.419723557780866,0.0,5.686047215384473,0.0,0.0,0.0,0.0,0.0
105,125,4,Al30.92Cr31.16Fe13.77Ni24.16,1039.938232421875,1134.4671630859375,66.4992446899414,696.0635333333331,1219.4274169921875,245.2401595798145,0.20111091169716228,0.02888250117024138,0.6555071021819014,0.5994528740235626,39.0605244006227,0.0,39.36646732515162,0.0,17.391076204949837,0.0,0.0,0.0,30.516326712568326,0.0,0.0,0.0
106,507,5,Al37.00Co14.40Cu15.46Ni24.36Ti8.78,1070.3671875,1067.98681640625,64.307861328125,729.0062999999997,1390.4619303385416,235.57396894178933,0.1694213727120405,0.11435256564702723,0.6643875987658785,0.5991617424584629,29.737916966628333,11.572371021240372,0.0,12.4211621124469,0.0,0.0,0.0,0.0,19.575032827022117,7.060082547742928,0.0,0.0
107,684,5,Al26.37Co28.95Cu7.62Fe19.06Ni18.00,816.8435668945312,988.657958984375,77.17428588867188,821.698466666667,1204.8607828776042,223.6555387760596,0.18562770234906023,0.03240223193013381,0.6518914206348924,0.5990040486616005,30.29202304424563,33.2580639581128,0.0,8.755764589183366,21.896087954497222,0.0,0.0,0.0,20.682705041101695,0.0,0.0,0.0
108,258,4,Al35.55Cr37.50Cu7.31Fe19.65,952.278564453125,1231.148193359375,65.6489486694336,702.2116,1283.9669677734375,243.60179299817636,0.1897259034791315,0.052082227185231256,0.6557890710839255,0.5979411497770963,33.4513533331889,0.0,35.2830493913814,6.876068192307993,18.48997514922586,0.0,0.0,0.0,0.0,0.0,0.0,0.0
109,399,6,Al26.15Co8.44Cr26.56Cu9.48Fe4.81Ti24.55,1147.18017578125,1091.875,62.93743896484375,709.1425666666664,1331.1549682617188,196.91397127250102,0.14792715796992442,0.16640861715271926,0.666807377720228,0.5965438647972031,32.26292530777401,10.4170495539503,32.76978086666583,11.694800059867623,5.931805023480919,0.0,0.0,0.0,0.0,30.288715138882054,0.0,0.0
110,262,5,Al30.58Cr28.90Mo9.05Ni15.71V15.75,1235.1690673828125,1090.2415771484375,61.10588836669922,695.7473333333332,1428.0980346679687,262.752708475233,0.18398786504619954,0.12988534438499977,0.6672004229716302,0.5952263878330804,36.29493438649963,0.0,34.29612932546632,0.0,0.0,0.0,10.743201302264861,0.0,18.647029076356105,0.0,18.690760848712998,0.0
111,737,5,Al24.81Cr31.06Fe14.45V16.17W13.51,1298.0426025390625,1206.7564697265625,62.367977142333984,618.2948333333333,1502.7463541666666,232.10257361957807,0.1544522620041812,0.16578700770102883,0.6666386626508243,0.5948681956095733,31.64859666020065,0.0,39.61736844516972,0.0,18.427060356855858,0.0,0.0,0.0,0.0,0.0,20.628684022388263,17.23342781803509
112,480,4,Al52.16Co17.58Cu16.70Fe13.56,836.4796752929688,1106.5528564453125,62.06633377075195,759.3419333333334,1495.5871012369792,215.1396334934693,0.14384961819711492,0.041030900293976824,0.6376196169269105,0.5934510323188364,33.28158085751779,11.217386711266235,0.0,10.657906984994964,8.653169849456397,0.0,0.0,0.0,0.0,0.0,0.0,0.0
113,308,5,Al29.11Cr36.67Cu4.88Mn9.06V20.27,1120.7061767578125,1147.017578125,62.560611724853516,724.1762333333331,1302.2125162760417,263.9586175750133,0.20270010791315388,0.15388811629179566,0.6730443419735455,0.5915916917368979,34.602199723485796,0.0,43.59246545255136,5.806777561995163,0.0,10.773347329458227,0.0,0.0,0.0,0.0,24.098719944753984,0.0
114,600,4,Al58.98Co17.34Ti12.33W11.34,988.1734619140625,1063.952880859375,57.91189956665039,785.9199333333332,1488.7242431640625,239.5815789611692,0.1609307969970141,0.08140184318214161,0.6477255697812324,0.5912125018955505,31.619568982153282,9.297368672471858,0.0,0.0,0.0,0.0,0.0,0.0,0.0,6.610870874855381,0.0,6.079372123138352
115,68,5,Al28.29Co25.62Nb12.11V23.11W10.87,1041.543212890625,1218.7197265625,61.959922790527344,746.6769333333333,1097.895174153646,241.73223389896017,0.22017788181399797,0.14796467156962523,0.6752273604365555,0.590589955669131,42.03185063468762,38.07388014145123,0.0,0.0,0.0,0.0,0.0,17.998317201156976,0.0,0.0,34.33994383336518,16.147970150859624
116,58,5,Al32.20Co17.18Cu4.64Nb17.72V28.26,1172.681640625,1176.0609130859375,60.40175247192383,730.1436666666666,1365.772635904948,241.84420085356766,0.1770750083108262,0.21287161845516933,0.677292105249834,0.5904490294810936,37.992331273072054,20.26953436946522,0.0,5.4777524784145575,0.0,0.0,0.0,20.90188844722823,0.0,0.0,33.34566863216881,0.0
117,149,5,Al25.78Cr26.85Fe14.29Mo17.90Nb15.19,1152.9388427734375,1139.6041259765625,59.484859466552734,676.2114333333333,1234.3758260091147,209.06073634683048,0.1693655464906089,0.07365745682235336,0.6470700156767568,0.5899971376896339,37.22542293619788,0.0,38.769254405188406,0.0,20.630470573366967,0.0,25.848627459622925,21.938303005787283,0.0,0.0,0.0,0.0
118,179,5,Al24.90Co30.63Cr22.24Nb15.23Ti7.01,1154.873046875,1240.5614013671875,64.86935424804688,644.922,1157.4273315429687,244.6796340235635,0.21139956466846224,0.1159220880538736,0.6657678235824628,0.5897335148045725,35.635289076681154,43.839739126164986,31.831474201256807,0.0,0.0,0.0,0.0,21.79982370989034,0.0,10.029017281094077,0.0,0.0
119,549,5,Al26.27Co33.77Cr22.63Cu8.50Fe8.83,959.11767578125,1133.9957275390625,68.43070220947266,748.3041333333333,1154.6583740234375,271.82817693718687,0.2354187031008959,0.07353041695045548,0.662521649919643,0.588960890754328,33.056443862720634,42.48096822330124,28.466444770840386,10.691374720527996,11.114819654069969,0.0,0.0,0.0,0.0,0.0,0.0,0.0
120,648,5,Cr35.35Fe17.21Mo6.92Nb14.63V25.89,1382.355224609375,1243.517578125,65.6001205444336,499.79679999999985,1186.494022623698,186.94495903999737,0.1575608098105757,0.10159015372321978,0.6468997986678297,0.5871915654705417,0.0,0.0,35.01209728053757,0.0,17.04848000303999,0.0,6.856250507126134,14.489972539313488,0.0,0.0,25.63825582837021,0.0
121,836,4,Al27.96Co21.71Cr28.41Ni21.92,910.4566040039062,1194.66650390625,69.11429595947266,768.6986333333336,951.0008850097656,307.71029446861377,0.3235646772983329,0.008050799655650032,0.6696066174506483,0.5871052881949351,37.914389244953576,29.436262696198593,38.52872055660487,0.0,0.0,0.0,0.0,0.0,29.72194575998929,0.0,0.0,0.0
122,51,5,Al28.66Co23.70Cr12.36Cu8.60Ti26.68,1059.2774658203125,1049.8343505859375,65.49605560302734,746.9290666666667,1132.885009765625,224.7053427427382,0.19834788244680365,0.152742740808415,0.667203095135825,0.5870675763624411,44.917984004202,37.140012345627284,19.362186660227533,13.478006948919019,0.0,0.0,0.0,0.0,0.0,41.81277410814145,0.0,0.0
123,609,4,Al35.66Co44.29Mo10.94Ni9.12,885.6800537109375,1006.4425048828125,70.06474304199219,783.8884666666665,1209.4807454427084,193.6715279022177,0.1601278305851225,0.11771018105778508,0.650290437406382,0.5867164435485444,33.034301867574946,41.03071477720264,0.0,0.0,0.0,0.0,10.134498227300933,0.0,8.447762832188587,0.0,0.0,0.0
124,876,6,Al19.00Cr29.01Fe7.86Mn4.82Nb11.24Ti28.08,1344.1751708984375,1172.6990966796875,57.47028732299805,580.0147999999999,1422.828759765625,172.989158621127,0.12158115123398447,0.11479828816619642,0.6357896512628167,0.5824347058210814,27.39890723241669,0.0,41.84278711771223,0.0,11.331250359264914,6.946255093626938,0.0,16.213000285904915,0.0,40.497903547755016,0.0,0.0
125,834,4,Al35.53Cr38.62Cu14.46Ti11.39,1179.7176513671875,1046.9468994140625,55.580421447753906,715.8186,1340.1824259440104,226.13206054462415,0.16873229805661652,0.08444385114121489,0.638998150307022,0.5799263055646249,36.36987006273747,0.0,39.53883182799747,14.800829554555847,0.0,0.0,0.0,0.0,0.0,11.661275835955085,0.0,0.0
126,887,5,Al26.60Cr25.95Mo17.20Nb14.09Ti16.16,1096.3868408203125,967.2725830078125,53.41339111328125,754.9801666666666,1232.339754231771,183.8171760719457,0.14916111846650246,0.032456674943600494,0.6231872317819964,0.5794056171766507,32.1295389384945,0.0,31.33616719927341,0.0,0.0,0.0,20.77834629152813,17.016405144404843,0.0,19.518449887994162,0.0,0.0
127,131,4,Al33.38Co24.23Cr37.69Cu4.70,884.7166748046875,1083.3585205078125,72.29997253417969,749.7949333333333,1041.8200337727865,264.4035174511744,0.25379001063521395,0.027869604532426262,0.6464784624806356,0.5774570389153468,35.90087042054735,26.062547947123694,40.53236929868686,5.056642496191655,0.0,0.0,0.0,0.0,0.0,0.0,0.0,0.0
128,363,6,Al28.76Cr30.08Fe12.44Mo13.40Ni5.02W10.29,898.997802734375,1094.1392822265625,65.22687530517578,729.8735666666665,1323.1750773111978,238.30330508650147,0.1800996022164759,0.10237192132979356,0.6425774373611564,0.5770781525410786,32.68473835509195,0.0,34.18628863425646,0.0,14.137799507297064,0.0,15.229049970861375,0.0,5.699774450453212,0.0,0.0,11.69774042057243
129,838,6,Al26.08Cr29.93Cu12.66Mn3.87Ni5.18Ti22.30,1240.64208984375,1029.8245849609375,55.46788024902344,718.387033333333,1357.3745279947916,190.229545602368,0.14014521539857416,0.1743369463553881,0.6464537574719158,0.5765500643511947,33.79524442265634,0.0,38.7829126551067,16.400733881959784,0.0,5.011753026566282,0.0,0.0,6.709017931795195,28.89700244396228,0.0,0.0
130,384,4,Al30.18Co27.68Ni20.53V21.61,955.2695922851562,1016.6644287109375,77.3448715209961,803.7384666666666,1089.89091796875,241.99892125336828,0.22203957961626672,0.1847291770065913,0.668797743647721,0.5763420133423361,30.620542318984555,28.080926652314048,0.0,0.0,0.0,0.0,0.0,0.0,20.83054575314798,0.0,21.922790466947703,0.0
131,789,5,Al32.17Fe12.77Nb16.93Ti17.40V20.72,1190.7158203125,1142.2552490234375,49.30598831176758,726.8576666666665,1360.0805826822916,213.03615850133977,0.15663495326225388,0.0737628473410461,0.6298029938415414,0.5758916860577686,35.153319329333264,0.0,0.0,0.0,13.95757163590405,0.0,0.0,18.502738116776918,0.0,19.011109479241597,22.635792355735035,0.0
132,713,6,Al26.23Co19.30Cu6.27Fe12.78Nb14.90W20.52,1018.9468994140625,1180.7100830078125,62.5108757019043,674.7459999999999,1320.1051595052083,218.23498050404834,0.1653163605434627,0.1346359148135421,0.6438756769652156,0.5756194038666415,34.8514461280045,25.638082117728263,0.0,8.328375625552521,16.985037682282197,0.0,0.0,19.794023626559124,0.0,0.0,0.0,27.2696390038869
133,11,4,Al69.56Cr11.90Fe8.75Ni9.78,924.140380859375,1105.0626220703125,53.506832122802734,761.3505333333334,1500.358243815104,199.6284242519949,0.13305383902472562,0.03830181832945945,0.6161834564931753,0.5752596330711021,43.654146709851844,0.0,7.467316727211145,0.0,5.492446782597494,0.0,0.0,0.0,6.139131645598855,0.0,0.0,0.0
134,807,6,Al25.53Cr21.40Cu5.35Mo16.40Nb15.13V16.19,1324.5770263671875,1028.6456298828125,53.750492095947266,668.8551666666665,1330.8966145833333,206.5340665172972,0.15518415499310384,0.09959159292778852,0.633702673746741,0.5749883164129074,34.89512036133005,0.0,29.26231311380525,7.31674975694167,0.0,0.0,22.414766608286783,20.689060318728696,0.0,0.0,22.13035044691643,0.0
135,46,6,Al30.31Co20.66Fe7.44Mo10.34V23.82W7.43,1038.0555419921875,1237.5166015625,60.94729232788086,736.3320333333332,1322.449357096354,245.558351572267,0.18568450296760627,0.24086108713560628,0.668973092736685,0.5743797495676621,40.0588862580925,27.305069372901805,0.0,0.0,9.834444136000617,0.0,13.667801793271595,0.0,0.0,0.0,31.475828728251273,9.813719914809129
136,731,5,Al33.32Cu9.80Ni28.47Ti22.32W6.09,1054.2900390625,959.10888671875,60.8182373046875,715.2412333333328,1134.8641357421875,202.43270919115912,0.17837616223440753,0.07051448525759985,0.6318620437078556,0.5731651060977337,32.740940314716816,0.0,0.0,9.631638882908113,0.0,0.0,0.0,0.0,27.974862900174802,21.930798165994425,0.0,5.981749882625099
137,826,6,Al30.07Co9.75Cu14.51Nb15.47V16.23W13.97,1152.87744140625,1118.6356201171875,57.826839447021484,708.4927999999996,1499.6891520182292,188.2061960171953,0.12549680429701981,0.2301744606861843,0.6496293723269786,0.5722202791154868,37.34248397518212,12.101840965994128,0.0,18.017690826611954,0.0,0.0,0.0,19.205140067856114,0.0,0.0,20.147557237226746,17.35093404046878
138,560,5,Cr27.48Cu10.78Mo29.78Nb13.14V18.81,1437.6214599609375,1031.55810546875,58.140296936035156,609.6814999999999,1057.4321899414062,178.20981106070522,0.1685307225899564,0.16532132436586178,0.6470258556859221,0.5718289101652606,0.0,0.0,33.65311812491037,13.206229542680466,0.0,0.0,36.46766985896293,16.09694115310446,0.0,0.0,23.035565654137162,0.0
139,267,5,Al26.80Co22.89Mn6.57Nb14.53Ti29.22,968.5885009765625,1127.7890625,61.54689407348633,765.776,1107.6076293945312,225.20557267978336,0.20332612985240178,0.18617119649136948,0.6595476414084616,0.5714818696470872,37.172831665260006,31.74708168755244,0.0,0.0,0.0,9.109547976555508,0.0,20.158437477424805,0.0,40.52540936416007,0.0,0.0
140,512,5,Al29.04Co42.89Cu10.16Ni9.56W8.34,868.8667602539062,1020.316650390625,71.19216918945312,770.4094000000001,1235.3022583007812,208.5284567781473,0.16880763827388157,0.15480270354986836,0.6445186823268682,0.5713562320484241,30.455198659131,44.97529128074555,0.0,10.651022231563902,0.0,0.0,0.0,0.0,10.02679100944424,0.0,0.0,8.747838920463327
141,705,5,Al23.40Cr30.74Cu6.44Fe22.59Nb16.83,1332.26220703125,1117.1927490234375,67.72595977783203,559.8001333333332,1268.7973388671876,220.2316771988726,0.17357514116123596,0.16174650153474768,0.6470512684753753,0.5713081828781168,26.883489960577077,0.0,35.31293962896728,7.393356639818516,25.943873366271326,0.0,0.0,19.33356297857954,0.0,0.0,0.0,0.0
142,915,6,Al22.57Co15.54Cu17.33Mn4.42Nb23.17V16.97,1170.408935546875,1111.9530029296875,59.41249465942383,680.6537333333332,1520.3322428385416,206.0159433359953,0.13550718555527871,0.21440829854829835,0.6478252906750996,0.5710668345766203,30.895307653925542,21.280305790780815,0.0,23.72287465067821,0.0,6.056509429010408,0.0,31.72431979923198,0.0,0.0,23.229563097489503,0.0
143,771,4,Al35.74Cr33.01Fe16.39Mo14.85,860.0006103515625,1123.8409423828125,64.2177963256836,713.5359333333333,1286.0473795572916,238.42040863902446,0.1853900660495869,0.08565833050320848,0.6343084587567073,0.5708292761436689,36.32426552934357,0.0,33.5519235208898,0.0,16.662916120651282,0.0,15.09655242529871,0.0,0.0,0.0,0.0,0.0
144,460,6,Al29.59Cu11.41Fe26.58Mn7.17Mo11.07Nb14.18,1095.483154296875,1164.03466796875,55.40181350708008,699.2883333333333,1137.3238159179687,165.79152858709375,0.1457733727779879,0.13078067257536463,0.6331511126409334,0.5705516349313635,32.67773032813695,0.0,0.0,12.603530645009965,29.349216856903972,7.919034486764499,12.221710747574603,15.659126019690568,0.0,0.0,0.0,0.0
145,562,4,Al25.29Cr31.00Fe24.39V19.31,1394.26025390625,1120.296142578125,60.59140396118164,592.1466999999998,1240.6247233072916,237.6480004796033,0.1915551060808096,0.18106506718419513,0.6543004772580778,0.5701986873010364,28.548753302139204,0.0,34.9886582159898,0.0,27.532512801255884,0.0,0.0,0.0,0.0,0.0,21.797349000200967,0.0
146,760,6,Al30.74Mo9.04Nb18.78Ni12.48V22.30W6.67,1111.2440185546875,1066.36279296875,56.57719039916992,726.8995666666666,1356.2903076171874,208.2352092493579,0.1535329184908783,0.1553474100072425,0.6392286725381362,0.5697759609139681,33.16172142501707,0.0,0.0,0.0,0.0,0.0,9.754660424097993,20.2598725885629,13.459024813204453,0.0,24.053196750207402,7.197581279883323
147,965,5,Al28.09Co11.63Nb14.77Ti25.87V19.64,1007.9966430664062,1083.873291015625,55.55899429321289,747.4296666666665,1287.340193684896,249.2824264357888,0.19364145364112356,0.057428870989686076,0.6293786566337354,0.5694825190255173,33.28388246809225,13.783715801965437,0.0,0.0,0.0,0.0,0.0,17.50341462419124,0.0,30.66230506320365,23.273832533170417,0.0
148,265,6,Al25.42Co24.35Cu5.83Nb15.10Ti6.06W23.24,1007.6134643554688,1108.2232666015625,65.43661499023438,647.7931333333331,1148.9582804361978,190.80120544287266,0.16606452008895892,0.10338393930463119,0.630370925514187,0.5681780076310211,35.5211816757404,34.02425053579117,0.0,8.148624897833713,0.0,0.0,0.0,21.092336483285617,0.0,8.462779817646286,0.0,32.479287321847295
149,216,5,Al25.15Cr24.23Nb16.98Ni28.52Ti5.13,1173.8052978515625,1303.780029296875,59.88018798828125,577.4016333333329,1206.6807413736979,172.59497463012988,0.14303284100950014,0.1565317216255293,0.6344795420473609,0.5674149874698801,36.459928182377254,0.0,35.127916692808654,0.0,0.0,0.0,0.0,24.619096519050178,41.3456594621582,7.4375881051274035,0.0,0.0
150,482,6,Al25.02Cr29.42Cu11.80Fe4.43Ni11.35V17.97,1282.8248291015625,966.31640625,61.02874755859375,633.4001,1434.630997721354,257.53040051855737,0.1795098537028663,0.12804974103266353,0.6373656777950225,0.5668782661627733,30.429434767757158,0.0,35.791689526375954,14.358980429345202,5.391694713257252,0.0,0.0,0.0,13.804431865612274,0.0,21.864625799215112,0.0
151,53,5,Al28.75Co19.22Cr12.74Cu9.06Ti30.23,1060.0819091796875,1023.0140991210938,60.0750846862793,732.7365333333332,1331.924930826823,237.66920849435624,0.1784403932936503,0.15859130881315098,0.6432049584898284,0.5668765984037857,42.15825020594373,28.184991822093647,18.680195938574194,13.289974936960457,0.0,0.0,0.0,0.0,0.0,44.330307610002194,0.0,0.0
152,772,4,Al34.60Fe17.22Nb19.85V28.33,1258.1038818359375,1141.142333984375,51.79660415649414,712.2415333333332,1378.4916707356772,207.72946407070773,0.15069330376138299,0.20199423528215465,0.6443809700704082,0.5663087970736315,30.87728687435969,0.0,0.0,0.0,15.362191865065125,0.0,0.0,17.7133106969542,0.0,0.0,25.278455461620926,0.0
153,657,5,Al24.73Co29.02Cu10.74Nb14.62Ti20.89,1069.8782958984375,1112.12255859375,67.10816955566406,662.093933333333,1169.9430297851563,229.67549522490205,0.1963134010611429,0.14947249015591257,0.6450886592806845,0.5661158109842163,31.733210986461852,37.2352417239854,0.0,13.773907514016052,0.0,0.0,0.0,18.75260220404836,0.0,26.80408434680669,0.0,0.0
154,319,6,Al18.57Cr25.80Fe21.80Mo13.72Nb14.47Ni5.65,1314.4154052734375,1052.6822509765625,65.93211364746094,513.3247999999999,1410.0284830729167,169.55951676631807,0.12025254723705439,0.12175278426683434,0.6203750701420522,0.5659613764794217,26.707417574105982,0.0,37.108446033940396,0.0,31.350551213232727,0.0,19.739712288671583,20.81525260064452,8.121192817666241,0.0,0.0,0.0
155,818,4,Al40.28Co12.62Fe21.69V25.41,1005.37158203125,1203.419921875,58.1197624206543,704.8488000000001,1375.1245768229167,222.31327968241578,0.16166773791218805,0.1578600603295064,0.6374691241645045,0.5654801776205561,36.0409286935231,11.293205068983397,0.0,0.0,19.409092017596432,0.0,0.0,0.0,0.0,0.0,22.736769561879147,0.0
156,658,6,Cr30.25Cu6.32Fe12.50Nb13.15V17.50W20.27,1388.1724853515625,1067.17626953125,61.03740310668945,573.8987999999998,1164.2628865559896,155.86858998489467,0.13387748745128356,0.2218578829229595,0.6426473013806758,0.5648063529332631,0.0,0.0,36.60798559975311,7.653016540320721,15.1235858828598,0.0,0.0,15.915749056097782,0.0,0.0,21.179437137057548,24.521026307188738
157,882,5,Al21.98Cr27.20Nb11.01Ni23.60V16.21,1450.0845947265625,1080.581787109375,58.22563552856445,568.6486333333332,1307.7466634114583,171.90041653760815,0.13144779592798156,0.21206816632812098,0.6398765282002469,0.5646009459526273,30.14591080125911,0.0,37.31121734147445,0.0,0.0,0.0,0.0,15.099287440464686,32.37323826859948,0.0,22.227200557458392,0.0
158,774,6,Al20.89Co28.84Mo10.90Nb10.49Ni13.14V15.74,1221.4256591796875,1022.8555908203125,64.52417755126953,607.7863333333333,1298.534130859375,191.6875163359297,0.14761838890524207,0.1847209567357747,0.6375723365008562,0.5637235479273907,31.330690033800945,43.244920245314944,0.0,0.0,0.0,0.0,16.343773396866805,15.734287616535337,19.703137047137446,0.0,23.595218385895816,0.0
159,548,6,Al22.06Co17.45Cr22.29Cu8.19Ni4.07Ti25.94,1180.4356689453125,1054.87646484375,60.93192672729492,595.6033,1334.804353841146,194.98897333386716,0.14608056437091355,0.09711068485372343,0.6182951894571697,0.5623529113936966,31.122710275433832,24.613695546453776,31.44719461265619,11.561605366501343,0.0,0.0,0.0,0.0,5.742628484946241,36.60484581206644,0.0,0.0
160,968,6,Al18.61Co13.67Cr21.44Cu9.55Nb11.61Ni25.13,1182.6805419921875,1121.732177734375,63.0583610534668,516.1271999999996,1336.1451171875,146.40951098352326,0.10957605510074078,0.08350707330980822,0.6060599912458946,0.5619645628087477,31.597610878400108,23.20273057606445,36.39673739133963,16.223053649852655,0.0,0.0,0.0,19.706002202559354,42.66438109268615,0.0,0.0,0.0
161,440,5,Al26.35Cu8.18Ni18.36Ti27.84V19.28,1074.9881591796875,925.1136474609375,59.531009674072266,732.8114333333331,1401.8565673828125,229.43723639612787,0.16366669867265687,0.1481068983568663,0.6321807175875532,0.5616426632480158,32.420945301886505,0.0,0.0,10.05871855520072,0.0,0.0,0.0,0.0,22.58661242252738,34.244118804368235,23.714718478618483,0.0
162,137,6,Al20.63Cr24.51Nb11.96Ni12.32V16.55W14.03,1394.3951416015625,1155.658203125,55.65865707397461,579.7143999999998,1475.4192708333333,206.73528058491766,0.14011968304314695,0.18826107203372866,0.6337399136112509,0.5610577784437185,35.3154042884337,0.0,41.95305056176559,0.0,0.0,0.0,0.0,20.468662809754253,21.08439150966589,0.0,28.33020066547979,24.018892429456383
163,980,5,Al25.98Cr25.96Fe11.75Mn20.09Nb16.22,1053.955078125,1303.488037109375,55.99759292602539,680.8218666666664,1356.2297281901042,213.32578607688194,0.15729325323193316,0.19264395028043368,0.6385180764504552,0.5606659730863851,33.72517318103486,0.0,33.7008719177172,0.0,15.255748377864144,26.081449552150378,0.0,21.06011654047167,0.0,0.0,0.0,0.0
164,344,5,Al25.52Co28.97Nb13.10Ti20.88W11.54,1032.5118408203125,1150.601806640625,59.9054069519043,683.9776666666664,1157.7782430013021,230.96668420266337,0.1994912977496707,0.12433680415589554,0.6352110889108756,0.5604709036422788,33.020885785527824,37.48752654258119,0.0,0.0,0.0,0.0,0.0,16.957842175386315,0.0,27.018901113908207,0.0,14.928925986825938
165,79,5,Al6.71Co35.16Nb21.79V29.26W7.08,1184.0999755859375,1203.08984375,67.09717559814453,578.5974,1071.4691731770833,204.35972917042787,0.1907285195751059,0.17252269019506683,0.6418432812116661,0.5596566132788763,7.825313222698998,40.99565270817386,0.0,0.0,0.0,0.0,0.0,25.40189487561506,0.0,0.0,34.116831359206465,8.25349395833263
166,511,6,Al27.48Co16.92Cu9.93Mn23.08Mo6.02V16.58,910.0115966796875,1160.9925537109375,66.11883544921875,726.1953666666668,1440.4307454427083,247.51965879981339,0.1718372504772797,0.23890844927406274,0.6503827721126592,0.5596417696385266,31.754628735451398,19.547164515700256,0.0,11.468797440470087,0.0,26.660422420554635,6.9520388224268554,0.0,0.0,0.0,19.153647644985174,0.0
167,758,4,Al28.97Cr31.07Mo18.82V21.14,1132.737548828125,1101.8253173828125,60.16495895385742,734.0728333333333,1212.2643758138022,297.1209565008274,0.2450958408320527,0.21361757603580778,0.6635516379347562,0.5595541625195816,30.07273126258167,0.0,32.25422843060157,0.0,0.0,0.0,19.530264636224416,0.0,0.0,0.0,21.93769987939579,0.0
168,27,6,Al26.45Cu18.36Fe7.59Mn8.99Nb18.15Ti20.46,1197.2064208984375,1056.419677734375,51.577510833740234,753.8638,1403.600439453125,220.33165568278133,0.15697605207976964,0.20696117800122016,0.6400966835293498,0.5594604349091633,39.648986175726876,0.0,0.0,27.513233345612555,11.369764615592226,13.477783014441249,0.0,27.199091550837746,0.0,30.673211833302922,0.0,0.0
169,660,5,Al28.90Fe13.54Ni21.54Ti16.39V19.64,1078.952880859375,901.3403930664062,57.643150329589844,747.8505666666664,1328.3934814453125,240.5501264602165,0.18108348905664176,0.11679711889781119,0.6278437857077154,0.5592134896639926,29.486913273986342,0.0,0.0,0.0,13.808237109212996,0.0,0.0,0.0,21.97334739121943,16.71778335651652,20.031953311705564,0.0
170,66,5,Al37.26Cu8.11Fe23.02Mn14.28Nb17.32,1061.47119140625,1158.130126953125,57.98688888549805,683.8412,1141.290128580729,203.39244534910003,0.17821274385508984,0.14509587824208747,0.6324411736349135,0.5588688120227235,42.39387010465534,0.0,0.0,9.230300777737671,26.19421496648691,16.252721907480044,0.0,19.70384735225158,0.0,0.0,0.0,0.0
171,570,4,Al34.04Co13.28Fe30.86Ni21.82,792.5665283203125,1019.5654907226562,63.710060119628906,733.5621666666665,1083.0909912109375,217.41215409365768,0.2007330463072013,0.04885227385531121,0.6187702700312279,0.5588165536833654,34.445158942251155,13.44082828376051,0.0,0.0,31.228659102639618,0.0,0.0,0.0,22.08495427318899,0.0,0.0,0.0
172,447,5,Al24.43Cr24.68Mn15.87Ti17.62V17.39,1272.1578369140625,1137.7333984375,53.33139419555664,639.2940333333332,1487.4074055989583,222.07561906784875,0.1493038277420852,0.1520803480166507,0.6259189780385331,0.5581769514996817,33.096316544332375,0.0,33.43818073830084,0.0,0.0,21.50159411590385,0.0,0.0,0.0,23.87213367339947,23.561848001738944,0.0
173,82,5,Cr29.89Mo7.90Nb20.63Ni10.39V31.19,1395.5863037109375,953.9323120117188,68.22716522216797,569.7719999999998,1182.074658203125,214.2684123800895,0.18126470345434825,0.1923488018212559,0.6415449457898541,0.5577590095620159,0.0,0.0,37.39913765014499,0.0,0.0,0.0,9.882999124041866,25.813607570513533,12.992257387765926,0.0,39.01603328979497,0.0
174,678,6,Al25.73Co21.71Fe10.77Mn14.91Mo5.03V21.85,1073.9151611328125,1245.350341796875,61.60983657836914,685.9619333333331,1177.9640177408853,225.65783475719638,0.1915659827962877,0.2723603272929046,0.6595818459519484,0.5572182847942955,28.067011496476617,23.677914088389606,0.0,0.0,11.74895034754963,16.257352339134375,5.485510935669698,0.0,0.0,0.0,23.82778768847901,0.0
175,504,5,Al46.66Cu13.82Fe10.35Mn13.77Ti15.40,1081.830322265625,974.4223022460938,52.76877975463867,746.7645333333334,1479.022314453125,204.2849688720061,0.1381216272910266,0.12466699929936909,0.6162698895021702,0.5568060828195397,32.03991052368085,0.0,0.0,9.493685507341045,7.107027907328657,9.457166826223254,0.0,0.0,0.0,10.57317040085343,0.0,0.0
176,889,6,Cr33.45Cu17.79Fe5.03Mo14.59Nb17.68V11.46,1320.46923828125,897.650634765625,55.431880950927734,700.6553999999998,1204.0481241861978,191.21311789137548,0.15880853435207518,0.20103622457120962,0.6366964386183083,0.5567870601160476,0.0,0.0,33.54119159050532,17.839484862139834,5.040140120056922,0.0,14.635145167804094,17.733787410984046,0.0,0.0,11.488943623575294,0.0
177,625,4,Al32.66Co34.57Cu10.94W21.84,756.950439453125,1094.8873291015625,70.16535186767578,759.7048666666666,1152.5863159179687,202.28699991236238,0.17550702894754777,0.16349681571811847,0.6326702475304009,0.5560941271498903,32.86508815546169,34.78601723670207,0.0,11.005009427641866,0.0,0.0,0.0,0.0,0.0,0.0,0.0,21.979201217695184
178,150,5,Co31.63Mn13.53Mo12.86Nb17.91V24.08,1107.538818359375,1248.256103515625,68.61250305175781,575.3108000000001,1101.1728800455728,174.2631775679549,0.1582523332401202,0.1981845086678835,0.6345392604870927,0.555339275443486,0.0,35.167265660551955,0.0,0.0,0.0,15.042042334256294,14.295338070702005,19.913526282918337,0.0,0.0,26.773167487455524,0.0
179,320,5,Al32.56Fe10.83Nb17.17V19.38W20.06,1201.30224609375,1182.1539306640625,52.30466842651367,710.9197999999999,1351.439851888021,177.51149611957212,0.1313499049710431,0.2715375800106389,0.6422768083665327,0.5551318161216441,36.821656418181,0.0,0.0,0.0,12.247561561521941,0.0,0.0,19.418506011244595,0.0,0.0,21.91489810000929,22.68225253823178
180,773,6,Al27.13Fe7.07Mo5.49Ni22.84V17.95W19.53,1065.2752685546875,1048.58642578125,64.46785736083984,729.7308000000003,1392.3862345377604,242.93812506137536,0.17447610370984823,0.31674412995252443,0.6617212471911427,0.5547533952731758,34.157283202670314,0.0,0.0,0.0,8.903727012975338,0.0,6.913051727879834,0.0,28.759094795193715,0.0,22.598890134839877,24.585872131425067
181,315,6,Al23.91Co26.24Cr26.57Mn3.68Nb12.38W7.22,966.291015625,1186.0260009765625,65.2863540649414,632.7205333333333,1114.338399251302,245.7812763023127,0.22056251177151162,0.08891742060580343,0.6276329814301731,0.5547088693661345,36.92423918926286,40.5188513682642,41.01805587590778,0.0,0.0,5.686355675324112,0.0,19.109468410800307,0.0,0.0,0.0,11.141613312516727
182,776,5,Al30.11Co19.61Fe27.17Nb15.62Ti7.49,992.011474609375,1182.91015625,56.95584487915039,707.3214666666668,1108.5916056315104,227.600293394828,0.2053058062487991,0.11678394868339881,0.6293661461262259,0.5546829048273464,32.478094889847654,21.15797180997268,0.0,0.0,29.306590471403,0.0,0.0,16.84542990156931,0.0,8.079893404829082,0.0,0.0
183,238,4,Al27.62Ni29.25Ti27.64V15.48,1020.6140747070312,900.4453735351562,61.903099060058594,754.3467999999996,1012.238671875,203.97023476787857,0.2015040923007401,0.17481876940449537,0.6388866061915517,0.5535468292354675,35.111065257455216,0.0,0.0,0.0,0.0,0.0,0.0,0.0,37.188127791103085,35.144210068237584,19.685781145642533,0.0
184,831,4,Al46.43Cu19.70Ti20.18W13.69,1015.2537231445312,1047.29443359375,53.9862174987793,753.2989333333334,1379.0072428385417,212.700638101167,0.15424185710826654,0.15589581026039856,0.6220479773177996,0.5523083509886533,37.338409721064465,0.0,0.0,15.840974410265481,0.0,0.0,0.0,0.0,0.0,16.231324463407823,0.0,11.009529676279657
185,161,5,Al28.83Mo15.93Nb13.07Ni24.85V17.31,1053.861328125,890.1771850585938,63.29338073730469,733.5954,1166.7515096028646,197.15028126994284,0.16897366718389611,0.2315214481042147,0.6407459208633743,0.5521982144465574,39.06994041637466,0.0,0.0,0.0,0.0,0.0,21.592384292294057,17.716492800616628,33.6773264709779,0.0,23.45329549595242,0.0
186,867,5,Al28.51Co18.67Cu11.43V16.02W25.37,939.7839965820312,1192.11767578125,64.9287338256836,709.1695333333333,1400.3483723958334,223.54769580461465,0.15963720186438357,0.3013578854283918,0.6520844848818175,0.5519036073300433,35.07627169312857,22.964772750651477,0.0,14.061951855428903,0.0,0.0,0.0,0.0,0.0,0.0,19.7050471097611,31.20283395493583
187,582,4,Co41.92Mn8.05Mo27.22V22.80,1010.70361328125,1195.01513671875,62.86116409301758,595.5919,1137.504060872396,136.953530141298,0.12039827799494889,0.1765469060784568,0.6170834055545226,0.5516744548400939,0.0,43.654230144584645,0.0,0.0,0.0,8.383504736379184,28.348037948507525,0.0,0.0,0.0,23.74635495851075,0.0
188,918,6,Cr36.99Fe11.25Mo8.58Ni7.19V20.50W15.50,1197.713623046875,1079.322265625,63.63856506347656,571.6901999999999,1250.6277954101563,198.60903413734883,0.15880746843005591,0.1754307086045449,0.6259369004509794,0.5511488916225564,0.0,0.0,39.81332494274073,0.0,12.110736558333205,0.0,9.231677991761396,0.0,7.735277163170672,0.0,22.066852190101148,16.68527227762566
189,441,5,Al24.55Cr23.79Ni30.87V16.40W4.38,1195.0654296875,1090.8525390625,63.549591064453125,548.0245666666661,1172.1188354492188,171.49078482790895,0.14630836024589988,0.15242446861453018,0.6179280727208213,0.5508660889364403,31.53500681227431,0.0,30.561604387185866,0.0,0.0,0.0,0.0,0.0,39.65602918708922,0.0,21.06445208728048,5.628971618067485
190,14,6,Al51.22Mn8.27Nb7.53Ni15.83Ti7.50V9.66,995.2499389648438,1062.7723388671875,53.025028228759766,718.0437333333333,1578.1335367838542,222.5576652414587,0.14102587648889237,0.09414025176201779,0.6042061749341209,0.5501216554594942,43.154639512233004,0.0,0.0,0.0,0.0,6.966496403768403,0.0,6.343435397378883,13.335670156605758,6.322818490647691,8.138495398671221,0.0
191,32,6,Al29.63Cr13.64Cu14.02Fe15.89Ti22.91W3.91,1231.780517578125,989.870849609375,50.8504753112793,698.5193333333331,1488.3891357421876,228.0608620058038,0.15322663712677592,0.1342677562237825,0.6146946364016479,0.5495344258751974,40.258193785585966,0.0,18.531917674714826,19.048314626978183,21.58184078094335,0.0,0.0,0.0,0.0,31.12042248174376,0.0,5.308151416344423
192,24,5,Al30.58Cr16.45Fe11.42Nb18.87Ti22.68,1244.06640625,1108.41162109375,46.58086013793945,725.407533333333,1408.8497233072917,233.4499111706754,0.16570249282701985,0.15671440060911124,0.6221884989525661,0.5494199956239889,44.94015174002019,0.0,24.174127095609705,0.0,16.788904349918774,0.0,0.0,27.729904319475246,0.0,33.32534014464083,0.0,0.0
193,143,6,Al22.86Fe20.35Mo4.99Nb14.99Ni25.53W11.28,1177.5718994140625,1054.4656982421875,64.14707946777344,582.9102999999997,1189.6304077148438,192.25164465771635,0.16160619584952587,0.18238834834345385,0.6257203501850905,0.5488411315540183,34.365667710986536,0.0,0.0,0.0,30.595627842636333,0.0,7.495423707057856,22.53772912748762,38.39142146919015,0.0,0.0,16.967089810335143
194,881,5,Al25.78Co4.86Cr31.14Ti14.31W23.90,1130.1754150390625,1016.5177001953125,59.87501525878906,674.3332999999999,1334.8353881835938,209.07023366610247,0.15662622935896187,0.2150610721170858,0.6307949093111117,0.5486261375479541,32.84166898328369,6.18868945521853,39.668616133723106,0.0,0.0,0.0,0.0,0.0,0.0,18.233026642795323,0.0,30.441383887331472
195,536,5,Cr28.23Mo6.60Nb13.33V17.54W34.31,1177.374755859375,1150.7373046875,60.73183822631836,574.3567999999998,1147.4641886393229,159.62771834747707,0.13911346421779452,0.18392844386943952,0.6201400884930193,0.5485760336646828,0.0,0.0,35.576487781671965,0.0,0.0,0.0,8.313560370580253,16.80338656025377,0.0,0.0,22.105968505321457,43.24400449072136
196,740,6,Al23.14Cr23.22Cu8.17Fe10.65Nb13.93W20.88,1208.096923828125,1204.16162109375,58.192317962646484,601.0272333333332,1315.4322265625,194.7662303795592,0.14806253522351673,0.22376405271953004,0.6299606663450091,0.548192221995224,34.490830989795846,0.0,34.60388105484989,12.178022772848376,15.87476573273813,0.0,0.0,20.755746808399135,0.0,0.0,0.0,31.124283318064734
197,59,6,Al22.47Cr17.82Fe7.78Nb11.30Ni21.67V18.96,1508.4427490234375,1098.5684814453125,53.3204345703125,558.3529666666665,1328.0529296875,230.33052957485125,0.17343475130095126,0.17652154557968558,0.6267616705575461,0.5480986736163712,38.66693748404957,0.0,30.670963808056374,0.0,13.39546687140978,0.0,0.0,19.440006311133956,37.29885249708207,0.0,32.625241019013984,0.0
198,188,4,Co41.70Cu7.90Nb21.07V29.32,1061.713623046875,1198.787353515625,68.80653381347656,583.2134,1080.9662923177084,218.41677331838818,0.20205696964896014,0.13268245481862184,0.6251259767891638,0.5480752434131995,0.0,38.93009219838073,0.0,7.377020119363394,0.0,0.0,0.0,19.669377821171757,0.0,0.0,27.37358742490973,0.0
199,786,6,Al28.10Co14.48Nb14.27Ni11.45V17.94W13.77,1070.8509521484375,1100.4432373046875,56.49699020385742,708.1793333333333,1412.7788004557292,249.16192240691748,0.17636301049148226,0.19053838213639163,0.6300605855835998,0.5478621565334509,37.95011796115036,19.551536849978127,0.0,0.0,0.0,0.0,0.0,19.276484345485922,15.463574136421418,0.0,24.22517412230066,18.599670757296458
200,727,6,Co9.72Cr26.24Cu8.99Fe18.02Mo16.79V20.24,1260.1290283203125,1189.5029296875,62.181278228759766,517.5877999999999,1236.6159790039062,209.0172843732879,0.1690235998257529,0.1616236622890116,0.6219768197345201,0.5473961873202796,0.0,12.471931623091404,33.6607241445966,11.53340622770426,23.11034814669138,0.0,21.533837041830672,0.0,0.0,0.0,25.957864977819707,0.0
201,719,6,Co23.58Cr19.36Fe6.35Mo21.99V22.87W5.85,1273.8614501953125,1116.1951904296875,61.49679946899414,575.4769000000001,996.148750813802,165.98897802931188,0.16663071443266628,0.2274425639434503,0.633882709680153,0.5467365182832964,0.0,41.59377295949116,34.146997897154016,0.0,11.192067101951043,0.0,38.79337913355843,0.0,0.0,0.0,40.34743672002374,10.314347940995706
202,897,6,Al29.02Cr30.96Cu7.45Fe5.89Mn8.06Mo18.61,895.1178588867188,1006.7218627929688,62.269962310791016,730.9028333333331,1261.1769246419271,266.17245725828957,0.2110508462830155,0.13029949058464696,0.6255060536153243,0.546683443927641,34.33399281737996,0.0,36.635984514527934,8.820396060500016,6.97420061334795,9.5394181486683,22.013706710297186,0.0,0.0,0.0,0.0,0.0
203,442,5,Al24.51Cr26.10Cu11.06Mo28.81Nb9.53,1040.98486328125,1007.319580078125,58.65470886230469,642.4707666666665,1182.9599039713542,182.6841617210377,0.15442971575599698,0.07768775935235273,0.6002282365931454,0.5460832557836756,30.25540668057958,0.0,32.22460565477208,13.655403207770393,0.0,0.0,35.56867147495642,11.760216835528107,0.0,0.0,0.0,0.0
204,102,5,Al35.69Cu9.11Fe21.52Nb13.84Ti19.84,1176.5087890625,1063.0391845703125,53.63644790649414,690.0230666666666,1270.03359375,220.22380690221107,0.1733999856271212,0.16886637393799098,0.6231050535630022,0.5459817823686237,42.60671490409362,0.0,0.0,10.877142736381348,25.695557415445723,0.0,0.0,16.52049062943784,0.0,23.69217720417912,0.0,0.0
205,543,6,Al27.99Co4.82Fe21.88Mn13.37Nb14.65W17.29,1053.024169921875,1161.5150146484375,55.17568588256836,715.9915333333335,1329.184061686198,225.56195407405784,0.16969956274371117,0.2186087658436633,0.6317767057679093,0.5456300619132489,33.96302455540018,5.850600811002227,0.0,0.0,26.55860789741172,16.23088630886246,0.0,17.776073438533228,0.0,0.0,0.0,20.977432890212917
206,732,6,Al25.04Cr24.38Cu9.72Mn8.58Ti5.39W26.88,1068.1302490234375,1246.3175048828125,60.143306732177734,624.3060999999999,1377.4284301757812,215.68960772729923,0.15658861324633316,0.23448942598567024,0.6305849646822455,0.5445399261735282,33.09832144067836,0.0,32.2228107153382,12.840415898074575,0.0,11.345344760031981,0.0,0.0,0.0,7.1264800649183115,0.0,35.52345648694377
207,601,6,Al18.25Cr22.40Cu9.21Fe11.54Ni24.93Ti13.67,1339.978515625,837.4168701171875,59.40682601928711,531.0517999999995,1527.683740234375,197.8167578087621,0.12948802988399508,0.05365363502878606,0.5876127024221154,0.5445099679453594,30.822545734698146,0.0,37.83790220043119,15.565060929607052,19.501632709392055,0.0,0.0,0.0,42.10707335895225,23.090741459694108,0.0,0.0
208,833,5,Al22.62Cr23.67Fe19.22Mn10.68Ni23.81,944.974365234375,1177.1214599609375,65.8709716796875,555.8609333333332,1232.9205810546875,222.49687223621447,0.18046326394023054,0.030549311085550812,0.5957209766463343,0.5444952984441664,35.69263728009403,0.0,37.354670232030514,0.0,30.33523812569473,16.846455370900557,0.0,0.0,37.57541181565158,0.0,0.0,0.0
209,510,4,Al37.53Co11.44Nb20.91W30.12,879.2460327148438,1108.2376708984375,60.10666275024414,711.7287333333331,1281.579032389323,194.75335159270549,0.15196359075071272,0.18230901402516853,0.6188771214998844,0.5444244210071725,32.90508472616985,10.031571217301874,0.0,0.0,0.0,0.0,0.0,18.330548848023835,0.0,0.0,0.0,26.411625402635323
210,50,5,Al28.28Mn9.45Nb24.83Ti12.71V24.73,1069.410888671875,1059.399658203125,49.92319869995117,729.3371333333333,1296.4911865234376,267.40756577165246,0.2062548272994514,0.05155105943151472,0.6061408516080418,0.5442669328968759,41.083107389529985,0.0,0.0,0.0,0.0,13.72762487007949,0.0,36.07633182154164,0.0,18.4634996162657,35.921947034678745,0.0
211,879,6,Co23.15Cr27.74Cu10.85Mn9.94Mo11.25V17.07,1173.8033447265625,1103.3082275390625,77.26665496826172,587.1582000000001,1154.4539184570312,194.22171346838883,0.16823686971236848,0.23168935634256904,0.6322022912751772,0.5438052025785712,0.0,28.052171254158484,33.61412976406832,13.148575965645152,0.0,12.051740597774142,13.640116782419842,0.0,0.0,0.0,20.687541059467623,0.0
212,31,6,Al22.27Co24.46Mo8.74Nb16.17Ni9.45Ti18.91,1089.8153076171875,1031.894287109375,63.4386100769043,613.7555999999998,1134.2761759440104,221.1929063041019,0.19500798041536255,0.13383949513987003,0.6192130946489917,0.543693200517177,40.52011920947125,44.49562832280088,0.0,0.0,0.0,0.0,15.908505555567022,29.411800463571517,17.195509248600974,34.399239303255975,0.0,0.0
213,952,5,Al23.43Cr22.19Mo9.05Ti28.83V16.50,1308.6968994140625,1099.78271484375,49.04876708984375,622.1607666666666,1325.4802693684896,196.64341847427062,0.14835635280181061,0.11521818748457902,0.603376829991946,0.5432441042945775,32.49932233215272,0.0,30.78342107192274,0.0,0.0,0.0,12.558984727099617,0.0,0.0,39.998430853138935,22.889272275730132,0.0
214,607,6,Al26.40Cr9.74Cu8.43Ni24.77V19.01W11.64,1096.5125732421875,945.1891479492188,67.26306915283203,661.1678999999997,1232.336572265625,200.74637314248258,0.16289898203168196,0.22987045621797653,0.6298615366487206,0.5431626998972048,30.179045160114125,0.0,11.13812305440273,9.633713511481687,0.0,0.0,0.0,0.0,28.322822501624522,0.0,21.737190598174763,13.310195630169934
215,158,5,Al23.31Cr25.15Mn11.69Mo26.26Nb13.59,1079.115234375,1067.215576171875,55.6599235534668,625.4674333333334,1149.5066040039062,184.60473941734432,0.16059476193902494,0.05575976067964339,0.5942169470585162,0.5429163044378313,36.149213219021675,0.0,38.992302716820056,0.0,0.0,18.12277408901925,40.71171448414182,21.072718227194482,0.0,0.0,0.0,0.0
216,35,5,Al35.17Cu20.95Nb17.15Ni13.64Ti13.09,1128.54345703125,895.5015869140625,52.8523063659668,719.9639333333331,1320.0279825846353,178.31141407103965,0.13508154101544356,0.14134854146066744,0.6048693447936113,0.5428292512476169,40.16240244754829,0.0,0.0,23.921506081779516,0.0,0.0,0.0,19.590217035157433,15.582127513501005,14.944186034589926,0.0,0.0
217,264,6,Al21.66Co18.78Mn10.04Ni18.56Ti21.16V9.81,975.7608032226562,1063.6375732421875,72.45594024658203,569.2068999999997,1474.5453450520833,223.2409360761238,0.1513964537104409,0.05818982964387531,0.5922775364838979,0.5427904571275126,38.04823419971182,32.97998237415216,0.0,0.0,0.0,17.63597076481384,0.0,0.0,32.60445103423769,37.162852514022575,17.223676688874793,0.0
218,958,4,Cr41.67Nb21.78Ti7.70V28.85,1119.736572265625,1111.9678955078125,62.30615997314453,579.8481999999998,1147.2478881835937,213.9400740903315,0.18648112260119912,0.1322452792759744,0.6157350331383342,0.5426656966328396,0.0,0.0,32.49744471804512,0.0,0.0,0.0,0.0,16.981645025876844,0.0,6.002744506256043,22.497149242554475,0.0
219,469,5,Al20.61Cr23.22Nb25.18V12.81W18.18,1328.87890625,1122.17333984375,52.17766571044922,598.0723333333333,1405.5951700846354,191.10368988394762,0.13595926761219637,0.18303403413250163,0.6128662487217015,0.542269624992152,32.28805024043512,0.0,36.37133947459804,0.0,0.0,0.0,0.0,39.441363161648695,0.0,0.0,20.067127359585626,28.478731453808336
220,628,5,Al32.18Cu11.25Ti16.39V24.77W15.42,1089.2142333984375,1072.9468994140625,56.05643081665039,709.5533999999998,1438.4990152994792,229.3467357016222,0.1594347533521772,0.23233996883156882,0.6283567895817992,0.5420301074774412,34.29178681653436,0.0,0.0,11.986055648560969,0.0,0.0,0.0,0.0,0.0,17.46868837140562,26.39467744087022,16.42777780185621
221,664,6,Al20.40Cr25.01Cu8.72Mn6.26Ni23.60V16.01,1249.816162109375,921.8630981445312,64.67168426513672,557.2227999999997,1355.3316731770833,182.06216550551454,0.13433034076355338,0.1825202462730373,0.6120752629860742,0.5419886285405784,30.91337018521807,0.0,37.89229473629133,13.215794308485913,0.0,9.480735310325297,0.0,0.0,35.7682948489492,0.0,24.264223565527832,0.0
222,374,5,Co33.13Fe12.91Nb14.10V20.65W19.21,1061.248046875,1315.2421875,60.059329986572266,565.8162,1111.775984700521,200.6629923498019,0.18048869116727187,0.14606241953479548,0.6158447070780557,0.5415100503792787,0.0,42.717071771575604,0.0,0.0,16.639585906323408,0.0,0.0,18.178183573801395,0.0,0.0,26.62149615792932,24.772927003687794
223,712,6,Al29.21Co9.59Cu11.27Fe8.27Ti7.96W33.70,1058.8028564453125,1134.0472412109375,59.8380241394043,695.1325333333332,1471.6108154296876,197.69277746930956,0.1343376763723949,0.33046471592203375,0.6409530257285966,0.5412756634510911,32.56743825801146,10.69229425903288,0.0,12.563922443773155,9.222867551482626,0.0,0.0,0.0,0.0,8.872975467079304,0.0,37.57419214788783
224,842,4,Al44.83Fe17.23Mn11.77V26.18,978.2845458984375,1207.2001953125,52.416805267333984,730.6919333333334,1467.7104573567708,223.46593571854174,0.15225478199629786,0.20485920994703177,0.620079201444888,0.5410436639564071,34.96579719596122,0.0,0.0,0.0,13.437934078762215,9.178142285736516,0.0,0.0,0.0,0.0,20.421481136284577,0.0
225,337,4,Al42.62Cu8.45Ti26.47V22.46,1012.3492431640625,1002.934814453125,55.07844161987305,746.4159333333333,1379.5473470052084,232.7652459945931,0.16872581176709284,0.17691209866585011,0.6185844789376629,0.5410206062627196,35.1682151435815,0.0,0.0,6.974257109072531,0.0,0.0,0.0,0.0,0.0,21.847432561730322,18.534040563826462,0.0
226,770,5,Al20.96Cr23.65Fe9.27Nb13.99Ni32.13,1151.9822998046875,1189.37548828125,60.788394927978516,490.27219999999954,1173.3128092447917,167.3947752272553,0.1426684971887418,0.07147240743778815,0.5906003535802579,0.5406387477955148,29.355349433568442,0.0,33.11140422248844,0.0,12.974578368642419,0.0,0.0,19.588391761049994,44.995187941336,0.0,0.0,0.0
227,7,4,Al46.27Cu12.73Ni11.80V29.20,1003.0484008789062,925.8235473632812,56.46030044555664,746.6931333333333,1457.3827596028646,215.7048965606965,0.14800840420225356,0.18643123165291908,0.6142663771763504,0.5399780297952032,42.23348126239642,0.0,0.0,11.620789424196385,0.0,0.0,0.0,0.0,10.770052564663661,0.0,26.657175772199867,0.0
228,295,4,Al27.96Fe28.79Nb15.36Ni27.89,939.3116455078125,1012.0321655273438,59.29366683959961,753.2449,989.3450826009115,249.46140013059164,0.25214801641786805,0.12763881470092575,0.6285402473692785,0.5399754803246264,36.88287422611889,0.0,0.0,0.0,37.977409318534114,0.0,0.0,20.253023714449014,36.78339473923123,0.0,0.0,0.0
229,796,5,Al27.04Co30.03Mn4.22Ti12.67W26.04,917.4400634765625,1004.5332641601562,59.53071975708008,756.7123333333335,1170.3605021158853,200.86131027514307,0.1716234526985553,0.2192682706982938,0.6267150157494699,0.5399554984351722,35.9512328251455,39.92372111240276,0.0,0.0,0.0,5.605556931129474,0.0,0.0,0.0,16.84481208583074,0.0,34.62323605531904
230,97,4,Al31.02Cr30.22Mn31.14Mo7.61,932.45068359375,1254.3333740234375,60.908233642578125,666.0250333333332,1292.9845052083333,226.33629115834262,0.17504950001073213,0.23324311018157684,0.6298371545990873,0.5394261575600889,44.50187903635246,0.0,43.35370143167402,0.0,0.0,44.67285097125955,10.922662605773814,0.0,0.0,0.0,0.0,0.0
231,766,6,Al23.31Co15.63Cu9.77Fe14.38Nb12.52Ti24.39,1169.0035400390625,1089.501708984375,57.53642654418945,612.7358333333332,1415.5429117838542,226.94933014856733,0.1603267045169036,0.1677716595130776,0.6129031207116374,0.5392671126797961,35.126813956847684,23.558952874236766,0.0,14.720397358202552,21.675802616068033,0.0,0.0,18.868607982013053,0.0,36.76681713247525,0.0,0.0
232,431,6,Cr30.63Cu9.69Mo9.24Nb12.06Ti17.28V21.10,1283.7559814453125,1031.468505859375,55.65843963623047,579.7409999999999,1205.2061482747397,176.02266143148321,0.14605191127132963,0.13932361652771008,0.6035873577489683,0.539209656625594,0.0,0.0,32.27838126306259,10.206386690824292,0.0,0.0,9.733327464878531,12.706725728734398,0.0,18.21064299639208,22.233010512040185,0.0
233,298,5,Al28.02Cu5.44Fe33.75Nb18.22Ni14.57,1060.528564453125,974.1370849609375,54.61857223510742,744.8483666666667,1077.4652099609375,232.15589143721127,0.2154648607592888,0.13499973672616639,0.6199533644935807,0.5390872019585253,37.286365154537116,0.0,0.0,7.233189232064773,44.90951779114839,0.0,0.0,24.25094079396787,19.387703206980518,0.0,0.0,0.0
234,404,6,Al19.85Cr23.68Cu9.74Fe21.06V14.93W10.74,1280.531005859375,993.672119140625,62.804683685302734,525.8854666666664,1445.59912109375,208.44248481318783,0.144191070519937,0.16819128041392162,0.6084567013325913,0.5387706776198227,29.858468381642563,0.0,35.60937463009327,14.654845809033814,31.670287606581184,0.0,0.0,0.0,0.0,0.0,22.46179026734387,16.15414325132219
235,151,5,Cr43.72Cu6.34Ti5.72V25.11W19.11,1162.1883544921875,1163.6910400390625,60.465187072753906,569.6315999999998,1205.2603759765625,195.3979710350722,0.16212096151983008,0.18790860195622816,0.6165833779946401,0.5384714172234369,0.0,0.0,42.80113050666829,6.205615793585864,0.0,0.0,0.0,0.0,0.0,5.598913788971335,24.581776250672075,18.70813630729475
236,701,4,Co34.23Mo27.93Ni16.63V21.20,1053.589111328125,1048.7606201171875,64.78666687011719,557.8967,1145.2855875651042,151.7215135395902,0.13247483002222407,0.13584674543362807,0.5978978861583607,0.5376098295660791,0.0,39.1925675874999,0.0,0.0,0.0,0.0,31.97581064195286,0.0,19.044297212865903,0.0,24.274634195741886,0.0
237,371,6,Al19.50Co12.30Cr22.02Cu8.08Nb11.15Ti26.96,1173.275634765625,1095.59326171875,56.254173278808594,577.6273999999997,1303.4929768880208,164.51617318113168,0.12621178333764416,0.1359959628351144,0.5963029473226993,0.5375508089212654,29.547205981656578,18.632330507582022,33.35935104425813,12.235800645863687,0.0,0.0,0.0,16.90057549731121,0.0,40.84655913858724,0.0,0.0
238,830,6,Al19.58Co13.86Cr20.09Mn16.96Mo8.03Ti21.48,1203.2874755859375,1143.979736328125,55.78543472290039,583.5683333333332,1413.435636393229,186.29377229118307,0.13180209094385298,0.18300096621885253,0.6063803180094209,0.5368296020296872,38.16114262379797,27.009907914178825,39.16726445033811,0.0,0.0,33.055227018016595,15.648389552063039,0.0,0.0,41.87070714535807,0.0,0.0
239,755,5,Co29.70Cr28.98Cu4.41Mo21.97Nb14.94,979.9775390625,1048.6873779296875,77.99215698242188,562.8017,1000.8582397460938,181.641868864343,0.18148611027114434,0.03382993738792228,0.5888956508884691,0.5367581358430985,0.0,34.531270833923706,33.688502310144166,5.125844054479361,0.0,0.0,25.544882664597367,17.374526825465935,0.0,0.0,0.0,0.0
240,332,5,Al21.78Co21.02Fe20.76Nb16.21Ni20.23,1033.366943359375,1095.8280029296875,69.1265869140625,549.1448666666664,1279.5483846028646,243.63464007922775,0.19040674273122155,0.06764775255749533,0.5970726910968958,0.5359414549025913,34.45237878202161,33.25647899597538,0.0,0.0,32.839663490085066,0.0,0.0,25.63875251201213,31.998080085328567,0.0,0.0,0.0
241,757,6,Co22.79Mo20.87Nb12.99Ni8.85V23.10W11.40,1152.593017578125,1297.370361328125,57.34115219116211,578.4493,990.9691324869792,164.96737258929485,0.16647074785799387,0.21714655617477208,0.6207061202471104,0.5356591220476574,0.0,29.094981854489337,0.0,0.0,0.0,0.0,26.646159574073657,16.590427906189845,11.297927014384644,0.0,29.49755204076473,14.550980960243303
242,91,6,Al20.90Co19.34Fe11.77Mn8.01Ni19.24Ti20.73,962.5054931640625,1071.52587890625,66.69335174560547,559.5970666666664,1360.8171671549478,253.29937108908447,0.18613769520460705,0.034040934380988874,0.5877516043117318,0.5344089936343822,43.07870550863774,39.85717115343806,0.0,0.0,24.263738366771243,16.50935449575692,0.0,0.0,39.64468513207657,42.72871221543744,0.0,0.0
243,793,5,Al30.64Mn14.44Mo22.22Nb13.92Ni18.78,818.327880859375,873.7274169921875,63.50680160522461,742.6368,1199.673982747396,208.47957978753524,0.17378019594131086,0.15614542258790942,0.6085790771319531,0.5339049436290435,38.376450523696036,0.0,0.0,0.0,0.0,18.080440754855985,27.836211672030892,17.431824265633914,23.528092977920583,0.0,0.0,0.0
244,926,6,Co4.66Cr28.83Cu12.31Nb13.57V20.16W20.46,1265.11376953125,1063.212646484375,56.44588088989258,598.4791999999998,1080.7186930338542,152.6346549633121,0.14123439887472247,0.22616981923659218,0.6144118494634608,0.5338692858974617,0.0,5.0179698630357095,31.039517055109012,13.25556596614347,0.0,0.0,0.0,14.613050224437323,0.0,0.0,21.706635110310224,22.029117760566564
245,361,6,Co21.67Cu11.33Mo10.11Nb14.21V24.14W18.54,1155.7353515625,1197.1929931640625,67.253173828125,586.0482,1130.9460611979166,208.83655806130724,0.18465651477675615,0.29927830261527133,0.6397246744819564,0.533704885264713,0.0,25.187577478202044,0.0,13.172625620444757,0.0,0.0,11.751044548466368,16.517620981968317,0.0,0.0,28.06252083003467,21.55736252602782
246,638,4,Cr35.07Cu9.83Mo33.16V21.94,1245.6148681640625,995.7490234375,62.43531036376953,602.8096999999998,1090.0954305013022,200.57798369766718,0.18400038940207958,0.25214690641543713,0.6298956397274444,0.5334661610938372,0.0,0.0,36.61191186534779,10.260690911442786,0.0,0.0,34.62307920058935,0.0,0.0,0.0,22.90217585570599,0.0
247,768,6,Al19.24Co23.24Mo10.23Ni21.01Ti7.89V18.39,1081.959716796875,1083.042236328125,75.01292419433594,544.2025333333333,1259.1104614257813,178.51990825739327,0.14178256294943523,0.16073473589545673,0.6009545100650074,0.5333619221485573,32.29665837260263,39.007808891807485,0.0,0.0,0.0,0.0,17.164656997663606,0.0,35.26052362327238,13.247976128406755,30.866449194524908,0.0
248,723,6,Al20.05Cr23.50Cu9.54Mo7.80Nb12.60W26.52,1125.459228515625,1183.5125732421875,61.40076446533203,583.4811999999998,1311.892578125,174.16641295066742,0.13275966024565197,0.2792072115392442,0.6222552115766776,0.5332238542074158,30.49106312273216,0.0,35.741604232905175,14.504811294416806,0.0,0.0,11.861212560856233,19.16996986656044,0.0,0.0,0.0,40.32957568705804
249,901,5,Al31.73Co13.21Fe25.54Ni10.15V19.38,953.4725952148438,1032.01611328125,54.85233688354492,713.5563000000001,1164.4326741536458,204.34642888354063,0.17549011928239425,0.11685272841562255,0.6004438754729677,0.5332007999692447,30.697462333735132,12.779706402962995,0.0,0.0,24.709716494090518,0.0,0.0,0.0,9.82233829602243,0.0,18.74872173354626,0.0
250,325,6,Al22.39Cr27.76Cu4.61Fe14.70Mo18.32Nb12.22,1166.3192138671875,1092.762939453125,54.73701095581055,604.0633999999999,1209.954239908854,222.02366772700302,0.1834975740435672,0.09655351969886694,0.5983545044752988,0.5331694070246336,33.80059601583691,0.0,41.90853351245848,6.957199063135974,22.187199189902092,0.0,27.65855897065365,18.44068011379664,0.0,0.0,0.0,0.0
251,343,5,Cr34.64Cu4.95Nb18.56Ni15.81V26.04,1287.682373046875,1018.3757934570312,63.65483093261719,542.1151999999998,1180.8944539388021,205.58500104934132,0.17409261290340128,0.2270332847271781,0.6216098015842766,0.5326799914129906,0.0,0.0,35.34187852477011,5.044974135372224,0.0,0.0,0.0,18.936636033999648,16.129431951215388,0.0,26.559899172045895,0.0
252,316,5,Al24.49Cr29.83Cu4.28Mn14.76Ni26.65,895.1229248046875,1178.9107666015625,65.21855926513672,586.0274666666663,1246.170284016927,188.60829117689175,0.15135033598211672,0.14539823600846002,0.5995382309747529,0.5326209997775317,34.9297265044789,0.0,42.55095077098454,6.101899516830646,0.0,21.052291313226863,0.0,0.0,38.012263136419946,0.0,0.0,0.0
253,903,6,Al21.04Co23.61Cu6.93Fe6.21Ni18.32Ti23.89,974.1326293945312,1013.692626953125,71.48993682861328,571.9977999999999,1172.403759765625,231.80241663033775,0.1977155179685515,0.02717534454470827,0.5874272709657958,0.5325633225647163,33.67524510207043,37.78461164696518,0.0,11.08579413721619,9.936949262316674,0.0,0.0,0.0,29.31551265958586,38.231830315998636,0.0,0.0
254,28,6,Al26.08Cu21.80Fe8.37Mn8.89Nb9.66Ti25.21,1105.2171630859375,1041.29296875,47.15940475463867,731.2875333333332,1388.0828125,195.91924716270344,0.1411437742751414,0.15718666609307363,0.5988035487202772,0.5320802719328771,31.686131122880866,0.0,0.0,26.478609002222818,10.162969737943124,10.794600690863277,0.0,11.737909096172132,0.0,30.62120533462521,0.0,0.0
255,41,6,Al24.67Cr13.77Cu16.30Fe11.67Ti18.59W15.01,1248.7169189453125,939.9373168945312,50.948917388916016,671.7787333333332,1519.1570068359374,213.93800412578608,0.14082678957020436,0.17548752612834362,0.6022833279122474,0.5319791252940276,44.482429076189085,0.0,24.820225049138294,29.386130468013963,21.03462978067851,0.0,0.0,0.0,0.0,33.5106835610301,0.0,27.07196606839295
256,890,5,Al22.26Cu18.21Fe15.80Ni28.00Ti15.73,1134.6248779296875,945.205810546875,54.1575927734375,620.6692999999996,1371.466357421875,239.48004141438096,0.174616052459765,0.025971925761501535,0.5807585897534282,0.5319101914861867,33.566334995958385,0.0,0.0,27.459772112146066,23.828309978844437,0.0,0.0,0.0,42.21614288807801,23.723669774449302,0.0,0.0
257,670,5,Co7.87Cr31.63Cu9.12Mo32.19V19.20,1291.3111572265625,935.423095703125,62.81446075439453,597.4844999999999,1124.2514282226562,210.60760761598462,0.18733141211031143,0.2540897234882733,0.6294069879873743,0.5317561902621417,0.0,8.929538458540637,35.87920803814681,10.34274141436431,0.0,0.0,36.51624804415812,0.0,0.0,0.0,21.783105597143358,0.0
258,499,6,Co13.56Cr25.32Mn17.15Nb12.92Ni11.34V19.71,1184.67919921875,1026.18310546875,62.825687408447266,565.2194,1213.8915608723958,234.85426747794995,0.19347219722753953,0.1627762623733483,0.6124031967559614,0.531479894974407,0.0,17.449062008714193,32.57033739288074,0.0,0.0,22.060826691632325,0.0,16.621446805120662,14.589414046138128,0.0,25.361882878284444,0.0
259,820,5,Al24.15Co23.79Cr27.34Cu12.65Mo12.06,961.3619995117188,928.7345581054688,67.03245544433594,660.1990666666666,1106.9087198893228,249.29398120587928,0.2252163857113761,0.10114305032460513,0.6078900035286562,0.5313572970358911,35.44616649046617,34.91905177508951,40.134115195748734,18.571406983156642,0.0,0.0,17.705844443575,0.0,0.0,0.0,0.0,0.0
260,627,4,Al25.51Co26.72Cr22.51Mo25.26,952.6397705078125,899.365478515625,63.2340202331543,691.8622666666666,1040.2744710286458,206.3077938265834,0.19832053902330393,0.15398494664871465,0.6116420291138585,0.5312649050282895,38.16062661043698,39.95840804824243,33.66964565990074,0.0,0.0,0.0,37.78045521547522,0.0,0.0,0.0,0.0,0.0
261,692,6,Co15.36Cr34.10Cu4.71Mo17.69Nb10.20V17.94,1318.6683349609375,1047.811279296875,56.07347106933594,584.1497999999999,1153.8000732421874,227.26517070494788,0.19697101428181654,0.16776216387398812,0.6138159550564652,0.5310207687112135,0.0,16.546155266991498,36.73325163170153,5.078428108123297,0.0,0.0,19.055996527595514,10.993642877076766,0.0,0.0,19.324580861461005,0.0
262,305,6,Al17.86Co22.29Cr22.32Fe10.30Mo16.36Nb10.87,1159.0433349609375,1150.8985595703125,57.655513763427734,564.1748,1148.6138631184897,253.29575191581426,0.22052297995787343,0.07599417106158679,0.6012815575049145,0.5309519783031288,33.21701585442295,41.465824812933896,41.50637840068456,0.0,19.158266761458894,0.0,30.437532714306517,20.214020053242,0.0,0.0,0.0,0.0
263,756,6,Al21.11Cr23.26Cu10.47Mo19.31Nb12.37Ti13.47,1173.6375732421875,867.6956176757812,55.05034255981445,628.4703999999998,1202.5651529947916,205.71790261983702,0.17106591032305424,0.057323252053971374,0.584193719433065,0.5299625914415071,31.578664152276627,0.0,34.79048087449722,15.663014726839155,0.0,0.0,28.873926510818983,18.5065886671414,0.0,20.14776988338252,0.0,0.0
264,580,5,Al23.76Co29.81Cr26.89Fe4.70W14.83,841.8496704101562,1134.6624755859375,68.82141876220703,630.3892666666665,1143.5279744466145,252.69776276309588,0.22098083161051085,0.09073153130521294,0.6028063324524794,0.5294148182888091,31.545461999575632,39.57853267729821,35.70420951677996,0.0,6.234089062882365,0.0,0.0,0.0,0.0,0.0,0.0,19.692889910927434
265,824,4,Cr51.09Mo10.67Nb24.82Ti13.43,978.1830444335938,1025.4039306640625,61.46307373046875,581.9125999999998,1156.6914428710938,183.50446941767146,0.15864599893830278,0.06815077443952289,0.5826035235316008,0.5293118689091206,0.0,0.0,38.83744876293405,0.0,0.0,0.0,8.112120689581424,18.86559530533692,0.0,10.20686943972814,0.0,0.0
266,599,6,Al23.50Co23.88Fe23.16Mo8.83Nb11.16Ti9.47,1135.525146484375,1187.376708984375,59.42604446411133,576.9131999999998,1040.607596842448,204.6052289202504,0.1966209256410305,0.17687416537110812,0.6137550501311158,0.5292249856466364,33.521518270859126,34.06128137843408,0.0,0.0,33.028864462702266,0.0,12.595421861108994,15.920410338995767,0.0,13.505286207295867,0.0,0.0
267,709,6,Cr29.00Fe16.38Mo21.82Nb16.03Ti9.64W7.12,1203.593994140625,1084.2872314453125,57.570823669433594,518.7894999999999,1120.7979817708333,182.58914551478594,0.16290995209172268,0.06801004174744074,0.5835458048371795,0.5292163084647608,0.0,0.0,37.67273961423849,0.0,21.283523293661865,0.0,28.350641470316013,20.82192251057493,0.0,12.528421499685571,0.0,9.25113849982208
268,285,4,Al30.09Co31.93Fe5.17W32.81,732.5031127929688,1116.0966796875,63.31455612182617,735.8671999999998,1136.0777384440105,214.2031511583693,0.18854620939210132,0.21989480341667156,0.6200736485707707,0.5289581355394111,35.52768058694854,37.69091691434919,0.0,0.0,6.103945799050475,0.0,0.0,0.0,0.0,0.0,0.0,38.73330281453942
269,52,6,Co31.03Fe10.46Nb21.08Ni7.65V21.17W8.60,1019.5486450195312,1197.6334228515625,63.96402359008789,560.491,1079.493408203125,230.56366961176235,0.21358506486440526,0.14181063220955115,0.6104658432378557,0.5287074505798441,0.0,37.685490884116476,0.0,0.0,12.706831086657992,0.0,0.0,25.595337864214223,9.291442818693337,0.0,25.70677637013376,10.447980182857332
270,160,6,Cr29.17Cu5.78Fe16.27Mo21.95Nb17.14Ti9.69,1199.4425048828125,1044.8377685546875,58.022361755371094,521.6194999999999,1116.6086669921874,180.4891805843838,0.1616404976244436,0.06212683289819321,0.5813585514458343,0.5285230604600847,0.0,0.0,32.34100964230036,6.411526851673613,18.042281817754105,0.0,24.339613049007518,19.010608107254324,0.0,10.740467603274665,0.0,0.0
271,561,6,Cr28.61Cu11.74Mo12.77Nb22.29Ni10.75Ti13.83,1090.046630859375,815.702392578125,62.264705657958984,621.3567999999996,1144.4243123372396,188.4538168235022,0.16467128039129644,0.11638474300894464,0.5928881443311688,0.5284433756315556,0.0,0.0,24.119449008545242,9.89929624997796,0.0,0.0,10.768650025238086,18.790992384859972,9.062023809749054,11.655275596576516,0.0,0.0
272,231,6,Al18.38Co21.40Cr24.43Cu3.29Nb13.25W19.26,1023.8677368164062,1291.8182373046875,62.527408599853516,543.9867333333332,1270.9115681966146,225.87642767087777,0.17772788707194606,0.18621328683297533,0.6098865674174467,0.5282119382828652,32.204454575065334,37.4965837311861,42.815250272792554,5.762534601963792,0.0,0.0,0.0,23.216410969575758,0.0,0.0,0.0,33.75240086708087
273,908,5,Al23.01Cr23.80Fe9.68Mo13.61Ni29.90,1023.5084228515625,990.73681640625,61.508296966552734,557.0252999999996,1132.745703125,174.1101454103266,0.15370629518169385,0.05090774826643485,0.5765167176441834,0.527908594195473,31.914116939752915,0.0,33.00705923208221,0.0,13.431308833734155,0.0,18.872246690574126,0.0,41.469101647188324,0.0,0.0,0.0
274,940,4,Al32.68Fe36.13Ni14.80Ti16.39,1039.002197265625,922.3518676757812,49.54666519165039,734.0701,1196.3907104492187,217.73901281347617,0.18199657596114224,0.06522469281636789,0.5864479459086385,0.5279038633550793,28.24702549254214,0.0,0.0,0.0,31.229421186386137,0.0,0.0,0.0,12.788210173791388,14.17103288877481,0.0,0.0
275,693,6,Al26.17Cu6.74Mn15.72Mo6.35Nb15.79Ni29.24,956.1331787109375,1105.21533203125,63.194908142089844,656.5938333333331,1160.1809733072917,196.28968463836048,0.16918884997639946,0.26349790373037507,0.6224094515687477,0.5274126583285728,31.19623337799517,0.0,0.0,8.031041946715245,0.0,18.738637613355742,7.569981134399718,18.824374679347617,34.86553038181563,0.0,0.0,0.0
276,819,4,Al23.26Co27.86Cr25.71Fe23.17,865.473388671875,1135.825927734375,67.03484344482422,571.4207333333333,984.7667073567708,202.279748554071,0.20540880093013456,0.03277349154098075,0.5850704001197999,0.5271635015790702,34.963642985646786,41.88317360022834,38.6541806566418,0.0,34.82351021922399,0.0,0.0,0.0,0.0,0.0,0.0,0.0
277,451,5,Al25.59Co12.16Cu9.04Ni35.79V17.42,902.5360717773438,1036.0030517578125,73.39059448242188,590.919066666666,1166.1383748372396,151.23737686459873,0.1296907640876729,0.13368202921247918,0.586307196067203,0.527148099202789,30.99631050440148,14.727031271452347,0.0,10.944576073339725,0.0,0.0,0.0,0.0,43.346208568322254,0.0,21.097729598144678,0.0
278,634,6,Co10.55Cr30.05Cu10.76Fe11.47Mo25.11Nb12.06,1055.0634765625,1006.8242797851562,59.973445892333984,611.9640999999999,1091.389530436198,183.20237789837813,0.16786158634411424,0.13853347335827149,0.5965651417499388,0.5268930504922559,0.0,13.093595911982959,37.28902980504378,13.351500498571989,14.235522968748086,0.0,31.16470107781767,14.970447310140438,0.0,0.0,0.0,0.0
279,189,6,Al21.31Co20.34Cr21.86Cu3.43Fe22.43Nb10.63,1065.1597900390625,1303.432373046875,57.67646789550781,514.3159999999999,1235.16328125,236.26511898432327,0.19128249889781385,0.06161155239707705,0.5867730004685077,0.5266300652646387,36.92115678560454,35.24261854656746,37.870080801277645,5.936345993063705,38.86150180441287,0.0,0.0,18.414434971025898,0.0,0.0,0.0,0.0
280,25,6,Al23.29Co16.90Cu23.30Ni13.99V6.27W16.25,906.8024291992188,1004.8734130859375,64.73564910888672,642.6145999999999,1462.7634806315104,209.90173077595526,0.14349669892314756,0.19827209966288106,0.6021202533784575,0.5265916587150944,44.84901537620982,32.52925982811706,0.0,44.867390708285214,0.0,0.0,0.0,0.0,26.933663709094684,0.0,12.064157200194256,31.289662655503093
281,458,6,Al25.42Cu9.33Fe24.67Ni14.99Ti7.76W17.84,1142.87451171875,1028.2998046875,57.68027114868164,613.177433333333,1286.7705444335938,221.49059009568944,0.17212904900087247,0.16681742523107534,0.6029376409519662,0.5265418936555329,31.822471262423427,0.0,0.0,11.67721404066734,30.881244271416907,0.0,0.0,0.0,18.76041371067302,9.712975580577233,0.0,22.33572362314717
282,622,6,Al21.16Cr20.95Mn12.65Nb13.29Ni19.61V12.35,1391.14794921875,1091.59619140625,54.52370071411133,551.6537666666663,1352.5513142903646,217.98457865120272,0.16116547767769643,0.22369616332832165,0.6112916945307407,0.5262610924456522,32.09720053477859,0.0,31.778545507869293,0.0,0.0,19.19063146053174,0.0,20.16437423768779,29.744295789943905,0.0,18.740450305378076,0.0
283,86,4,Al36.53Mo26.22Ni17.88W19.37,698.9513549804688,805.92529296875,65.19961547851562,723.5252666666667,1313.8266560872396,215.64551831296384,0.16413544154689821,0.05698823725030966,0.5785817296500918,0.5261502218133054,41.44784936296495,0.0,0.0,0.0,0.0,0.0,29.747824010138245,0.0,20.287219284034528,0.0,0.0,21.972779069096262
284,367,6,Cr28.50Cu10.64Mn16.90Mo7.97Ni10.80V25.19,1200.2115478515625,946.336181640625,69.69659423828125,589.9123999999997,1259.758426920573,209.87574012604938,0.16659998904637766,0.25845851204638015,0.6193939806005822,0.5260522809297117,0.0,0.0,30.720809026266185,11.468072534166229,0.0,18.21649278039938,8.596203669679483,0.0,11.641064673978814,0.0,27.15606097352413,0.0
285,865,6,Al22.43Cr21.89Cu13.09Nb5.00Ni23.59V14.00,1346.6448974609375,982.6613159179688,50.3400993347168,595.6311999999996,1331.7791829427083,197.47116046378946,0.1482762029869365,0.14563750223012217,0.5914056773109406,0.525209126118182,33.95844035393083,0.0,33.147886206102655,19.827042860057503,0.0,0.0,0.0,7.565168049046115,35.71379814638078,0.0,21.203251016612825,0.0
286,566,4,Cr30.34Cu10.16Nb31.65Ti27.85,1013.9359741210938,1009.247314453125,63.66518020629883,585.2699999999998,1087.8776204427083,201.96412333062833,0.18564967192581797,0.12340080118961128,0.5961863796926256,0.5250938014732488,0.0,0.0,32.847398132558006,11.004119312157314,0.0,0.0,0.0,34.27545234483033,0.0,30.151473077578494,0.0,0.0
287,884,4,Al29.25Cr28.04Cu7.41Mn35.30,872.9243774414062,1152.7113037109375,60.37416458129883,657.0722999999998,1293.0605061848958,228.0512739474821,0.17636550869559453,0.17557661522880186,0.6042827606787184,0.5250760604590594,35.78902769902179,0.0,34.30773499203602,9.071516356694596,0.0,43.18759880043959,0.0,0.0,0.0,0.0,0.0,0.0
288,472,6,Al22.88Co7.12Cr24.89Ni4.73V15.20W25.18,1147.71142578125,1148.272216796875,56.41895294189453,614.4844333333332,1421.0842000325522,216.29253745022427,0.15220247853383337,0.24749880537923585,0.6124899202387953,0.5249395395294898,31.24449011266938,9.719149734154811,33.98931299912363,0.0,0.0,0.0,0.0,0.0,6.465506828319807,0.0,20.761305139997855,34.39440024810702
289,517,6,Al17.87Co12.94Cr21.66Ti22.73V14.29W10.50,1292.900146484375,1071.0299072265625,52.88228988647461,572.8905333333332,1450.4184244791666,210.79328594241548,0.1453327414936208,0.17313133455561414,0.5956079642175404,0.5246485119330123,29.3133697803031,21.21637529385625,35.52869919751819,0.0,0.0,0.0,0.0,0.0,0.0,37.28031968960036,23.439757224458706,17.21464301926167
290,741,6,Al25.54Co18.56Cu11.95Mn15.31Mo5.53W23.12,864.1357421875,1185.464599609375,65.65869140625,655.9008666666666,1414.7907958984374,197.90636813174387,0.13988383915522082,0.30743002368853034,0.6210087364297362,0.524551771903225,28.54002517081329,20.741017307468866,0.0,13.34988549271409,0.0,17.112324831033156,6.176221319009116,0.0,0.0,0.0,0.0,25.833877094004595
291,448,5,Al21.91Co12.87Cr23.67Fe13.97Mo27.58,987.9957275390625,999.9847412109375,61.16469955444336,604.0243999999999,1231.3930582682292,218.12758409852702,0.17713887749642745,0.10059339046023719,0.5879596938000836,0.5235562963339293,29.423532987834243,17.282470535589127,31.795315740666165,0.0,18.76174967047151,0.0,37.03966266622274,0.0,0.0,0.0,0.0,0.0
292,990,5,Al25.80Fe19.48Nb15.94Ti29.39W9.39,1187.4757080078125,1065.6072998046875,52.72568130493164,644.313133333333,1332.6614786783855,227.9623302258247,0.171057942225431,0.19282597197768914,0.6047653012299012,0.5234356212780057,32.20571727820786,0.0,0.0,0.0,24.318065700008056,0.0,0.0,19.903177205940136,0.0,36.6848774816576,0.0,11.725461534609572
293,389,5,Al21.54Co14.72Cr22.27Nb11.90Ti29.57,1104.828369140625,1184.9935302734375,52.30832290649414,590.8840333333333,1249.685184733073,180.20799042935604,0.14420271011522606,0.12816841920732613,0.5850956899871725,0.5234113286169008,32.64784527493468,22.313852803794656,33.76304071513669,0.0,0.0,0.0,0.0,18.032816035997037,0.0,44.82681464062069,0.0,0.0
294,589,4,Cr29.90Mo21.84Nb17.52W30.73,964.3507080078125,991.376708984375,63.938777923583984,590.7914999999999,992.8823282877604,164.0281719045347,0.16520404002698244,0.12674548931943774,0.590031362464345,0.5233812545937119,0.0,0.0,33.68401975236488,0.0,0.0,0.0,24.610279623974026,19.74427450885114,0.0,0.0,0.0,34.62559134095624
295,314,4,Co40.28Cr42.99Mo6.16Ti10.56,870.6178588867188,1152.2374267578125,65.11358642578125,572.0316,1038.4368123372396,155.2208318867498,0.14947547124931926,0.13620381168618012,0.5878908969883037,0.5232812668387378,0.0,42.1082589897473,44.94461428839113,0.0,0.0,0.0,6.440546379012716,0.0,0.0,11.043541066366815,0.0,0.0
296,301,5,Al31.14Cu6.43Fe32.87Ti13.02V16.53,1122.8603515625,955.906005859375,49.81096267700195,700.1940000000001,1242.3632649739584,208.32644132749004,0.16768560951603542,0.13075674727077402,0.5913166648159799,0.5232439129828163,38.59130284415734,0.0,0.0,7.972025610631167,40.728061241596016,0.0,0.0,0.0,0.0,16.137637809339402,20.48572579299298,0.0
297,429,6,Al21.58Co9.08Cr22.55Fe25.82Mn4.50V16.47,1251.254638671875,1108.2362060546875,54.465389251708984,538.1012333333333,1283.849971516927,181.13925307367927,0.1410906703215914,0.14595327122152912,0.5875638482020901,0.5231005263773865,30.33594106100242,12.762677199327857,31.704560792938743,0.0,36.29153401162657,6.332777083036014,0.0,0.0,0.0,0.0,23.14897036365544,0.0
298,577,5,Al23.12Co20.89Cr23.47Mo23.17Nb9.35,1012.0758056640625,1176.34814453125,58.839237213134766,620.3666666666666,1045.4801717122396,232.19966009609894,0.2220985786041384,0.14614631285414437,0.6077815497261175,0.523027642504254,33.718736776545924,30.470414896337687,34.22691961958877,0.0,0.0,0.0,33.79289660416809,13.641445928924975,0.0,0.0,0.0,0.0
299,681,6,Al19.22Co11.10Cr21.44Cu6.87Mo13.69Ti27.68,1107.53759765625,807.4069213867188,57.40468978881836,603.6133333333331,1357.3952962239584,168.49764238793406,0.12413306783710366,0.07191513798135885,0.5683281133002811,0.5229118187447335,31.24485499015095,18.045432063579536,34.84639994816019,11.166571854144326,0.0,0.0,22.258963949115365,0.0,0.0,44.993068689834104,0.0,0.0
300,105,6,Al23.69Co20.37Cr18.27Fe9.93Ni5.69Ti22.05,1068.695556640625,1201.772705078125,49.9124641418457,608.7528333333332,1257.3293090820312,226.88670063458034,0.1804512938620901,0.053773440547443485,0.5784144016812149,0.5225468901062038,44.37900570292343,38.147840620682075,34.213943902139164,0.0,18.59936056045093,0.0,0.0,0.0,10.65759574628667,41.300947668299116,0.0,0.0
301,47,4,Al37.21Cr10.65Cu19.85V32.29,1151.810302734375,974.2342529296875,51.65995407104492,723.6563333333332,1369.9708374023437,201.17430001477376,0.14684568059582084,0.2722997520088778,0.6136190447893428,0.522447674238612,35.02719062462939,0.0,10.0220056440574,18.691482393773448,0.0,0.0,0.0,0.0,0.0,0.0,30.39929666901984,0.0
302,290,6,Al22.44Cu5.84Fe9.07Nb17.57Ni29.59V15.49,1182.607421875,970.3117065429688,65.59637451171875,548.7141999999993,1151.8076904296875,180.69640957775815,0.15688071114575428,0.2158474026433812,0.6046204753797467,0.5222308170646319,28.44414681153894,0.0,0.0,7.3978594248496625,11.499396151038217,0.0,0.0,22.262393096391897,37.50265302386917,0.0,19.635128434380192,0.0
303,858,4,Co33.96Cr35.92Fe14.44V15.68,980.3651123046875,1130.306396484375,73.6850814819336,562.525,1047.2197916666667,215.99351537602357,0.20625423344250066,0.12179431185474099,0.5980384499441213,0.5221160292125478,0.0,38.45954185582612,40.68294121595245,0.0,16.35038942103124,0.0,0.0,0.0,0.0,0.0,17.761153634037367,0.0
304,704,4,Al31.54Cu41.77Nb18.33Ni8.37,911.3255615234375,1026.1988525390625,57.18461227416992,730.5757999999997,1346.6825927734376,178.77848591916995,0.13275473142560118,0.27182980436156756,0.6092651081754055,0.5217104644466917,33.91621979176078,0.0,0.0,44.921723461339155,0.0,0.0,0.0,19.711037674168168,8.999979248956027,0.0,0.0,0.0
305,89,6,Al12.36Co26.77Cr10.95Nb11.25Ni18.79V19.88,1161.8438720703125,1154.4012451171875,66.47392272949219,476.64560000000006,1069.2062255859375,221.26512622662693,0.20694335754112453,0.11405717601629517,0.5962430925740559,0.5216958179855158,19.5043650280817,42.24758516689699,17.287118505907056,0.0,0.0,0.0,0.0,17.7625440877705,29.663605877118442,0.0,31.377592816922675,0.0
306,605,4,Al29.49Nb14.31V17.36W38.84,1065.2935791015625,1169.02734375,52.71181869506836,704.9627333333332,1463.015275065104,178.34318266814944,0.12190110773806731,0.34357548860538745,0.6204067833412779,0.5212164086856835,34.16012332436069,0.0,0.0,0.0,0.0,0.0,0.0,16.570911414370705,0.0,0.0,20.111344419381435,44.98980468826641
307,621,5,Al23.21Cr28.14Cu10.66Ni26.72W11.26,898.1244506835938,1042.5439453125,67.81566619873047,586.6830666666665,1222.8300374348958,180.00651071851988,0.14720484875896217,0.13525062100037621,0.5848663581686718,0.5210150217788561,29.189483915513726,0.0,35.39119822001737,13.406172554996466,0.0,0.0,0.0,0.0,33.60080141992706,0.0,0.0,14.165130074599324
308,80,4,Al19.00Cr39.29Cu27.08Ni14.63,939.4064331054688,1013.8875122070312,62.040584564208984,615.3001999999996,1405.15478515625,213.06245984032836,0.15162917430241415,0.1557157831890721,0.5900570480443728,0.5210065978309548,9.948139481034238,0.0,20.573049455899202,14.182340766064101,0.0,0.0,0.0,0.0,7.660882596592113,0.0,0.0,0.0
309,689,5,Al30.66Cu12.11Nb16.35Ni35.30W5.58,877.7777709960938,1136.95947265625,60.352577209472656,676.6071999999994,1114.4511881510416,224.60118950176448,0.20153524164157854,0.19618099059876637,0.6101956601963965,0.5205756516662485,28.678319776060405,0.0,0.0,11.323643879564282,0.0,0.0,0.0,15.293985526334462,33.0145675670629,0.0,0.0,5.223639708267083
310,317,4,Cr35.19Nb15.53Ti16.42W32.87,973.2176513671875,1076.666259765625,58.414363861083984,568.7004,1015.2137939453125,154.1599547259853,0.15184974400996917,0.05993427539889429,0.570468142490363,0.520518851408092,0.0,0.0,39.6589150620159,0.0,0.0,0.0,0.0,17.507276956398332,0.0,18.50286626549902,0.0,37.0441732208606
311,608,6,Cr31.65Nb11.50Ni22.36Ti5.24V21.64W7.62,1358.533935546875,1075.2779541015625,55.975616455078125,514.2725999999997,1210.3671061197917,200.6932177134909,0.16581185716197744,0.18083557425991337,0.5970737138408434,0.5194536346983664,0.0,0.0,36.11858782274979,0.0,0.0,0.0,0.0,13.11911294260495,25.513335312301123,5.976115286403051,24.69084619087363,8.690821919059434
312,212,6,Co29.18Cr28.50Fe9.22Mo8.21Nb15.04Ti9.85,956.3717651367188,1060.4390869140625,70.77143859863281,552.213,1068.1453206380208,186.98001684833994,0.17505110328682028,0.09957625617622523,0.5829365704509502,0.519258543394,0.0,40.67111154562997,39.72898662244475,0.0,12.846863410659427,0.0,11.446833318515955,20.967262956041168,0.0,13.728190975914549,0.0,0.0
313,192,5,Al23.79Co22.44Mo19.64Nb15.63V18.50,1123.0408935546875,1025.4189453125,59.01469802856445,634.8496333333331,1087.8629150390625,227.95336593801412,0.20954236309253071,0.20678760193568602,0.6129767135262363,0.5192336023659664,35.884789113566946,33.85209781777148,0.0,0.0,0.0,0.0,29.626228776129803,23.583986708930254,0.0,0.0,27.91725871594565,0.0
314,832,6,Al21.10Cu21.84Mo10.91Nb9.54Ni22.04W14.57,1077.855712890625,1081.73193359375,57.06468963623047,619.2366666666666,1399.903458658854,180.05925907665616,0.1286226260553409,0.240597376565429,0.5991276767411958,0.5188525449142748,38.990463192666766,0.0,0.0,40.35403162263285,0.0,0.0,20.161516349525144,17.629619637217868,40.721657972097795,0.0,0.0,26.928300985538748
315,34,5,Al30.42Co13.47Cu15.21Mn14.54Ni26.36,634.7975463867188,1063.0103759765625,65.59358978271484,716.7074333333328,1187.313859049479,207.90455882993334,0.17510497097740801,0.16547111031537964,0.5956670464100151,0.5187965816025872,39.861007911035145,17.649845452767554,0.0,19.92831374463245,0.0,19.048173605954148,0.0,0.0,34.54684519897005,0.0,0.0,0.0
316,15,4,Al36.10Cu35.18Fe6.35Ni22.37,714.4521484375,1024.0989990234375,61.10664367675781,723.0381999999997,1297.1416341145834,225.35395179104924,0.17373118390797293,0.1564877406516082,0.5934590212386263,0.5187286771313114,34.23102620901817,0.0,0.0,33.35934408328022,6.021979792421721,0.0,0.0,0.0,21.212743432177795,0.0,0.0,0.0
317,496,5,Al20.47Cr23.44Cu28.17Nb12.92V14.99,1337.316162109375,1044.4853515625,48.204158782958984,651.3489999999998,1326.8279378255208,204.53527041266852,0.1541535752916631,0.25616544904411553,0.6084580437074881,0.5186865600757492,30.55791831825165,0.0,34.99564680944501,42.04882438311314,0.0,0.0,0.0,19.292693014520857,0.0,0.0,22.378612720098683,0.0
318,699,6,Al19.54Cr20.38Cu8.37Ni11.07Ti26.26V14.38,1302.2320556640625,831.7977294921875,54.56792449951172,585.7327333333332,1415.3809244791667,170.22478722785604,0.12026782633833753,0.1641711533316359,0.5815478463108261,0.5186466590599146,31.864773088252214,0.0,33.23280960023358,13.644426252763507,0.0,0.0,0.0,0.0,18.056593840941886,42.832499995585344,23.452440818141632,0.0
319,331,4,Al33.78Mo41.44Nb15.02Ni9.77,816.471435546875,841.7652587890625,54.755306243896484,734.9164666666666,1265.4518513997396,183.06761840457446,0.14466581103190929,0.05809914491438939,0.5663202710988007,0.5185339893579455,32.56020667003923,0.0,0.0,0.0,0.0,0.0,39.93988367117902,14.473294983945843,9.415618364403695,0.0,0.0,0.0
320,611,5,Co39.45Cu13.64Mo17.22Nb19.13Ni10.56,924.694580078125,912.6669311523438,65.84844207763672,640.7307999999999,1144.8402506510417,144.8344486276544,0.12651061887917614,0.21951838957447478,0.5936785088547963,0.5181471762201074,0.0,36.348625768281195,0.0,12.567939817513341,0.0,0.0,15.864000559133046,17.631287062052326,9.730119521197402,0.0,0.0,0.0
321,748,5,Al34.12Cu9.48Mn13.67Nb19.18W23.56,893.1602783203125,1110.2724609375,58.89583206176758,697.8272,1332.829239908854,189.50877144457687,0.14218533460260557,0.2884279709460785,0.6111895125562101,0.517957584716343,33.91855281229119,0.0,0.0,9.419825454745647,0.0,13.587814363615056,0.0,19.064519453985096,0.0,0.0,0.0,23.417665660101232
322,645,6,Al19.42Cr22.68Cu7.03Nb11.14Ni11.78Ti27.95,1218.8380126953125,1034.5982666015625,51.01055908203125,576.0497999999998,1321.7587849934896,167.61538293663597,0.12681238425622537,0.12468836911696402,0.5742028583714252,0.517562088483976,30.664545559323354,0.0,35.8110658115346,11.092888191756003,0.0,0.0,0.0,17.58844383112734,18.601865284838333,44.12116192193243,0.0,0.0
323,792,5,Co12.47Cr31.99Nb32.12Ti8.15W15.28,933.8941040039062,1086.82763671875,66.89765167236328,578.2335999999999,1204.4270426432292,238.01491725134832,0.19761671635087338,0.12645711866765974,0.5920274430865589,0.5173318402653085,0.0,16.48403069180932,42.299627463030376,0.0,0.0,0.0,0.0,42.4606449480289,0.0,10.76935861250008,0.0,20.19907234057036
324,208,5,Al25.31Co24.26Mn21.50Ni8.04V20.89,843.7128295898438,1110.410888671875,69.84575653076172,638.4948333333332,1193.3970662434897,209.55102876653373,0.17559204282791396,0.2118158397620078,0.6032802651515573,0.5170190864921772,34.82528699129623,33.38354730827194,0.0,0.0,0.0,29.585424726377678,0.0,0.0,11.060532334441406,0.0,28.73793990289823,0.0
325,544,6,Al33.47Mo13.41Ni8.58Ti8.84V27.57W8.12,875.4529418945312,890.3333129882812,56.002437591552734,734.2891333333332,1433.077726236979,207.94787805414978,0.14510579171458196,0.16168935080449875,0.5852602381446843,0.5166459200551391,30.308767273774922,0.0,0.0,0.0,0.0,0.0,12.139908640986448,0.0,7.772265245309278,8.008362556301238,24.963051581074886,7.353083405829761
326,284,6,Al17.76Co19.73Cr24.00Ni7.57Ti20.88V10.05,1179.4327392578125,1045.21728515625,57.024192810058594,552.3319333333334,1301.7570393880208,215.33467830489698,0.16541848577683102,0.13905357378750516,0.5855194044253655,0.5163540682236567,30.194926612611614,33.547730068061945,40.8160292728766,0.0,0.0,0.0,0.0,0.0,12.878228747303478,35.501894808428744,17.09384453352113,0.0
327,775,6,Al24.35Cr25.81Cu7.48Fe14.41Mn18.82W9.12,766.7794189453125,1125.830810546875,60.24142074584961,608.8699,1413.1258626302083,223.6756708690995,0.15828432327519557,0.05923897786004251,0.5677614546894442,0.5163425782986367,33.45918951413557,0.0,35.45953564533884,10.28006370919087,19.7986640438978,25.860375341300855,0.0,0.0,0.0,0.0,0.0,12.532492138563345
328,201,6,Co22.96Cr27.23Fe20.03Mo6.71Ni4.58V18.50,1126.1834716796875,1110.55126953125,71.08183288574219,484.2441999999999,1002.5161295572917,190.37448438686138,0.1898966797381407,0.12592504431692775,0.5888391378691034,0.5161799590711826,0.0,30.911818337820733,36.66701574724484,0.0,26.972416709363745,0.0,9.03610951855521,0.0,6.167991885203023,0.0,24.905989151073765,0.0
329,801,4,Al5.93Cr34.04Nb33.50Ti26.53,1018.0380249023438,998.5001831054688,64.6296615600586,570.5849999999999,1038.9457682291666,215.60078291739975,0.20751880368585648,0.11808993391663969,0.5916288156367153,0.5161311279319233,6.623252485318524,0.0,38.02717609972612,0.0,0.0,0.0,0.0,37.42274120458518,0.0,29.633015986580492,0.0,0.0
330,166,6,Cr33.54Cu6.86Nb12.45Ni25.21Ti5.68V16.26,1316.4718017578125,1004.1749267578125,55.47032928466797,523.2881999999996,1091.005721028646,175.28491966051584,0.16066361182345576,0.13935617628325137,0.5841230540009448,0.5160859157884305,0.0,0.0,41.776528429756034,8.539759705202439,0.0,0.0,0.0,15.51439702604662,31.40781693403657,7.077219083141298,20.259005360170033,0.0
331,360,6,Al18.49Cr21.42Fe10.98Mo20.32Nb9.52W19.27,1228.281494140625,1133.5679931640625,49.40574264526367,585.9013999999997,1300.322355143229,170.07664243690692,0.13079575365615642,0.17708863731740787,0.5837575332190517,0.5156408673415309,30.477515972270332,0.0,35.299051711020496,0.0,18.10411009474819,0.0,33.48462775550196,15.69549914437171,0.0,0.0,0.0,31.756121026548293
332,581,5,Co22.33Cu14.00Nb18.76Ni18.38V26.53,1075.0430908203125,1089.716552734375,70.32543182373047,533.9433999999999,1031.2763102213542,215.5417698801496,0.20900486876682495,0.15047863915322424,0.5969843598620252,0.5146374148396742,0.0,20.644508504146785,0.0,12.939059809395953,0.0,0.0,0.0,17.34628872422857,16.99116625735021,0.0,24.524888611984323,0.0
333,974,5,Al22.28Cu21.70Nb12.08Ti27.56V16.37,1123.116455078125,1044.3673095703125,45.21370315551758,681.132933333333,1411.7228434244792,171.98020604484122,0.12182292497843356,0.1539669009140875,0.5757178704335543,0.5144687590061283,31.054061498239697,0.0,0.0,30.248124573675767,0.0,0.0,0.0,16.842610117414146,0.0,38.41438184216418,22.810018325251246,0.0
334,381,4,Al30.36Fe33.48Mo17.01Ni19.15,707.7505493164062,851.9237060546875,61.576480865478516,754.6854999999999,1066.9619506835938,190.93990383029583,0.17895661950078182,0.1367505427246184,0.5864550516991449,0.5143657882790258,31.107720431261797,0.0,0.0,0.0,34.29971101522713,0.0,17.431853120130803,0.0,19.620194554748878,0.0,0.0,0.0
335,299,6,Al18.34Co23.12Cr21.95Mn6.91Mo18.47V11.22,1299.011474609375,949.6989135742188,56.77876663208008,580.4729,1155.6750447591146,232.3646027205299,0.2010639615126095,0.18452951285365404,0.6014375487954087,0.5142656558465255,35.0389592797453,44.1562570626803,41.93399139752481,0.0,0.0,13.19430074694117,35.273256487115354,0.0,0.0,0.0,21.42611914766594,0.0
336,10,5,Co39.31Mn42.79Mo5.59Ti5.91V6.40,910.0614013671875,1118.648193359375,60.70952224731445,550.676,1112.9646036783854,158.15367508663925,0.14210126230783623,0.09659148969085973,0.5687734790823267,0.5139298655671957,0.0,40.22652787235552,0.0,0.0,0.0,43.78148443151463,5.7184750245927845,0.0,0.0,6.051080383844866,6.5490079984473155,0.0
337,340,4,Al29.53Co32.21Mn30.47Mo7.78,700.4961547851562,1130.54541015625,65.91600036621094,708.0193666666667,1118.3578857421876,227.5500979078164,0.20346804972614374,0.22528373232496657,0.6097366591952065,0.5138129002986772,39.58399168257354,43.16924954680118,0.0,0.0,0.0,40.84358818879957,10.428549525753041,0.0,0.0,0.0,0.0,0.0
338,209,6,Al25.64Fe22.78Nb13.29Ni3.54V15.22W19.54,1260.0736083984375,1113.69921875,51.4507942199707,625.3771999999997,1249.5772705078125,215.171822585232,0.1721956918260756,0.26083691676644305,0.6087644346096072,0.5135481282997997,36.68991650152085,0.0,0.0,0.0,32.603776325632545,0.0,0.0,19.01294412356,5.061157695474378,0.0,21.77456106423468,27.959992955015885
339,914,5,Al27.87Nb14.83Ni5.16Ti24.15W27.98,1005.667724609375,1113.0517578125,52.10853958129883,736.1505999999997,1276.7668986002604,240.32524528573833,0.18822953943214746,0.2689686634431888,0.6142082366471597,0.5133571191004851,32.891342288426166,0.0,0.0,0.0,0.0,0.0,0.0,17.50497830571907,6.0891898678781295,28.498229679404915,0.0,33.01943645168663
340,550,4,Al25.90Nb13.62Ni27.63Ti32.85,1094.005859375,896.4215087890625,56.41980743408203,664.240833333333,1076.2387776692708,205.23579599861307,0.1906972692835662,0.16863367633557214,0.5942834020902514,0.5128823495022454,32.32190319270882,0.0,0.0,0.0,0.0,0.0,0.0,16.999088861702628,34.48416300941847,40.99082718721294,0.0,0.0
341,112,6,Al22.79Co25.66Cu3.03Fe11.99Mo19.50Nb17.03,974.1862182617188,870.17529296875,63.61857986450195,639.2078999999999,1087.2710367838542,219.28174873323104,0.201680851705446,0.1536894744677122,0.5940333735928873,0.5128752657729835,38.432052380121945,43.27027391081018,0.0,5.113411856813907,20.215898364517244,0.0,32.889905826268695,28.722110852988624,0.0,0.0,0.0,0.0
342,368,5,Co12.77Cr30.18Mo12.27Nb16.50W28.28,888.1293334960938,1052.119873046875,70.13201141357422,585.1983999999998,1103.346280924479,149.65060111309927,0.13563339424836693,0.18593783181493517,0.5839452363783245,0.5128493214532458,0.0,13.889841072139713,32.82707235631266,0.0,0.0,0.0,13.349554567098313,17.946528036789918,0.0,0.0,0.0,30.76261646684276
343,49,6,Al21.36Fe4.18Mn14.52Nb23.92Ni11.97V24.05,1134.1455078125,1070.6434326171875,55.836788177490234,599.9111999999998,1422.6789469401042,211.63958488066277,0.1487613107200728,0.22067740591088292,0.5941308886229583,0.5128050797607635,39.54478958504752,0.0,0.0,0.0,7.733290689341539,26.887655240314835,0.0,44.27416252585526,22.16338646895709,0.0,44.526067828476236,0.0
344,983,6,Al20.05Cr20.43Nb11.84Ni23.82Ti12.34W11.51,1270.6234130859375,1019.0848999023438,54.6578483581543,542.4612666666663,1367.5754069010416,204.04877489189147,0.14920477061975754,0.1679792687095505,0.5827225292902272,0.5118254828933777,31.762002223971567,0.0,32.375086326510505,0.0,0.0,0.0,0.0,18.765319483370025,37.734317091123195,19.558229659350378,0.0,18.235565904147208
345,43,5,Co31.01Fe11.06Mo29.99V16.42W11.52,1007.5330200195312,1006.8063354492188,61.30850601196289,584.3845,1174.5986206054688,167.3377835100056,0.14246380046296003,0.1898528466852265,0.5850686523631496,0.5114821329103643,0.0,34.86192711205257,0.0,0.0,12.4357187610166,0.0,33.71070099049833,0.0,0.0,0.0,18.45871009032122,12.949088866888289
346,483,5,Al39.38Cu13.85Fe21.57Mn15.58W9.62,777.5228271484375,1121.255615234375,54.350521087646484,688.6744,1410.6454833984376,214.78030556563223,0.1522567562816684,0.12097269209146766,0.5737122315349412,0.5114535040462306,32.287353644318735,0.0,0.0,11.357378271594342,17.68228425646205,12.776251273877403,0.0,0.0,0.0,0.0,0.0,7.890609287547299
347,922,6,Al18.96Co14.76Mn25.14Nb13.11Ni12.32V15.71,1042.5416259765625,1053.77880859375,58.80189895629883,547.3016999999999,1596.2823404947917,179.07910889603232,0.11218510933380624,0.16223782456949487,0.571871404611781,0.5113775623644304,28.534273482954273,22.216837779021912,0.0,0.0,0.0,37.83096428408208,0.0,19.735053701456522,18.53782534303381,0.0,23.641276539971734,0.0
348,465,4,Cr43.69Mn7.52Mo25.77Nb23.02,940.228759765625,1025.0208740234375,63.318695068359375,599.0684999999999,990.8783325195312,174.44941301707433,0.17605533120650385,0.17735147893196912,0.5907601113420327,0.5112759827540129,0.0,0.0,31.091723629809973,0.0,0.0,5.3547367156535834,18.337026107553392,16.384520826001772,0.0,0.0,0.0,0.0
349,412,6,Al23.28Co4.58Cr22.09Cu11.03Mn26.80Nb12.22,1007.3159790039062,1271.5303955078125,54.234291076660156,579.5810333333332,1319.7878743489584,200.4478034439524,0.15187880366216566,0.17619726866272067,0.584318821655982,0.5111096670078965,32.91858448563971,6.474174914689922,31.237329809883256,15.599574621494344,0.0,37.890258563982215,0.0,17.277049497525677,0.0,0.0,0.0,0.0
350,675,5,Cr28.91Fe7.24Ni22.30V15.47W26.08,1161.1763916015625,849.2998657226562,60.20819854736328,518.8207999999996,1114.8659627278646,165.42515480238185,0.1483812048558896,0.06780036025463365,0.5616328172903534,0.5109774440254543,0.0,0.0,33.894235938034456,0.0,8.488266286334726,0.0,0.0,0.0,26.14782326697896,0.0,18.138756723006924,30.578936573020428
351,29,6,Al28.47Co11.33Cu12.62Mn3.99Mo27.06Nb16.54,842.0386962890625,859.1844482421875,58.87583541870117,713.998933333333,1204.3326416015625,190.99360611021845,0.15858874825166963,0.15576225720492753,0.5812181000337213,0.5104184615298184,37.12647483896989,14.771837207045973,0.0,16.459869384509645,0.0,5.202209759072387,35.292590645734435,21.575472493984343,0.0,0.0,0.0,0.0
352,503,5,Cr39.01Fe12.03Nb20.73Ni14.02Ti14.21,1055.2669677734375,988.4862670898438,61.4529914855957,560.0359999999998,1110.6109252929687,209.99034103115818,0.18907642293881155,0.12167769981395671,0.5817726020833947,0.5101679563859004,0.0,0.0,33.22574502383056,0.0,10.245499038044457,0.0,0.0,17.65866255126921,11.945183507406107,12.104315419862152,0.0,0.0
353,196,6,Al21.69Cr17.87Ni8.02Ti14.77V19.84W17.80,1330.7855224609375,1004.8468627929688,48.66681671142578,596.6335333333332,1510.265519205729,198.10336130367355,0.13117121379282964,0.2126525165718347,0.585138846038586,0.5098155392760116,32.58240425036587,0.0,26.848106466666664,0.0,0.0,0.0,0.0,0.0,12.054927556838951,22.19024510165613,29.8069660266079,26.73534214181344
354,779,6,Al22.01Co16.98Cr18.19Mn17.49Nb11.68V13.64,1294.875732421875,1139.8717041015625,47.411895751953125,591.1505333333334,1521.69736328125,206.88204356203767,0.13595478874717637,0.22241320145260912,0.5879958303842607,0.5095244929069448,36.51306499050873,28.16941780907449,30.17202888975644,0.0,0.0,29.0141206377627,0.0,19.37214966724676,0.0,0.0,22.625999112335613,0.0
355,835,5,Al28.18Mn16.00Mo24.99Nb14.78V16.06,948.18505859375,918.5391845703125,50.91740036010742,733.1161333333332,1268.1593221028645,191.4542182489738,0.1509701619600162,0.15390415481599184,0.5779652555615965,0.5094418841083941,34.56462754169028,0.0,0.0,0.0,0.0,19.623323687577198,30.65479549589726,18.13085554377136,0.0,0.0,19.702288501958478,0.0
356,56,4,Al37.23Cr17.03Fe10.01Ti35.73,1111.4117431640625,906.7110595703125,48.210391998291016,715.7720666666667,1311.5225219726562,207.3888596242985,0.15812832501905166,0.17212810180996485,0.5832274166659698,0.5092697150492139,42.445456460206124,0.0,19.42069239744133,0.0,11.408414396396505,0.0,0.0,0.0,0.0,40.737602464760535,0.0,0.0
357,357,6,Cr27.94Cu10.68Fe13.32Mn20.23Mo4.37V23.46,962.799072265625,1069.775390625,67.25122833251953,577.1412999999997,1222.8441162109375,191.66765340649178,0.15673923672330906,0.22752702089132304,0.5939413583959727,0.5092511450368808,0.0,0.0,32.52813215326185,12.438369945328597,15.51154445714804,23.546372806644474,5.082214192634172,0.0,0.0,0.0,27.31514180444019,0.0
358,83,6,Cr13.50Mo17.30Nb22.95Ni15.62V23.19W7.44,1395.242919921875,1189.9525146484375,46.01211929321289,573.8950999999997,1261.2466593424479,239.79655261894922,0.19012661071702452,0.19807055512549088,0.5963804290860044,0.5092346653816501,0.0,0.0,16.044711053243322,0.0,0.0,0.0,20.562959397418354,27.26691584707714,18.561985836178273,0.0,27.554941738066443,8.842354352988837
359,995,5,Al32.59Fe27.95Mo14.54Nb17.57W7.36,931.2009887695312,973.602294921875,54.95694351196289,691.1619999999999,1063.9521647135416,169.93559404338367,0.15972108491281384,0.17118268546845083,0.5829395897725254,0.5087727814506318,33.92134722712015,0.0,0.0,0.0,29.094148609798708,0.0,15.132093064696804,18.286983381967687,0.0,0.0,0.0,7.663845251913784
360,121,5,Al27.38Co25.81Fe10.44Mn22.48W13.89,630.904541015625,1123.73388671875,63.68178176879883,736.2215666666667,1139.8784912109375,244.39800338451465,0.2144070664276515,0.226808948650556,0.6076936905828567,0.5087301342458327,40.977435050590564,38.63027970592927,0.0,0.0,15.623729973298154,33.64620803026741,0.0,0.0,0.0,0.0,0.0,20.791012888028988
361,136,4,Cr31.67Mn31.45Nb16.92V19.96,1145.38525390625,1138.6536865234375,64.84265899658203,535.4250999999998,1123.4361287434897,190.19852974551645,0.16930070600297015,0.31274979214391396,0.6133173230392636,0.5084421881097383,0.0,0.0,40.10269187787658,0.0,0.0,39.81466309911582,0.0,21.419385769176515,0.0,0.0,25.275424592095554,0.0
362,140,5,Al25.05Co25.99Fe17.02Mo17.64Nb14.29,945.1848754882812,897.0892333984375,63.6818733215332,638.5561999999998,1123.113505045573,228.91346076691835,0.2038204150680475,0.16735728251816528,0.592842131465264,0.5084155711946191,32.88429912464081,34.11523220137264,0.0,0.0,22.344548814774118,0.0,23.15850026466648,18.756637188211542,0.0,0.0,0.0,0.0
363,917,5,Co10.18Cu11.09Nb17.16V21.29W40.27,1057.6796875,1128.3363037109375,58.18204116821289,593.6221999999997,1147.0443522135417,197.25510184027513,0.1719681557732414,0.2274942672416589,0.5967047883574318,0.5082138959657896,0.0,9.666679365586372,0.0,10.533949359186089,0.0,0.0,0.0,16.29997191813902,0.0,0.0,20.216620318656418,38.24555784041341
364,880,4,Cu15.70Nb47.55Ni9.96V26.79,1121.7840576171875,1010.4671630859375,51.57643508911133,644.0877999999996,1262.3024454752604,237.26907883560636,0.18796531662130617,0.14582453868835532,0.5841939693948783,0.5080377325018807,0.0,0.0,0.0,13.633260820314032,0.0,0.0,0.0,41.29077187351783,8.653633408317955,0.0,23.26435320795295,0.0
365,555,6,Al19.00Cr18.91Cu5.60Fe13.98Ti27.31V15.20,1344.7288818359375,943.0419311523438,47.294742584228516,577.6417999999999,1560.999129231771,149.6268144839791,0.09585323379239574,0.17969481455510028,0.5677739282808375,0.5078716569217185,29.92285404959909,0.0,29.781356915971497,8.82421429061942,22.01800464342686,0.0,0.0,0.0,0.0,43.01600532533533,23.947675488374657,0.0
366,55,6,Al20.94Mn4.98Nb22.98Ni16.39Ti25.63V9.08,1154.451171875,886.4005737304688,57.14439010620117,575.839133333333,1388.19091796875,227.56645016101538,0.16393022545774802,0.12082701206845403,0.5729794082121208,0.5078314494339929,36.56256971943624,0.0,0.0,0.0,0.0,8.70421629302911,0.0,40.12710639760343,28.63165477665293,44.77059504298179,15.850524407066478,0.0
367,327,5,Cr28.84Fe24.29Mo15.85Nb12.74Ni18.28,1291.4166259765625,912.0726318359375,62.2290153503418,479.5216999999999,1013.0166585286458,206.89748541344682,0.20423897639941546,0.11482955292342167,0.5817587119829741,0.5077330572984359,0.0,0.0,43.21843471306065,0.0,36.397603208076816,0.0,23.759347729288116,19.084641980220276,27.398238430918454,0.0,0.0,0.0
368,174,5,Al28.97Cu6.45Nb15.49Ti18.68W30.40,1043.8988037109375,1060.2490234375,52.96059036254883,718.6643999999998,1282.4360595703124,212.45457810901536,0.16566485051909682,0.3101305456818909,0.6110006442641741,0.5075583224980217,36.059055166561166,0.0,0.0,8.033260320611069,0.0,0.0,0.0,19.281195011435166,0.0,23.251836232077046,0.0,37.82771217580874
369,962,4,Al31.55Fe38.60Nb18.64Ti11.21,1098.2901611328125,1003.15576171875,46.795650482177734,687.0591333333333,1119.1652709960938,174.77113431747355,0.15616204223521116,0.14731288508291684,0.5760257781956036,0.5075226906202175,34.26710690042384,0.0,0.0,0.0,41.92848919294696,0.0,0.0,20.243443345793334,0.0,12.179413877300245,0.0,0.0
370,135,4,Cr32.86Ni24.76V21.83W20.55,1129.7904052734375,903.8635864257812,63.986629486083984,526.7967999999997,962.0738688151042,168.8996580593112,0.17555788961125096,0.15116762744138512,0.5814364287385245,0.5073134308474347,0.0,0.0,40.409352786350404,0.0,0.0,0.0,0.0,0.0,30.450880370541746,0.0,26.84966048630596,25.27647649758246
371,827,5,Al21.25Cr22.36Mn24.11Ni19.97V12.30,1041.962646484375,1043.9105224609375,60.95813751220703,537.4415999999998,1411.7529052734376,217.52733973710156,0.15408315359193075,0.15104330151245804,0.5758816301460292,0.507152181445555,36.45229152391607,0.0,38.35710701119438,0.0,0.0,41.34843897908629,0.0,0.0,34.2578160627715,0.0,21.097172523099477,0.0
372,604,5,Al25.45Co7.92Cr26.06Mn25.43Nb15.14,917.1862182617188,1271.425048828125,58.49050521850586,599.8406999999997,1299.0859985351562,210.20517538932575,0.16181005385813732,0.24108760962342535,0.5957618058368592,0.5070917704476398,32.28587131031585,10.045764042798327,33.053384142102814,0.0,0.0,32.263466972217934,0.0,19.19964869508676,0.0,0.0,0.0,0.0
373,956,6,Al22.27Cr20.96Mn8.89Mo22.61Ti11.16V14.12,1249.9234619140625,899.880126953125,46.62098693847656,631.6035,1306.385323079427,198.08159443899362,0.15162570410089524,0.1047420398067167,0.5658197668081753,0.5069649328216081,33.456546215000635,0.0,31.49561984027637,0.0,0.0,13.35705901886599,33.96909565940001,0.0,0.0,16.770061227074706,21.213947772761408,0.0
374,411,5,Cr30.63Fe9.20Mn32.66Nb15.56Ni11.95,974.4730834960938,1094.4400634765625,63.002105712890625,525.6148999999999,1152.7821492513021,177.754365381636,0.15419597319153683,0.1512252896889913,0.575734400624258,0.5069403493885755,0.0,0.0,32.085404349957905,0.0,9.637010063836364,34.204939651161745,0.0,16.294507976485082,12.516305343081735,0.0,0.0,0.0
375,519,4,Cr26.76Mo26.08V21.87W25.29,1164.31689453125,1013.9302978515625,55.20418167114258,588.5417,1047.2702514648438,174.37200366556044,0.16650143878493812,0.18580133586379133,0.5854768655619373,0.5066912386929446,0.0,0.0,32.41215884669963,0.0,0.0,0.0,31.580325423158037,0.0,0.0,0.0,26.489276937030258,30.627397744179223
376,803,6,Al25.34Co9.76Cr22.21Cu3.92Fe8.14W30.63,905.890869140625,1237.0887451171875,57.001304626464844,640.4582999999998,1374.4172607421874,236.34587963084684,0.17196079122523514,0.24853203622352626,0.5988743786797709,0.5061777736287569,36.80309129315981,14.174638662227121,32.246637004315225,5.697318861549078,11.81996819362794,0.0,0.0,0.0,0.0,0.0,0.0,44.47491401094548
377,767,5,Al27.75Ni6.44Ti21.92V19.34W24.55,966.53271484375,1092.325927734375,50.949466705322266,748.5859333333334,1320.886787923177,236.48224296407065,0.179032938421536,0.2755494319455565,0.6059328071997692,0.5060646862052739,33.507565111756854,0.0,0.0,0.0,0.0,0.0,0.0,0.0,7.775241117661885,26.46459197181578,23.35765083077188,29.6397108640329
378,970,5,Al22.26Cr21.80Mo28.44Nb10.94W16.57,1055.542236328125,1079.1552734375,50.05411911010742,616.4028,1179.509541829427,184.00205111676613,0.15599878135057538,0.10517891805804536,0.5660322528478502,0.5059967738985973,32.65405815635876,0.0,31.98386677735116,0.0,0.0,0.0,41.71297483736558,16.041231146835635,0.0,0.0,0.0,24.300804463424708
379,959,4,Cr46.07Cu16.76V29.35W7.82,1108.4185791015625,894.9302368164062,58.5997314453125,650.2617999999998,1187.5406778971353,182.80378500808453,0.15393475643443935,0.2783542338319436,0.6000363554368632,0.5058818195618646,0.0,0.0,34.00564307463831,12.373966968802419,0.0,0.0,0.0,0.0,0.0,0.0,21.666146897359752,5.76910333737797
380,124,5,Al12.18Co21.92Cu7.12Nb22.24V36.53,1141.110107421875,1118.8541259765625,67.33358001708984,566.7438,1039.0359700520833,257.6275466935178,0.2479486313458463,0.26992567205404383,0.6217880888588122,0.5058157966115419,12.94011325004685,23.2797493210675,0.0,7.56236643179661,0.0,0.0,0.0,23.623651442807713,0.0,0.0,38.79340402515122,0.0
381,966,6,Co31.88Cu7.68Mo12.06Ti19.85V18.31W10.22,923.625,1176.905029296875,64.7179946899414,571.3634,1061.0595418294272,202.66048038399492,0.19099821677733334,0.22367232523442537,0.5981792651050601,0.5056952458638417,0.0,38.74990166666416,0.0,9.331666137644207,0.0,0.0,14.656080912310028,0.0,0.0,24.129113817713833,22.256938501466347,12.419179589983795
382,846,5,Cr39.06Cu14.93Mn7.96Mo23.18Nb14.87,943.2345581054688,977.7061767578125,61.191436767578125,640.2112999999998,1028.2516805013022,158.4156506200042,0.1540631088905899,0.2395140189537861,0.5920983765765261,0.5056797955631215,0.0,0.0,39.64811057451002,15.160140168535062,0.0,8.076424923783065,23.528916220654498,15.099759242089863,0.0,0.0,0.0,0.0
383,159,5,Al24.50Cr26.36Cu7.22Fe18.78Mo23.14,927.323974609375,1012.5149536132812,60.61290740966797,584.7128333333334,1192.628507486979,196.82470193834834,0.16503437633994109,0.12240777712457795,0.5712677545805801,0.5055276050706793,33.08540484678221,0.0,35.59487246346971,9.752429888183052,25.36240018808025,0.0,31.24374103211617,0.0,0.0,0.0,0.0,0.0
384,40,5,Al21.92Cr22.66Cu13.27Ti22.21V19.94,1327.9180908203125,975.8773193359375,42.17871856689453,627.6256333333332,1357.0906331380208,184.37069574364025,0.1358573195051219,0.13599028821799541,0.5662738085212127,0.5051114210013331,26.696760859111237,0.0,27.5948072862629,16.161115999262673,0.0,0.0,0.0,0.0,0.0,27.04558238472172,24.281653879283127,0.0
385,929,5,Al18.94Co23.67Cu8.89Mn32.83V15.67,829.1358032226562,1049.34814453125,74.10567474365234,558.0145333333331,1306.6058227539063,183.3695874177308,0.14034040276297444,0.12559798428978186,0.5651745278147071,0.5049698302660072,25.76556073878353,32.21137671183923,0.0,12.090225763338971,0.0,44.67418692431772,0.0,0.0,0.0,0.0,21.31686293096917,0.0
386,203,4,Al25.17Cr24.73Mn33.36Nb16.74,1071.5286865234375,1284.0924072265625,56.28635025024414,569.3333666666666,1298.5260375976563,206.97124377021828,0.15938936746553525,0.2750903216143571,0.599767107729852,0.5049017015405968,33.86505855624277,0.0,33.26607188567237,0.0,0.0,44.87761516354455,0.0,22.526552391609922,0.0,0.0,0.0,0.0
387,333,5,Al30.16Cu7.70Ni33.43V14.97W13.75,820.6619873046875,974.2311401367188,67.17361450195312,654.7403999999996,1073.0435709635417,168.27962055566795,0.15682459231786916,0.2330879096535835,0.5904557983699386,0.5046320683597545,36.13736760384588,0.0,0.0,9.221378957947245,0.0,0.0,0.0,0.0,40.05279446112002,0.0,17.932632267424314,16.47737147206579
388,6,6,Al14.71Cu7.58Mn10.16Nb22.01V24.83W20.70,1116.0142822265625,1130.7484130859375,57.841426849365234,581.7171999999997,1170.9232666015625,234.6317098078211,0.2003817982785551,0.22661564987398808,0.5998189638377154,0.504400384293279,24.14808803403142,0.0,0.0,12.445286174723979,0.0,16.68056401762936,0.0,36.12502645146087,0.0,0.0,40.75913567532433,33.97841693005647
389,318,5,Al25.69Cr26.03Cu5.23Fe20.71Mn22.34,785.0021362304688,1166.51416015625,58.76522445678711,582.527133333333,1355.160713704427,229.67744495238418,0.16948354732373014,0.06601580474868529,0.5594758821861023,0.5039018344054328,37.77020884274558,0.0,38.270561420339405,7.694950935347723,30.4551523436202,32.83982013949039,0.0,0.0,0.0,0.0,0.0,0.0
390,721,5,Al26.13Co21.19Ti10.93V15.82W25.92,886.6312866210938,1182.981201171875,55.063167572021484,689.5024666666666,1359.9325520833333,201.31690393984982,0.14803447688008103,0.29496872642050664,0.5998175717786578,0.5038152072745362,34.037468600365855,27.61318770697003,0.0,0.0,0.0,0.0,0.0,0.0,0.0,14.244456496898675,20.6151500258044,33.77409350674509
391,3,4,Al33.57Cu35.13V26.39W4.91,924.7947998046875,1110.67041015625,53.32600784301758,731.8354666666665,1394.3318359375,209.39070128768319,0.150172789497341,0.32129782344721247,0.6055024326710314,0.5036996706072537,37.6840853201046,0.0,0.0,39.440352852320544,0.0,0.0,0.0,0.0,0.0,0.0,29.624975867325066,5.510259188297222
392,36,6,Al26.27Cr11.03Fe17.23Mn6.65Nb25.86W12.96,1070.37158203125,1170.8145751953125,52.17776107788086,652.5623333333333,1406.4533935546874,217.78818634904422,0.1548492025026181,0.2919850061654615,0.6002308624530432,0.5031215605942964,33.7221423985332,0.0,14.166188535098334,0.0,22.12571189817401,8.538055174125926,0.0,33.196845733361904,0.0,0.0,0.0,16.6323356663765
393,809,4,Al40.36Mo15.53Nb21.49Ti22.62,817.6362915039062,754.7833251953125,54.44643783569336,756.4851333333334,1195.9158854166667,228.65956418201625,0.19120037368041937,0.06238965612951919,0.5632435542424232,0.5029655295964146,36.91072950933694,0.0,0.0,0.0,0.0,0.0,14.200148017290829,19.6496169872886,0.0,20.6830267468028,0.0,0.0
394,711,5,Al32.01Co14.33Cu9.28Mo21.05V23.33,859.4866333007812,932.7415771484375,58.50844955444336,718.6929333333331,1249.49404296875,224.59996185830104,0.17975272721161611,0.22183373044157373,0.5922520052448051,0.5029470773535865,30.90255802178824,13.836489154466365,0.0,8.960509088500448,0.0,0.0,20.322316723373383,0.0,0.0,0.0,22.529568592291614,0.0
395,542,5,Al25.85Cr26.25Cu7.41Mo19.30Ni21.18,980.3494262695312,907.0131225585938,57.265506744384766,651.2887333333333,1176.6589477539062,235.14524787888763,0.19984146496123648,0.12389414294395362,0.5776069767148302,0.5028677818857303,31.846123931033837,0.0,32.33535450794089,9.130289992803604,0.0,0.0,23.774807830428948,0.0,26.08773786741584,0.0,0.0,0.0
396,339,5,Co33.06Nb21.71Ni14.23V16.87W14.13,980.0486450195312,1111.4171142578125,67.01876068115234,556.6383999999999,1142.6103881835938,237.5010717231848,0.20785831651744383,0.1959423681502369,0.5937376459066901,0.5025845931472818,0.0,31.639047485420054,0.0,0.0,0.0,0.0,0.0,20.781460556669224,13.618124464621655,0.0,16.146026986493908,13.527335969706273
397,223,5,Al22.11Co23.40Cr20.02Fe25.95Ni8.52,858.6956787109375,1010.8848266601562,65.1068115234375,517.4168666666666,1003.0631510416666,167.03959548441398,0.1665294905021142,0.034075290752318965,0.550489678254191,0.5020422474781987,34.74326703938974,36.76222139739768,31.450395655293175,0.0,40.76654806434061,0.0,0.0,0.0,13.392411679277881,0.0,0.0,0.0
398,785,6,Al25.46Fe22.00Nb12.31Ni11.93Ti12.63V15.68,1211.94970703125,921.1878662109375,45.6851692199707,658.1911666666664,1448.320222981771,201.50012950192772,0.13912678032423212,0.15851120243350292,0.5684705272533842,0.5019865916856256,35.8038222454924,0.0,0.0,0.0,30.946270583344507,0.0,0.0,17.30870909151528,16.772598752420734,17.76663038445254,22.046207755865634,0.0
399,982,6,Al18.32Co22.65Mo5.16Nb9.78Ti22.87W21.23,1045.7783203125,1283.7388916015625,55.039249420166016,566.0155999999998,1241.3957845052084,180.97908592610034,0.145786773392528,0.2579038628866509,0.589688176340307,0.5016607104148448,32.79649068013087,40.5436968210965,0.0,0.0,0.0,0.0,9.236215733221462,17.506937748422562,0.0,40.937539113644064,0.0,37.9998434357853
400,591,4,Cr32.93Cu11.00Ni34.75V21.33,1160.4697265625,935.45166015625,69.9030532836914,451.67679999999956,991.4899454752605,156.50514687696,0.15784844575699744,0.10654655541324143,0.5623710000051229,0.5015995774832251,0.0,0.0,35.27987535136389,11.785269653474996,0.0,0.0,0.0,0.0,37.229153126800796,0.0,22.851120762531412,0.0
401,120,5,Cr30.81Fe5.49Nb11.44Ti24.54V27.72,1218.376220703125,1049.1866455078125,48.90595245361328,563.4989999999999,1120.2734822591146,169.21988012661512,0.1510522946462775,0.11726567967805124,0.5626780917492413,0.5014618821520617,0.0,0.0,36.71593148327859,0.0,6.539064103747348,0.0,0.0,13.638205980910662,0.0,29.245272940672578,33.02704576228835,0.0
402,206,6,Co22.84Fe17.28Mn3.54Mo26.73Ni10.10V19.51,1044.0496826171875,873.761474609375,59.7000617980957,524.56,1106.2050455729166,165.01750604693765,0.14917442901507755,0.04254749274559211,0.5472614464987281,0.5014583406958403,0.0,32.34425663746601,0.0,0.0,24.47646029696892,5.014061321258804,37.86303427189581,0.0,14.304633037008871,0.0,27.62565364627494,0.0
403,729,6,Al18.94Co3.77Cr21.14Mo20.76Ni21.84V13.56,1357.5325927734375,848.203369140625,53.793861389160156,536.2549999999999,1199.1705403645833,183.68681310777347,0.15317822355102825,0.15431149172996417,0.5704440996223266,0.5012872453885766,31.458032412105354,6.270536641960874,35.111807490604384,0.0,0.0,0.0,34.477304091728286,0.0,36.2739741195612,0.0,22.51807881257562,0.0
404,716,6,Co28.80Cr29.57Cu5.64Nb15.34Ni5.83Ti14.81,982.9673461914062,898.4241943359375,71.6259536743164,547.3431999999999,1022.5592122395833,179.26431617747832,0.1753094725779822,0.1091168416963143,0.5668313347167797,0.5011805982330213,0.0,35.73404341880074,36.69154664008063,7.002645559132941,0.0,0.0,0.0,19.034070431105917,7.229269262732924,18.371721672263398,0.0,0.0
405,878,5,Cr28.21Cu13.11Fe13.84V19.12W25.72,1111.9251708984375,963.2825317382812,56.21199035644531,595.2297999999998,1059.3938435872396,161.98919468836527,0.15290743444369062,0.19773488200548228,0.578630658214801,0.5008568232027818,0.0,0.0,32.1314604562401,14.930806367003065,15.769407808672343,0.0,0.0,0.0,0.0,0.0,21.778904092435774,29.30441133431568
406,530,5,Cr34.68Cu16.52Fe24.35Ti5.07V19.37,1328.334716796875,1145.051513671875,51.92359924316406,565.1990999999997,1011.6059651692708,225.13901823115566,0.22255604057601955,0.23056261951244428,0.6024414591350814,0.5006899250885877,0.0,0.0,34.21589737726263,16.29894964128332,24.02363607606967,0.0,0.0,0.0,0.0,5.000238791460248,19.11196087746169,0.0
407,0,5,Al27.02Co4.15Cu31.60Fe24.74Mn12.48,710.1033935546875,1057.3074951171875,54.34104537963867,744.1086000000001,1204.5936197916667,226.5427483368016,0.18806570499350805,0.1451025079883692,0.5766590178349664,0.5006220899889156,37.19627107365754,5.72026222401818,0.0,43.51241428296104,34.066839682812926,17.190043815445332,0.0,0.0,0.0,0.0,0.0,0.0
408,857,4,Cr31.71Cu24.12Nb27.55V16.62,1185.51953125,981.0073852539062,55.626922607421875,661.6537999999997,1061.3193074544272,236.8378153150474,0.22315415695499083,0.2834548076790887,0.6130290621937843,0.5005495614192188,0.0,0.0,41.43036571124651,31.509865269511053,0.0,0.0,0.0,36.00109137193185,0.0,0.0,21.711906824935614,0.0
409,653,6,Al24.98Co7.93Cu6.82Ti31.17V20.28W8.83,1010.0025024414062,964.6395263671875,54.1735954284668,638.1481333333332,1376.138545735677,224.55099919163266,0.1631747035118392,0.15036761908871554,0.571101872283574,0.5002346725878711,33.45467430770449,10.614607700128127,0.0,9.139530162058636,0.0,0.0,0.0,0.0,0.0,41.74155303611611,27.162185767687955,11.820529446228598
410,949,6,Co9.09Cr30.86Cu8.36Mn7.61Nb16.61W27.46,884.5099487304688,1020.5020141601562,71.40442657470703,569.7577999999999,1089.9164672851562,149.76624789503725,0.1374107579712838,0.19992931894542898,0.5742740688866005,0.4999355156046937,0.0,8.736543949871908,29.65676491761649,8.03362162779651,0.0,7.317043196296435,0.0,15.962655930379999,0.0,0.0,0.0,26.388702270725
411,851,4,Co30.49Cr28.38V15.91W25.22,1003.3226928710938,1017.4509887695312,74.5281753540039,558.0580000000001,948.9159098307292,149.25092703434493,0.15728572520295164,0.24291103820664173,0.587079574009234,0.49917593506716773,0.0,40.93485675771207,38.100599784810804,0.0,0.0,0.0,0.0,0.0,0.0,0.0,21.354327585206853,33.85875010349178
412,13,4,Al25.23Co23.95Mn24.82V26.00,816.1551513671875,1167.5408935546875,68.92546844482422,615.1381666666664,1166.4771647135417,227.16934061417686,0.19474821066897105,0.24698381901181354,0.5972336349901441,0.49914981852053875,43.55775607422257,41.355475327098574,0.0,0.0,0.0,42.862787152459546,0.0,0.0,0.0,0.0,44.89700976005061,0.0
413,9,5,Cr24.23Fe19.92Mn17.47Nb23.51V14.87,1216.1121826171875,1010.2421875,60.8959846496582,508.2299999999998,1168.1017456054688,234.8686170677157,0.20106862946769669,0.18737791404488846,0.5867506973810661,0.4990079572051642,0.0,0.0,33.92800570906215,0.0,27.896575118919888,24.466744680353607,0.0,32.92301474926346,0.0,0.0,20.830154008943804,0.0
414,594,6,Al21.79Co19.26Nb11.58Ni13.60Ti18.78V14.99,1045.8670654296875,1024.80126953125,52.82454299926758,598.6342333333333,1400.0210611979167,225.65364239480635,0.1611787484123472,0.12035491452892888,0.5633437792948142,0.49897810928594155,32.55893842476085,28.785995119444532,0.0,0.0,0.0,0.0,0.0,17.30167649754726,20.326026436535948,28.055527639812816,22.39776105903592,0.0
415,843,6,Al19.19Cr21.83Mo22.85Ni10.15V12.21W13.77,1275.369873046875,921.7062377929688,50.92650604248047,603.5484999999998,1352.0927652994792,195.54478980025644,0.14462379713787213,0.2215709402501369,0.5793675554576787,0.4988974181231832,33.44072143081042,0.0,38.025713019451054,0.0,0.0,0.0,39.815060223187494,0.0,17.687464914802767,0.0,21.266109363358854,23.985486882701114
416,260,6,Al20.79Co16.01Fe13.86Nb12.43V14.59W22.33,1209.1292724609375,1133.1171875,49.5981559753418,566.7225999999999,1496.1781005859375,160.14100587323216,0.1070333844684114,0.24687091718137966,0.5747530952304488,0.4986205656770701,37.16122766460706,28.62890826074452,0.0,0.0,24.7718036809666,0.0,0.0,22.21882171419584,0.0,0.0,26.076438646617362,39.9186103783622
417,263,5,Al37.16Cu7.95Mo24.63Ni6.58V23.68,853.9461059570312,862.291259765625,54.665531158447266,733.6703333333332,1272.0828125,212.64908004721588,0.16716606651519858,0.16563819140521652,0.5732963282118908,0.49837717330204784,34.27428576123728,0.0,0.0,7.329145574121205,0.0,0.0,22.720207385604787,0.0,6.064671444500906,0.0,21.840448750318902,0.0
418,99,6,Al29.60Fe6.96Mn23.95Nb13.09V15.84W10.55,1028.9912109375,1096.3719482421875,52.50297164916992,672.7546333333332,1437.5041666666666,211.37333292431356,0.1470418923476606,0.2980499968262321,0.5944236505354608,0.49805317808329924,41.752454824953034,0.0,0.0,0.0,9.818331916446986,33.7881964399073,0.0,18.47055561743265,0.0,0.0,22.351565587551853,14.883195058642986
419,539,5,Co17.11Cu24.46Mo7.06Nb21.66V29.71,1135.460693359375,1045.826171875,57.09819793701172,652.5479999999999,1087.978759765625,245.29089422285423,0.22545559094894038,0.306527803716404,0.6156940864017098,0.4980246279211939,0.0,12.34307824528274,0.0,17.645885443954878,0.0,0.0,5.090795019503437,15.629513521278561,0.0,0.0,21.43679418756892,0.0
420,747,4,Al37.02Cu9.20Mo39.37Ti14.41,892.9928588867188,620.4389038085938,55.05739974975586,728.7163333333333,1321.2811686197917,192.90492486319093,0.1459983911408494,0.08544590470743851,0.5515903045616204,0.4980015258349203,30.8991286993387,0.0,0.0,7.675780889261528,0.0,0.0,32.86237742363651,0.0,0.0,12.02961426543042,0.0,0.0
421,973,4,Co34.70Nb21.33Ti17.00V26.97,936.1226806640625,1291.2034912109375,57.89997482299805,580.1574,1059.2865193684895,225.90334282267537,0.21325990531565647,0.20115956224051745,0.5912384159233478,0.4976915271463302,0.0,30.960466237813968,0.0,0.0,0.0,0.0,0.0,19.028722784712045,0.0,15.166351704582167,24.06492238471197,0.0
422,70,6,Al20.07Co20.12Cr8.73Nb13.42Ni13.97Ti23.68,959.106201171875,1155.798095703125,55.02707290649414,560.2324666666665,1294.0290852864584,234.3343369098678,0.1810889257237934,0.08764483478695362,0.5604698460172781,0.49766864762893903,36.75975322260991,36.85093088960877,15.980751316595686,0.0,0.0,0.0,0.0,24.582064558319754,25.587544595526303,43.364433241715915,0.0,0.0
423,563,4,Co29.87Cr40.95Mn7.02V22.15,962.7252197265625,1098.23095703125,74.86335754394531,551.7652,988.9939860026042,196.9139526629115,0.19910530847494254,0.20283115560773157,0.5879574532973484,0.49761489505706646,0.0,26.24666763840919,35.97899522358316,0.0,0.0,6.171796673136662,0.0,0.0,0.0,0.0,19.461802977425524,0.0
424,126,4,Al20.93Co30.41Nb16.96Ni31.69,870.32763671875,1037.6253662109375,75.73792266845703,517.9465999999996,1127.962577311198,173.91310150096908,0.1541833966828383,0.09645967706755476,0.555392326332597,0.49755454174837654,23.02362488280925,33.45595104281805,0.0,0.0,0.0,0.0,0.0,18.661023947604683,34.86586794838584,0.0,0.0,0.0
425,808,6,Cr23.61Cu4.76Nb15.48Ni10.00V15.86W30.29,1174.3321533203125,964.6911010742188,57.30361557006836,570.3257999999998,1100.3735636393228,170.8674442935304,0.15528130622150865,0.23675168195283847,0.5833531651302462,0.4971825021843013,0.0,0.0,30.80057611061264,6.213970809875896,0.0,0.0,0.0,20.18609955088131,13.042741667885984,0.0,20.69443979755046,39.50518938556337
426,122,6,Al29.99Cr18.03Cu5.06Fe5.37Mn20.62V20.92,1070.370361328125,1068.4957275390625,46.951717376708984,705.1958333333331,1427.655126953125,241.08488305560104,0.16886773178205852,0.23589609781530296,0.5864886382899789,0.49709248578140364,43.369047473023514,0.0,26.07783623480995,7.319832242901348,7.770234775393877,29.81458136503754,0.0,0.0,0.0,0.0,30.257163826109682,0.0
427,434,4,Al27.60Cr26.10Mo16.88W29.42,744.7859497070312,1075.7139892578125,58.89564514160156,747.2468333333334,1188.75478515625,234.3331826606583,0.1971249122079097,0.2886110423099173,0.6034653121881541,0.49646187567419325,32.99632194816894,0.0,31.2084691903624,0.0,0.0,0.0,20.18094294817396,0.0,0.0,0.0,0.0,35.16880240926034
428,237,4,Al39.56Cu7.08Fe41.22Ti12.13,1011.7532348632812,877.9641723632812,47.63755416870117,670.1456,1174.94248046875,175.99654278974782,0.1497916244542737,0.06382018119832222,0.5465861287546414,0.49637418640140857,36.61809238845779,0.0,0.0,6.557103472840667,38.15939966062264,0.0,0.0,0.0,0.0,11.229583730340483,0.0,0.0
429,535,5,Al20.75Cu16.57Fe19.75Ti18.84W24.09,1126.68017578125,1070.8243408203125,53.85100173950195,593.1485333333329,1380.387109375,203.84229078329048,0.14767038130020244,0.24659198147777472,0.582536380392462,0.4963003887718565,31.53141819324766,0.0,0.0,25.181014722590312,30.018490647618208,0.0,0.0,0.0,0.0,28.638520981793363,0.0,36.608427309257834
430,923,6,Al23.12Cu9.18Mo19.45Nb12.50V15.53W20.22,1095.6904296875,950.1021728515625,53.28303909301758,631.7117333333332,1321.9550211588542,183.40534487741655,0.13873796153566517,0.22610803269701418,0.5760499314330096,0.4961438345096905,28.933880963485592,0.0,0.0,11.487271054748298,0.0,0.0,24.334420579217493,15.636740842078101,0.0,0.0,19.434241237717774,25.29978011492495
431,538,6,Al19.46Co18.42Cr21.03Mn22.62Ni15.19W3.28,770.9119262695312,1299.4105224609375,59.97092819213867,508.37289999999996,1464.7314208984376,208.96104416118436,0.14266167925380596,0.09345114180326908,0.5504631740601033,0.49610752588599794,30.780619155302695,29.140772640553738,33.268408729552014,0.0,0.0,35.77208340501128,0.0,0.0,24.020164619130497,0.0,0.0,5.186358749982045
432,869,5,Cr34.08Fe24.22Mn11.47V17.13W13.10,1192.099609375,1083.6707763671875,60.55855941772461,501.4442999999998,1102.1363972981771,230.92166164594917,0.20952185429320735,0.19890763724864247,0.5876763863867149,0.4955143953636846,0.0,0.0,40.63277673173374,0.0,28.88347916305503,13.675127072318602,0.0,0.0,0.0,0.0,20.420177313050388,15.622890298645258
433,48,5,Co36.86Fe11.48Ti12.93V24.32W14.40,878.313232421875,1224.0045166015625,54.38810348510742,579.585,1120.958650716146,209.78712131230404,0.18714974114190341,0.09231512770875305,0.560726932786636,0.4954764719594096,0.0,26.288795073814335,0.0,0.0,8.190426332772823,0.0,0.0,0.0,0.0,9.224094641659281,17.345890487074346,10.269163212219434
434,90,6,Al25.34Co21.48Cr3.13Mn24.74Mo11.48Nb13.82,878.1681518554688,1169.6158447265625,59.24528121948242,608.1653666666664,1161.6126017252604,218.33036176108678,0.1879545396088302,0.21400091597623394,0.584676169401794,0.4948873513043397,42.510003390490525,36.04176253210176,5.259110002819922,0.0,0.0,41.50375378818037,19.25382845463518,23.19078341271773,0.0,0.0,0.0,0.0
435,164,5,Al26.93Mo14.16Ni20.51Ti12.99W25.42,947.28173828125,644.6259155273438,58.649295806884766,732.8984666666669,1297.6500366210937,198.66486743727464,0.15309587472025296,0.22675294206733276,0.5783766103082733,0.4947520532147434,34.728742463223654,0.0,0.0,0.0,0.0,0.0,18.25338692818165,0.0,26.44143958027796,16.74532515489611,0.0,32.78189562253203
436,286,5,Al33.78Cu8.93Mo14.08Ni16.69Ti26.52,827.557373046875,670.7954711914062,59.547420501708984,714.474333333333,1335.5464477539062,221.68772104132395,0.16599027417889783,0.12319749205648711,0.5608004939155773,0.49466342695955545,36.019066205290315,0.0,0.0,9.526808828859174,0.0,0.0,15.011256661082072,0.0,17.800433039998424,28.27860924746203,0.0,0.0
437,735,4,Co41.07Cu10.98Ti28.55W19.40,781.8732299804688,1044.81298828125,65.90614318847656,599.9685999999998,1091.3359497070312,204.74021287585433,0.18760512098113946,0.1597124855474873,0.572920916434764,0.49407713907998163,0.0,40.57635508374075,0.0,10.846141130470718,0.0,0.0,0.0,0.0,0.0,28.20196592289631,0.0,19.1711341791096
438,514,4,Cu18.14Nb23.05V26.35W32.46,1078.5218505859375,1114.801513671875,46.62544250488281,673.3081999999997,1106.0459920247397,204.92429646537252,0.1852764694623918,0.19857016814450412,0.580035238563226,0.4940020875687273,0.0,0.0,0.0,13.435814548854776,0.0,0.0,0.0,17.07405565447677,0.0,0.0,19.51948230108846,24.048888609966383
439,706,5,Al32.43Cu5.85Fe14.35Mn25.87V21.51,811.0228271484375,1065.935302734375,56.7463264465332,676.0181,1386.8027425130208,224.83425152995102,0.16212417572994525,0.21607804676693854,0.5775552000947547,0.4938085468088807,33.22734896325097,0.0,0.0,5.991963449460012,14.699459414279648,26.504346906251282,0.0,0.0,0.0,0.0,22.034572593989207,0.0
440,652,5,Co22.79Mo23.85Ni13.66V19.04W20.67,994.6965942382812,934.6925659179688,63.200626373291016,571.1799999999998,1032.0451293945312,167.4878648619252,0.1622873458645991,0.2191251105916705,0.5779965750906422,0.49359971650615825,0.0,22.831166268592874,0.0,0.0,0.0,0.0,23.896507661236132,0.0,13.68098691464361,0.0,19.071607346585992,20.707002859535166
441,679,6,Co25.51Mn19.84Nb14.83Ni12.00V17.85W9.97,820.8001098632812,1094.86865234375,65.94361114501953,554.0752,1108.5032958984375,211.5563472222385,0.1908486406896724,0.13281999502949104,0.5676540908328878,0.49337793165457144,0.0,31.934734715043998,0.0,0.0,0.0,24.829464640494113,0.0,18.564565380951603,15.020099248125392,0.0,22.346208330773834,12.476544846101127
442,686,5,Al22.68Cu9.96Mn24.79Ni26.48V16.09,759.1777954101562,968.3928833007812,69.7260513305664,565.0556666666664,1206.0685791015626,148.35105884378228,0.12300383362469614,0.12210595601580376,0.5483759162237108,0.49320376661437604,32.65653388050845,0.0,0.0,14.34074048111123,0.0,35.69304629021823,0.0,0.0,38.11890705353737,0.0,23.166263585401598,0.0
443,225,4,Co46.52Cu6.21Mo17.76Nb29.51,843.9798583984375,1022.5322875976562,66.51235961914062,596.7561999999999,1086.0756266276042,201.75321622201488,0.18576350603547098,0.19444700243703938,0.5783363652919773,0.4930060882957017,0.0,37.66097701270038,0.0,5.024214758737444,0.0,0.0,14.377401893791554,23.887674067663067,0.0,0.0,0.0,0.0
444,468,5,Cu10.77Fe28.12Ni36.05Ti5.74V19.32,1098.736572265625,1045.912353515625,65.27770233154297,430.0615999999995,912.881640625,204.0524586500448,0.22352564622763282,0.04558139637321901,0.5579573502708053,0.4929596594392533,0.0,0.0,0.0,12.511072453394439,32.65788183441454,0.0,0.0,0.0,41.858512801814264,6.662248144315974,22.43465304067098,0.0
445,975,4,Al33.98Mo30.56Ti7.21W28.25,684.5333862304688,903.6287231445312,54.00020980834961,715.4655999999999,1321.8023274739583,156.14071349387618,0.11812712857925604,0.10790738742534534,0.5438788685069462,0.49276560887706317,34.964784354514634,0.0,0.0,0.0,0.0,0.0,31.43868447529263,0.0,0.0,7.414390432568787,0.0,29.068359439701126
446,182,6,Al22.62Fe24.66Mn14.47Nb14.81Ti7.51V15.92,1210.4990234375,1093.5428466796875,49.5606575012207,575.5597666666665,1310.9747111002605,213.0662653951476,0.16252507664036303,0.20370187777545123,0.57354229745113,0.49217065273594895,37.32706863231706,0.0,0.0,0.0,40.68797686937433,23.88023021749004,0.0,24.433057600831415,0.0,12.395259677608568,26.262038989930133,0.0
447,676,6,Al28.12Cu7.06Ni10.89Ti14.45V21.89W17.59,1056.239013671875,826.942626953125,53.792842864990234,716.4326,1397.2423095703125,243.27822020906237,0.1741131216416404,0.2713140903264004,0.589125605491403,0.4913345070157128,29.1307787396921,0.0,0.0,7.316679919384823,0.0,0.0,0.0,0.0,11.28113379416154,14.971925400713994,22.682854023111098,18.219608723334318
448,806,5,Al20.60Fe18.67Mn25.11Nb12.65Ni22.97,1018.8424682617188,1091.355712890625,55.20867156982422,518.5890333333331,1352.6385416666667,217.52096959080868,0.16081234039271727,0.08082102081430464,0.547635695977741,0.4912684067167008,35.52307878664049,0.0,0.0,0.0,32.193667688527526,43.299347917250756,0.0,21.813293148959495,39.598573191728676,0.0,0.0,0.0
449,282,5,Al24.95Cr28.70Cu6.43Mn26.46W13.45,793.4845581054688,1149.9671630859375,61.194698333740234,566.5365666666665,1380.8329752604166,215.57919335110924,0.1561225703713024,0.16361311431441816,0.5629546053321228,0.49120133987641357,33.41041503830885,0.0,38.431257746367436,8.614398295229035,0.0,35.42919936335538,0.0,0.0,0.0,0.0,0.0,18.009198172336948
450,994,4,Al20.91Cu17.11Fe24.30V37.67,1068.72412109375,1079.6478271484375,52.7819938659668,596.714233333333,1286.1724731445313,209.47735877428926,0.16286879337585514,0.20090483075216037,0.5719928220626915,0.4910946575682956,11.926343047604997,0.0,0.0,9.760314448387996,13.860347651593582,0.0,0.0,0.0,0.0,0.0,21.485306149892292,0.0
451,443,6,Co8.02Cu11.08Mn15.16Nb12.55Ni32.84V20.35,1110.9232177734375,1087.239990234375,66.85517120361328,418.4171999999994,985.939774576823,178.98482976539265,0.18153728491399493,0.1187099052620153,0.5601808524445442,0.49105455016364236,0.0,9.026198345155123,0.0,12.479329577981597,0.0,17.070600037892895,0.0,14.131476809865442,36.983826939354806,0.0,22.91247581559423,0.0
452,107,4,Al46.70Cu5.79Mn31.23Ni16.28,719.0492553710938,1009.1829833984375,58.68110275268555,686.0082,1423.8047444661458,232.99982009562072,0.163645907910627,0.18766677932522424,0.5691966477738165,0.4907518149311149,44.94587207298787,0.0,0.0,5.57520905070671,0.0,30.054700235251474,0.0,0.0,15.663310380681022,0.0,0.0,0.0
453,307,5,Co22.28Mo26.96Nb16.77V13.41W20.57,1099.9678955078125,902.3603515625,57.190189361572266,586.7429,1077.408349609375,153.47772067093678,0.1424508365157757,0.22307580029933904,0.5709350778463369,0.4907072086575252,0.0,35.60321034004536,0.0,0.0,0.0,0.0,43.08147933052474,26.791429373353868,0.0,0.0,21.432418376987663,32.874302646101725
454,656,6,Cr24.87Cu8.60Fe7.29Mo17.38Nb12.88W28.98,989.9259643554688,994.9796752929688,54.24040603637695,593.3613999999998,1105.3112386067708,137.6917258825426,0.12457280906335585,0.16989834761911582,0.5556572318801996,0.4905343600905374,0.0,0.0,33.16310529736824,11.462551905533127,9.724215891003837,0.0,23.178445398709307,17.174814418530907,0.0,0.0,0.0,38.64187768655615
455,392,4,Cr36.01Fe18.08Nb17.20W28.72,931.0092163085938,1123.3243408203125,65.85951232910156,497.6519999999998,1047.7620279947917,136.52130902170202,0.13029801173743305,0.21804226325715537,0.5665755955679375,0.4903926399821481,0.0,0.0,34.548497892936595,0.0,17.347923695776288,0.0,0.0,16.499034284593826,0.0,0.0,0.0,27.55158451274635
456,931,4,Al23.62Mo32.66Nb20.27V23.45,1105.8831787109375,887.0018920898438,51.62092208862305,631.9695333333332,1142.649755859375,225.59259996280167,0.19742935121281832,0.12040482236738537,0.5637712429111245,0.49033294063444277,22.363985203630243,0.0,0.0,0.0,0.0,0.0,30.921161849947524,19.189759489388326,0.0,0.0,22.203902967275436,0.0
457,875,6,Al12.84Co27.68Mn14.49Ni9.94V18.99W16.06,900.3693237304688,1088.425048828125,68.73654174804688,553.9642,1105.1680704752605,219.03489655272955,0.1981914809197636,0.19325509720467793,0.5785277834366375,0.490328893765761,15.604938461632704,33.62494888209568,0.0,0.0,0.0,17.608574902870302,0.0,0.0,12.075585515569545,0.0,23.06773331388663,19.512158255535986
458,54,6,Co26.21Cr8.93Cu10.72Mo11.47V8.43W34.23,1008.0230712890625,972.8093872070312,74.84725952148438,575.9193999999999,1055.3728271484374,136.23435248223154,0.1290864697078943,0.33577607390070874,0.5892012584797203,0.4897744262726049,0.0,30.002053607302493,10.219905515404957,12.272118863273361,0.0,0.0,13.129454785481123,0.0,0.0,0.0,9.652558116317111,39.1729618484058
459,175,4,Co31.71Mn27.79Nb17.53V22.96,841.3947143554688,1222.4320068359375,66.94036865234375,530.6978,1035.3106201171875,215.39240976736244,0.20804617047488805,0.17471040753117506,0.5765706982139414,0.48961707408898436,0.0,36.75369112772357,0.0,0.0,0.0,32.21376061418904,0.0,20.323891404152477,0.0,0.0,26.617109195953947,0.0
460,78,5,Co40.17Cr19.96Cu12.78Fe5.90Ni21.19,738.4017333984375,944.1981811523438,59.76033020019531,619.9547000000001,1050.2609700520834,199.47633518321575,0.18993025626128288,0.042782348618219834,0.5452191031396767,0.489180069350712,0.0,44.825591243655616,22.27060188770447,14.265686251476051,6.579920767772265,0.0,0.0,0.0,23.65033894515622,0.0,0.0,0.0
461,671,6,Co24.69Cu8.71Mn5.58Mo15.89V21.42W23.70,924.7900390625,1064.757568359375,72.14429473876953,587.4663999999999,1006.468115234375,157.82222536384526,0.15680797332272509,0.31632135412286033,0.5915502611392877,0.48908399698403426,0.0,26.588498067813944,0.0,9.383832141079042,0.0,6.008784071239404,17.112651783046335,0.0,0.0,0.0,23.0691821962918,25.515490723011837
462,96,6,Al19.93Cr18.01Mo13.64Ni3.50Ti23.03V21.90,1214.7183837890625,824.98828125,49.399227142333984,607.1647999999999,1329.20654296875,190.31400195457374,0.14317865267914806,0.150852288207582,0.5547053047161663,0.48874018390486296,38.6410647742304,0.0,34.91576358546029,0.0,0.0,0.0,26.449133899391736,0.0,6.77912537498709,44.65968588207066,42.47205099294002,0.0
463,957,5,Cr30.27Mn14.04Ti31.00V17.49W7.20,1093.4910888671875,1009.923583984375,56.36049270629883,566.0007999999999,1169.2295166015624,202.8052352277049,0.17345203174238263,0.19657154909571806,0.5712187473975076,0.48854142964276825,0.0,0.0,34.88579706925672,0.0,0.0,16.176044577223863,0.0,0.0,0.0,35.72841053868693,20.15290715155522,8.303022219000624
464,195,5,Cr33.75Cu11.07Mo21.26Ti15.33V18.60,1217.697265625,855.8207397460938,55.739444732666016,613.4706999999999,1013.0289184570313,183.00260995846992,0.18064894952575056,0.2657731405258992,0.5866813821290694,0.4883645166424519,0.0,0.0,34.7280946609232,11.385694663005978,0.0,0.0,21.871497102092107,0.0,0.0,15.769591822169762,19.132574047805356,0.0
465,42,6,Al22.95Fe9.54Mn7.41Nb16.08Ti19.47W24.55,1164.3846435546875,1099.2730712890625,50.284786224365234,613.2230666666666,1334.4188680013021,207.31083297019006,0.15535664096289425,0.2850767218030341,0.5840060281791989,0.4881515235778685,41.455757836761954,0.0,0.0,0.0,17.22160904137008,13.387928519998077,0.0,29.035936946007272,0.0,35.16861320151214,0.0,44.34448397861435
466,666,5,Co9.96Cr43.05Cu9.38Mn9.87V27.74,1010.1920166015625,947.2368774414062,68.36470794677734,575.9107999999998,1185.1291097005208,202.07127553165333,0.1705057059839803,0.28122253357899774,0.5866372465047104,0.4877663132929157,0.0,7.981151846363414,34.50992379214946,7.523187688519865,0.0,7.91490809269208,0.0,0.0,0.0,0.0,22.24146346011793,0.0
467,100,6,Cr25.19Cu3.27Mn24.05Mo10.15Nb14.15V23.18,1114.17431640625,1137.2086181640625,57.031864166259766,543.2710999999998,1191.9895629882812,183.1129627238193,0.1536196023938001,0.2846618608986681,0.583082124051975,0.48774485127379136,0.0,0.0,40.63960763950871,5.2771310625641235,0.0,38.79680667599482,16.379161171321467,22.82737818863697,0.0,0.0,37.393956032822956,0.0
468,94,6,Al27.13Fe8.67Mo24.68Ti13.17V21.61W4.73,934.5580444335938,794.5335083007812,46.94253921508789,757.3101333333334,1291.6222737630208,220.02538174274568,0.17034808566882506,0.12224332834307561,0.5545950386470713,0.48755935156124985,43.26347600659458,0.0,0.0,0.0,13.827051467179572,0.0,39.35366702118488,0.0,0.0,20.998081208090387,34.45696730943521,7.539302803829561
469,765,4,Co18.17Nb22.09Ni34.40V25.34,1149.0565185546875,1104.39208984375,68.16009521484375,393.7185999999999,990.3838745117188,188.99805568176828,0.19083313101694888,0.11809266017793185,0.558758510847558,0.4874316960577344,0.0,17.674737707593007,0.0,0.0,0.0,0.0,0.0,21.48202156822846,33.45436143003694,0.0,24.645060361232456,0.0
470,304,4,Al31.31Fe27.07Mn23.81Nb17.81,885.3825073242188,1085.103759765625,50.36320114135742,655.7502666666667,1050.1929524739583,191.2022636872201,0.18206393714298075,0.12219337513673378,0.5572964126829127,0.4873417533698208,32.6336596224365,0.0,0.0,0.0,28.212972026859603,24.81583033556737,0.0,18.556647356051236,0.0,0.0,0.0,0.0
471,18,5,Al24.49Co12.83Fe24.78Mn17.63V20.26,979.6173095703125,1120.0545654296875,56.77336502075195,575.6692666666665,1234.7959635416667,222.97648223152586,0.18057759242424168,0.20007693319467712,0.5721323854858436,0.4869726007408477,43.7929344060793,22.941922275603044,0.0,0.0,44.307446271112184,31.525648004609764,0.0,0.0,0.0,0.0,36.227490059119276,0.0
472,521,6,Al24.63Cu11.26Mo15.67Nb12.33Ti17.27W18.84,996.273681640625,815.2838134765625,53.7762336730957,654.6923333333332,1392.238016764323,196.66403393568436,0.14125748009147743,0.17261480343641256,0.5566496870224361,0.4868123563122842,24.715184308724652,0.0,0.0,11.301985902120467,0.0,0.0,15.724427530871276,12.377948904595597,0.0,17.32723629227177,0.0,18.909928356730237
473,128,5,Co25.89Cu9.87Mn29.70Mo4.58V29.96,809.4871826171875,996.0720825195312,72.79957580566406,543.8924000000002,1020.8211181640625,181.12008383910845,0.17742587865428497,0.10092722850420488,0.5511978013507065,0.48665588598629433,0.0,31.467893479441845,0.0,11.993224575426138,0.0,36.09807193069406,5.561424284403616,0.0,0.0,0.0,36.41318562379559,0.0
474,405,5,Fe12.23Nb17.79Ni35.67V24.85W9.46,1219.1630859375,1035.3646240234375,60.456947326660156,413.8857999999995,1007.2594116210937,177.11514541730844,0.17583866020398609,0.12089916709066384,0.5541246569634168,0.4859851584942875,0.0,0.0,0.0,0.0,11.952292295596532,0.0,0.0,17.382011076166307,34.8553629224911,0.0,24.279462797332606,9.242043009410397
475,378,6,Co24.25Cu20.43Ni13.63Ti14.96V16.89W9.85,859.7150268554688,988.9833984375,58.57878112792969,653.2697999999998,1084.983308919271,217.55238532842412,0.2005121954780332,0.19618155710699903,0.5752450965215219,0.4858807362306138,0.0,43.2647838077839,0.0,36.44145968737854,0.0,0.0,0.0,0.0,24.30925623836703,26.69748529274737,30.128390187850826,17.566236841542498
476,491,6,Al17.25Cr18.58Mn23.33Nb10.01Ni24.16W6.67,1147.666748046875,1189.8558349609375,51.39313888549805,499.96999999999974,1311.7650268554687,204.16378130744005,0.1556405126891182,0.15271457178200132,0.5553128326510058,0.485859790122326,31.630947781150752,0.0,34.07293029159713,0.0,0.0,42.78889849721433,0.0,18.35970021920687,44.31153311012525,0.0,0.0,12.241896414396695
477,321,5,Cr28.21Mn14.45Mo18.73Ni22.43V16.18,1265.5712890625,869.6314086914062,58.74802780151367,539.5919999999999,1179.1904947916667,240.41946392425825,0.20388517799809294,0.22023128639613165,0.5807627163721403,0.48574516459339073,0.0,0.0,43.841775158049956,0.0,0.0,22.466940090485476,29.108239858544575,0.0,34.86611396872722,0.0,25.154246404910115,0.0
478,710,4,Al24.60Co26.42Cr23.85Mn25.14,728.2894287109375,1187.7052001953125,63.46807098388672,589.1497666666664,1070.42841796875,235.3895772844018,0.21990221236005503,0.1718533332463299,0.5750896051314507,0.48574338539217093,35.429401713548735,38.050387606703886,34.36027659191439,0.0,0.0,36.206833622816305,0.0,0.0,0.0,0.0,0.0,0.0
479,955,4,Co41.00Cu21.43Nb27.38W10.19,753.6751098632812,1035.39501953125,67.53142547607422,666.8403999999999,999.9873779296875,208.8300435858295,0.20883267948659354,0.271453952021495,0.5919164303309824,0.48541747005503505,0.0,27.341908389986724,0.0,14.292037162356106,0.0,0.0,0.0,18.26133960084954,0.0,0.0,0.0,6.797484689541658
480,115,5,Cr25.67Nb19.38Ni22.08V21.35W11.53,1238.7626953125,967.3541870117188,58.259891510009766,513.2459999999998,1186.1495564778645,217.29059444231896,0.18318987960298913,0.22645662730391525,0.5763278453673119,0.4852390500057815,0.0,0.0,28.331417683317504,0.0,0.0,0.0,0.0,21.38748125010586,24.3700314396296,0.0,23.564093589914126,12.73284098832421
481,583,6,Co23.89Fe16.14Mn12.23Nb16.84Ti8.65V22.25,950.8807373046875,1254.1693115234375,56.79959487915039,521.8158,1118.6133382161458,202.6970846338516,0.1812038867309529,0.16577631050644637,0.5636572299080937,0.4852009961240663,0.0,27.176611421573995,0.0,0.0,18.360916244957338,13.918107649598838,0.0,19.16046506128133,0.0,9.837301710145672,25.318068349581036,0.0
482,623,6,Al17.46Co17.53Cr18.75Cu5.14Mo24.67V16.44,1329.3160400390625,814.0061645507812,52.35844039916992,574.2966000000002,1455.7426839192708,194.94248850271663,0.13391273791455804,0.25864779230034596,0.5703844667013152,0.48517672376260645,30.755672462633328,30.887583732586304,33.03796883241542,9.057900792905672,0.0,0.0,43.47073007313352,0.0,0.0,0.0,28.96505611805611,0.0
483,993,5,Al23.91Cu17.11Mn23.79V19.09W16.11,802.0017700195312,1065.7550048828125,57.88945388793945,632.104633333333,1513.9487711588542,186.02761199073382,0.12287576405134153,0.24666147488744916,0.5649865402083215,0.48493530421799635,29.548247863674852,0.0,0.0,21.139487777573173,0.0,29.392580639562215,0.0,0.0,0.0,0.0,23.587186529744326,19.90758955693321
484,310,5,Al24.77Co26.61Cu3.48Mo28.90Ni16.24,806.4140014648438,669.1393432617188,67.6860580444336,653.6773999999999,1196.813330078125,202.44613109534157,0.16915430836831202,0.13502405681586782,0.5536494420173863,0.48435605356213474,35.771959555739606,38.43140939359715,0.0,5.024402976711143,0.0,0.0,41.735557471584954,0.0,23.45100319800355,0.0,0.0,0.0
485,293,5,Al24.04Cr24.72Cu5.30Fe27.36Ti18.58,1230.1761474609375,880.6549072265625,51.86836242675781,567.0682333333333,1150.0155476888021,208.79544132709958,0.18155879870208527,0.14604179365316228,0.5587767716159955,0.48417871320984174,38.2548497253957,0.0,39.32808182952728,8.428293136360882,43.53971668066066,0.0,0.0,0.0,0.0,29.57035353390666,0.0,0.0
486,739,6,Al21.97Cr24.29Cu5.09Mn28.05Nb12.33W8.26,1043.567626953125,1233.4263916015625,49.28689193725586,560.6196999999999,1331.3318196614584,176.8321148522283,0.13282347213574042,0.2055650579634729,0.5583522802396723,0.4840334006130426,30.03711996065264,0.0,33.20654432865788,6.954423899222881,0.0,38.34459980898869,0.0,16.856907216570995,0.0,0.0,0.0,11.2927987133181
487,942,5,Cr26.84Mn17.03Ni26.67Ti11.18V18.28,1417.815673828125,923.2764892578125,51.665870666503906,513.0401999999998,1211.7559895833333,272.3791829991246,0.22478055428699237,0.15327395830396628,0.5706612312564504,0.48381130102390907,0.0,0.0,32.09403788467284,0.0,0.0,20.368876789337218,0.0,0.0,31.898003280750817,13.3679526377437,21.85854136881535,0.0
488,487,6,Al21.24Co3.67Cu8.22Fe28.65Ti22.45V15.77,1158.83544921875,988.1663208007812,55.262943267822266,553.8357666666665,1317.736922200521,230.1830001539518,0.17468054228120408,0.21178056917077304,0.5694650373783665,0.48343878797391093,31.21151298045771,5.400556175689978,0.0,12.087301579741082,42.099634312033004,0.0,0.0,0.0,0.0,32.99135578238613,23.169918027216838,0.0
489,205,4,Cu7.00Mn50.47Mo7.21V35.32,947.0715942382812,1010.6839599609375,54.591697692871094,536.1194999999999,1252.4868082682292,172.81479761170488,0.13797733953833016,0.07008071265310556,0.5318870007946817,0.483376523379478,0.0,0.0,0.0,5.145346940262614,0.0,37.10927989619387,5.301572994186369,0.0,0.0,0.0,25.974524526242607,0.0
490,141,6,Al15.71Co18.29Cr19.50Mn21.60V10.11W14.79,964.9031982421875,1185.7708740234375,61.07902908325195,537.1498999999999,1393.9302083333334,251.88930490565826,0.18070438778052755,0.2623803478035751,0.5809622442023168,0.48331007769646983,31.16591532775596,36.291429615385105,38.68788396127705,0.0,0.0,42.86153659655494,0.0,0.0,0.0,0.0,20.06037738968729,29.34341055521137
491,276,6,Co27.78Cu7.08Nb18.98Ni23.10V15.86W7.20,1024.5867919921875,899.8262329101562,78.10839080810547,499.4903999999999,1132.2359008789062,200.0579640814231,0.17669282869950217,0.14244082755957033,0.5557739375424514,0.48311256485566184,0.0,36.031943924771106,0.0,9.187080907921594,0.0,0.0,0.0,24.61282195576316,29.95680105300213,0.0,20.576779310052714,9.34136386344846
492,862,4,Al30.60Mn27.24Ti22.78V19.38,857.4446411132812,1081.6290283203125,54.67001724243164,681.146633333333,1411.797762044271,225.60723062221427,0.15980137997636215,0.28276811917652833,0.5795205597970337,0.48301659096763744,34.46738050771799,0.0,0.0,0.0,0.0,30.682292477910398,0.0,0.0,0.0,25.66354633982993,21.828207172349842,0.0
493,430,6,Al23.97Fe16.00Mn12.60Mo23.30Ni19.36Ti4.77,883.5443725585938,877.9741821289062,61.2155647277832,605.4072666666665,1301.028194173177,234.2242042169705,0.18003007564784057,0.15879340163629663,0.5596557256165595,0.4828895263773401,29.626782647437835,0.0,0.0,0.0,19.784103401559626,15.573774721736536,28.803742982192745,0.0,23.926147433936375,5.901917480186356,0.0,0.0
494,896,4,Co23.81Nb43.89Ni24.18Ti8.12,923.4658813476562,965.16259765625,67.66632080078125,513.4651999999999,1246.0012247721354,238.2003864795513,0.19117187186000767,0.11428112761480935,0.5533891056604843,0.48273991217252055,0.0,14.79874060270327,0.0,0.0,0.0,0.0,0.0,27.276269093143604,15.025635461844432,5.046386527258008,0.0,0.0
495,540,5,Al19.55Cr20.74Mo17.64Ti18.65W23.42,1057.5386962890625,925.3968505859375,50.65259552001953,605.5947666666665,1223.8115356445312,172.47436918192471,0.1409321322429679,0.1480646122700504,0.5475452259692503,0.4826992704544982,32.71125775407691,0.0,34.71534880583217,0.0,0.0,0.0,29.52312109359989,0.0,0.0,31.20485840988653,0.0,39.19917298681055
496,508,6,Al23.41Co13.71Cu10.43Mo17.43Ti4.31W30.71,773.811279296875,925.290283203125,62.582027435302734,629.3585333333331,1428.0149088541666,169.35041460701314,0.11859148917632746,0.25643060680721264,0.5631487090941132,0.48221471543858885,31.103603543917234,18.20811082724463,0.0,13.859584426195603,0.0,0.0,23.153724793021798,0.0,0.0,5.726602470642989,0.0,40.800492813800645
497,278,6,Al20.74Co18.85Fe20.61Mn9.94V13.51W16.35,946.0994873046875,1151.6949462890625,60.17911148071289,526.0269999999999,1526.3012613932292,216.0418664152891,0.14154601839094536,0.2456714035210943,0.5666939796528699,0.48217319435091477,29.84560873012467,27.1281162616826,0.0,0.0,29.650333903786795,14.302110923506934,0.0,0.0,0.0,0.0,19.44131921955325,23.522115948862282
498,439,5,Co15.29Cr36.46Cu11.36Ni7.69Ti29.21,805.72265625,956.7088623046875,64.46187591552734,577.6305999999998,1087.645389811198,186.5019632637176,0.1714731336250063,0.1675263191764491,0.5584162515319449,0.4820427042904034,0.0,15.310229686028759,36.520663165110996,11.377895206066569,0.0,0.0,0.0,0.0,7.697824454547451,29.254251424477673,0.0,0.0
499,492,5,Al28.94Cu10.13Mn17.85Mo18.40V24.68,799.1792602539062,983.2149047851562,55.81480026245117,719.8780666666665,1375.672900390625,242.68318380639434,0.1764105287946604,0.26348296975187746,0.5785828421574822,0.48178361600844166,33.69434797174551,0.0,0.0,11.798308937540007,0.0,20.780147403411352,21.42367381857293,0.0,0.0,0.0,28.738771916128503,0.0
500,207,6,Co21.22Cr24.44Fe9.65Mn10.28Mo25.33Ni9.09,751.395263671875,1004.1874389648438,61.364662170410156,557.9927,1107.140576171875,200.41874706839369,0.18102375739978321,0.05550693373662985,0.5379925414127777,0.48163521531550596,0.0,35.873827024104195,41.309246690619304,0.0,16.315523268094125,17.37128596216553,42.81407572059055,0.0,15.364426933664408,0.0,0.0,0.0
501,551,6,Al24.75Cu7.89Mo14.56Nb11.41Ti25.22V16.17,979.4963989257812,781.2855834960938,47.99814987182617,653.8991333333332,1347.1234741210938,194.4294889972708,0.14432937494769943,0.044814551364597444,0.5265788554797944,0.48153360146995006,31.609023348290172,0.0,0.0,10.074770409152652,0.0,0.0,18.598247698718744,14.567065918954219,0.0,32.20476725606486,20.64850029580256,0.0
502,109,4,Co47.97Mo26.24Ni14.54W11.25,770.5237426757812,892.68701171875,67.75286865234375,570.9384999999999,1158.274755859375,131.2289457950344,0.11329690570495933,0.1689541352245637,0.5436420917767897,0.48152703830563703,0.0,41.416445867823235,0.0,0.0,0.0,0.0,22.65983948394892,0.0,12.556134536020455,0.0,0.0,9.714404717417708
503,247,4,Al29.59Fe16.25Ti18.87W35.29,1020.04150390625,1097.3697509765625,50.63493728637695,705.1451999999997,1373.801688639323,217.9388630984767,0.15863924531519064,0.38196588517356334,0.5973403675580173,0.481287379194507,36.082775869970604,0.0,0.0,0.0,19.81560556565638,0.0,0.0,0.0,0.0,23.003390253356688,0.0,43.02154416612729
504,95,5,Co28.24Cr27.77Fe10.58Mn16.37Nb17.03,771.5830688476562,1074.1099853515625,74.89572143554688,546.4487999999999,1045.1782552083334,208.08673684170006,0.1990921030022984,0.12327120679641168,0.5553608225412376,0.48093355543138067,0.0,42.99843585989579,42.2813442760403,0.0,16.112160369319845,24.9208531197299,0.0,25.923281104896404,0.0,0.0,0.0,0.0
505,163,5,Co25.29Cr21.94Cu6.08Ni31.13V15.56,1045.7879638671875,887.8533325195312,74.80286407470703,425.8711999999999,928.230908203125,164.3255335105885,0.1770308789099588,0.02941230985996346,0.5309076180546668,0.4807674363551844,0.0,34.66306060738376,30.080613831737622,8.329638565141424,0.0,0.0,0.0,0.0,42.670874330056485,0.0,21.330573020428567,0.0
506,452,5,Al22.25Co14.48Cr23.73Mn27.68Ti11.87,1010.7022094726562,1098.7115478515625,55.76896286010742,559.7796999999998,1387.6733154296876,226.17270709995194,0.16298699743312312,0.2156630137212736,0.5644461062405701,0.48056675413803457,32.18586297925602,20.9405664506225,34.32125948859395,0.0,0.0,40.03363576986963,0.0,0.0,0.0,17.164328690225695,0.0,0.0
507,682,6,Cu9.61Fe4.33Mo29.94Nb13.40V16.43W26.29,1124.2069091796875,919.9923706054688,48.596683502197266,609.9476999999997,1151.3832641601562,167.5729034039396,0.1455405064673846,0.1666947997070065,0.5499000770474518,0.4801759904892044,0.0,0.0,0.0,12.78424568195377,5.760458597343915,0.0,39.828912865714734,17.82783518124185,0.0,0.0,21.86459147241419,34.9720518459128
508,936,5,Cr23.16Cu10.92Nb14.29Ni18.74Ti32.89,951.7322387695312,963.5447998046875,65.73833465576172,525.0923999999997,979.9091593424479,219.2994919029052,0.2237957363824036,0.1293241721213363,0.5615459924094031,0.47973222388953496,0.0,0.0,31.657646975333666,14.93276897596365,0.0,0.0,0.0,19.5338185671756,25.61222686234516,44.95000603850301,0.0,0.0
509,939,5,Cu12.57Mo22.18Nb18.10Ni24.34V22.81,1234.467041015625,980.5484008789062,55.023162841796875,579.4451999999997,990.1247436523438,211.09070128014244,0.21319606709501784,0.2756645133790345,0.5879554933942974,0.47952357394473605,0.0,0.0,0.0,11.404446765695987,0.0,0.0,20.13109654509889,16.42723911606186,22.085724431763694,0.0,20.7043179745713,0.0
510,280,6,Al28.25Cu6.91Fe7.01Mn15.92V20.70W21.20,892.1654052734375,1094.45849609375,53.44881820678711,699.1070666666666,1360.5314371744792,224.60923656361678,0.16508933967015135,0.33402782745088033,0.5875701808492674,0.4794922804415535,28.524472971565807,0.0,0.0,6.975797560804457,7.077909105203965,16.071452611793504,0.0,0.0,0.0,0.0,20.897588861078784,21.407325630587167
511,856,4,Cr22.00Fe7.68Mn44.82V25.50,1042.3209228515625,1180.7493896484375,51.20881652832031,534.6050999999999,1189.8816365559896,186.24874977830245,0.15652712341824476,0.16095602320273283,0.5506523172339317,0.47932933173882397,0.0,0.0,17.16874360204438,0.0,5.989551106212698,34.975954132944274,0.0,0.0,0.0,0.0,19.89902246246753,0.0
512,636,5,Al29.10Cu10.54Fe16.66Mo25.08V18.62,893.661865234375,812.4933471679688,53.7585334777832,714.4525333333333,1327.7572916666666,210.4315803264327,0.1584864806596457,0.22036715672049523,0.5628627117441869,0.47916766023517643,31.18866749402605,0.0,0.0,11.30070008158402,17.853094984031095,0.0,26.883948999978927,0.0,0.0,0.0,19.962347985460802,0.0
513,667,5,Al17.19Co25.45Cr20.01Ni19.39W17.96,915.3824462890625,1051.4837646484375,75.66626739501953,490.7839999999999,1083.772509765625,244.78762237019342,0.22586624052969456,0.09230370856672776,0.5537207717355215,0.4787934698897523,30.371331426183634,44.96372119913567,35.362879922843256,0.0,0.0,0.0,0.0,0.0,34.25569691042948,0.0,0.0,31.739587592144744
514,802,6,Al25.40Cu9.82Fe9.87Mo19.33Nb10.20Ti25.38,1007.655517578125,787.9506225585938,48.16274642944336,677.3317333333332,1230.5998697916666,212.6849232885023,0.17283028262022213,0.09316591357805803,0.5405905294906176,0.47874977611995045,38.874750628675294,0.0,0.0,15.027950665332721,15.10522729328434,0.0,29.576233847077916,15.61703247011428,0.0,38.843073454080184,0.0,0.0
515,950,6,Al25.18Cu10.77Mo13.83Ni15.92Ti20.08V14.22,956.3314819335938,575.8189697265625,58.25119400024414,680.8729999999999,1446.81279296875,246.0856989664793,0.1700881414391769,0.1520840737539093,0.5515249359129152,0.4785860858023391,31.530764694218405,0.0,0.0,13.48649727078058,0.0,0.0,17.316817559420265,0.0,19.928448806855307,25.1389451526418,17.799084681804935,0.0
516,390,5,Al28.44Mo16.08Nb14.93Ni30.37W10.18,773.3172607421875,892.8749389648438,62.170738220214844,680.6230666666664,1009.7691650390625,220.89288475150005,0.21875582301322788,0.21562009813366012,0.5762918923559013,0.47847891697586226,28.989547004501063,0.0,0.0,0.0,0.0,0.0,16.388562503703547,15.218485717994676,30.956141809662316,0.0,0.0,10.381287743466483
517,859,5,Al25.15Co19.13Mo26.37Nb12.27Ti17.09,932.2395629882812,847.2021484375,51.734676361083984,666.5024666666666,1179.3905639648438,204.62217295915778,0.17349822799265446,0.12513513572302148,0.5468414446634795,0.4784398605207116,32.96052751931485,25.074791521760773,0.0,0.0,0.0,0.0,34.56493890513358,16.07751588496096,0.0,22.395299584593843,0.0,0.0
518,691,5,Al30.13Cu8.53Fe21.66Mo22.69Ti16.99,958.91015625,651.5245971679688,54.969669342041016,732.8008666666666,1255.9170166015624,210.28543782980685,0.1674357740599987,0.22790844327599913,0.5658511506474653,0.4784105184772658,34.612478264213706,0.0,0.0,9.80205975129458,24.880206509694933,0.0,26.07208236640224,0.0,0.0,19.52242595418588,0.0,0.0
519,292,5,Cu5.91Fe23.08Nb21.42Ni24.11V25.48,1158.4263916015625,951.8824462890625,65.76403045654297,490.3035999999997,923.7190388997395,244.01663030722986,0.2641675877958335,0.16744275017352217,0.5778884628177996,0.47835801583413684,0.0,0.0,0.0,6.496361431318428,25.346040612334537,0.0,0.0,23.521400721247627,26.478349950620405,0.0,27.989231146298444,0.0
520,525,6,Al17.46Cr18.98Fe13.03Mn21.68Nb7.61Ni21.24,1094.4156494140625,1153.688720703125,47.72844314575195,481.1453999999997,1459.3285319010417,217.59363492842277,0.14910531122485993,0.03092827343658644,0.5217392757612301,0.47827729326769786,33.522178773335995,0.0,36.45123372633202,0.0,25.024258329171744,41.64331339141914,0.0,14.610068391380425,40.78930951980536,0.0,0.0,0.0
521,578,6,Al21.02Cu8.20Fe15.78Mo12.14Ti25.99V16.89,1042.7196044921875,919.5048217773438,54.75392532348633,577.4559999999999,1535.7924235026042,204.6513732341806,0.13325457926628037,0.1986022986360726,0.5512226224490561,0.4781885179052715,30.959159173518554,0.0,0.0,12.077876730987834,23.23972753107269,0.0,17.881286113708434,0.0,0.0,38.28093906742309,24.874559935803944,0.0
522,296,5,Co39.76Cu11.21Mn19.19Mo8.76Nb21.08,715.3655395507812,1058.9830322265625,67.66950225830078,617.2478000000001,1109.960693359375,198.34855519603556,0.17869872003820203,0.24118326967838222,0.571035270489163,0.47812393654393603,0.0,39.46949232090011,0.0,11.123686648236264,0.0,19.048542042623016,8.6935579027243,20.92196802077629,0.0,0.0,0.0,0.0
523,996,5,Al26.64Cu13.14Mn24.04Ti27.63W8.55,913.361572265625,975.846923828125,53.30080032348633,695.8336999999998,1463.5132405598958,223.5131886794647,0.1527237215796936,0.296711631583778,0.5755353168177738,0.47801206010609476,30.362824683841378,0.0,0.0,14.977112249961237,0.0,27.40081629592118,0.0,0.0,0.0,31.49063682361784,0.0,9.742936393066357
524,481,6,Co11.84Cu10.94Fe5.41Mo33.69Ni17.53V20.59,1061.0294189453125,896.483154296875,55.688114166259766,562.0274999999998,1197.5412312825522,206.5426530801162,0.17247226874928684,0.1420895439817853,0.5495310237178119,0.47799504773413315,0.0,14.277289590923788,0.0,13.187447821790236,6.521777360550999,0.0,40.6117845943586,0.0,21.130704700949448,0.0,24.817867457442706,0.0
525,849,6,Al20.39Mn26.81Mo7.21Nb17.71Ti16.58V11.29,1101.5009765625,990.3984375,53.05989456176758,562.0811,1480.8032307942708,182.1303879860014,0.12299432105392599,0.23542912326206245,0.5553497360453065,0.47751533112941247,33.70114145272242,0.0,0.0,0.0,0.0,44.32048668431925,11.918370230062882,29.266830970585726,0.0,27.408526871913693,18.668359863022534,0.0
526,590,4,Al27.45Co10.89Mo32.12Ti29.54,728.2324829101562,735.1410522460938,55.68281936645508,773.2804666666668,1168.1308024088542,238.06323583999676,0.2037984405077548,0.1544078681066522,0.5590574599750286,0.47722627622675956,30.427419070984254,12.067199560538132,0.0,0.0,0.0,0.0,35.596160323143586,0.0,0.0,32.73681948010999,0.0,0.0
527,545,5,Al17.82Cr20.64Fe22.80Mo23.49W15.25,1063.6861572265625,969.4883422851562,55.500892639160156,510.6008999999999,1188.4590128580728,139.3699338146442,0.11726944918317342,0.16241366961995574,0.5387793944297294,0.4769792982099449,29.050892777560083,0.0,33.64845617899785,0.0,37.16713817552539,0.0,38.293081826556104,0.0,0.0,0.0,0.0,24.854535076726833
528,575,6,Cr21.08Fe15.56Mn19.19Mo5.59Ni11.81V26.77,1022.4569091796875,1108.0108642578125,52.29796600341797,544.7383999999998,1267.7005615234375,237.9127680837611,0.18767268494213926,0.11934987609385384,0.547654449213352,0.4768663027590465,0.0,0.0,34.469079490657684,0.0,25.43943475967832,31.375388562688894,9.14654461786983,0.0,19.31478462879184,0.0,43.77001905077368,0.0
529,513,6,Co22.85Cu12.78Fe10.48Mo14.86Nb16.49Ti22.53,876.0768432617188,921.6766357421875,57.96523666381836,614.4155999999999,1072.5778361002604,170.98874388437815,0.15941849451790724,0.1844014025646673,0.5535180967064902,0.47678319256407997,0.0,26.846463274643035,0.0,15.020893992097372,12.313352493757089,0.0,17.465356233913496,19.379513354578666,0.0,26.47129077975359,0.0,0.0
530,617,6,Cr21.58Fe22.42Mn7.70Nb9.01Ni24.22V15.06,1279.927978515625,844.8738403320312,54.374786376953125,492.1461999999996,1016.0873209635416,205.17728341900983,0.20192879015992743,0.09490429457455918,0.545131386405304,0.4756683299504103,0.0,0.0,36.86157705514824,0.0,38.298702658573205,13.159493012125479,0.0,15.395342891727385,41.35991131381327,0.0,25.717022199108555,0.0
531,546,4,Fe15.03Nb21.28V25.84W37.85,1179.7255859375,1156.12939453125,47.144222259521484,561.5995999999998,1110.4853800455728,208.09912641360287,0.18739474661527086,0.1940865043902701,0.5612077930850915,0.4755418055532198,0.0,0.0,0.0,0.0,13.470093674603918,0.0,0.0,19.072534108907234,0.0,0.0,23.16451011252746,33.929998091106484
532,642,5,Al24.48Cu9.62Mo31.15Ti16.82W17.93,942.2300415039062,713.042724609375,55.78586196899414,652.1959333333331,1356.3265177408855,219.59601629357485,0.16190497894219213,0.14292167366003428,0.5445091156568851,0.47544853618933025,32.571621239401495,0.0,0.0,12.793124295909486,0.0,0.0,41.441589536645694,0.0,0.0,22.374894212584998,0.0,23.848826994474155
533,2,6,Al8.24Cu11.23Nb21.47Ni21.42V17.00W20.64,1110.176025390625,914.08740234375,62.57176971435547,545.3825999999995,1133.1796712239584,200.19937826869167,0.17667046396310163,0.3088807364110491,0.5806832435024065,0.47473948022942125,15.706737487771903,0.0,0.0,21.423947889530663,0.0,0.0,0.0,40.943876422758805,40.85026865886316,0.0,32.428510752987236,39.359221884888804
534,69,5,Co19.14Cr19.72Fe20.26Ni22.95V17.92,1074.0440673828125,846.5265502929688,65.87442779541016,441.1041333333331,1061.2041748046875,242.6906640022751,0.22869365741700162,0.020289623712474003,0.5358975875087512,0.474666248412006,0.0,37.28502741046755,38.41828738423713,0.0,39.4648095920954,0.0,0.0,0.0,44.71471976877994,0.0,34.914392632043274,0.0
535,454,5,Co7.44Cu11.36Mo28.04Ni32.39V20.77,1097.803955078125,903.4656982421875,61.631690979003906,450.61799999999954,917.4613077799479,139.1459811381733,0.15166414099236034,0.13569590395293762,0.5395881272322227,0.4745329111935451,0.0,7.869718869975639,0.0,12.017695289077112,0.0,0.0,29.66498651126461,0.0,34.27134757644872,0.0,21.97898019761495,0.0
536,450,6,Co15.99Cr24.79Nb10.43Ni10.92V15.81W22.06,1123.1571044921875,964.70458984375,54.937355041503906,561.3256,1146.5155965169272,170.9561274454523,0.1491092907630832,0.256287085450148,0.5629894195426328,0.4744546797618324,0.0,22.877758036818744,35.461171284830186,0.0,0.0,0.0,0.0,14.92362944558515,15.625934725524296,0.0,22.6113234289696,31.559597826089593
537,938,6,Al19.48Fe22.19Mn22.71Mo7.04Ti13.31V15.27,1096.248046875,1009.742919921875,51.57719802856445,514.4014666666665,1561.3195475260416,172.93582696541196,0.11076260925537892,0.1571394557295941,0.53348692327618,0.47436837981641644,29.809689382023304,0.0,0.0,0.0,33.96131336099287,34.75515844990295,10.780563896769205,0.0,0.0,20.36195781372416,23.370530056604487,0.0
538,715,5,Cr28.01Cu10.90Mn25.60Ni16.96V18.54,912.151611328125,984.7278442382812,62.53356170654297,533.7886999999998,1158.8799112955728,193.1143702707135,0.16663881079345036,0.1966590100662059,0.5553199271313604,0.4743284224197566,0.0,0.0,35.07245898201479,13.644189479497644,0.0,32.05014846327238,0.0,0.0,21.2298895714735,0.0,23.209212137842265,0.0
539,932,6,Co11.94Fe20.53Mn6.20Mo25.67Nb20.83V14.82,1241.7515869140625,789.560546875,57.10030746459961,528.1516999999997,1101.5971801757812,222.28762000018105,0.201786663946172,0.16355867153829218,0.5574274429817565,0.47426904268755504,0.0,16.386026125172897,0.0,0.0,28.169964663636783,8.512080507444978,35.2244285511542,28.57329392774644,0.0,0.0,20.331910870751575,0.0
540,853,5,Al18.97Cr22.93Mn23.28Mo23.90V10.92,1176.197021484375,976.4777221679688,52.01764678955078,573.6799999999998,1288.7399169921875,172.09289022512095,0.13353578014931944,0.2851423043081076,0.5646637092890376,0.47425130339008625,33.192276710291914,0.0,40.1321275559787,0.0,0.0,40.739717712713244,41.83033976985305,0.0,0.0,0.0,19.117810347163985,0.0
541,584,5,Co9.58Cr7.45Nb20.76V29.48W32.73,1076.0126953125,1052.2142333984375,52.012699127197266,570.8771999999997,1095.3165893554688,212.93358223958654,0.1944036859378582,0.17334063763258356,0.5574996606951603,0.474230611684179,0.0,8.34416995177499,6.494690639225734,0.0,0.0,0.0,0.0,18.094921319403603,0.0,0.0,25.68988755227278,28.51852654054071
542,461,6,Al21.72Co10.88Cu9.47Fe17.01Mo22.98Ni17.94,876.4388427734375,837.946533203125,71.32180786132812,563.6744999999996,1318.970076497396,229.70498551519458,0.17415481185531512,0.1648055593411184,0.5503473175724406,0.4738475027403881,30.937027269074402,15.491094968129023,0.0,13.490906923617086,24.232907982147957,0.0,32.73201268458893,0.0,25.55389692316359,0.0,0.0,0.0
543,598,6,Al18.49Co28.48Cu6.96Mn27.92Nb9.57Ni8.57,740.668212890625,1125.154052734375,61.4183235168457,529.6041999999998,1317.0964111328126,173.16431818389506,0.1314742920261694,0.1683207504890446,0.5399914016744005,0.47345867857004925,27.933715396527564,43.03507020063428,0.0,10.520768114469679,0.0,42.184794683573905,0.0,14.466982103746687,12.95180118948184,0.0,0.0,0.0
544,633,6,Co4.38Cr28.09Fe7.15Ti26.77V18.61W15.00,1030.491455078125,1059.6585693359375,55.49390411376953,563.1053999999999,1113.434208170573,194.47901081205208,0.17466592043331475,0.23026224472794832,0.5630290998230025,0.4733101707690842,0.0,5.619032534209815,35.99415109216797,0.0,9.161538964295088,0.0,0.0,0.0,0.0,34.31070670468,23.850492404435524,19.22110166646668
545,185,6,Al21.22Cr21.73Cu3.58Fe21.69Mo18.87Ti12.91,1212.168212890625,822.5794677734375,50.81640625,554.7314333333333,1282.3012980143228,212.9296548514156,0.16605274843060888,0.13056468921993802,0.5408664032585969,0.4732402783069571,35.10732786002418,0.0,35.94277443879371,5.918754105900557,35.88761092486731,0.0,31.210746442357543,0.0,0.0,21.35708791557411,0.0,0.0
546,156,5,Co28.62Cr32.26Mn5.40Ni21.44V12.28,941.10791015625,835.3759155273438,74.118896484375,501.22679999999997,1035.4502278645834,223.3595140176771,0.21571245822052987,0.049366380465622806,0.5369370271887541,0.4731356365404971,0.0,32.96252628768169,37.15716706905524,0.0,0.0,6.2242453117602246,0.0,0.0,24.69035273255593,0.0,14.144056956179721,0.0
547,214,6,Al21.35Fe18.47Mn16.90Mo11.33Ni5.80W26.15,920.0534057617188,1106.4940185546875,56.38455581665039,541.2011999999999,1535.2677652994792,144.16054864768972,0.09389928708596891,0.25758522048543586,0.5478485209518669,0.4728566550832875,35.59335863022906,0.0,0.0,0.0,30.789286757042845,28.181669404513833,18.89976044032275,0.0,9.672430617500554,0.0,0.0,43.601606320600474
548,522,6,Cr24.54Cu9.38Mo25.41Ni11.72Ti13.66V15.29,1219.8424072265625,782.9254150390625,53.95549392700195,609.9084999999997,1168.9856811523437,209.14405549539447,0.17891070769081435,0.2637162589466523,0.5702462414104573,0.4727753126984232,0.0,0.0,33.90370680351122,12.959502736487224,0.0,0.0,35.10906436790695,0.0,16.195858670678284,18.87207963378404,21.132744893081433,0.0
549,886,4,Mo11.21Nb17.42Ti49.18V22.19,1036.0206298828125,937.0589599609375,48.830448150634766,559.2367999999998,1218.5671712239584,196.23395244191005,0.1610366314438029,0.04327915269439597,0.5215356942651164,0.47262070586528643,0.0,0.0,0.0,0.0,0.0,0.0,10.110674090510539,15.720680707316433,0.0,44.36724279591687,20.02257125813968,0.0
550,342,6,Co30.50Cu4.62Mn13.24Nb15.78Ti13.47V22.39,942.5484008789062,1152.3170166015625,57.00675582885742,558.8306,1079.081229654948,228.5743087448366,0.21182307917442564,0.1997258935996009,0.5652018749780349,0.4723009264645083,0.0,35.26668184110257,0.0,5.343407953775168,0.0,15.306143037056003,0.0,18.244997692811445,0.0,15.579522900674935,25.891716107637727,0.0
551,226,5,Co25.47Mn18.93Nb16.32Ni21.93V17.34,865.5690307617188,1019.7155151367188,74.31719207763672,486.91059999999993,1152.7788370768228,219.71600675642142,0.1905968427678372,0.1084509768301789,0.5414581969696468,0.4721187909116517,0.0,34.29954723177235,0.0,0.0,0.0,25.49534615376715,0.0,21.968447328205094,29.533868796856982,0.0,23.35145933826033,0.0
552,794,4,Co30.59Cu18.23Nb21.34Ti29.83,768.6886596679688,964.8102416992188,59.876731872558594,632.6722,1012.858719889323,257.37736656891576,0.2541098393239285,0.10768847487073197,0.5570412314456618,0.47197607664053326,0.0,25.725559779346302,0.0,15.333331503803297,0.0,0.0,0.0,17.94259681878931,0.0,25.087816305754195,0.0,0.0
553,532,6,Co7.47Cr21.88Cu9.57Ni20.13V16.58W24.37,1030.7542724609375,861.664794921875,59.760616302490234,532.9957999999996,1078.5385131835938,179.97900336558078,0.16687304270139117,0.16905710429774068,0.5472517985848799,0.471722117049984,0.0,10.903491104392586,31.9483812064422,13.975293845080243,0.0,0.0,0.0,0.0,29.398504083708428,0.0,24.2035147056251,35.58875245564218
554,114,5,Co37.11Fe10.57Mo7.39Nb27.74Ti17.19,919.85400390625,1023.7303466796875,56.10215377807617,578.1222,1084.0069295247397,202.98785207620728,0.18725696907233155,0.16087631729625307,0.5507059218566263,0.4717164161292928,0.0,40.92783212611735,0.0,0.0,11.655543732603919,0.0,8.1463547651126,30.585914045977624,0.0,18.957986042345166,0.0,0.0
555,249,6,Co25.62Fe9.83Mo26.45Ni4.63Ti17.06V16.40,942.20458984375,988.5153198242188,52.759376525878906,591.7067,1161.9990559895834,174.17043631988122,0.14988862118442423,0.16204017727225006,0.5413265033889954,0.4714463126384393,0.0,39.362199336121634,0.0,0.0,15.09749059753086,0.0,40.63268171070014,0.0,7.113172520492647,26.21052649212229,25.19934212413675,0.0
556,829,5,Co7.77Cr30.01Fe20.35Nb14.22Ti27.66,1091.0108642578125,1073.10693359375,56.331748962402344,477.8865999999997,1094.3995157877605,197.22336982801502,0.18021149222279353,0.14768498111302808,0.5459890174548497,0.4713991481765457,0.0,10.146869323517455,39.21569042151652,0.0,26.583625873302246,0.0,0.0,18.576535529830807,0.0,36.13784279382864,0.0,0.0
557,423,4,Al24.20Cr25.35Fe22.35Mn28.10,895.2752075195312,1217.172119140625,54.009403228759766,504.9211999999999,1301.73525390625,227.61811471944992,0.17485745587392906,0.09397170054059956,0.5339009298268244,0.47139222575022216,30.942820705035025,0.0,32.41345536295411,0.0,28.567038394100955,35.91906261784857,0.0,0.0,0.0,0.0,0.0,0.0
558,610,4,Cr32.99Nb17.45Ni42.38Ti7.18,1030.8709716796875,958.5231323242188,63.86774826049805,435.1217999999998,1156.4182535807292,242.9602776921782,0.21009723509627845,0.07806901733874405,0.5394864248485878,0.47134831260676935,0.0,0.0,34.94457697407831,0.0,0.0,0.0,0.0,18.485891370023317,44.887643719161304,7.600020125390881,0.0,0.0
559,227,6,Co23.66Cr22.46Nb12.02Ti5.77V13.48W22.62,1078.3349609375,1183.9549560546875,51.59089660644531,565.8306000000001,950.5562906901042,155.66252348041004,0.16375939542454554,0.28548199230383964,0.5691261077038718,0.4710898603869676,0.0,39.86779996042252,37.851569198377746,0.0,0.0,0.0,0.0,20.25136678367304,0.0,9.717351006410555,22.719168577408823,38.12577958267663
560,650,6,Al3.37Cr22.49Nb10.29Ti22.00V15.15W26.71,1162.8770751953125,1110.80419921875,42.12358093261719,571.3673999999999,1031.5720458984374,189.87890513919305,0.18406751704270924,0.10011370184016843,0.5367514960558354,0.47071187642712436,5.05366231506995,0.0,33.75980168014317,0.0,0.0,0.0,0.0,15.44354982169543,0.0,33.03017928936247,22.74601981348855,40.09902334274854
561,954,4,Al21.57Cr23.02Mn26.60Ti28.82,1114.427490234375,1144.45849609375,50.280311584472656,556.0416999999999,1316.544091796875,194.0715330700029,0.1474098241594977,0.2707514505158355,0.5610896541817314,0.4700869080386899,31.334773497269094,0.0,33.43726774897566,0.0,0.0,38.63990999190348,0.0,0.0,0.0,41.861020844214444,0.0,0.0
562,961,6,Al19.85Co21.68Cu6.66Mo22.22Ni16.75V12.84,974.6942138671875,735.7335815429688,63.98488235473633,571.8556999999998,1144.8141235351563,212.54058797276164,0.18565510645207783,0.20144505366699228,0.5561124619632435,0.46940967461682553,32.16669096100693,35.1248677455643,0.0,10.787833000820426,0.0,0.0,35.997059061498746,0.0,27.14791015221125,0.0,20.812561755855487,0.0
563,817,6,Cu10.46Mo27.33Nb14.80Ti10.39V15.92W21.09,1082.49560546875,991.5238037109375,44.1240348815918,625.9648999999997,1180.7113118489583,182.4088101881444,0.15449060948056617,0.15741390248891407,0.5394478649887428,0.46934243212081844,0.0,0.0,0.0,14.017141458345616,0.0,0.0,36.61335984506091,19.82606316017459,0.0,13.91408222847584,21.32674998263709,28.246812629752174
564,233,5,Co24.66Cr27.81Fe21.42Mo19.20W6.91,763.463623046875,953.0556640625,68.47122192382812,502.4447000000002,990.7876180013021,164.6489718831126,0.1661798844592507,0.06888071578691402,0.5246371111024514,0.4693159968302559,0.0,38.728306851369744,43.675271629642054,0.0,33.63539622158468,0.0,30.153044007721128,0.0,0.0,0.0,0.0,10.855161976811967
565,488,4,Cu11.98Ni36.97Ti21.25V29.79,1192.6697998046875,909.3827514648438,58.44634246826172,448.66859999999946,948.7170247395833,165.8235180031678,0.1747871216379671,0.13780925725527982,0.5404687832232993,0.46921015136275157,0.0,0.0,0.0,10.514435805763304,0.0,0.0,0.0,0.0,32.43735248173325,18.646083674612896,26.137636159727087,0.0
566,778,5,Mn5.85Mo26.52Nb16.03V17.39W34.20,1080.6651611328125,938.1557006835938,46.4196891784668,598.8044999999997,1168.513846842448,163.64416479007798,0.1400446945770274,0.142772625986747,0.532690636903843,0.4691249380622367,0.0,0.0,0.0,0.0,0.0,7.424792020547567,33.64677637154084,20.341307752754705,0.0,0.0,22.065113479590693,43.38109945410994
567,239,6,Cr38.64Cu6.67Mn5.60Ni20.21V18.13W10.75,1011.388671875,848.9196166992188,63.45795440673828,514.1397999999997,1144.0080932617188,223.12784925859057,0.1950404464556046,0.16728059392343708,0.5512060820048308,0.46898985160624224,0.0,0.0,44.69941961559039,7.716065092744183,0.0,6.477571947596978,0.0,0.0,23.380374763606618,0.0,20.974605585788975,12.43528811435807
568,383,6,Al19.35Cu7.37Nb10.35Ni20.58Ti21.92W20.44,1107.074951171875,985.2037353515625,53.03056716918945,539.1241333333329,1331.4770629882812,206.91494057264907,0.15540255729848063,0.19696078794753857,0.5471601001228097,0.4689173032086818,31.722493024201395,0.0,0.0,12.087035768591518,0.0,0.0,0.0,16.967196803920817,33.74401075845396,35.94939941213488,0.0,33.511993563899935
569,593,6,Co16.48Cu8.69Mo26.06Nb12.02Ni19.53V17.22,1179.99560546875,824.9069213867188,54.07252883911133,541.2827000000001,1203.2704996744792,201.97400971213725,0.16785420216549585,0.17017364917578404,0.5448042340588946,0.4688059536823637,0.0,25.603833472190498,0.0,13.49768792338108,0.0,0.0,40.4930788486044,18.679425255776728,30.352205829704406,0.0,26.76428095633076,0.0
570,683,5,Cr23.55Ni5.86Ti24.29V17.95W28.35,1064.496337890625,1131.1617431640625,49.18271255493164,566.9133999999998,998.2128458658855,168.50323399084647,0.16880491439146,0.2054885085758168,0.5517558086303721,0.46845687831734373,0.0,0.0,32.63503231604695,0.0,0.0,0.0,0.0,0.0,8.113517313438116,33.65326191101744,24.875954371200443,39.28477306424928
571,256,5,Co24.82Cr25.43Mn13.42Mo22.84Ni13.49,750.6821899414062,958.0581665039062,71.04005432128906,552.7577,1037.15478515625,196.95904673421165,0.1899032329147855,0.1281302728475816,0.5415232231393992,0.4684213603411865,0.0,36.9587623918503,37.87430026302552,0.0,0.0,19.988877199998253,34.007167161776,0.0,20.0941302591907,0.0,0.0,0.0
572,725,5,Al22.49Co21.83Mn26.11Mo12.61V16.97,825.151123046875,939.0557250976562,66.48543548583984,587.3915666666666,1213.7060709635416,229.41690091489193,0.1890217956418077,0.23801201538702998,0.5628007912473048,0.4679429392594468,32.182025905840405,31.24097989829614,0.0,0.0,0.0,37.35877976076899,18.04212743562396,0.0,0.0,0.0,24.280067955390635,0.0
573,407,4,Co24.91Cr33.95Fe14.23Ti26.91,744.063720703125,1018.0537109375,65.39024353027344,536.1292,932.9460693359375,178.47286121412026,0.19130029814173033,0.12774234448232513,0.541294847799377,0.46792130436747936,0.0,25.7128433779282,35.048401544626586,0.0,14.689079706874342,0.0,0.0,0.0,0.0,27.777204629475442,0.0,0.0
574,426,5,Al18.65Cr19.99Mn25.96V13.04W22.36,1048.5963134765625,1104.5537109375,51.17662811279297,551.1347,1505.4237630208333,154.04837304586925,0.102328910191208,0.276770414743845,0.5488405019943843,0.46790419149781326,32.3248953896824,0.0,34.64501776291069,0.0,0.0,44.99657625871539,0.0,0.0,0.0,0.0,22.59774462879199,38.74422158226137
575,478,6,Cr23.21Cu7.80Mo20.54Nb10.35V13.09W25.02,1306.9239501953125,875.3897094726562,40.74262619018555,599.2931,1004.6449381510416,158.6339298892459,0.15790049187048844,0.14220743112548806,0.5358067233916708,0.46789011419895105,0.0,0.0,34.54422137048868,11.61147685263158,0.0,0.0,30.57451261013238,15.404045998259233,0.0,0.0,19.48205491664046,37.236802393704934
576,473,4,Cr30.50Mo14.43Ti33.06W22.01,893.9724731445312,867.3790283203125,57.091094970703125,579.5117999999998,987.1744873046875,148.62866565939686,0.15055967062641804,0.1418327316679684,0.5338480262689461,0.4678415622787479,0.0,0.0,34.9854047720761,0.0,0.0,0.0,16.556739304693807,0.0,0.0,37.91937383077523,0.0,25.249420326120266
577,906,6,Al15.85Co13.56Cr15.50Mo19.57Ti16.53W18.99,1120.17138671875,832.9098510742188,50.92167282104492,603.3648999999998,1457.7735514322917,250.14214673049852,0.17159190910325467,0.18018106094148656,0.5465857560715237,0.4676515666074127,35.421889886472236,30.288440263536295,34.62289254085198,0.0,0.0,0.0,43.72200657133322,0.0,0.0,36.9342525826962,0.0,42.43897226592448
578,870,5,Cr30.96Cu8.47Fe13.28Mn15.03W32.26,735.6461791992188,1029.2003173828125,65.84296417236328,567.5217999999998,1123.5224772135416,154.15884966483856,0.1372102942231911,0.25380793925858436,0.5526693705172082,0.46760520910969355,0.0,0.0,33.921649414156605,9.280028156639698,14.552519241791575,16.464020731758744,0.0,0.0,0.0,0.0,0.0,35.342011772470116
579,728,6,Al20.77Cr26.09Fe3.55Mn23.51Mo16.09Ni9.98,748.2376098632812,1055.840087890625,58.642608642578125,574.3478999999998,1346.2303955078125,187.6198006470219,0.13936678392724128,0.17926647348072722,0.5381855431982898,0.46749055252033406,29.61668263827029,0.0,37.2038198246318,0.0,5.065785048308039,33.51332229331328,22.942060806842022,0.0,14.234186117465145,0.0,0.0,0.0
580,453,6,Al24.61Co15.04Fe8.72Mo25.16Ni7.23V19.24,959.9896850585938,801.4632568359375,53.63877487182617,641.8842666666666,1324.5086669921875,232.4985727123036,0.17553571260525014,0.16799798869153437,0.544596309124143,0.46711278323452354,31.309758002453435,19.130314024235098,0.0,0.0,11.094018398609485,0.0,32.00121845161507,0.0,9.193955424199476,0.0,24.47410665757521,0.0
581,240,5,Cr38.16Cu5.33Mn28.98Nb22.03Ti5.50,853.8729858398438,1174.7742919921875,58.851539611816406,544.5776999999998,1061.6867594401042,186.79466773788317,0.17594141216981177,0.23068966681702052,0.5571086450523981,0.466985358646541,0.0,0.0,43.22095359730776,6.035786838498938,0.0,32.8222241145281,0.0,24.94774366785098,0.0,6.2303563963348925,0.0,0.0
582,782,6,Co25.80Cu5.36Fe12.43Mo16.41Ti24.28V15.71,880.7694091796875,902.9744873046875,57.73020553588867,587.9705999999999,1116.013077799479,162.74084686622484,0.14582342277485882,0.19094917433481495,0.5415813014871305,0.4669356109264528,0.0,37.59792947837804,0.0,7.8091607555307085,18.120551765887512,0.0,23.920481670495516,0.0,0.0,35.38324835229313,22.89195969732691,0.0
583,565,6,Al21.57Fe5.61Nb13.32Ni7.24Ti26.77W25.50,1107.5079345703125,1026.718505859375,49.116825103759766,594.7117999999998,1374.32080078125,192.66738024655564,0.14019098025514234,0.2708718808776891,0.556075983721549,0.46685386248222555,32.128963135576655,0.0,0.0,0.0,8.349117624083366,0.0,0.0,19.83443240917421,10.784773355317018,39.87336871265659,0.0,37.9761089158119
584,935,4,Co35.36Mo8.39Nb18.18Ti38.07,820.5429077148438,891.18310546875,59.1923942565918,558.7348,1056.7711466471353,191.82864569469461,0.18152335659742214,0.07308505018315592,0.5268208495182979,0.46682300033231117,0.0,29.575897776830317,0.0,0.0,0.0,0.0,7.019676356239989,15.207948523562461,0.0,31.847177756229904,0.0,0.0
585,999,6,Co21.13Cu8.78Mo8.19Nb13.59Ti30.14V18.18,913.3418579101562,1089.749267578125,54.85666275024414,567.578,1162.5503214518228,232.21889013505515,0.19974953845013282,0.16110772744145585,0.548304783278331,0.4661458531775066,0.0,26.311795648560302,0.0,10.934762798298648,0.0,0.0,10.200986099342032,16.92663873758815,0.0,37.533516766027034,22.638959884728575,0.0
586,844,6,Co17.16Mn15.65Mo4.96Nb27.18Ni18.28V16.77,1059.0269775390625,1006.576171875,63.3432502746582,493.5919999999999,1224.8880696614583,243.7532714094173,0.19900044538501158,0.2617221545537788,0.5680220715866882,0.46592752932967957,0.0,20.3165187042485,0.0,0.0,0.0,18.52668749173292,5.875491959497118,32.170579343338254,21.635827247113994,0.0,19.84480125646956,0.0
587,541,5,Cr30.18Cu9.11Mn30.86Mo11.61Ti18.23,992.41259765625,1039.9561767578125,57.89751434326172,535.5062999999998,1168.3708536783854,188.69366017427336,0.16150151262350354,0.24493723151651126,0.5550391567604271,0.465676332301249,0.0,0.0,37.16712036894283,11.223563050730142,0.0,38.009660600580254,14.295811201276365,0.0,0.0,22.45497896509441,0.0,0.0
588,663,4,Al42.02Mn19.37Ni8.77W29.85,622.1510009765625,1087.1387939453125,49.693843841552734,751.3985333333334,1429.3953125,205.02288132862054,0.14343329625870768,0.24803175685853684,0.550883811734285,0.4654191362979007,32.315089225832274,0.0,0.0,0.0,0.0,14.89645470953192,0.0,0.0,6.742916266623428,0.0,0.0,22.953274427684992
589,133,6,Cu6.26Mn22.97Mo17.75Nb22.87Ti8.65V21.50,1027.9122314453125,1263.8607177734375,45.8273811340332,572.0341999999998,1184.2032552083333,212.3186495181017,0.17929240490117476,0.19700216606923981,0.5495428038921166,0.465319269452975,0.0,0.0,0.0,6.245245510483942,0.0,22.913095306488493,17.71159309543962,22.812089752217297,0.0,8.630126259426078,21.447710941663303,0.0
590,444,5,Co19.67Cr33.38Mn10.86Ti15.09V21.01,846.36865234375,1032.8782958984375,63.892704010009766,554.6852000000001,1077.5820475260416,202.48833208692307,0.18790989748929499,0.2608541512886233,0.564201306495003,0.4650530018649545,0.0,20.13375718971696,34.1795485572196,0.0,0.0,11.116860043817109,0.0,0.0,0.0,15.446656140637629,21.505801617139056,0.0
591,113,6,Cr29.95Cu6.77Fe15.57Mo25.79Ti17.03W4.89,1086.369873046875,873.1829223632812,53.70781707763672,546.4166999999999,1136.7752482096355,190.08106027974773,0.1672107662258797,0.15082875262415607,0.53691535290418,0.46494691082287887,0.0,0.0,44.88800535974789,10.153310997383759,23.330906361893636,0.0,38.649299078105365,0.0,0.0,25.521700804960773,0.0,7.333802532993902
592,945,5,Cr22.01Mn17.06Nb21.82Ni12.26W26.84,883.091064453125,1055.9149169921875,57.74082565307617,567.5099999999998,1052.9473388671875,170.1252131236192,0.1615704858579616,0.23298296694475584,0.5517790750540377,0.4647898602005961,0.0,0.0,18.9821989633718,0.0,0.0,14.71166756803348,0.0,18.820470847746773,10.576136171425741,0.0,0.0,23.14758462466383
593,784,6,Al21.17Co20.28Fe13.33Nb10.39Ti21.52V13.32,1020.4658813476562,1126.5885009765625,46.86551284790039,588.6743333333333,1343.305350748698,217.56355498133186,0.16196135514540438,0.19252233082427261,0.5432434061684026,0.46424860121719697,37.464250430090544,35.8953624282689,0.0,0.0,23.58636215520296,0.0,0.0,18.388120317618096,0.0,38.09310956610774,23.579304579202073,0.0
594,934,5,Co22.41Mn11.10Mo34.01Nb15.88W16.60,813.7758178710938,988.2340087890625,59.70468521118164,575.1241,1130.1488118489583,154.42977055808782,0.13664551866000368,0.23253442159842008,0.5447640461131448,0.46409578212845987,0.0,25.451078654169716,0.0,0.0,0.0,12.608132907145475,38.62649955254892,18.04213547316168,0.0,0.0,0.0,18.857744784073603
595,547,6,Co14.95Cu9.61Fe14.19Ni21.34V20.65W19.25,919.5907592773438,920.914306640625,64.25873565673828,505.2991999999997,1275.5393513997396,254.86346351587457,0.19980838947555388,0.15449603652079447,0.5448894101089709,0.4640381054359235,0.0,20.09367402366258,0.0,12.910410458699403,19.073494365665304,0.0,0.0,0.0,28.67489172259548,0.0,27.754057641085737,25.866989095222745
596,418,4,Co15.18Cr29.77Ti35.09V19.96,986.8646240234375,878.120849609375,59.0667839050293,556.8826,1059.1648030598958,209.69065185816766,0.19797736032426452,0.17608137157218984,0.5484988663152798,0.4637882519197757,0.0,16.824594405493837,32.98454489340365,0.0,0.0,0.0,0.0,0.0,0.0,38.887002716120065,22.114816231554162,0.0
597,845,5,Co16.76Cu21.48Mo19.06Nb16.98W25.73,796.1015014648438,940.8570556640625,55.93482208251953,677.5278999999998,974.4564005533854,178.9619669834344,0.18365312894635763,0.24432484810233257,0.5585400933257374,0.4637618414686815,0.0,16.97521649378793,0.0,21.761534150532405,0.0,0.0,19.306078549621283,17.20145997171225,0.0,0.0,0.0,26.06856164200732
598,186,4,Cr25.17Fe33.69Mo21.76V19.38,1294.42578125,985.4903564453125,50.89789962768555,501.03189999999984,833.1240010579427,210.70430350732315,0.2529086945517837,0.12590041457111556,0.5521484458080264,0.4637411892558573,0.0,0.0,30.986074431267888,0.0,41.48342222151584,0.0,26.796574144001188,0.0,0.0,0.0,23.861983726595845,0.0
599,556,5,Cr31.49Cu11.49Mn16.86Mo20.46Ni19.70,888.8009033203125,869.9818115234375,65.90968322753906,563.2370999999996,1062.929842122396,212.62847996334398,0.20003999467996864,0.20985722358484904,0.5556029746752791,0.4636215312883172,0.0,0.0,34.25153271912467,12.501472331694295,0.0,18.33504129241757,22.253373323628935,0.0,21.434122064701203,0.0,0.0,0.0
600,312,5,Co21.68Cr29.53Cu6.17Mo13.12Ni29.50,823.672119140625,904.9747924804688,69.01730346679688,481.5425999999998,1114.72275390625,206.3511749652615,0.18511434726003265,0.05327219678178763,0.5204746934275365,0.4635416672561708,0.0,30.995662219528167,42.22038396692837,8.82677824142171,0.0,0.0,18.76117878477899,0.0,42.17961621525888,0.0,0.0,0.0
601,457,6,Cu13.28Fe6.82Ni25.11Ti22.54V17.60W14.65,1150.08984375,921.6817626953125,50.707855224609375,563.7727999999996,1043.651143391927,178.41820707407808,0.17095579131376076,0.19763431514123986,0.5457674471021223,0.4635016362454341,0.0,0.0,0.0,15.293566828244465,7.848195564170613,0.0,0.0,0.0,28.91374945886616,25.949526364453007,20.266736304471742,16.867537154182223
602,406,5,Co21.37Cr37.09Cu15.02Nb20.88Ni5.64,780.9842529296875,972.2340698242188,72.76499938964844,592.5984,986.3005493164062,222.69730637004872,0.2257905123589333,0.21065874981092525,0.5619571847478344,0.463377806695916,0.0,19.46533371396808,33.78385188091251,13.682608582136675,0.0,0.0,0.0,19.01944925098298,5.138795523882681,0.0,0.0,0.0
603,445,6,Co8.29Cr21.37Mn15.27Ni26.32V13.37W15.38,1005.500244140625,869.7645263671875,59.109222412109375,507.40439999999967,1020.9265991210938,178.69736289011925,0.1750344863616622,0.12964351495333304,0.5325660925030031,0.46287876792192095,0.0,12.770609915509201,32.91056863203845,0.0,0.0,23.513750835010363,0.0,0.0,40.529477286712925,0.0,20.59272539231939,23.689615446869936
604,673,6,Al16.73Fe12.59Mn19.10Mo15.29Ni24.43V11.86,961.314208984375,797.3148803710938,59.70158386230469,552.1628,1331.571183268229,220.33613710266664,0.16547079110098356,0.16208027121801172,0.53654234064291,0.4627585886240617,30.118550311940357,0.0,0.0,0.0,22.663261419609782,34.37272243220555,27.51894738655343,0.0,43.97602519329944,0.0,21.341810695930953,0.0
605,351,5,Al25.31Co5.02Mo31.52Ti18.43W19.73,872.6380615234375,726.7686157226562,53.31942367553711,665.5749333333332,1254.3329345703125,209.69349814234798,0.16717531076721756,0.13123763330493476,0.5306793514619316,0.4626379971091402,31.221530554089377,6.1900930546363035,0.0,0.0,0.0,0.0,38.88170143359982,0.0,0.0,22.733418959111646,0.0,24.340299088357906
606,904,6,Co20.81Cr21.31Mo17.68Nb20.50Ni5.90Ti13.78,871.5494995117188,979.818359375,51.24448776245117,569.2386000000001,1092.8483276367188,219.2229522872688,0.2005977835564225,0.015293259554439387,0.5157261940169319,0.46251809621693835,0.0,39.65168471440335,40.60044622678976,0.0,0.0,0.0,33.68691068179239,39.05735671625516,11.245172257975346,26.254461386171666,0.0,0.0
607,910,5,Co27.95Cu13.98Mn30.82Mo11.03Ni16.23,655.9503173828125,917.7630004882812,69.91248321533203,538.507,1096.4583251953125,156.62812608556968,0.14284913752437373,0.09937715845238182,0.5179781341095148,0.462390418037945,0.0,28.662567560011354,0.0,14.332488107293846,0.0,31.60445746528004,11.311162429977015,0.0,16.639102500937554,0.0,0.0,0.0
608,26,6,Al27.52Cu26.68Fe10.50Mo20.19Ni3.67W11.44,661.149658203125,854.2372436523438,54.00800704956055,774.0770666666667,1193.1647216796875,213.60982106660097,0.17902793904758596,0.24538727804128557,0.556124482614577,0.46229004224442344,37.677134155616194,0.0,0.0,36.539633566079786,14.380080759451491,0.0,27.649413975686695,0.0,5.026645996107206,0.0,0.0,15.659160596227926
609,668,5,Al11.34Co31.21Cu10.12Ti39.86W7.48,871.878662109375,884.2817993164062,68.04764556884766,557.1419999999999,985.1760986328125,240.87100617268325,0.2444953815941681,0.1456750052940312,0.5525331830027559,0.4622743365454076,10.34093754859529,28.452695900059226,0.0,9.22384876921452,0.0,0.0,0.0,0.0,0.0,36.33584881017234,0.0,6.816379819140536
610,558,4,Co43.73Cu16.18Fe24.09W16.00,560.232421875,1043.31640625,61.35097885131836,622.7889999999999,863.9091349283855,166.77500635600958,0.19304693006844353,0.13967391647290528,0.5378080377964348,0.4616115219847429,0.0,31.33057831346497,0.0,11.5918167157872,17.255465754867906,0.0,0.0,0.0,0.0,0.0,0.0,11.465505567962227
611,892,5,Al22.08Mn17.87Mo11.56Ti17.08W31.40,987.035400390625,960.4033203125,55.32815170288086,612.0641333333332,1495.28681640625,160.32500019466,0.10722023255711081,0.37059545391874016,0.562530207121159,0.4616060581981333,31.629816218325065,0.0,0.0,0.0,0.0,25.60174193699179,16.562886721073426,0.0,0.0,24.46449528846047,0.0,44.98533537938118
612,409,5,Co13.96Cu11.60Fe21.72Ni32.35V20.38,923.3342895507812,1007.2605590820312,67.72256469726562,403.7657999999994,931.6189371744791,180.50838507875767,0.19375774565749407,0.04225595751656441,0.5184416984961502,0.4615510705784638,0.0,13.66652548418353,0.0,11.35386774079968,21.2687650230318,0.0,0.0,0.0,31.67087014745994,0.0,19.949668691140495,0.0
613,123,4,Al30.16Cu29.58Mn9.11Mo31.15,629.0440063476562,834.2075805664062,55.97526931762695,742.7267999999997,1250.7536376953126,202.61822516580676,0.16199691054999368,0.21938560145981412,0.5458401284807809,0.4614637805513196,40.97603572833159,0.0,0.0,40.19774209197008,0.0,12.383795571062912,42.323937578142136,0.0,0.0,0.0,0.0,0.0
614,44,6,Co10.85Nb25.33Ni8.01Ti28.63V8.42W18.76,937.9998168945312,975.6925048828125,54.10519790649414,574.4027999999998,1194.3183024088542,263.1864211017332,0.22036539218305964,0.10970981875278984,0.5384857034433035,0.4614523916469806,0.0,11.425517066013342,0.0,0.0,0.0,0.0,0.0,26.681623353267614,8.434548570199103,30.15934596232249,8.87292437484665,19.76455841108566
615,620,6,Al17.69Cr19.22Cu15.95Mn19.03Ti16.43V11.68,1210.33642578125,832.376708984375,41.89717102050781,650.1589999999997,1555.6584106445312,220.75956601919714,0.14190748078669363,0.21578732915049625,0.5399261720506382,0.4612918360238655,31.414422529669995,0.0,34.13562736050139,28.316866245551243,0.0,33.78867605564305,0.0,0.0,0.0,29.1714633275493,20.738381384496922,0.0
616,20,5,Cr35.32Mo4.46Ni23.38Ti18.10W18.75,1136.900390625,910.591796875,55.729820251464844,522.2653999999998,1101.2632120768228,223.0444403829926,0.2025350869229193,0.1814468298215417,0.5480090820024589,0.4610859443074208,0.0,0.0,43.795036704267474,0.0,0.0,0.0,5.527168575236946,0.0,28.98563377678496,22.4482468414814,0.0,23.24657598382376
617,19,6,Co29.96Cr6.67Cu21.04Mn6.46Nb29.18Ni6.70,684.7241821289062,978.84375,69.39834594726562,631.0393999999998,960.5143473307292,225.59115369434278,0.2348649495150811,0.2155910080969451,0.5625204759720225,0.4606860369738632,0.0,24.762494765393143,5.508976564678858,17.387437842264067,0.0,5.340435941828389,0.0,24.113029601556274,5.534205736979642,0.0,0.0,0.0
618,614,5,Co22.86Cu11.97Mn12.86Ni33.14V19.17,919.3277587890625,1009.6199340820312,78.73524475097656,428.34359999999987,901.7922037760417,192.9200122939519,0.21392956324765836,0.06789366922905682,0.5270082828042056,0.4599471581464797,0.0,27.668364592309736,0.0,14.487884135721536,0.0,15.569520528256675,0.0,0.0,40.12212891144496,0.0,23.206780125245036,0.0
619,972,6,Cr28.41Cu6.37Fe10.76Mn18.44Mo23.16Nb12.86,861.9236450195312,1033.778076171875,57.675071716308594,591.0244999999999,1053.9265218098958,189.01182413314478,0.17934060887713213,0.24908946784901986,0.5544264603782427,0.4597734145891557,0.0,0.0,34.02642568161168,7.634365518700257,12.884991409507421,22.08141296258473,27.74048337411346,15.4016033461284,0.0,0.0,0.0,0.0
620,981,5,Cr28.60Cu10.57Mn25.74Nb14.74Ni20.35,912.2963256835938,917.669921875,62.20454025268555,515.8556999999996,1173.80009765625,196.94087452524204,0.16778059136174703,0.19138383878230425,0.5399710200748634,0.4597491044779658,0.0,0.0,34.81184595721615,12.870564310931934,0.0,31.33358220878202,0.0,17.94199661590044,24.771877602106937,0.0,0.0,0.0
621,420,5,Co8.56Cr34.77Mo23.20Ni23.84Ti9.64,1058.409912109375,873.6664428710938,55.45037078857422,538.1040999999999,1184.6418050130208,234.16568497450785,0.1976679228975328,0.13946481933649224,0.5369623119590917,0.45965236736741005,0.0,7.803097969792137,31.695275157036065,0.0,0.0,0.0,21.144836406959726,0.0,21.72924750699588,8.785041969614769,0.0,0.0
622,17,6,Al20.62Mo30.07Nb11.82Ni12.57Ti15.52V9.39,1053.208740234375,660.208740234375,50.47481918334961,621.6490999999997,1302.0195638020834,206.10252613797735,0.15829449254673908,0.11605189078939615,0.5221470925045623,0.45936309120999824,29.25674822975246,0.0,0.0,0.0,0.0,0.0,42.67044109253638,16.76966401771596,17.834007144792682,22.02357857455316,13.325707043470034,0.0
623,825,5,Cr28.01Mn22.28Mo18.89V13.40W17.43,1008.8931884765625,937.15966796875,60.222835540771484,575.8420999999997,1166.9528645833334,226.65169986940046,0.19422523972322364,0.31100958804938383,0.5699239157027012,0.45916568816201847,0.0,0.0,40.15973489686864,0.0,0.0,31.944371116872155,27.087636070263407,0.0,0.0,0.0,19.207257087762628,24.985120737715416
624,153,6,Cr23.69Fe24.17Nb17.11Ni19.84Ti10.74W4.46,1066.463623046875,1000.1133422851562,57.251564025878906,469.4040999999997,814.2632568359375,191.5302901253903,0.23521912418059773,0.08606977358383328,0.534857304827427,0.4588385690655109,0.0,0.0,32.940368216594706,0.0,33.595871372713475,0.0,0.0,23.78062325265825,27.58168304128456,14.92762161418581,0.0,6.193368531947488
625,416,6,Cr21.97Fe18.84Mn12.74Ni10.04V14.54W21.88,1035.277099609375,957.2056274414062,50.834449768066406,503.52159999999964,1143.9459676106771,166.627958712096,0.14566068977901675,0.0829972366328603,0.5116999932808254,0.4586853735094992,0.0,0.0,32.54988681950448,0.0,27.90858014936394,18.87233363865545,0.0,0.0,14.875584055213185,0.0,21.535248798337587,32.41765695213718
626,894,6,Al18.52Co22.25Cu8.66Fe11.59Mo18.74Ti20.23,936.1594848632812,832.82958984375,58.02651596069336,603.4272333333333,1139.9103922526042,210.35611824339824,0.18453741598732903,0.21987437431285528,0.5485830435630783,0.45847381470367493,29.80104442698885,35.79510505085585,0.0,13.938286819850973,18.64572974737147,0.0,30.15692496856566,0.0,0.0,32.54990844681317,0.0,0.0
627,924,5,Co22.52Fe16.29Mo30.59Nb16.92W13.68,894.2816772460938,1011.28662109375,60.66242599487305,515.7117,1143.8621012369792,153.62038018101015,0.13429973771740855,0.2503183217239433,0.5415474949602234,0.4579088961860826,0.0,24.12989041372543,0.0,0.0,17.449767334286086,0.0,32.77552300597269,18.1278971269868,0.0,0.0,0.0,14.654181165311249
628,761,5,Co29.04Fe12.52Mo27.18Nb13.84Ni17.42,946.2040405273438,875.7249145507812,58.7077522277832,517.5939000000001,1072.6193684895834,155.54847790824314,0.14501740550077874,0.16403987057294767,0.5266146998047602,0.457552374314976,0.0,44.08967878370768,0.0,0.0,19.01004158874874,0.0,41.25753361872128,21.009892414218616,26.45417143580955,0.0,0.0,0.0
629,422,6,Al22.30Co8.86Cu8.12Mn18.92Mo28.83Ni12.95,685.3145141601562,788.290771484375,60.60942459106445,630.0740999999998,1360.9201334635416,224.00328967535773,0.16459694009028245,0.1417479446961437,0.5270193939332614,0.457520569971462,29.706971170470474,11.807645161904219,0.0,10.818808422643556,0.0,25.20805056231963,38.40702603096261,0.0,17.25274364985055,0.0,0.0,0.0
630,557,6,Al19.36Fe12.77Mn14.48Mo26.06Nb10.92V16.41,1213.0635986328125,937.9992065429688,42.863895416259766,607.9650999999999,1363.2237955729167,208.76450292551863,0.1531403013969412,0.2260948174168005,0.5408882449350846,0.4573842061024892,30.938575713504246,0.0,0.0,0.0,20.40519806776716,23.14411353512426,41.65676315694041,17.457582402457675,0.0,0.0,26.232006125832967,0.0
631,646,5,Cu11.76Fe10.92Mn19.95Ni35.99V21.38,914.8618774414062,992.2499389648438,60.133888244628906,444.2203999999993,1018.2364583333333,176.24543142007948,0.1730889028551983,0.07120033459334896,0.5144148215515094,0.45690252891904004,0.0,0.0,0.0,12.005036763096728,11.146158331605129,20.367847187522955,0.0,0.0,36.74338893552363,0.0,21.830271373011183,0.0
632,672,5,Al28.00Cu4.50Mo14.43Ti34.68V18.39,734.6874389648438,625.8154907226562,53.01213455200195,758.486,1235.543017578125,237.3006201708958,0.1920618034295928,0.1331911825517761,0.5314841096192209,0.4568304222514674,31.5085329283554,0.0,0.0,5.0616434941452635,0.0,0.0,16.23765494300528,0.0,0.0,39.02441507827934,20.69865255711104,0.0
633,323,5,Cr25.20Fe22.06Nb12.55Ti23.84W16.34,1048.4873046875,1099.7003173828125,52.600345611572266,489.1430999999997,1004.1478474934896,178.12609211271345,0.17739030418413393,0.15263156697367553,0.531653978415016,0.4567800889742475,0.0,0.0,40.14266969478387,0.0,35.13771990384013,0.0,0.0,19.988741407897493,0.0,37.97635550606614,0.0,26.029789666039818
634,311,4,Nb22.84Ni35.20Ti19.16V22.81,1227.919921875,1012.8668212890625,57.93578338623047,415.5701999999995,897.046065266927,199.73371679413546,0.2226571460794516,0.1551293804995585,0.5432272185761202,0.45653705595634564,0.0,0.0,0.0,0.0,0.0,0.0,0.0,23.248423414695704,35.829938395158756,19.504204043622153,23.215717741984893,0.0
635,788,6,Al23.97Cu15.39Fe15.79Mn25.43Ti13.79W5.63,992.5677490234375,910.2533569335938,50.83583450317383,571.5304333333331,1521.5148193359375,210.4419149196368,0.1383107888567814,0.17138858908811117,0.5247651809546862,0.4559097659228686,37.35126241797161,0.0,0.0,23.974939960470323,24.60396530637643,39.6188417816939,0.0,0.0,0.0,21.487656279102183,0.0,8.764772037700045
636,733,4,Mo9.01Ni40.07V20.07W30.85,1027.5655517578125,969.4454345703125,65.1021957397461,423.8397999999997,926.5030395507813,149.1056256866371,0.16093376850542396,0.2041031416754273,0.5366907141451602,0.45563664368371876,0.0,0.0,0.0,0.0,0.0,0.0,8.40624559690394,0.0,37.390661871675036,0.0,18.731985312871583,28.78529981841445
637,246,4,Co36.19Cu8.62Fe27.91Mo27.28,691.621337890625,985.8275146484375,62.924983978271484,546.6795,914.9513549804688,125.97951619998754,0.13768985150328217,0.1974524096170851,0.5294388209192832,0.45552587612004564,0.0,27.790173146024657,0.0,6.620763844083635,21.433958487688813,0.0,20.95196728878716,0.0,0.0,0.0,0.0,0.0
638,236,6,Co19.44Cr23.50Mn6.05Mo22.56Ti6.95W21.50,782.2149047851562,1031.247802734375,60.75217819213867,567.9243,975.432051595052,161.6030882452394,0.16567334237272788,0.24882711328310414,0.5466461117225041,0.4554623534727013,0.0,36.41687768907674,44.02224487578872,0.0,0.0,11.330213770878117,42.271948498282484,0.0,0.0,13.026531318583398,0.0,40.27646851487987
639,266,4,Cr35.93Mn13.50Ni13.01W37.56,674.73193359375,1017.8155517578125,65.61389923095703,560.5727999999998,1086.3020304361978,158.208558875017,0.1456395684094315,0.2406209045112142,0.5399650508870761,0.4554309778824754,0.0,0.0,33.310639572854186,0.0,0.0,12.512957353386112,0.0,0.0,12.064131803899235,0.0,0.0,34.816392812636785
640,821,4,Cr31.49Mn12.78Mo42.77W12.97,822.1724853515625,996.4448852539062,61.82305145263672,590.0070999999999,1171.73876953125,219.28910419704334,0.18714845825641596,0.2973837917669303,0.5609148029721713,0.45465093005468127,0.0,0.0,31.513377361653625,0.0,0.0,12.78501561347753,42.79601080860435,0.0,0.0,0.0,0.0,12.974693985535117
641,232,6,Al17.41Co14.98Fe20.44Mo20.26Ni20.39W6.52,926.0744018554688,775.3036499023438,63.48257064819336,491.78686666666675,1332.937373860677,215.87988519695784,0.1619580105040421,0.13825978710830034,0.5224587708729354,0.4543173108252648,37.77148217314155,32.50552248111682,0.0,0.0,44.35458397992221,0.0,43.94925950071148,0.0,44.24937343353921,0.0,0.0,14.142347679344779
642,971,5,Co17.78Cr23.70Mo18.58Ti24.45V15.48,1082.455078125,915.5082397460938,50.981414794921875,574.3203000000001,1069.8548828125,225.98497531970136,0.21122955921425365,0.16736976801866765,0.540105920602716,0.4538245771954191,0.0,24.688067052992167,32.90759478315237,0.0,0.0,0.0,25.801906200232104,0.0,0.0,33.95257505287254,21.490439130749248,0.0
643,588,4,Co20.81Cr31.10Mn32.89Mo15.20,690.34375,1113.587890625,62.52027893066406,534.0368000000001,1145.6738810221354,212.84847813176128,0.18578452529777875,0.18596810222683502,0.5374135815897904,0.45377382981997866,0.0,23.17270809065529,34.63638087966491,0.0,0.0,36.63018276118697,16.92338499560037,0.0,0.0,0.0,0.0,0.0
644,470,6,Al18.17Fe13.03Mn18.40Mo9.04V13.38W27.98,1005.1987915039062,1080.01611328125,51.752445220947266,574.3529999999998,1680.0557454427083,165.99834571591606,0.09880526057912094,0.36031159240787103,0.5504685642022547,0.4537049305759002,29.032745171508108,0.0,0.0,0.0,20.814472071733253,29.404801629089498,14.44585940679099,0.0,0.0,0.0,21.378975332866673,44.71300720818398
645,306,5,Al27.14Cu6.01Mn26.34Mo21.95Ni18.57,670.9276123046875,763.0887451171875,57.70003890991211,721.0684333333336,1243.7278605143229,217.36233357553175,0.17476679623920718,0.22888585373136883,0.5431466800461955,0.4536778102401199,32.079671618756905,0.0,0.0,7.098546025301291,0.0,31.13271864148713,25.941575522851696,0.0,21.952774114389427,0.0,0.0,0.0
646,662,6,Co7.39Cu9.71Mn11.76Mo21.24Nb16.80W33.10,808.4996948242188,919.2832641601562,53.66472244262695,604.0982999999997,1094.8833577473958,176.41540652847812,0.16112712398098164,0.14216587040254047,0.5221400422952116,0.45342508721945807,0.0,6.485040890377906,0.0,8.528212893511718,0.0,10.32076988010922,18.64696985628908,14.748843535986847,0.0,0.0,0.0,29.056727534019846
647,486,4,Cr36.61Cu10.90Ni19.59W32.91,713.0469360351562,920.3119506835938,68.21578979492188,544.0889999999995,1007.723319498698,142.47587601900406,0.14138392281115428,0.2009025698107405,0.5286352688183136,0.4531087741533769,0.0,0.0,32.554882860635075,9.688381693593358,0.0,0.0,0.0,0.0,17.416713846729472,0.0,0.0,29.259676705526495
648,345,6,Al24.52Cu6.26Fe5.92Mo14.92Ni30.33Ti18.06,1014.5211791992188,637.1774291992188,57.359474182128906,589.4753999999998,1085.3189982096353,210.6930579324164,0.1941300744573531,0.14514016168902877,0.530266796465624,0.45270624551348,33.705275663436176,0.0,0.0,8.597577932407516,8.13999985299327,0.0,20.501483517133533,0.0,41.68249206378201,24.82152157913152,0.0,0.0
649,839,6,Cu11.38Fe7.05Mn16.38Mo21.29Nb18.79W25.11,883.3847045898438,896.6327514648438,52.09223556518555,621.2194999999997,1092.6765665690104,194.29060112515967,0.17781162978101517,0.16692545637064238,0.5303390888932676,0.4525010901738854,0.0,0.0,0.0,16.989918206039448,10.522011373648997,24.45630691535385,31.794138658198733,28.061040075174972,0.0,0.0,0.0,37.49240713270172
650,730,5,Al25.08Mn16.00Nb13.03Ni19.74W26.15,918.5848388671875,1066.5845947265625,59.439579010009766,599.0192999999998,1316.0020182291667,208.64528829563656,0.15854480875066818,0.42180644623155183,0.5764752768082302,0.45247778537425276,30.833268625114503,0.0,0.0,0.0,0.0,19.670668991005357,0.0,16.023382060910453,24.272728076584297,0.0,0.0,32.15299630663488
651,688,5,Co27.00Cr32.25Mo10.02Ni18.29W12.44,769.48779296875,923.1219482421875,82.67240905761719,499.99379999999996,1012.4857747395833,216.384799798454,0.21371638515524755,0.07823347126979241,0.5212630625502532,0.4521872720074829,0.0,29.542206802816125,35.2851150735993,0.0,0.0,0.0,10.96372276528925,0.0,20.00508868164153,0.0,0.0,13.606410525799763
652,303,6,Co26.01Cu4.27Fe9.89Nb9.14V17.00W33.69,998.3255615234375,1188.4781494140625,52.60430145263672,560.3993999999998,1075.6537679036458,180.4692265039959,0.16777631603123977,0.3298393177958785,0.5600900924825786,0.4521781499155929,0.0,34.666271500265154,0.0,5.689430918061147,13.184237671873241,0.0,0.0,12.176837597061672,0.0,0.0,22.65282083976206,44.89016971192289
653,978,4,Cr31.14Cu10.18Fe35.26Mo23.43,870.5855712890625,1015.9030151367188,59.602352142333984,517.5180999999997,1056.4692301432292,210.8377660090226,0.1995682978674529,0.16450605868819312,0.5349420283743392,0.4521487421698374,0.0,0.0,31.251811203089773,10.21459020360987,35.39108452791929,0.0,23.514024417136355,0.0,0.0,0.0,0.0,0.0
654,912,5,Co15.52Cu13.58Mn48.52Mo11.88Ti10.51,783.29736328125,1029.63818359375,50.295318603515625,574.4470999999999,1279.381962076823,197.26153701896692,0.15418502282051244,0.07922788370808931,0.5064466453096949,0.4520548128629489,0.0,10.806256456636111,0.0,9.459605985483368,0.0,33.78568017377912,8.27106468423299,0.0,0.0,7.316065148377081,0.0,0.0
655,603,5,Cu10.52Fe28.47Mn15.93Nb19.11V25.96,1140.316162109375,1121.09912109375,56.9812126159668,523.0974999999997,898.1907755533854,235.2170211187035,0.26187868715728424,0.30107797677821546,0.577592317151154,0.45190705000618986,0.0,0.0,0.0,11.202343643012425,30.306237159842723,16.95826783138625,0.0,20.343463533409903,0.0,0.0,27.62874945417995,0.0
656,71,5,Cr16.81Fe28.63Mo18.61V28.15W7.81,1310.8177490234375,1100.953857421875,43.36127853393555,514.8186,913.2371744791667,228.37755100183998,0.25007474222902415,0.1405870670261855,0.5418700518761228,0.45123395291362967,0.0,0.0,18.605125138525544,0.0,31.684406152301165,0.0,20.597426430836922,0.0,0.0,0.0,31.154412829693406,8.639430778402303
657,985,6,Al20.86Cr5.00Mn14.60Ni8.71Ti25.72W25.12,1019.9308471679688,1027.82666015625,53.97666549682617,587.5595999999997,1440.6741943359375,194.751978095181,0.13518113870634693,0.3792031158513399,0.560572434766121,0.4509365269192662,34.56937339674667,0.0,8.282654897125344,0.0,0.0,24.20721974826704,0.0,0.0,14.431526872580777,42.62847611748952,0.0,41.63364516122576
658,674,5,Cr35.83Cu10.35Nb12.63Ni33.04W8.15,912.5426635742188,908.7171630859375,62.1767692565918,452.9063999999996,1060.0134114583334,210.35203091550963,0.19844280142277998,0.078547838319321,0.5161245996690024,0.45080433164944317,0.0,0.0,34.54942301423532,9.982076679177265,0.0,0.0,0.0,12.177533998319964,31.861963931014365,0.0,0.0,7.857437276822946
659,117,4,Cu13.36Mn25.82Nb25.42V35.40,918.8260498046875,1009.2655639648438,51.88492202758789,581.2116999999996,1136.3320963541667,212.49177294366265,0.18699795035749323,0.17712387502249394,0.5328903145092317,0.45071605191535963,0.0,0.0,0.0,13.261269210867866,0.0,25.63424532696211,0.0,25.234105606454094,0.0,0.0,35.142865145134856,0.0
660,871,5,Co11.99Cr25.54Cu33.08Nb12.29V17.10,1128.903564453125,1008.7739868164062,44.124847412109375,639.5299999999996,1124.1831298828124,218.96223840529777,0.19477452790820915,0.26916705433603605,0.5530860374556603,0.45055899461140075,0.0,15.565705486709197,33.14796433598999,42.93827608979214,0.0,0.0,0.0,15.955838699637859,0.0,0.0,22.190050344474216,0.0
661,388,6,Al18.77Co12.27Fe25.22Mo18.37Nb10.55V14.82,1288.441650390625,992.9634399414062,45.83869552612305,536.6843999999999,1259.3610758463542,218.68553367017608,0.17364800124794105,0.25317985778520846,0.5444265492546929,0.450378577385666,31.631886344599188,20.678498514843298,0.0,0.0,42.49563611404294,0.0,30.943759404041092,17.769281116977083,0.0,0.0,24.962716599388926,0.0
662,872,6,Al20.16Co9.40Mo17.37Nb20.87Ni27.13W5.08,870.034912109375,837.6861572265625,64.14433288574219,565.2701999999999,1109.8354532877604,215.6234427790907,0.19428415459276505,0.2556556535710852,0.5499582620919021,0.45025609272949385,28.885359918481292,13.463337406350673,0.0,0.0,0.0,0.0,24.891104634770514,29.903769490157458,38.86712682577006,0.0,0.0,7.272244075817362
663,142,4,Co30.40Cr28.68Fe34.05Mn6.87,673.1822509765625,890.812744140625,66.70338439941406,488.1240000000001,968.2965454101562,176.33238481334507,0.18210576671907186,0.017522818609793767,0.4992475083129546,0.45021650291122794,0.0,37.879020974447094,35.736567158556014,0.0,42.4294910732862,8.561452252637906,0.0,0.0,0.0,0.0,0.0,0.0
664,746,6,Al19.44Cr17.84Mn8.20Mo20.60Nb9.82Ni24.10,1138.306884765625,908.6543579101562,49.094451904296875,534.6546999999998,1079.6217936197916,195.9399156687481,0.1814894038140841,0.15105541502750308,0.5254860160597289,0.4499025821007072,35.74492835262825,0.0,32.80705357935295,0.0,0.0,15.076670536489045,37.880111698176535,18.061240915130583,44.311394990070795,0.0,0.0,0.0
665,928,5,Fe7.11Mn36.35Mo5.36Ni31.60V19.58,968.3431396484375,860.2227172851562,60.42046356201172,413.20579999999967,1029.5767252604167,178.73989221474974,0.17360521836732473,0.0208624957526673,0.49732938968751966,0.449755585945155,0.0,0.0,0.0,0.0,8.2294951783655,42.070151460425706,6.205146835165586,0.0,36.572369474041835,0.0,22.656461912135494,0.0
666,366,4,Al25.66Nb11.57Ti33.85W28.93,980.8724365234375,894.3594970703125,48.53580856323242,659.8070666666664,1259.4321451822916,203.3757311415592,0.16148208692269195,0.26947642022824425,0.5438297985585696,0.44956399278224773,32.14364709374489,0.0,0.0,0.0,0.0,0.0,0.0,14.493106734587839,0.0,42.407707975810695,0.0,36.24484346100037
667,498,5,Co22.51Nb15.86Ti36.92V18.93W5.78,835.8547973632812,999.0353393554688,57.60775375366211,549.2194,978.414111328125,236.02824481126146,0.24123552806374646,0.1074961095129583,0.5313127977446366,0.4495046938261083,0.0,25.72982785204631,0.0,0.0,0.0,0.0,0.0,18.129254060203035,0.0,42.20166072701637,21.63936334505386,6.602969693368237
668,248,6,Co20.89Cr22.57Fe24.06Nb12.61Ni9.49V10.37,1058.1878662109375,938.4845581054688,56.79058837890625,462.4587999999999,840.6219563802083,196.94065896199885,0.2342796990576389,0.0714222943875592,0.5223240306267268,0.4494696469848053,0.0,38.180892093333455,41.258801835075545,0.0,43.98314275860795,0.0,0.0,23.05525492623562,17.35258660113724,0.0,18.94597644448449,0.0
669,989,4,Al30.47Fe21.53Mo18.56W29.44,674.0624389648438,941.1539916992188,53.8844108581543,694.6595333333333,1259.0315307617188,191.4492472572339,0.15206072491401895,0.25756130432183266,0.5385763544281141,0.4490489123352428,30.974550010811125,0.0,0.0,0.0,21.893665491068838,0.0,18.866535056338925,0.0,0.0,0.0,0.0,29.931193150130348
670,394,6,Cr25.45Cu9.47Fe17.30Ti18.48V15.60W13.70,1127.4091796875,982.8732299804688,54.15052795410156,510.9175999999997,1209.0365559895833,213.87457071611763,0.1768966948572234,0.2566654087757363,0.5442286463432014,0.4486713908737483,0.0,0.0,34.69173978826071,12.912254041090044,23.579993312361008,0.0,0.0,0.0,0.0,25.188711922412676,21.26697633373236,18.67527268499102
671,745,6,Cr21.00Fe16.10Mo3.00Ni18.70Ti16.49W24.72,991.515625,981.5220947265625,54.34058380126953,463.5951999999997,1050.9908894856771,153.48418609456425,0.14603759902207594,0.11367846916425628,0.5078603973747104,0.44861530378634024,0.0,0.0,35.09597093095804,0.0,26.90742179963479,0.0,5.018185185631263,0.0,31.252850763390544,27.560375367601274,0.0,41.31672066144182
672,199,6,Al22.01Co21.79Cu5.82Mn25.41Nb11.61W13.35,748.939208984375,1187.6588134765625,56.743648529052734,561.8922999999999,1179.6550211588542,223.98303443024918,0.18987164078716473,0.22418430226351094,0.5408960679397208,0.4485912972902274,37.64657034616042,37.279334672080466,0.0,9.953140415650324,0.0,43.46689048183053,0.0,19.866912297784538,0.0,0.0,0.0,22.839824174854872
673,462,6,Al22.02Cu7.94Fe31.49Mo17.69Nb11.97Ni8.88,1017.1451416015625,975.4554443359375,49.93027114868164,556.4224999999999,1167.158797200521,195.98249486038236,0.16791416500518572,0.1800536446116603,0.5265522729535261,0.4485630027798977,27.95978213716637,0.0,0.0,10.081138928121586,39.98748460751761,0.0,22.462371994098806,15.203705049968141,11.270649567067652,0.0,0.0,0.0
674,396,5,Al22.24Co7.49Mo29.00Ni17.71Ti23.55,921.7705688476562,727.5839233398438,55.257572174072266,621.8242666666665,1253.0967081705728,235.2116584337242,0.18770431435983548,0.17422008265123734,0.5300219695887136,0.4482518744685072,31.587617645236595,10.636752684892299,0.0,0.0,0.0,0.0,41.186179671021776,0.0,25.155073598171988,33.443611640678576,0.0,0.0
675,145,4,Nb19.64Ni36.75V18.62W24.99,1111.4920654296875,980.2985229492188,61.788909912109375,417.8859999999995,862.4865397135417,158.60876008929722,0.1838970845179521,0.22469304412563607,0.5390417825124926,0.4481289025578773,0.0,0.0,0.0,0.0,0.0,0.0,0.0,17.277037798809502,32.337598709612486,0.0,16.382306086362476,21.988886147190833
676,616,5,Co21.69Cr29.08Mn4.41Mo18.79W26.03,715.1368408203125,1034.0677490234375,68.11215209960938,566.1258,907.5066813151042,170.6829011927912,0.18807894719347718,0.27413009303329017,0.5497123957837061,0.44786664037867885,0.0,24.959724970266997,33.465037974013384,0.0,0.0,5.069637106487409,21.619688097924932,0.0,0.0,0.0,0.0,29.953421232561144
677,669,5,Al24.00Cr27.55Cu6.78Mn24.61Mo17.06,771.488525390625,1010.6228637695312,56.10858917236328,584.6551666666666,1301.2279296875,196.59607342966018,0.15108503971081705,0.2228213924042458,0.5299168382487633,0.44758129984020995,29.304773808377497,0.0,33.639396160485624,8.272227007880634,0.0,30.0489345761902,20.827895614252036,0.0,0.0,0.0,0.0,0.0
678,647,4,Cu9.32Mn41.87Ti22.59V26.22,906.6771850585938,1061.7752685546875,50.86522674560547,534.6844999999997,1227.5231567382812,207.28720182439844,0.16886622520033967,0.13205145640091098,0.516051566458574,0.44742471887830687,0.0,0.0,0.0,10.005638620005605,0.0,44.93430799085557,0.0,0.0,0.0,24.24015793251848,28.13836631465529,0.0
679,402,6,Al19.29Fe15.48Mo17.27Nb11.36Ti21.72V14.87,1113.755615234375,810.7131958007812,41.44844436645508,590.1557666666665,1418.7089599609376,193.89415701831845,0.13666943854619562,0.09186285987403098,0.4998386495011178,0.44729871788976266,30.939548452413966,0.0,0.0,0.0,24.828834419784595,0.0,27.68698455466553,18.219530080209697,0.0,34.83660677703845,23.849619698207015,0.0
680,375,6,Co23.50Cr18.75Fe5.62Mn6.29Mo22.77Ti23.06,830.8855590820312,864.635009765625,54.217063903808594,569.5534000000001,985.0041341145833,145.34477583500922,0.14755752874647488,0.12469334980764168,0.5090195802975179,0.44719152814937085,0.0,44.74561565930068,35.70872105875813,0.0,10.700923364994404,11.979349935380077,43.35824321702936,0.0,0.0,43.90914686125631,0.0,0.0
681,606,6,Co14.32Cr31.00Cu7.51Fe23.84Mo7.10W16.24,826.6444091796875,943.2112426757812,67.3546142578125,493.27829999999983,1109.9850952148438,219.41185514416125,0.19767099224129028,0.16443444333984947,0.5294564676881391,0.4471518309598467,0.0,15.763447468726138,34.12595899369831,8.264273958972652,26.236716969266233,0.0,7.812705770774537,0.0,0.0,0.0,0.0,17.871109359176785
682,850,5,Al23.53Mn14.93Mo17.87Ni20.77Ti22.90,981.0651245117188,710.6085815429688,57.04189682006836,628.0352666666666,1297.0068969726562,247.86091615500968,0.19110223448583183,0.2582109636147327,0.5462886783912112,0.4468709270468067,34.56644529166515,0.0,0.0,0.0,0.0,21.932615358681055,26.255484316796846,0.0,30.51070148830603,33.64992633514103,0.0,0.0
683,269,4,Co27.06Mn36.15Ni22.30V14.49,821.0159301757812,754.0598754882812,73.63542938232422,474.1801,1101.7915161132812,231.12575236534204,0.20977267385455048,0.009020151152259848,0.5004385884963928,0.4461913898023032,0.0,30.956743279221097,0.0,0.0,0.0,41.359971520755636,0.0,0.0,25.520452368157336,0.0,16.583897785718804,0.0
684,523,4,Cr36.90Cu9.78Mn9.15W44.17,657.0136108398438,1014.3518676757812,66.5866928100586,579.8547999999997,1075.8975748697917,151.10798194980543,0.14044829682611096,0.31404119991621027,0.5439556401911992,0.4460353260014295,0.0,0.0,34.960797168046,9.265524928072145,0.0,8.667256433869174,0.0,0.0,0.0,0.0,0.0,41.84748976402878
685,84,5,Al14.47Co30.82Cu8.32Nb18.84Ni27.55,719.5978393554688,987.3670654296875,78.08272552490234,478.5016000000001,1066.136836751302,187.1981264608065,0.1755854595843725,0.11762661355392634,0.5134247343136417,0.4460030467067633,18.568434808516926,39.539795123479514,0.0,10.673537191047696,0.0,0.0,0.0,24.164765246841487,35.340021555646004,0.0,0.0,0.0
686,173,6,Cr24.69Cu7.01Mn16.11Mo8.69Ti18.88W24.62,893.6062622070312,997.6149291992188,52.59463882446289,566.5103999999999,1088.560457356771,152.83177605745792,0.14039805968017813,0.2226782738059303,0.5254610554251175,0.4458258857438868,0.0,0.0,33.91254986054542,9.632420263919812,0.0,22.124699411331218,11.934302775940878,0.0,0.0,25.93384693465488,0.0,33.810725415745566
687,193,4,Cu5.30Fe29.45Ni39.27V25.99,962.2998046875,981.6674194335938,61.153629302978516,397.6945999999996,901.6282796223958,203.28486844033782,0.2254641663696197,0.026789967403197834,0.5074874918172882,0.4457634567442437,0.0,0.0,0.0,5.227965909066192,29.048780223537445,0.0,0.0,0.0,38.736584687418684,0.0,25.63434289620242,0.0
688,685,5,Co19.27Cr32.39Fe20.07Nb13.60W14.67,819.693359375,1012.7826538085938,72.84367370605469,469.25819999999993,1110.738916015625,226.05753960092179,0.20351995985863325,0.1576345092487843,0.5275844686326617,0.44517757681824655,0.0,19.737531742441547,33.16951083289488,0.0,20.54990873162764,0.0,0.0,13.927023380188604,0.0,0.0,0.0,15.022169133547596
689,654,6,Al14.37Co10.88Mn23.44Nb11.81Ti22.63V16.88,921.16455078125,1180.4508056640625,52.180782318115234,547.7190999999999,1322.4102661132813,269.4217760088254,0.20373539355580442,0.22814372964879848,0.5415920131273314,0.4450294188086206,20.146392058779313,15.251710854186518,0.0,0.0,0.0,32.86937388644635,0.0,16.561032564261644,0.0,31.73380321273122,23.673734733488715,0.0
690,463,6,Co14.42Cr19.36Cu6.44Mo24.50Ni22.66V12.63,1189.5950927734375,647.3717651367188,55.316680908203125,523.5727999999998,1130.0787801106771,215.01640511363107,0.1902667397157682,0.16195302895224506,0.5248840501123797,0.44492675939298865,0.0,24.802251414669804,33.29255223756876,11.070052092020886,0.0,0.0,42.147125875902226,0.0,38.97091324293777,0.0,21.72717348847425,0.0
691,257,5,Cr30.21Cu7.94Fe5.05Nb22.57Ni34.24,971.39404296875,901.8046875,67.29651641845703,438.9637999999996,1127.2739420572916,246.9986937189656,0.2191115083066582,0.13361010773541349,0.5263299595725259,0.4448300609487787,0.0,0.0,30.15597668671333,7.921842621923659,5.0377892776099955,0.0,0.0,22.532139824250166,34.17627925360378,0.0,0.0,0.0
692,108,5,Cr23.17Fe21.84Ni7.36Ti24.22V23.42,1162.153564453125,1075.0360107421875,51.23463821411133,486.4384999999997,1001.7376749674479,199.10447194660733,0.1987590932457216,0.22241142877429199,0.5389714278117761,0.44479936874548726,0.0,0.0,31.442422208750823,0.0,29.640811763798297,0.0,0.0,0.0,9.983736317623514,32.863434880682114,31.780040351511715,0.0
693,359,6,Al17.94Fe15.56Mn19.53Ti6.64V16.42W23.91,973.59326171875,1182.86962890625,48.377437591552734,545.7837999999998,1647.8468994140626,168.2724651578918,0.1021165650872819,0.31589049460602214,0.5333627032310173,0.4446554630379924,31.865884159530104,0.0,0.0,0.0,27.647265307852397,34.692802867484076,0.0,0.0,0.0,11.802007915844223,29.177955429658006,42.47591397717495
694,168,6,Al23.62Mo17.91Nb13.70Ni8.77Ti13.07W22.92,981.8643798828125,746.4220581054688,49.44136428833008,631.5413333333332,1302.6130615234374,185.07664714838202,0.1420810619939051,0.20367876391401474,0.5207875477672929,0.44453152948601365,37.998223599857255,0.0,0.0,0.0,0.0,0.0,28.808649622088215,22.041791350567145,14.111821997579533,21.022087062528016,0.0,36.85668027900384
695,148,6,Cr24.09Cu5.92Mn23.24Nb14.07Ni16.27V16.42,1018.5930786132812,1022.069091796875,52.786861419677734,523.5404999999998,1222.465946451823,210.02071079329372,0.17180086807560868,0.222241481851562,0.5317402986755703,0.4443417852863557,0.0,0.0,33.29576031021589,8.183792390707378,0.0,32.12881618915239,0.0,19.444068029817608,22.48948028770236,0.0,22.69772720047552,0.0
696,753,5,Co14.22Cr32.36Mn20.27Nb17.72W15.43,652.4733276367188,1105.0770263671875,68.24915313720703,560.9830999999997,1171.3329915364584,213.44130233909914,0.1822208576735505,0.28482020251076445,0.5466787283233925,0.444159473402852,0.0,14.945283206848845,34.001221194164266,0.0,0.0,21.291970518821408,0.0,18.617339875819866,0.0,0.0,0.0,16.2094639464054
697,726,4,Cr34.84Nb17.24Ni34.54W13.38,862.1497192382812,969.1744384765625,66.59757995605469,429.8531999999997,1065.8404337565105,216.37880521457308,0.2030123819303373,0.10025182790113685,0.5146382654087929,0.44383480434598116,0.0,0.0,40.399731050343135,0.0,0.0,0.0,0.0,19.98564294262021,40.04731790113938,0.0,0.0,15.512999808783402
698,822,6,Al20.74Cr12.82Mn25.50Nb13.43Ti19.06W8.45,1096.134033203125,1151.0054931640625,46.901493072509766,551.4784999999999,1423.0003173828125,210.20383183027118,0.14771875259794662,0.31506873748079756,0.5437566401699611,0.44381320452431494,34.40556314670635,0.0,21.271702671641286,0.0,0.0,42.304394097178466,0.0,22.27621355063448,0.0,31.60825486062317,0.0,14.008964269753356
699,92,6,Cu7.16Fe7.89Mn16.93Nb16.51Ti30.89V20.61,1042.3497314453125,1060.4935302734375,45.134273529052734,568.7697999999997,1218.1604044596354,248.67160449481716,0.2041369950824543,0.15087089558605515,0.5247661184823332,0.4435576905945086,0.0,0.0,0.0,8.895644144073684,9.7970193679467,21.02205961814458,0.0,20.49911597251812,0.0,38.35628831425584,25.5927284342501,0.0
700,811,6,Co4.96Cr28.44Cu11.51Fe23.06Mn14.26Ni17.78,686.5792846679688,936.9584350585938,66.57723999023438,494.0342999999997,1004.0475667317709,244.81149548596457,0.24382459915005744,0.022130042574385667,0.5085379406814619,0.4431557823790704,0.0,7.2109526649549345,41.3482936512764,16.73724923166425,33.53071484086579,20.72869225120066,0.0,0.0,25.845292171957844,0.0,0.0,0.0
701,984,6,Cu10.20Fe13.17Mn7.73Nb19.00Ti25.28W24.62,994.8704223632812,1047.6524658203125,47.96751022338867,580.5151999999997,1079.2042846679688,196.6165234164522,0.1821865667230406,0.21855732986291754,0.5321475338717923,0.44288942621844857,0.0,0.0,0.0,8.768477610919634,11.313797810095933,6.645532069693989,0.0,16.32703395825484,0.0,21.719954379115876,0.0,21.15900039401508
702,110,4,Co39.58Cu7.69Nb24.76Ni27.98,702.0562744140625,927.1824340820312,73.8990478515625,500.97600000000006,1139.2043538411458,197.3841543812722,0.17326492276450345,0.13153635214379567,0.5122116207424695,0.4425881196225845,0.0,39.185434325531716,0.0,7.609305879580192,0.0,0.0,0.0,24.513144245062747,27.700777686603693,0.0,0.0,0.0
703,799,5,Fe8.89Mn23.01Mo32.24Nb16.52V19.34,1168.198486328125,977.6358642578125,44.036563873291016,564.6515999999999,1117.5109741210938,151.87203438284848,0.13590205188122975,0.25946669371384046,0.5278949404516592,0.4420260887385837,0.0,0.0,0.0,0.0,9.67468950760187,25.05721241075956,35.10663531810156,17.981362606109716,0.0,0.0,21.055805391542147,0.0
704,438,4,Cr34.57Cu12.63Ti31.37V21.43,1003.3900146484375,849.1376953125,51.098785400390625,591.4885999999998,1039.6486002604167,191.55960844454546,0.18425418780592076,0.19894502332925112,0.5277559790383717,0.4419034274210413,0.0,0.0,35.44375245717125,12.944656253632997,0.0,0.0,0.0,0.0,0.0,32.165321033403686,21.97448171540088,0.0
705,350,6,Co22.11Cr23.02Fe17.54Mo14.79Ti3.38W19.16,753.2594604492188,1125.7288818359375,60.91059494018555,489.16990000000004,1055.0790079752603,215.10884786963607,0.20387937419249647,0.1633119753623884,0.5252119572188194,0.4415797185982176,0.0,32.94899665218472,34.30748300140525,0.0,26.13730406212997,0.0,22.039616621546653,0.0,0.0,5.039626505032657,0.0,28.558209012110325
706,911,6,Cr25.11Cu9.13Fe6.81Mn29.51Ti12.87V16.57,963.9113159179688,982.2207641601562,51.92777633666992,546.8632999999999,1214.342374674479,200.008715390148,0.16470537433379367,0.20900729003424612,0.5241955925311284,0.4412177909408307,0.0,0.0,34.16243651619433,12.418019522805004,9.260328148555741,40.148290559063895,0.0,0.0,0.0,17.50825642403222,22.54696982028366,0.0
707,864,5,Al24.70Mn17.43Ni10.65V16.86W30.36,911.7071533203125,1022.1891479492188,54.22622299194336,623.5572,1588.4215006510417,175.63613775678655,0.11057275268862772,0.4465688823763604,0.5581389366217275,0.44118197197429854,32.98030329313568,0.0,0.0,0.0,0.0,23.27682980467123,0.0,0.0,14.213074811263786,0.0,22.508402388520416,40.533437166229845
708,382,6,Cu9.67Fe23.32Mn20.69Mo17.82Nb13.09V15.41,1145.1729736328125,954.8247680664062,50.50039291381836,533.8291999999999,918.5699340820313,159.347267280754,0.1734732015151323,0.26416471388946927,0.53710723750209,0.44090599434541305,0.0,0.0,0.0,13.901102831729418,33.5410224080295,29.748506923031456,25.625663348371052,18.830711557597184,0.0,0.0,22.165145325097807,0.0
709,489,6,Co22.80Cu10.70Nb10.58Ti11.11V17.35W27.46,889.9923706054688,1188.86572265625,51.37746047973633,591.0483999999999,1055.7953369140625,191.53430018628717,0.18141233768479628,0.322183424887189,0.5503791680162857,0.4405893986176488,0.0,27.633578042076053,0.0,12.97135067280072,0.0,0.0,0.0,12.82014420100234,0.0,13.460904359242669,21.02575719754458,33.28370903123863
710,287,6,Co22.80Cr24.20Nb10.96Ni11.80Ti10.06W20.17,763.9999389648438,1145.9271240234375,53.766639709472656,542.5028,929.3949910481771,143.94570996672317,0.15488109076677975,0.2005965836150948,0.5192816231629178,0.4404420337482039,0.0,40.23510855665126,42.70191139484206,0.0,0.0,0.0,0.0,19.345120209010176,20.811274575577436,17.75502122495608,0.0,35.586886753920034
711,194,5,Mn16.89Nb18.40Ti15.26V19.28W30.17,1088.5321044921875,1054.108154296875,44.2513542175293,578.9897999999998,1116.348856608073,229.24731210697323,0.2053545455347362,0.1963099718597453,0.5309068289448374,0.4403061981892043,0.0,0.0,0.0,0.0,0.0,19.700570750330492,0.0,21.455256666883987,0.0,17.80166349085558,22.482977471334017,35.19046443968079
712,738,5,Cr25.96Cu6.33Fe15.52Mo28.37Ti23.83,977.044921875,915.9588012695312,50.940521240234375,539.6935999999998,1043.419099934896,189.9593936005572,0.18205474062379126,0.13163103988896208,0.5120506490383007,0.44021075590456044,0.0,0.0,33.950017808252355,8.283248177112881,20.296348511484865,0.0,37.10135630729585,0.0,0.0,31.165890517851636,0.0,0.0
713,855,6,Co13.78Cr20.85Cu8.76Fe16.05Mn16.69Mo23.88,836.060546875,965.8486328125,57.70383834838867,530.4384999999997,1167.5103759765625,230.54303739729684,0.197465514774941,0.15857899182686885,0.5212076037972526,0.4401254267381436,0.0,21.748003603721028,32.916122219499975,13.820755454957448,25.340526040601713,26.33775698333289,37.68683596195808,0.0,0.0,0.0,0.0,0.0
714,644,4,Fe11.64Mn35.00Nb23.09V30.26,1047.478271484375,1027.777099609375,48.955081939697266,544.5284999999998,1148.2437255859375,224.45894380679002,0.19548022671950663,0.1993567986603504,0.5286105186493791,0.4398691022374324,0.0,0.0,0.0,0.0,7.954665740559528,23.924137044410443,0.0,15.784226005826016,0.0,0.0,20.68500521079683,0.0
715,814,5,Cr44.57Mn26.22Ni12.12Ti7.68W9.42,758.7283325195312,1080.2947998046875,58.630859375,531.4414999999998,1150.2736572265626,181.84685512749854,0.1580900805517458,0.23918198449035177,0.5269101059789816,0.4395511889429748,0.0,0.0,38.6645422739428,0.0,0.0,22.74091830280986,0.0,0.0,10.509143328614252,6.6613380679301955,0.0,8.16856221264857
716,537,6,Co22.01Cu9.36Mn10.95Mo18.67Ti14.50V24.51,835.8529663085938,1095.8651123046875,55.647762298583984,598.0308999999999,1043.6921671549478,218.88667067954276,0.20972340079567406,0.29999191396952407,0.5518877876504291,0.43945855465760575,0.0,23.12143959101451,0.0,9.826336693986836,0.0,11.504481023672087,19.613206670430994,0.0,0.0,15.231804426961917,25.739466240385074,0.0
717,898,5,Co32.68Fe16.20Mn19.11Mo17.35Nb14.65,738.965087890625,1072.2801513671875,56.44674301147461,542.7518999999999,1141.6855143229166,186.57487842005185,0.1634205532779324,0.19259555023396646,0.5183226106868539,0.4389483623205775,0.0,34.16729714723122,0.0,0.0,16.941849980173615,19.98360527820805,18.141013882386254,15.322277962766634,0.0,0.0,0.0,0.0
718,81,5,Co27.52Ni20.40Ti25.01V22.16W4.91,858.8855590820312,876.8863525390625,65.37471771240234,494.5999999999999,1035.193204752604,236.06758843346526,0.22804205760786647,0.15887699316476067,0.5271856663129162,0.4383997532779974,0.0,42.086091804765054,0.0,0.0,0.0,0.0,0.0,0.0,31.199692645592616,38.23634016628798,33.88077843919475,7.511661133934769
719,165,5,Co33.31Cu6.76Fe39.15Mn10.37Mo10.42,575.1343994140625,1081.2767333984375,62.93685531616211,508.7427999999999,854.7432088216145,157.21295254741668,0.18393003995218302,0.12573658756270822,0.5094730774198423,0.4383432499192549,0.0,31.695736883540086,0.0,6.428045986038441,37.24974885088075,9.868689951882171,9.915874139924489,0.0,0.0,0.0,0.0,0.0
720,373,4,Cr41.94Cu12.60Mn24.68Nb20.77,713.701904296875,1007.964599609375,59.112937927246094,567.8226999999998,1046.8627888997396,186.93194492636658,0.17856394066965875,0.2218906208612652,0.5272991569763819,0.43828004763671413,0.0,0.0,34.44150794449612,10.346109071401438,0.0,20.269095797396158,0.0,17.057914622201533,0.0,0.0,0.0,0.0
721,951,4,Al22.72Fe31.84Mn24.85Ti20.59,1019.364013671875,1023.9498291015625,49.07304000854492,506.55086666666654,1190.209493001302,245.17088352729644,0.2059896891840941,0.10658762644619935,0.5108147942708883,0.4379998466856249,30.587096684139684,0.0,0.0,0.0,42.86129379315773,33.45625709860207,0.0,0.0,0.0,27.71503158750378,0.0,0.0
722,436,5,Mn13.51Nb13.49Ni32.10Ti20.74V20.17,1245.3333740234375,1036.8521728515625,53.895912170410156,412.9569999999997,924.1358520507813,198.98838091587353,0.2153237324082727,0.19667181284729218,0.5310960817421038,0.43793078607057717,0.0,0.0,0.0,0.0,0.0,13.89279845595809,0.0,13.86570131027046,32.99937998930528,21.319401031238364,20.735973119511993,0.0
723,45,5,Cr23.20Cu18.35Fe14.13Nb23.09W21.22,925.3801879882812,1022.873779296875,45.57087326049805,655.9325999999998,968.8100382486979,185.34328916221267,0.19131024849541683,0.25596158908597033,0.5367154126224586,0.4376955326814103,0.0,0.0,31.722840392135613,25.092252976749435,19.32368856979181,0.0,0.0,31.572654966363963,0.0,0.0,0.0,29.011930377709024
724,866,6,Co25.27Cr18.26Fe12.96Mn15.81Ti21.02W6.68,724.7033081054688,1037.152587890625,55.770992279052734,547.4508000000001,993.35927734375,171.38861798715945,0.17253437089292997,0.1532978187616667,0.5112332118293045,0.43744005535373864,0.0,44.959520821022,32.48857982562609,0.0,23.065221773497477,28.13680041276591,0.0,0.0,0.0,37.395859755533905,0.0,11.885954265776508
725,330,4,Cu8.09Mo39.08Ni34.79V18.03,1120.817138671875,791.0130004882812,60.125450134277344,426.05179999999984,931.5284708658854,141.81640943237338,0.15224055288460533,0.19915302501861498,0.5152881159715442,0.4373973727466699,0.0,0.0,0.0,7.685008983696322,0.0,0.0,37.10264602886443,0.0,33.02802362737159,0.0,17.120397900887173,0.0
726,64,5,Co16.64Cr14.17Fe22.45V24.09W22.65,1017.4374389648438,1081.23193359375,53.84183883666992,488.09049999999996,1071.482979329427,192.83463821335152,0.1799698566691507,0.24062241380575322,0.5297029262605898,0.43658597933215143,0.0,26.430139763530725,22.496527288262435,0.0,35.64961894375419,0.0,0.0,0.0,0.0,0.0,38.246643433841896,35.96539728020055
727,235,6,Cu5.67Fe20.38Mn30.64Mo7.30Ni20.47V15.54,918.3787231445312,802.5071411132812,58.65192794799805,445.4757666666663,1249.3618693033854,186.48212671434678,0.14926190025178596,0.07345639220627709,0.48799962224678195,0.4359928687425801,0.0,0.0,0.0,7.445656132118566,26.764102261479078,40.23643361074399,9.59252416412362,0.0,26.880404818717004,0.0,20.40966719965276,0.0
728,497,4,Cr35.82Cu25.17Ti18.47W20.54,854.5648193359375,995.960693359375,49.22966384887695,633.6261999999996,873.7058837890625,136.44909963742958,0.1561728061686858,0.27725266860676767,0.5301448211141593,0.4356510858506343,0.0,0.0,31.635443729154368,22.23535250219423,0.0,0.0,0.0,0.0,0.0,16.31144878554211,0.0,18.14325590303527
729,987,5,Mn10.55Mo8.10Ni22.80V23.46W35.09,967.3213500976562,905.4779052734375,59.867919921875,515.4715999999997,1164.4319986979167,173.55350572800432,0.14904563419939865,0.32165901359808213,0.5370041229197828,0.43541091165031676,0.0,0.0,0.0,0.0,0.0,9.912944186457846,7.605018883193949,0.0,21.416242620641047,0.0,22.03838474183797,32.96672633184564
730,224,6,Co26.83Cu4.12Mo18.65Nb15.54Ni14.78Ti20.08,882.4349975585938,855.2666625976562,57.5537109375,549.4952999999999,987.5683797200521,201.05707941266812,0.20358800822446557,0.17824044322060828,0.5218252328427877,0.4352801421425496,0.0,39.04241399818681,0.0,5.987052076630439,0.0,0.0,27.128190229294955,22.60526159634294,21.50988686553059,29.219879175077697,0.0,0.0
731,494,6,Co11.32Cr20.11Mo22.27Nb8.50Ni25.61V12.19,1336.9259033203125,759.6683959960938,43.86776351928711,524.2322999999998,956.296533203125,159.9962193937816,0.1673081662838122,0.1792951670453582,0.5127417498539242,0.43505567487389946,0.0,18.89487802230898,33.54825197045572,0.0,0.0,0.0,37.15232601418763,14.18617381353328,42.72518100338038,0.0,20.336690498237147,0.0
732,946,5,Co28.41Mo34.89Ti14.59V15.10W7.02,931.8469848632812,804.645263671875,56.230953216552734,587.8303,1152.605802408854,171.33330375932752,0.14864865628930082,0.2986896627327382,0.5318366169615336,0.4349365203426608,0.0,36.54577715082034,0.0,0.0,0.0,0.0,44.88244337759156,0.0,0.0,18.766859851824645,19.418382627467725,9.024842502081347
733,597,6,Co19.07Fe21.80Mn13.52Ni20.67V15.05W9.90,833.9664306640625,847.8631591796875,67.14276885986328,446.10186666666635,1152.1633911132812,257.63817694921113,0.22361253528483271,0.05972893179167016,0.5027376016969162,0.434888681517374,0.0,29.915444443708104,0.0,0.0,34.19214770265092,21.203204159992033,0.0,0.0,32.42202202570775,0.0,23.610495818415107,15.53156583602378
734,459,6,Al21.47Cu7.88Mn25.09Nb10.13Ti8.10W27.34,990.1407470703125,1161.6119384765625,48.03537368774414,556.3548999999998,1400.615478515625,181.10168598899517,0.12930150263720283,0.34636202805506655,0.5358216630993649,0.4342238818290508,30.089608715045678,0.0,0.0,11.037269702258142,0.0,35.15232433153537,0.0,14.193359076486685,0.0,11.34297456304354,0.0,38.30378781549234
735,176,4,Mn15.20Mo32.82Nb20.66W31.31,780.866455078125,881.88427734375,50.43973159790039,594.9704999999998,1019.9177693684895,179.2990229628044,0.17579752833782117,0.09739088912258609,0.49746996389613996,0.4340424039871674,0.0,0.0,0.0,0.0,0.0,15.349922300894029,33.149091480450785,20.86904420087814,0.0,0.0,0.0,31.62229000333018
736,218,5,Al22.64Mn18.22Mo21.89V16.41W20.83,773.0430908203125,871.9168090820312,53.17281723022461,627.8932333333331,1335.5815958658854,179.25989914792675,0.13421860536473537,0.2532894301964882,0.5182256438457397,0.43401310646525815,33.62367571229814,0.0,0.0,0.0,0.0,27.05335867699343,32.50380246649874,0.0,0.0,0.0,24.370125316729013,30.9320180040544
737,977,6,Co21.95Fe3.38Mn25.03Mo12.74V11.62W25.29,790.106201171875,869.9434814453125,62.41652297973633,550.0611,972.27890625,164.7304514959716,0.16942715761604193,0.2718391992950182,0.5299566092500364,0.43323197998702223,0.0,37.321862904184435,0.0,0.0,5.74006970747709,42.55761513396047,21.670921479488655,0.0,0.0,0.0,19.757902297165316,43.00758622662802
738,75,6,Cr5.17Fe9.95Mo26.50Nb8.80Ni22.05V27.53,1339.5814208984375,870.12841796875,40.150115966796875,522.0749,1192.9687540690104,211.04193073940093,0.17690482673546423,0.16200138834361422,0.50966006022655,0.4330335758739611,0.0,0.0,7.764630062601569,0.0,14.93149411473097,0.0,39.77595237181802,13.20261933444714,33.093752825112524,0.0,41.31240716884266,0.0
739,626,6,Al16.11Cr18.66Fe15.89Mn20.26Mo17.51V11.57,1124.32568359375,934.021484375,43.999629974365234,545.3870999999997,1447.7013834635416,195.01482930574164,0.13470652962918359,0.2145276666211906,0.5094525508887737,0.4328703851572397,29.841720732666758,0.0,34.58125992833886,0.0,29.443173803873,37.54233970887425,32.449898896741885,0.0,0.0,0.0,21.435301540569675,0.0
740,572,5,Co15.98Cr31.23Cu7.69Mn21.90Mo23.20,658.8330078125,970.5392456054688,62.89999008178711,550.6944,1090.2335001627605,188.22513964491202,0.17264662993460755,0.2419414402335387,0.5242720801046432,0.4327221345742836,0.0,17.976764202621865,35.13348606727116,8.654896353540892,0.0,24.635664899303247,26.104221823580257,0.0,0.0,0.0,0.0,0.0
741,509,5,Co12.37Cu14.39Mo15.11Nb23.06Ti35.07,821.4563598632812,670.7305297851562,53.25797653198242,633.8089999999996,1153.1277099609374,231.61824664741275,0.20086088006267658,0.11288747524434095,0.5051494573440491,0.4323567422795118,0.0,8.638977182035596,0.0,10.046172168767642,0.0,0.0,10.553815113424186,16.1071467144294,0.0,24.48983498173959,0.0,0.0
742,643,6,Co14.62Cr23.75Fe13.82Mn28.57Nb11.95Ni7.28,791.6930541992188,1132.030029296875,49.149261474609375,521.2178999999999,1107.1514038085938,210.57428780254554,0.1901946626975961,0.07882870604101344,0.4952898866804478,0.4319754797978461,0.0,21.053636893170157,34.19831552291967,0.0,19.899984954489906,41.13490263905133,0.0,17.205184997917506,10.47647960654096,0.0,0.0,0.0
743,612,5,Co16.28Cr27.16Cu10.01Fe10.11W36.44,610.35107421875,952.758056640625,66.80831909179688,564.9764,1116.7789713541667,160.79785703631833,0.1439836003012669,0.2895834626976257,0.5248178159585896,0.4309052233437477,0.0,18.88633792501503,31.51611385231709,11.619494374543828,11.72957218556329,0.0,0.0,0.0,0.0,0.0,0.0,42.286846153535734
744,967,6,Al17.49Fe11.93Mn23.73Mo19.20Nb21.13Ti6.52,947.7109985351562,977.2058715820312,50.17515182495117,567.3995999999997,1334.9808268229167,210.90111771252745,0.15798063423460926,0.25583212220684537,0.5215580581218915,0.43089647512187007,27.090850195390598,0.0,0.0,0.0,18.4832200569461,36.745268867885784,29.73533048478199,32.72006222896187,0.0,10.100910562009261,0.0,0.0
745,573,5,Al21.68Fe12.16Mn31.88Ni11.30W22.98,706.3075561523438,1051.4638671875,53.97579574584961,538.9404999999999,1438.2839680989584,179.42564381044062,0.12474980448234793,0.18859264302388556,0.4997735424936208,0.4308675627682568,29.430571355122886,0.0,0.0,0.0,16.499824869893086,43.26992846509252,0.0,0.0,15.343676673984133,0.0,0.0,31.195211865795436
746,877,6,Co17.73Mo20.30Ni24.53Ti4.62V10.84W21.98,1089.15283203125,706.6428833007812,56.73249816894531,536.1722000000001,987.1108113606771,210.5910667787869,0.2133408573334324,0.2159204937930017,0.5271776184169676,0.4306583053250092,0.0,31.418656914797822,0.0,0.0,0.0,0.0,35.973579203105864,0.0,43.474762041722954,8.189281150790805,19.206550954275304,38.94475577725798
747,641,5,Cr24.75Mn12.67Mo30.32Ni8.51W23.76,707.4614868164062,922.7623901367188,56.834896087646484,587.8826999999999,1098.5072428385417,164.03971325989014,0.14932966016319715,0.23416983706703431,0.5147840350886724,0.4306176526344663,0.0,0.0,34.73758406306008,0.0,0.0,17.780783496229695,42.56123178862428,0.0,11.949811995404303,0.0,0.0,33.34740499548421
748,618,6,Co25.31Cr19.62Fe6.23Mn16.12Nb10.24W22.49,751.0543212890625,1078.8013916015625,56.01625442504883,555.0187999999999,914.2778401692708,168.23475747415998,0.1840083507252158,0.23520896313238482,0.523509434810691,0.43046555450291013,0.0,42.015829829853104,32.57841526762435,0.0,10.34432205379217,26.75557897738787,0.0,16.996430073541905,0.0,0.0,0.0,37.33471042176874
749,283,5,Co33.72Cu6.25Fe17.21Mo26.26Ti16.56,795.0757446289062,938.9713745117188,57.02854537963867,548.2447,1131.9484781901042,157.65168423870693,0.13927461123564516,0.2530625755373297,0.5158791746999274,0.43044800678355016,0.0,41.43651683457471,0.0,7.675870136490768,21.155031893989563,0.0,32.276841960263496,0.0,0.0,20.353827016903,0.0,0.0
750,885,4,Co17.97Cr30.70Cu14.48Ti36.85,801.9932861328125,737.0152587890625,57.921199798583984,568.9688000000001,1037.3951212565105,191.22026968535303,0.18432732694341555,0.14379395234324654,0.5052857105019519,0.4304450882974487,0.0,19.211302093219683,32.815544287054294,15.473635369157376,0.0,0.0,0.0,0.0,0.0,39.385440817130615,0.0,0.0
751,916,5,Co31.33Fe22.75Mn8.61Mo21.46Ni15.85,669.7192993164062,808.5598754882812,66.56047821044922,503.5607666666668,838.310888671875,148.9168040197262,0.177639114595843,0.10107024914657381,0.4950652512802022,0.4304414228019267,0.0,41.22504077146286,0.0,0.0,29.932637034763793,11.33392527537267,28.245064136256595,0.0,20.856402619517667,0.0,0.0,0.0
752,960,5,Co27.53Fe16.94Mn28.00Ni22.48V5.05,745.639892578125,790.6707763671875,66.74186706542969,449.2294999999999,1113.3064371744792,220.90365905305435,0.19842125373288752,0.02267429891628947,0.4845115281277367,0.4303713549112569,0.0,43.1008543038665,0.0,0.0,26.522533856884028,43.842741510224535,0.0,0.0,35.19864267067263,0.0,7.899161551790339,0.0
753,528,6,Al19.17Cu11.62Mn25.92Nb8.04Ni10.78Ti24.46,1006.8396606445312,987.3226928710938,45.92301559448242,565.3108999999997,1592.7043782552084,205.946140627826,0.12930594242067564,0.25300175785994894,0.5132941818712905,0.4303673446941318,32.536874253943786,0.0,0.0,19.728277877147907,0.0,44.0023096303112,0.0,13.650107715942518,18.307333399699232,41.52906952561973,0.0,0.0
754,354,6,Cr22.92Mn11.66Nb12.21Ti11.88V13.81W27.52,1121.776123046875,1038.4600830078125,36.187477111816406,580.5113999999998,1111.273750813802,188.49827993628625,0.16962362316058144,0.14498140449424923,0.501757319960278,0.4303551332712827,0.0,0.0,32.80326271173412,0.0,0.0,16.686704622155595,0.0,17.471494421979372,0.0,17.011140134162716,19.769126853543487,39.39297984907894
755,187,5,Co24.51Cr20.67Fe24.09Ni11.58Ti19.15,716.4180297851562,977.0306396484375,58.32516098022461,464.25419999999997,707.1072957356771,135.67179777681858,0.19186875682800744,0.02623282926130932,0.48356105992408194,0.4303473048648182,0.0,40.315181100411216,34.00516663897715,0.0,39.63219200333541,0.0,0.0,0.0,19.043495736085973,31.497149279552747,0.0,0.0
756,477,4,Cr28.91Fe35.90Nb7.59Ti27.59,1228.8441162109375,1019.737060546875,44.577701568603516,480.3130999999997,1034.3470743815103,199.03632023555423,0.19242701523042288,0.17574908714994097,0.513209572020841,0.42995300078324716,0.0,0.0,33.2053933218374,0.0,41.228281238819264,0.0,0.0,8.721273981163282,0.0,31.684427964474185,0.0,0.0
757,613,6,Co17.36Cr24.07Cu8.21Mn5.49Ti12.41W32.46,751.3067016601562,962.5202026367188,59.4906005859375,553.7366,1078.5815999348958,179.80905474282142,0.1667088097494662,0.2627237005580656,0.5241279115221137,0.429905968973134,0.0,22.01478586763328,30.52172490517616,10.405222861232003,0.0,6.966678339553457,0.0,0.0,0.0,15.739465823162249,0.0,41.156451021521775
758,585,4,Cu13.79Fe50.11Nb23.56Ti12.54,996.1774291992188,872.6356201171875,56.715274810791016,528.1694999999996,850.0704915364583,192.38329807525676,0.22631452331386534,0.21478086942235963,0.5292961628996572,0.42976135818671896,0.0,0.0,0.0,9.740463249882737,35.3941909698885,0.0,0.0,16.641843273963,0.0,8.855034509058939,0.0,0.0
759,243,5,Co28.46Fe19.44Mn25.18Nb19.74Ni7.18,613.2464599609375,1028.8314208984375,66.22557830810547,472.1388,1028.427872721354,190.22753906391623,0.18496925658048277,0.12158287027393466,0.5002341535184246,0.42967526531851696,0.0,34.74409770984975,0.0,0.0,23.731660269463006,30.7402383930554,0.0,24.09490822647867,8.763534116765655,0.0,0.0,0.0
760,559,4,Co29.77Fe29.46Ni28.82Ti11.94,896.5433349609375,753.3446655273438,60.7492561340332,439.8459999999999,1188.4090006510417,261.18684083530405,0.21977857849630814,0.0073418763527957065,0.48576803714716943,0.4293550172525332,0.0,40.61852540856154,0.0,0.0,40.19659765871865,0.0,0.0,0.0,39.32697205449409,16.297724577847468,0.0,0.0
761,520,6,Mn15.82Mo8.32Nb12.03Ti21.82V17.36W24.65,1028.721923828125,1112.49658203125,37.73702621459961,578.0057999999999,1200.510127766927,155.54189316084336,0.12956316616017838,0.2008326299430181,0.5018755713018623,0.4293182537732141,0.0,0.0,0.0,0.0,0.0,25.797166674103458,13.575083935701173,19.612229927791766,0.0,35.583250523893646,28.307557455760133,40.19033383229572
762,925,4,Co18.07Cu32.86Ti20.24V28.83,821.1883544921875,1017.5773315429688,49.8935546875,628.9333999999997,1136.232999674479,213.30199663065278,0.1877273382235527,0.2653690734864388,0.5286992157823471,0.4286935665291712,0.0,20.176711420427964,0.0,36.67990134705095,0.0,0.0,0.0,0.0,0.0,22.594013101639725,32.189103525861114,0.0
763,873,6,Co31.05Cr23.07Fe5.58Mn23.65Nb12.21Ti4.44,754.4846801757812,1192.28173828125,52.19099044799805,527.9536,966.9899739583333,225.25838202139653,0.23294800162126883,0.12254151761968768,0.5114368492788283,0.42869154534957354,0.0,42.67418199546201,31.709759705561964,0.0,7.663720731380257,32.50910199677146,0.0,16.786366843602945,0.0,6.100304257313155,0.0,0.0
764,437,5,Cr24.98Fe17.94Nb8.99Ni18.52W29.57,868.0509643554688,995.646240234375,52.063194274902344,458.2435999999997,1056.2938232421875,160.197868326655,0.1516603285958293,0.06806583735150284,0.4801913715666412,0.4286631219473833,0.0,0.0,36.05763374600057,0.0,25.89218227170452,0.0,0.0,12.97300963295076,26.739100809212726,0.0,0.0,42.68403168368074
765,909,5,Co10.29Cu17.17Fe19.61Nb22.19Ni30.75,776.8275146484375,1018.9706420898438,61.60997772216797,465.1907999999991,1101.3406372070312,286.9610544904949,0.260556130225268,0.08524901650075956,0.5108180917768841,0.4286292559204151,0.0,7.786771879842224,0.0,12.987697679130925,14.836295383378408,0.0,0.0,16.78560424144493,23.26167159527304,0.0,0.0,0.0
766,467,5,Co22.57Mo29.20Ni11.45Ti24.44W12.33,746.601318359375,867.1143188476562,58.269046783447266,566.0138999999999,1089.9547892252604,175.57535661072748,0.1610849902641617,0.21690154420294916,0.5121722243801126,0.42852066797348226,0.0,26.358611680374164,0.0,0.0,0.0,0.0,34.10753524235716,0.0,13.377990046688586,28.54356370879573,0.0,14.399707009989722
767,631,6,Al20.05Co10.96Cu7.72Mn24.40Nb10.16Ti26.70,901.219482421875,1080.6456298828125,51.8732795715332,557.4168999999998,1400.3376057942708,220.65404394138318,0.15757203336421743,0.3109716259898123,0.529697342091688,0.4281100085526711,31.843187919699183,17.404906791699684,0.0,12.266281768774087,0.0,38.74455931312036,0.0,16.13454769996078,0.0,42.398756280881145,0.0,0.0
768,698,6,Cr22.20Mn26.26Mo21.95Ni10.35Ti6.15V13.08,1131.1900634765625,916.958251953125,48.018470764160156,567.7321999999997,1072.7423014322917,182.4006043753186,0.17003207958871677,0.31282404628510196,0.532963347523959,0.42789051836975944,0.0,0.0,36.1646602711399,0.0,0.0,42.78047426325978,35.7571656522034,0.0,16.867568423577264,10.022538636164434,21.31467489840721,0.0
769,111,5,Al22.23Fe8.12Mo24.40Ni23.77Ti21.48,947.1364135742188,618.2590942382812,55.152870178222656,616.5932333333333,1103.0284016927083,234.89511381248033,0.21295472850201327,0.19079041844252598,0.5191105663963023,0.42771380058229375,40.018747930406924,0.0,0.0,0.0,14.609961607374581,0.0,43.923417777018514,0.0,42.77818824448446,38.67344065940777,0.0,0.0
770,30,4,Cu41.78Fe16.73Mn21.36V20.13,748.5324096679688,1135.8658447265625,48.75706481933594,558.9562999999993,1217.4779500325521,183.67369740156627,0.15086408537966156,0.18036955416847933,0.5014587571406248,0.4276688249620136,0.0,0.0,0.0,27.213872583228103,10.900318998370535,13.913871502152665,0.0,0.0,0.0,0.0,13.115046544511813,0.0
771,933,6,Al23.28Co5.47Cu7.01Fe8.38Mn28.35Ti27.50,931.2925415039062,1003.1490478515625,51.89960861206055,558.9065666666665,1439.0338541666667,229.19162619666446,0.15926770974362348,0.2932431135236183,0.5260198694382769,0.4275543192976474,29.256320386318855,6.874714839073835,0.0,8.808136220163398,10.536420256352933,35.631356057873575,0.0,0.0,0.0,34.554900374135364,0.0,0.0
772,531,6,Co20.59Cu5.27Mn13.65Mo16.40Nb21.89Ti22.21,779.9124145507812,943.7725830078125,54.0039176940918,582.8956,1126.7614908854166,249.8550238752401,0.22174615115653482,0.15843726608262676,0.514427715423625,0.42730372441796594,0.0,41.64683470370839,0.0,10.65283559691229,0.0,27.613251895099687,33.179823443583764,44.282433169123266,0.0,44.930101879007154,0.0,0.0
773,57,6,Co15.57Fe2.82Mo19.10Ti20.96V21.15W20.40,913.0300903320312,1113.3936767578125,46.825382232666016,589.3756999999999,1088.1381998697916,222.84975941121,0.2047991325347061,0.2392199801151771,0.5261334492609662,0.42708967010425425,0.0,29.60566939155608,0.0,0.0,5.37132711172999,0.0,36.335635837473696,0.0,0.0,39.85924968456037,40.231028656220886,38.79711333534399
774,336,6,Cr24.03Cu3.27Fe24.44Mo18.62Nb13.09Ni16.54,1170.78271484375,911.4071044921875,49.35413360595703,476.1634999999999,869.0188232421875,202.26194124174043,0.2327474800685323,0.12594610804446038,0.5104527103626657,0.42707661873664055,0.0,0.0,41.066192569287594,5.591380311806811,41.7538163485368,0.0,31.823454122611714,22.36890411165015,28.26659965518845,0.0,0.0,0.0
775,38,5,Co16.51Fe6.67Nb17.84Ti30.56V28.42,935.3190307617188,944.7075805664062,47.90321731567383,566.1832,1170.3973185221355,243.92938431318515,0.20841587762794567,0.14293544211809917,0.5064063994745325,0.4257153416439262,0.0,21.5113085936092,0.0,0.0,8.690203901753849,0.0,0.0,23.23973706389018,0.0,39.817564526103794,37.03506931175195,0.0
776,211,6,Cu6.75Mo5.61Nb15.45Ni29.08Ti21.18W21.94,1128.801025390625,956.8765258789062,52.45746612548828,461.5531999999998,971.6806925455729,171.26537820360952,0.17625685013348866,0.2351539640155228,0.5167697919149064,0.4256747865784296,0.0,0.0,0.0,7.826485867529983,0.0,0.0,6.501323202760016,17.9175948273974,33.719910056351864,24.55410639237037,0.0,25.43606526096525
777,170,4,Co34.53Cu6.52Ni43.10Ti15.85,794.4371948242188,853.6932983398438,69.10275268554688,426.76040000000006,1224.3679972330729,281.9150342833021,0.23025351440122313,0.04118988536184154,0.4906179190934997,0.42481656342082563,0.0,36.01486463989134,0.0,6.800987593279848,0.0,0.0,0.0,0.0,44.9446308394373,16.52891206517688,0.0,0.0
778,98,5,Fe7.56Mo10.77Nb21.28Ti43.90W16.50,978.9717407226562,828.3382568359375,47.854671478271484,565.9433999999999,1240.7514282226562,231.66563985094106,0.18671398201233264,0.14241063609969806,0.4994102777185915,0.4242496549955687,0.0,0.0,0.0,0.0,5.458599520097569,0.0,7.783335482718953,15.375368584852408,0.0,31.713649608256617,0.0,11.91784365492953
779,180,5,Cr17.45Mo24.63Ti16.27V14.84W26.80,1170.3414306640625,765.943359375,38.36631393432617,604.3636999999999,1120.4934204101562,166.38772472135219,0.14849504842290465,0.17184261591068273,0.49567728768224695,0.4241850023943842,0.0,0.0,29.0693272261594,0.0,0.0,0.0,41.04059270178567,0.0,0.0,27.107332538113866,24.72338518615646,44.65430915795117
780,281,6,Al15.37Co14.48Cr14.34Fe18.71Mn19.67Ni17.42,769.112548828125,1129.7998046875,53.2948112487793,414.8891999999996,1407.1466878255208,251.06357569234834,0.1784203294969337,0.007077093410576607,0.4701512515139986,0.42413075045764986,34.2242204744339,32.2370554215887,31.914906773144008,0.0,41.6568855348155,43.795662199033046,0.0,0.0,38.7852526335717,0.0,0.0,0.0
781,847,6,Cu10.39Mn24.51Nb20.08Ni16.42V13.62W14.99,910.6698608398438,881.5855712890625,56.6317253112793,538.4838999999997,1198.217305501302,234.62681623978747,0.19581324285883678,0.24084177958195807,0.5211855186912481,0.42406385206014724,0.0,0.0,0.0,15.804792549414751,0.0,37.29419067608731,0.0,30.544601386226923,24.985252716058625,0.0,20.716471941931403,22.79921249817079
782,291,5,Mn20.20Mo9.29Ni32.07Ti24.66V13.78,1171.86376953125,832.372314453125,54.90107727050781,416.1085999999996,1013.7165608723958,174.938935920765,0.1725718437214975,0.1789841021970856,0.5025634872247654,0.4236237058549739,0.0,0.0,0.0,0.0,0.0,27.498972224106087,12.650663498383937,0.0,43.66563612365971,33.57406400421287,18.758808327984237,0.0
783,592,4,Co11.44Fe22.28Ti29.46V36.82,873.501220703125,988.4275512695312,53.074893951416016,494.70669999999967,1078.6087443033855,212.12047876885163,0.1966611896010992,0.1269410159401252,0.49747613884345726,0.4229226382551574,0.0,7.495212074295527,0.0,0.0,14.602317239603416,0.0,0.0,0.0,0.0,19.30224715195548,24.128963119349095,0.0
784,659,5,Cu12.53Fe21.81Nb21.07Ti24.77W19.82,1010.8226928710938,1032.8702392578125,53.14116287231445,530.9420999999996,1055.928515625,241.17224513529558,0.22839826897992868,0.28068576716456073,0.5359368749009105,0.42270015422301616,0.0,0.0,0.0,10.707376918784153,18.638507808727706,0.0,0.0,18.005668548786655,0.0,21.16498892361347,0.0,16.93712351388111
785,913,6,Co22.85Cr19.71Mn18.82Nb9.82V10.93W17.87,880.07958984375,1080.196044921875,53.467933654785156,559.4558000000001,1041.6582967122397,233.55894854789415,0.2242183922357941,0.2766744095507764,0.5337782858469626,0.4223888058778588,0.0,43.965755449613454,37.92446643400012,0.0,0.0,36.22776657414872,0.0,18.900937713774475,0.0,0.0,21.03248940036072,34.398918618020154
786,300,5,Al31.94Cu8.23Mn33.42Mo21.90W4.51,639.1842651367188,872.21728515625,56.69076919555664,663.6640333333332,1191.961405436198,220.05111111844082,0.18461261422966388,0.2872569970071891,0.5259234566030822,0.42231890364422836,36.45483235159448,0.0,0.0,9.3907763051355,0.0,38.14410529739378,25.00372111788468,0.0,0.0,0.0,0.0,5.152784717461078
787,724,6,Co21.10Cr22.40Mn5.62Mo19.73Nb11.77Ti19.37,818.322509765625,1072.70947265625,42.447811126708984,564.8302,991.3354410807292,211.3649279720444,0.21321231866947038,0.02705722166645419,0.4810190405573531,0.4223045165566947,0.0,32.610654772773856,34.617987622887675,0.0,0.0,8.682519448366403,30.48699294612988,18.185874495736325,0.0,29.9350832105471,0.0,0.0
788,479,5,Co25.81Mo14.98Nb20.11Ni26.36W12.74,750.3204956054688,824.4244384765625,74.00660705566406,512.4051999999999,1040.783671061198,206.28453594130377,0.19820116483089428,0.20086128800396374,0.5118388640428965,0.42211631523438015,0.0,22.472619435600002,0.0,0.0,0.0,0.0,13.045751531569959,17.51059659433654,22.95805650873145,0.0,0.0,11.094853842952325
789,743,5,Cr27.14Fe5.80Mn24.42Ti21.17V21.45,891.1610107421875,1083.1947021484375,50.2072639465332,531.3937,1167.4255859375,179.6701064283505,0.15390283422995785,0.25884557217680393,0.5123263583360724,0.4220815353432222,0.0,0.0,31.494690996033672,0.0,6.735562010751792,28.339608085105816,0.0,0.0,0.0,24.569860919545498,24.894523288181986,0.0
790,466,6,Co16.45Mo7.78Nb9.29Ti24.77V17.14W24.58,937.7503051757812,1138.3590087890625,40.03364181518555,574.051,1247.1287353515625,163.2591858413518,0.13090804598879638,0.22333810853468072,0.4993913139060633,0.42199668070192803,0.0,24.098855726127326,0.0,0.0,0.0,0.0,11.391791350863203,13.603216428813772,0.0,36.2812769038689,25.103757611368053,36.00969076199519
791,4,6,Cr14.38Fe10.76Mn6.91Nb25.46Ti30.23V12.26,1069.4329833984375,983.3624267578125,37.48958969116211,586.9801999999999,1226.075927734375,278.197396052681,0.22690062642919082,0.08523659425064767,0.4955352266598012,0.42176275120237394,0.0,0.0,21.32887290352928,0.0,15.953700763970367,10.252929990572696,0.0,37.76658000384919,0.0,44.845809684967676,18.181685340955283,0.0
792,567,4,Co18.45Cr38.15Fe32.52W10.89,687.0892333984375,933.02392578125,66.42557525634766,472.7340999999999,1008.3279866536458,238.63894767480502,0.23666797989687852,0.0980271137027744,0.5004677595697187,0.4216953418549442,0.0,16.249423332802156,33.595843550973086,0.0,28.637729979564234,0.0,0.0,0.0,0.0,0.0,0.0,9.58749231826202
793,574,6,Co11.39Cu26.76Mn15.52Ni3.88Ti8.33W34.11,751.2880249023438,1052.56982421875,51.457359313964844,657.7613999999995,1079.397391764323,186.87775053155386,0.17313155651237389,0.37123233613607376,0.5391978616445547,0.4216685052892465,0.0,14.741557692776222,0.0,34.62625329129283,0.0,20.07669783246627,0.0,0.0,5.023606216013334,10.780381107461645,0.0,44.133214404141654
794,376,5,Cu12.52Fe8.08Mn41.62Ni29.21Ti8.57,1017.5018310546875,943.5978393554688,47.87568283081055,486.5404999999995,1338.418994140625,262.892642096553,0.19642028635834752,0.09889177328986909,0.48939281632249476,0.42050939007493404,0.0,0.0,0.0,11.177551891825217,7.212864221765219,37.16115825133557,0.0,0.0,26.082156972773475,7.651699969387128,0.0,0.0
795,553,6,Cu9.50Mo26.90Nb12.54Ni21.66Ti14.16V15.25,1162.4447021484375,742.5853271484375,46.800636291503906,550.1569,1171.7806030273437,211.86243791281504,0.18080384447861628,0.20465529119658665,0.5066007764412075,0.4204687570822361,0.0,0.0,0.0,13.891958659976442,0.0,0.0,39.358074625341395,18.33833951927486,31.683527309716336,20.707512763156018,22.30939327198205,0.0
796,242,6,Fe9.56Mn5.34Nb17.80Ni30.05V12.15W25.10,1120.47265625,875.334228515625,56.713096618652344,448.6557999999995,966.60673828125,187.87912317654025,0.19436976356135616,0.2537775067740291,0.5190210228701135,0.41967308062496866,0.0,0.0,0.0,0.0,13.961809540602811,7.797980529488889,0.0,25.98727591890001,43.88148404780871,0.0,17.73960802253605,36.6588217109031
797,902,6,Al19.94Cu10.45Fe15.95Mn16.50Mo24.12Ti13.04,988.7161865234375,740.828857421875,53.1961555480957,585.4598999999997,1352.8681722005208,227.30132150979495,0.16801439059659137,0.2910997880096702,0.5197709990643793,0.4195474438132974,32.535529375684824,0.0,0.0,17.044886756180944,26.019567067029488,26.91987064302697,39.3453627291651,0.0,0.0,21.26529269402546,0.0,0.0
798,750,5,Al22.93Fe5.85Mn24.97Mo29.95V16.30,850.201904296875,835.8914184570312,52.56247329711914,592.2643333333333,1336.641727701823,209.93518361463077,0.1570616712494726,0.25713047243451337,0.5100917254870864,0.41940021318781556,32.409720543886905,0.0,0.0,0.0,8.261918086475465,35.298533752472004,42.3301174002754,0.0,0.0,0.0,23.036257774391235,0.0
799,863,5,Co27.10Cu21.36Fe7.17Mn32.31Nb12.07,597.4033203125,1078.97216796875,53.429386138916016,593.2611999999997,940.0197631835938,203.62539827728003,0.21661820979981913,0.15411610557409028,0.5043587465191577,0.41938097295438487,0.0,32.822638444602795,0.0,25.86994675572327,8.679103217046201,39.130231924778464,0.0,14.624157975974077,0.0,0.0,0.0,0.0
800,602,5,Cr26.07Mn28.09Mo5.06Nb14.46W26.31,704.6923217773438,1129.3857421875,55.48552322387695,537.6044999999999,1000.3825439453125,124.75736764890064,0.12470966072326899,0.3171876842138459,0.5139653335770664,0.41935038155348,0.0,0.0,32.321470951293904,0.0,0.0,34.828276028267595,6.26957163320204,17.930743658491995,0.0,0.0,0.0,32.61848595060956
801,427,5,Co12.43Fe18.14Ni11.63V29.48W28.33,955.2493286132812,925.9855346679688,53.48147201538086,512.6093999999996,1201.4942179361979,196.90294719254103,0.16388172681410026,0.2512043563174683,0.5105333854614017,0.41932208249438296,0.0,9.093385048303464,0.0,0.0,13.271346474647288,0.0,0.0,0.0,8.506747043710714,0.0,21.5715383261194,20.730728463479416
802,690,5,Cr25.72Mo11.43Nb13.15Ni21.70Ti28.00,1109.952880859375,934.983642578125,44.53010940551758,514.0163999999997,1155.6124715169271,210.7957765608851,0.18241043754415504,0.16911905716801767,0.4982729269390317,0.4188465061193894,0.0,0.0,34.32430653585407,0.0,0.0,0.0,15.254289138638917,17.544211716483865,28.96220276390222,37.359516740203205,0.0,0.0
803,62,5,Fe16.66Mn17.39Nb19.52Ni17.11V29.32,1150.44775390625,977.956298828125,48.768314361572266,466.52919999999966,1262.7712239583334,214.73327887291447,0.17004923362111699,0.23902777423498145,0.5091016590972575,0.41878379584498193,0.0,0.0,0.0,0.0,18.87067001302244,19.694655071537028,0.0,22.108821601728813,19.376190376488957,0.0,33.2104990506881,0.0
804,707,6,Fe10.18Nb13.72Ni19.01Ti21.77V19.13W16.19,1128.88525390625,993.6512451171875,45.61281967163086,512.7649999999996,1169.4011311848958,209.41044759482554,0.17907494871553645,0.24411543268509672,0.5115969008483432,0.41800507713243973,0.0,0.0,0.0,0.0,13.473525491168317,0.0,0.0,18.166561211430935,25.164740826172693,28.82153668899925,25.32827100662326,21.428964633094488
805,155,6,Cu5.20Fe20.34Mo27.46Ti5.81V20.95W20.24,1114.120361328125,1044.3271484375,43.617435455322266,527.4260999999999,1155.2776204427084,188.23860202815735,0.16293798018525046,0.26835977055219384,0.5123254047897609,0.41791895563300946,0.0,0.0,0.0,7.142474332989302,27.947962419909153,0.0,37.7317278403774,0.0,0.0,7.987775328199951,28.78260301619978,27.81249272585199
806,883,5,Cu10.67Mn22.78Nb19.06Ni33.77Ti13.73,1094.2821044921875,951.80419921875,54.719261169433594,437.18599999999964,1275.8686564127604,294.0020788008671,0.23043287200697055,0.18063993817636492,0.5115389486714415,0.4178027430344258,0.0,0.0,0.0,9.891810637722426,0.0,21.118225306841325,0.0,17.66957811706056,31.312648151349467,12.728001867416133,0.0,0.0
807,953,4,Al23.34Fe25.85V19.02W31.79,961.6363525390625,1112.3238525390625,48.77444839477539,557.8263666666664,1186.089530436198,192.78973366868527,0.16254231128554406,0.35717493983889415,0.5296432151635156,0.4175726493743508,29.421754097101985,0.0,0.0,0.0,32.591380652766944,0.0,0.0,0.0,0.0,0.0,23.985573581841614,40.075589906080374
808,400,6,Co17.82Mn7.65Mo29.89Nb12.58Ni12.43W19.63,826.9618530273438,875.3284301757812,53.75558090209961,569.9698999999999,1163.7142822265625,212.83780605615746,0.1828952426784088,0.22345968606473687,0.5079226076552072,0.41750685977265767,0.0,23.808944417372985,0.0,0.0,0.0,10.219856675907735,39.9356826079027,16.802516562565284,16.614934041979716,0.0,0.0,26.233072849650576
809,272,5,Co21.16Cr26.51Ni22.92Ti10.79W18.62,718.372314453125,984.331787109375,53.82665252685547,512.8974,1180.0110107421874,216.0126333548793,0.18305984553399599,0.1045947133345847,0.4839590569896207,0.41727515293920475,0.0,28.954175569758103,36.267411062790174,0.0,0.0,0.0,0.0,0.0,31.35506906230559,14.764295642795886,0.0,25.47493131090838
810,74,6,Co24.23Cu6.78Fe20.71Mn21.38Nb12.93W13.97,622.0045166015625,1053.4696044921875,61.69296646118164,478.7490999999999,1064.8616495768229,210.06799211713934,0.19727256794403347,0.15407875285910677,0.49729418668963593,0.4171602941318062,0.0,31.69674966141293,0.0,8.871024278369482,27.085540694190264,27.958716595379858,0.0,16.91537382326776,0.0,0.0,0.0,18.266834954891547
811,937,6,Al18.94Co7.51Cu6.62Mn19.02Ni27.91W20.00,570.3590698242188,1041.6209716796875,61.640769958496094,496.41199999999964,1277.8457478841146,178.02844168045107,0.13931919558775738,0.21573918036004813,0.4945805685293585,0.41660293356040956,30.056930833478216,11.922490890774489,0.0,10.499950537277282,0.0,30.184183128791858,0.0,0.0,44.28823205824679,0.0,0.0,31.738084464101043
812,629,6,Co17.34Cr23.12Cu6.94Fe31.83Nb13.18W7.59,876.2942504882812,882.83984375,58.84016799926758,462.02189999999985,817.1688517252604,197.29686518834365,0.2414395320768744,0.10487336183974993,0.49763369101716143,0.4162991356299928,0.0,24.367640557030086,32.48117080048487,9.752233318210807,44.72833122718123,0.0,0.0,18.516105733944293,0.0,0.0,0.0,10.670914226434265
813,860,5,Co22.94Cr19.87Mn18.44V12.94W25.82,725.0494384765625,969.9140625,60.278419494628906,564.068,918.0285359700521,168.6138165531183,0.1836694720768667,0.32994525843669353,0.5280596176300384,0.416153197923483,0.0,36.76580718108647,31.850052780938963,0.0,0.0,29.54862557813666,0.0,0.0,0.0,0.0,20.737746297081994,41.377043744237184
814,702,5,Cu14.00Fe18.01Mo9.38Nb19.00Ni39.61,842.5050048828125,994.3580322265625,57.55021667480469,455.2779999999994,1113.7444254557292,258.3288181049309,0.23194622769871664,0.11843458096369996,0.49755678192027114,0.41588330880285196,0.0,0.0,0.0,14.98641348638457,19.273367441828505,0.0,10.045228731129251,20.335114710043367,42.39572276748888,0.0,0.0,0.0
815,144,6,Cr24.94Cu3.82Fe19.87Mn20.31Ni20.28V10.79,869.6749267578125,831.0625610351562,53.8546028137207,456.8214999999997,1234.0473714192708,223.29530826328616,0.1809454915871467,0.038346496016713916,0.46867782017231685,0.4157721480721874,0.0,0.0,44.43348861943074,6.799890838311652,35.3987447714843,36.181318820884286,0.0,0.0,36.12714409478065,0.0,19.22217660790114,0.0
816,619,6,Co15.65Fe17.46Mn31.56Mo8.92Nb15.09Ni11.33,806.5020751953125,965.4185180664062,53.39133071899414,461.0902999999999,1229.4072794596354,162.15262444278557,0.13189496040242818,0.12846937609250364,0.4742179321763784,0.4155503168572706,0.0,20.071012375035924,0.0,0.0,22.390879955283577,40.4729174257031,11.433410638928857,19.346720870397313,14.526479373982076,0.0,0.0,0.0
817,349,5,Mn32.96Mo28.80Nb15.53Ti5.57V17.14,1090.2935791015625,1016.736572265625,42.54489517211914,560.6619999999998,1154.2392537434896,157.7584048096298,0.13667738668389542,0.31982987653869843,0.5133898499500661,0.41525452797135254,0.0,0.0,0.0,0.0,0.0,39.40862002520352,34.43295879160088,18.568582161923352,0.0,6.661815285097973,20.491574802419265,0.0
818,433,6,Al18.35Cu7.15Fe25.17Nb9.90Ti13.03W26.40,1215.78759765625,930.9476928710938,44.64390182495117,514.6540999999999,1385.1551920572917,181.25792208502835,0.13085748306355213,0.33014306202419075,0.5139932016801982,0.4152502185094721,27.5724807217771,0.0,0.0,10.752126092051522,37.82497955094297,0.0,0.0,14.880115816876899,0.0,19.58853342461165,0.0,39.67075367356663
819,762,6,Co6.83Cr25.90Fe8.77Mo10.76Nb12.91Ni34.83,935.2783203125,965.646240234375,54.46907424926758,422.4263999999997,1164.0831095377605,234.5942837902399,0.20152709189586446,0.09003630089042725,0.48348383946615126,0.4150948063140997,0.0,8.419317697692545,31.906868981193107,0.0,10.806369202012487,0.0,13.25685451506459,15.907294052410945,42.918599199068225,0.0,0.0,0.0
820,586,5,Co24.26Cr25.03Mn21.77Nb11.40Ni17.54,633.1576538085938,1076.2554931640625,54.90966796875,486.44360000000006,1029.986210123698,222.172478897842,0.21570432372212037,0.03934466045734897,0.47668008254833416,0.4148850695263343,0.0,32.12556107586161,33.13503823813423,0.0,0.0,28.82402087396143,0.0,15.091454662873515,23.224544149746016,0.0,0.0,0.0
821,979,6,Al14.85Co20.81Cr17.57Mo19.93Nb7.32W19.53,882.2474975585938,1048.315185546875,47.60173416137695,576.7247000000001,1229.0021402994792,260.29995413826646,0.2117978037652867,0.2253799423619154,0.5128896412973375,0.4148642018836327,30.081061078872402,42.156329499437675,35.58796294498758,0.0,0.0,0.0,40.367898664343365,14.830090834281114,0.0,0.0,0.0,39.5670063520691
822,338,5,Mn32.32Mo27.20Nb13.04Ni8.24V19.19,1075.438232421875,940.7133178710938,45.06389236450195,552.3467999999999,1056.167061360677,161.74619580029383,0.15314451824687053,0.287915035358271,0.5099003061555808,0.414031169522209,0.0,0.0,0.0,0.0,0.0,42.91235048681497,36.11955959194559,17.306785957532355,10.946545121079396,0.0,25.48327686850526,0.0
823,992,5,Co28.58Cu9.86Mn18.68Nb32.41Ni10.47,523.0678100585938,942.7319946289062,73.0850830078125,562.7239999999999,1037.35703125,229.81376393087314,0.22153777051470014,0.20419628847945703,0.5101075132006467,0.4138838128760803,0.0,32.853186644035716,0.0,11.337274121939984,0.0,21.472059571519416,0.0,37.250352832358985,12.036557930137505,0.0,0.0,0.0
824,1,6,Al6.30Co8.63Fe26.18Mn22.78Nb19.07Ti17.03,892.9649658203125,858.1455078125,62.0398063659668,465.91479999999973,879.6581176757812,196.83703769422925,0.22376538536847584,0.21039785824037227,0.5117156452769733,0.4136947272867799,8.87862683861699,12.16126549766335,0.0,0.0,36.90056181185943,32.10183220735104,0.0,26.877155039419076,0.0,24.00359491467072,0.0,0.0
825,529,4,Co26.80Mo25.96Ti33.20W14.04,710.9297485351562,821.3164672851562,59.31415557861328,564.6968999999999,1026.0022094726562,195.43510046983081,0.1904821438642714,0.22162446041507533,0.5055747830816087,0.41362935503252585,0.0,28.19279390827074,0.0,0.0,0.0,0.0,27.305713662780462,0.0,0.0,34.918530085878714,0.0,14.771514323586567
826,253,6,Cr19.54Cu3.11Mo21.15Ni21.47V12.01W22.72,1163.5399169921875,654.455078125,49.09054946899414,530.2355999999999,1022.8827555338542,158.33508264370406,0.15479299243936043,0.23602529854364307,0.49895328455396115,0.4130499767353924,0.0,0.0,36.1889663812466,5.767209494041167,0.0,0.0,39.17711960067848,0.0,39.759936724224715,0.0,22.236373902060574,42.07332338353621
827,495,5,Al12.95Co19.87Mn20.07Ni22.57Ti24.54,738.372314453125,1047.3958740234375,56.190208435058594,483.0452999999999,1241.8685221354167,274.1299560430438,0.22073991824164454,0.12302601989564987,0.49280235904634895,0.41301217550680785,15.701674384791232,24.08820663168838,0.0,0.0,0.0,24.326877396049824,0.0,0.0,27.36179181077244,29.749389561977953,0.0,0.0
828,33,6,Co27.01Cr13.10Mo12.67Nb8.34Ni34.08W4.79,799.4041137695312,927.2736206054688,60.44492721557617,394.8279999999999,1094.421700032552,222.80674366234422,0.20358399660361004,0.048808036469324856,0.47361849782898474,0.4129608913842172,0.0,33.88476991117966,16.4372702183218,0.0,0.0,0.0,15.892264655733618,10.461992847898314,42.74369403399642,0.0,0.0,6.013143811156091
829,178,5,Cu5.77Nb21.69Ni15.58Ti18.16W38.80,980.68603515625,929.8739013671875,50.41843795776367,537.3405999999998,1029.787715657552,219.83189503253874,0.21347302137136984,0.22602813850398307,0.511174896533179,0.41260101348954,0.0,0.0,0.0,6.119061783161967,0.0,0.0,0.0,22.98816832816363,16.512385729952765,19.252030449154166,0.0,41.12065893245476
830,579,4,Cu9.32Mo34.51Ti30.84W25.34,786.8811645507812,783.6886596679688,50.69064712524414,593.9374999999998,1037.2115926106771,181.20903186357106,0.17470787364366533,0.1584893597646373,0.4879450510228013,0.4125702106589575,0.0,0.0,0.0,8.21373235032453,0.0,0.0,30.419272821929603,0.0,0.0,27.184323673010574,0.0,22.339140544422627
831,891,5,Co20.90Cr27.36Cu6.52Fe17.27Ti27.95,729.7702026367188,1023.2908935546875,56.758480072021484,463.7476,1100.5540771484375,206.62702486287282,0.1877481798970283,0.12417348094415182,0.48416476818542786,0.4123930270223404,0.0,26.332653593865395,34.47913614232169,8.218804629132913,21.759441516356283,0.0,0.0,0.0,0.0,35.2219481410339,0.0,0.0
832,204,4,Cr28.92Mn30.79Mo22.39Ni17.91,821.8308715820312,992.780517578125,55.905029296875,503.8100999999999,1074.928731282552,193.19548300488788,0.17972864375331798,0.2398259954746943,0.505211744321935,0.4123143842886667,0.0,0.0,32.55730193893302,0.0,0.0,34.66789575318134,25.20684674877546,0.0,20.16097383669726,0.0,0.0,0.0
833,476,6,Cr21.66Fe25.95Mo14.32Ti23.19V3.10W11.78,1086.929443359375,869.8425903320312,46.936031341552734,499.0425999999998,860.1242228190105,167.14522609621486,0.1943268444974209,0.15592030687940528,0.49194573192835256,0.4121799594281163,0.0,0.0,37.16122545791317,0.0,44.53272913909409,0.0,24.56382103522552,0.0,0.0,39.788336083141715,5.317363968599416,20.213322493496868
834,87,6,Al3.34Co26.13Mn22.19Nb21.82Ni15.33W11.19,623.8532104492188,997.8693237304688,68.6351318359375,501.7032000000001,1088.183943684896,264.9437845274135,0.2434733448007325,0.1828716187606063,0.508991107897284,0.4115484479449796,5.103154665686645,39.86788614741086,0.0,0.0,0.0,33.85848202829216,0.0,33.28929041803025,23.389459808671965,0.0,0.0,17.06814083776947
835,804,5,Cr26.52Cu22.06Mo25.14Nb10.89Ti15.39,978.1478271484375,963.2057495117188,32.63112258911133,684.6350999999999,922.2058959960938,187.93109355435553,0.20378431147565723,0.16488704066018622,0.4954621532438013,0.4115386672428497,0.0,0.0,40.64085037186182,33.806250235202064,0.0,0.0,38.52702381969937,16.68109765157262,0.0,23.58594982488425,0.0,0.0
836,576,5,Cr25.27Cu9.82Fe26.99Ni18.72W19.20,675.9996948242188,781.1986694335938,61.62602996826172,491.68829999999963,860.038134765625,188.2575099152187,0.21889437491806343,0.06364651993353465,0.4789549027386095,0.41150200502238676,0.0,0.0,36.42289429720145,14.154601466281989,38.904514916371525,0.0,0.0,0.0,26.98407136951119,0.0,0.0,27.68221122146992
837,471,6,Co6.16Mo23.12Nb12.90Ni17.76Ti19.35V20.72,1055.591796875,949.6491088867188,40.07370376586914,534.6256999999999,1013.7676147460937,189.20036952959077,0.1866309071009114,0.11736156294457079,0.4812966672814154,0.41116662791727343,0.0,7.026867727675551,0.0,0.0,0.0,0.0,26.386998653410487,14.720830469544417,20.265788435465616,22.08301299514617,23.64981358517611,0.0
838,900,5,Cr20.62Fe13.79Mo17.91Ni20.76W26.92,833.4430541992188,880.1324462890625,49.5315055847168,522.3512999999999,1081.4802408854166,164.6670550692197,0.152260807774357,0.12937253404440563,0.4750106961807724,0.411070987428302,0.0,0.0,33.494887369581576,0.0,22.39736206227441,0.0,29.09521341209441,0.0,33.73118186659526,0.0,0.0,43.732717428016436
839,61,5,Co19.87Mo12.15Nb15.63Ni14.87Ti37.49,742.533203125,792.4927368164062,57.17909622192383,530.5729999999999,1155.2808146158854,241.7920817281883,0.2092929084160207,0.11385465422558527,0.48592988827252936,0.41083573032340714,0.0,19.78671666978316,0.0,0.0,0.0,0.0,12.103117344426309,15.562180609914922,14.803638832591803,37.33108153637527,0.0,0.0
840,475,6,Cr17.63Fe12.00Mn17.42Nb9.28Ni19.49W24.17,924.5403442382812,1034.146728515625,44.33984375,506.15519999999964,1131.3796997070312,159.08622675529207,0.14061258726534262,0.1640447580645754,0.47869581091914004,0.4107337124898893,0.0,0.0,31.928413663824333,0.0,21.7177433664598,31.541140326622486,0.0,16.808692573564475,35.29232109377475,0.0,0.0,43.76395147734401
841,279,5,Co20.89Cr27.52Cu7.25Mn27.25Ni17.09,529.7603149414062,1020.7232055664062,57.682342529296875,475.7322000000001,1150.8989379882812,213.62588394982134,0.18561654451018056,0.029005415994677985,0.4627106661856766,0.4105054468591959,0.0,29.975749883714037,39.48091514856619,10.408307929844277,0.0,39.10224258486581,0.0,0.0,24.514053683325937,0.0,0.0,0.0
842,484,5,Co16.31Mn22.24Nb19.97Ni31.27Ti10.21,1009.2113037109375,977.3145751953125,53.774070739746094,417.7697999999998,1303.986348470052,270.1483127555265,0.20717112036677957,0.14788886940566126,0.491100871101079,0.4097303171282518,0.0,13.00442329456805,0.0,0.0,0.0,17.728452931620694,0.0,15.917575197874411,24.9254350450251,8.13963019973237,0.0,0.0
843,167,6,Cu7.20Fe13.34Mn14.01Ni24.85V12.14W28.46,890.9449462890625,819.3521118164062,55.50139617919922,521.0783999999996,1044.4885620117188,203.13659229278167,0.1944842669234539,0.21141278371301775,0.5004044257339787,0.40950080226051166,0.0,0.0,0.0,10.58418348377475,19.620770015438392,20.603159623673488,0.0,0.0,36.538811315427964,0.0,17.85840975241962,41.86167947145937
844,812,6,Co19.89Cr18.92Cu5.16Mn17.02Mo13.27Ti25.73,767.6925659179688,819.1516723632812,53.26838684082031,563.205,1118.0130859375,202.56019494952525,0.18117873350263178,0.17973998661069346,0.48850241716991766,0.407259736472121,0.0,31.909542098898346,30.355569254053805,8.283593093460503,0.0,27.31044651315918,21.281453764081135,0.0,0.0,41.28357408677529,0.0,0.0
845,751,5,Co26.40Mn31.69Mo22.51Nb12.43Ni6.96,684.5131225585938,1009.6133422851562,53.433753967285156,541.5840999999998,1003.2024169921875,153.34712926244072,0.1528576154373788,0.225907861795964,0.4906263436309266,0.4072303674123891,0.0,36.7787383608168,0.0,0.0,0.0,44.151262301199644,31.358413652548762,17.315149575861778,9.7023923000562,0.0,0.0,0.0
846,697,6,Co7.45Cr26.24Cu4.99Mn17.82Ni17.84W25.66,511.3950500488281,942.234619140625,63.93301010131836,507.0483999999998,1067.8836791992187,142.733217418639,0.13365989217633828,0.23659471730281534,0.48793983401036733,0.40720591750571966,0.0,9.586341056539464,33.76120053189137,6.425115835382614,0.0,22.932016343616105,0.0,0.0,22.95598173974545,0.0,0.0,33.015886570676756
847,506,4,Co38.89Fe30.57Mn6.22Ti24.32,716.095703125,1039.6397705078125,55.663875579833984,531.494,807.4049011230469,200.11061605334166,0.24784419288884796,0.17466168797964765,0.5040485147539306,0.40715512893578915,0.0,44.04787681118086,0.0,0.0,34.63065246615122,7.04055022679416,0.0,0.0,0.0,27.548828055689224,0.0,0.0
848,637,6,Co9.55Cu11.30Fe10.52Mn35.42Nb13.34Ni19.87,781.7015991210938,933.6424560546875,52.760257720947266,495.28079999999966,1196.5616088867187,209.29870147897086,0.17491677814542492,0.12993174400510488,0.4768098008634225,0.40709425752604533,0.0,11.850078180087431,0.0,14.025403290531365,13.065638032411211,43.975356719582024,0.0,16.55497603813455,24.673733181171137,0.0,0.0,0.0
849,129,5,Co15.90Cu9.78Mn19.40Nb17.37Ti37.56,702.3959350585938,892.545166015625,52.333560943603516,561.8721999999997,1174.4085245768229,235.72413389641335,0.2007173219228397,0.1295387141665164,0.4829269748462198,0.4068399015322066,0.0,15.233325611377929,0.0,9.36823852027252,0.0,18.582909104484905,0.0,16.636656254252408,0.0,35.983643151993775,0.0,0.0
850,251,5,Cr32.47Cu8.35Mn20.30Ni33.14W5.74,631.712158203125,911.4259643554688,64.28407287597656,430.1427999999996,1128.3747639973958,202.6333058895084,0.1795797924190159,0.11541773893840102,0.47453599243881256,0.4065574965463784,0.0,0.0,34.83981687965248,8.963621504615082,0.0,21.77782331345247,0.0,0.0,35.5549075554221,0.0,0.0,6.157975958904732
851,734,6,Co20.74Cr17.54Mn19.62Mo21.93Nb8.61V11.56,1107.5308837890625,921.4783935546875,38.3182487487793,580.1027000000001,1150.01640625,231.56093725079148,0.20135446415575123,0.19148044324109326,0.4950269142554749,0.40639220956831845,0.0,42.50605791604163,35.954899822151,0.0,0.0,40.208070602931016,44.94210526989977,17.647874618195583,0.0,0.0,23.690900278120107,0.0
852,73,5,Cr10.43Mo25.50Nb17.27Ti35.36W11.46,933.8209228515625,763.6676025390625,42.67717361450195,579.1644999999997,1060.6098266601562,197.98162795859028,0.18666772924594838,0.08194507049470467,0.46924735786886124,0.4061914114584332,0.0,0.0,12.764894488085321,0.0,0.0,0.0,31.209915725264963,21.135607686967166,0.0,43.28014161557606,0.0,14.024655898686582
853,554,5,Co11.66Cr27.28Mn33.12Mo17.30Ti10.64,818.9218139648438,1079.0352783203125,47.5133171081543,550.6980999999997,1179.479268391927,181.97217572342225,0.15428179248247292,0.26294799299303273,0.4973135262097278,0.406153479490503,0.0,13.988710019608188,32.74168789524586,0.0,0.0,39.75214168938003,20.76161710362664,0.0,0.0,12.764759267606717,0.0,0.0
854,490,6,Al15.42Co15.28Fe22.17Mo22.63Ti11.95V12.55,1077.12548828125,581.7361450195312,52.6149787902832,535.6848999999999,1356.0793904622396,232.0062440689784,0.17108603353222235,0.22908180382432053,0.4944351701963838,0.40584730104846406,29.89866717637948,29.622929687829487,0.0,0.0,42.983790459492354,0.0,43.892249723935635,0.0,0.0,23.179402503113373,24.343997487946766,0.0
855,861,4,Co27.14Mn43.32Ni5.80W23.74,459.6430969238281,1020.2041625976562,64.08717346191406,521.5314999999999,916.4168334960938,207.6038650640445,0.22653868575508812,0.16291341320652575,0.49465463172730406,0.40543727764722687,0.0,23.932751665384735,0.0,0.0,0.0,38.20184412426774,0.0,0.0,5.112277827532832,0.0,0.0,20.939510301073515
856,997,6,Cr28.63Cu11.83Fe5.73Mn5.04Ni35.57W13.19,712.2926635742188,934.3854370117188,57.299957275390625,476.7553999999996,1160.4178914388021,248.3001854472722,0.2139747993194114,0.09817895438128188,0.47850804053431256,0.4053785498282033,0.0,0.0,32.97237727621639,13.626524400766838,6.602153699134243,5.8060374966357315,0.0,0.0,40.968723287591374,0.0,0.0,15.192149318598737
857,787,6,Co21.86Cr22.53Cu11.80Fe5.43Ti23.04W15.34,647.5818481445312,1057.2630615234375,50.912357330322266,570.6114,971.7977091471354,211.74634787048836,0.21789138405802605,0.1576257944253594,0.49082687398943564,0.4048288690898572,0.0,30.626657248899967,31.566030094406376,16.527690342784126,7.608677927353611,0.0,0.0,0.0,0.0,32.27013364627039,0.0,21.486129045315792
858,60,6,Fe4.97Mn21.59Ni18.23Ti23.70V16.51W15.00,881.5451049804688,987.2109985351562,52.32683181762695,501.60169999999977,1320.7791137695312,224.5073630329346,0.16998100643201866,0.2589586275218051,0.4979661263553222,0.40367914924295656,0.0,0.0,0.0,0.0,8.75428509303995,38.04381519306066,0.0,0.0,32.11914691993066,41.753771604965095,29.07810409394931,26.426928177899278
859,197,5,Co30.10Cr20.83Fe24.57Mn7.01W17.49,501.8367614746094,921.234375,62.702239990234375,487.9584,743.4692586263021,152.6999564603907,0.20538839325049202,0.08814587441593003,0.4722689781857601,0.40329270498995107,0.0,42.100687062553504,29.131387756432822,0.0,34.37102869904215,9.810669238457672,0.0,0.0,0.0,0.0,0.0,24.4695658275729
860,369,5,Co29.24Cu8.56Nb10.54Ni26.94W24.73,611.5499267578125,904.099365234375,65.4642562866211,485.9529999999999,970.8625162760417,198.9084946314135,0.20487812774394784,0.1857224703598559,0.4909425760020826,0.40257854999412446,0.0,44.43547633928509,0.0,13.008497689413714,0.0,0.0,0.0,16.01661673533565,40.944501163919476,0.0,0.0,37.586142607609034
861,848,4,Cr43.78Fe27.16Mn19.24Mo9.82,688.8864135742188,954.7482299804688,55.91529846191406,495.06469999999973,1069.4823852539062,211.6144451901236,0.1978662277264942,0.132977462379261,0.4783641988338626,0.40230214942638687,0.0,0.0,32.61522154413134,0.0,20.233098231751452,14.331582560352858,7.317969157800226,0.0,0.0,0.0,0.0,0.0
862,515,6,Cu6.77Mn10.60Mo20.38Ti24.51V14.50W23.23,971.996826171875,725.0133666992188,45.75149917602539,599.7962999999999,1069.0837320963542,179.78142739747884,0.16816402869113672,0.23105946068636007,0.4904467176462832,0.402193818336227,0.0,0.0,0.0,9.351026508217537,0.0,14.633436596642008,28.14259435639092,0.0,0.0,33.84083588433957,20.0219960973985,32.0656459003645
863,948,5,Cu39.84Mn14.82Mo6.91Ni23.72W14.71,548.5670166015625,950.4234008789062,54.425148010253906,556.8181999999991,1225.9381998697916,255.35327041388945,0.2082921230784805,0.09836876799472993,0.4736201174563433,0.40187333308777723,0.0,0.0,0.0,28.873101586150703,0.0,10.742722842078551,5.008488643768178,0.0,17.190110426657647,0.0,0.0,10.664577894440342
864,419,4,Mo40.41Nb13.66Ni9.28Ti36.66,923.2542724609375,688.4067993164062,40.5427360534668,580.3672999999997,1077.699267578125,201.496499246638,0.18696913444086666,0.013543535034361343,0.4509838647473284,0.40153287413023947,0.0,0.0,0.0,0.0,0.0,0.0,44.42061405629832,15.010969469906533,10.19575747278903,40.29597328925996,0.0,0.0
865,795,4,Fe19.27Mo13.95Nb18.25Ti48.53,977.0071411132812,739.850830078125,49.3570442199707,494.3301999999997,1177.7739908854167,196.29019561044615,0.16666202270512087,0.13142841765458046,0.46938024565079084,0.4014290564435945,0.0,0.0,0.0,0.0,17.192383311811362,0.0,12.451723892967516,16.289765946849464,0.0,43.30400582284875,0.0,0.0
866,183,5,Cu10.63Fe43.96Mo8.19Nb31.29Ti5.94,955.396484375,991.5452270507812,49.59150314331055,517.1048999999997,880.8947306315105,176.28075825216047,0.2001155780847791,0.26201435275244156,0.5037359610037685,0.40130419593208544,0.0,0.0,0.0,8.980498805133445,37.133386769732155,0.0,6.916428861268546,26.428020692981278,0.0,5.0140757931755955,0.0,0.0
867,516,6,Co7.41Cu12.75Fe16.72Nb18.51Ni34.89Ti9.73,1119.5589599609375,1026.72412109375,45.963348388671875,427.6669999999994,1292.517822265625,302.6087667021584,0.2341234770532776,0.12445215540862176,0.4846102359994689,0.40118893565442515,0.0,7.097738641184687,0.0,12.205326592343745,16.013635008708075,0.0,0.0,17.71872082236781,33.40256791280481,9.31247439790581,0.0,0.0
868,893,6,Cr21.63Cu6.66Mn15.90Mo27.05Nb10.99Ni17.78,1040.687744140625,976.9820556640625,45.29169845581055,525.0086999999999,1045.8434651692708,202.27538601468328,0.19340885395497004,0.25634976422530087,0.4999406176271773,0.40031845129337457,0.0,0.0,32.55340332494847,10.021633749184504,0.0,23.92191043490825,40.70422611659063,16.538310054821824,26.749710963383574,0.0,0.0,0.0
869,640,6,Cu6.72Fe10.26Mn17.57Mo24.56Ti25.39V15.49,988.3370361328125,815.3980102539062,42.77872085571289,603.1908999999998,1202.2743977864584,229.0120801987566,0.19048237292617828,0.22232800184622237,0.4921447433763998,0.4000585497756108,0.0,0.0,0.0,10.723429446801969,16.387874551384115,28.05772211430224,39.218480826048705,0.0,0.0,40.539580049778166,24.73839473807071,0.0
870,907,4,Co21.72Nb22.27Ni49.80W6.21,700.7179565429688,999.8150024414062,67.96967315673828,416.63979999999987,1056.9500610351563,291.8093551316889,0.2760862276178843,0.10506084768251867,0.48969543567071727,0.3996617092297424,0.0,17.506923705024768,0.0,0.0,0.0,0.0,0.0,17.949255576470573,40.13598526542085,0.0,0.0,5.005535629262049
871,927,5,Mn28.34Mo12.98Nb16.78Ni32.48Ti9.42,1136.2591552734375,869.3348999023438,52.065391540527344,422.5833999999997,1289.6944580078125,289.43775881504246,0.22442351133472044,0.18281497663690782,0.492322049724365,0.39965317656330335,0.0,0.0,0.0,0.0,0.0,28.774701726245485,13.178140290442592,17.034580164094283,32.968679186269064,9.562389359504573,0.0,0.0
872,8,5,Cu6.15Fe19.85Mo31.26Ti26.86V15.89,1044.956298828125,820.5481567382812,42.6012077331543,526.0474999999998,1191.3761189778645,213.98958099878968,0.17961546953147006,0.1401174187141906,0.47239003534895607,0.39946268422325043,0.0,0.0,0.0,8.678582692700543,28.015268144397677,0.0,44.12392477262853,0.0,0.0,37.91801280088865,22.433585557382113,0.0
873,273,4,Fe24.15Mn32.68Ni21.71V21.45,827.83740234375,931.4984130859375,54.22386169433594,450.90666666666635,872.1178792317709,201.957340712883,0.23157115055453592,0.07955798689133586,0.47322526315007774,0.39942087813317656,0.0,0.0,0.0,0.0,16.900207155546283,22.86953586758529,0.0,0.0,15.191008668879512,0.0,15.010048963122443,0.0
874,943,6,Cr21.38Cu6.34Mn16.29Mo27.79Ni22.52Ti5.68,942.2217407226562,934.3314208984375,48.02359390258789,528.1350999999999,1150.074617513021,216.86306829929458,0.18856434617107729,0.23385264785038196,0.49298009589136127,0.39906847977851556,0.0,0.0,32.785300980793586,9.720665898119977,0.0,24.989561370454727,42.613929341691474,0.0,34.54053533910055,8.711253857492004,0.0,0.0
875,455,6,Fe21.58Mn17.13Mo11.72Ni16.91Ti18.65V14.00,1115.8848876953125,805.5563354492188,46.88027572631836,475.1886666666664,1215.463224283854,213.58642606275114,0.175724301480693,0.18582228815134583,0.4800936939684144,0.39899816096797197,0.0,0.0,0.0,0.0,35.572286893354274,28.235580332174482,19.31780233234789,0.0,27.87748274244056,30.737316690588457,23.078845548460627,0.0
876,505,5,Cu14.62Fe20.22Mn43.65Mo7.83W13.68,645.811767578125,979.7018432617188,50.950096130371094,501.4768999999996,1248.9171915690104,156.26011922502917,0.12511647712104926,0.1343877557248061,0.4569936345725197,0.39883696414729614,0.0,0.0,0.0,10.936233245176398,15.128426759979956,32.653504080587126,5.854440330041082,0.0,0.0,0.0,0.0,10.229536062770304
877,895,4,Co24.02Fe27.65Nb24.45Ni23.87,609.3756713867188,853.0957641601562,71.05817413330078,483.8037999999999,899.4481079101563,242.69743658211974,0.2698292813645701,0.08960119940961098,0.48410698833757504,0.39872942811451034,0.0,18.165398184440402,0.0,0.0,20.907778891420637,0.0,0.0,18.489519147196642,18.048317033505285,0.0,0.0,0.0
878,527,5,Cu11.64Mn9.97Nb18.05Ti37.72W22.63,856.504638671875,825.9553833007812,49.154659271240234,583.1649999999995,1044.04140625,214.85266325461987,0.20578940832081571,0.21531666026146268,0.49274321972158475,0.39823253558908833,0.0,0.0,0.0,11.991276877105486,0.0,10.266455833645846,0.0,18.589990615110114,0.0,38.8574654760754,0.0,23.31247499188013
879,255,6,Co16.60Cr19.20Fe19.75Nb13.68Ni5.84Ti24.93,963.5048828125,1117.3060302734375,43.38870620727539,451.0731999999998,1081.6019165039063,216.39180321106363,0.2000660316047823,0.1089612834015633,0.46996884426790214,0.39816007968639394,0.0,29.212468709694075,33.80246377513449,0.0,34.7539860999738,0.0,0.0,24.082134929742754,10.2851345686889,43.876680901290385,0.0,0.0
880,687,5,Cu14.69Fe9.57Mn35.93Nb15.30W24.52,748.6310424804688,1007.255126953125,46.37180709838867,576.4974999999996,1074.779736328125,179.60179305286883,0.1671056747557039,0.2191119852835146,0.48363839586651924,0.39803958012089036,0.0,0.0,0.0,16.02652148852989,10.441196371765345,39.192691668535055,0.0,16.688065844546294,0.0,0.0,0.0,26.744360238154837
881,905,5,Cr27.67Mn16.24Nb12.26Ni20.73Ti23.10,1043.5469970703125,1041.0281982421875,43.728233337402344,508.8763999999997,1123.7518717447917,216.5235066764735,0.19267910658986362,0.24808573359516073,0.4953742311142625,0.3975873077477644,0.0,0.0,32.27885696109439,0.0,0.0,18.946367441333788,0.0,14.30295835893603,24.175241478854176,26.939609173404214,0.0,0.0
882,449,5,Cr26.51Fe20.30Mn27.13Mo13.74W12.32,617.1492919921875,1017.0562133789062,56.17799377441406,471.0106999999998,1167.157381184896,174.5455466200329,0.14954756696379248,0.16147276062753857,0.46725437508986134,0.39757293122340553,0.0,0.0,29.715076857460794,0.0,22.750699214664564,30.41329463358329,15.399630019606496,0.0,0.0,0.0,0.0,13.814600672370057
883,899,5,Mn10.92Nb25.40Ni15.99Ti21.49W26.20,935.0274658203125,972.7325439453125,47.74154281616211,527.0991999999998,1056.325577799479,228.98870361637287,0.21677852778439632,0.21517437740899337,0.494727897817186,0.39749839038928825,0.0,0.0,0.0,0.0,0.0,15.403572130713115,0.0,35.830893272028376,22.555113074266767,30.31659449202822,0.0,36.96618096239639
884,408,4,Co30.81Mn38.83Ti20.70W9.66,592.6819458007812,1036.302734375,56.4481086730957,516.7162,1009.613358561198,208.41655655152493,0.20643205122457947,0.17240251464570278,0.4834669889177253,0.3973784731824399,0.0,21.706243252942194,0.0,0.0,0.0,27.352588208233296,0.0,0.0,0.0,14.586140184991319,0.0,6.805242520721087
885,202,4,Fe18.94Nb20.72Ti26.75W33.58,995.314697265625,1067.5811767578125,46.6060905456543,497.98399999999964,988.766280110677,237.16876558007635,0.23986332296195315,0.20997520287077154,0.4990751624373674,0.3971142911227248,0.0,0.0,0.0,0.0,22.99113426298422,0.0,0.0,25.150437393914356,0.0,32.46829076923292,0.0,40.75438491295748
886,154,6,Cr22.39Cu6.00Mo25.97Ni21.24Ti9.02W15.38,974.1694946289062,915.1754150390625,47.04533767700195,531.8305999999999,1124.124532063802,216.29073269474432,0.19240815988389826,0.2403652672134623,0.4928543037583685,0.39667921034470144,0.0,0.0,30.202910717903112,8.092799255809117,0.0,0.0,35.031661642587196,0.0,28.649193082745214,12.163340396302685,0.0,20.752155173615805
887,534,5,Nb15.99Ni9.94Ti34.73V15.89W23.44,938.1152954101562,760.6983642578125,45.194156646728516,570.6385999999997,1089.547294108073,200.4157206656116,0.18394403046971564,0.1714563402415762,0.4766967488551877,0.39641947318944354,0.0,0.0,0.0,0.0,0.0,0.0,0.0,20.259773790231606,12.596477877189184,43.99182565437304,20.13328571741604,29.694678644896943
888,816,4,Cu8.95Mn44.65Nb27.08Ti19.32,856.7288818359375,1031.085205078125,48.936737060546875,536.5850999999999,1094.957743326823,259.8552518024288,0.23731989054929878,0.21196091277059448,0.49813394191329596,0.39641178672185234,0.0,0.0,0.0,6.855904439719405,0.0,34.2124178993936,0.0,20.74929717756015,0.0,14.803285134851539,0.0,0.0
889,334,6,Fe14.69Mo13.08Nb15.62Ni28.18Ti22.40W6.02,1192.6766357421875,742.5603637695312,49.63966369628906,475.0377999999998,1063.0925415039062,234.14167066650808,0.22024580318781942,0.22090252928780152,0.49540609365180877,0.3961641369972936,0.0,0.0,0.0,0.0,20.401099642781183,0.0,18.165483348894895,21.69269336885895,39.129137879705496,31.104247485017435,0.0,8.366218861185189
890,718,4,Co18.45Cu11.68Mn40.60Ni29.26,507.8247375488281,906.625,62.006168365478516,466.7286999999998,1111.0564982096355,230.62500680069564,0.20757270865372415,0.0662105463536109,0.4609927430883961,0.3958574566542429,0.0,18.95459272108472,0.0,11.99922423190284,0.0,41.70566205027825,0.0,0.0,30.060216076669434,0.0,0.0,0.0
891,335,6,Co22.57Mn29.16Nb13.05Ni20.06Ti8.61W6.55,722.79736328125,986.9182739257812,53.49599838256836,473.0374999999998,1057.4999755859376,239.30745654721662,0.22629547240851858,0.08445496443447187,0.4691394864644184,0.39567462547539434,0.0,34.1316436431789,0.0,0.0,0.0,44.103156950761644,0.0,19.73054148766895,30.33516566360803,13.027099626662357,0.0,9.909238943181078
892,77,6,Cr19.87Cu4.88Mn25.47Nb21.47Ni18.29W10.03,839.4481201171875,959.3920288085938,56.31932830810547,488.7718999999998,1098.7717447916666,224.61667106132867,0.2044252340179327,0.26982494489490083,0.5002784420797675,0.3952071445963041,0.0,0.0,28.095461479726584,6.894702061784889,0.0,36.01215080915659,0.0,30.356992130676673,25.86177938193323,0.0,0.0,14.188569468238743
893,63,5,Fe35.95Mn5.60Ti20.42V22.64W15.39,1055.4866943359375,1169.62353515625,44.85543441772461,494.4444999999997,892.33095703125,205.71237941940467,0.23053372495761176,0.2919004133895837,0.510960691189027,0.39494717727170725,0.0,0.0,0.0,0.0,44.79066591563709,6.974062216038583,0.0,0.0,0.0,25.44084589114962,28.210478608880155,19.171828181083633
894,639,6,Co10.92Cr10.79Cu8.87Mo10.14Ni32.35Ti26.93,1066.84326171875,821.9522705078125,57.26448059082031,405.3681999999996,1098.4383951822917,270.7941757616223,0.24652650248690783,0.17919399184658014,0.49175871610930544,0.39428829211826244,0.0,14.529478844835882,14.35848893311648,11.805528272849944,0.0,0.0,13.492733134015392,0.0,43.04298810678749,35.84040415489241,0.0,0.0
895,446,4,Cr27.41Fe30.50Nb12.24Ni29.85,1022.2467041015625,782.158447265625,46.681129455566406,457.3939999999995,1189.170166015625,268.68944587608655,0.22594701208855936,0.028921339970183757,0.4565188320189343,0.3942478110027577,0.0,0.0,34.87759548271582,0.0,38.810448473102305,0.0,0.0,15.579291178604375,37.991011285121466,0.0,0.0,0.0
896,23,4,Co27.72Fe14.94Mn36.03W21.31,423.8274230957031,994.409423828125,62.04594802856445,499.89249999999987,916.7596638997396,202.47226928291892,0.22085643299535707,0.10777082261850746,0.470739560983214,0.39397128821067323,0.0,28.981451404614102,0.0,0.0,15.619260602477455,37.66141072042147,0.0,0.0,0.0,0.0,0.0,22.274311439987073
897,754,4,Co27.01Cu8.01Fe17.09Ti47.89,634.0473022460938,835.8074951171875,62.71601486206055,477.6283999999999,1048.6811930338542,217.10455584874532,0.20702627003413476,0.16349949031614597,0.478314255537925,0.3938577899661621,0.0,22.576597000932914,0.0,6.698221616108173,14.2841390813374,0.0,0.0,0.0,0.0,40.02826632672745,0.0,0.0
898,245,4,Co8.91Ni17.79Ti46.72V26.58,860.1917114257812,751.4422607421875,50.88077926635742,495.3045999999997,1185.6313761393228,236.1544171059237,0.1991803033037929,0.08370266377507529,0.4601479897481763,0.393612381167213,0.0,8.121049157566269,0.0,0.0,0.0,0.0,0.0,0.0,16.217787669274905,42.58645995352963,24.223964479930398,0.0
899,250,5,Cu4.79Mn24.81Mo38.56Nb18.54W13.30,776.2570190429688,941.5914916992188,47.814456939697266,560.0539999999997,1086.5642211914062,167.23477937936647,0.15391154624619915,0.24079287562652008,0.48021145085024985,0.39357498916339606,0.0,0.0,0.0,5.589273323701678,0.0,28.950109891525408,44.99456623258254,21.638524050869442,0.0,0.0,0.0,15.522203841712436
900,353,6,Cu8.29Fe34.18Mn8.03Mo6.30V16.95W26.25,848.0044555664062,1063.712646484375,52.36391067504883,507.5862999999997,910.5125935872396,179.8378895196994,0.1975127975014312,0.3057159326935289,0.5039849419782196,0.39346355606415606,0.0,0.0,0.0,9.496697763121881,39.15778315558782,9.202831624766581,7.218387090990564,0.0,0.0,0.0,19.41257927488092,30.071451088438938
901,252,5,Fe24.89Mo19.38Ni19.13V15.84W20.76,987.71630859375,831.9378051757812,51.98090744018555,509.69606666666675,852.4976236979167,211.0638278109918,0.24758289283605378,0.21204252529668488,0.4975402596137144,0.393236031345364,0.0,0.0,0.0,0.0,36.36430458655684,0.0,28.306763502887495,0.0,27.946484729298785,0.0,23.137525869289,30.3238433965293
902,708,4,Cr41.20Cu19.37Fe8.51Ni30.92,677.0065307617188,923.1514892578125,51.315032958984375,524.3839999999992,1014.4114217122395,214.42084136377127,0.21137463239702808,0.0982130909977037,0.46495941111525196,0.39247313481645424,0.0,0.0,35.97449470659589,16.911878704231302,7.426219602929154,0.0,0.0,0.0,26.994718664368236,0.0,0.0,0.0
903,352,4,Cr24.93Ni31.27Ti30.01W13.80,1139.29931640625,819.065185546875,50.36433410644531,448.7069999999998,982.7362630208333,212.70188398571864,0.2164384199397448,0.21949278756602852,0.4896356090769643,0.39162744657882237,0.0,0.0,34.57917276521902,0.0,0.0,0.0,0.0,0.0,43.372724955594116,41.619783965400465,0.0,19.136702393387434
904,191,4,Fe45.70Mn14.41Mo15.31Nb24.58,826.0009155273438,944.5798950195312,50.69075393676758,504.5450999999998,861.4885294596354,171.08095280125795,0.1985876154480753,0.19113119429958558,0.47945250997048283,0.3915793672485469,0.0,0.0,0.0,0.0,38.34676123897877,12.094051631214668,12.846840963113742,20.62938811673,0.0,0.0,0.0,0.0
905,976,4,Cu14.13Mn47.33Ni6.05W32.49,557.7748413085938,994.23046875,49.98847961425781,570.4854999999997,1104.0261759440104,182.2504099519808,0.16507797905801053,0.1722765740068939,0.4667924412382962,0.3910676316724148,0.0,0.0,0.0,11.830160933581894,0.0,39.61679610052272,0.0,0.0,5.0659304221159225,0.0,0.0,27.195252356551467
906,398,6,Cr18.57Mo12.76Nb9.65Ni16.19Ti20.39W22.45,976.20166015625,891.6377563476562,36.00997543334961,537.1769999999997,1092.4487670898438,149.07175893423695,0.13645652173817427,0.11212680033284772,0.4475472300319063,0.39100773953079315,0.0,0.0,33.80635456369238,0.0,0.0,0.0,23.23257857604357,17.575045319778642,29.470500564300913,37.124273565995594,0.0,40.872395181520254
907,813,4,Fe7.09Ti32.94V20.95W39.01,896.3885498046875,1018.0177001953125,44.05301284790039,563.1225999999997,1091.6993326822917,220.83703404354392,0.2022874132394586,0.2533363540699285,0.4921947022065947,0.3909555780827444,0.0,0.0,0.0,0.0,6.62561322257186,0.0,0.0,0.0,0.0,30.77294653487406,19.568496923810375,36.44058219843849
908,21,6,Cr4.40Mn24.00Mo18.25Nb34.18Ni8.70Ti10.47,877.2898559570312,983.2543334960938,41.24013137817383,564.4642999999999,1107.7221761067708,205.8743165217626,0.18585374651009862,0.1867153613313175,0.4745316610829159,0.39072515218912773,0.0,0.0,5.78469639112361,0.0,0.0,31.550924621248175,23.998626281609614,44.93721028829298,11.432301384122429,13.767120734269309,0.0,0.0
909,714,4,Nb14.50Ni13.33Ti36.80W35.37,858.8320922851562,819.6625366210938,48.73080062866211,557.7453999999997,1059.4692342122396,210.28382968827398,0.1984803549719204,0.20793142853446367,0.48145980697289714,0.39025343252302436,0.0,0.0,0.0,0.0,0.0,0.0,0.0,17.212612359367657,15.826597419149781,43.69054979639589,0.0,41.99320514924928
910,297,6,Cu4.22Mn18.41Mo26.62Nb13.88Ti22.88W13.99,840.3731689453125,930.3674926757812,39.5617790222168,591.9802999999998,1075.562353515625,190.79263812227572,0.17738872832304278,0.16060709697354492,0.4663017798408815,0.3898331783654118,0.0,0.0,0.0,5.981967320860623,0.0,26.07008457892489,37.70707075831291,19.65656032178379,0.0,32.40015703119231,0.0,19.809031189077
911,277,5,Cu6.65Mo13.48Ni34.04Ti31.36V14.48,1149.8310546875,555.2218017578125,58.741432189941406,421.98009999999977,903.4187377929687,167.29757103862286,0.1851827552828127,0.24930913972633428,0.48589199143463985,0.38973447466866984,0.0,0.0,0.0,8.313447616142458,0.0,0.0,16.850885147692956,0.0,42.54354885079768,39.19268119086775,18.093360788212724,0.0
912,401,6,Mn25.82Nb12.32Ni14.16Ti10.67V19.19W17.84,934.7201538085938,1072.161376953125,39.513919830322266,534.8034999999998,1229.869315592448,191.13381757654165,0.15540985953005046,0.23395661850952265,0.4751919968856817,0.3895482083012646,0.0,0.0,0.0,0.0,0.0,33.26546150449466,0.0,15.870186264311688,18.249866825999586,13.752783877457098,24.732531467447224,22.987650456770815
913,391,4,Fe34.11Mo24.44V23.46W17.98,1011.1768798828125,1078.1767578125,47.63918685913086,508.36239999999987,891.3805704752605,227.92269647052018,0.25569628060099836,0.2854383887166617,0.5105429824966875,0.38953123460310557,0.0,0.0,0.0,0.0,37.277831376741325,0.0,26.710420348292104,0.0,0.0,0.0,25.636480216762617,19.647718616366127
914,119,4,Fe8.05Mo41.25Ti36.36W14.34,835.0481567382812,701.362060546875,43.5593376159668,579.1502999999998,1149.8527262369792,223.28307219252054,0.19418406122603127,0.06660560369984059,0.4513700811628909,0.389502945116415,0.0,0.0,0.0,0.0,8.775093488691235,0.0,44.93953149390937,0.0,0.0,39.60975072446793,0.0,15.623513866414825
915,403,4,Co31.15Ni12.04Ti35.45W21.37,667.355224609375,773.1025390625,61.103572845458984,536.0844,903.8517903645833,227.67162605228734,0.25189044097644847,0.19185424992260502,0.4907072252004473,0.3893637649718142,0.0,18.115420212431726,0.0,0.0,0.0,0.0,0.0,0.0,7.003533757667494,20.617574251430177,0.0,12.42715743546097
916,815,6,Mn25.96Mo31.49Ni14.66Ti6.59V14.45W6.85,951.7108154296875,837.8704833984375,47.94032669067383,560.4183999999997,1204.7839884440104,194.39708244553654,0.16135430443145427,0.32641919790897156,0.49484613990588744,0.3892237242162295,0.0,0.0,0.0,0.0,0.0,36.44834857989353,44.216836680800405,0.0,20.579976231642263,9.248861892232618,20.289084042078173,9.618402426772377
917,661,6,Cu8.36Fe4.59Mn21.59Mo17.53Ti17.95W29.99,823.0931396484375,890.4137573242188,48.159786224365234,567.7297999999998,1126.2891235351562,181.32119767282487,0.1609899215786621,0.2844635328418402,0.4854826145057638,0.38834242754273024,0.0,0.0,0.0,11.980069596711655,6.582178282747032,30.956441454853262,25.130366894262913,0.0,0.0,25.733402514786814,0.0,42.99294469145231
918,797,5,Co5.93Cu16.28Fe24.03Nb19.49W34.27,837.3656616210938,991.398193359375,55.84757614135742,555.5378999999996,812.316719563802,190.205136397072,0.23415144834050491,0.3952883069190657,0.5257991043746428,0.38820358090570345,0.0,5.220964115805252,0.0,14.333270957848487,21.1658418929578,0.0,0.0,17.16419263279686,0.0,0.0,0.0,30.18441731159337
919,5,4,Cu6.27Nb22.26Ni17.11W54.37,829.8113403320312,929.5150146484375,55.5648307800293,505.3401999999997,1081.274727376302,210.07992171379007,0.19428912596851872,0.30894352836397254,0.4984280582766648,0.38806707111174066,0.0,0.0,0.0,5.053345579631681,0.0,0.0,0.0,17.953985229833794,13.797372553223251,0.0,0.0,43.84875159843128
920,986,4,Mn24.46Ni7.29Ti46.22V22.03,777.6370239257812,777.7075805664062,49.71812057495117,525.6930999999998,1196.0857218424478,212.32631798933136,0.177517642851103,0.1244388895670292,0.45728723674916405,0.38802004812298246,0.0,0.0,0.0,0.0,0.0,23.250461807047838,0.0,0.0,6.93438287196037,43.93875137639691,20.947220259485082,0.0
921,888,4,Cu21.51Fe36.46V28.55W13.47,898.8217163085938,1066.3699951171875,45.694129943847656,549.0987999999994,860.6241821289062,190.251176808554,0.2210618534305346,0.28350765082929086,0.4995973074921226,0.3876303139686308,0.0,0.0,0.0,16.192417227072212,27.443884978571397,0.0,0.0,0.0,0.0,0.0,21.49223797118314,10.139199965719643
922,568,6,Cr19.80Fe3.21Mo27.53Nb11.56Ni22.77Ti15.13,1241.615234375,789.6868896484375,35.68391418457031,524.5924999999999,1064.6664916992188,193.25028893423203,0.18151251160896645,0.18082610015054312,0.46901957552412155,0.3874762275917713,0.0,0.0,30.94431118598328,0.0,5.018858203674466,0.0,43.028182719488555,18.058775759926824,35.57841130795572,23.64665127900657,0.0,0.0
923,749,5,Co27.71Cu7.97Fe29.20Mn14.53Ni20.59,500.07025146484375,844.4547729492188,66.6959228515625,454.21026666666654,803.4087646484375,193.16331724591646,0.2404296862885763,0.04448008990814678,0.4564449735387057,0.38744153398493225,0.0,30.08642967175339,0.0,8.656934424622959,31.707093751765676,15.778441474911428,0.0,0.0,22.355822837337712,0.0,0.0,0.0
924,930,5,Al17.23Fe24.39Mo23.15Ti26.91W8.32,1051.3489990234375,656.1422729492188,51.67881393432617,513.4561999999999,1158.7035278320313,211.43806804194688,0.1824781429962104,0.272821402188582,0.4871933364121851,0.3870095202254161,27.786544370014184,0.0,0.0,0.0,39.320690484777444,0.0,37.33074288762988,0.0,0.0,43.38089267787731,0.0,13.412509254661112
925,991,5,Cu6.58Mo10.95Ni12.54Ti36.94W33.00,811.9314575195312,740.2442626953125,52.56003952026367,562.6925999999996,1166.375,171.5646004625477,0.1470921448612562,0.29867398216533925,0.48302591457834204,0.3865180819299601,0.0,0.0,0.0,6.974863613119069,0.0,0.0,11.61847614575611,0.0,13.297890451905756,39.17868742997963,0.0,35.00450257148127
926,88,4,Cr14.39Fe20.28Mn32.94Nb32.39,912.7680053710938,1074.536376953125,50.41282272338867,467.9780999999998,1144.1142171223958,250.08675321496906,0.21858547815616833,0.2569989812358019,0.4924181264464129,0.38637196066021046,0.0,0.0,12.508631669216598,0.0,17.636630055209945,28.643640090651378,0.0,28.158549022708428,0.0,0.0,0.0,0.0
927,229,5,Co32.20Cu6.28Fe26.12Mn13.27Ti22.13,683.727294921875,985.0516967773438,57.32416915893555,505.35819999999995,802.1862955729167,200.05925206502172,0.24939250791132075,0.20909270965399296,0.49047305171455335,0.38630638280592455,0.0,35.595208798793216,0.0,6.946230906219675,28.87262536349229,14.666189766064178,0.0,0.0,0.0,24.46604362611456,0.0,0.0
928,703,4,Co8.86Fe21.86Ni15.26W54.02,643.7249145507812,948.1036987304688,58.57280349731445,494.6847666666663,1100.57607421875,183.68981381935544,0.16690333192073858,0.2739008640627012,0.48168284326364375,0.3851768374709189,0.0,7.206146407978945,0.0,0.0,17.791897499441255,0.0,0.0,0.0,12.419677871607052,0.0,0.0,43.961448438901
929,524,4,Cr25.63Cu25.41Ni31.19Ti17.77,1153.396728515625,859.0267333984375,38.23971176147461,504.68779999999964,969.337841796875,227.04716235089558,0.23422913308533908,0.11723315564543935,0.46711832215112914,0.38511440775070654,0.0,0.0,31.09717528277121,30.837176300296058,0.0,0.0,0.0,0.0,37.84102272234233,21.56125729893327,0.0,0.0
930,624,5,Fe31.33Mn18.28Ni12.59Ti21.87V15.93,867.6263427734375,900.4905395507812,48.98061752319336,517.1574999999997,926.5334716796875,199.71265844153388,0.21554823926596,0.19678023249389753,0.47818330445796065,0.38494019814269115,0.0,0.0,0.0,0.0,43.770006071490116,25.540322508102037,0.0,0.0,17.589849656394698,30.551657798670583,22.256205764188532,0.0
931,67,6,Co12.43Cr6.65Fe19.50Nb13.16Ni27.31W20.95,787.1070556640625,931.8196411132812,54.98497009277344,447.21739999999966,1011.8259358723958,216.79277070895915,0.21425895801142963,0.15829511058271595,0.4690654990797341,0.3838417374603335,0.0,18.52690232979305,9.912474746544286,0.0,29.071736674786536,0.0,0.0,19.609407919477487,40.70640171595875,0.0,0.0,31.230001045645906
932,947,5,Fe14.82Mn15.75Mo24.39Ti26.60W18.45,910.0853271484375,879.8521728515625,42.90668869018555,571.7600999999997,1188.7125528971353,218.65780447118385,0.18394506219209186,0.23867839564836202,0.4771081345499611,0.3833861898722657,0.0,0.0,0.0,0.0,16.38790877831809,17.420716687064868,26.97351401917154,0.0,0.0,29.427238733045186,0.0,20.40297188561997
933,65,5,Cu7.98Fe9.14Mn14.51Ti15.18W53.19,878.4326782226562,987.080078125,46.82719802856445,572.8355999999999,1195.7473429361978,212.55952202959924,0.17776290558810875,0.36671849283303537,0.500882829344073,0.38309840438043874,0.0,0.0,0.0,6.236766667323174,7.141760127213493,11.337522186477157,0.0,0.0,0.0,11.859899576158439,0.0,41.561698207918035
934,780,4,Cu10.59Fe34.00Mn36.35Ti19.06,828.4285888671875,949.641357421875,50.66500473022461,462.0603999999997,798.1283772786459,190.77636747171783,0.23902967605562683,0.11188569132439419,0.46491048343994934,0.3827759261611638,0.0,0.0,0.0,8.751927218559134,28.108053311838916,30.05278597922519,0.0,0.0,0.0,15.759863541679108,0.0,0.0
935,85,5,Cr8.01Fe11.50Mn44.43Nb23.63W12.43,767.0614013671875,1091.2490234375,45.432228088378906,542.6642999999998,1167.498270670573,241.16482459858838,0.2065654662255484,0.22661655340910625,0.4797320872802935,0.38276741004208514,0.0,0.0,7.50306639095317,0.0,10.775589594434189,41.62893259735377,0.0,22.145204550144257,0.0,0.0,0.0,11.644654910649454
936,615,5,Cu7.43Fe38.87Nb13.44Ni15.40Ti24.85,1007.2041015625,1005.458740234375,43.56356430053711,481.04016666666627,846.5393920898438,176.06111163529317,0.20797745891145453,0.20282211888092783,0.4753196916124965,0.3827609031084473,0.0,0.0,0.0,7.80082610972903,40.82815342901674,0.0,0.0,14.120084266679514,16.177652795582947,26.102661842092623,0.0,0.0
937,526,6,Cr24.12Cu7.55Mo18.51Nb11.71Ni26.48W11.62,908.9847412109375,908.44580078125,46.57949447631836,528.6110999999999,1041.4059204101563,235.3807352991909,0.2260220829227536,0.2031120478839734,0.47950289331926677,0.3823749630117837,0.0,0.0,33.11328449278293,10.369774378590034,0.0,0.0,25.410600413258557,16.074410357787283,36.35033552577295,0.0,0.0,15.95628508863657
938,377,5,Cr25.73Fe24.09Mn25.52Mo6.41Ni18.24,610.552978515625,1026.1929931640625,48.779327392578125,456.9191999999997,861.7473185221354,161.66929857773303,0.1876063842646936,0.017364272633596856,0.43212702629245703,0.3817525756995643,0.0,0.0,32.07300092766827,0.0,30.027845937897453,31.813231946540064,7.987994638409582,0.0,22.740308069782056,0.0,0.0,0.0
939,222,5,Al24.02Cu4.40Mn26.71Mo18.42Ti26.44,784.6987915039062,784.7052001953125,50.9035758972168,582.1681666666665,1279.028426106771,229.0354246119803,0.17906984703157866,0.28931428739125487,0.4843506827587136,0.381720363522568,31.122950194445792,0.0,0.0,5.706458600395509,0.0,34.61809820844503,23.868640796705186,0.0,0.0,34.26831369578204,0.0,0.0
940,12,5,Cu36.11Mo32.50Nb9.41Ni7.12W14.86,823.3753051757812,900.3336791992188,40.691802978515625,684.7752999999994,1149.7371948242187,220.68860305915356,0.19194699802061657,0.35068557768732567,0.4985854864539834,0.3804616214113641,0.0,0.0,0.0,27.707782526861017,0.0,0.0,24.940189736107328,7.224592733976657,5.460277103445204,0.0,0.0,11.4021539196621
941,868,4,Co12.66Fe26.36V34.16W26.82,905.5438232421875,1000.1036376953125,51.22239303588867,506.2946999999997,844.4021525065104,202.9588258666178,0.24035801574422555,0.30118331698283496,0.5001320485712879,0.37980588123866454,0.0,8.50650055667408,0.0,0.0,17.71962735277945,0.0,0.0,0.0,0.0,0.0,22.96147436622298,18.027950787587745
942,181,5,Al22.60Cu4.77Fe28.69Mo24.15W19.79,757.8041381835938,910.1682739257812,49.88442611694336,558.0384999999999,1143.847517903646,215.55662824600873,0.18844874414822704,0.2753520489969563,0.4816667810996833,0.3794841852632353,33.98610142128774,0.0,0.0,7.181490703959071,43.156416593595566,0.0,36.31942111259172,0.0,0.0,0.0,0.0,29.757810296648053
943,696,5,Fe24.17Mn12.54Mo12.39Nb16.35Ni34.55,829.7129516601562,948.212890625,58.21604537963867,397.6467999999997,1026.2638305664063,285.1543870674753,0.2778568030699235,0.11862957141652375,0.47236150577289127,0.37917139072210565,0.0,0.0,0.0,0.0,27.41593574668486,14.219155235156446,14.056035730540735,18.543152444358476,39.1874122737306,0.0,0.0,0.0
944,274,5,Co22.40Fe24.18Mn27.41Nb16.17W9.85,593.927001953125,1099.428955078125,58.67611312866211,456.7567999999999,717.0880208333333,219.67588410851928,0.30634437855095153,0.11810679077358288,0.4781359973204781,0.3779285445280237,0.0,30.143981118724543,0.0,0.0,32.54181857919419,36.890424147935626,0.0,21.759615520126697,0.0,0.0,0.0,13.250595256198302
945,500,6,Cr20.88Mn26.60Nb10.38Ni21.30Ti13.76V7.08,1058.29443359375,949.2142944335938,38.77399444580078,490.62009999999975,1188.482332356771,215.75167459380665,0.18153544964018875,0.18605522126047924,0.4604442464901542,0.37784933982801117,0.0,0.0,30.419296903099422,0.0,0.0,38.76072463363452,0.0,15.116995598866442,31.04063768584994,20.043853917731653,10.32245686034296,0.0
946,717,6,Co7.81Cu26.46Fe19.48Mo8.81Nb12.34W25.11,832.4788818359375,1072.771484375,44.354248046875,547.7113999999993,1052.6592407226562,159.24197845500706,0.15127590420019169,0.35027194790126703,0.48466154810129886,0.37678818247099755,0.0,11.379103813365521,0.0,38.57542276147429,28.39433247975987,0.0,12.843565538842693,17.985903766034752,0.0,0.0,0.0,36.602658025304805
947,783,6,Co9.15Cu15.09Mn29.72Mo8.77Ni5.55Ti31.72,670.4853515625,892.1544799804688,49.37453079223633,572.3904999999997,1205.1148966471353,172.35619832144246,0.14302055248090537,0.2892078159880199,0.4699821668354012,0.3763854655175709,0.0,9.572909507281615,0.0,15.792847643884587,0.0,31.100705621895933,9.175254193884772,0.0,5.810021579532279,33.19247593584818,0.0,0.0
948,169,5,Cu4.91Mn25.56Mo14.52Ti13.52W41.49,799.9637451171875,873.2666625976562,45.12971878051758,559.4950999999999,1134.671492513021,158.63436269461207,0.13980642304080065,0.26844149423659813,0.46486649846819394,0.37622659386067414,0.0,0.0,0.0,5.104739538477417,0.0,26.59288388084754,15.108376179649076,0.0,0.0,14.0680641283056,0.0,43.16312779486199
949,742,5,Co12.05Fe7.67Mn18.11Mo30.83Ti31.33,665.374755859375,811.7123413085938,46.587337493896484,590.6084999999999,1135.2655517578125,234.1320334834406,0.20623547778836177,0.13931251962869995,0.45543093493866416,0.37600956156583376,0.0,15.78430194624194,0.0,0.0,10.044679015052452,23.72129492794524,40.3769191432156,0.0,0.0,41.02993703638693,0.0,0.0
950,874,6,Cr18.09Fe19.23Nb9.16Ni19.59Ti22.62V11.31,1193.4365234375,928.6895141601562,33.73655700683594,439.11499999999955,1131.9494750976562,199.39564099991833,0.1761524214521288,0.09479959453741937,0.4387877517954807,0.3757897275249646,0.0,0.0,34.01798461035746,0.0,36.155277230318525,0.0,0.0,17.227284767440555,36.834690303763935,42.54092367285902,21.265016781286054,0.0
951,230,4,Co26.54Cu5.78Mo31.59Ni36.09,685.37744140625,811.8674926757812,71.99693298339844,417.09940000000006,1039.7726481119792,241.30006455716264,0.23207002511108143,0.16416409448268687,0.46646432679313155,0.3756140016188238,0.0,30.483676244620074,0.0,6.640948792806797,0.0,0.0,36.27710994248871,0.0,41.44550735654584,0.0,0.0,0.0
952,998,4,Cr27.26Fe23.55Mo21.09W28.11,673.783447265625,869.2344970703125,57.61769104003906,513.6771,812.401053873698,184.49679855789756,0.22710063912174694,0.2393030791753008,0.48018535890152736,0.37554958328603044,0.0,0.0,42.794852025936386,0.0,36.96781469257486,0.0,33.10584087906614,0.0,0.0,0.0,0.0,44.13931067470824
953,190,6,Cu8.73Fe33.06Mn7.60Mo20.75Ni8.92Ti20.94,1006.8994750976562,792.9010620117188,49.71071243286133,511.72309999999976,822.9769694010416,193.0546066792324,0.23458081314199658,0.2677079052548189,0.4874512518964267,0.37526446755996373,0.0,0.0,0.0,8.349236983971847,31.61668604293764,7.269308834829356,19.838977790414447,0.0,8.526009564843587,20.024839168568917,0.0,0.0
954,752,6,Co17.89Mo16.59Nb13.27Ni21.76Ti15.53W14.94,930.2028198242188,769.869873046875,49.088523864746094,527.0690000000002,1237.5945678710937,224.57880176061107,0.18146395240480961,0.2839668301075454,0.4766583056127953,0.37449895149008383,0.0,26.6229732460824,0.0,0.0,0.0,0.0,24.68417382893142,19.74802325575483,32.379640506433596,23.109999642097694,0.0,22.228671783611357
955,210,6,Cu5.04Mn24.38Mo27.50Nb12.89Ni6.02Ti24.17,886.911865234375,940.5004272460938,37.32632064819336,551.8191999999998,1053.118546549479,179.47704044293886,0.1704243468420451,0.17048511263774735,0.4506347073913662,0.3739315981533054,0.0,0.0,0.0,6.3230901705410805,0.0,30.58227958532121,34.49821661650152,16.17021450938294,7.547443405206032,30.319417877162213,0.0,0.0
956,22,6,Cu29.46Fe4.57Mn21.51Nb12.32Ni10.55W21.59,646.6738891601562,1001.322021484375,39.97735595703125,614.8388999999993,1007.7468383789062,165.5479199615473,0.16427530571850069,0.20544409313691414,0.45591002498162736,0.37375237992461935,0.0,0.0,0.0,32.3639382214455,5.022410391731918,23.6262165819905,0.0,13.53113297865745,11.5907320061939,0.0,0.0,23.72099719005653
957,101,5,Cu6.78Fe29.05Mn20.45Nb18.12Ti25.60,908.1810302734375,1023.0865478515625,49.40708541870117,485.55559999999974,855.6205240885416,209.00530466141495,0.24427336509261505,0.2670487076848297,0.48822135547429185,0.3737432726641722,0.0,0.0,0.0,7.604280596370845,32.57633142426869,22.93890530984317,0.0,20.325392814501022,0.0,28.70845502763832,0.0,0.0
958,104,5,Fe12.22Ni16.82Ti36.39V29.20W5.36,918.7897338867188,641.8005981445312,44.582271575927734,525.8607999999997,1193.9267985026042,235.3132493057197,0.19709185655338687,0.1025067607903638,0.4418078532956127,0.3720335369991932,0.0,0.0,0.0,0.0,12.31666799843147,0.0,0.0,0.0,16.95360199931045,36.67530698465865,29.43110833408979,5.402072858545095
959,677,6,Mn14.85Mo20.24Nb11.61Ni16.12Ti23.75V13.43,1114.22607421875,732.6398315429688,33.272403717041016,565.7315999999997,1118.4774169921875,185.09576434350384,0.16548904924809646,0.17943273490689737,0.4490312552352467,0.37177244594184305,0.0,0.0,0.0,0.0,0.0,21.87924079069559,29.814449617718196,17.111490088801308,23.750958479543133,34.99728016180438,19.783649707678094,0.0
960,16,5,Cu36.98Nb9.01Ni34.90Ti10.58V8.52,1155.8194580078125,918.7479858398438,38.701568603515625,437.06779999999907,1187.8007039388021,273.0331271423696,0.2298644261086722,0.11212562072207721,0.4516222350760888,0.3717310044045053,0.0,0.0,0.0,22.676304402577806,0.0,0.0,0.0,5.525612628712331,21.40097609980789,6.486112695962393,5.227198501362064,0.0
961,365,6,Cr19.80Cu9.04Fe25.12Mn8.34Nb10.21W27.49,894.039306640625,928.21533203125,47.27896499633789,502.3016999999997,738.1342854817708,170.4876777463292,0.2309710862909641,0.22123076819721033,0.47287378305403505,0.37088485784185193,0.0,0.0,31.578217538235464,14.413214635698123,40.05684623754353,13.29659594488785,0.0,16.281688171978562,0.0,0.0,0.0,43.833269553946764
962,655,4,Cu19.40Fe36.48Mn16.59Nb27.53,734.0145263671875,1045.42041015625,48.194664001464844,558.5930999999995,802.8527486165365,205.08275924372364,0.255442557302219,0.2608728314622293,0.48673657719869745,0.3707013715806968,0.0,0.0,0.0,12.67145168504479,23.820581176828718,10.831269691338427,0.0,17.978454068737754,0.0,0.0,0.0,0.0
963,324,4,Cu13.32Mo22.59Ni47.14Ti16.95,1055.330078125,698.7315673828125,48.34254455566406,494.3595999999997,1127.485713704427,299.6058684647437,0.26572919268339934,0.17723266088909995,0.4720930199001111,0.37021418955144125,0.0,0.0,0.0,8.188241927257238,0.0,0.0,13.885133768332086,0.0,28.975948320971696,10.419580050997487,0.0,0.0
964,798,6,Co13.36Fe16.12Mn7.21Mo7.92Ti24.71W30.69,805.1902465820312,1045.6070556640625,48.4038200378418,516.4065999999998,1183.4702026367188,171.5281402723541,0.144936594001435,0.3828325102844782,0.48276541760225433,0.3699647670449999,0.0,18.57510544889605,0.0,0.0,22.400036488230707,10.015495818020108,11.014420903290322,0.0,0.0,34.342291341055756,0.0,42.65197459107353
965,362,5,Co18.60Cu9.28Mn33.18Nb11.87W27.07,601.8129272460938,1090.8077392578125,50.89145278930664,531.6957,1033.4671223958333,205.0168251843855,0.1983776945986493,0.2712560016774215,0.4737508382600065,0.3699052142748599,0.0,23.608993550177637,0.0,11.779291032676896,0.0,42.099543594402874,0.0,15.06582379275103,0.0,0.0,0.0,34.34772966239662
966,635,5,Cr26.98Fe16.01Mn22.35Ni4.58Ti30.08,794.2118530273438,1068.711181640625,48.845436096191406,476.6598999999998,1134.9551310221354,214.27202277042488,0.18879338655216482,0.2707557783438258,0.47118422560611867,0.36983472329931233,0.0,0.0,35.45071841725571,0.0,21.033644053787818,29.36229449761763,0.0,0.0,6.012503738036333,39.51960472197699,0.0,0.0
967,596,5,Cu15.99Fe9.57Mn29.09Mo19.11Ti26.24,827.6280517578125,806.8277587890625,41.75742721557617,619.5695999999996,1175.6653198242188,184.98223075948113,0.15734259371292758,0.31028835033217905,0.4694404088389451,0.3680470903442774,0.0,0.0,0.0,12.326859374167304,7.372843237858877,22.419717974257555,14.732755061877828,0.0,0.0,20.227315946092567,0.0,0.0
968,221,6,Co21.14Mn21.34Mo8.82Ni22.22Ti15.27W11.21,597.1726684570312,891.75244140625,52.31648254394531,478.70830000000007,1329.232352701823,237.87455425335511,0.17895633804717948,0.12740561144222218,0.43730539588841744,0.3670851890881781,0.0,38.39418802147768,0.0,0.0,0.0,38.75345789454723,16.012405912044176,0.0,40.360461842651034,27.73163327132857,0.0,20.360616468271118
969,328,4,Mn11.11Nb29.36Ni20.57W38.96,752.40283203125,895.7879028320312,53.28874588012695,508.51059999999967,1100.1641845703125,220.61498061608492,0.20052914256816112,0.2994474474292965,0.47519709151754275,0.3651753163896431,0.0,0.0,0.0,0.0,0.0,7.717698099931731,0.0,20.387846502336725,14.282024410996623,0.0,0.0,27.057796073925743
970,763,5,Co19.76Cu14.10Fe4.69Ni30.71W30.74,549.0326538085938,918.7733764648438,63.470802307128906,476.9893999999998,990.1303507486979,233.37458306163091,0.23570086795658993,0.2720183467444073,0.47805559751049237,0.3647267111724634,0.0,24.637539877075078,0.0,17.577950037510384,5.848677013453938,0.0,0.0,0.0,38.2930802294735,0.0,0.0,38.32665610211262
971,518,4,Fe30.79Mn32.26Ti24.43W12.52,838.2767944335938,1016.8887329101562,46.22750473022461,453.4991999999998,848.7348795572917,182.88289751302477,0.21547706111526635,0.17403193467626288,0.4527736729306456,0.36409802071657643,0.0,0.0,0.0,0.0,32.12724360586172,33.66527374974858,0.0,0.0,0.0,25.491396250306572,0.0,13.05853551637689
972,474,6,Cu6.23Mn23.19Nb11.72Ti27.34V14.27W17.25,895.7088012695312,1035.6988525390625,38.23122787475586,543.7970999999998,1247.1257446289062,219.1666863769405,0.175737440527423,0.2803439976197274,0.4634161610724017,0.36341300141660043,0.0,0.0,0.0,9.87789777699521,0.0,36.7387535029722,0.0,18.566201185232813,0.0,43.30866961566827,22.615514182308605,27.324884579428
973,72,6,Cr14.78Fe22.80Mn9.38Nb10.38Ni21.73Ti20.93,1014.7160034179688,971.3267822265625,39.105751037597656,452.71216666666635,871.1755493164062,224.48188789432257,0.2576769837841167,0.0870490094742361,0.4442008559195719,0.36237180807869557,0.0,0.0,25.744912633928642,0.0,39.703351679644,16.33577537329481,0.0,18.0790501781162,37.84368123430704,36.462019035951776,0.0,0.0
974,37,6,Co4.96Cr10.94Cu26.69Fe20.92Nb12.51Ti23.98,913.226318359375,1003.3584594726562,36.009788513183594,526.9043999999993,1076.5154744466147,211.32473068659704,0.19630440593083812,0.17994369707185665,0.44719430660455073,0.3621294657074699,0.0,5.77753554348277,12.755145179611405,31.10802497064617,24.37912766732996,0.0,0.0,14.577653718532078,0.0,27.946020548775536,0.0,0.0
975,651,5,Co5.50Cu15.80Fe13.31Mo35.76Ni29.63,693.5704956054688,820.5079345703125,50.124366760253906,534.6678999999996,1093.1387573242187,253.96934106551294,0.23233037833840803,0.17333701097995535,0.45470516764436575,0.36195517086377266,0.0,5.122544640202843,0.0,14.72109982354403,12.400197627541754,0.0,33.30953445532825,0.0,27.599052591307014,0.0,0.0,0.0
976,695,4,Fe17.20Nb17.50Ni43.81W21.48,748.34033203125,952.0799560546875,54.864097595214844,407.0959999999996,1034.1944783528645,252.96162353662993,0.24459773169502466,0.1459379641782973,0.4506759626849611,0.3603389369255454,0.0,0.0,0.0,0.0,16.039280442198493,0.0,0.0,16.316753515452014,40.84732890189946,0.0,0.0,20.02424980171967
977,988,6,Co9.24Fe13.64Mn19.08Mo25.47Ni23.11Ti9.46,855.5584716796875,850.6556396484375,43.987571716308594,527.6861,1227.6544555664063,236.3755238500225,0.1925423907177246,0.2344775579567644,0.45430608348652035,0.3592749742157363,0.0,15.746324827898032,0.0,0.0,23.237837619428134,32.50883429798329,43.393327008976314,0.0,39.38182101542819,16.12489230175445,0.0,0.0
978,632,4,Cu14.93Fe18.03Mo23.10Ti43.93,860.8334350585938,591.0140991210938,46.923038482666016,545.5404999999995,1110.6782999674479,229.69565774301992,0.2068066493689054,0.17571980364859807,0.4442517628653184,0.3574061397933725,0.0,0.0,0.0,12.854840212149181,15.523808120159746,0.0,19.88277189026642,0.0,0.0,37.81723298871828,0.0,0.0
979,963,4,Mn38.50Nb12.92Ti31.00V17.58,854.9911499023438,1002.7283935546875,43.10026168823242,530.8130999999998,1138.0674397786458,221.16267885864903,0.19433178661333567,0.3150025251043026,0.46886016534707176,0.35727671367287733,0.0,0.0,0.0,0.0,0.0,41.06594514254412,0.0,13.776127010193969,0.0,33.06093264092379,18.755528612388087,0.0
980,372,4,Cu12.21Mn33.26Nb20.57W33.96,672.0398559570312,983.1163940429688,49.81232833862305,565.1548999999997,969.0944986979167,211.78125681249384,0.21853519661606258,0.3395297951058014,0.4796117470038351,0.3570719888286592,0.0,0.0,0.0,10.536028783030082,0.0,28.701279979485726,0.0,17.75386556310541,0.0,0.0,0.0,29.30584508846252
981,118,4,Co25.47Mn29.36Mo20.39Ti24.79,646.5587768554688,860.9152221679688,53.710731506347656,536.1383000000001,865.5751586914063,184.36426354059725,0.2129962507465242,0.30202696795349226,0.4674961888621282,0.3538417325847987,0.0,35.259384204157044,0.0,0.0,0.0,40.65147944038278,28.22699741711584,0.0,0.0,34.32158948166183,0.0,0.0
982,920,5,Fe18.56Mo24.30Ni15.48Ti14.85W26.82,956.71630859375,754.9760131835938,42.835567474365234,508.5856999999998,1151.4246704101563,212.33384071326742,0.18440966757958263,0.23796687966627939,0.44674184600861355,0.353046053180462,0.0,0.0,0.0,0.0,19.34611068375417,0.0,25.337115490818007,0.0,16.134670190169587,15.478676750585333,0.0,27.966090911336696
983,944,4,Fe27.20Mn37.30Nb23.27Ni12.23,739.2264404296875,878.2528076171875,52.7851448059082,464.4813999999997,793.7733072916667,231.17214689981878,0.2912319484369813,0.1378993493301942,0.45332711433730283,0.35293925736201864,0.0,0.0,0.0,0.0,20.309643574504182,27.85627327304221,0.0,17.378577675379987,9.1338719926521,0.0,0.0,0.0
984,329,4,Cu20.21Fe29.06Ti29.17W21.57,862.2479858398438,947.1869506835938,43.90387725830078,551.1455999999994,766.5089538574218,188.83740661763576,0.24636034017257072,0.3019530782522768,0.47429141100299643,0.3523107103093984,0.0,0.0,0.0,6.3945608393401425,9.195289988451055,0.0,0.0,0.0,0.0,9.229307276601087,0.0,6.8252407876523264
985,941,4,Mo15.66Ni38.03Ti10.89W35.42,1005.910888671875,835.185546875,50.65559387207031,441.04279999999983,1221.951298014323,263.76469859701444,0.2158553282979718,0.3321242291322716,0.47035189422833174,0.3499632163273845,0.0,0.0,0.0,0.0,0.0,0.0,15.86210296033562,0.0,38.5188105776008,11.033046281471663,0.0,35.88212732564666
986,720,5,Mn18.06Mo28.84Ni27.35Ti7.38W18.37,787.8344116210938,864.5478515625,49.99969482421875,508.5809,1161.1908935546876,232.6501625006568,0.20035479419620497,0.32798792951808964,0.4635104226429687,0.34782413819029956,0.0,0.0,0.0,0.0,0.0,27.46775317593514,43.86986183437265,0.0,41.59930656276674,11.226929687973936,0.0,27.940492154068515
987,270,4,Cu9.87Fe13.24Mn35.41W41.48,540.41064453125,1009.4434814453125,51.325740814208984,543.3674999999997,1112.1797892252605,183.7352839009107,0.16520286169639883,0.36359347871624526,0.46159864224974406,0.3475792310823953,0.0,0.0,0.0,6.736276550097647,9.037222025622164,24.179134271884863,0.0,0.0,0.0,0.0,0.0,28.32493773811451
988,587,5,Cu7.62Mn10.16Mo37.71Ni32.51Ti12.00,1096.633544921875,790.116455078125,48.23399353027344,437.7855999999997,1241.3084513346355,287.3541181349678,0.23149292009251135,0.3116710791441164,0.4675218500629242,0.34731440421097304,0.0,0.0,0.0,9.032246805333331,0.0,12.053428835144915,44.72691193253891,0.0,38.55420682536699,14.2269460824017,0.0,0.0
989,219,4,Cr25.35Fe29.66Mn29.36Ni15.63,621.5325317382812,897.3050537109375,44.148765563964844,448.32439999999974,874.4806193033854,161.1716808663917,0.18430560644646612,0.024763206394263437,0.397283359502045,0.3462543166115758,0.0,0.0,36.55416059518224,0.0,42.78250325499119,42.33724697575707,0.0,0.0,22.547518482461452,0.0,0.0,0.0
990,595,5,Co12.55Fe26.88Mn22.47Ti18.41W19.69,732.1034545898438,994.3833618164062,47.57683181762695,465.57099999999974,887.2288940429687,209.88941286795128,0.23656737768256936,0.21649673790062218,0.444563804941284,0.3421226129405172,0.0,17.044000137510803,0.0,0.0,36.511877516302796,30.514269113597628,0.0,0.0,0.0,25.012178075515912,0.0,26.74552209387557
991,493,4,Co19.60Fe41.31Nb21.23Ti17.86,745.0245971679688,941.8206787109375,51.46674728393555,470.09019999999975,750.8453531901042,241.47147653825022,0.32159948185377235,0.18314119105123883,0.4579950208595098,0.340966912185819,0.0,15.910470830863982,0.0,0.0,33.535610032323895,0.0,0.0,17.234871603859304,0.0,14.498429863808013,0.0,0.0
992,921,4,Cu9.59Mn27.53Mo28.27Ni34.61,648.2396240234375,811.6912841796875,56.873374938964844,438.04859999999974,1060.7105509440105,247.27630371631008,0.23312326203999695,0.21076423578278325,0.43959828494193737,0.33916462227538147,0.0,0.0,0.0,7.804110675656649,0.0,22.41027474103278,23.010131085593123,0.0,28.17229040076799,0.0,0.0,0.0
993,571,6,Cu11.10Fe9.58Mo21.67Nb11.53Ni32.63Ti13.49,1197.2413330078125,753.9857177734375,37.81727600097656,468.2177999999998,1166.4529337565104,291.06963569696,0.24953397370229335,0.23772006061454543,0.44680390226849837,0.33687639672001596,0.0,0.0,0.0,14.853120454883154,12.814909819279077,0.0,28.983461580228067,15.423291038344576,43.64990162020791,18.045785035810123,0.0,0.0
994,649,4,Mo9.91Nb15.13Ni34.65W40.32,746.5319213867188,941.4545288085938,57.369102478027344,418.9491999999997,1056.1859008789063,249.52227706972465,0.23624844533721231,0.3524028631118683,0.4636911297762761,0.33414844581959935,0.0,0.0,0.0,0.0,0.0,0.0,8.84138309669536,13.503641304608193,30.924062633637487,0.0,0.0,35.99042500724069
995,387,5,Co12.96Mn20.60Mo19.22Ni35.28W11.94,598.2213134765625,869.6094970703125,53.36211395263672,424.98359999999974,1107.7026774088542,259.5389397480152,0.23430379382591227,0.13791042622647776,0.41979357948949314,0.33363554578771953,0.0,16.504308780718375,0.0,0.0,0.0,26.231896574535078,24.475414784460483,0.0,44.923729446275715,0.0,0.0,15.204110838563174
996,198,4,Cu11.73Mo28.80Ni29.98W29.49,624.8009643554688,778.7208862304688,53.15571594238281,501.20529999999957,1025.5006754557292,251.04034893039147,0.244797838693602,0.23665164641833702,0.44017356965833976,0.3316437807012718,0.0,0.0,0.0,6.99773135717046,0.0,0.0,17.184218495805393,0.0,17.890920483580786,0.0,0.0,17.597847622445485
997,39,4,Mn25.88Nb11.29Ti20.91W41.93,834.4620361328125,1103.5091552734375,35.23685073852539,530.1550999999998,1022.4042887369792,207.37569888509304,0.20283140551109516,0.32246825797233813,0.4449762351241593,0.3297747321519179,0.0,0.0,0.0,0.0,0.0,21.449088944619888,0.0,9.355463966198123,0.0,17.329860614872295,0.0,34.758953138139
998,854,6,Fe24.14Mn6.82Mo20.71Nb9.83Ni17.75W20.75,942.1038208007812,854.7329711914062,40.61857223510742,487.76286666666675,798.7984395345052,176.82061771546714,0.22135824128363127,0.279057083426147,0.4392845840480288,0.32813360704189154,0.0,0.0,0.0,0.0,37.69004928443727,10.655582756339953,32.341215090307166,15.34417992646951,27.72338021604112,0.0,0.0,32.394847490404196
999,425,4,Co5.53Fe47.87Mo6.87Ni39.73,524.6461791992188,862.152587890625,55.696903228759766,384.4919999999996,982.01142578125,288.6117120582341,0.2938985275335528,0.007229826947865559,0.40304786282873045,0.32812726555576915,0.0,5.036695749171535,0.0,0.0,43.63491445672392,0.0,6.2654167749593626,0.0,36.20884283776843,0.0,0.0,0.0
1000,464,4,Fe19.38Mn29.23Ni21.68W29.71,589.346923828125,914.9280395507812,48.39161682128906,455.4681999999996,1088.8855021158854,207.90820888970012,0.19093670407558916,0.2013994654496305,0.41440055462525327,0.3263864855164299,0.0,0.0,0.0,0.0,27.119003635390637,40.9051396588099,0.0,0.0,30.33601052232593,0.0,0.0,41.56498637147085
