candidate_id,composition,n_elements,Al,Co,Cr,Cu,Fe,Mn,Mo,Nb,Ni,Ti,V,W,composition_sum,valid_composition,Predicted_YS_MPa,Predicted_UTS_MPa,Predicted_Elongation_pct,Predicted_Hardness_HV,UTS_to_YS_Ratio,UTS_YS_Consistency,YS_Score,UTS_Score,Elongation_Score,Hardness_Score,Balanced_Score,Pareto_Optimal,Overall_Rank,YS_Ensemble_Mean_MPa,YS_Uncertainty_STD_MPa,YS_Relative_Uncertainty,Uncertainty_Risk,Predicted_YS_MPa_Normalized,Predicted_UTS_MPa_Normalized,Predicted_Elongation_pct_Normalized,Predicted_Hardness_HV_Normalized,Performance_Score,Uncertainty_Penalty,Uncertainty_Aware_Score,Final_Rank,Pareto_Rank
CAND_02887,Al41.80Mn19.70Mo26.50Ni12.00,4,41.8,0.0,0.0,0.0,0.0,19.7,26.5,0.0,12.0,0.0,0.0,0.0,100.0,True,592.9723,1182.6228,43.919983,567.4383333333333,1.9943980854857384,True,0.19651982,0.4807004423731745,0.4418759179027873,0.7802784787883678,0.4306768328057528,True,3103,1324.8361409505208,205.46773751384785,0.1550891700210052,Low,0.1965198205610401,0.48070044237317455,0.4418759179027873,0.7802784787883678,0.47484366490634244,0.1550891700210052,0.4110883187466016,1361,1
CAND_01427,Al33.18Cu31.51Mo13.65Ti12.80V8.86,5,33.18,0.0,0.0,31.51,0.0,0.0,13.65,0.0,0.0,12.8,8.86,0.0,100.0,True,814.58167,749.0298,50.01799,500.0961333333333,0.9195269573911672,False,0.3813357,0.1401899305002584,0.5509427428264633,0.6359699506344095,0.3895888720877037,True,4035,1375.551318359375,180.92462465520867,0.1315288075700426,Low,0.3813357028129481,0.14018993050025846,0.5509427428264633,0.6359699506344095,0.42710958169351987,0.1315288075700426,0.3774624020494338,2071,2
CAND_01199,Al27.70Mn24.13Mo23.64W24.53,4,27.7,0.0,0.0,0.0,0.0,24.13,23.64,0.0,0.0,0.0,0.0,24.53,100.0,True,479.0453,1240.778,48.97808,438.2049999999999,2.5901058435573483,True,0.101507954,0.5263710526461074,0.5323432755076525,0.5033425883398345,0.3969509103291426,True,3891,1159.8936767578125,186.554723519967,0.1608377795811709,Low,0.10150795794298777,0.5263710526461074,0.5323432755076525,0.5033425883398345,0.4158912186091456,0.1608377795811709,0.3582681628084147,2521,3
CAND_03769,Al29.96Mn25.21Mo23.64V10.70W10.49,5,29.96,0.0,0.0,0.0,0.0,25.21,23.64,0.0,0.0,0.0,10.7,10.49,100.0,True,665.3381,850.6249,49.579384,462.03366666666665,1.278485229667755,True,0.25687084,0.2199748889861659,0.5430979889892713,0.5544053664275412,0.3619890197131536,True,4497,1279.60390625,213.13191990663373,0.166560854390666,Medium,0.2568708299604402,0.21997488898616596,0.5430979889892713,0.5544053664275412,0.3935872685908547,0.166560854390666,0.3373911160394959,3086,4
CAND_04432,Fe22.92Mn25.44Ni29.16Ti22.48,4,0.0,0.0,0.0,0.0,22.92,25.44,0.0,0.0,29.16,22.48,0.0,0.0,100.0,True,1035.6865,1300.6533,47.363766,208.65166666666676,1.2558368488594993,True,0.5657308,0.5733924968381132,0.5034702187187968,0.0114295877819627,0.4693189909085137,True,2193,945.064961751302,224.1210004916214,0.2371487776631801,Medium,0.565730813121723,0.5733924968381132,0.5034702187187968,0.011429587781962854,0.41350577911514896,0.2371487776631801,0.3342409470720328,3165,5
CAND_03169,Al29.51Mo30.73Ti24.20V15.56,4,29.51,0.0,0.0,0.0,0.0,0.0,30.73,0.0,0.0,24.2,15.56,0.0,100.0,True,789.90186,752.4807,43.936623,483.4363333333333,0.9526255632776768,False,0.36075348,0.1429000012934267,0.4421735351352256,0.6002694356922288,0.3516798454918171,True,4640,1301.5032958984375,220.3857872300092,0.1693317165807676,Medium,0.3607534464807386,0.14290000129342675,0.4421735351352256,0.6002694356922288,0.38652410465040493,0.1693317165807676,0.330551287688182,3292,6
CAND_03816,Cr25.90Fe20.83Mn28.94Mo8.50Ni15.83,5,0.0,0.0,25.9,0.0,20.83,28.94,8.5,0.0,15.83,0.0,0.0,0.0,100.0,True,715.75665,1493.6636,46.465126,203.51033333333345,2.0868315985468358,True,0.2989185,0.724967905227421,0.4873974573150443,0.0004121537497777,0.4290771046518979,True,3142,1191.469881184896,199.8635650320396,0.1677453775275282,Low,0.2989184599866973,0.724967905227421,0.4873974573150443,0.00041215374977777297,0.37792399406973515,0.1677453775275282,0.3236356155568049,3501,7
CAND_04638,Co31.11Ni24.11Ti36.51V8.27,4,0.0,31.11,0.0,0.0,0.0,0.0,0.0,0.0,24.11,36.51,8.27,0.0,100.0,True,885.27094,796.86835,63.36033,283.2128,0.9001406444539573,False,0.44028857,0.1777586392842057,0.789579179428153,0.1712076676312158,0.4084901118182628,True,3635,975.3612670898438,224.42392297314828,0.2300931260503661,Medium,0.4402885340979851,0.17775863928420577,0.789579179428153,0.17120766763121587,0.3947085051103899,0.2300931260503661,0.3208769293571588,3600,8
CAND_02180,Fe18.18Mn31.33Nb10.18Ni22.65Ti9.32W8.34,6,0.0,0.0,0.0,0.0,18.18,31.33,0.0,10.18,22.65,9.32,0.0,8.34,100.0,True,1077.5933,1425.7136,28.28131,208.09033333333332,1.323053558933731,True,0.6006799,0.6716052142204982,0.1621680707111358,0.0102266988484694,0.4237615610181826,True,3268,1281.3827962239584,199.7058049194272,0.1558517919141181,Low,0.6006798868651042,0.6716052142204982,0.16216807071113584,0.01022669884846939,0.36116996766130194,0.1558517919141181,0.31247082903526574,3801,9
CAND_02766,Fe29.97Mn23.56Mo10.60Ti18.39V17.48,5,0.0,0.0,0.0,0.0,29.97,23.56,10.6,0.0,0.0,18.39,17.48,0.0,100.0,True,1041.1772,1093.6589,42.76655,226.53833333333336,1.050406070727293,True,0.57030994,0.4108350544928098,0.4212460178268788,0.049759172206694,0.4071188836961136,True,3673,976.0346964518228,190.88180982753363,0.1955686724267548,Low,0.5703099000289263,0.4108350544928098,0.4212460178268788,0.04975917220669394,0.3630375361388272,0.1955686724267548,0.30365260023243734,4036,10
CAND_03390,Cr13.02Fe27.30Mn27.22Ti13.44V19.02,5,0.0,0.0,13.02,0.0,27.3,27.22,0.0,0.0,0.0,13.44,19.02,0.0,100.0,True,1027.7344,1148.8829,41.207413,221.02000000000007,1.1178792185480806,True,0.55909896,0.4542037262833368,0.3933598376025816,0.0379338596805772,0.4080208469087002,True,3651,891.9676798502604,186.89547721232043,0.2095316696269708,Low,0.5590989889472515,0.45420372628333683,0.39335983760258164,0.037933859680577275,0.36114910312843684,0.2095316696269708,0.2985859008055722,4156,11
CAND_03780,Fe29.05Mn25.51Ni19.65Ti16.99W8.80,5,0.0,0.0,0.0,0.0,29.05,25.51,0.0,0.0,19.65,16.99,0.0,8.8,100.0,True,882.536,1304.1874,43.574585,203.31800000000007,1.4777724468185902,True,0.43800768,0.5761679064965027,0.4356982498228739,0.0,0.4131772481139283,True,3521,884.7892211914062,192.49580852693697,0.2175612043145521,Low,0.43800767228692516,0.5761679064965027,0.4356982498228739,0.0,0.36246845715157544,0.2175612043145521,0.2977003996736522,4172,12
CAND_04906,Al6.25Cu29.98Mn25.96Ni18.86V18.95,5,6.25,0.0,0.0,29.98,0.0,25.96,0.0,0.0,18.86,0.0,18.95,0.0,100.0,True,841.9026,904.2661,54.439384,255.2564,1.0740744986490969,True,0.4041206,0.2621005516916927,0.6300222527903895,0.1112995129156983,0.3740668383917313,True,4312,1174.5823282877604,216.63278927927476,0.1844338911475619,Medium,0.40412057775705634,0.2621005516916927,0.6300222527903895,0.11129951291569838,0.35188572378870925,0.1844338911475619,0.2970919072973992,4195,13
CAND_00016,Fe20.89Mn18.50Ni35.93V24.68,4,0.0,0.0,0.0,0.0,20.89,18.5,0.0,0.0,35.93,0.0,24.68,0.0,100.0,True,891.6143,966.49316,54.75822,211.41466666666676,1.0839812008056566,True,0.44557878,0.3109688868653386,0.6357248422087627,0.017350458547833,0.3884980834993596,True,4052,955.699072265625,190.3251762762856,0.1991475996990264,Low,0.44557871508104296,0.31096888686533863,0.6357248422087627,0.017350458547833108,0.35240572567574435,0.1991475996990264,0.29388019103252555,4268,14
CAND_02701,Al5.29Fe12.19Ni39.68Ti33.44V9.40,5,5.29,0.0,0.0,0.0,12.19,0.0,0.0,0.0,39.68,33.44,9.4,0.0,100.0,True,1088.4514,681.7883,51.264236,274.3382,0.6263837686901523,False,0.60973525,0.0873836407674844,0.5732326638275104,0.1521901650257897,0.3752723580828981,True,4299,860.167411295573,181.1632766282017,0.2106139738023042,Low,0.6097352320027193,0.08738364076748448,0.5732326638275104,0.15219016502578978,0.35563542540587595,0.2106139738023042,0.2937645137936859,4273,15
CAND_04149,Co21.46Mo23.87Ti33.43W21.24,4,0.0,21.46,0.0,0.0,0.0,0.0,23.87,0.0,0.0,33.43,0.0,21.24,100.0,True,579.7293,1167.6577,46.95524,317.154,2.014142948627041,True,0.18547556,0.4689480066529728,0.4961634652633204,0.2439407327193646,0.3569590463774426,True,4562,954.3590087890624,187.4591552430631,0.1964241480582034,Low,0.1854755369702243,0.46894800665297287,0.4961634652633204,0.2439407327193646,0.3486319354014705,0.1964241480582034,0.2913949337843943,4325,16
CAND_03205,Mn22.30Mo18.35Ni25.59Ti28.74V5.02,5,0.0,0.0,0.0,0.0,0.0,22.3,18.35,0.0,25.59,28.74,5.02,0.0,100.0,True,1135.5823,743.4275,45.997917,254.9996,0.6546663470458545,False,0.64904106,0.1357903160215523,0.4790411202026459,0.1107492126577629,0.371822082686387,True,4357,984.623514811198,179.3901261869928,0.1821915925107587,Low,0.6490410558712068,0.1357903160215523,0.4790411202026459,0.11074921265776293,0.343655426188292,0.1821915925107587,0.29069351225754425,4333,17
CAND_02019,Al6.96Mn22.01Mo38.82Ni16.05V6.84W9.32,6,6.96,0.0,0.0,0.0,0.0,22.01,38.82,0.0,16.05,0.0,6.84,9.32,100.0,True,884.4643,800.0665,51.601753,268.825,0.9045774996630682,False,0.43961588,0.180270219714578,0.5792693750919883,0.140375852790395,0.351839556211162,True,4638,1249.0541625976562,191.05050473410387,0.1529561410986185,Low,0.43961581938714195,0.18027021971457802,0.5792693750919883,0.14037585279039502,0.3348828167460259,0.1529561410986185,0.29045581597486075,4335,18
CAND_00775,Fe21.71Mn39.00Mo26.78Nb12.51,4,0.0,0.0,0.0,0.0,21.71,39.0,26.78,12.51,0.0,0.0,0.0,0.0,100.0,True,924.9326,1271.572,33.894386,236.81866666666676,1.3747725795058972,True,0.47336525,0.5505542860069194,0.2625615890156061,0.0717890401389179,0.383584625172625,True,4148,990.5901489257812,169.21009892852382,0.1708174658429817,Low,0.4733652252346243,0.5505542860069194,0.2625615890156061,0.07178904013891801,0.33956753509901694,0.1708174658429817,0.290026024555869,4343,19
CAND_00415,Mn31.36Mo12.95Nb7.10Ti32.10W16.49,5,0.0,0.0,0.0,0.0,0.0,31.36,12.95,7.1,0.0,32.1,0.0,16.49,100.0,True,803.41064,1258.064,32.781746,288.857,1.5659040722991884,True,0.3720194,0.5399461442832769,0.2426612983004464,0.1833027015713986,0.3617504035863936,True,4500,1210.8020751953125,190.77860729087524,0.1575638258301639,Low,0.37201938299708226,0.5399461442832769,0.24266129830044642,0.1833027015713986,0.33448238178805106,0.1575638258301639,0.2889537270639674,4368,20
CAND_02255,Al6.87Co18.07Mn19.11Mo19.29W36.66,5,6.87,18.07,0.0,0.0,0.0,19.11,19.29,0.0,0.0,0.0,0.0,36.66,100.0,True,499.64597,1269.664,47.578247,303.085,2.541127293074154,True,0.11868833,0.5490558899150694,0.5073063510283292,0.2137920787906536,0.3592186663115441,True,4524,1132.7104451497396,232.1557660806052,0.2049559682924219,High,0.118688328073684,0.5490558899150694,0.5073063510283292,0.2137920787906536,0.347210661951934,0.2049559682924219,0.28815215749665635,4384,21
CAND_04800,Mn17.71Mo35.44Ni11.91W34.94,4,0.0,0.0,0.0,0.0,0.0,17.71,35.44,0.0,11.91,0.0,0.0,34.94,100.0,True,639.1363,1161.0066,42.696213,307.432,1.816524292914298,True,0.23501928,0.4637247455174887,0.4199879947933439,0.2231073249793029,0.348086311512904,True,4678,1176.0560994466146,193.175026321308,0.1642566425293872,Low,0.23501927745799836,0.4637247455174887,0.4199879947933439,0.22310732497930294,0.33545983568703347,0.1642566425293872,0.28813220679440193,4385,22
CAND_02305,Al7.24Cu11.50Mo31.84Ni8.04Ti28.49V12.89,6,7.24,0.0,0.0,11.5,0.0,0.0,31.84,0.0,8.04,28.49,12.89,0.0,100.0,True,1081.6167,570.51733,47.874565,313.939,0.5274671983264346,False,0.6040353,0.0,0.5126061913577571,0.2370512649262872,0.3449198448686503,True,4708,1167.299853515625,205.06828864753763,0.1756774731273387,Low,0.6040352874993479,0.0,0.5126061913577571,0.23705126492628725,0.3384231859458481,0.1756774731273387,0.28785376404774676,4389,23
CAND_01490,Co13.32Cu8.78Mn18.41Mo21.68W37.81,5,0.0,13.32,0.0,8.78,0.0,18.41,21.68,0.0,0.0,0.0,0.0,37.81,100.0,True,476.1193,1260.0376,47.429695,304.126,2.646474566273437,True,0.099067755,0.5414960575573206,0.5046494018027771,0.2160228520325178,0.3507349224083491,True,4653,1112.887129720052,203.14245608774812,0.1825364411742714,Low,0.09906775755132978,0.5414960575573206,0.5046494018027771,0.21602285203251784,0.34030901723598633,0.1825364411742714,0.28777888392010637,4392,24
CAND_03311,Cr11.51Fe22.18Mo16.46Nb5.48Ni19.86W24.51,6,0.0,0.0,11.51,0.0,22.18,0.0,16.46,5.48,19.86,0.0,0.0,24.51,100.0,True,920.62537,1179.786,37.044792,234.57786666666672,1.2815049892180383,True,0.4697731,0.4784726383724617,0.3189086512017431,0.0669871989474007,0.3742489682725552,True,4311,1052.4290120442708,170.1942407169343,0.1617156490073793,Low,0.46977311849061837,0.4784726383724617,0.31890865120174317,0.06698719894740073,0.33353540175305596,0.1617156490073793,0.28710588691651284,4414,25
CAND_01814,Fe35.33Mn26.50Ni22.19V15.98,4,0.0,0.0,0.0,0.0,35.33,26.5,0.0,0.0,22.19,0.0,15.98,0.0,100.0,True,869.9864,1037.6221,50.128,211.50833333333344,1.192687739634262,True,0.4275417,0.3668280722497382,0.5529103432916406,0.0175511781382794,0.3791712040549993,True,4226,859.9406453450521,164.43669208464053,0.1912186532579352,Low,0.4275416644827039,0.3668280722497382,0.5529103432916406,0.01755117813827945,0.3412078145405905,0.1912186532579352,0.2864359230838107,4425,26
CAND_04565,Co16.75Mn38.37Ni7.31Ti37.57,4,0.0,16.75,0.0,0.0,0.0,38.37,0.0,0.0,7.31,37.57,0.0,0.0,100.0,True,579.9463,1199.1608,46.45266,294.9956,2.0677101011172576,True,0.1856565,0.4936881124816732,0.4871744947898294,0.1964571920829334,0.3550655893424445,True,4592,1163.4990641276042,223.3292950055895,0.1919462609736112,Medium,0.18565650876960563,0.49368811248167327,0.48717449478982944,0.19645719208293355,0.3407440770310105,0.1919462609736112,0.28587201301565585,4437,27
CAND_00153,Co19.06Mn20.74Ti22.19V38.01,4,0.0,19.06,0.0,0.0,0.0,20.74,0.0,0.0,0.0,22.19,38.01,0.0,100.0,True,695.6036,1006.0996,48.350563,294.7876,1.4463692162576955,True,0.28211138,0.3420727311567915,0.5211197254566883,0.196011466017316,0.3469368880413467,True,4690,1253.398771158854,219.8619491387276,0.1754126094566456,Medium,0.28211139214558206,0.34207273115679154,0.5211197254566883,0.19601146601731603,0.33532882869409447,0.1754126094566456,0.28528605699500353,4448,28
CAND_03800,Fe18.04Mn35.59Mo14.58Ni16.06V15.73,5,0.0,0.0,0.0,0.0,18.04,35.59,14.58,0.0,16.06,0.0,15.73,0.0,100.0,True,964.5695,961.9971,43.590637,222.03133333333332,0.9973330910917432,False,0.5064213,0.3074380279907458,0.4359853502925315,0.0401010598137235,0.3591693032196978,True,4525,1321.507889811198,175.24482710842523,0.1326097471377656,Low,0.5064212672387627,0.3074380279907458,0.4359853502925315,0.04010105981372348,0.32248642633394087,0.1326097471377656,0.2847286341556754,4459,29
CAND_04115,Cu18.44Fe15.48Mo26.54W39.54,4,0.0,0.0,0.0,18.44,15.48,0.0,26.54,0.0,0.0,0.0,0.0,39.54,100.0,True,694.26227,1254.9595,36.8144,303.527,1.8076158790757773,True,0.28099278,0.5375081093424234,0.3147879402993425,0.2147392466800906,0.35645814070645,True,4570,1130.8732543945312,212.47608087646657,0.1878867327092514,Medium,0.2809927612531204,0.5375081093424234,0.3147879402993425,0.21473924668009067,0.33700701439374425,0.1878867327092514,0.2837029870896205,4480,30
CAND_01047,Co24.83Cu16.17Fe27.22Mn8.28V8.69W14.81,6,0.0,24.83,0.0,16.17,27.22,8.28,0.0,0.0,0.0,0.0,8.69,14.81,100.0,True,687.3079,966.6916,54.885254,270.56300000000005,1.4064898258062688,True,0.27519304,0.3111247263414742,0.6379969279963578,0.1441002369348332,0.357009602082992,True,4560,822.895438639323,179.45152817859585,0.2180733052492345,Low,0.275193015389233,0.3111247263414742,0.6379969279963578,0.14410023693483323,0.34210372666547456,0.2180733052492345,0.28085643547986255,4527,31
CAND_03069,Cr22.03Cu12.65Fe23.47Mn20.55Mo15.85V5.45,6,0.0,0.0,22.03,12.65,23.47,20.55,15.85,0.0,0.0,0.0,5.45,0.0,100.0,True,1018.6974,1013.9747,38.711823,228.5983333333334,0.99536399351529,False,0.55156237,0.3482572275210095,0.3487245858537272,0.0541735745873283,0.3652530734896973,True,4456,882.72529296875,143.12401085016785,0.162138789938621,Low,0.5515623891730159,0.34825722752100957,0.3487245858537272,0.05417357458732835,0.32567944428377027,0.162138789938621,0.2802414368261223,4544,32
CAND_02634,Al9.06Cu18.83Mn22.53Mo12.93Ni22.81V13.84,6,9.06,0.0,0.0,18.83,0.0,22.53,12.93,0.0,22.81,0.0,13.84,0.0,100.0,True,978.7794,756.1759,44.886253,273.1700666666666,0.7725702904693482,False,0.5182719,0.1458019264708922,0.4591582858828504,0.1496869560124087,0.3364647697333973,True,4787,1330.9439900716145,182.30263522167985,0.1369724320344018,Low,0.5182719178011076,0.14580192647089227,0.4591582858828504,0.1496869560124087,0.31822977154181475,0.1369724320344018,0.2798922494298314,4551,33
CAND_04756,Cu13.93Mn35.07Mo26.60W24.40,4,0.0,0.0,0.0,13.93,0.0,35.07,26.6,0.0,0.0,0.0,0.0,24.4,100.0,True,595.4018,1252.8298,40.469727,294.213,2.104175384946258,True,0.19854596,0.5358356071638003,0.380165843267933,0.1947801477610478,0.3445729546469679,True,4714,1021.6765014648438,176.90523347407785,0.1731519059315129,Low,0.19854595413982787,0.5358356071638003,0.38016584326793307,0.19478014776104788,0.3273318880831523,0.1731519059315129,0.2790191844961819,4563,34
CAND_02324,Cr16.10Mn17.47Nb8.76Ni9.24Ti42.06W6.37,6,0.0,0.0,16.1,0.0,0.0,17.47,0.0,8.76,9.24,42.06,0.0,6.37,100.0,True,830.875,1286.3728,27.35195,304.854,1.5482145930494962,True,0.3949239,0.5621776931747674,0.1455458621090355,0.2175828932621789,0.3561543806186016,True,4575,1319.197342936198,242.35727178892185,0.1837157064382014,High,0.39492387446278165,0.5621776931747674,0.14554586210903556,0.21758289326217892,0.3300575807521909,0.1837157064382014,0.27883179969397687,4565,35
CAND_04474,Al9.55Co22.16Cu19.00Mo23.00Ti11.45V14.84,6,9.55,22.16,0.0,19.0,0.0,0.0,23.0,0.0,0.0,11.45,14.84,0.0,100.0,True,830.65674,774.12555,43.480995,351.35533333333336,0.931943983987632,False,0.39474186,0.1598981976501772,0.4340243317469178,0.3172312411113722,0.3224827887922987,True,4883,1177.3654215494792,213.2315124358481,0.1811090325340313,Medium,0.3947418518594039,0.1598981976501772,0.43402433174691785,0.3172312411113722,0.3264739055919678,0.1811090325340313,0.276413012346141,4594,36
CAND_01754,Cr16.76Mn7.07Nb11.35Ni10.56Ti25.26V29.00,6,0.0,0.0,16.76,0.0,0.0,7.07,0.0,11.35,10.56,25.26,29.0,0.0,100.0,True,1077.6677,952.43353,29.524147,301.607,0.8837914583970964,False,0.600742,0.2999275374707594,0.1843970195279651,0.2106248522282374,0.3478938446559257,True,4679,1166.804150390625,201.9104584327424,0.1730457149686572,Low,0.6007419343391778,0.2999275374707594,0.18439701952796514,0.2106248522282374,0.3239228358915349,0.1730457149686572,0.2761382883532291,4598,37
CAND_01479,Co12.03Mn42.96Nb9.56Ti35.45,4,0.0,12.03,0.0,0.0,0.0,42.96,0.0,9.56,0.0,35.45,0.0,0.0,100.0,True,686.8297,1315.8706,34.212086,293.376,1.9158614969246472,True,0.27479422,0.5853429909935164,0.268243860334457,0.1929865289296929,0.3540501094885524,True,4606,1157.2519409179688,233.9283437627308,0.2021412412384216,High,0.27479421025345346,0.5853429909935164,0.268243860334457,0.19298652892969295,0.33034189762778,0.2021412412384216,0.27479458011728175,4622,38
CAND_02272,Cu6.93Fe24.90Mn20.05Ni29.47V18.65,5,0.0,0.0,0.0,6.93,24.9,20.05,0.0,0.0,29.47,0.0,18.65,0.0,100.0,True,850.5625,977.24384,53.24371,210.50333333333344,1.1489383084723344,True,0.4113427,0.3194116420523041,0.6086368449311018,0.0153975497923874,0.3736951553547622,True,4319,889.6898600260416,207.5075058506802,0.2332357770657365,Low,0.41134268690665277,0.3194116420523041,0.6086368449311018,0.015397549792387461,0.3386971809206116,0.2332357770657365,0.27464105990054943,4627,39
CAND_04790,Co7.86Cu16.23Mn23.47Mo23.46Ni13.81V15.17,6,0.0,7.86,0.0,16.23,0.0,23.47,23.46,0.0,13.81,0.0,15.17,0.0,100.0,True,864.8109,848.36066,44.205956,286.814,0.9809782082568346,False,0.4232255,0.218196729464672,0.4469907311727455,0.1789247287249733,0.331013064573498,True,4823,1178.0801310221354,189.6142955252785,0.1609519510024872,Low,0.4232254453688878,0.21819672946467203,0.4469907311727455,0.17892472872497336,0.31683440868281965,0.1609519510024872,0.27290914874576133,4645,40
CAND_01637,Co10.55Mo31.80Ni28.66W28.99,4,0.0,10.55,0.0,0.0,0.0,0.0,31.8,0.0,28.66,0.0,0.0,28.99,100.0,True,591.59607,1149.7946,48.120903,283.4784,1.943546719792504,True,0.19537209,0.4549197051706216,0.5170121068508107,0.1717768255303889,0.3501070897615898,True,4659,1018.1671223958332,244.7289337964427,0.2403622434994511,High,0.19537208406582088,0.45491970517062164,0.5170121068508107,0.17177682553038892,0.33477018040441053,0.2403622434994511,0.26989710639685294,4676,41
CAND_03348,Co26.02Cu12.69Fe23.38Mn37.91,4,0.0,26.02,0.0,12.69,23.38,37.91,0.0,0.0,0.0,0.0,0.0,0.0,100.0,True,357.32895,1365.2478,54.57495,245.1850000000001,3.820703035445948,True,0.0,0.6241200368564602,0.6324469389522133,0.0897173711019505,0.3588053514602839,True,4531,721.5926106770834,178.8708111378879,0.2478833742075742,Low,0.0,0.6241200368564602,0.6324469389522133,0.0897173711019506,0.336571086727656,0.2478833742075742,0.26971357555058706,4678,42
CAND_01229,Fe19.95Mn21.35V28.30W30.40,4,0.0,0.0,0.0,0.0,19.95,21.35,0.0,0.0,0.0,0.0,28.3,30.4,100.0,True,866.7827,1009.10815,42.154564,237.00666666666672,1.164199669327631,True,0.4248699,0.3444354143654579,0.4103002498214073,0.0721919079289952,0.344195444428986,True,4719,1141.148311360677,188.26456822887585,0.1649781771173931,Low,0.4248698702261234,0.3444354143654579,0.41030024982140734,0.07219190792899524,0.31294936058549594,0.1649781771173931,0.26863109260969487,4688,43
CAND_00574,Fe31.99Mn39.69Mo16.32V12.00,4,0.0,0.0,0.0,0.0,31.99,39.69,16.32,0.0,0.0,0.0,12.0,0.0,100.0,True,899.0414,993.19293,43.106262,233.5946666666667,1.1047243765039994,True,0.4517727,0.3319368276521805,0.4273219880952749,0.0648802861218474,0.3516754011440153,True,4641,920.9192220052084,181.16106831483756,0.1967176533902481,Low,0.45177270425701127,0.3319368276521805,0.42732198809527494,0.06488028612184746,0.31897795153157854,0.1967176533902481,0.26654403453306474,4710,44
CAND_01766,Al15.78Cu16.90Fe44.81Mo22.51,4,15.78,0.0,0.0,16.9,44.81,0.0,22.51,0.0,0.0,0.0,0.0,0.0,100.0,True,615.8284,1176.2291,40.815323,283.8783333333334,1.9099948010913668,True,0.2155812,0.4756793233519683,0.3863470527067419,0.1726338481802733,0.329859999949562,True,4831,1095.2901326497397,192.7714363359317,0.1760003405395213,Low,0.21558115486444895,0.4756793233519683,0.38634705270674197,0.17263384818027333,0.31256034477585815,0.1760003405395213,0.26578252913809775,4720,45
CAND_02464,Mn29.99Mo26.87Nb11.73Ti31.41,4,0.0,0.0,0.0,0.0,0.0,29.99,26.87,11.73,0.0,31.41,0.0,0.0,100.0,True,818.70593,1260.2281,28.567015,288.857,1.5392927421099567,True,0.38477525,0.5416456615696357,0.1672780906266293,0.1833027015713986,0.3472412091588778,True,4685,971.73408203125,197.05089351117945,0.2027827336253113,Low,0.3847752178051898,0.5416456615696357,0.16727809062662938,0.1833027015713986,0.31925041789321335,0.2027827336253113,0.26542650552603103,4721,46
CAND_03706,Co14.90Cu20.45Mo6.09Nb9.12Ti34.35V15.09,6,0.0,14.9,0.0,20.45,0.0,0.0,6.09,9.12,0.0,34.35,15.09,0.0,100.0,True,931.89777,945.9548,30.853518,321.5056,1.0150843090281751,True,0.47917402,0.2948396424434263,0.20817368526738,0.253265836311388,0.3222374067893667,True,4885,1190.3946248372397,200.07026326234444,0.1680705365161571,Low,0.47917397798990946,0.2948396424434263,0.20817368526738006,0.25326583631138816,0.308863285503026,0.1680705365161571,0.2644217757809644,4728,47
CAND_03734,Cu15.90Fe22.28Mo34.86Ti18.52V8.44,5,0.0,0.0,0.0,15.9,22.28,0.0,34.86,0.0,0.0,18.52,8.44,0.0,100.0,True,1078.553,775.6849,38.17289,262.5786666666667,0.7191903554589856,False,0.60148025,0.1611227909131889,0.3390854183098736,0.1269904990346173,0.3326008433639129,True,4815,1088.1674479166666,178.01165217954568,0.1635884739249965,Low,0.6014802492423682,0.1611227909131889,0.33908541830987365,0.12699049903461732,0.307169739375012,0.1635884739249965,0.26398485913054154,4732,48
CAND_00333,Co17.53Cu27.26Mn15.31Nb8.44Ti21.71V9.75,6,0.0,17.53,0.0,27.26,0.0,15.31,0.0,8.44,0.0,21.71,9.75,0.0,100.0,True,817.2323,1065.2681,31.37667,321.4376,1.30350709370468,True,0.38354626,0.3885391091235775,0.2175305993529937,0.2531201181745516,0.323976283665705,True,4875,1187.274991861979,210.32533748226788,0.1771496400782593,Low,0.3835462524931054,0.38853910912357753,0.21753059935299376,0.2531201181745516,0.3106840197860571,0.1771496400782593,0.26392907852004455,4733,49
CAND_01036,Cu29.27Mn10.39Ni12.06V32.92W15.36,5,0.0,0.0,0.0,29.27,0.0,10.39,0.0,0.0,12.06,0.0,32.92,15.36,100.0,True,894.08887,866.57904,39.745934,303.715,0.9692314397403956,False,0.44764245,0.2325040404666837,0.3672203342824592,0.2151421144701679,0.3281203495306583,True,4846,1225.1201822916669,240.69141298934403,0.1964635114729031,High,0.44764243575198803,0.23250404046668374,0.36722033428245926,0.21514211447016796,0.3156272312428247,0.1964635114729031,0.2638001311500696,4736,50
CAND_00704,Co12.32Fe18.97Mo26.42Ni42.29,4,0.0,12.32,0.0,0.0,18.97,0.0,26.42,0.0,42.29,0.0,0.0,0.0,100.0,True,651.66113,1219.9297,47.8207,237.2386666666667,1.872030781911012,True,0.24546464,0.5099984052447883,0.5116427807672949,0.0726890639252607,0.3654529692068325,True,4454,1048.1354370117188,282.8991683577602,0.2699070734258527,High,0.24546462779000444,0.5099984052447883,0.5116427807672949,0.07268906392526078,0.3349487194318371,0.2699070734258527,0.26375844850461344,4739,51
CAND_04044,Cr10.03Cu30.21Ni16.42Ti43.34,4,0.0,0.0,10.03,30.21,0.0,0.0,0.0,0.0,16.42,43.34,0.0,0.0,100.0,True,787.15216,1149.5405,35.160706,275.125,1.4603790187893788,True,0.3584603,0.4547201546219115,0.2852105465745839,0.1538762095855389,0.3383382110747817,True,4772,1187.7251505533854,222.3590194257824,0.1872142046686312,Medium,0.35846027525143503,0.45472015462191157,0.28521054657458395,0.1538762095855389,0.31306679650836733,0.1872142046686312,0.2636986613513008,4740,52
CAND_02809,Cr14.52Fe22.44Mn23.61Mo30.52W8.91,5,0.0,0.0,14.52,0.0,22.44,23.61,30.52,0.0,0.0,0.0,0.0,8.91,100.0,True,702.26404,1279.2023,37.856316,225.2546666666667,1.821540376019456,True,0.28766602,0.5565465353253907,0.333423286234035,0.0470083852216093,0.3436708467726345,True,4724,1084.9765462239584,175.30888257183562,0.1615784997214573,Low,0.2876660087883075,0.5565465353253907,0.33342328623403505,0.047008385221609376,0.30616105389233567,0.1615784997214573,0.2635732789180861,4743,53
CAND_01498,Co15.68Fe6.65Mn15.54Nb7.77Ni16.36Ti38.00,6,0.0,15.68,0.0,0.0,6.65,15.54,0.0,7.77,16.36,38.0,0.0,0.0,100.0,True,802.6431,1203.0624,29.88803,290.7936,1.4988758501365538,True,0.37137932,0.4967521283055526,0.1909053038663895,0.1874526683919501,0.3362836639433397,True,4788,1282.5616536458333,233.82274869919064,0.1823091685569436,High,0.37137927656898484,0.49675212830555265,0.1909053038663895,0.1874526683919503,0.31162234428321933,0.1823091685569436,0.26357094453015795,4744,54
CAND_02891,Cu43.44Ni15.36Ti8.98V32.22,4,0.0,0.0,0.0,43.44,0.0,0.0,0.0,0.0,15.36,8.98,32.22,0.0,100.0,True,963.4841,919.61694,35.96202,285.705,0.9544703112400996,False,0.5055161,0.2741559178670674,0.2995425691102896,0.1765482373462725,0.3352694927553195,True,4795,1253.1192830403645,240.8066795542276,0.1921658080066994,High,0.5055160746532857,0.2741559178670674,0.29954256911028965,0.17654823734627256,0.31394069974422883,0.1921658080066994,0.26333643997820866,4746,55
CAND_00734,Mn28.03Mo26.81V15.30W29.86,4,0.0,0.0,0.0,0.0,0.0,28.03,26.81,0.0,0.0,0.0,15.3,29.86,100.0,True,842.44507,867.5643,42.29158,294.366,1.0298170558343271,True,0.404573,0.2332777877064406,0.4127508701771633,0.1951080135689298,0.3238091584169875,True,4877,1042.58857421875,191.27378601594987,0.1834604663294707,Low,0.4045729822363669,0.23327778770644067,0.41275087017716333,0.19510801356892987,0.3114274134222252,0.1834604663294707,0.26314982399718373,4748,56
CAND_01115,Co12.89Fe6.83Mn29.56Mo20.66Ti30.06,5,0.0,12.89,0.0,0.0,6.83,29.56,20.66,0.0,0.0,30.06,0.0,0.0,100.0,True,686.0401,1141.6448,39.013496,295.089,1.664107972460341,True,0.2741357,0.448519480605968,0.3541202038441952,0.1966573402297059,0.334825211800197,True,4801,1006.6114908854166,212.5643835610069,0.2111682466231684,Medium,0.27413570641570467,0.448519480605968,0.35412020384419524,0.19665734022970593,0.3183581827738935,0.2111682466231684,0.26285215424157704,4750,57
CAND_01580,Fe30.10Mo22.24Ni20.29V27.37,4,0.0,0.0,0.0,0.0,30.1,0.0,22.24,0.0,20.29,0.0,27.37,0.0,100.0,True,1065.1669,865.28625,43.505516,238.75186666666676,0.8123480689037981,False,0.5903166,0.2314887828757074,0.4344629057947917,0.0759317210526278,0.3665471005436375,True,4434,830.5096761067708,222.43350115036756,0.2678277057446003,Medium,0.5903166243405318,0.23148878287570746,0.43446290579479174,0.07593172105262787,0.3330500085159147,0.2678277057446003,0.26269342987761346,4753,58
CAND_04217,Co20.85Cu5.42Mn19.04Mo7.74Ti38.98V7.97,6,0.0,20.85,0.0,5.42,0.0,19.04,7.74,0.0,0.0,38.98,7.97,0.0,100.0,True,566.92786,979.27515,50.552475,295.2956,1.7273364483095632,True,0.1747995,0.3210068763108659,0.5605023549947228,0.1971000662160355,0.3184325151233494,True,4900,1209.067297363281,236.0470666535385,0.1952307097944895,High,0.17479950180214968,0.32100687631086594,0.5605023549947228,0.19710006621603554,0.31335219983094353,0.1952307097944895,0.2621687990972237,4760,59
CAND_00575,Fe22.61Mn31.70V22.79W22.90,4,0.0,0.0,0.0,0.0,22.61,31.7,0.0,0.0,0.0,0.0,22.79,22.9,100.0,True,814.23895,1046.7739,43.92904,236.44266666666672,1.2855856338121288,True,0.3810499,0.3740151903594828,0.4420379082437845,0.0709833045587633,0.3476765032069451,True,4681,854.3731486002604,179.1855370031727,0.2097274911983558,Low,0.3810498841259252,0.37401519035948283,0.4420379082437845,0.07098330455876332,0.317021571821989,0.2097274911983558,0.2620603186490765,4761,60
CAND_02092,Cu33.75Nb8.21Ti26.21V15.71W16.12,5,0.0,0.0,0.0,33.75,0.0,0.0,0.0,8.21,0.0,26.21,15.71,16.12,100.0,True,932.7475,1068.5763,26.191397,308.541,1.1456222641142746,True,0.4798827,0.3911371143390167,0.1247886161980933,0.2254838163580036,0.3263256729644671,True,4857,1266.001835123698,209.6992186346631,0.1656389531332503,Low,0.4798826285294868,0.39113711433901677,0.12478861619809331,0.22548381635800363,0.30532304385615017,0.1656389531332503,0.2619362050619864,4763,61
CAND_03585,Fe40.66Mn20.09Ti17.84V21.41,4,0.0,0.0,0.0,0.0,40.66,20.09,0.0,0.0,0.0,17.84,21.41,0.0,100.0,True,911.3975,1088.4763,39.68145,226.93933333333337,1.1942936794957146,True,0.4620774,0.4067650400349368,0.3660669959641565,0.0506184806312737,0.3597622558049133,True,4520,863.0531392415364,197.0487590839656,0.2283159056198264,Low,0.46207733859035555,0.4067650400349368,0.3660669959641565,0.050618480631273756,0.32138196380518064,0.2283159056198264,0.26164438833266307,4765,62
CAND_03603,Fe34.49Mo22.30Nb10.14Ni22.38W10.69,5,0.0,0.0,0.0,0.0,34.49,0.0,22.3,10.14,22.38,0.0,0.0,10.69,100.0,True,861.9386,1226.2032,33.992546,238.35986666666676,1.4226108471589225,True,0.42083004,0.5149251284534996,0.2643172445165768,0.075091698852041,0.3580696198242685,True,4545,829.9968994140625,183.2253182092884,0.2207542200924324,Low,0.420830029242791,0.5149251284534996,0.26431724451657684,0.07509169885204116,0.31879102526622716,0.2207542200924324,0.26114267722301143,4773,63
CAND_01258,Cr10.09Cu24.11Fe14.41Ni16.63V15.82W18.94,6,0.0,0.0,10.09,24.11,14.41,0.0,0.0,0.0,16.63,0.0,15.82,18.94,100.0,True,955.4386,980.68365,33.349915,276.687,1.0264224738285768,True,0.49880636,0.3221130036145193,0.2528233707365818,0.1572234409052238,0.3330651760600999,True,4813,1314.5726318359375,235.2737581539179,0.178973570920409,High,0.49880635754765185,0.3221130036145193,0.2528233707365818,0.1572234409052238,0.30774154320099417,0.178973570920409,0.2610249718835889,4774,64
CAND_01325,Cr16.23Cu22.15Fe20.71Mo25.68W15.23,5,0.0,0.0,16.23,22.15,20.71,0.0,25.68,0.0,0.0,0.0,0.0,15.23,100.0,True,817.5527,1246.2737,31.449768,259.6876666666667,1.5243956024371577,True,0.38381344,0.5306869517037489,0.2188380046689061,0.1207953353052901,0.347178923684407,True,4687,1145.4287353515624,230.5956185815216,0.20131817149737,High,0.3838134569379062,0.5306869517037489,0.2188380046689061,0.12079533530529014,0.3135334371539628,0.20131817149737,0.2609911716919777,4775,65
CAND_00730,Cu22.11Mn12.27Nb10.36Ni23.60W31.66,5,0.0,0.0,0.0,22.11,0.0,12.27,0.0,10.36,23.6,0.0,0.0,31.66,100.0,True,643.2408,1382.5872,30.283518,280.1716,2.149408487542814,True,0.23844232,0.6377370647364518,0.1979788642042859,0.1646906382525821,0.3370521276954137,True,4781,1055.0827270507812,197.3334903974839,0.187031296540206,Low,0.23844231317486791,0.6377370647364518,0.19797886420428593,0.1646906382525823,0.30971222009204696,0.187031296540206,0.26091327245941465,4777,66
CAND_01027,Co21.34Fe16.64Mo20.76Ti41.26,4,0.0,21.34,0.0,0.0,16.64,0.0,20.76,0.0,0.0,41.26,0.0,0.0,100.0,True,631.7312,1122.9979,43.16671,294.787,1.7776514725199812,True,0.22884364,0.4338756430351514,0.4284031399261906,0.1960101802690498,0.3353181041713231,True,4794,955.2342651367188,222.98534310625752,0.2334352433163005,Medium,0.2288436356533959,0.43387564303515147,0.4284031399261906,0.1960101802690498,0.3217831497209469,0.2334352433163005,0.2608836997844963,4778,67
CAND_00144,Cu43.22Fe22.02Mo17.05Ni17.71,4,0.0,0.0,0.0,43.22,22.02,0.0,17.05,0.0,17.71,0.0,0.0,0.0,100.0,True,738.812,1220.4905,38.445007,232.6833333333334,1.6519635315087633,True,0.318146,0.5104388143267117,0.3439524079997437,0.0629273773664018,0.3440026529946531,True,4720,1123.475850423177,206.8065499817791,0.1840774324645089,Low,0.318145963096681,0.5104388143267117,0.3439524079997437,0.06292737736640182,0.30886614069738455,0.1840774324645089,0.2608496135717394,4779,68
CAND_04682,Fe23.68Mn17.73Mo28.85Nb9.69W20.05,5,0.0,0.0,0.0,0.0,23.68,17.73,28.85,9.69,0.0,0.0,0.0,20.05,100.0,True,838.5152,1220.6107,29.846085,265.7786666666668,1.4556810696688576,True,0.4012956,0.5105332101392065,0.1901550902357026,0.1338478231210397,0.3411645957257955,True,4748,879.8946655273437,164.20211450123008,0.186615649502568,Low,0.40129558294957096,0.5105332101392065,0.19015509023570265,0.13384782312103982,0.30895792661137994,0.186615649502568,0.26036899710609396,4782,69
CAND_02981,Fe12.90Mo24.31Ni18.65Ti36.31V7.83,5,0.0,0.0,0.0,0.0,12.9,0.0,24.31,0.0,18.65,36.31,7.83,0.0,100.0,True,937.513,712.86676,47.590393,279.877,0.7603806663253954,False,0.48385698,0.1117902670802292,0.5075235901452281,0.164059335853876,0.3301839768085988,True,4829,1071.973067220052,233.2454492824733,0.2175851767314907,High,0.48385691935875774,0.11179026708022921,0.5075235901452281,0.16405933585387603,0.3168075281095228,0.2175851767314907,0.26019331884440894,4784,70
CAND_03578,Cr14.92Cu11.89Nb8.46Ti25.91V14.14W24.68,6,0.0,0.0,14.92,11.89,0.0,0.0,0.0,8.46,0.0,25.91,14.14,24.68,100.0,True,1058.9153,968.16315,24.60041,310.126,0.9142970786779016,False,0.585103,0.312280368253928,0.096332777989832,0.2288803346945596,0.3276302507686025,True,4852,1209.678621419271,212.3288642013187,0.1755250199860531,Medium,0.5851029685754978,0.312280368253928,0.09633277798983207,0.22888033469455962,0.3056491123784544,0.1755250199860531,0.26001072472458364,4786,71
CAND_01718,Co17.63Ni7.05Ti31.95V43.37,4,0.0,17.63,0.0,0.0,0.0,0.0,0.0,0.0,7.05,31.95,43.37,0.0,100.0,True,769.0267,847.21747,44.062813,319.3066,1.1016750139451368,True,0.34334415,0.2172989561794298,0.4444305254333867,0.2485535689157498,0.3165836021218877,True,4908,1167.266023763021,242.1926956128713,0.2074871457597067,High,0.3433441595333963,0.21729895617942988,0.44443052543338674,0.2485535689157498,0.3134068025154907,0.2074871457597067,0.25955291003806635,4789,72
CAND_04320,Co8.24Cu15.68Mn19.27Ni8.20Ti19.98V28.63,6,0.0,8.24,0.0,15.68,0.0,19.27,0.0,0.0,8.2,19.98,28.63,0.0,100.0,True,826.1291,878.9019,41.452995,296.01,1.0638796179973564,True,0.39096594,0.2421814646094588,0.3977522315434882,0.1986309638183293,0.3191769308624743,True,4898,1252.3292846679688,231.07045548625985,0.1845125386072272,High,0.390965929473455,0.24218146460945883,0.39775223154348827,0.19863096381832934,0.3073826473611828,0.1845125386072272,0.25950138756877095,4791,73
CAND_02421,Fe18.19Mn27.34Ni17.68V29.01W7.78,5,0.0,0.0,0.0,0.0,18.19,27.34,0.0,0.0,17.68,0.0,29.01,7.78,100.0,True,862.67725,931.798,45.14318,213.02533333333332,1.0801235389240096,True,0.42144606,0.2837219832227228,0.4637535925342145,0.0208019783379988,0.3306091093834646,True,4825,1278.4269856770834,187.6069690620141,0.1467482861077539,Low,0.4214460422363994,0.2837219832227228,0.4637535925342145,0.020801978337998763,0.2974308990828338,0.1467482861077539,0.2593689501750743,4793,74
CAND_04935,Co24.81Fe8.51Mn20.71Ni20.07Ti15.06V10.84,6,0.0,24.81,0.0,0.0,8.51,20.71,0.0,0.0,20.07,15.06,10.84,0.0,100.0,True,722.49194,863.1038,51.809456,264.57093333333336,1.194620656926389,True,0.3045355,0.2297748549141466,0.5829842784591247,0.131259754722089,0.3257281477045498,True,4860,1143.9300944010415,232.93067504026348,0.2036231725875043,High,0.3045354993906379,0.22977485491414662,0.5829842784591247,0.131259754722089,0.31213859687149953,0.2036231725875043,0.2593324920792906,4794,75
CAND_02843,Co5.95Cr9.09Cu11.04Fe43.13Mo21.08Nb9.71,6,0.0,5.95,9.09,11.04,43.13,0.0,21.08,9.71,0.0,0.0,0.0,0.0,100.0,True,872.68335,1208.9106,27.793446,262.07566666666673,1.38527978165405,True,0.42979085,0.5013448536851948,0.1534423054775825,0.1259126134047828,0.3365881838021158,True,4784,839.4533081054688,140.7310006036551,0.1676460134766348,Low,0.42979084371930065,0.5013448536851948,0.15344230547758259,0.12591261340478285,0.3026226540717152,0.1676460134766348,0.2591732858922408,4799,76
CAND_03898,Co12.20Fe34.77Mn17.46Mo35.57,4,0.0,12.2,0.0,0.0,34.77,17.46,35.57,0.0,0.0,0.0,0.0,0.0,100.0,True,568.40485,1233.4327,42.502098,268.6646666666667,2.16998976744236,True,0.17603128,0.5206026203539346,0.4165161216518306,0.1400322722814816,0.3341240410815198,True,4807,930.0833740234376,194.52243937052845,0.2091451635449045,Low,0.17603126925822452,0.5206026203539346,0.41651612165183066,0.1400322722814816,0.31329557088636784,0.2091451635449045,0.25910501098798205,4801,77
CAND_01292,Al5.40Co10.48Cr9.29Cu31.76Mn16.30Ni26.77,6,5.4,10.48,9.29,31.76,0.0,16.3,0.0,0.0,26.77,0.0,0.0,0.0,100.0,True,535.56616,1241.6077,42.287582,274.1546,2.3183087129885456,True,0.14864475,0.5270226350556504,0.4126793633445137,0.1517967260563312,0.3286395638662384,True,4841,1089.490653483073,217.3907122473618,0.1995342608514992,Medium,0.148644740140133,0.5270226350556504,0.4126793633445137,0.1517967260563314,0.31003586614915707,0.1995342608514992,0.25846353561346014,4806,78
CAND_04054,Co21.42Cu6.92Fe27.62Mn26.60Ni17.44,5,0.0,21.42,0.0,6.92,27.62,26.6,0.0,0.0,17.44,0.0,0.0,0.0,100.0,True,418.43066,1378.4546,53.398438,220.60766666666677,3.294344125300777,True,0.050957087,0.6344916393228358,0.6114042559371553,0.037050264899858,0.3640432219305961,True,4472,732.2962748209635,213.9437290022723,0.2921546051215113,Medium,0.0509570802026567,0.6344916393228358,0.6114042559371553,0.03705026489985815,0.3334758100906265,0.2921546051215113,0.258077329731969,4811,79
CAND_03023,Co19.66Cu10.69Mn23.74Ti34.07V11.84,5,0.0,19.66,0.0,10.69,0.0,23.74,0.0,0.0,0.0,34.07,11.84,0.0,100.0,True,584.1533,847.6087,55.459778,292.3296,1.451003821302533,True,0.18916506,0.21760619805732,0.648272663744521,0.1907441839534328,0.3127111719070555,True,4925,1148.4744262695312,239.09319637454428,0.2081833003031382,High,0.1891650265576115,0.21760619805732004,0.648272663744521,0.19074418395343298,0.3114470180782214,0.2081833003031382,0.257781263819884,4812,80
CAND_02151,Cu39.34Mn18.90Mo29.52W12.24,4,0.0,0.0,0.0,39.34,0.0,18.9,29.52,0.0,0.0,0.0,0.0,12.24,100.0,True,530.658,1272.9889,39.186363,296.041,2.3988875169608237,True,0.1445515,0.551667010022927,0.3572120426735178,0.1986973941454165,0.3279731752356629,True,4847,1151.2458089192708,248.2449086650209,0.2156315417105059,High,0.14455147494726903,0.551667010022927,0.3572120426735178,0.19869739414541657,0.3130319804472826,0.2156315417105059,0.2575056418878517,4815,81
CAND_00156,Fe22.10Mo26.86Ni21.46V29.58,4,0.0,0.0,0.0,0.0,22.1,0.0,26.86,0.0,21.46,0.0,29.58,0.0,100.0,True,1078.7278,759.4,42.079292,238.45866666666677,0.703977418422535,False,0.60162604,0.1483338860305011,0.4089539611002473,0.0753034187332094,0.3385219804595927,True,4770,1040.264668782552,206.57081712030848,0.1985752504332032,Low,0.601626027447584,0.1483338860305011,0.40895396110024734,0.07530341873320946,0.3085543233278855,0.1985752504332032,0.257434252222682,4816,82
CAND_02120,Fe15.71Mn21.89Mo34.82Ni27.58,4,0.0,0.0,0.0,0.0,15.71,21.89,34.82,0.0,27.58,0.0,0.0,0.0,100.0,True,629.35815,1198.7683,43.7174,239.558,1.9047473871841312,True,0.22686459,0.4933798732437008,0.4382525890687086,0.0776591952787322,0.3372853659043621,True,4780,1080.5473347981772,216.72098866196717,0.2005659369864124,Medium,0.22686457976159008,0.49337987324370086,0.4382525890687086,0.07765919527873222,0.30903905933818293,0.2005659369864124,0.2574111507060695,4817,83
CAND_04491,Fe6.59Mo42.33Ti25.75V25.33,4,0.0,0.0,0.0,0.0,6.59,0.0,42.33,0.0,0.0,25.75,25.33,0.0,100.0,True,1033.7408,783.84875,34.141983,313.764,0.758264272906173,False,0.5641082,0.1675340492645776,0.2669900225432534,0.236676255015311,0.3217416165436888,True,4887,1159.9384847005208,234.34397792244368,0.2020313844341046,High,0.5641081549186988,0.16753404926457768,0.26699002254325344,0.236676255015311,0.30882712043546023,0.2020313844341046,0.2569210125747679,4820,84
CAND_04246,Fe43.08Mo9.09Ni11.44W36.39,4,0.0,0.0,0.0,0.0,43.08,0.0,9.09,0.0,11.44,0.0,0.0,36.39,100.0,True,629.8313,1256.0818,37.80114,250.4350000000001,1.9943146717812967,True,0.22725919,0.5383894772322994,0.3324364275551275,0.1009676684312371,0.3279488599705266,True,4848,840.9844848632813,140.83773802388288,0.1674677007231338,Low,0.22725917334166973,0.5383894772322994,0.33243642755512753,0.10096766843123717,0.2997631866400834,0.1674677007231338,0.2567635802295935,4821,85
CAND_01128,Cu15.67Fe14.93Ti31.82V25.16W12.42,5,0.0,0.0,0.0,15.67,14.93,0.0,0.0,0.0,0.0,31.82,25.16,12.42,100.0,True,906.775,874.37463,36.99082,300.04,0.964268541212856,False,0.45822233,0.2386260958071791,0.3179433268466251,0.2072669063396674,0.3196303952897241,True,4896,1228.5576212565104,233.91412831748383,0.1903973605065813,High,0.4582223056749629,0.2386260958071791,0.3179433268466251,0.20726690633966746,0.30551465866710864,0.1903973605065813,0.25664930787236867,4823,86
CAND_01844,Mn20.50Mo24.61Nb11.97Ni20.83W22.09,5,0.0,0.0,0.0,0.0,0.0,20.5,24.61,11.97,20.83,0.0,0.0,22.09,100.0,True,760.00745,1265.592,27.98871,261.656,1.6652363160118864,True,0.33582237,0.5458580550691506,0.1569347292320808,0.1250133039230321,0.3224898079959212,True,4882,1095.7608561197917,146.86499487820822,0.1340301527089342,Low,0.3358223627519672,0.5458580550691506,0.15693472923208088,0.12501330392303214,0.2909071127440577,0.1340301527089342,0.25652502453232684,4824,87
CAND_04960,Co6.36Fe19.46Mn18.06Nb12.76Ti43.36,5,0.0,6.36,0.0,0.0,19.46,18.06,0.0,12.76,0.0,43.36,0.0,0.0,100.0,True,753.93243,1295.2211,33.31627,241.58366666666672,1.7179538131650058,True,0.33075598,0.5691264657845767,0.2522216080090944,0.0820000242863561,0.3453201405175286,True,4702,1172.5149007161458,238.0389092738308,0.203015679483853,High,0.330755969661287,0.5691264657845767,0.25222160800909443,0.08200002428635611,0.30852601693532855,0.203015679483853,0.2564605118594131,4826,88
CAND_02934,Co18.84Fe15.85Mn18.23Ti24.08V14.53W8.47,6,0.0,18.84,0.0,0.0,15.85,18.23,0.0,0.0,0.0,24.08,14.53,8.47,100.0,True,604.6529,1060.8196,44.894966,277.799,1.7544273948979436,True,0.20626111,0.385045600206075,0.4593141235599077,0.1596063610252555,0.3161614998364513,True,4911,1226.3849487304688,221.446622533308,0.1805686075669352,Medium,0.20626110719631027,0.38504560020607503,0.4593141235599077,0.1596063610252555,0.3025567979968872,0.1805686075669352,0.2562805719698361,4830,89
CAND_00331,Co19.30Fe40.89Mn14.13Ni25.68,4,0.0,19.3,0.0,0.0,40.89,14.13,0.0,0.0,25.68,0.0,0.0,0.0,100.0,True,379.3023,1253.1422,53.937916,245.22400000000005,3.303808535955249,True,0.018325154,0.5360809420375392,0.6210531711607973,0.0898009447392537,0.3350552635132239,True,4798,906.736991373698,212.4064952294497,0.2342537000808314,Medium,0.018325146027354165,0.5360809420375392,0.6210531711607973,0.08980094473925379,0.31631505099123614,0.2342537000808314,0.2562804154206875,4831,90
CAND_03017,Mn18.35Mo29.19Nb32.83V12.20W7.43,5,0.0,0.0,0.0,0.0,0.0,18.35,29.19,32.83,0.0,0.0,12.2,7.43,100.0,True,888.69244,898.20874,36.524796,303.794,1.0107081996907077,True,0.44314203,0.2573435681744345,0.3096081842306472,0.2153114046585515,0.3198444441483196,True,4894,1124.760168457031,224.3121846883033,0.1994311240555569,Medium,0.44314196733108746,0.25734356817443454,0.30960818423064723,0.21531140465855153,0.3063512810986802,0.1994311240555569,0.2554138165623341,4838,91
CAND_02195,Cu39.54Mn20.02Ni6.28Ti9.48V12.81W11.87,6,0.0,0.0,0.0,39.54,0.0,20.02,0.0,0.0,6.28,9.48,12.81,11.87,100.0,True,826.7021,1026.2188,33.411255,292.188,1.2413405211357045,True,0.39144382,0.3578727996322365,0.2539204765681785,0.1904407473626087,0.3168412242289681,True,4906,1249.9934895833333,212.5438805110061,0.1700359900129195,Medium,0.3914437951003928,0.3578727996322365,0.2539204765681785,0.19044074736260871,0.2984194546658541,0.1700359900129195,0.2550515174003827,4839,92
CAND_00629,Cr16.17Cu20.34Fe23.35Mn23.59Ti16.55,5,0.0,0.0,16.17,20.34,23.35,23.59,0.0,0.0,0.0,16.55,0.0,0.0,100.0,True,805.43744,1412.5077,29.516838,217.65900000000005,1.7537149773114211,True,0.3737097,0.661234318544732,0.1842662933048947,0.0307315264760568,0.3611595148670675,True,4506,871.7372192382812,196.3785259980416,0.225272618472842,Low,0.3737096762827325,0.661234318544732,0.1842662933048947,0.030731526476056828,0.312485453652104,0.225272618472842,0.2550334096599501,4840,93
CAND_03727,Cr14.81Cu14.60Fe27.07Mo15.19Ni28.33,5,0.0,0.0,14.81,14.6,27.07,0.0,15.19,0.0,28.33,0.0,0.0,0.0,100.0,True,689.0041,1223.6438,42.25835,227.51186666666672,1.77596014146253,True,0.2766076,0.5129151730250505,0.4121565299948359,0.0518453701990695,0.3476727767469594,True,4682,1038.2613972981771,237.9075206781457,0.2291402928946815,High,0.27660759772154,0.5129151730250505,0.4121565299948359,0.05184537019906952,0.313381167735124,0.2291402928946815,0.2549596409349636,4841,94
CAND_02045,Mo6.17Ni20.32Ti38.49V35.02,4,0.0,0.0,0.0,0.0,0.0,0.0,6.17,0.0,20.32,38.49,35.02,0.0,100.0,True,940.60077,652.2446,47.048668,280.212,0.6934340492445462,False,0.48643208,0.0641822966276577,0.4978344858638164,0.1647772119691733,0.3143595268207028,True,4918,1180.0835693359377,226.068030432768,0.1915695094034586,Medium,0.4864320313079544,0.06418229662765775,0.4978344858638164,0.1647772119691733,0.30330650644215046,0.1915695094034586,0.25454369556165996,4848,95
CAND_04628,Cu20.71Ti34.17V17.02W28.10,4,0.0,0.0,0.0,20.71,0.0,0.0,0.0,0.0,0.0,34.17,17.02,28.1,100.0,True,854.1073,900.68164,34.371315,314.488,1.0545298467838442,True,0.41429898,0.2592855931720949,0.2710917746556069,0.238227724589864,0.305582479202802,True,4944,1083.4430501302083,178.82138800505703,0.1650491809270143,Low,0.41429894881654655,0.2592855931720949,0.27109177465560697,0.23822772458986405,0.29572601030852813,0.1650491809270143,0.2538313533452921,4851,96
CAND_00579,Cr12.59Cu26.53Fe30.34Ti30.54,4,0.0,0.0,12.59,26.53,30.34,0.0,0.0,0.0,0.0,30.54,0.0,0.0,100.0,True,828.8845,1240.6461,33.160217,256.1303333333334,1.496765915930289,True,0.3932639,0.5262674685556906,0.2494304985154821,0.1131722766958841,0.3551928830424476,True,4590,850.311279296875,224.54888343251503,0.2640784485632075,Medium,0.3932638543398851,0.5262674685556906,0.2494304985154821,0.1131722766958841,0.32053352452673545,0.2640784485632075,0.2535709115926027,4852,97
CAND_04295,Fe32.76Mo15.76Ni23.58W27.90,4,0.0,0.0,0.0,0.0,32.76,0.0,15.76,0.0,23.58,0.0,0.0,27.9,100.0,True,599.6595,1229.297,44.434814,238.0818666666667,2.049991755371421,True,0.20209676,0.5173547604393307,0.4510840054865308,0.0744959688220331,0.3397808536536889,True,4757,916.445263671875,210.9080795085989,0.2301371264264753,Medium,0.20209675427911777,0.5173547604393307,0.4510840054865308,0.07449596882203312,0.31125787225675305,0.2301371264264753,0.2530269720099833,4855,98
CAND_02501,Cr13.22Cu13.87Fe24.14Mo32.21Ni16.56,5,0.0,0.0,13.22,13.87,24.14,0.0,32.21,0.0,16.56,0.0,0.0,0.0,100.0,True,813.11554,1099.853,38.000847,235.7513333333334,1.3526404877314626,True,0.380113,0.4156994230633173,0.336008317256965,0.0695018368342592,0.3331710894102765,True,4812,948.0990152994792,177.6326380124482,0.1873566316871859,Low,0.38011299228655654,0.41569942306331736,0.336008317256965,0.0695018368342592,0.30033064236027457,0.1873566316871859,0.2529405524383325,4857,99
CAND_04027,Co6.46Fe31.53Mo23.56W38.45,4,0.0,6.46,0.0,0.0,31.53,0.0,23.56,0.0,0.0,0.0,0.0,38.45,100.0,True,612.1956,1204.3307,40.377106,265.1096666666667,1.9672318213780704,True,0.21255153,0.4977481533387252,0.3785092563877842,0.1324142138042219,0.3275793583824232,True,4854,868.492724609375,182.64088966351983,0.2102963956844507,Low,0.21255150346909177,0.49774815333872524,0.3785092563877842,0.13241421380422197,0.30530578174995576,0.2102963956844507,0.2522570362421829,4858,100
CAND_02873,Cr13.99Fe42.57Mn35.65W7.79,4,0.0,0.0,13.99,0.0,42.57,35.65,0.0,0.0,0.0,0.0,0.0,7.79,100.0,True,525.002,1423.2535,38.955086,221.39766666666677,2.7109486470766657,True,0.13983455,0.6696732413559489,0.3530755029699928,0.0387431667836935,0.3369326905579463,True,4782,844.2922729492187,161.15442228053695,0.190875159519824,Low,0.13983453256339418,0.6696732413559489,0.35307550296999285,0.03874316678369364,0.3003316109182574,0.190875159519824,0.2521940343766637,4860,101
CAND_04634,Co17.68Nb13.24Ni12.24Ti34.09V22.75,5,0.0,17.68,0.0,0.0,0.0,0.0,0.0,13.24,12.24,34.09,22.75,0.0,100.0,True,841.0796,848.9206,40.630623,308.9326,1.009322554311069,True,0.40343425,0.2186364631689018,0.3830435729692797,0.2263229813930795,0.3163305579058472,True,4909,1138.1602132161458,251.4105221393853,0.2208920319125936,High,0.40343421927368844,0.21863646316890184,0.38304357296927977,0.22632298139307952,0.30785930920123744,0.2208920319125936,0.2521593238011056,4861,102
CAND_00295,Fe31.42Mo28.58Nb8.71Ni31.29,4,0.0,0.0,0.0,0.0,31.42,0.0,28.58,8.71,31.29,0.0,0.0,0.0,100.0,True,833.60126,1207.666,34.82606,236.27766666666676,1.448733419472631,True,0.3971975,0.5003674408047354,0.2792251850140924,0.0706297237855572,0.3496702459648502,True,4662,997.132853190104,237.23883946144605,0.2379209938800565,High,0.3971974974018663,0.5003674408047354,0.2792251850140924,0.07062972378555725,0.31185496175156285,0.2379209938800565,0.2519183076248716,4863,103
CAND_04109,Cr25.60Cu33.49Fe25.00V15.91,4,0.0,0.0,25.6,33.49,25.0,0.0,0.0,0.0,0.0,0.0,15.91,0.0,100.0,True,982.91223,970.5104,34.92518,249.0163333333334,0.987382564741232,False,0.52171856,0.3141237174292923,0.2809980107400114,0.0979275880862565,0.3356913246215258,True,4791,873.6367594401041,182.4640086167725,0.2088556904745056,Low,0.5217185799284678,0.3141237174292923,0.28099801074001146,0.09792758808625655,0.303691974046007,0.2088556904745056,0.2512226864124703,4866,104
CAND_00989,Cr8.55Cu16.67Fe22.19Mn7.61Mo29.13V15.85,6,0.0,0.0,8.55,16.67,22.19,7.61,29.13,0.0,0.0,0.0,15.85,0.0,100.0,True,1078.4451,785.7569,34.529846,266.17666666666673,0.7286016905760088,False,0.60139024,0.1690325631548625,0.2739272047923672,0.1347007028042884,0.3198137513184058,True,4895,1177.7120442708333,204.6643038297036,0.173781277711581,Low,0.6013902637255328,0.16903256315486256,0.2739272047923672,0.13470070280428842,0.2947626836192628,0.173781277711581,0.25112232510126237,4867,105
CAND_02714,Cr16.55Fe7.10Ti37.46V31.19W7.70,5,0.0,0.0,16.55,0.0,7.1,0.0,0.0,0.0,0.0,37.46,31.19,7.7,100.0,True,1010.05725,753.83954,35.218742,307.661,0.7463334769105007,False,0.54435676,0.1439671294619014,0.2862485582153168,0.2235980522342375,0.3115990271573295,True,4929,1274.637284342448,247.3313349370046,0.1940405619506073,High,0.5443567509590775,0.1439671294619014,0.2862485582153168,0.2235980522342375,0.2995426227176333,0.1940405619506073,0.2508646961107375,4869,106
CAND_03882,Al7.95Co27.21Cr24.57Cu14.08Fe26.19,5,7.95,27.21,24.57,14.08,26.19,0.0,0.0,0.0,0.0,0.0,0.0,0.0,100.0,True,524.77344,1202.755,45.24069,259.99466666666666,2.291950990754939,True,0.13964392,0.4965107200463102,0.4654976223620431,0.1214532098348312,0.325438779814076,True,4863,691.3652323404948,151.9415686342614,0.2197703348776884,Low,0.1396439200543316,0.49651072004631025,0.4654976223620431,0.1214532098348312,0.305776368074379,0.2197703348776884,0.25068355847909723,4870,107
CAND_03611,Co7.93Cu44.15Mn20.19Ti10.35V10.83W6.55,6,0.0,7.93,0.0,44.15,0.0,20.19,0.0,0.0,0.0,10.35,10.83,6.55,100.0,True,763.51715,1069.2673,33.24495,292.5253333333333,1.4004496150075163,True,0.33874938,0.3916797724624279,0.2509460033806385,0.1911636236100524,0.3105397927815085,True,4933,1222.0978556315104,207.5812382353876,0.169856478578077,Low,0.3387493522648183,0.3916797724624279,0.2509460033806385,0.1911636236100524,0.29313468792948427,0.169856478578077,0.25057320560021185,4872,108
CAND_01189,Cu39.86Mo21.69V12.13W26.32,4,0.0,0.0,0.0,39.86,0.0,0.0,21.69,0.0,0.0,0.0,12.13,26.32,100.0,True,935.9293,826.8011,34.839554,314.466,0.8834012154478083,False,0.48253617,0.2012655132980022,0.2794665339885229,0.2381805804867699,0.3107342365523828,True,4931,1086.0481323242188,217.0383428302628,0.1998422872527625,Medium,0.4825361588118442,0.20126551329800224,0.2794665339885229,0.2381805804867699,0.3003621966462848,0.1998422872527625,0.2503347313537463,4873,109
CAND_00459,Co14.09Cu6.92Ni12.88Ti42.84V12.76W10.51,6,0.0,14.09,0.0,6.92,0.0,0.0,0.0,0.0,12.88,42.84,12.76,10.51,100.0,True,788.7829,751.0912,45.229355,308.268,0.952215371241929,False,0.35982028,0.1418087951248599,0.4652948885080954,0.2248988008968806,0.3005472711992328,True,4957,1252.8229614257812,239.05343379892392,0.1908118235052684,High,0.35982026581421445,0.1418087951248599,0.4652948885080954,0.22489880089688066,0.2979556875860126,0.1908118235052684,0.2502122348004167,4874,110
CAND_00922,Co6.10Cr8.75Cu21.37Fe30.32Mo21.26W12.20,6,0.0,6.1,8.75,21.37,30.32,0.0,21.26,0.0,0.0,0.0,0.0,12.2,100.0,True,697.9229,1213.0615,36.735657,265.3786666666668,1.7381024151865243,True,0.28404564,0.504604650507868,0.3133795704836036,0.1329906576102368,0.3348885774109668,True,4800,819.7467814127605,192.04905047335788,0.2342785050554007,Low,0.28404562207325545,0.504604650507868,0.3133795704836036,0.13299065761023696,0.308755125168741,0.2342785050554007,0.25015028934242234,4876,111
CAND_00860,Co7.29Cu11.65Mn12.55Mo21.84Ni11.91Ti34.76,6,0.0,7.29,0.0,11.65,0.0,12.55,21.84,0.0,11.91,34.76,0.0,0.0,100.0,True,766.3022,877.79956,42.325996,304.795,1.145500531142138,True,0.34107202,0.2413157717646528,0.4133664227415624,0.2174564613493355,0.3106764162718849,True,4932,1089.7305013020834,231.9148048364902,0.2128184946272337,High,0.34107200438402097,0.24131577176465285,0.4133664227415624,0.21745646134933558,0.3033026650598929,0.2128184946272337,0.2500808376550315,4877,112
CAND_02303,Cr7.31Cu32.17Mo37.37Ni23.15,4,0.0,0.0,7.31,32.17,0.0,0.0,37.37,0.0,23.15,0.0,0.0,0.0,100.0,True,697.3922,1166.5841,37.050987,275.4664,1.6727805101209745,True,0.28360307,0.4681048839882925,0.3190194528096131,0.1546078003490091,0.3284584201011752,True,4843,1130.4368611653647,255.73352139624288,0.2262253914231068,High,0.2836030334376256,0.46810488398829253,0.3190194528096131,0.15460780034900914,0.30633379264613514,0.2262253914231068,0.24981850383200493,4878,113
CAND_00543,Cu9.98Fe18.66Nb17.50Ni9.59Ti33.87V10.40,6,0.0,0.0,0.0,9.98,18.66,0.0,0.0,17.5,9.59,33.87,10.4,0.0,100.0,True,998.80786,789.852,39.957687,252.425,0.7907947369874779,False,0.5349751,0.1722485389597551,0.3710076745360967,0.1052320668474808,0.3207038297548956,True,4890,1203.385233561198,223.34256212223812,0.1855952324271894,Medium,0.5349750811422923,0.17224853895975512,0.37100767453609673,0.10523206684748086,0.2958658403714063,0.1855952324271894,0.2495504640025416,4880,114
CAND_03419,Cr16.54Cu25.32Fe12.95Ni20.08Ti13.38V11.73,6,0.0,0.0,16.54,25.32,12.95,0.0,0.0,0.0,20.08,13.38,11.73,0.0,100.0,True,1043.2893,952.46686,29.20751,273.545,0.9129460581427103,False,0.5720713,0.2999537122829928,0.1787337606561143,0.1504904058178679,0.3288645118592485,True,4839,1253.3237711588542,256.8434774251219,0.2049298699470433,High,0.5720713310771903,0.2999537122829928,0.17873376065611438,0.15049040581786793,0.30031230245854135,0.2049298699470433,0.24923633312513044,4882,115
CAND_00513,Cr19.84Cu27.72Mo17.68Nb7.03Ti18.14V9.59,6,0.0,0.0,19.84,27.72,0.0,0.0,17.68,7.03,0.0,18.14,9.59,0.0,100.0,True,1157.3915,961.6131,19.214373,308.61,0.8308451522573101,False,0.6672293,0.3071364639974175,0.0,0.2256316774086171,0.326154494144754,True,4858,1076.1091756184896,220.0159532610477,0.2044550480991804,Medium,0.6672293054890288,0.3071364639974175,0.0,0.22563167740861714,0.29999936172376584,0.2044550480991804,0.24907476804320097,4883,116
CAND_04466,Fe18.00Ni9.90Ti27.16V44.94,4,0.0,0.0,0.0,0.0,18.0,0.0,0.0,0.0,9.9,27.16,44.94,0.0,100.0,True,940.5136,871.1673,37.110413,263.26,0.9262676158637192,False,0.4863594,0.2361073061125913,0.3200823255052191,0.1284505376213512,0.3160281731243726,True,4912,1230.2774169921877,219.9391564988135,0.1787720017136672,Medium,0.48635933401877435,0.23610730611259137,0.32008232550521915,0.12845053762135128,0.2927498758144841,0.1787720017136672,0.24835156874178566,4884,117
CAND_00030,Co12.96Cu17.24Fe29.78W40.02,4,0.0,12.96,0.0,17.24,29.78,0.0,0.0,0.0,0.0,0.0,0.0,40.02,100.0,True,538.84784,1281.1782,39.419083,271.7666666666667,2.3776251966277786,True,0.15138158,0.5580982548421027,0.3613743913714182,0.1466795908177572,0.3251894905048951,True,4864,877.12724609375,199.65694178729763,0.2276259718033632,Low,0.1513815674884913,0.5580982548421027,0.36137439137141825,0.14667959081775728,0.30438345112994236,0.2276259718033632,0.2479447796976858,4888,118
CAND_00300,Cu21.52Fe25.06Nb11.18Ti22.41V19.83,5,0.0,0.0,0.0,21.52,25.06,0.0,0.0,11.18,0.0,22.41,19.83,0.0,100.0,True,1041.269,1157.4706,24.160269,263.2463333333334,1.111596093071152,True,0.5703865,0.4609478437455907,0.0884605696783736,0.1284212511330656,0.3507786478643382,True,4651,827.5502909342448,214.0107994451789,0.2586076058333277,Medium,0.5703864586058074,0.4609478437455907,0.08846056967837362,0.12842125113306563,0.3120540307907093,0.2586076058333277,0.24793591691677203,4889,119
CAND_01475,Co19.16Nb23.80Ni9.49Ti36.82V10.73,5,0.0,19.16,0.0,0.0,0.0,0.0,0.0,23.8,9.49,36.82,10.73,0.0,100.0,True,796.05914,835.96,43.080666,315.7526,1.0501229805362151,True,0.36588848,0.2084582072003319,0.4268641869725891,0.240937653352267,0.315160707268197,True,4916,1125.6205485026042,285.59588232623344,0.2537230532137648,High,0.36588844206089843,0.20845820720033195,0.4268641869725891,0.240937653352267,0.3105371223965216,0.2537230532137648,0.24769196163418855,4890,120
CAND_02543,Cu28.43Fe14.44Mo21.75V14.11W21.27,5,0.0,0.0,0.0,28.43,14.44,0.0,21.75,0.0,0.0,0.0,14.11,21.27,100.0,True,959.41754,830.9494,33.900887,308.249,0.8660977770924119,False,0.5021247,0.2045232682811371,0.2626778636326783,0.2248580855351176,0.3113925772544708,True,4930,1079.2463216145834,225.6202117054748,0.209053491484632,Medium,0.5021246798123081,0.2045232682811371,0.26267786363267837,0.22485808553511763,0.2985459743153103,0.209053491484632,0.24692536469062012,4892,121
CAND_02818,Fe27.42Nb5.51Ni28.93W38.14,4,0.0,0.0,0.0,0.0,27.42,0.0,0.0,5.51,28.93,0.0,0.0,38.14,100.0,True,610.00165,1263.583,42.75523,236.16866666666675,2.0714419448669923,True,0.21072182,0.544280341364472,0.4210435522576958,0.0703961461838634,0.3423209645396736,True,4733,919.68037109375,241.60541227790085,0.2627058485444963,High,0.21072181185963246,0.544280341364472,0.42104355225769585,0.07039614618386347,0.3116104629164159,0.2627058485444963,0.24677993158549555,4894,122
CAND_00458,Cr11.46Cu33.35Mo18.87Nb10.78Ni25.54,5,0.0,0.0,11.46,33.35,0.0,0.0,18.87,10.78,25.54,0.0,0.0,0.0,100.0,True,831.4461,1298.1082,25.403673,268.2976,1.5612655958089068,True,0.3954002,0.571393771527124,0.1106996596593131,0.1392456800644015,0.3385999587668992,True,4768,1084.6238606770833,252.3135694707338,0.2326277141950624,High,0.3954001555440106,0.571393771527124,0.1106996596593131,0.13924568006440155,0.3041848166987123,0.2326277141950624,0.24677752511621306,4895,123
CAND_03247,Co16.61Mn20.62Ti38.21V24.56,4,0.0,16.61,0.0,0.0,0.0,20.62,0.0,0.0,0.0,38.21,24.56,0.0,100.0,True,716.1086,842.9325,44.736847,295.49859999999995,1.1771015202523745,True,0.29921198,0.2139338711156486,0.4564860623113544,0.1975350777127679,0.2976955352233866,True,4968,1234.1413208007812,226.59359824109683,0.183604255381442,Medium,0.29921197622997964,0.21393387111564863,0.4564860623113544,0.1975350777127679,0.2917917468424377,0.183604255381442,0.24652813262182932,4896,124
CAND_03944,Fe19.18Mo25.47Ni10.10V12.04W33.21,5,0.0,0.0,0.0,0.0,19.18,0.0,25.47,0.0,10.1,0.0,12.04,33.21,100.0,True,1005.8514,797.58923,36.65438,254.21166666666667,0.7929493823233668,False,0.5408492,0.1783247628558477,0.3119258784282613,0.1090607394623999,0.310092775012948,True,4935,1182.0076822916667,189.58889161874632,0.1603956509412637,Low,0.5408491922382112,0.17832476285584778,0.3119258784282613,0.10906073946239996,0.28504014324618004,0.1603956509412637,0.24564047875823009,4898,125
CAND_00031,Cr12.07Cu14.60Fe31.98Nb12.70Ni15.91V12.74,6,0.0,0.0,12.07,14.6,31.98,0.0,0.0,12.7,15.91,0.0,12.74,0.0,100.0,True,1237.9921,823.93787,30.166409,238.7533333333334,0.6655437405521853,False,0.7344479,0.199016953213061,0.1958842935027458,0.075934863992834,0.3404007698036269,True,4753,961.4869873046875,218.55801871712285,0.2273125082324838,Medium,0.7344479027849515,0.19901695321306104,0.1958842935027458,0.07593486399283407,0.3013210033733981,0.2273125082324838,0.24551285948136067,4899,126
CAND_02667,Cu18.54Fe9.99Ni12.64Ti42.16V16.67,5,0.0,0.0,0.0,18.54,9.99,0.0,0.0,0.0,12.64,42.16,16.67,0.0,100.0,True,893.7517,843.8983,34.15468,308.873,0.9442200686351396,False,0.44736126,0.2146923359717852,0.2672171166538465,0.2261952637319699,0.2993496506907875,True,4963,1309.336279296875,231.42769425066112,0.1767519146226818,High,0.44736124560637786,0.21469233597178525,0.2672171166538465,0.2261952637319699,0.2888664904909949,0.1767519146226818,0.2454778164381556,4900,127
CAND_03213,Cu33.61Fe18.47Nb7.31Ti40.61,4,0.0,0.0,0.0,33.61,18.47,0.0,0.0,7.31,0.0,40.61,0.0,0.0,100.0,True,848.48883,1270.4108,25.219212,247.702,1.4972628445231757,True,0.40961334,0.5496423690562611,0.1074004545924369,0.0951110850786769,0.3288934924349403,True,4837,1189.391748046875,219.60717606980452,0.1846382206959364,Medium,0.40961330538027907,0.5496423690562611,0.1074004545924369,0.09511108507867694,0.2904418035269135,0.1846382206959364,0.2451734195747022,4901,128
CAND_01600,Cu33.03Ni8.44Ti31.72V26.81,4,0.0,0.0,0.0,33.03,0.0,0.0,0.0,0.0,8.44,31.72,26.81,0.0,100.0,True,858.07306,867.99176,36.097687,307.261,1.01155927320289,True,0.4176063,0.2336134818329722,0.3019690617228629,0.2227408867234347,0.3042693431565878,True,4949,1167.0078531901042,232.4072595319961,0.1991479825064529,High,0.4176062793378117,0.2336134818329722,0.3019690617228629,0.22274088672343476,0.29398242740427044,0.1991479825064529,0.2451594229344321,4902,129
CAND_04737,Cr5.14Cu18.55Fe24.44Mo17.15Ti34.72,5,0.0,0.0,5.14,18.55,24.44,0.0,17.15,0.0,0.0,34.72,0.0,0.0,100.0,True,917.78235,1031.9335,32.224144,263.52433333333335,1.1243771483917016,True,0.46740213,0.3623606844048231,0.2326882235383001,0.1290169811630734,0.3264534504703267,True,4856,946.359822591146,203.81941570549952,0.215372008447526,Low,0.46740212104786666,0.3623606844048231,0.23268822353830015,0.12901698116307347,0.29786700253851583,0.215372008447526,0.24508298732254072,4903,130
CAND_04627,Cu37.86Nb5.69Ti33.13V23.32,4,0.0,0.0,0.0,37.86,0.0,0.0,0.0,5.69,0.0,33.13,23.32,0.0,100.0,True,872.89716,954.8836,31.564116,306.338,1.0939245175644283,True,0.4299692,0.3018516335466288,0.2208831930880687,0.2207629773072573,0.3078815043183859,True,4940,1171.3074096679688,231.65131596405547,0.1977715790509016,High,0.4299691551498339,0.30185163354662886,0.2208831930880687,0.22076297730725733,0.2933667397729472,0.1977715790509016,0.24492711707636872,4905,131
CAND_03440,Co19.48Fe11.93Ni14.05Ti44.41V10.13,5,0.0,19.48,0.0,0.0,11.93,0.0,0.0,0.0,14.05,44.41,10.13,0.0,100.0,True,740.8462,823.02826,44.409225,302.7386,1.110930000784312,True,0.31984243,0.1983026156506356,0.4506263295634017,0.2130497734582983,0.3000575674559441,True,4961,1190.2740763346353,248.2039335067879,0.2085267069506498,High,0.31984242777088145,0.19830261565063567,0.45062632956340176,0.21304977345829845,0.29545528661080434,0.2085267069506498,0.2444755957080138,4907,132
CAND_04668,Al11.94Fe40.69Mo36.20V11.17,4,11.94,0.0,0.0,0.0,40.69,0.0,36.2,0.0,0.0,0.0,11.17,0.0,100.0,True,866.184,799.2521,40.06579,291.2123333333334,0.9227278276051278,False,0.42437062,0.1796306527453942,0.37294116706484,0.1883499778208424,0.3026881692652816,True,4954,941.1416829427084,182.9106915758508,0.1943497933317925,Low,0.42437057153354457,0.17963065274539425,0.37294116706484004,0.1883499778208424,0.2913230922911553,0.1943497933317925,0.243917731570474,4910,133
CAND_00130,Fe33.03Mn23.70Nb8.13Ti25.95V9.19,5,0.0,0.0,0.0,0.0,33.03,23.7,0.0,8.13,0.0,25.95,9.19,0.0,100.0,True,963.75134,1098.6475,31.762033,232.1726666666667,1.1399698773320148,True,0.505739,0.4147527163082203,0.2244230674746378,0.0618330627309435,0.3415282421967299,True,4741,876.7123087565104,207.69990576893244,0.2369077104250135,Low,0.5057389451770953,0.4147527163082203,0.22442306747463783,0.0618330627309435,0.30168694792272427,0.2369077104250135,0.24390416955122846,4911,134
CAND_00191,Cu19.30Fe31.72Mn11.80Ni28.91V8.27,5,0.0,0.0,0.0,19.3,31.72,11.8,0.0,0.0,28.91,0.0,8.27,0.0,100.0,True,814.2192,975.03296,45.01489,235.7886666666668,1.1975067491014169,True,0.38103342,0.3176753873607164,0.4614590423689788,0.0695818389486008,0.3354146862621536,True,4793,931.3198811848958,243.9416761672932,0.2619311378351894,High,0.3810334131902672,0.3176753873607164,0.46145904236897883,0.06958183894860095,0.30743742046714084,0.2619311378351894,0.24362456179228756,4913,135
CAND_02441,Cu26.32Nb12.08Ti26.26V11.93W23.41,5,0.0,0.0,0.0,26.32,0.0,0.0,0.0,12.08,0.0,26.26,11.93,23.41,100.0,True,933.5262,1071.0597,21.370762,313.76,1.1473268969452746,True,0.48053208,0.3930873852271197,0.0385684210481131,0.2366676833602029,0.3072281032751813,True,4942,1054.427001953125,188.6898727248376,0.1789501524290686,Low,0.4805320420786954,0.3930873852271197,0.03856842104811311,0.23666768336020294,0.2872138829285328,0.1789501524290686,0.24361834326647916,4914,136
CAND_02558,Co8.43Cr5.65Cu19.73Fe10.33Ti33.37V22.49,6,0.0,8.43,5.65,19.73,10.33,0.0,0.0,0.0,0.0,33.37,22.49,0.0,100.0,True,866.8597,830.05383,35.551735,317.309,0.9575411672529078,False,0.4249341,0.2038199566522177,0.2922043547947254,0.2442728843548007,0.2983182470236379,True,4965,1128.1777709960938,221.1660325745873,0.1960382824945352,Medium,0.4249340860259039,0.20381995665221775,0.29220435479472545,0.24427288435480074,0.29130782045691195,0.1960382824945352,0.24356061567639908,4915,137
CAND_02502,Al8.17Fe33.09Mn11.08Ti32.71V14.95,5,8.17,0.0,0.0,0.0,33.09,11.08,0.0,0.0,0.0,32.71,14.95,0.0,100.0,True,1011.8248,758.25525,39.350075,263.41866666666675,0.7493937964274741,False,0.54583085,0.1474348876415361,0.3601401383680462,0.1287905466073032,0.317333345566112,True,4903,877.2803100585937,187.68459340699755,0.2139391381010957,Low,0.5458308371526097,0.14743488764153612,0.36014013836804626,0.12879054660730324,0.2955491024423738,0.2139391381010957,0.243462866601934,4916,138
CAND_03355,Mn33.89Ni14.79Ti36.68V14.64,4,0.0,0.0,0.0,0.0,0.0,33.89,0.0,0.0,14.79,36.68,14.64,0.0,100.0,True,784.48016,807.3493,45.3975,267.287,1.0291519626469403,True,0.35623193,0.1859895693255451,0.4683022712934533,0.1370800514013583,0.3003040321433224,True,4959,1197.983418782552,214.322455626702,0.1789026895251244,Medium,0.35623190360191004,0.1859895693255451,0.4683022712934533,0.1370800514013583,0.2869009489055667,0.1789026895251244,0.24336270623076933,4917,139
CAND_03465,Cr19.91Cu33.57Ni17.18V29.34,4,0.0,0.0,19.91,33.57,0.0,0.0,0.0,0.0,17.18,0.0,29.34,0.0,100.0,True,1060.628,898.88116,30.529453,270.666,0.8474989498064432,False,0.58653134,0.2578716349983768,0.2023775717799912,0.1443209570538648,0.3255634352858241,True,4861,1073.5481608072917,246.0756304582614,0.2292171319759109,High,0.5865313114363292,0.2578716349983768,0.20237757177999127,0.14432095705386486,0.29777536881714056,0.2292171319759109,0.24224798131350492,4923,140
CAND_04985,Cu22.82Mn17.21Ti34.78V25.19,4,0.0,0.0,0.0,22.82,0.0,17.21,0.0,0.0,0.0,34.78,25.19,0.0,100.0,True,902.89886,801.47473,35.720734,313.121,0.8876683328485351,False,0.45498976,0.1813761349810486,0.2952270119260269,0.2352983614566954,0.300011279008794,True,4962,1169.9347127278645,240.0398437164112,0.2051737085026951,High,0.45498971567287083,0.18137613498104863,0.2952270119260269,0.23529836145669547,0.29172280600916045,0.2051737085026951,0.24205872062343292,4924,141
CAND_03478,Fe22.56Mn25.49Mo18.64Ni33.31,4,0.0,0.0,0.0,0.0,22.56,25.49,18.64,0.0,33.31,0.0,0.0,0.0,100.0,True,633.0795,1228.0709,46.22659,211.0175333333334,1.939836693679124,True,0.22996812,0.5163918760325081,0.4831310856709984,0.0164994360565243,0.3471656888125402,True,4688,1002.4899454752604,289.1319762243237,0.2884138414847164,High,0.22996807932669486,0.5163918760325081,0.4831310856709984,0.016499436056524357,0.3114976192716814,0.2884138414847164,0.24176829621197182,4925,142
CAND_04580,Mo29.77Ti32.87V22.72W14.64,4,0.0,0.0,0.0,0.0,0.0,0.0,29.77,0.0,0.0,32.87,22.72,14.64,100.0,True,941.9684,762.75006,36.476067,312.827,0.8097406166986647,False,0.48757258,0.1509647648625048,0.3087366343436586,0.2346683448062554,0.3039456198988518,True,4951,1094.4747599283853,244.9849359636366,0.2238379037445017,High,0.4875725956489124,0.1509647648625048,0.3087366343436586,0.23466834480625548,0.29548558491533283,0.2238379037445017,0.24144176611236973,4926,143
CAND_04929,Cu30.47Fe24.36Mn7.22Mo23.95Ni14.00,5,0.0,0.0,0.0,30.47,24.36,7.22,23.95,0.0,14.0,0.0,0.0,0.0,100.0,True,674.1674,1173.3594,38.910316,251.4050000000001,1.7404569935844805,True,0.26423424,0.4734256822278687,0.3522747623752653,0.1030462947949338,0.3248236129284538,True,4868,860.7016357421875,203.802669245573,0.2367866642542545,Low,0.26423421386955365,0.47342568222786874,0.3522747623752653,0.10304629479493392,0.2982452383169054,0.2367866642542545,0.24114525725157168,4927,144
CAND_02947,Al5.71Fe28.62Mn9.74Ni32.21W23.72,5,5.71,0.0,0.0,0.0,28.62,9.74,0.0,0.0,32.21,0.0,0.0,23.72,100.0,True,491.02576,1243.64,48.553356,235.86166666666676,2.53273882823122,True,0.111499324,0.5286186467838825,0.5247468102774743,0.0697382716543223,0.3336828361750846,True,4809,926.5146809895832,261.01630593559804,0.2817184781754501,High,0.11149931924997444,0.5286186467838825,0.5247468102774743,0.06973827165432236,0.30865076199141345,0.2817184781754501,0.24081010553174167,4928,145
CAND_04618,Co24.49Cr5.80Fe24.86Ti33.50V11.35,5,0.0,24.49,5.8,0.0,24.86,0.0,0.0,0.0,0.0,33.5,11.35,0.0,100.0,True,804.68335,825.65784,48.066177,266.56566666666674,1.0260655205563862,True,0.37308082,0.2003676850401571,0.5160332967148478,0.1355342962635441,0.3213730275344312,True,4889,772.7696736653646,210.34869671520977,0.2722010242942037,Low,0.373080786770311,0.2003676850401571,0.5160332967148478,0.13553429626354413,0.30625401619721504,0.2722010242942037,0.2407276918890391,4929,146
CAND_01180,Cr6.77Cu16.31Fe21.40Mn31.42Nb11.38V12.72,6,0.0,0.0,6.77,16.31,21.4,31.42,0.0,11.38,0.0,0.0,12.72,0.0,100.0,True,1022.606,988.62115,28.15501,237.1896666666667,0.9667664110459016,False,0.55482215,0.3283465041276531,0.159909112991366,0.0725840611501874,0.3158154946473588,True,4914,1105.6255696614585,178.47899202244233,0.1614280611085111,Low,0.5548220498875869,0.32834650412765315,0.15990911299136604,0.07258406115018749,0.27891543203919844,0.1614280611085111,0.24014869399056105,4930,147
CAND_02033,Cr6.39Cu23.98Fe27.10Nb16.53Ni26.00,5,0.0,0.0,6.39,23.98,27.1,0.0,0.0,16.53,26.0,0.0,0.0,0.0,100.0,True,704.47284,1214.7853,40.001324,233.86566666666675,1.7243891206812496,True,0.2895081,0.5059583901216682,0.371788150688255,0.0654610157554164,0.3414061383691789,True,4743,926.3609375,265.190109711469,0.2862708248764742,High,0.28950808487343876,0.5059583901216682,0.371788150688255,0.06546101575541644,0.30817891035969464,0.2862708248764742,0.23959099778951318,4932,148
CAND_02930,Fe11.64Mn12.41Ti34.01V41.94,4,0.0,0.0,0.0,0.0,11.64,12.41,0.0,0.0,0.0,34.01,41.94,0.0,100.0,True,896.39056,755.34717,37.066177,311.549,0.8426540844640401,False,0.44956204,0.1451511058245616,0.3192911358481191,0.2319297009992405,0.2930261926854562,True,4975,1195.4202799479167,235.6268321612077,0.1971079427993924,High,0.44956197944285453,0.14515110582456167,0.31929113584811913,0.2319297009992405,0.28648348052869393,0.1971079427993924,0.2393129894859464,4934,149
CAND_04179,Cu20.29Fe25.36Mo22.33Ni15.96V8.21W7.85,6,0.0,0.0,0.0,20.29,25.36,0.0,22.33,0.0,15.96,0.0,8.21,7.85,100.0,True,983.99634,862.6778,38.72812,244.1833333333334,0.8767083441075673,False,0.5226227,0.229440307359048,0.3490160683078766,0.0875708858019819,0.3260085564869892,True,4859,892.9124348958334,215.98279278455416,0.2418857486397874,Medium,0.5226226966908056,0.22944030735904808,0.3490160683078766,0.0875708858019819,0.2971624895399281,0.2418857486397874,0.23928327534590377,4935,150
CAND_02388,Co13.09Fe32.27Mn20.02Ti34.62,4,0.0,13.09,0.0,0.0,32.27,20.02,0.0,0.0,0.0,34.62,0.0,0.0,100.0,True,664.2438,1191.1389,39.27578,242.98200000000003,1.793225538396228,True,0.2559582,0.4873883307158389,0.3588113239279014,0.0849965320512041,0.3254562743250672,True,4862,868.1073649088542,209.78359984361023,0.2416562839155686,Low,0.25595821502927424,0.4873883307158389,0.35881132392790144,0.08499653205120414,0.29678860043105465,0.2416562839155686,0.23902637491200904,4937,151
CAND_01842,Cu16.98Fe9.59Mo23.89Nb6.71Ti34.09V8.74,6,0.0,0.0,0.0,16.98,9.59,0.0,23.89,6.71,0.0,34.09,8.74,0.0,100.0,True,1029.4016,685.12994,32.443172,319.168,0.66556136347606,False,0.5604894,0.0900079071806761,0.2366056819028744,0.2482565610662566,0.2915391105672876,True,4980,1180.8082885742188,222.8915413337697,0.1887618366931543,Medium,0.5604893861082125,0.09000790718067611,0.2366056819028744,0.24825656106625665,0.2838398840645049,0.1887618366931543,0.23876934412201378,4938,152
CAND_04120,Co13.83Cr20.36Cu15.44Fe24.43Ni11.68V14.26,6,0.0,13.83,20.36,15.44,24.43,0.0,0.0,0.0,11.68,0.0,14.26,0.0,100.0,True,958.5723,833.9139,38.46271,252.4783333333334,0.869954073163692,False,0.50141984,0.2068513580160896,0.3442690376791823,0.1053463555822547,0.3143505758151513,True,4919,878.8928304036458,186.73018940194777,0.2124607039019636,Low,0.501419773804432,0.20685135801608964,0.3442690376791823,0.1053463555822547,0.2894716312704897,0.2124607039019636,0.2387472273030431,4939,153
CAND_00950,Cu15.98Fe29.01V29.37W25.64,4,0.0,0.0,0.0,15.98,29.01,0.0,0.0,0.0,0.0,0.0,29.37,25.64,100.0,True,922.1452,925.7076,36.181396,263.4486666666667,1.0038631631472952,True,0.47104067,0.2789390526368719,0.3034662516814077,0.1288548340206134,0.3201887155664434,True,4892,849.5905843098958,202.3039410878835,0.2381193304445701,Low,0.47104061328257124,0.27893905263687196,0.30346625168140773,0.1288548340206134,0.2955751879053661,0.2381193304445701,0.2387291601361512,4940,154
CAND_02499,Cu39.09Fe24.02Mn16.71Nb5.44V14.74,5,0.0,0.0,0.0,39.09,24.02,16.71,0.0,5.44,0.0,0.0,14.74,0.0,100.0,True,972.3498,958.70776,31.495907,257.5596666666667,0.9859700361063812,False,0.5129099,0.3048548339651871,0.2196632307198361,0.1162352147878193,0.3176805068540455,True,4902,992.3523681640625,206.71286677149777,0.2083059137087911,Low,0.5129098151222954,0.3048548339651871,0.21966323071983612,0.11623521478781935,0.2884157736487845,0.2083059137087911,0.23869433259952946,4941,155
CAND_03202,Al8.43Co16.56Cu44.06Mo20.16V10.79,5,8.43,16.56,0.0,44.06,0.0,0.0,20.16,0.0,0.0,0.0,10.79,0.0,100.0,True,935.93054,747.0345,35.11464,324.664,0.7981730122941492,False,0.4825372,0.1386229757193001,0.2843866261761761,0.2600340151846869,0.2964498264547582,True,4969,1106.8667724609377,244.9167575531525,0.2212703133265262,High,0.4825371929364121,0.13862297571930018,0.2843866261761761,0.2600340151846869,0.29139520250414386,0.2212703133265262,0.23860008658560972,4942,156
CAND_00365,Cr10.98Cu27.06Fe26.88Mn17.59Nb8.95Ti8.54,6,0.0,0.0,10.98,27.06,26.88,17.59,0.0,8.95,0.0,8.54,0.0,0.0,100.0,True,919.7532,1305.595,20.037754,258.8486666666667,1.4195058382521848,True,0.46904573,0.5772733270095468,0.0147267051960552,0.1189974306463813,0.3354270105125833,True,4792,935.4536580403644,223.25440044536109,0.2386589635162105,Medium,0.4690457536322479,0.5772733270095468,0.014726705196055285,0.11899743064638131,0.2950108041210578,0.2386589635162105,0.2381695146205568,4943,157
CAND_03508,Fe13.87Ti42.63V28.43W15.07,4,0.0,0.0,0.0,0.0,13.87,0.0,0.0,0.0,0.0,42.63,28.43,15.07,100.0,True,915.04724,723.46655,37.926987,303.985,0.790633004961135,False,0.46512112,0.1201145248949204,0.3346872830749998,0.2157207011899599,0.2916006194800587,True,4979,1232.8714721679687,237.19288377679257,0.1923906012357442,High,0.4651211174616645,0.12011452489492043,0.3346872830749998,0.21572070118995992,0.2839109066553862,0.1923906012357442,0.23810226813357363,4944,158
CAND_03006,Cr13.31Cu29.67Mn20.47Nb11.58Ti10.56V14.41,6,0.0,0.0,13.31,29.67,0.0,20.47,0.0,11.58,0.0,10.56,14.41,0.0,100.0,True,944.73816,1108.209,21.168695,282.892,1.1730329607541772,True,0.4898825,0.4222615812098051,0.0349543212099442,0.170520220891552,0.3079598464337277,True,4938,1210.4025919596354,212.87361152111723,0.1758700889564983,Medium,0.489882496345016,0.42226158120980517,0.03495432120994428,0.170520220891552,0.27940465491407934,0.1758700889564983,0.23761524129083955,4945,159
CAND_02580,Cu41.04Mn18.25Nb29.46V11.25,4,0.0,0.0,0.0,41.04,0.0,18.25,0.0,29.46,0.0,0.0,11.25,0.0,100.0,True,789.1519,1002.2421,33.354736,299.681,1.2700242868827134,True,0.36012805,0.3390433480727709,0.2529095974599943,0.2064976002937218,0.3039534618258642,True,4950,1155.2084350585938,253.0736157412757,0.219071821206395,High,0.3601280012703052,0.3390433480727709,0.25290959745999436,0.20649760029372188,0.28964463677419805,0.219071821206395,0.2375943990630227,4946,160
CAND_03323,Fe33.73Mn25.49Mo20.65W20.13,4,0.0,0.0,0.0,0.0,33.73,25.49,20.65,0.0,0.0,0.0,0.0,20.13,100.0,True,551.14545,1314.3816,40.17296,234.19666666666672,2.3848180324911485,True,0.16163743,0.58417364519647,0.3748579722812116,0.0661703202156056,0.3273833630334433,True,4855,721.1410929361979,180.22034953481943,0.2499099708782844,Low,0.16163742283314517,0.58417364519647,0.37485797228121165,0.06617032021560566,0.2967098401316081,0.2499099708782844,0.23738496935352602,4947,161
CAND_00901,Cr25.96Cu25.23Fe25.63Ni8.00W15.18,5,0.0,0.0,25.96,25.23,25.63,0.0,0.0,0.0,8.0,0.0,0.0,15.18,100.0,True,560.1397,1280.5872,37.982117,254.5873333333334,2.286192495093071,True,0.16913839,0.5576341290086207,0.3356733190139619,0.1098657607379623,0.3184299523457379,True,4901,838.4824666341145,198.85327981559675,0.2371585426393532,Low,0.1691383703289312,0.5576341290086207,0.33567331901396197,0.10986576073796235,0.29307789477236906,0.2371585426393532,0.23689598759680136,4948,162
CAND_04140,Cr14.44Cu36.18Fe21.30Mn21.06Nb7.02,5,0.0,0.0,14.44,36.18,21.3,21.06,0.0,7.02,0.0,0.0,0.0,0.0,100.0,True,764.3457,1394.5853,23.798674,221.23733333333337,1.824547837841291,True,0.33944035,0.6471594474144527,0.0819932077094095,0.03839958627478,0.3222381808023854,True,4884,1116.890486653646,194.097890635041,0.1737841739673013,Low,0.3394403392895989,0.6471594474144527,0.08199320770940953,0.03839958627478005,0.2767481451720603,0.1737841739673013,0.23577430272949804,4949,163
CAND_02131,Cu23.05Mn11.87Ti43.16V21.92,4,0.0,0.0,0.0,23.05,0.0,11.87,0.0,0.0,0.0,43.16,21.92,0.0,100.0,True,836.27545,837.42395,35.250374,311.839,1.0013733493402963,True,0.3994277,0.2096078806587511,0.2868143171273656,0.2325511459945725,0.2892969364183292,True,4981,1150.4603515625,226.62234824123223,0.1969840576717352,Medium,0.39942769544881357,0.20960788065875113,0.2868143171273656,0.23255114599457258,0.28210025980737574,0.1969840576717352,0.23567587053422548,4950,164
CAND_03853,Co15.39Cu21.22Fe34.02Ni29.37,4,0.0,15.39,0.0,21.22,34.02,0.0,0.0,0.0,29.37,0.0,0.0,0.0,100.0,True,438.6018,1269.7958,46.833157,243.80100000000004,2.895099337884001,True,0.06777924,0.5491593954731963,0.4939799313337664,0.0867515784345728,0.3215893126284229,True,4888,947.2717244466146,258.68119090601783,0.2730802411073089,High,0.06777923458686327,0.5491593954731963,0.49397993133376644,0.08675157843457287,0.2994175349570997,0.2730802411073089,0.23519140843523748,4952,165
CAND_03520,Co7.16Cu16.21Ti40.10V36.53,4,0.0,7.16,0.0,16.21,0.0,0.0,0.0,0.0,0.0,40.1,36.53,0.0,100.0,True,845.7234,701.351,39.50495,316.379,0.8292912427329253,False,0.40730703,0.102746677049473,0.3629101785647949,0.2422799745421842,0.2800856585289668,True,4990,1216.0343790690104,231.45615532941687,0.1903368517480718,High,0.407307015780449,0.10274667704947306,0.36291017856479496,0.24227997454218425,0.2788109614842253,0.1903368517480718,0.23422862282619986,4954,166
CAND_04823,Mo13.79Ti37.70V28.33W20.18,4,0.0,0.0,0.0,0.0,0.0,0.0,13.79,0.0,0.0,37.7,28.33,20.18,100.0,True,911.2677,572.3323,41.65908,312.487,0.6280616550738403,False,0.46196908,0.0014253375025288,0.4014381959273264,0.2339397541220731,0.2744688366270396,True,4996,1102.5770874023438,191.192211726722,0.173404847526052,Low,0.4619690890992971,0.0014253375025288508,0.40143819592732644,0.23393975412207316,0.2746930941628064,0.173404847526052,0.23409916427561683,4955,167
CAND_04662,Mn16.27Mo21.48Ti42.40V19.85,4,0.0,0.0,0.0,0.0,0.0,16.27,21.48,0.0,0.0,42.4,19.85,0.0,100.0,True,966.23596,686.11005,36.40734,312.923,0.7100854005069861,False,0.50781107,0.0907776100075016,0.3075074072082142,0.2348740645288481,0.2916845772511178,True,4978,1071.0676432291666,234.4469125766624,0.2188908553616906,High,0.5078110472608687,0.09077761000750163,0.30750740720821423,0.23487406452884815,0.28524253225135815,0.2188908553616906,0.23401810834548922,4956,168
CAND_04836,Fe15.89Mo14.38Ti43.32V26.41,4,0.0,0.0,0.0,0.0,15.89,0.0,14.38,0.0,0.0,43.32,26.41,0.0,100.0,True,967.58795,663.59216,37.28102,291.177,0.6858210241884781,False,0.5089386,0.0730937953467529,0.3231337427633091,0.1882742615340547,0.2836343026515482,True,4986,1249.797538248698,215.9492586246569,0.1727873931703048,Medium,0.5089385682887286,0.07309379534675293,0.3231337427633091,0.18827426153405474,0.2733600919832114,0.1727873931703048,0.23308580359502187,4957,169
CAND_00088,Cu8.53Fe44.45Mn17.90W29.12,4,0.0,0.0,0.0,8.53,44.45,17.9,0.0,0.0,0.0,0.0,0.0,29.12,100.0,True,430.40057,1313.1216,40.600075,247.9806666666667,3.0509290185619515,True,0.06093965,0.5831841383433615,0.3824972021029018,0.0957082437178696,0.3032176742537288,True,4953,801.6976725260416,163.49692756320798,0.2039383837152116,Low,0.060939643111102046,0.5831841383433615,0.3824972021029018,0.09570824371786964,0.2805823068188087,0.2039383837152116,0.233053709902466,4958,170
CAND_02294,Fe5.97Mo13.59Ti38.96V41.48,4,0.0,0.0,0.0,0.0,5.97,0.0,13.59,0.0,0.0,38.96,41.48,0.0,100.0,True,931.55066,609.2977,38.89512,312.297,0.6540682398706479,False,0.4788845,0.0304551126040343,0.3520029720228533,0.2335326005044418,0.2758325252867766,True,4993,1213.5443033854167,213.40351621699443,0.1758514424415029,Medium,0.47888449816832773,0.030455112604034332,0.35200297202285336,0.23353260050444183,0.2737187958249143,0.1758514424415029,0.2327834843290856,4960,171
CAND_01696,Al7.16Cu32.08Fe18.19Mn9.12Ni21.14V12.31,6,7.16,0.0,0.0,32.08,18.19,9.12,0.0,0.0,21.14,0.0,12.31,0.0,100.0,True,870.08276,819.9362,44.594086,226.301,0.9423657544251892,False,0.42762202,0.1958743501266494,0.453932688890673,0.0492505873369508,0.3079196803752819,True,4939,1221.4120849609376,258.954265789947,0.2120122020883956,High,0.42762202596928633,0.1958743501266494,0.45393268889067306,0.04925058733695088,0.28166991308088996,0.2120122020883956,0.23239857865750013,4961,172
CAND_00593,Co6.34Cu11.75Fe24.53Mn22.49Ti34.89,5,0.0,6.34,0.0,11.75,24.53,22.49,0.0,0.0,0.0,34.89,0.0,0.0,100.0,True,655.4202,1140.928,40.50933,235.35200000000003,1.7407579945066332,True,0.24859962,0.4479565611517552,0.3808741687040062,0.068646099932641,0.3144823126035377,True,4917,854.98125,199.69516264429117,0.2335667158131142,Low,0.2485995847572874,0.44795656115175525,0.38087416870400626,0.06864609993264101,0.2865191036364225,0.2335667158131142,0.23226883472416116,4963,173
CAND_03280,Cu24.45Fe16.36Ni5.71Ti33.67V19.81,5,0.0,0.0,0.0,24.45,16.36,0.0,0.0,0.0,5.71,33.67,19.81,0.0,100.0,True,856.23254,903.99884,33.088577,289.136,1.0557865925471508,True,0.41607136,0.2618906662936278,0.24814917047871,0.1839005745151835,0.2930109882681351,True,4976,1152.396122233073,230.99327864028416,0.2004460742133299,High,0.41607133824934467,0.2618906662936278,0.24814917047871002,0.18390057451518355,0.2775029373842165,0.2004460742133299,0.23116651663513357,4964,174
CAND_02562,Al9.38Cr10.24Cu25.46Fe19.57Mn23.83V11.52,6,9.38,0.0,10.24,25.46,19.57,23.83,0.0,0.0,0.0,0.0,11.52,0.0,100.0,True,1026.1512,862.026,31.194962,239.433,0.840057451668887,False,0.5577787,0.2289284338932891,0.2142806334832872,0.0773913310566064,0.3011910060037341,True,4956,1196.9353759765625,203.6702606130073,0.1701597803029554,Low,0.5577786453860509,0.22892843389328918,0.21428063348328727,0.07739133105660634,0.26959476095480844,0.1701597803029554,0.23039140935523364,4965,175
CAND_03641,Co14.92Ni16.49Ti34.55V34.04,4,0.0,14.92,0.0,0.0,0.0,0.0,0.0,0.0,16.49,34.55,34.04,0.0,100.0,True,829.1367,676.7757,44.208633,291.2106,0.8162413805775021,False,0.39347422,0.083447131202491,0.44703861106044,0.1883462634369621,0.2830879995003837,True,4987,1212.2505533854169,251.85533943594976,0.2077584858448616,High,0.3934741819334518,0.08344713120249106,0.44703861106044007,0.18834626343696215,0.2780765469083363,0.2077584858448616,0.2302418489850757,4966,176
CAND_00728,Al8.31Cr23.18Cu29.62Fe33.64Mo5.25,5,8.31,0.0,23.18,29.62,33.64,0.0,5.25,0.0,0.0,0.0,0.0,0.0,100.0,True,599.02466,1327.909,31.98541,253.93800000000005,2.216785205442604,True,0.20156732,0.5947970221843589,0.2284183105353585,0.1084742953920924,0.3122850259477479,True,4928,769.6973327636719,179.10103238530613,0.2326902079057838,Low,0.20156731585921345,0.5947970221843589,0.22841831053535855,0.10847429539209247,0.28331423599275585,0.2326902079057838,0.22983409308822056,4968,177
CAND_03222,Mn29.20Mo25.01Ti35.89V9.90,4,0.0,0.0,0.0,0.0,0.0,29.2,25.01,0.0,0.0,35.89,9.9,0.0,100.0,True,836.3071,717.9719,42.59877,287.991,0.8585026662859939,False,0.39945415,0.1157994504263231,0.4182451633041315,0.1814469382405104,0.2863544151474382,True,4983,1034.8840209960938,220.6907860831916,0.213251708989354,Medium,0.3994540906444376,0.11579945042632313,0.41824516330413153,0.18144693824051047,0.2787364106538507,0.213251708989354,0.2297432664537846,4969,178
CAND_04577,Cr15.66Fe28.69Ni26.32W29.33,4,0.0,0.0,15.66,0.0,28.69,0.0,0.0,0.0,26.32,0.0,0.0,29.33,100.0,True,528.86707,1274.5737,41.570652,226.73666666666676,2.4100077000719446,True,0.1430579,0.5529115897537256,0.3998566035817698,0.0501841834391337,0.3162826261336338,True,4910,920.5793131510416,228.2930964108249,0.2479885145685088,Medium,0.1430578905018035,0.5529115897537256,0.3998566035817698,0.05018418343913381,0.2865025668191082,0.2479885145685088,0.2295714772007868,4970,179
CAND_02481,Co6.99Fe8.34Mn8.03Ti44.03V32.61,5,0.0,6.99,0.0,0.0,8.34,8.03,0.0,0.0,0.0,44.03,32.61,0.0,100.0,True,840.4354,710.31366,38.596954,312.239,0.8451733935002478,False,0.40289703,0.1097852591860456,0.3466700790103997,0.2334083115053753,0.2754834592292227,True,4994,1236.1796875,235.5002151804024,0.1905064591836713,High,0.40289697488123927,0.10978525918604565,0.34667007901039976,0.23340831150537533,0.27319015614576503,0.1905064591836713,0.22947389662471143,4971,180
CAND_02309,Fe13.52Mo13.73Ni20.28Ti44.09V8.38,5,0.0,0.0,0.0,0.0,13.52,0.0,13.73,0.0,20.28,44.09,8.38,0.0,100.0,True,953.2416,571.38544,42.92434,277.45,0.5994130487984628,False,0.4969741,0.0006817466621047,0.424068194696257,0.1588584841170801,0.2791425874119542,True,4992,1234.6594156901042,222.73792233144397,0.1804043443081395,Medium,0.49697412232534416,0.0006817466621047794,0.42406819469625706,0.1588584841170801,0.27014563695019655,0.1804043443081395,0.22885855872424354,4972,181
CAND_03789,Cu11.25Fe42.29Mn19.39Ni14.76V12.31,5,0.0,0.0,0.0,11.25,42.29,19.39,0.0,0.0,14.76,0.0,12.31,0.0,100.0,True,729.77924,921.8605,45.239708,220.89700000000005,1.2632046168580084,True,0.31061292,0.2759178369110039,0.465480058652773,0.0376702812860053,0.2979797830133185,True,4967,900.0825276692708,172.53739297370532,0.1916906368802473,Low,0.31061289936129044,0.27591783691100397,0.46548005865277303,0.03767028128600537,0.2724202690527682,0.1916906368802473,0.2285998233282617,4973,182
CAND_04446,Co5.17Mn7.85Mo30.73Ti31.11V25.14,5,0.0,5.17,0.0,0.0,0.0,7.85,30.73,0.0,0.0,31.11,25.14,0.0,100.0,True,875.1217,747.4229,36.439354,313.705,0.8540788058357397,False,0.43182436,0.1389279951333854,0.3080799984389404,0.2365498231024675,0.2837281844708413,True,4985,1099.690478515625,243.940621208198,0.2218266193751826,High,0.4318243579452062,0.1389279951333854,0.3080799984389404,0.23654982310246755,0.2788455436549999,0.2218266193751826,0.22822022309318804,4974,183
CAND_03459,Al10.46Fe44.36Mn19.65Ni6.52W19.01,5,10.46,0.0,0.0,0.0,44.36,19.65,0.0,0.0,6.52,0.0,0.0,19.01,100.0,True,502.01898,1334.2405,32.88569,253.23966666666675,2.657749105145373,True,0.12066736,0.5997692941212291,0.244520404406731,0.1069778272711493,0.2933077738808036,True,4974,946.5145426432292,168.74753279768845,0.1782830851456813,Low,0.12066735060663288,0.5997692941212291,0.24452040440673103,0.10697782727114935,0.2679837191014356,0.1782830851456813,0.2274357686025022,4975,184
CAND_03946,Cr20.16Cu22.13Fe41.11W16.60,4,0.0,0.0,20.16,22.13,41.11,0.0,0.0,0.0,0.0,0.0,0.0,16.6,100.0,True,473.8411,1434.3954,32.98351,253.4683333333334,3.027165467969144,True,0.097167805,0.6784232305675756,0.246269978786366,0.1074678402214915,0.310364982468843,True,4934,736.9686584472656,179.8789752100828,0.2440795455115737,Low,0.09716780384925346,0.6784232305675756,0.246269978786366,0.10746784022149156,0.28233221335617165,0.2440795455115737,0.2269406440888591,4976,185
CAND_01403,Cr8.86Cu14.48Ti44.65V32.01,4,0.0,0.0,8.86,14.48,0.0,0.0,0.0,0.0,0.0,44.65,32.01,0.0,100.0,True,938.77594,613.4217,37.62683,312.161,0.6534271639282604,False,0.48491022,0.0336937842407164,0.3293187797314294,0.2332411642307688,0.2728970827329448,True,4997,1209.8821126302084,232.05554939125443,0.1918001324003213,High,0.484910175231157,0.03369378424071646,0.3293187797314294,0.23324116423076885,0.2702909758585179,0.1918001324003213,0.22679220157002647,4977,186
CAND_02400,Cr10.42Mn6.65Nb6.87Ti34.18V41.88,5,0.0,0.0,10.42,0.0,0.0,6.65,0.0,6.87,0.0,34.18,41.88,0.0,100.0,True,938.19055,792.0469,29.975925,309.988,0.8442281778642997,False,0.48442197,0.1739722441914122,0.1924773631599696,0.2285846125933327,0.2799253054151375,True,4991,1188.5069010416669,227.47807611806425,0.1913981954321772,Medium,0.48442197669825454,0.17397224419141222,0.1924773631599696,0.2285846125933327,0.26986404916074225,0.1913981954321772,0.22651037259868403,4978,187
CAND_03107,Cr11.69Cu31.64Fe20.92V35.75,4,0.0,0.0,11.69,31.64,20.92,0.0,0.0,0.0,0.0,0.0,35.75,0.0,100.0,True,967.34064,876.926,32.25299,256.3486666666667,0.9065327830451926,False,0.5087324,0.2406297450927469,0.2332041530266966,0.1136401462038639,0.3001557032203878,True,4960,1145.8515665690104,241.44431546194528,0.2107116859689731,High,0.5087323188154337,0.24062974509274693,0.2332041530266966,0.1136401462038639,0.2740515907846853,0.2107116859689731,0.22635578227309552,4979,188
CAND_04316,Cr8.42Fe26.54Mn41.22Ni23.82,4,0.0,0.0,8.42,0.0,26.54,41.22,0.0,0.0,23.82,0.0,0.0,0.0,100.0,True,506.88235,1232.18,45.316967,210.42033333333345,2.4308993763275897,True,0.12472327,0.5196188463579908,0.4668618861624459,0.0152196879488958,0.312301062036158,True,4927,970.1578369140624,237.1651080492415,0.2444603331800429,High,0.12472326221933887,0.5196188463579908,0.46686188616244595,0.015219687948895886,0.2816059206721679,0.2444603331800429,0.22628758278905017,4980,189
CAND_01713,Cu25.80Fe23.49Mn24.28Ni9.38W17.05,5,0.0,0.0,0.0,25.8,23.49,24.28,0.0,0.0,9.38,0.0,0.0,17.05,100.0,True,472.50565,1324.4458,39.05655,230.56566666666671,2.8030264017105138,True,0.09605408,0.5920772919195292,0.3548902526618275,0.0583894002912933,0.303920385792186,True,4952,836.4638712565104,183.5944913251419,0.2194888477960822,Low,0.09605407670877512,0.5920772919195292,0.35489025266182755,0.05838940029129337,0.2753527553953563,0.2194888477960822,0.22579358219879322,4981,190
CAND_00306,Cu25.52Fe20.09Mn18.40Nb12.47V23.52,5,0.0,0.0,0.0,25.52,20.09,18.4,0.0,12.47,0.0,0.0,23.52,0.0,100.0,True,928.7833,1059.0017,27.673727,239.6706666666667,1.1402031790108895,True,0.47657663,0.3836179617074512,0.151301053226964,0.0779006302309417,0.3075687372240934,True,4941,1104.2082397460938,230.57316537245103,0.2088131179182923,High,0.47657659900364596,0.38361796170745127,0.15130105322696405,0.07790063023094176,0.27234906104225076,0.2088131179182923,0.225302866923934,4982,191
CAND_02373,Cr15.57Cu17.26Fe34.22Ni19.12V13.83,5,0.0,0.0,15.57,17.26,34.22,0.0,0.0,0.0,19.12,0.0,13.83,0.0,100.0,True,934.7377,879.3,37.284233,228.95266666666677,0.9406917334944328,False,0.48154238,0.2424941016556671,0.3231912093599332,0.0549328803689812,0.3062486844517001,True,4943,961.8034138997396,228.0066266822409,0.2370615693260668,Medium,0.4815423984609558,0.24249410165566715,0.32319120935993323,0.054932880368981266,0.27554014746138433,0.2370615693260668,0.2227376181538762,4984,192
CAND_00935,Cu21.20Fe43.20Ni13.25V22.35,4,0.0,0.0,0.0,21.2,43.2,0.0,0.0,0.0,13.25,0.0,22.35,0.0,100.0,True,865.53107,969.71814,33.545296,250.24100000000007,1.120373579979382,True,0.42382607,0.3135015375090988,0.2563178871122456,0.1005519431584977,0.3003605480767245,True,4958,831.7723714192708,196.996308364806,0.2368392064149317,Low,0.42382604657054895,0.3135015375090988,0.2563178871122456,0.10055194315849778,0.2735493535875978,0.2368392064149317,0.22116808083768666,4985,193
CAND_02134,Mo23.10Ti30.51V28.27W18.12,4,0.0,0.0,0.0,0.0,0.0,0.0,23.1,0.0,0.0,30.51,28.27,18.12,100.0,True,955.33685,609.9585,37.252563,313.705,0.6384747935423168,False,0.49872157,0.0309740539758867,0.3226247707931469,0.2365498231024675,0.2750473622300801,True,4995,1080.087548828125,250.32574518154485,0.2317643097109523,High,0.49872150095508494,0.030974053975886786,0.32262477079314694,0.23654982310246755,0.2722175372066466,0.2317643097109523,0.22099807167697982,4986,194
CAND_02261,Cr10.83Cu30.61Fe20.61Mo23.92V14.03,5,0.0,0.0,10.83,30.61,20.61,0.0,23.92,0.0,0.0,0.0,14.03,0.0,100.0,True,1097.9288,757.5494,29.509089,259.1616666666667,0.6899804224329078,False,0.6176391,0.1468805674730705,0.1841276973953895,0.1196681626585844,0.2933380563075951,True,4973,1139.8536458333333,244.7601778776312,0.2147294775713859,High,0.6176391127928421,0.1468805674730705,0.18412769739538956,0.11966816265858446,0.2670788850799717,0.2147294775713859,0.21986696627626398,4987,195
CAND_00833,Fe23.36Mn17.96Nb8.78V12.89W37.01,5,0.0,0.0,0.0,0.0,23.36,17.96,0.0,8.78,0.0,0.0,12.89,37.01,100.0,True,955.8679,972.36127,27.6255,246.3506666666667,1.0172548421537917,True,0.4991644,0.3155772480239057,0.1504384819367713,0.0922152942613483,0.2958644127562671,True,4970,905.2092163085938,185.55770452791504,0.204988748661455,Low,0.4991643814807137,0.3155772480239057,0.15043848193677134,0.0922152942613483,0.26434885142568476,0.204988748661455,0.2193786885722651,4988,196
CAND_01963,Cu23.73Fe25.80Mn29.38Ni21.09,4,0.0,0.0,0.0,23.73,25.8,29.38,0.0,0.0,21.09,0.0,0.0,0.0,100.0,True,557.7347,1316.9374,36.47187,209.91133333333343,2.36122559132407,True,0.16713266,0.5861807734624817,0.3086615682664625,0.0141289448363993,0.3052787655449084,True,4945,842.0552001953125,202.6672792934762,0.2406817026324023,Low,0.16713266905007357,0.5861807734624817,0.3086615682664625,0.01412894483639931,0.2690259889038542,0.2406817026324023,0.2168372341858926,4989,197
CAND_03412,Cr11.49Fe24.14Ti36.54V27.83,4,0.0,0.0,11.49,0.0,24.14,0.0,0.0,0.0,0.0,36.54,27.83,0.0,100.0,True,944.3329,766.6622,38.256065,257.0583333333334,0.8118558736810809,False,0.4895445,0.1540370579897428,0.3405730573307909,0.1151609006809465,0.2954918730644056,True,4971,868.7754638671875,234.38095917436044,0.2697831245498791,High,0.48954452108502855,0.15403705798974282,0.3405730573307909,0.11516090068094656,0.2748288842716272,0.2697831245498791,0.2164376569180271,4990,198
CAND_02218,Cu17.01Fe26.44Mn29.16Ni27.39,4,0.0,0.0,0.0,17.01,26.44,29.16,0.0,0.0,27.39,0.0,0.0,0.0,100.0,True,435.44208,1309.1693,42.901585,210.71033333333344,3.0065291510303136,True,0.06514412,0.5800803066484879,0.4236612067080277,0.0158411329442278,0.3018588015973679,True,4955,987.715380859375,254.851117143641,0.2580208044567498,High,0.06514411839358586,0.5800803066484879,0.4236612067080277,0.015841132944227888,0.2711816911735823,0.2580208044567498,0.21556216734482903,4991,199
CAND_04722,Al7.59Fe25.89Mn28.97Ni37.55,4,7.59,0.0,0.0,0.0,25.89,28.97,0.0,0.0,37.55,0.0,0.0,0.0,100.0,True,492.37424,1272.5806,42.335186,210.0010000000001,2.584579988581961,True,0.112623915,0.5513463626831459,0.413530791874141,0.0143210927717375,0.3047219467022324,True,4946,944.2343139648438,258.40580481041883,0.2736670347483685,High,0.11262391303812994,0.5513463626831459,0.413530791874141,0.014321092771737586,0.2729555400917886,0.2736670347483685,0.21430682638788318,4992,200
CAND_01620,Cr6.41Cu25.42Fe27.92Mn8.33V9.43W22.49,6,0.0,0.0,6.41,25.42,27.92,8.33,0.0,0.0,0.0,0.0,9.43,22.49,100.0,True,789.9939,890.6173,37.01465,262.9556666666668,1.127372380930307,True,0.36083022,0.2513818365038298,0.3183695419096664,0.1277983775285489,0.2824257613180407,True,4988,840.5771525065104,203.62862713606677,0.2422485866155987,Low,0.3608302052107619,0.2513818365038298,0.31836954190966643,0.12779837752854908,0.2645949902882018,0.2422485866155987,0.21299681331018336,4993,201
CAND_02439,Cr25.94Cu22.10Fe28.40Ni23.56,4,0.0,0.0,25.94,22.1,28.4,0.0,0.0,0.0,23.56,0.0,0.0,0.0,100.0,True,575.40625,1277.2448,34.802914,228.8123333333334,2.219727018954,True,0.18187025,0.5550092657500256,0.2788112037363268,0.0546321581356079,0.2989614829278619,True,4964,907.7290486653644,234.4467803057426,0.2582783713382865,High,0.18187023679826358,0.5550092657500256,0.27881120373632684,0.0546321581356079,0.267580716105056,0.2582783713382865,0.2126562151906506,4994,202
CAND_04832,Cu14.72Fe9.12Mo27.46Ti34.37V14.33,5,0.0,0.0,0.0,14.72,9.12,0.0,27.46,0.0,0.0,34.37,14.33,0.0,100.0,True,939.60895,583.26044,34.068993,315.461,0.620748069070924,False,0.48560494,0.0100074560912027,0.2656845488776477,0.2403127796948918,0.2511517765347208,True,5000,1154.115861002604,218.6861214280226,0.1894836808135064,Medium,0.4856048817684964,0.010007456091202753,0.2656845488776477,0.24031277969489184,0.2504024166080597,0.1894836808135064,0.21051353679506185,4995,203
CAND_04978,Al7.47Cu42.85Fe28.46Nb9.91V11.31,5,7.47,0.0,0.0,42.85,28.46,0.0,0.0,9.91,0.0,0.0,11.31,0.0,100.0,True,1080.0677,861.4503,22.567749,257.9376666666667,0.7975891334399121,False,0.6027435,0.2284763235001665,0.0599773127671479,0.1170452361955279,0.2819170685611045,True,4989,953.9927042643228,207.6373181931654,0.2176508449855349,Low,0.602743465760907,0.22847632350016653,0.05997731276714792,0.11704523619552797,0.25206058455593733,0.2176508449855349,0.2070056335064849,4996,204
CAND_00242,Cr20.01Cu24.55Fe27.40Ni28.04,4,0.0,0.0,20.01,24.55,27.4,0.0,0.0,0.0,28.04,0.0,0.0,0.0,100.0,True,506.97037,1330.2886,35.04465,228.3393333333334,2.6239967569295355,True,0.12479667,0.5966657765555152,0.283134809463534,0.0536185599190835,0.2952652229071696,True,4972,867.2815877278646,249.44696115614917,0.2876193438046566,High,0.1247966683842308,0.5966657765555152,0.283134809463534,0.053618559919083576,0.26455395358059086,0.2876193438046566,0.20545975396648442,4997,205
CAND_03965,Cu24.16Fe29.14Mn22.23Ni24.47,4,0.0,0.0,0.0,24.16,29.14,22.23,0.0,0.0,24.47,0.0,0.0,0.0,100.0,True,421.85492,1319.491,39.32158,209.02733333333344,3.1278312500696286,True,0.053812817,0.5881861740181149,0.3596304867431465,0.0122346090575251,0.2843425106441036,True,4984,974.5681722005208,245.84117314274104,0.2522565174559777,High,0.05381281519689417,0.5881861740181149,0.3596304867431465,0.012234609057525185,0.2534660212539202,0.2522565174559777,0.2024074282870168,4998,206
CAND_04948,Co15.47Cr14.29Cu19.48Fe25.08Mn19.64V6.04,6,0.0,15.47,14.29,19.48,25.08,19.64,0.0,0.0,0.0,0.0,6.04,0.0,100.0,True,702.6721,929.32697,35.551003,237.25833333333335,1.3225613265210752,True,0.28800637,0.2817814267788841,0.2921912624982023,0.0727312078962086,0.2548938344324146,True,4999,940.0485188802083,232.27129459614557,0.2470843684460335,High,0.28800631916828695,0.2817814267788841,0.2921912624982023,0.07273120789620859,0.23367755408539548,0.2470843684460335,0.18737910601555877,4999,207
CAND_01625,Cr12.94Cu14.95Fe43.24Mn19.91Nb8.96,5,0.0,0.0,12.94,14.95,43.24,19.91,0.0,8.96,0.0,0.0,0.0,0.0,100.0,True,657.5567,1320.5634,19.64479,227.59933333333336,2.008288253569506,True,0.25038138,0.5890283542953161,0.0076982882412522,0.0520328037240983,0.2615524130034012,True,4998,902.6062133789062,184.2278702639593,0.204106583284312,Low,0.2503813647083391,0.5890283542953161,0.007698288241252285,0.05203280372409834,0.22478520274225144,0.204106583284312,0.18668214746333253,5000,208
