Record_ID,Actual_YS_MPa,Predicted_YS_MPa,Absolute_Error_MPa,Lower_95_MPa,Upper_95_MPa,Interval_Width_MPa,Covered_95pct,YS_Band
R00001,204.0,204.9200936114827,0.920093611482713,-358.78989143452236,768.6300786574877,1127.41997009201,True,<=600
R00002,209.0,204.9200936114827,4.079906388517287,-358.78989143452236,768.6300786574877,1127.41997009201,True,<=600
R00003,241.0,212.7397302054469,28.260269794553096,-350.97025484055814,776.449715251452,1127.41997009201,True,<=600
R00004,196.0,198.52280436515585,2.5228043651558494,-365.1871806808492,762.2327894111609,1127.41997009201,True,<=600
R00005,476.0,513.7473286065439,37.747328606543874,-49.96265643946117,1077.457313652549,1127.41997009201,True,<=600
R00006,1301.0,729.3015975418576,571.6984024581424,165.5916124958526,1293.0115825878627,1127.41997009201,False,1200-1800
R00007,158.0,281.85487637446397,123.85487637446397,-281.8551086715411,845.564861420469,1127.41997009201,True,<=600
R00008,346.0,902.2467164290867,556.2467164290867,338.5367313830817,1465.956701475092,1127.4199700920103,True,<=600
R00009,794.0,1060.2316526297257,266.23165262972566,496.5216675837206,1623.9416376757308,1127.4199700920103,True,600-1200
R00010,148.0,266.7781962360908,118.77819623609082,-296.9317888099142,830.4881812820959,1127.41997009201,True,<=600
R00014,318.0,433.60798526030294,115.60798526030294,-130.1019997857021,997.317970306308,1127.41997009201,True,<=600
R00015,322.0,331.32015742881663,9.320157428816628,-232.38982761718842,895.0301424748217,1127.41997009201,True,<=600
R00016,403.0,368.88986637037857,34.11013362962143,-194.82011867562647,932.5998514163837,1127.41997009201,True,<=600
R00017,479.0,468.09709541046675,10.90290458953325,-95.6128896355383,1031.8070804564718,1127.41997009201,True,<=600
R00018,638.0,629.8043323027285,8.19566769727146,66.0943472567235,1193.5143173487336,1127.41997009201,True,600-1200
R00028,2033.0,1300.2184217038318,732.7815782961682,736.5084366578268,1863.928406749837,1127.4199700920103,False,1800-2200
R00037,1251.0,1294.7743260391198,43.77432603911984,731.0643409931148,1858.4843110851248,1127.4199700920099,True,1200-1800
R00038,1051.0,1294.7743260391198,243.77432603911984,731.0643409931148,1858.4843110851248,1127.4199700920099,True,600-1200
R00039,1110.0,1294.7743260391198,184.77432603911984,731.0643409931148,1858.4843110851248,1127.4199700920099,True,600-1200
R00040,1138.0,1249.0267977728317,111.02679777283174,685.3168127268267,1812.7367828188367,1127.4199700920099,True,600-1200
R00041,1138.0,1249.0267977728317,111.02679777283174,685.3168127268267,1812.7367828188367,1127.4199700920099,True,600-1200
R00043,1373.0,1294.7743260391198,78.22567396088016,731.0643409931148,1858.4843110851248,1127.4199700920099,True,1200-1800
R00054,957.0,1173.4861374439497,216.4861374439497,609.7761523979447,1737.1961224899546,1127.4199700920099,True,600-1200
R00055,906.0,926.5344342741059,20.534434274105934,362.8244492281009,1490.2444193201109,1127.4199700920099,True,600-1200
R00056,867.0,987.9606894208341,120.96068942083411,424.25070437482907,1551.670674466839,1127.4199700920099,True,600-1200
R00057,867.0,1021.2015031086003,154.20150310860026,457.4915180625952,1584.9114881546052,1127.4199700920099,True,600-1200
R00058,1056.0,943.6284561333789,112.3715438666211,379.91847108737386,1507.338441179384,1127.4199700920103,True,600-1200
R00059,1060.0,1028.1419533849523,31.85804661504767,464.4319683389473,1591.8519384309575,1127.4199700920103,True,600-1200
R00060,1251.0,1254.9703561735037,3.97035617350366,691.2603711274986,1818.6803412195086,1127.4199700920099,True,1200-1800
R00061,1255.0,1329.535016807869,74.53501680786894,765.8250317618639,1893.2450018538739,1127.4199700920099,True,1200-1800
R00066,1804.0,1662.95434437822,141.04565562178004,1099.244359332215,2226.664329424225,1127.4199700920099,True,1800-2200
R00067,2456.0,1997.550827913769,458.4491720862311,1433.840842867764,2561.260812959774,1127.4199700920099,True,>2200
R00068,2649.0,2249.1909542022026,399.80904579779735,1685.4809691561977,2812.9009392482076,1127.4199700920099,True,>2200
R00069,2670.0,2648.114341325645,21.885658674355,2084.40435627964,3211.82432637165,1127.4199700920099,True,>2200
R00071,2757.0,2566.0094080734234,190.9905919265766,2002.2994230274185,3129.7193931194283,1127.4199700920099,True,>2200
R00083,1641.0,1606.449465153845,34.55053484615496,1042.7394801078399,2170.15945019985,1127.4199700920103,True,1200-1800
R00084,1959.0,2261.0041097002454,302.0041097002454,1697.2941246542405,2824.7140947462503,1127.4199700920099,True,1800-2200
R00085,2473.0,2143.987906496988,329.0120935030118,1580.2779214509833,2707.697891542993,1127.4199700920099,True,>2200
R00087,1265.0,1539.7101752340786,274.71017523407863,976.0001901880736,2103.4201602800836,1127.4199700920099,True,1200-1800
R00088,1481.0,1733.6132276720248,252.61322767202478,1169.9032426260196,2297.32321271803,1127.4199700920103,True,1200-1800
R00089,1834.0,1607.2216466400769,226.77835335992313,1043.511661594072,2170.931631686082,1127.4199700920099,True,1800-2200
R00090,2179.0,2098.112605875698,80.88739412430186,1534.4026208296932,2661.822590921703,1127.4199700920099,True,1800-2200
R00091,1110.0,1981.8494033659467,871.8494033659467,1418.1394183199418,2545.5593884119517,1127.4199700920099,False,600-1200
R00092,2411.0,2067.6354827689083,343.36451723109167,1503.9254977229034,2631.3454678149133,1127.4199700920099,True,>2200
R00096,2040.0,1388.627217525508,651.3727824744919,824.917232479503,1952.337202571513,1127.4199700920099,False,1800-2200
R00097,2260.0,1736.5237681111716,523.4762318888284,1172.8137830651667,2300.2337531571766,1127.4199700920099,True,>2200
R00098,1860.0,2083.021412189825,223.0214121898248,1519.3114271438199,2646.7313972358297,1127.4199700920099,True,1800-2200
R00100,2220.0,2065.415069714638,154.58493028536213,1501.705084668633,2629.125054760643,1127.4199700920099,True,>2200
R00104,208.0,486.09939422058085,278.09939422058085,-77.6105908254242,1049.809379266586,1127.41997009201,True,<=600
R00105,230.0,504.32981555152435,274.32981555152435,-59.3801694944807,1068.0398005975294,1127.41997009201,True,<=600
R00106,620.0,551.232119433342,68.76788056665805,-12.477865612663095,1114.942104479347,1127.4199700920103,True,600-1200
R00107,740.0,786.7787735377574,46.77877353775739,223.06878849175234,1350.4887585837623,1127.4199700920099,True,600-1200
R00109,1660.0,1231.635713057337,428.36428694266306,667.9257280113319,1795.3456981033419,1127.4199700920099,True,1200-1800
R00111,220.0,293.46623476666184,73.46623476666184,-270.2437502793432,857.1762198126669,1127.41997009201,True,<=600
R00112,244.0,232.36841783144814,11.631582168551859,-331.3415672145569,796.0784028774532,1127.41997009201,True,<=600
R00113,285.0,412.50083632674193,127.50083632674193,-151.2091487192631,976.210821372747,1127.41997009201,True,<=600
R00114,331.0,461.13644162471684,130.13644162471684,-102.5735434212882,1024.846426670722,1127.41997009201,True,<=600
R00115,526.0,682.2207757105854,156.22077571058537,118.51079066458033,1245.9307607565904,1127.41997009201,True,<=600
R00116,833.0,813.194664434803,19.80533556519697,249.48467938879799,1376.904649480808,1127.41997009201,True,600-1200
R00123,231.0,231.01661285556077,0.016612855560765638,-332.6933721904443,794.7265979015658,1127.41997009201,True,<=600
R00124,221.0,246.1530541250624,25.153054125062397,-317.55693092094265,809.8630391710674,1127.41997009201,True,<=600
R00125,274.0,266.7781962360908,7.221803763909179,-296.9317888099142,830.4881812820959,1127.41997009201,True,<=600
R00126,282.0,319.09581610793055,37.095816107930546,-244.6141689380745,882.8058011539356,1127.41997009201,True,<=600
R00127,170.0,213.07213677890294,43.072136778902944,-350.6378482671021,776.782121824908,1127.41997009201,True,<=600
R00131,1406.0,1249.8434339452356,156.15656605476443,686.1334488992305,1813.5534189912405,1127.4199700920099,True,1200-1800
R00132,1487.0,1710.7786892693293,223.77868926932933,1147.0687042233244,2274.4886743153343,1127.4199700920099,True,1200-1800
R00133,1749.0,1627.7124829580189,121.28751704198112,1064.002497912014,2191.422468004024,1127.4199700920099,True,1200-1800
R00134,1513.0,1749.1162878961545,236.11628789615452,1185.4063028501496,2312.8262729421594,1127.4199700920099,True,1200-1800
R00151,230.0,442.1535749499368,212.1535749499368,-121.55641009606825,1005.8635599959418,1127.41997009201,True,<=600
R00152,230.0,442.1535749499368,212.1535749499368,-121.55641009606825,1005.8635599959418,1127.41997009201,True,<=600
R00154,700.0,1114.9205477767791,414.92054777677913,551.2105627307741,1678.630532822784,1127.4199700920099,True,600-1200
R00155,700.0,1114.9205477767791,414.92054777677913,551.2105627307741,1678.630532822784,1127.4199700920099,True,600-1200
R00156,1042.0,1191.3129118553163,149.31291185531632,627.6029268093113,1755.0228969013215,1127.4199700920103,True,600-1200
R00157,1272.0,1157.5749703086751,114.42502969132488,593.8649852626701,1721.2849553546803,1127.4199700920103,True,1200-1800
R00161,388.0,944.2562205118147,556.2562205118147,380.5462354658097,1507.9662055578196,1127.4199700920099,True,<=600
R00167,950.0,1401.572148198827,451.5721481988271,837.8621631528221,1965.282133244832,1127.4199700920099,True,600-1200
R00168,1303.0,1392.5802583428522,89.58025834285218,828.8702732968471,1956.290243388857,1127.4199700920099,True,1200-1800
R00170,1005.0,1228.809164837693,223.80916483769306,665.099179791688,1792.519149883698,1127.4199700920099,True,600-1200
R00171,1234.0,1790.2062398715327,556.2062398715327,1226.4962548255276,2353.916224917538,1127.4199700920103,True,1200-1800
R00172,1469.0,1387.7130203057427,81.2869796942573,824.0030352597377,1951.4230053517476,1127.4199700920099,True,1200-1800
R00176,1620.0,1396.324515809672,223.675484190328,832.614530763667,1960.034500855677,1127.4199700920099,True,1200-1800
R00184,1580.0,1386.7295221481918,193.2704778518082,823.0195371021867,1950.4395071941967,1127.4199700920099,True,1200-1800
R00205,1900.0,1682.9682449058173,217.0317550941827,1119.2582598598124,2246.6782299518222,1127.4199700920099,True,1800-2200
R00235,158.0,268.37048983182774,110.37048983182774,-295.3394952141773,832.0804748778328,1127.41997009201,True,<=600
R00236,346.0,886.1602203355969,540.1602203355969,322.4502352895919,1449.8702053816019,1127.4199700920099,True,<=600
R00237,794.0,1005.0125827330933,211.01258273309327,441.3025976870882,1568.7225677790984,1127.4199700920103,True,600-1200
R00238,964.0,1098.5438295916997,134.5438295916997,534.8338445456947,1662.2538146377046,1127.4199700920099,True,600-1200
R00239,204.0,207.2591779556609,3.2591779556609026,-356.45080709034414,770.969163001666,1127.41997009201,True,<=600
R00240,209.0,207.2591779556609,1.7408220443390974,-356.45080709034414,770.969163001666,1127.41997009201,True,<=600
R00241,196.0,276.2671585036045,80.26715850360449,-287.44282654240055,839.9771435496095,1127.41997009201,True,<=600
R00242,476.0,542.014439891404,66.01443989140398,-21.695545154601064,1105.724424937409,1127.4199700920099,True,<=600
R00243,1301.0,736.5153702944148,564.4846297055852,172.80538524840972,1300.2253553404198,1127.41997009201,False,1200-1800
R00244,274.0,324.13058688865397,50.130586888653966,-239.57939815735108,887.840571934659,1127.41997009201,True,<=600
R00245,282.0,314.06514645544166,32.06514645544166,-249.64483859056338,877.7751315014467,1127.41997009201,True,<=600
R00246,300.0,344.2363410361673,44.23634103616729,-219.47364400983776,907.9463260821724,1127.41997009201,True,<=600
R00247,170.0,231.42204877286954,61.422048772869545,-332.28793627313553,795.1320338188746,1127.41997009201,True,<=600
R00248,211.0,234.79723047350086,23.79723047350086,-328.9127545725042,798.507215519506,1127.41997009201,True,<=600
R00249,231.0,239.03576824139864,8.035768241398642,-324.67421680460643,802.7457532874037,1127.41997009201,True,<=600
R00250,221.0,257.9512817644377,36.95128176443768,-305.75870328156736,821.6612668104427,1127.41997009201,True,<=600
R00251,318.0,439.18833380749885,121.18833380749885,-124.5216512385062,1002.898318853504,1127.41997009201,True,<=600
R00252,322.0,345.9757877104993,23.975787710499276,-217.73419733550577,909.6857727565043,1127.41997009201,True,<=600
R00253,403.0,364.9418958112879,38.05810418871209,-198.76808923471714,928.651880857293,1127.41997009201,True,<=600
R00254,479.0,473.9396141188526,5.060385881147397,-89.77037092715244,1037.6495991648576,1127.41997009201,True,<=600
R00255,638.0,628.6684284445128,9.331571555487244,64.95844339850771,1192.3784134905177,1127.4199700920099,True,600-1200
R00256,148.0,221.48482675600818,73.48482675600818,-342.2251582899969,785.1948118020132,1127.41997009201,True,<=600
R00291,2033.0,1398.1293737066137,634.8706262933863,834.4193886606087,1961.8393587526189,1127.4199700920103,False,1800-2200
R00302,1251.0,1284.28851380721,33.28851380720994,720.5785287612049,1847.998498853215,1127.4199700920103,True,1200-1800
R00303,957.0,1050.480976699928,93.48097669992808,486.77099165392303,1614.1909617459332,1127.4199700920103,True,600-1200
R00304,906.0,944.7015794669069,38.70157946690688,380.99159442090183,1508.4115645129118,1127.4199700920099,True,600-1200
R00305,867.0,1029.529962675066,162.52996267506592,465.8199776290609,1593.239947721071,1127.4199700920103,True,600-1200
R00306,1056.0,1004.8382524640035,51.16174753599648,441.1282674179985,1568.5482375100087,1127.4199700920103,True,600-1200
R00307,1060.0,1131.4621201581056,71.46212015810556,567.7521351121005,1695.1721052041107,1127.4199700920103,True,600-1200
R00308,1255.0,1288.4431556367335,33.443155636733536,724.7331705907285,1852.1531406827385,1127.4199700920099,True,1200-1800
R00309,1251.0,1144.6016549026199,106.39834509738012,580.8916698566148,1708.3116399486248,1127.4199700920099,True,1200-1800
R00310,1138.0,1284.28851380721,146.28851380720994,720.5785287612049,1847.998498853215,1127.4199700920103,True,600-1200
R00311,1804.0,1645.1429961418266,158.85700385817336,1081.4330110958217,2208.8529811878316,1127.4199700920099,True,1800-2200
R00312,2456.0,1993.7575548631312,462.2424451368688,1430.0475698171263,2557.467539909136,1127.4199700920099,True,>2200
R00313,2649.0,2249.142203715276,399.8577962847239,1685.4322186692712,2812.852188761281,1127.4199700920099,True,>2200
R00314,2670.0,2646.4376604588188,23.562339541181245,2082.727675412814,3210.1476455048237,1127.4199700920099,True,>2200
R00315,2757.0,2571.868008258708,185.13199174129204,2008.158023212703,3135.577993304713,1127.4199700920099,True,>2200
R00316,1051.0,1284.28851380721,233.28851380720994,720.5785287612049,1847.998498853215,1127.4199700920103,True,600-1200
R00317,1641.0,1625.6730210979395,15.326978902060546,1061.9630360519345,2189.3830061439444,1127.4199700920099,True,1200-1800
R00318,1959.0,2229.419714422163,270.419714422163,1665.709729376158,2793.129699468168,1127.4199700920099,True,1800-2200
R00319,2473.0,2095.257005484743,377.7429945152571,1531.547020438738,2658.966990530748,1127.4199700920099,True,>2200
R00321,1373.0,1284.28851380721,88.71148619279006,720.5785287612049,1847.998498853215,1127.4199700920103,True,1200-1800
R00336,1110.0,1284.28851380721,174.28851380720994,720.5785287612049,1847.998498853215,1127.4199700920103,True,600-1200
R00337,2411.0,2034.0947366874575,376.9052633125425,1470.3847516414526,2597.8047217334624,1127.4199700920099,True,>2200
R00338,1265.0,1513.2544834906216,248.25448349062162,949.5444984446166,2076.9644685366266,1127.4199700920099,True,1200-1800
R00339,1481.0,1775.7234599547724,294.72345995477235,1212.0134749087674,2339.4334450007773,1127.4199700920099,True,1200-1800
R00340,1834.0,1783.6229121357433,50.37708786425674,1219.9129270897383,2347.332897181748,1127.4199700920099,True,1800-2200
R00341,2179.0,2133.5001098472394,45.4998901527606,1569.7901248012345,2697.2100948932443,1127.4199700920099,True,1800-2200
R00343,750.0,910.8916423524861,160.8916423524861,347.18165730648104,1474.601627398491,1127.4199700920099,True,600-1200
R00344,1580.0,1578.7465680835323,1.2534319164676617,1015.0365830375273,2142.4565531295375,1127.4199700920103,True,1200-1800
R00345,1900.0,1695.5316915457283,204.46830845427166,1131.8217064997234,2259.2416765917333,1127.4199700920099,True,1800-2200
R00346,700.0,1090.768533572113,390.76853357211303,527.058548526108,1654.478518618118,1127.4199700920099,True,600-1200
R00347,1860.0,2088.1371134515693,228.13711345156935,1524.4271284055644,2651.8470984975743,1127.4199700920099,True,1800-2200
R00348,2260.0,1704.423615234965,555.5763847650351,1140.71363018896,2268.13360028097,1127.4199700920099,True,>2200
R00349,2220.0,1874.4683297346337,345.5316702653663,1310.7583446886288,2438.1783147806386,1127.4199700920099,True,>2200
R00360,220.0,271.42303920322337,51.42303920322337,-292.2869458427817,835.1330242492284,1127.41997009201,True,<=600
R00361,244.0,255.53504932664526,11.535049326645265,-308.1749357193598,819.2450343726503,1127.41997009201,True,<=600
R00362,285.0,405.47526920259105,120.47526920259105,-158.234715843414,969.185254248596,1127.41997009201,True,<=600
R00363,331.0,484.0709595046369,153.0709595046369,-79.63902554136814,1047.7809445506418,1127.4199700920099,True,<=600
R00364,526.0,702.474593532242,176.474593532242,138.76460848623697,1266.184578578247,1127.41997009201,True,<=600
R00365,833.0,834.8053753567469,1.8053753567469357,271.0953903107419,1398.5153604027519,1127.4199700920099,True,600-1200
R00372,208.0,492.1659325056678,284.1659325056678,-71.54405254033725,1055.875917551673,1127.4199700920103,True,<=600
R00374,230.0,503.370973715693,273.370973715693,-60.33901133031202,1067.0809587616982,1127.4199700920103,True,<=600
R00376,200.0,258.7638617287781,58.763861728778124,-304.9461233172269,822.4738467747832,1127.41997009201,True,<=600
R00378,620.0,536.1811293452404,83.81887065475962,-27.528855700764666,1099.8911143912455,1127.4199700920103,True,600-1200
R00379,740.0,811.2908581217794,71.29085812177937,247.58087307577432,1375.0008431677843,1127.4199700920099,True,600-1200
R00381,1660.0,1227.6188440099284,432.38115599007165,663.9088589639233,1791.3288290559335,1127.4199700920103,True,1200-1800
R00385,1406.0,1121.1394738574863,284.86052614251366,557.4294888114813,1684.8494589034913,1127.4199700920099,True,1200-1800
R00387,1487.0,1683.480554429153,196.48055442915302,1119.770569383148,2247.190539475158,1127.4199700920099,True,1200-1800
R00388,1749.0,1819.5911406008736,70.59114060087359,1255.8811555548687,2383.3011256468785,1127.4199700920099,True,1200-1800
R00389,1513.0,1509.2902845525928,3.709715447407234,945.5802995065877,2073.0002695985977,1127.4199700920099,True,1200-1800
R00404,1272.0,1146.82084267634,125.17915732366009,583.1108576303349,1710.5308277223448,1127.4199700920099,True,1200-1800
R00405,700.0,1124.2355156543063,424.23551565430625,560.5255306083012,1687.9455007003112,1127.4199700920099,True,600-1200
R00406,1042.0,1219.3334040796417,177.3334040796417,655.6234190336367,1783.0433891256466,1127.4199700920099,True,600-1200
R00439,1005.0,1275.688850404056,270.688850404056,711.9788653580509,1839.3988354500611,1127.4199700920103,True,600-1200
R00440,1303.0,1496.2453901523586,193.2453901523586,932.5354051063536,2059.9553751983635,1127.4199700920099,True,1200-1800
R00441,1234.0,1649.7864540307198,415.7864540307198,1086.0764689847147,2213.496439076725,1127.4199700920103,True,1200-1800
R00442,1469.0,1671.7727144114087,202.77271441140874,1108.0627293654038,2235.4826994574137,1127.4199700920099,True,1200-1800
R00466,230.0,414.18135697623745,184.18135697623745,-149.5286280697676,977.8913420222425,1127.41997009201,True,<=600
R00474,980.0,959.9334368091637,20.06656319083629,396.22345176315866,1523.6434218551688,1127.41997009201,True,600-1200
R00476,1074.0,1115.818138277022,41.818138277021944,552.1081532310169,1679.528123323027,1127.4199700920103,True,600-1200
R00477,300.0,1130.9631667418307,830.9631667418307,567.2531816958257,1694.6731517878356,1127.4199700920099,False,<=600
R00478,488.0,539.3677248141076,51.367724814107646,-24.3422602318974,1103.0777098601127,1127.41997009201,True,<=600
R00479,415.0,544.574822181316,129.574822181316,-19.13516286468905,1108.284807227321,1127.4199700920099,True,<=600
R00482,546.0,590.8982951550445,44.89829515504448,27.188310109039435,1154.6082802010496,1127.4199700920103,True,<=600
R00483,600.0,820.4360295143397,220.43602951433968,256.72604446833463,1384.1460145603446,1127.4199700920099,True,<=600
R00485,1965.0,1647.6268930276728,317.37310697232715,1083.916907981668,2211.336878073678,1127.4199700920099,True,1800-2200
R00486,678.0,645.2439441855381,32.75605581446189,81.53395913953307,1208.953929231543,1127.4199700920099,True,600-1200
R00487,166.0,213.7567721174383,47.75677211743829,-349.95321292856676,777.4667571634434,1127.41997009201,True,<=600
R00488,1965.0,1460.8282253035873,504.17177469641274,897.1182402575822,2024.5382103495922,1127.4199700920099,True,1800-2200
R00489,362.0,510.00261271218665,148.00261271218665,-53.7073723338184,1073.7125977581918,1127.4199700920103,True,<=600
R00490,236.0,221.60952828596893,14.390471714031065,-342.1004567600361,785.319513331974,1127.41997009201,True,<=600
R00491,1841.0,1421.2773918331482,419.72260816685184,857.5674067871431,1984.987376879153,1127.4199700920099,True,1800-2200
R00492,796.0,489.15160732188997,306.84839267811003,-74.55837772411508,1052.861592367895,1127.4199700920099,True,600-1200
R00493,298.0,236.02827957874118,61.97172042125882,-327.6817054672639,799.7382646247462,1127.41997009201,True,<=600
R00494,2035.0,1601.9831825564684,433.01681744353164,1038.2731975104634,2165.6931676024733,1127.4199700920099,True,1800-2200
R00495,796.0,709.916810996529,86.08318900347103,146.20682595052392,1273.626796042534,1127.4199700920099,True,600-1200
R00496,220.0,239.52424533155025,19.524245331550247,-324.1857397144548,803.2342303775553,1127.41997009201,True,<=600
R00497,2000.0,1570.5940878753038,429.4059121246962,1006.8841028292987,2134.304072921309,1127.4199700920103,True,1800-2200
R00498,1597.0,678.7820221113373,918.2179778886627,115.07203706533221,1242.4920071573424,1127.4199700920103,False,1200-1800
R00499,745.0,470.6607478716172,274.3392521283828,-93.04923717438783,1034.3707329176223,1127.41997009201,True,600-1200
R00500,250.0,216.49342794675607,33.50657205324393,-347.216557099249,780.2034129927611,1127.41997009201,True,<=600
R00501,1280.0,1314.3851415705624,34.38514157056238,750.6751565245573,1878.0951266165675,1127.4199700920103,True,1200-1800
R00502,728.0,743.1112006586711,15.111200658671123,179.40121561266608,1306.8211857046763,1127.4199700920103,True,600-1200
R00503,403.0,425.9562765809825,22.95627658098249,-137.75370846502256,989.6662616269875,1127.41997009201,True,<=600
R00504,1188.0,1344.1376976837462,156.13769768374618,780.4277126377411,1907.8476827297513,1127.4199700920103,True,600-1200
R00505,1302.0,1442.9442588055756,140.9442588055756,879.2342737595706,2006.6542438515808,1127.4199700920103,True,1200-1800
R00506,1415.0,1503.8449762947178,88.84497629471775,940.1349912487127,2067.554961340723,1127.4199700920103,True,1200-1800
R00507,1489.0,1582.7724952834108,93.77249528341076,1019.0625102374057,2146.482480329416,1127.4199700920103,True,1200-1800
R00508,1073.0,1187.4802530062561,114.48025300625613,623.7702679602511,1751.190238052261,1127.4199700920099,True,600-1200
R00509,1250.0,1410.6716477475532,160.67164774755315,846.9616627015481,1974.3816327935583,1127.4199700920103,True,1200-1800
R00510,1625.0,1261.5515602342484,363.4484397657516,697.8415751882434,1825.2615452802534,1127.4199700920099,True,1200-1800
R00511,1260.0,1345.991460337573,85.99146033757302,782.281475291568,1909.7014453835782,1127.4199700920103,True,1200-1800
R00512,1375.0,1034.2013494651142,340.79865053488584,470.4913644191091,1597.911334511119,1127.4199700920099,True,1200-1800
R00513,1200.0,1358.9489011632927,158.9489011632927,795.2389161172877,1922.6588862092976,1127.4199700920099,True,600-1200
R00514,1330.0,999.6226286735284,330.3773713264716,435.9126436275234,1563.3326137195336,1127.4199700920103,True,1200-1800
R00515,1014.0,1234.1251622126679,220.12516221266787,670.4151771666628,1797.8351472586728,1127.4199700920099,True,600-1200
R00516,993.0,1221.4560259833318,228.45602598333176,657.7460409373267,1785.166011029337,1127.4199700920103,True,600-1200
R00517,1092.0,1095.5369160615228,3.5369160615227884,531.8269310155177,1659.2469011075277,1127.4199700920099,True,600-1200
R00518,1020.0,1246.784959230783,226.784959230783,683.074974184778,1810.494944276788,1127.4199700920099,True,600-1200
R00519,810.0,876.9438408483154,66.9438408483154,313.23385580231036,1440.6538258943206,1127.4199700920103,True,600-1200
R00520,685.0,621.6156117049446,63.38438829505537,57.90562665893958,1185.3255967509497,1127.41997009201,True,600-1200
R00521,158.0,184.57411942135394,26.57411942135394,-379.1358656246511,748.2841044673589,1127.41997009201,True,<=600
R00522,1595.0,1450.1773457368379,144.82265426316212,886.4673606908328,2013.887330782843,1127.4199700920103,True,1200-1800
R00523,983.0,631.9074179256038,351.0925820743962,68.19743287959875,1195.617402971609,1127.4199700920103,True,600-1200
R00524,546.0,424.6053249212704,121.39467507872962,-139.10466012473466,988.3153099672754,1127.41997009201,True,<=600
R00525,170.0,200.17049151094716,30.17049151094716,-363.5394935350579,763.8804765569522,1127.41997009201,True,<=600
R00526,1298.0,1349.8798776115495,51.879877611549546,786.1698925655445,1913.5898626575545,1127.4199700920099,True,1200-1800
R00527,1230.0,1006.036882366845,223.96311763315498,442.32689732084,1569.74686741285,1127.4199700920099,True,1200-1800
R00528,615.0,568.6056053683308,46.39439463166923,4.895620322325726,1132.315590414336,1127.4199700920103,True,600-1200
R00529,259.0,136.97623173762568,122.02376826237432,-426.7337533083794,700.6862167836307,1127.41997009201,True,<=600
R00530,1260.0,1244.0946219659227,15.90537803407733,680.3846369199176,1807.8046070119276,1127.4199700920099,True,1200-1800
R00531,1035.0,889.0101991529565,145.9898008470435,325.30021410695144,1452.7201841989615,1127.41997009201,True,600-1200
R00532,300.0,388.89900393609395,88.89900393609395,-174.8109811099111,952.6089889820989,1127.41997009201,True,<=600
R00533,115.0,162.5101229987085,47.51012299870851,-401.1998620472965,726.2201080447136,1127.41997009201,True,<=600
R00534,918.0,1129.6446310960077,211.64463109600774,565.9346460500027,1693.3546161420127,1127.4199700920099,True,600-1200
R00535,571.0,872.5522542904973,301.55225429049733,308.8422692444923,1436.2622393365023,1127.4199700920099,True,<=600
R00536,240.0,494.62297152050485,254.62297152050485,-69.0870135255002,1058.33295656651,1127.41997009201,True,<=600
R00537,72.0,142.15931560766396,70.15931560766396,-421.55066943834106,705.869300653669,1127.41997009201,True,<=600
R00538,1105.0,1164.2960013986249,59.29600139862487,600.5860163526198,1728.0059864446298,1127.4199700920099,True,600-1200
R00539,834.0,762.1126398787702,71.88736012122979,198.40265483276517,1325.8226249247753,1127.41997009201,True,600-1200
R00540,187.0,325.4960081050491,138.4960081050491,-238.21397694095594,889.2059931510541,1127.41997009201,True,<=600
R00541,58.0,117.89652342043237,59.89652342043237,-445.8134616255727,681.6065084664374,1127.41997009201,True,<=600
R00542,1176.0,1389.7008238212675,213.70082382126748,825.9908387752624,1953.4108088672724,1127.4199700920099,True,600-1200
R00543,1183.0,1200.3079249488633,17.307924948863274,636.5979399028582,1764.0179099948682,1127.4199700920099,True,600-1200
R00544,1201.0,1322.2859116930626,121.28591169306264,758.5759266470576,1885.9958967390676,1127.4199700920099,True,1200-1800
R00545,1112.0,1237.2540343633893,125.25403436338934,673.5440493173843,1800.9640194093945,1127.4199700920103,True,600-1200
R00546,1317.0,1333.9196589891767,16.919658989176696,770.2096739431717,1897.6296440351816,1127.4199700920099,True,1200-1800
R00547,1373.0,1396.9209718922082,23.920971892208172,833.2109868462031,1960.6309569382133,1127.4199700920103,True,1200-1800
R00548,1512.0,1423.4321016727624,88.56789832723757,859.7221166267574,1987.1420867187676,1127.4199700920103,True,1200-1800
R00549,1015.0,1192.6902911657478,177.6902911657478,628.9803061197427,1756.400276211753,1127.4199700920103,True,600-1200
R00550,1512.0,1423.2101592919603,88.78984070803972,859.5001742459552,1986.9201443379652,1127.4199700920099,True,1200-1800
R00551,1007.0,870.9217119806107,136.07828801938933,307.2117269346056,1434.6316970266157,1127.41997009201,True,600-1200
R00552,814.0,668.7228658385401,145.2771341614599,105.01288079253504,1232.4328508845451,1127.41997009201,True,600-1200
R00553,556.0,341.79815556059924,214.20184443940076,-221.9118294854058,905.5081406066042,1127.41997009201,True,<=600
R00554,1600.0,1437.6900555406776,162.30994445932242,873.9800704946725,2001.4000405866827,1127.4199700920103,True,1200-1800
R00555,1045.0,914.9236689589269,130.0763310410731,351.21368391292185,1478.633654004932,1127.41997009201,True,600-1200
R00556,855.0,772.2947152598863,82.70528474011371,208.58473021388124,1336.0047003058912,1127.4199700920099,True,600-1200
R00557,404.0,511.6465410096075,107.64654100960752,-52.06344403639753,1075.3565260556124,1127.4199700920099,True,<=600
R00558,1575.0,1397.271386689642,177.728613310358,833.5614016436369,1960.981371735647,1127.4199700920099,True,1200-1800
R00559,825.0,888.8829609363229,63.88296093632289,325.17297589031784,1452.5929459823278,1127.4199700920099,True,600-1200
R00560,635.0,684.3280197125486,49.32801971254855,120.61803466654351,1248.0380047585536,1127.41997009201,True,600-1200
R00561,187.0,348.9412427986948,161.94124279869482,-214.76874224731023,912.6512278446999,1127.41997009201,True,<=600
R00562,1719.0,1423.8724402491255,295.1275597508745,860.1624552031204,1987.5824252951306,1127.4199700920103,True,1200-1800
R00563,875.0,471.93694512977913,403.06305487022087,-91.77303991622591,1035.6469301757843,1127.4199700920103,True,600-1200
R00564,240.0,234.63492694738184,5.365073052618158,-329.07505809862323,798.3449119933869,1127.41997009201,True,<=600
R00565,1399.0,1339.3807810964172,59.619218903582805,775.6707960504122,1903.0907661424221,1127.4199700920099,True,1200-1800
R00566,903.0,792.2754429942215,110.72455700577848,228.56545794821648,1355.9854280402265,1127.4199700920099,True,600-1200
R00567,929.0,1293.487972342095,364.48797234209496,729.7779872960899,1857.1979573881,1127.4199700920099,True,600-1200
R00568,790.0,1025.6288390484337,235.62883904843375,461.9188540024287,1589.3388240944387,1127.4199700920099,True,600-1200
R00569,675.0,841.2449761803045,166.24497618030455,277.5349911342995,1404.9549612263095,1127.4199700920099,True,600-1200
R00570,535.0,544.1269910563257,9.126991056325664,-19.58299398967938,1107.8369761023307,1127.41997009201,True,<=600
R00571,295.0,364.9314105106429,69.93141051064288,-198.77857453536217,928.6413955566479,1127.41997009201,True,<=600
R00572,92.0,254.4868132844548,162.4868132844548,-309.22317176155025,818.1967983304598,1127.41997009201,True,<=600
R00573,879.0,1073.226545571769,194.22654557176907,509.516560525764,1636.9365306177742,1127.4199700920103,True,600-1200
R00574,1525.0,1432.449353350965,92.55064664903489,868.7393683049601,1996.1593383969703,1127.4199700920103,True,1200-1800
R00575,1246.0,1410.8064443308267,164.8064443308267,847.0964592848217,1974.5164293768316,1127.4199700920099,True,1200-1800
R00576,862.0,886.9185230344186,24.918523034418627,323.2085379884136,1450.6285080804237,1127.41997009201,True,600-1200
R00577,846.0,786.1086953339843,59.891304666015685,222.39871028797927,1349.8186803799895,1127.4199700920103,True,600-1200
R00578,842.0,734.9495551121049,107.05044488789508,171.23957006609987,1298.6595401581098,1127.4199700920099,True,600-1200
R00579,735.0,665.1261981973169,69.87380180268315,101.41621315131181,1228.836183243322,1127.4199700920103,True,600-1200
R00580,656.0,610.3431693887231,45.65683061127686,46.633184342718096,1174.0531544347282,1127.41997009201,True,600-1200
R00581,477.0,609.9381693887232,132.93816938872317,46.22818434271812,1173.6481544347282,1127.41997009201,True,<=600
R00582,1058.0,1051.06304346542,6.9369565345800765,487.3530584194149,1614.7730285114249,1127.4199700920099,True,600-1200
R00583,561.0,700.776006261305,139.77600626130504,137.0660212153,1264.48599130731,1127.41997009201,True,<=600
R00584,552.0,682.5432006708915,130.54320067089145,118.8332156248864,1246.2531857168965,1127.41997009201,True,<=600
R00585,548.0,638.6712349427335,90.67123494273346,74.96124989672842,1202.3812199887384,1127.4199700920099,True,<=600
R00586,506.0,590.9298473911243,84.92984739112433,27.21986234511928,1154.6398324371294,1127.41997009201,True,<=600
R00587,421.0,544.1801822706816,123.1801822706816,-19.529802775323446,1107.8901673166865,1127.4199700920099,True,<=600
R00588,405.0,526.1456822706816,121.14568227068162,-37.564302775323426,1089.8556673166868,1127.4199700920103,True,<=600
R00589,1289.0,1370.4076481318198,81.40764813181977,806.6976630858147,1934.1176331778247,1127.4199700920099,True,1200-1800
R00590,1473.0,1450.4576919004671,22.542308099532875,886.7477068544621,2014.167676946472,1127.4199700920099,True,1200-1800
R00591,1706.0,1543.508915293678,162.491084706322,979.798930247673,2107.218900339683,1127.4199700920099,True,1200-1800
R00592,1496.0,1609.825579723776,113.82557972377595,1046.1155946777708,2173.535564769781,1127.4199700920103,True,1200-1800
R00593,1603.0,1639.667813897078,36.66781389707808,1075.957828851073,2203.3777989430832,1127.4199700920103,True,1200-1800
R00594,1645.0,1653.5647230592501,8.564723059250127,1089.854738013245,2217.2747081052553,1127.4199700920103,True,1200-1800
R00595,1765.0,1625.0962351821122,139.9037648178878,1061.3862501361073,2188.806220228117,1127.4199700920099,True,1200-1800
R00596,1779.0,1607.46793641986,171.53206358013995,1043.7579513738551,2171.177921465865,1127.4199700920099,True,1200-1800
R00597,1455.0,1660.2916945828483,205.29169458284832,1096.5817095368434,2224.0016796288533,1127.4199700920099,True,1200-1800
R00598,932.0,1179.829635346809,247.82963534680903,616.119650300804,1743.539620392814,1127.4199700920099,True,600-1200
R00599,1312.0,1272.6951556119452,39.30484438805479,708.9851705659402,1836.4051406579501,1127.4199700920099,True,1200-1800
R00600,1301.0,1366.9344196089303,65.93441960893028,803.2244345629252,1930.6444046549354,1127.4199700920103,True,1200-1800
R00601,1436.0,1472.5319841846829,36.53198418468287,908.8219991386778,2036.241969230688,1127.4199700920103,True,1200-1800
R00602,1603.0,1581.2487949207532,21.7512050792468,1017.5388098747482,2144.9587799667584,1127.4199700920103,True,1200-1800
R00603,1576.0,1604.0781574575976,28.078157457597626,1040.3681724115927,2167.7881425036026,1127.4199700920099,True,1200-1800
R00604,866.0,1059.8980627816777,193.8980627816777,496.18807773567266,1623.6080478276826,1127.4199700920099,True,600-1200
R00605,1104.0,1088.4438899624474,15.556110037552571,524.7339049164424,1652.1538750084524,1127.4199700920099,True,600-1200
R00606,1776.0,1496.318642630405,279.68135736959493,932.6086575844,2060.02862767641,1127.4199700920099,True,1200-1800
R00607,1647.0,1602.8779644313902,44.12203556860982,1039.167979385385,2166.5879494773953,1127.4199700920103,True,1200-1800
R00608,1708.0,1678.737076319724,29.26292368027589,1115.0270912737192,2242.447061365729,1127.4199700920099,True,1200-1800
R00609,1786.0,1619.7219773685076,166.27802263149238,1056.0119923225025,2183.431962414513,1127.4199700920103,True,1200-1800
R00610,1735.0,1635.0439466089065,99.95605339109352,1071.3339615629015,2198.7539316549114,1127.4199700920099,True,1200-1800
R00611,1538.0,1529.9237826830272,8.076217316972816,966.2137976370221,2093.633767729032,1127.4199700920099,True,1200-1800
R00612,1418.0,1398.1467958922392,19.853204107760803,834.4368108462342,1961.8567809382444,1127.4199700920103,True,1200-1800
R00613,1592.0,1464.8858510251666,127.11414897483337,901.1758659791616,2028.5958360711716,1127.4199700920099,True,1200-1800
R00625,1862.0,1583.3384182879615,278.66158171203847,1019.6284332419565,2147.0484033339667,1127.4199700920103,True,1800-2200
R00626,1465.0,1568.1383773311904,103.13837733119044,1004.4283922851854,2131.8483623771954,1127.4199700920099,True,1200-1800
R00627,1461.0,1725.7580288151153,264.75802881511527,1162.0480437691103,2289.46801386112,1127.4199700920099,True,1200-1800
R00628,1312.0,1666.2688014353248,354.2688014353248,1102.5588163893199,2229.9787864813297,1127.4199700920099,True,1200-1800
R00629,215.0,197.18262216944578,17.81737783055422,-366.52736287655927,760.8926072154509,1127.41997009201,True,<=600
R00630,140.0,277.54274818459396,137.54274818459396,-286.1672368614111,841.252733230599,1127.41997009201,True,<=600
R00631,515.0,480.79474486875586,34.205255131244144,-82.91524017724919,1044.504729914761,1127.41997009201,True,<=600
R00632,630.0,483.1595085511189,146.8404914488811,-80.55047649488614,1046.869493597124,1127.41997009201,True,600-1200
R00633,330.0,347.903528325282,17.903528325282025,-215.80645672072302,911.6135133712871,1127.41997009201,True,<=600
R00634,380.0,443.38044952057055,63.38044952057055,-120.3295355254345,1007.0904345665756,1127.41997009201,True,<=600
R00635,150.0,670.3704375516945,520.3704375516945,106.66045250568948,1234.0804225976995,1127.4199700920099,True,<=600
R00636,388.0,937.1937725956002,549.1937725956002,373.48378754959515,1500.9037576416054,1127.4199700920103,True,<=600
R00637,411.0,911.8461880778389,500.84618807783886,348.1362030318338,1475.556173123844,1127.4199700920103,True,<=600
R00638,421.0,882.4915158161768,461.49151581617684,318.7815307701718,1446.201500862182,1127.4199700920103,True,<=600
R00639,426.0,756.0048483882598,330.0048483882598,192.29486334225476,1319.7148334342648,1127.41997009201,True,<=600
R00640,230.0,686.8999992876245,456.8999992876245,123.19001424161945,1250.6099843336297,1127.4199700920103,True,<=600
R00641,80.0,653.9906683063807,573.9906683063807,90.28068326037567,1217.7006533523859,1127.4199700920103,False,<=600
R00642,116.0,265.10635042485677,149.10635042485677,-298.6036346211483,828.8163354708618,1127.41997009201,True,<=600
R00643,79.0,209.64633439989493,130.64633439989493,-354.0636506461101,773.3563194459,1127.41997009201,True,<=600
R00644,1620.0,1488.6004500119548,131.39954998804524,924.8904649659497,2052.3104350579597,1127.4199700920099,True,1200-1800
R00645,805.0,871.6447010246796,66.64470102467965,307.9347159786746,1435.3546860706847,1127.41997009201,True,600-1200
R00646,1120.0,985.6567255460651,134.3432744539349,421.94674050006006,1549.3667105920701,1127.41997009201,True,600-1200
R00647,567.0,589.9117352891543,22.911735289154308,26.201750243149263,1153.6217203351594,1127.41997009201,True,<=600
R00648,214.0,368.88002910375764,154.88002910375764,-194.8299559422474,932.5900141497627,1127.41997009201,True,<=600
R00649,302.0,524.2089307004354,222.20893070043542,-39.50105434556963,1087.9189157464405,1127.41997009201,True,<=600
R00650,47.0,249.60064874359298,202.60064874359298,-314.1093363024121,813.310633789598,1127.41997009201,True,<=600
R00651,948.0,1496.2453901523586,548.2453901523586,932.5354051063536,2059.9553751983635,1127.4199700920099,True,600-1200
R00652,561.0,687.2380120540188,126.23801205401878,123.52802700801374,1250.9479971000237,1127.4199700920099,True,<=600
R00653,307.0,466.917359534115,159.917359534115,-96.79262551189004,1030.62734458012,1127.41997009201,True,<=600
R00654,172.0,402.78838554501203,230.78838554501203,-160.921599500993,966.4983705910171,1127.41997009201,True,<=600
R00655,98.0,300.69536715642454,202.69536715642454,-263.0146178895805,864.4053522024296,1127.41997009201,True,<=600
R00657,1080.0,1158.2098646608974,78.20986466089744,594.4998796148924,1721.9198497069024,1127.4199700920099,True,600-1200
R00658,1060.0,972.3725899869,87.62741001309996,408.662604940895,1536.082575032905,1127.4199700920099,True,600-1200
R00659,860.0,775.5534577454073,84.44654225459271,211.84347269940224,1339.2634427914122,1127.4199700920099,True,600-1200
R00660,594.0,473.0595872976121,120.9404127023879,-90.65039774839295,1036.7695723436173,1127.4199700920103,True,<=600
R00661,105.0,211.7107619171855,106.7107619171855,-351.99922312881955,775.4207469631906,1127.41997009201,True,<=600
R00662,930.0,964.8614655925426,34.86146559254257,401.1514805465375,1528.5714506385475,1127.4199700920099,True,600-1200
R00663,875.0,767.504753523771,107.495246476229,203.79476847776596,1331.214738569776,1127.41997009201,True,600-1200
R00664,550.0,468.3722760365879,81.62772396341211,-95.33770900941715,1032.082261082593,1127.4199700920103,True,<=600
R00665,150.0,207.55588962100512,57.55588962100512,-356.1540954249999,771.2658746670102,1127.41997009201,True,<=600
R00666,1070.0,1055.1406768747988,14.859323125201172,491.4306918287938,1618.8506619208038,1127.4199700920099,True,600-1200
R00667,1020.0,970.2710092989379,49.728990701062116,406.56102425293284,1533.980994344943,1127.41997009201,True,600-1200
R00668,875.0,867.9889931334149,7.011006866585149,304.2790080874098,1431.69897817942,1127.4199700920103,True,600-1200
R00671,520.0,716.4706370744448,196.47063707444477,152.76065202843972,1280.1806221204497,1127.4199700920099,True,<=600
R00672,500.0,691.9208057210757,191.92080572107568,128.21082067507064,1255.6307907670807,1127.41997009201,True,<=600
R00675,780.0,933.5030584468384,153.5030584468384,369.79307340083335,1497.2130434928436,1127.4199700920103,True,600-1200
R00676,560.0,703.8172155975783,143.8172155975783,140.10723055157325,1267.5272006435835,1127.4199700920103,True,<=600
R00677,1000.0,1226.4497414050643,226.4497414050643,662.7397563590592,1790.1597264510692,1127.4199700920099,True,600-1200
R00678,1155.0,1114.7836791101404,40.21632088985962,551.0736940641353,1678.4936641561453,1127.4199700920099,True,600-1200
R00679,550.0,485.27779400650763,64.72220599349237,-78.43219103949741,1048.9877790525127,1127.41997009201,True,<=600
R00680,1500.0,1460.3850351311517,39.61496486884835,896.6750500851466,2024.0950201771566,1127.4199700920099,True,1200-1800
R00681,975.0,911.7793970584737,63.220602941526295,348.06941201246866,1475.4893821044789,1127.4199700920103,True,600-1200
R00682,865.0,725.1913029567488,139.8086970432512,161.48131791074377,1288.901288002754,1127.4199700920103,True,600-1200
R00683,1290.0,1218.0180753211403,71.98192467885974,654.3080902751352,1781.7280603671452,1127.4199700920099,True,1200-1800
R00684,1065.0,1077.2122853556125,12.212285355612494,513.5023003096074,1640.9222704016174,1127.4199700920099,True,600-1200
R00685,855.0,757.8446927628632,97.15530723713675,194.1347077168582,1321.5546778088683,1127.41997009201,True,600-1200
R00686,1360.0,1407.4501224539179,47.45012245391786,843.7401374079128,1971.160107499923,1127.4199700920103,True,1200-1800
R00687,1135.0,1104.6507076210946,30.349292378905375,540.9407225750896,1668.3606926670996,1127.4199700920099,True,600-1200
R00688,675.0,741.2823059859036,66.28230598590358,177.57232093989853,1304.9922910319087,1127.4199700920103,True,600-1200
R00689,1485.0,1420.8473113110756,64.1526886889244,857.1373262650706,1984.5572963570808,1127.4199700920103,True,1200-1800
R00690,1195.0,1129.710427253775,65.28957274622508,566.0004422077699,1693.4204122997799,1127.4199700920099,True,600-1200
R00691,180.0,302.7797976584129,122.77979765841292,-260.9301873875921,866.489782704418,1127.41997009201,True,<=600
R00692,1535.0,1481.2980509452252,53.701949054774786,917.5880658992202,2045.0080359912304,1127.4199700920103,True,1200-1800
R00698,1457.0,1301.6935166134497,155.30648338655033,737.9835315674446,1865.4035016594548,1127.4199700920103,True,1200-1800
R00699,1420.0,1301.6935166134497,118.30648338655033,737.9835315674446,1865.4035016594548,1127.4199700920103,True,1200-1800
R00700,1328.0,1301.6935166134497,26.306483386550326,737.9835315674446,1865.4035016594548,1127.4199700920103,True,1200-1800
R00701,1322.0,1301.6935166134497,20.306483386550326,737.9835315674446,1865.4035016594548,1127.4199700920103,True,1200-1800
R00702,1375.0,1311.0136287349292,63.98637126507083,747.3036436889241,1874.723613780934,1127.4199700920099,True,1200-1800
R00703,1157.0,1292.2782785493384,135.27827854933844,728.5682935033334,1855.9882635953436,1127.4199700920103,True,600-1200
R00704,1253.0,1229.715111436118,23.284888563882078,666.0051263901129,1793.425096482123,1127.4199700920103,True,1200-1800
R00705,1140.0,1229.715111436118,89.71511143611792,666.0051263901129,1793.425096482123,1127.4199700920103,True,600-1200
R00706,1120.0,1229.715111436118,109.71511143611792,666.0051263901129,1793.425096482123,1127.4199700920103,True,600-1200
R00707,1170.0,1299.2875605181137,129.28756051811365,735.5775754721086,1862.9975455641188,1127.4199700920103,True,600-1200
R00708,2034.0,2106.1081542667284,72.10815426672843,1542.3981692207235,2669.8181393127334,1127.4199700920099,True,1800-2200
R00709,750.0,769.5628669276879,19.562866927687878,205.85288188168283,1333.272851973693,1127.41997009201,True,600-1200
R00710,2050.0,2068.8676922440277,18.867692244027694,1505.1577071980228,2632.5776772900326,1127.4199700920099,True,1800-2200
R00711,586.0,784.8107570864622,198.81075708646222,221.10077204045717,1348.5207421324671,1127.4199700920099,True,<=600
R00712,2327.0,2338.693248322081,11.693248322081217,1774.9832632760763,2902.403233368086,1127.4199700920099,True,>2200
R00713,979.0,947.8859775610106,31.114022438989423,384.17599251500553,1511.5959626070157,1127.4199700920103,True,600-1200
R00714,795.0,761.4985820364561,33.50141796354387,197.78859699045108,1325.2085670824613,1127.4199700920103,True,600-1200
R00715,765.0,724.143175828261,40.85682417173905,160.4331907822559,1287.853160874266,1127.41997009201,True,600-1200
R00716,650.0,645.8493211022997,4.150678897700345,82.13933605629461,1209.5593061483046,1127.4199700920099,True,600-1200
R00717,590.0,617.3458177792673,27.34581777926735,53.635832733262305,1181.0558028252724,1127.41997009201,True,<=600
R00718,845.0,886.7108507610837,41.71085076108375,323.0008657150787,1450.4208358070887,1127.4199700920099,True,600-1200
R00719,1350.0,1296.6194539292055,53.38054607079448,732.9094688832005,1860.3294389752105,1127.4199700920099,True,1200-1800
R00720,1370.0,1450.802698632286,80.80269863228591,887.0927135862809,2014.512683678291,1127.4199700920103,True,1200-1800
R00721,1600.0,1561.179913987653,38.82008601234702,997.4699289416479,2124.889899033658,1127.4199700920099,True,1200-1800
R00722,1550.0,1625.468588576403,75.46858857640291,1061.758603530398,2189.178573622408,1127.4199700920099,True,1200-1800
R00723,1650.0,1652.350395949138,2.350395949137919,1088.6404109031328,2216.060380995143,1127.4199700920103,True,1200-1800
R00724,1150.0,1422.658429152707,272.65842915270696,858.9484441067019,1986.368414198712,1127.4199700920099,True,600-1200
R00725,2250.0,1952.9190169220155,297.08098307798446,1389.2090318760106,2516.6290019680205,1127.4199700920099,True,>2200
R00726,2210.0,1952.9190169220155,257.08098307798446,1389.2090318760106,2516.6290019680205,1127.4199700920099,True,>2200
R00727,1880.0,1698.6634578399842,181.33654216001582,1134.953472793979,2262.3734428859893,1127.4199700920103,True,1800-2200
R00728,1750.0,1698.6634578399842,51.336542160015824,1134.953472793979,2262.3734428859893,1127.4199700920103,True,1200-1800
R00729,1640.0,1438.5043933868592,201.4956066131408,874.7944083408541,2002.2143784328641,1127.4199700920099,True,1200-1800
R00730,1550.0,1438.5043933868592,111.49560661314081,874.7944083408541,2002.2143784328641,1127.4199700920099,True,1200-1800
R00731,1380.0,1223.8974050890756,156.10259491092438,660.1874200430706,1787.6073901350805,1127.4199700920099,True,1200-1800
R00732,1370.0,1223.8974050890756,146.10259491092438,660.1874200430706,1787.6073901350805,1127.4199700920099,True,1200-1800
R00733,1200.0,1096.765839030127,103.23416096987307,533.0558539841219,1660.475824076132,1127.4199700920103,True,600-1200
R00734,1180.0,1096.765839030127,83.23416096987307,533.0558539841219,1660.475824076132,1127.4199700920103,True,600-1200
R00735,1040.0,956.6390206497173,83.36097935028272,392.92903560371224,1520.3490056957223,1127.41997009201,True,600-1200
R00736,1020.0,956.6390206497173,63.36097935028272,392.92903560371224,1520.3490056957223,1127.41997009201,True,600-1200
R00737,1150.0,1085.5444004072901,64.45559959270986,521.8344153612851,1649.254385453295,1127.4199700920099,True,600-1200
R00738,1100.0,1085.5444004072901,14.45559959270986,521.8344153612851,1649.254385453295,1127.4199700920099,True,600-1200
R00739,2390.0,1952.9190169220155,437.08098307798446,1389.2090318760106,2516.6290019680205,1127.4199700920099,True,>2200
R00740,1920.0,1698.6634578399842,221.33654216001582,1134.953472793979,2262.3734428859893,1127.4199700920103,True,1800-2200
R00741,1370.0,1438.5043933868592,68.50439338685919,874.7944083408541,2002.2143784328641,1127.4199700920099,True,1200-1800
R00742,1250.0,1223.8974050890756,26.10259491092438,660.1874200430706,1787.6073901350805,1127.4199700920099,True,1200-1800
R00743,1020.0,1096.765839030127,76.76583903012693,533.0558539841219,1660.475824076132,1127.4199700920103,True,600-1200
R00744,640.0,956.6390206497173,316.6390206497173,392.92903560371224,1520.3490056957223,1127.41997009201,True,600-1200
R00745,890.0,1085.5444004072901,195.54440040729014,521.8344153612851,1649.254385453295,1127.4199700920099,True,600-1200
R00746,398.0,529.3530924747362,131.35309247473617,-34.35689257126887,1093.0630775207412,1127.41997009201,True,<=600
R00747,1617.0,1512.271131579982,104.72886842001799,948.561146533977,2075.981116625987,1127.4199700920099,True,1200-1800
R00748,166.0,151.70161158148647,14.298388418513525,-412.00837346451857,715.4115966274915,1127.41997009201,True,<=600
R00749,614.0,554.714092581449,59.285907418551005,-8.99589246455605,1118.4240776274542,1127.4199700920103,True,600-1200
R00750,1787.0,1778.270401665872,8.729598334128013,1214.5604166198668,2341.980386711877,1127.4199700920103,True,1200-1800
R00751,188.0,231.7284846220046,43.7284846220046,-331.98150042400044,795.4384696680097,1127.41997009201,True,<=600
R00752,673.0,602.5822803850999,70.41771961490008,38.872295339094876,1166.292265431105,1127.4199700920103,True,600-1200
R00753,2134.0,1696.4737743256405,437.52622567435947,1132.7637892796356,2260.1837593716455,1127.4199700920099,True,1800-2200
R00754,235.0,246.2555640652643,11.25556406526431,-317.45442098074074,809.9655491112694,1127.41997009201,True,<=600
R00755,368.0,496.2086906623451,128.20869066234508,-67.50129438365997,1059.91867570835,1127.41997009201,True,<=600
R00757,1260.0,1385.5387551197757,125.53875511977571,821.8287700737707,1949.2487401657809,1127.4199700920103,True,1200-1800
R00758,540.0,723.1284789335298,183.12847893352978,159.41849388752473,1286.838463979535,1127.4199700920103,True,<=600
R00759,366.0,291.10643039148454,74.89356960851546,-272.6035546545205,854.8164154374896,1127.41997009201,True,<=600
R00760,1745.0,1676.6923028921933,68.30769710780669,1112.9823178461884,2240.4022879381982,1127.4199700920099,True,1200-1800
R00761,579.0,535.890164846609,43.10983515339103,-27.819820199396077,1099.600149892614,1127.4199700920099,True,<=600
R00762,2350.0,1602.9944296000003,747.0055703999997,1039.2844445539954,2166.7044146460053,1127.4199700920099,False,>2200
R00763,2197.0,1575.5956388012012,621.4043611987988,1011.8856537551961,2139.3056238472063,1127.4199700920103,False,1800-2200
R00764,935.0,643.2176659414366,291.7823340585634,79.50768089543158,1206.9276509874417,1127.41997009201,True,600-1200
R00766,535.0,478.03716809413805,56.96283190586195,-85.67281695186699,1041.7471531401432,1127.41997009201,True,<=600
R00767,1352.0,1314.8453916841745,37.1546083158255,751.1354066381695,1878.5553767301794,1127.4199700920099,True,1200-1800
R00768,1273.0,1454.061945695918,181.06194569591798,890.3519606499129,2017.771930741923,1127.4199700920099,True,1200-1800
R00769,597.0,1271.848851936346,674.8488519363459,708.1388668903409,1835.5588369823508,1127.4199700920099,False,<=600
R00770,102.0,926.5023168949172,824.5023168949172,362.7923318489121,1490.2123019409223,1127.4199700920103,False,<=600
R00771,1483.0,2029.4740641190854,546.4740641190854,1465.7640790730802,2593.1840491650905,1127.4199700920103,True,1200-1800
R00772,920.0,1269.7684051960332,349.7684051960332,706.0584201500282,1833.4783902420381,1127.4199700920099,True,600-1200
R00773,371.0,921.2800315148103,550.2800315148103,357.57004646880523,1484.9900165608153,1127.41997009201,True,<=600
R00774,1540.0,2023.5379855428355,483.5379855428355,1459.8280004968306,2587.2479705888404,1127.4199700920099,True,1200-1800
R00775,1900.0,1222.6640243957586,677.3359756042414,658.9540393497535,1786.3740094417635,1127.4199700920099,False,1800-2200
R00776,1520.0,1244.0662202259546,275.93377977404543,680.3562351799495,1807.7762052719595,1127.4199700920099,True,1200-1800
R00777,795.0,1243.8532202259544,448.8532202259544,680.1432351799493,1807.5632052719593,1127.4199700920099,True,600-1200
R00778,830.0,1039.004700981149,209.00470098114897,475.2947159351439,1602.7146860271541,1127.4199700920103,True,600-1200
R00779,1202.0,1074.43287375943,127.5671262405699,510.72288871342505,1638.142858805435,1127.4199700920099,True,1200-1800
R00780,1303.0,1080.934868236203,222.0651317637969,517.224883190198,1644.6448532822083,1127.4199700920103,True,1200-1800
R00781,1145.0,1074.43287375943,70.5671262405699,510.72288871342505,1638.142858805435,1127.4199700920099,True,600-1200
R00782,958.0,1074.43287375943,116.4328737594301,510.72288871342505,1638.142858805435,1127.4199700920099,True,600-1200
R00783,944.0,1074.43287375943,130.4328737594301,510.72288871342505,1638.142858805435,1127.4199700920099,True,600-1200
R00784,940.0,1074.43287375943,134.4328737594301,510.72288871342505,1638.142858805435,1127.4199700920099,True,600-1200
R00785,940.0,1074.43287375943,134.4328737594301,510.72288871342505,1638.142858805435,1127.4199700920099,True,600-1200
R00786,905.0,1250.713575187326,345.7135751873259,687.0035901413208,1814.423560233331,1127.4199700920103,True,600-1200
R00787,890.0,1250.713575187326,360.7135751873259,687.0035901413208,1814.423560233331,1127.4199700920103,True,600-1200
R00788,828.0,1046.916665754114,218.9166657541141,483.20668070810905,1610.626650800119,1127.4199700920099,True,600-1200
R00789,827.0,1046.916665754114,219.9166657541141,483.20668070810905,1610.626650800119,1127.4199700920099,True,600-1200
R00790,820.0,1046.916665754114,226.9166657541141,483.20668070810905,1610.626650800119,1127.4199700920099,True,600-1200
R00791,803.0,1046.916665754114,243.9166657541141,483.20668070810905,1610.626650800119,1127.4199700920099,True,600-1200
R00792,1021.0,1330.4391502369685,309.43915023696854,766.7291651909635,1894.1491352829735,1127.4199700920099,True,600-1200
R00793,962.0,1285.4100928799608,323.41009287996076,721.7001078339557,1849.1200779259657,1127.4199700920099,True,600-1200
R00795,1221.0,1272.6747111227182,51.674711122718236,708.9647260767132,1836.3846961687232,1127.4199700920099,True,1200-1800
R00796,2310.0,1176.045911512574,1133.954088487426,612.335926466569,1739.755896558579,1127.4199700920099,False,>2200
R00797,2100.0,1176.045911512574,923.9540884874259,612.335926466569,1739.755896558579,1127.4199700920099,False,1800-2200
R00798,2020.0,1176.045911512574,843.9540884874259,612.335926466569,1739.755896558579,1127.4199700920099,False,1800-2200
R00799,1950.0,1176.045911512574,773.9540884874259,612.335926466569,1739.755896558579,1127.4199700920099,False,1800-2200
R00800,1315.0,1023.2194840339012,291.78051596609885,459.5094989878961,1586.929469079906,1127.4199700920099,True,1200-1800
R00801,400.0,702.2925102985332,302.2925102985332,138.58252525252817,1266.0024953445381,1127.4199700920099,True,<=600
R00802,700.0,628.3934846819886,71.60651531801136,64.6834996359836,1192.1034697279938,1127.4199700920103,True,600-1200
R00803,800.0,826.9957042523562,26.995704252356177,263.28571920635113,1390.7056892983612,1127.41997009201,True,600-1200
R00804,1500.0,841.1860635183573,658.8139364816427,277.47607847235224,1404.8960485643624,1127.4199700920103,False,1200-1800
R00805,1109.0,1189.6688122895398,80.6688122895398,625.9588272435348,1753.3787973355447,1127.4199700920099,True,600-1200
R00806,1211.0,1182.3238551107793,28.676144889220723,618.6138700647742,1746.0338401567842,1127.4199700920099,True,1200-1800
R00807,1304.0,1271.800380318086,32.1996196819141,708.0903952720809,1835.5103653640908,1127.4199700920099,True,1200-1800
R00808,1455.0,1239.916038311058,215.08396168894205,676.2060532650529,1803.6260233570629,1127.4199700920099,True,1200-1800
R00809,996.0,1079.8991083359601,83.89910833596014,516.1891232899551,1643.609093381965,1127.4199700920099,True,600-1200
R00810,1400.0,1209.5051387619446,190.49486123805536,645.7951537159396,1773.2151238079496,1127.4199700920099,True,1200-1800
R00811,973.0,913.518286651991,59.48171334800895,349.808301605986,1477.2282716979962,1127.4199700920103,True,600-1200
R00812,791.3,831.6208467311117,40.320846731111715,267.9108616851066,1395.3308317771166,1127.4199700920099,True,600-1200
R00813,752.8,762.0012815128242,9.201281512824266,198.29129646681918,1325.7112665588293,1127.41997009201,True,600-1200
R00814,659.0,618.9600346015424,40.03996539845764,55.250049555537316,1182.6700196475474,1127.41997009201,True,600-1200
R00815,1515.0,1549.0450255903556,34.045025590355635,985.3350405443506,2112.7550106363606,1127.4199700920099,True,1200-1800
R00816,689.0,804.7553224879473,115.7553224879473,241.04533744194225,1368.4653075339525,1127.4199700920103,True,600-1200
R00817,674.0,762.0567047685994,88.05670476859939,198.34671972259434,1325.7666898146044,1127.41997009201,True,600-1200
R00818,620.0,723.426914072589,103.42691407258906,159.716929026584,1287.136899118594,1127.41997009201,True,600-1200
R00819,586.0,625.7435833393383,39.74358333933833,62.033598293333284,1189.4535683853433,1127.4199700920099,True,<=600
R00820,1343.0,1239.916038311058,103.08396168894205,676.2060532650529,1803.6260233570629,1127.4199700920099,True,1200-1800
R00821,1390.0,1536.7131390574948,146.7131390574948,973.0031540114898,2100.4231241035,1127.4199700920103,True,1200-1800
R00822,1100.0,1545.3940308426945,445.3940308426945,981.6840457966895,2109.1040158886995,1127.4199700920099,True,600-1200
R00823,1375.0,1536.7131390574948,161.7131390574948,973.0031540114898,2100.4231241035,1127.4199700920103,True,1200-1800
R00824,2612.0,1509.7777260877126,1102.2222739122874,946.0677410417076,2073.4877111337178,1127.4199700920103,False,>2200
R00825,965.0,1095.5369160615228,130.5369160615228,531.8269310155177,1659.2469011075277,1127.4199700920099,True,600-1200
R00826,1420.0,1324.2195489533217,95.78045104667831,760.5095639073166,1887.9295339993268,1127.4199700920103,True,1200-1800
R00827,1530.0,1459.318188198672,70.68181180132797,895.608203152667,2023.028173244677,1127.4199700920099,True,1200-1800
R00828,930.0,1014.5905726826497,84.59057268264974,450.8805876366447,1578.300557728655,1127.4199700920103,True,600-1200
R00829,445.0,685.3948923268791,240.39489232687913,121.68490728087409,1249.1048773728842,1127.41997009201,True,<=600
R00830,90.0,132.70824619801328,42.708246198013285,-431.00173884799176,696.4182312440183,1127.41997009201,True,<=600
R00831,1340.0,1362.7281865673683,22.72818656736831,799.0182015213633,1926.4381716133735,1127.4199700920103,True,1200-1800
R00832,1240.0,1221.426739437531,18.57326056246893,657.716754391526,1785.136724483536,1127.4199700920099,True,1200-1800
R00833,1005.0,1018.4668907389882,13.46689073898824,454.7569056929832,1582.1768757849932,1127.4199700920099,True,600-1200
R00834,640.0,735.8159122957899,95.81591229578987,172.10592724978483,1299.525897341795,1127.41997009201,True,600-1200
R00835,40.0,133.99114603577442,93.99114603577442,-429.7188390102306,697.7011310817795,1127.41997009201,True,<=600
R00836,1300.0,1368.4343693599421,68.43436935994214,804.7243843139371,1932.144354405947,1127.4199700920099,True,1200-1800
R00837,1370.0,1296.5531751521735,73.44682484782652,732.8431901061684,1860.2631601981784,1127.4199700920099,True,1200-1800
R00838,970.0,836.8229726325467,133.17702736745332,273.11298758654164,1400.5329576785516,1127.4199700920099,True,600-1200
R00839,75.0,187.31673530657633,112.31673530657633,-376.3932497394287,751.0267203525814,1127.41997009201,True,<=600
R00840,1700.0,1552.3320179310178,147.66798206898216,988.6220328850128,2116.042002977023,1127.4199700920103,True,1200-1800
R00841,1015.0,1148.8914851347017,133.89148513470172,585.1815000886967,1712.6014701807067,1127.4199700920099,True,600-1200
R00842,860.0,661.7613324013508,198.23866759864916,98.0513473553458,1225.471317447356,1127.41997009201,True,600-1200
R00843,65.0,130.5809229733386,65.5809229733386,-433.12906207266644,694.2909080193436,1127.41997009201,True,<=600
R00844,1550.0,1407.5262202280028,142.47377977199721,843.8162351819977,1971.2362052740077,1127.4199700920099,True,1200-1800
R00845,780.0,876.9438408483154,96.9438408483154,313.23385580231036,1440.6538258943206,1127.4199700920103,True,600-1200
R00846,560.0,621.6156117049446,61.61561170494463,57.90562665893958,1185.3255967509497,1127.41997009201,True,<=600
R00847,110.0,184.57411942135394,74.57411942135394,-379.1358656246511,748.2841044673589,1127.41997009201,True,<=600
R00848,1000.0,1173.0946898068382,173.09468980683823,609.3847047608332,1736.8046748528432,1127.4199700920099,True,600-1200
R00849,900.0,725.7877700565065,174.21222994349353,162.07778501050143,1289.4977551025115,1127.41997009201,True,600-1200
R00850,219.0,521.077963944749,302.07796394474894,-42.6320211012561,1084.787948990754,1127.4199700920103,True,<=600
R00851,354.0,809.147973575112,455.147973575112,245.43798852910697,1372.8579586211172,1127.4199700920103,True,<=600
R00852,550.0,790.6233125574915,240.62331255749154,226.9133275114865,1354.3332976034967,1127.4199700920103,True,<=600
R00853,994.0,745.5375264288298,248.46247357117022,181.82754138282473,1309.247511474835,1127.4199700920103,True,600-1200
R00854,942.0,1071.24564376675,129.24564376674994,507.5356587207449,1634.955628812755,1127.4199700920103,True,600-1200
R00855,132.0,453.26725246165046,321.26725246165046,-110.44273258435459,1016.9772375076554,1127.41997009201,True,<=600
R00856,260.0,731.2903889229246,471.29038892292465,167.5804038769196,1295.0003739689296,1127.4199700920099,True,<=600
R00857,469.0,636.5754099450895,167.57540994508952,72.86542489908447,1200.2853949910946,1127.41997009201,True,<=600
R00858,943.0,592.696402116567,350.303597883433,28.98641707056197,1156.4063871625722,1127.4199700920103,True,600-1200
R00859,833.0,857.2882942309823,24.288294230982274,293.57830918497723,1420.9982792769874,1127.4199700920103,True,600-1200
R00860,115.0,368.2750757274652,253.2750757274652,-195.43490931853984,931.9850607734702,1127.41997009201,True,<=600
R00861,155.0,617.5058421196813,462.50584211968135,53.7958570736763,1181.2158271656863,1127.4199700920099,True,<=600
R00862,272.0,461.97570984641567,189.97570984641567,-101.73427519958938,1025.6856948924208,1127.41997009201,True,<=600
R00863,359.0,348.58502324241533,10.414976757584668,-215.1249618035897,912.2950082884204,1127.41997009201,True,<=600
R00864,326.0,512.0879984576704,186.08799845767044,-51.62198658833461,1075.7979835036754,1127.4199700920099,True,<=600
R00865,370.0,572.5512617502977,202.55126175029773,8.841276704292682,1136.2612467963027,1127.4199700920099,True,<=600
R00866,250.0,359.5976129954132,109.59761299541321,-204.11237205059183,923.3075980414183,1127.41997009201,True,<=600
R00867,330.0,472.0847688343355,142.08476883433548,-91.62521621166957,1035.7947538803405,1127.41997009201,True,<=600
R00868,280.0,457.96253860972604,177.96253860972604,-105.747446436279,1021.6725236557311,1127.41997009201,True,<=600
R00869,350.0,462.47914283528405,112.47914283528405,-101.230842210721,1026.189127881289,1127.41997009201,True,<=600
R00870,298.0,438.2541143226167,140.25411432261672,-125.45587072338833,1001.9640993686218,1127.41997009201,True,<=600
R00871,400.0,467.7308964222261,67.73089642222612,-95.97908862377892,1031.440881468231,1127.4199700920099,True,<=600
R00872,860.0,666.5589205386962,193.44107946130384,102.84893549269111,1230.2689055847013,1127.4199700920103,True,600-1200
R00873,690.0,487.34950991517826,202.65049008482174,-76.36047513082679,1051.0594949611832,1127.4199700920099,True,600-1200
R00874,550.0,478.77659668275635,71.22340331724365,-84.9333883632487,1042.4865817287614,1127.41997009201,True,<=600
R00875,260.0,155.4398912494185,104.56010875058149,-408.27009379658654,719.1498762954236,1127.41997009201,True,<=600
R00880,159.0,351.09821548412174,192.09821548412174,-212.6117695618833,914.8082005301268,1127.41997009201,True,<=600
R00881,215.0,536.3576682196756,321.3576682196756,-27.352316826329456,1100.0676532656807,1127.4199700920103,True,<=600
R00882,285.0,404.24006377461365,119.24006377461365,-159.4699212713914,967.9500488206187,1127.41997009201,True,<=600
R00883,263.0,358.23364569164124,95.23364569164124,-205.4763393543638,921.9436307376463,1127.41997009201,True,<=600
R00884,490.0,551.7119444989725,61.71194449897246,-11.998040547032588,1115.4219295449775,1127.41997009201,True,<=600
R00886,175.0,240.43080111615785,65.43080111615785,-323.2791839298472,804.1407861621628,1127.41997009201,True,<=600
R00887,305.0,260.6167358349271,44.38326416507289,-303.09324921107793,824.3267208809322,1127.41997009201,True,<=600
R00888,280.0,383.67153101413936,103.67153101413936,-180.03845403186568,947.3815160601443,1127.41997009201,True,<=600
R00892,395.0,440.5786654025497,45.57866540254969,-123.13131964345536,1004.2886504485548,1127.41997009201,True,<=600
R00893,1380.0,1263.9573724960362,116.04262750396379,700.2473874500312,1827.6673575420414,1127.4199700920103,True,1200-1800
R00894,1430.0,1329.0916345137407,100.9083654862593,765.3816494677357,1892.8016195597456,1127.4199700920099,True,1200-1800
R00895,1690.0,1329.0916345137407,360.9083654862593,765.3816494677357,1892.8016195597456,1127.4199700920099,True,1200-1800
R00896,1220.0,1329.0916345137407,109.0916345137407,765.3816494677357,1892.8016195597456,1127.4199700920099,True,1200-1800
R00897,1450.0,1329.0916345137407,120.9083654862593,765.3816494677357,1892.8016195597456,1127.4199700920099,True,1200-1800
R00898,900.0,1085.5677792664003,185.5677792664003,521.8577942203952,1649.2777643124055,1127.4199700920103,True,600-1200
R00899,796.0,749.9263634042462,46.07363659575378,186.21637835824117,1313.6363484502513,1127.41997009201,True,600-1200
R00903,580.0,706.1268294172144,126.12682941721437,142.41684437120932,1269.8368144632195,1127.4199700920103,True,<=600
R00904,595.0,631.1224804988912,36.12248049889115,67.4124954528861,1194.8324655448962,1127.41997009201,True,<=600
R00905,570.0,600.0369645300386,30.03696453003863,36.326979484033586,1163.7469495760438,1127.4199700920103,True,<=600
R00906,700.0,801.1757593008576,101.17575930085764,237.4657742548526,1364.8857443468628,1127.4199700920103,True,600-1200
R00907,700.0,705.7107487008138,5.710748700813838,142.0007636548088,1269.4207337468188,1127.4199700920099,True,600-1200
R00908,700.0,673.5943421482779,26.40565785172214,109.88435710227282,1237.304327194283,1127.41997009201,True,600-1200
R00909,866.0,653.4750773235254,212.5249226764746,89.76509227752035,1217.1850623695304,1127.41997009201,True,600-1200
R00910,400.0,389.9004440470814,10.099555952918593,-173.80954099892364,953.6104290930864,1127.41997009201,True,<=600
R00911,220.0,320.3911537316905,100.39115373169051,-243.31883131431454,884.1011387776955,1127.41997009201,True,<=600
R00912,1166.0,894.405757273869,271.59424272613103,330.6957722278639,1458.115742319874,1127.41997009201,True,600-1200
R00913,350.0,325.386894660082,24.61310533991798,-238.32309038592302,889.0968797060871,1127.41997009201,True,<=600
R00914,1311.0,723.1237259219475,587.8762740780525,159.4137408759425,1286.8337109679526,1127.41997009201,False,1200-1800
R00915,1212.0,723.1237259219475,488.87627407805246,159.4137408759425,1286.8337109679526,1127.41997009201,True,1200-1800
R00916,1028.0,723.1237259219475,304.87627407805246,159.4137408759425,1286.8337109679526,1127.41997009201,True,600-1200
R00917,879.0,723.1237259219475,155.87627407805246,159.4137408759425,1286.8337109679526,1127.41997009201,True,600-1200
R00918,799.0,723.1237259219475,75.87627407805246,159.4137408759425,1286.8337109679526,1127.41997009201,True,600-1200
R00919,350.0,715.9176739571612,365.91767395716124,152.2076889111562,1279.6276590031662,1127.4199700920099,True,<=600
R00920,155.0,253.0117780102366,98.01177801023661,-310.6982070357684,816.7217630562417,1127.41997009201,True,<=600
R00921,198.8,271.0957906544367,72.2957906544367,-292.61419439156833,834.8057757004417,1127.41997009201,True,<=600
R00922,254.7,411.48715982287183,156.78715982287184,-152.2228252231332,975.1971448688769,1127.41997009201,True,<=600
R00923,305.3,497.7267802511126,192.42678025111258,-65.98320479489246,1061.4367652971177,1127.4199700920103,True,<=600
R00924,815.5,759.942184976798,55.55781502320201,196.23219993079294,1323.6521700228031,1127.4199700920103,True,600-1200
R00925,646.7,759.102764976798,112.40276497679793,195.39277993079293,1322.812750022803,1127.4199700920099,True,600-1200
R00926,683.7,852.1282782287514,168.4282782287513,288.4182931827463,1415.8382632747564,1127.41997009201,True,600-1200
R00927,243.0,524.7954384793696,281.79543847936964,-38.91454656663541,1088.5054235253747,1127.41997009201,True,<=600
R00928,446.0,565.7875893227879,119.78758932278788,2.0776042767828358,1129.4975743687928,1127.4199700920099,True,<=600
R00929,249.0,501.6859434598384,252.68594345983843,-62.02404158616662,1065.3959285058436,1127.4199700920103,True,<=600
R00930,581.0,637.9703574380223,56.97035743802235,74.2603723920173,1201.6803424840273,1127.4199700920099,True,<=600
R00931,190.0,297.1205365975967,107.1205365975967,-266.58944844840835,860.8305216436017,1127.41997009201,True,<=600
R00932,210.0,392.5696067126078,182.56960671260782,-171.14037833339722,956.2795917586129,1127.41997009201,True,<=600
R00933,645.0,472.1577467537279,172.8422532462721,-91.55223829227714,1035.867731799733,1127.4199700920103,True,600-1200
R00934,1005.0,612.7809112237748,392.21908877622525,49.07092617776971,1176.4908962697798,1127.41997009201,True,600-1200
R00944,568.0,657.7764621583307,89.77646215833067,94.06647711232563,1221.4864472043357,1127.41997009201,True,<=600
R00945,596.0,657.7764621583307,61.77646215833067,94.06647711232563,1221.4864472043357,1127.41997009201,True,<=600
R00946,487.0,393.26018771374703,93.73981228625297,-170.44979733225802,956.9701727597521,1127.41997009201,True,<=600
R00947,486.0,393.26018771374703,92.73981228625297,-170.44979733225802,956.9701727597521,1127.41997009201,True,<=600
R00948,770.0,1343.4695242545667,573.4695242545667,779.7595392085617,1907.1795093005717,1127.4199700920099,False,600-1200
R00949,843.2,1121.1394738574863,277.9394738574863,557.4294888114813,1684.8494589034913,1127.4199700920099,True,600-1200
R00950,1044.0,1140.3803908167738,96.3803908167738,576.6704057707688,1704.0903758627787,1127.4199700920099,True,600-1200
R00951,906.8,1126.6975168107786,219.8975168107786,562.9875317647735,1690.4075018567837,1127.4199700920103,True,600-1200
R00952,1122.8,971.4586834607169,151.34131653928307,407.74869841471184,1535.168668506722,1127.4199700920103,True,600-1200
R00959,230.0,486.73393678638934,256.73393678638934,-76.97604825961571,1050.4439218323944,1127.41997009201,True,<=600
R00960,200.0,328.6739976298687,128.67399762986872,-235.03598741613632,892.3839826758738,1127.41997009201,True,<=600
R00961,620.0,623.2326062888616,3.232606288861575,59.52262124285653,1186.9425913348666,1127.41997009201,True,600-1200
R00962,780.0,806.3066321181778,26.306632118177845,242.5966470721728,1370.016617164183,1127.41997009201,True,600-1200
R00963,1700.0,1234.8536694817285,465.1463305182715,671.1436844357235,1798.5636545277334,1127.4199700920099,True,1200-1800
R00966,545.0,880.029816550501,335.029816550501,316.31983150449594,1443.739801596506,1127.4199700920099,True,<=600
R00967,545.0,709.4664191895552,164.46641918955515,145.7564341435501,1273.1764042355603,1127.4199700920103,True,<=600
R00968,545.0,567.5386046985138,22.538604698513836,3.8286196525087917,1131.248589744519,1127.4199700920103,True,<=600
R00969,719.0,653.7760191773375,65.2239808226625,90.06603413133246,1217.4860042233427,1127.4199700920103,True,600-1200
R00970,460.0,701.4263368682471,241.42633686824706,137.71635182224202,1265.1363219142522,1127.4199700920103,True,<=600
R00971,357.0,336.0371817253682,20.962818274631786,-227.67280332063683,899.7471667713733,1127.41997009201,True,<=600
R00972,365.0,386.3798579668785,21.37985796687849,-177.33012707912656,950.0898430128835,1127.41997009201,True,<=600
R00973,215.0,421.58906476658103,206.58906476658103,-142.120920279424,985.2990498125861,1127.41997009201,True,<=600
R00974,1284.0,1011.2170128148321,272.78298718516794,447.507027768827,1574.9269978608372,1127.4199700920103,True,1200-1800
R00975,1290.0,926.4620627765499,363.53793722345006,362.7520777305449,1490.172047822555,1127.41997009201,True,1200-1800
R00976,650.0,1011.2170128148321,361.21701281483206,447.507027768827,1574.9269978608372,1127.4199700920103,True,600-1200
R00977,790.0,1062.770929386062,272.7709293860621,499.06094434005706,1626.480914432067,1127.4199700920099,True,600-1200
R00978,1040.0,1178.2499956941358,138.2499956941358,614.5400106481308,1741.959980740141,1127.4199700920103,True,600-1200
R00980,295.0,437.90573607406543,142.90573607406543,-125.80424897193961,1001.6157211200705,1127.41997009201,True,<=600
R00981,350.0,449.8087553789968,99.8087553789968,-113.90122966700824,1013.5187404250019,1127.41997009201,True,<=600
R00982,63.0,520.5354853545061,457.53548535450614,-43.17449969149891,1084.2454704005113,1127.4199700920103,True,<=600
R00983,180.0,760.1727289993577,580.1727289993577,196.46274395335263,1323.8827140453627,1127.41997009201,False,<=600
R00984,160.0,826.9542794501963,666.9542794501963,263.24429440419124,1390.6642644962012,1127.4199700920099,False,<=600
R00985,700.0,511.7713736821768,188.22862631782323,-51.93861136382827,1075.481358728182,1127.4199700920103,True,600-1200
R00986,860.0,1045.968753419239,185.96875341923896,482.2587683732339,1609.678738465244,1127.4199700920099,True,600-1200
R00987,1198.0,504.20804859222403,693.791951407776,-59.50193645378101,1067.9180336382292,1127.4199700920103,False,600-1200
R00988,1403.0,504.20804859222403,898.791951407776,-59.50193645378101,1067.9180336382292,1127.4199700920103,False,1200-1800
R00989,711.0,504.20804859222403,206.79195140777597,-59.50193645378101,1067.9180336382292,1127.4199700920103,True,600-1200
R00990,356.0,547.9039196283896,191.90391962838964,-15.8060654176154,1111.6139046743947,1127.41997009201,True,<=600
R00991,1120.0,780.7462753925624,339.25372460743756,217.0362903465574,1344.4562604385674,1127.4199700920099,True,600-1200
R00992,1692.0,751.7092016173174,940.2907983826826,187.99921657131233,1315.4191866633223,1127.4199700920099,False,1200-1800
R00993,774.0,668.0043429015158,105.99565709848423,104.29435785551073,1231.7143279475208,1127.41997009201,True,600-1200
R00994,610.0,714.9836758216686,104.98367582166861,151.27369077566357,1278.6936608676738,1127.4199700920103,True,600-1200
R00995,479.0,586.7858947595103,107.78589475951026,23.07590971350521,1150.4958798055154,1127.4199700920103,True,<=600
R00996,461.0,524.3575688655583,63.35756886555828,-39.35241618044677,1088.0675539115632,1127.4199700920099,True,<=600
R00997,441.0,586.449858225724,145.44985822572403,22.739873179718984,1150.1598432717292,1127.4199700920103,True,<=600
R00998,1100.0,453.9233099096848,646.0766900903152,-109.78667513632024,1017.6332949556898,1127.41997009201,False,600-1200
R00999,597.0,440.4388167212081,156.56118327879187,-123.27116832479692,1004.1488017672132,1127.41997009201,True,<=600
R01000,346.0,364.54385635444044,18.543856354440436,-199.1661286915646,928.2538414004455,1127.41997009201,True,<=600
R01001,1263.0,667.8675118872451,595.1324881127549,104.15752684124004,1231.5774969332501,1127.41997009201,False,1200-1800
R01002,1154.0,667.8675118872451,486.1324881127549,104.15752684124004,1231.5774969332501,1127.41997009201,True,600-1200
R01003,1490.0,667.8675118872451,822.1324881127549,104.15752684124004,1231.5774969332501,1127.41997009201,False,1200-1800
R01004,210.0,481.69520564625844,271.69520564625844,-82.0147793997466,1045.4051906922634,1127.41997009201,True,<=600
R01005,1150.0,580.1931177392319,569.8068822607681,16.48313269322682,1143.903102785237,1127.4199700920103,False,600-1200
R01006,1300.0,580.1931177392319,719.8068822607681,16.48313269322682,1143.903102785237,1127.4199700920103,False,1200-1800
R01007,1108.0,1282.8505301844689,174.85053018446888,719.1405451384638,1846.5605152304738,1127.4199700920099,True,600-1200
R01008,1308.0,1283.8616593348595,24.138340665140504,720.1516742888545,1847.5716443808647,1127.4199700920103,True,1200-1800
R01009,1373.0,1283.284653719625,89.71534628037489,719.5746686736201,1846.99463876563,1127.4199700920099,True,1200-1800
R01010,300.0,524.6663084121963,224.66630841219626,-39.043676633808786,1088.3762934582014,1127.4199700920103,True,<=600
R01011,800.0,778.753886964828,21.246113035172016,215.04390191882294,1342.463872010833,1127.41997009201,True,600-1200
R01012,1314.0,1070.359365034241,243.6406349657591,506.64937998823586,1634.0693500802458,1127.4199700920099,True,1200-1800
R01013,1631.0,657.5187620020523,973.4812379979477,93.80877695604727,1221.2287470480574,1127.41997009201,False,1200-1800
R01014,1836.0,1136.572682258265,699.4273177417349,572.8626972122601,1700.28266730427,1127.4199700920099,False,1800-2200
R01015,1932.0,1060.5749371987386,871.4250628012614,496.8649521527335,1624.2849222447435,1127.4199700920099,False,1800-2200
R01016,2230.0,1454.327422925984,775.6725770740161,890.6174378799789,2018.037407971989,1127.4199700920103,False,>2200
R01018,446.0,581.8048800912364,135.80488009123644,18.094895045231397,1145.5148651372415,1127.41997009201,True,<=600
R01019,488.0,707.5348360737008,219.53483607370083,143.8248510276958,1271.2448211197059,1127.41997009201,True,<=600
R01020,590.0,944.33852386342,354.33852386342005,380.628538817415,1508.048508909425,1127.4199700920099,True,<=600
R01023,680.0,966.0097579942794,286.0097579942794,402.2997729482744,1529.7197430402844,1127.4199700920099,True,600-1200
R01029,216.0,481.69520564625844,265.69520564625844,-82.0147793997466,1045.4051906922634,1127.41997009201,True,<=600
R01030,225.0,298.9997021294038,73.99970212940377,-264.7102829166013,862.7096871754088,1127.41997009201,True,<=600
R01031,330.0,452.1699848804966,122.1699848804966,-111.54000016550845,1015.8799699265016,1127.41997009201,True,<=600
R01032,560.0,487.90210245736006,72.09789754263994,-75.80788258864499,1051.612087503365,1127.41997009201,True,<=600
R01033,765.0,560.1515494399134,204.84845056008658,-3.5584356060916207,1123.8615344859186,1127.4199700920103,True,600-1200
R01034,143.0,559.3765797657358,416.37657976573576,-4.3334052802692895,1123.0865648117408,1127.41997009201,True,<=600
R01035,471.0,559.3765797657358,88.37657976573576,-4.3334052802692895,1123.0865648117408,1127.41997009201,True,<=600
R01036,841.0,577.9537067012061,263.0462932987939,14.243721655201057,1141.663691747211,1127.4199700920099,True,600-1200
R01037,161.0,661.7076073189153,500.7076073189153,97.99762227291023,1225.4175923649204,1127.4199700920103,True,<=600
R01038,187.0,661.7076073189153,474.7076073189153,97.99762227291023,1225.4175923649204,1127.4199700920103,True,<=600
R01039,1750.0,1105.7451814017563,644.2548185982437,542.0351963557513,1669.4551664477613,1127.4199700920099,False,1200-1800
R01040,378.7,502.4289934598384,123.72899345983842,-61.280991586166635,1066.1389785058434,1127.41997009201,True,<=600
R01041,520.9,588.421736869697,67.52173686969707,24.711751823691998,1152.1317219157022,1127.4199700920103,True,<=600
R01042,643.8,927.8511350581705,284.05113505817053,364.14115001216544,1491.5611201041756,1127.4199700920103,True,600-1200
R01045,1100.0,765.814282759645,334.18571724035496,202.10429771364,1329.5242678056502,1127.4199700920103,True,600-1200
R01046,950.0,765.4403759188247,184.55962408117534,201.7303908728196,1329.1503609648298,1127.4199700920103,True,600-1200
R01047,649.0,594.4061423325447,54.59385766745527,30.696157286539687,1158.1161273785497,1127.4199700920099,True,600-1200
R01048,439.0,478.49874998362776,39.49874998362776,-85.21123506237728,1042.2087350296329,1127.41997009201,True,<=600
R01049,309.0,392.02466939324853,83.02466939324853,-171.68531565275651,955.7346544392535,1127.41997009201,True,<=600
R01050,386.2,620.0145493756203,233.8145493756203,56.30456432961523,1183.7245344216253,1127.41997009201,True,<=600
R01051,628.0,545.7180187447315,82.28198125526853,-17.991966301273578,1109.4280037907365,1127.41997009201,True,600-1200
R01052,545.0,589.8703040710042,44.87030407100417,26.160319024999126,1153.5802891170092,1127.41997009201,True,<=600
R01053,534.0,589.8703040710042,55.87030407100417,26.160319024999126,1153.5802891170092,1127.41997009201,True,<=600
R01054,525.0,589.8703040710042,64.87030407100417,26.160319024999126,1153.5802891170092,1127.41997009201,True,<=600
R01055,517.0,589.8703040710042,72.87030407100417,26.160319024999126,1153.5802891170092,1127.41997009201,True,<=600
R01056,502.0,589.8703040710042,87.87030407100417,26.160319024999126,1153.5802891170092,1127.41997009201,True,<=600
R01058,3416.0,2167.534427005489,1248.4655729945111,1603.824441959484,2731.244412051494,1127.4199700920099,False,>2200
R01059,3410.0,2086.3886968949764,1323.6113031050236,1522.6787118489715,2650.0986819409814,1127.4199700920099,False,>2200
R01060,3338.0,2080.4214117387264,1257.5785882612736,1516.7114266927215,2644.1313967847314,1127.4199700920099,False,>2200
R01067,991.0,726.7657629943127,264.2342370056873,163.05577794830765,1290.4757480403177,1127.41997009201,True,600-1200
R01068,767.0,571.316425681516,195.68357431848403,7.606440635510921,1135.0264107275211,1127.4199700920103,True,600-1200
R01069,602.0,548.5842556933887,53.41574430661126,-15.125729352616304,1112.294240739394,1127.4199700920103,True,600-1200
R01070,517.0,524.3095406909991,7.3095406909991425,-39.4004443550059,1088.0195257370042,1127.41997009201,True,<=600
R01071,461.0,513.5859548130694,52.58595481306941,-50.12403023293564,1077.2959398590745,1127.41997009201,True,<=600
R01072,840.0,577.9537067012061,262.0462932987939,14.243721655201057,1141.663691747211,1127.4199700920099,True,600-1200
R01073,159.0,537.9114958392114,378.9114958392114,-25.798489206793647,1101.6214808852164,1127.41997009201,True,<=600
R01074,1202.0,1030.4800644154395,171.51993558456047,466.7700793694345,1594.1900494614447,1127.4199700920103,True,1200-1800
R01076,214.0,271.0291075287711,57.02910752877108,-292.68087751723397,834.7390925747761,1127.41997009201,True,<=600
R01077,241.0,253.0162103775104,12.01621037751039,-310.69377466849465,816.7261954235155,1127.41997009201,True,<=600
R01078,299.0,314.83074145377054,15.830741453770543,-248.8792435922345,878.5407264997756,1127.41997009201,True,<=600
R01079,392.0,417.70705099237756,25.70705099237756,-146.00293405362748,981.4170360383825,1127.41997009201,True,<=600
R01080,482.0,440.1737753175021,41.82622468249792,-123.53620972850297,1003.8837603635071,1127.41997009201,True,<=600
R01131,1290.0,981.7992696223287,308.20073037767133,418.0892845763236,1545.5092546683336,1127.4199700920099,True,1200-1800
R01132,1135.0,1038.198377375803,96.80162262419708,474.4883923297979,1601.9083624218079,1127.4199700920099,True,600-1200
R01133,585.0,922.1196382175858,337.1196382175858,358.40965317158077,1485.8296232635907,1127.4199700920099,True,<=600
R01134,425.0,806.1940736872307,381.1940736872307,242.48408864122564,1369.9040587332356,1127.4199700920099,True,<=600
R01135,270.0,794.4468859115741,524.4468859115741,230.73690086556905,1358.156870957579,1127.4199700920099,True,<=600
R01136,1120.0,1170.6234403126864,50.6234403126864,606.9134552666814,1734.3334253586913,1127.4199700920099,True,600-1200
R01137,1841.0,1376.8108265123033,464.18917348769673,813.1008414662982,1940.5208115583082,1127.4199700920099,True,1800-2200
R01138,1100.0,1248.1889018309585,148.18890183095846,684.4789167849534,1811.8988868769634,1127.4199700920099,True,600-1200
R01139,1100.0,1061.6943855458344,38.30561445416561,497.98440049982935,1625.4043705918393,1127.4199700920099,True,600-1200
R01140,1260.0,1381.5451390653664,121.54513906536636,817.8351540193613,1945.2551241113715,1127.4199700920103,True,1200-1800
R01141,1512.0,1419.1153106139502,92.88468938604979,855.4053255679452,1982.8252956599554,1127.4199700920103,True,1200-1800
R01142,1575.0,1423.461544860711,151.538455139289,859.751559814706,1987.171529906716,1127.4199700920099,True,1200-1800
R01143,1600.0,1429.6198788985641,170.38012110143586,865.9098938525591,1993.3298639445693,1127.4199700920103,True,1200-1800
R01144,929.0,1286.6175904248078,357.61759042480776,722.9076053788027,1850.327575470813,1127.4199700920103,True,600-1200
R01145,1515.0,1530.3771632196915,15.37716321969151,966.6671781736865,2094.0871482656967,1127.4199700920103,True,1200-1800
R01146,1343.0,1198.0815196771043,144.91848032289568,634.3715346310993,1761.7915047231095,1127.4199700920103,True,1200-1800
R01147,1246.0,1420.528869582004,174.52886958200406,856.818884535999,1984.238854628009,1127.4199700920099,True,1200-1800
R01148,996.0,1081.8415621133279,85.84156211332788,518.1315770673228,1645.551547159333,1127.4199700920103,True,600-1200
R01149,1100.0,1068.3376852587023,31.662314741297678,504.6277002126973,1632.0476703047075,1127.4199700920103,True,600-1200
R01150,882.0,1059.3091609435328,177.3091609435328,495.59917589752774,1623.0191459895377,1127.4199700920099,True,600-1200
R01151,975.0,1001.4959833575665,26.4959833575665,437.78599831156146,1565.2059684035717,1127.4199700920103,True,600-1200
R01152,1010.0,1433.8495506471932,423.84955064719315,870.1395656011881,1997.559535693198,1127.4199700920099,True,600-1200
R01153,1240.0,1378.9067888226346,138.90678882263455,815.1968037766295,1942.6167738686395,1127.4199700920099,True,1200-1800
R01154,2000.0,1571.6764019599896,428.32359804001044,1007.9664169139845,2135.3863870059945,1127.4199700920099,True,1800-2200
R01155,1576.0,1397.8640608533558,178.1359391466442,834.1540758073508,1961.574045899361,1127.4199700920103,True,1200-1800
R01156,1595.0,1440.3316832699327,154.66831673006732,876.6216982239276,2004.0416683159378,1127.4199700920103,True,1200-1800
R01157,1617.0,1512.7216966992853,104.2783033007147,949.0117116532803,2076.4316817452905,1127.4199700920103,True,1200-1800
R01158,1787.0,1781.5766504843587,5.423349515641348,1217.8666654383537,2345.2866355303636,1127.4199700920099,True,1200-1800
R01159,2134.0,1690.6686495337503,443.33135046624966,1126.9586644877454,2254.3786345797553,1127.4199700920099,True,1800-2200
R01160,1706.0,1574.2557669376633,131.74423306233666,1010.5457818916583,2137.9657519836683,1127.4199700920099,True,1200-1800
R01161,1244.0,1217.8588426667557,26.141157333244337,654.1488576207506,1781.5688277127606,1127.4199700920099,True,1200-1800
R01162,1395.0,1238.5207608807814,156.47923911921862,674.8107758347763,1802.2307459267863,1127.4199700920099,True,1200-1800
R01163,298.0,244.3945854600976,53.6054145399024,-319.31539958590747,808.1045705061026,1127.41997009201,True,<=600
R01164,375.0,537.3025361819356,162.30253618193558,-26.407448864069465,1101.0125212279406,1127.41997009201,True,<=600
R01165,540.0,489.0530217635477,50.94697823645231,-74.65696328245735,1052.7630068095527,1127.41997009201,True,<=600
R01166,368.0,500.67973016692713,132.67973016692713,-63.030254879077916,1064.389715212932,1127.4199700920099,True,<=600
R01167,814.0,662.6074059071086,151.3925940928914,98.89742086110357,1226.3173909531138,1127.4199700920103,True,600-1200
R01168,635.0,688.5340746419698,53.53407464196982,124.82408959596478,1252.2440596879749,1127.41997009201,True,600-1200
R01169,855.0,775.4743586516674,79.52564134833256,211.7643736056624,1339.1843436976724,1127.4199700920099,True,600-1200
R01170,295.0,373.92105019716087,78.92105019716087,-189.78893484884418,937.6310352431659,1127.41997009201,True,<=600
R01171,753.0,761.2230992163774,8.223099216377364,197.51311417037232,1324.9330842623824,1127.41997009201,True,600-1200
R01172,620.0,710.2843190066607,90.28431900666067,146.57433396065562,1273.9943040526657,1127.41997009201,True,600-1200
R01173,842.0,741.7512590929853,100.24874090701474,178.04127404698022,1305.4612441389904,1127.4199700920103,True,600-1200
R01174,548.0,646.5641616826531,98.5641616826531,82.85417663664805,1210.2741467286583,1127.4199700920103,True,<=600
R01175,504.0,449.76996727827446,54.230032721725536,-113.94001776773058,1013.4799523242796,1127.41997009201,True,<=600
R01176,274.0,232.8061059540717,41.19389404592829,-330.90387909193333,796.5160910000768,1127.41997009201,True,<=600
R01177,141.0,131.99776608166843,9.00223391833157,-431.7122189643366,695.7077511276734,1127.41997009201,True,<=600
R01178,550.0,441.91413750634376,108.08586249365624,-121.79584753966128,1005.6241225523488,1127.41997009201,True,<=600
R01179,82.0,97.89841877814433,15.898418778144332,-465.8115662678607,661.6084038241494,1127.41997009201,True,<=600
R01180,745.0,472.5793732264906,272.4206267735094,-91.13061181951446,1036.2893582724955,1127.4199700920099,True,600-1200
R01181,139.0,252.77885128534695,113.77885128534695,-310.9311337606581,816.488836331352,1127.41997009201,True,<=600
R01182,546.0,405.28986255827067,140.71013744172933,-158.42012248773437,968.9998476042757,1127.41997009201,True,<=600
R01183,398.0,535.288377617593,137.28837761759303,-28.421607428412017,1098.998362663598,1127.41997009201,True,<=600
R01184,614.0,555.2324628141324,58.76753718586758,-8.477522231872626,1118.9424478601375,1127.41997009201,True,600-1200
R01185,673.0,608.220867245488,64.77913275451203,44.51088219948292,1171.930852291493,1127.41997009201,True,600-1200
R01186,467.0,617.0897495390025,150.08974953900247,53.379764492997424,1180.7997345850076,1127.4199700920103,True,<=600
R01187,323.0,184.67328716500478,138.32671283499522,-379.03669788100024,748.3832722110099,1127.41997009201,True,<=600
R01188,190.0,227.7907215375897,37.79072153758969,-335.9192635084154,791.5007065835947,1127.41997009201,True,<=600
R01189,89.0,109.22145862180528,20.221458621805283,-454.4885264241998,672.9314436678103,1127.41997009201,True,<=600
R01190,100.0,181.0266795726377,81.0266795726377,-382.68330547336734,744.7366646186427,1127.41997009201,True,<=600
R01191,200.0,270.8721269940309,70.8721269940309,-292.83785805197414,834.582112040036,1127.41997009201,True,<=600
R01192,60.0,206.91525442528675,146.91525442528675,-356.79473062071827,770.6252394712918,1127.41997009201,True,<=600
R01193,556.0,331.50003081552484,224.49996918447516,-232.2099542304802,895.2100158615299,1127.41997009201,True,<=600
R01194,187.0,354.15441351580483,167.15441351580483,-209.5555715302002,917.8643985618098,1127.41997009201,True,<=600
R01195,404.0,508.2000722655566,104.20007226555663,-55.50991278044842,1071.9100573115616,1127.4199700920099,True,<=600
R01196,92.0,262.15132654410155,170.15132654410155,-301.5586585019035,825.8613115901067,1127.41997009201,True,<=600
R01197,659.0,618.5783675638845,40.42163243611549,54.86838251787947,1182.2883526098894,1127.4199700920099,True,600-1200
R01198,586.0,609.94388827341,23.94388827341004,46.233903227404994,1173.6538733194152,1127.4199700920103,True,<=600
R01199,735.0,667.1875635990103,67.81243640098967,103.47757855300529,1230.8975486450154,1127.41997009201,True,600-1200
R01200,506.0,594.2150420756651,88.21504207566511,30.505057029660065,1157.9250271216702,1127.41997009201,True,<=600
R01201,324.0,276.9362316968293,47.06376830317072,-286.77375334917576,840.6462167428343,1127.41997009201,True,<=600
R01202,102.0,116.18170660746263,14.18170660746263,-447.52827843854243,679.8916916534677,1127.41997009201,True,<=600
R01203,61.0,42.24896120388657,18.751038796113427,-521.4610238421185,605.9589462498916,1127.41997009201,True,<=600
R01204,105.0,183.6625048383195,78.6625048383195,-380.04748020768557,747.3724898843245,1127.41997009201,True,<=600
R01205,24.0,8.779802898922462,15.220197101077538,-554.9301821470826,572.4897879449275,1127.41997009201,True,<=600
R01206,250.0,217.17694185753766,32.823058142462344,-346.5330431884674,780.8869269035426,1127.41997009201,True,<=600
R01207,32.0,140.3001999080981,108.30019990809811,-423.40978513790697,704.0101849541031,1127.41997009201,True,<=600
R01208,170.0,180.66329241430284,10.663292414302845,-383.0466926317022,744.3732774603079,1127.41997009201,True,<=600
R01209,166.0,154.63546173224896,11.364538267751044,-409.0745233137561,718.345446778254,1127.41997009201,True,<=600
R01210,188.0,230.34610592840198,42.34610592840198,-333.36387911760306,794.056090974407,1127.41997009201,True,<=600
R01211,235.0,247.7530918718204,12.753091871820402,-315.95689317418464,811.4630769178254,1127.41997009201,True,<=600
R01212,116.0,276.3465476580608,160.34654765806079,-287.36343738794426,840.0565327040658,1127.41997009201,True,<=600
R01213,89.0,24.96151250220487,64.03848749779513,-538.7484725438002,588.6714975482099,1127.41997009201,True,<=600
R01214,78.0,85.08357964556376,7.083579645563759,-478.6264054004413,648.7935646915688,1127.41997009201,True,<=600
R01215,293.1,535.4080229289425,242.30802292894248,-28.301962117062544,1099.1180079749474,1127.4199700920099,True,<=600
R01216,985.0,1039.129915220271,54.12991522027096,475.4199301742659,1602.839900266276,1127.4199700920099,True,600-1200
R01217,972.0,1035.802308403024,63.80230840302397,472.0923233570189,1599.5122934490291,1127.4199700920103,True,600-1200
R01218,967.0,1039.046370981149,72.04637098114904,475.336385935144,1602.7563560271542,1127.4199700920103,True,600-1200
R01220,276.0,226.71346981798328,49.28653018201672,-336.99651522802174,790.4234548639884,1127.41997009201,True,<=600
R01221,217.0,221.26342352090228,4.263423520902279,-342.44656152510277,784.9734085669073,1127.41997009201,True,<=600
R01222,201.0,220.7221735209023,19.722173520902288,-342.98781152510276,784.4321585669073,1127.41997009201,True,<=600
R01223,600.0,523.556122177889,76.44387782211095,-40.15386286811599,1087.266107223894,1127.41997009201,True,<=600
R01224,400.0,380.02600221118433,19.973997788815666,-183.6839828348207,943.7359872571894,1127.41997009201,True,<=600
R01225,1215.0,523.556122177889,691.443877822111,-40.15386286811599,1087.266107223894,1127.41997009201,False,1200-1800
R01226,2680.0,1720.0907528199677,959.9092471800323,1156.3807677739628,2283.8007378659727,1127.4199700920099,False,>2200
R01227,1719.0,1423.181557473941,295.818442526059,859.4715724279359,1986.8915425199461,1127.4199700920103,True,1200-1800
R01230,529.0,546.9089595097772,17.90895950977722,-16.801025536227826,1110.6189445557823,1127.41997009201,True,<=600
R01231,522.0,545.2044595097773,23.20445950977728,-18.505525536227765,1108.9144445557822,1127.4199700920099,True,<=600
R01232,460.0,418.1791480144635,41.82085198553648,-145.53083703154152,981.8891330604686,1127.41997009201,True,<=600
R01233,407.0,368.69844119805737,38.30155880194263,-195.01154384794768,932.4084262440624,1127.41997009201,True,<=600
R01234,372.0,346.96016652520575,25.03983347479425,-216.7498185207993,910.6701515712108,1127.41997009201,True,<=600
R01235,322.0,338.4691082854597,16.469108285459697,-225.24087676054535,902.1790933314647,1127.41997009201,True,<=600
R01236,333.0,607.7042224886925,274.7042224886925,43.99423744268745,1171.4142075346977,1127.4199700920103,True,<=600
R01237,601.0,703.409389824109,102.40938982410898,139.69940477810394,1267.119374870114,1127.4199700920099,True,600-1200
R01238,321.0,595.5288918441613,274.5288918441613,31.818906798156263,1159.2388768901665,1127.4199700920103,True,<=600
R01239,267.0,475.6379599789269,208.63795997892692,-88.07202506707813,1039.347945024932,1127.41997009201,True,<=600
R01240,745.0,648.4191093220556,96.58089067794435,84.7091242760506,1212.1290943680606,1127.4199700920099,True,600-1200
R01241,623.0,646.4844627156103,23.484462715610334,82.77447766960529,1210.1944477616153,1127.4199700920099,True,600-1200
R01242,387.0,420.54423026231615,33.54423026231615,-143.1657547836889,984.2542153083211,1127.41997009201,True,<=600
R01243,330.0,350.8456560435662,20.84565604356618,-212.86432900243886,914.5556410895713,1127.41997009201,True,<=600
R01244,631.0,796.7771700626922,165.77717006269222,233.06718501668718,1360.4871551086972,1127.4199700920099,True,600-1200
R01245,494.0,745.5439953947235,251.54399539472354,181.8340103487185,1309.2539804407286,1127.41997009201,True,<=600
R01246,448.0,735.3104580412079,287.3104580412079,171.60047299520284,1299.020443087213,1127.41997009201,True,<=600
R01247,273.0,487.8238552014705,214.8238552014705,-75.88612984453454,1051.5338402474756,1127.41997009201,True,<=600
R01248,172.0,321.9924334166237,149.99243341662373,-241.71755162938132,885.7024184626288,1127.41997009201,True,<=600
R01249,518.0,795.6070646099038,277.6070646099038,231.89707956389873,1359.3170496559087,1127.4199700920099,True,<=600
R01250,462.0,780.1190214067786,318.11902140677864,216.4090363607736,1343.8290064527837,1127.41997009201,True,<=600
R01251,395.0,672.8444959506635,277.8444959506635,109.13451090465844,1236.5544809966686,1127.4199700920103,True,<=600
R01252,356.0,640.2450019565229,284.24500195652286,76.53501691051781,1203.954987002528,1127.4199700920103,True,<=600
R01260,1511.0,1337.4551348247437,173.5448651752563,773.7451497787387,1901.1651198707486,1127.4199700920099,True,1200-1800
R01261,1366.0,968.7770090056794,397.22299099432064,405.0670239596743,1532.4869940516844,1127.41997009201,True,1200-1800
R01262,410.0,778.5574340205509,368.5574340205509,214.84744897454584,1342.267419066556,1127.41997009201,True,<=600
R01263,48.0,426.43387047593995,378.43387047593995,-137.2761145700651,990.1438555219449,1127.41997009201,True,<=600
R01264,210.0,492.1659325056678,282.1659325056678,-71.54405254033725,1055.875917551673,1127.4199700920103,True,<=600
R01265,1150.0,620.0145493756203,529.9854506243797,56.30456432961523,1183.7245344216253,1127.41997009201,True,600-1200
R01266,1300.0,620.0145493756203,679.9854506243797,56.30456432961523,1183.7245344216253,1127.41997009201,False,1200-1800
R01267,1050.0,574.5896117502978,475.41038824970224,10.879626704292718,1138.299596796303,1127.4199700920103,True,600-1200
R01268,560.0,507.616573782104,52.38342621789599,-56.09341126390103,1071.326558828109,1127.41997009201,True,<=600
R01269,520.0,507.616573782104,12.383426217895988,-56.09341126390103,1071.326558828109,1127.41997009201,True,<=600
R01270,320.0,519.4753908719479,199.47539087194787,-44.23459417405718,1083.185375917953,1127.4199700920103,True,<=600
R01271,280.0,564.6540313672172,284.65403136721716,0.9440463212121131,1128.364016413222,1127.4199700920099,True,<=600
R01272,419.0,523.8567390702424,104.85673907024238,-39.85324597576266,1087.5667241162473,1127.4199700920099,True,<=600
R01273,350.0,321.5584478114707,28.441552188529272,-242.15153723453432,885.2684328574758,1127.41997009201,True,<=600
R01274,252.0,323.22108114109443,71.22108114109443,-240.48890390491061,886.9310661870995,1127.41997009201,True,<=600
R01275,214.0,310.40250521293274,96.40250521293274,-253.3074798330723,874.1124902589378,1127.41997009201,True,<=600
R01276,212.0,303.0361129212506,91.0361129212506,-260.67387212475444,866.7460979672557,1127.41997009201,True,<=600
R01277,187.0,305.4991396670471,118.49913966704707,-258.21084537895797,869.2091247130521,1127.41997009201,True,<=600
R01281,1631.0,1260.784965370585,370.21503462941496,697.07498032458,1824.4949504165902,1127.4199700920103,True,1200-1800
R01282,1209.0,1259.9584578022257,50.95845780222567,696.2484727562206,1823.6684428482308,1127.4199700920103,True,1200-1800
R01283,443.0,527.9670577848053,84.96705778480532,-35.742927261199725,1091.6770428308105,1127.4199700920103,True,<=600
R01284,711.0,739.571424158944,28.571424158943955,175.8614391129389,1303.281409204949,1127.4199700920099,True,600-1200
R01285,301.0,413.584318185895,112.58431818589497,-150.12566686011007,977.2943032319,1127.41997009201,True,<=600
R01286,684.0,591.3179305352071,92.6820694647929,27.607945489202052,1155.0279155812123,1127.4199700920103,True,600-1200
R01287,261.0,392.10335936997706,131.10335936997706,-171.606625676028,955.8133444159821,1127.41997009201,True,<=600
R01288,506.0,590.091570535207,84.09157053520698,26.38158548920194,1153.8015555812121,1127.4199700920103,True,<=600
R01289,231.0,379.14159157212544,148.14159157212544,-184.5683934738796,942.8515766181305,1127.41997009201,True,<=600
R01290,296.0,428.0025495683831,132.00254956838307,-135.70743547762197,991.7125346143881,1127.41997009201,True,<=600
R01294,615.0,832.0336767609946,217.03367676099458,268.32369171498954,1395.7436618069996,1127.41997009201,True,600-1200
R01303,896.0,945.9786733416354,49.978673341635385,382.26868829563034,1509.6886583876403,1127.4199700920099,True,600-1200
R01304,1074.0,1213.1714782515953,139.17147825159532,649.4614932055903,1776.8814632976005,1127.4199700920103,True,600-1200
R01305,1144.0,1230.2903169742874,86.2903169742874,666.5803319282824,1794.0003020202926,1127.4199700920103,True,600-1200
R01306,1202.0,1245.8012250124555,43.80122501245546,682.0912399664504,1809.5112100584606,1127.4199700920103,True,1200-1800
R01307,1241.0,1257.0864115267718,16.086411526771826,693.3764264807668,1820.7963965727768,1127.4199700920099,True,1200-1800
R01308,520.0,629.1028674405103,109.1028674405103,65.39288239450525,1192.8128524865153,1127.41997009201,True,<=600
R01309,470.0,474.56015864281693,4.56015864281693,-89.14982640318811,1038.270143688822,1127.41997009201,True,<=600
R01310,461.0,382.5111198629839,78.48888013701611,-181.19886518302116,946.221104908989,1127.41997009201,True,<=600
R01311,445.0,375.73094372556164,69.26905627443836,-187.9790413204434,939.4409287715666,1127.41997009201,True,<=600
R01312,219.0,262.4885925795467,43.48859257954672,-301.2213924664583,826.1985776255517,1127.41997009201,True,<=600
R01313,627.0,629.1028674405103,2.1028674405102947,65.39288239450525,1192.8128524865153,1127.41997009201,True,600-1200
R01314,594.0,474.56015864281693,119.43984135718307,-89.14982640318811,1038.270143688822,1127.41997009201,True,<=600
R01315,547.0,382.5111198629839,164.4888801370161,-181.19886518302116,946.221104908989,1127.41997009201,True,<=600
R01316,399.0,375.73094372556164,23.269056274438356,-187.9790413204434,939.4409287715666,1127.41997009201,True,<=600
R01317,243.0,262.4885925795467,19.48859257954672,-301.2213924664583,826.1985776255517,1127.41997009201,True,<=600
R01318,401.0,492.2593877776312,91.25938777763122,-71.45059726837383,1055.9693728236361,1127.4199700920099,True,<=600
R01319,350.0,473.9381138030218,123.93811380302179,-89.77187124298325,1037.6480988490268,1127.41997009201,True,<=600
R01320,312.0,470.07836380302183,158.07836380302183,-93.63162124298321,1033.788348849027,1127.4199700920103,True,<=600
R01321,240.0,418.3115620877043,178.31156208770432,-145.39842295830073,982.0215471337094,1127.41997009201,True,<=600
R01322,210.0,410.5245706978985,200.52457069789853,-153.18541434810652,974.2345557439036,1127.41997009201,True,<=600
R01324,1241.0,1345.1775786044686,104.17757860446864,781.4675935584636,1908.8875636504736,1127.4199700920099,True,1200-1800
R01325,1324.0,1604.562368876137,280.56236887613704,1040.852383830132,2168.272353922142,1127.4199700920099,True,1200-1800
R01326,1566.0,1703.3294298828425,137.32942988284253,1139.6194448368374,2267.0394149288477,1127.4199700920103,True,1200-1800
R01327,1503.0,1794.084072672305,291.08407267230496,1230.3740876263,2357.79405771831,1127.4199700920099,True,1200-1800
R01328,1448.0,1887.4283965867282,439.42839658672824,1323.718411540723,2451.1383816327334,1127.4199700920103,True,1200-1800
R01329,1272.0,1853.7706086293488,581.7706086293488,1290.0606235833438,2417.4805936753537,1127.4199700920099,False,1200-1800
R01330,1300.0,1204.222609830432,95.77739016956798,640.512624784427,1767.9325948764372,1127.4199700920103,True,1200-1800
R01331,968.0,1468.3668949781677,500.3668949781677,904.6569099321626,2032.0768800241726,1127.4199700920099,True,600-1200
R01332,1100.0,1449.9836158220332,349.98361582203324,886.2736307760282,2013.6936008680382,1127.4199700920099,True,600-1200
R01333,1060.0,962.2208737386713,97.77912626132866,398.5108886926663,1525.9308587846763,1127.4199700920099,True,600-1200
R01334,1285.0,1143.8286391897539,141.17136081024614,580.1186541437488,1707.538624235759,1127.4199700920103,True,1200-1800
R01335,1612.0,1342.8564248585928,269.14357514140715,779.1464398125878,1906.566409904598,1127.4199700920103,True,1200-1800
R01336,1523.0,1601.5079804937207,78.50798049372065,1037.7979954477155,2165.217965539726,1127.4199700920103,True,1200-1800
R01337,1271.0,1209.812394822136,61.18760517786404,646.1024097761309,1773.522379868141,1127.4199700920099,True,1200-1800
R01338,1363.0,1343.0386250404779,19.961374959522118,779.3286399944728,1906.748610086483,1127.4199700920103,True,1200-1800
R01339,1349.0,1341.8853278864333,7.114672113566712,778.1753428404282,1905.5953129324384,1127.4199700920103,True,1200-1800
R01340,1331.0,1350.3351237661914,19.335123766191373,786.6251387201863,1914.0451088121963,1127.4199700920099,True,1200-1800
R01341,1313.0,1204.222609830432,108.77739016956798,640.512624784427,1767.9325948764372,1127.4199700920103,True,1200-1800
R01342,338.0,495.50348735618195,157.50348735618195,-68.2064976898231,1059.213472402187,1127.4199700920103,True,<=600
R01348,1550.0,1748.0636201815219,198.06362018152186,1184.353635135517,2311.773605227527,1127.4199700920099,True,1200-1800
R01349,1637.0,1779.0512374275977,142.0512374275977,1215.3412523815928,2342.7612224736026,1127.4199700920099,True,1200-1800
R01350,577.0,1018.0608484349511,441.06084843495114,454.3508633889461,1581.7708334809563,1127.4199700920103,True,<=600
R01351,1065.0,791.4648710435308,273.5351289564692,227.75488599752578,1355.1748560895358,1127.4199700920099,True,600-1200
R01352,409.0,777.0469384853773,368.04693848537727,213.33695343937222,1340.7569235313822,1127.4199700920099,True,<=600
R01353,736.0,634.6386851262105,101.36131487378952,70.92870008020543,1198.3486701722154,1127.4199700920099,True,600-1200
R01354,345.0,654.5090255493038,309.50902554930383,90.79904050329878,1218.2190105953089,1127.41997009201,True,<=600
R01355,703.0,418.04314141569944,284.95685858430056,-145.6668436303056,981.7531264617045,1127.41997009201,True,600-1200
R01356,1223.0,970.4897301153283,252.51026988467174,406.7797450693232,1534.1997151613332,1127.4199700920099,True,1200-1800
R01357,1000.0,1113.3144272786767,113.3144272786767,549.6044422326717,1677.0244123246816,1127.4199700920099,True,600-1200
R01360,462.0,272.4322898262292,189.56771017377082,-291.27769521977586,836.1422748722342,1127.41997009201,True,<=600
R01361,303.0,469.0835172595732,166.08351725957323,-94.62646778643182,1032.7935023055784,1127.4199700920103,True,<=600
R01362,218.0,114.33823666601056,103.66176333398944,-449.3717483799945,678.0482217120156,1127.41997009201,True,<=600
R01363,154.0,277.67770198505036,123.67770198505036,-286.0322830609547,841.3876870310554,1127.41997009201,True,<=600
R01364,163.0,272.2386671172916,109.23866711729158,-291.47131792871346,835.9486521632966,1127.41997009201,True,<=600
R01365,335.0,436.61061050718325,101.61061050718325,-127.09937453882179,1000.3205955531882,1127.41997009201,True,<=600
R01366,556.0,629.2895429706219,73.28954297062194,65.57955792461689,1192.999528016627,1127.41997009201,True,<=600
R01367,2663.0,1662.2027027117592,1000.7972972882408,1098.4927176657543,2225.912687757764,1127.4199700920099,False,>2200
R01368,1647.0,1626.9812625735349,20.018737426465123,1063.27127752753,2190.69124761954,1127.4199700920099,True,1200-1800
R01369,1707.0,1705.456215942217,1.5437840577828865,1141.7462308962122,2269.166200988222,1127.4199700920099,True,1200-1800
R01370,62.0,538.5756229958055,476.5756229958055,-25.13436205019957,1102.2856080418105,1127.41997009201,True,<=600
R01371,350.0,500.603956832149,150.60395683214898,-63.106028213856064,1064.313941878154,1127.41997009201,True,<=600
R01372,535.0,521.8283383839068,13.17166161609316,-41.881646662098206,1085.538323429912,1127.4199700920103,True,<=600
R01373,255.0,521.8283383839068,266.82833838390684,-41.881646662098206,1085.538323429912,1127.4199700920103,True,<=600
R01416,540.0,504.3259633850796,35.6740366149204,-59.38402166092544,1068.0359484310848,1127.4199700920103,True,<=600
R01419,586.0,600.7284464788597,14.728446478859723,37.01846143285468,1164.4384315248649,1127.4199700920103,True,<=600
R01420,672.0,648.7286234858798,23.27137651412022,85.01863843987474,1212.4386085318847,1127.4199700920099,True,600-1200
R01422,573.0,947.3257281132007,374.32572811320074,383.6157430671957,1511.035713159206,1127.4199700920103,True,<=600
R01423,486.0,838.9691332916054,352.96913329160543,275.2591482456004,1402.6791183376104,1127.4199700920099,True,<=600
R01424,378.0,781.7892247363535,403.7892247363535,218.07923969034846,1345.4992097823585,1127.41997009201,True,<=600
R01425,314.0,734.6321936989641,420.6321936989641,170.92220865295906,1298.3421787449693,1127.4199700920103,True,<=600
R01426,232.0,715.9295342995499,483.9295342995499,152.21954925354487,1279.639519345555,1127.4199700920103,True,<=600
R01427,222.0,622.5986510265125,400.59865102651247,58.888665980507426,1186.3086360725174,1127.4199700920099,True,<=600
R01428,210.0,543.0548869337257,333.0548869337257,-20.655098112279347,1106.7648719797307,1127.41997009201,True,<=600
R01429,160.0,417.35150576501167,257.35150576501167,-146.35847928099338,981.0614908110167,1127.41997009201,True,<=600
R01430,1152.0,1017.9978781230452,134.0021218769548,454.28789307704017,1581.7078631690501,1127.4199700920099,True,600-1200
R01431,740.0,857.6978923741988,117.69789237419877,293.9879073281937,1421.407877420204,1127.4199700920103,True,600-1200
R01432,740.0,912.6514598805927,172.6514598805927,348.94147483458767,1476.3614449265979,1127.4199700920103,True,600-1200
R01433,1210.0,1077.7290298044757,132.27097019552434,514.0190447584706,1641.4390148504808,1127.4199700920103,True,1200-1800
R01434,1071.0,952.0753919677338,118.92460803226618,388.3654069217288,1515.785377013739,1127.4199700920103,True,600-1200
R01435,1029.0,934.4120036552449,94.58799634475508,370.7020186092399,1498.1219887012498,1127.4199700920099,True,600-1200
R01436,868.0,878.6042533053094,10.604253305309385,314.89426825930434,1442.3142383513145,1127.4199700920103,True,600-1200
R01437,732.0,819.0479832348012,87.04798323480122,255.33799818879618,1382.7579682808064,1127.4199700920103,True,600-1200
R01438,685.0,776.6837684154654,91.68376841546535,212.9737833694603,1340.3937534614704,1127.41997009201,True,600-1200
R01439,593.0,683.3008106310292,90.30081063102921,119.59082558502416,1247.0107956770344,1127.4199700920103,True,<=600
R01440,564.0,679.5515804951349,115.55158049513489,115.84159544912984,1243.26156554114,1127.4199700920103,True,<=600
R01441,539.0,595.7336996016248,56.733699601624835,32.02371455561979,1159.4436846476299,1127.41997009201,True,<=600
R01442,1054.0,1185.461375919449,131.46137591944898,621.7513908734439,1749.171360965454,1127.4199700920099,True,600-1200
R01443,968.0,1027.1994064793303,59.199406479330264,463.4894214333252,1590.9093915253352,1127.4199700920099,True,600-1200
R01444,869.0,903.6500385094671,34.650038509467095,339.94005346346205,1467.3600235554723,1127.4199700920103,True,600-1200
R01445,754.0,808.9370795337345,54.937079533734504,245.22709448772946,1372.6470645797394,1127.4199700920099,True,600-1200
R01446,627.0,775.3353483325625,148.3353483325625,211.62536328655744,1339.0453333785676,1127.4199700920103,True,600-1200
R01447,596.0,674.7712787731962,78.77127877319617,111.06129372719113,1238.481263819201,1127.4199700920099,True,<=600
R01448,564.0,665.0993375878102,101.09933758781017,101.38935254180512,1228.809322633815,1127.4199700920099,True,<=600
R01449,459.0,597.2610379411148,138.26103794111475,33.551052895109706,1160.9710229871198,1127.41997009201,True,<=600
R01450,860.0,1167.3681064670764,307.36810646707636,603.6581214210713,1731.0780915130813,1127.4199700920099,True,600-1200
R01451,834.0,1167.3681064670764,333.36810646707636,603.6581214210713,1731.0780915130813,1127.4199700920099,True,600-1200
R01452,610.0,849.1023856262805,239.10238562628047,285.3924005802754,1412.8123706722854,1127.4199700920099,True,600-1200
R01453,473.0,679.2616571551335,206.26165715513355,115.5516721091285,1242.9716422011386,1127.41997009201,True,<=600
R01454,1630.0,1466.8415449249073,163.15845507509266,903.1315598789023,2030.5515299709123,1127.4199700920099,True,1200-1800
R01455,1268.0,1242.889755022952,25.11024497704807,679.1797699769469,1806.599740068957,1127.4199700920103,True,1200-1800
R01456,1115.0,1179.0788263638015,64.07882636380145,615.3688413177964,1742.7888114098064,1127.4199700920099,True,600-1200
R01457,1062.0,1026.0650230014267,35.93497699857335,462.3550379554216,1589.7750080474316,1127.4199700920099,True,600-1200
R01458,1058.0,803.9146883331446,254.08531166685543,240.20470328713952,1367.6246733791495,1127.4199700920099,True,600-1200
R01459,1795.0,1713.3399854917998,81.66001450820022,1149.6300004457948,2277.0499705378047,1127.4199700920099,True,1200-1800
R01460,1506.0,1429.1578666121388,76.84213338786117,865.4478815661338,1992.867851658144,1127.4199700920103,True,1200-1800
R01461,1266.0,1365.493076803544,99.493076803544,801.783091757539,1929.2030618495492,1127.4199700920103,True,1200-1800
R01462,1183.0,1316.5617181600817,133.56171816008168,752.8517331140766,1880.2717032060868,1127.4199700920103,True,600-1200
R01463,1175.0,1277.2142248940486,102.21422489404858,713.5042398480435,1840.9242099400535,1127.4199700920099,True,600-1200
R01464,1162.0,1168.2934841320832,6.293484132083222,604.5834990860782,1732.0034691780884,1127.4199700920103,True,600-1200
R01465,1162.0,947.2417394103928,214.75826058960718,383.5317543643878,1510.9517244563979,1127.41997009201,True,600-1200
R01466,1159.0,632.0691635475257,526.9308364524743,68.35917850152066,1195.7791485935309,1127.4199700920103,True,600-1200
R01467,1160.0,1011.2105450577183,148.78945494228174,447.5005600117132,1574.9205301037232,1127.4199700920099,True,600-1200
R01468,405.0,709.6785941061191,304.67859410611914,145.9686090601141,1273.3885791521243,1127.4199700920103,True,<=600
R01469,85.0,223.9985399247234,138.9985399247234,-339.71144512128166,787.7085249707284,1127.41997009201,True,<=600
R01470,1115.0,1062.8204056652535,52.179594334746525,499.11042061924843,1626.5303907112584,1127.4199700920099,True,600-1200
R01471,1065.0,1062.039506221884,2.9604937781159606,498.329521175879,1625.749491267889,1127.4199700920099,True,600-1200
R01472,718.0,637.8204226787815,80.17957732121852,74.11043763277644,1201.5304077247865,1127.41997009201,True,600-1200
R01473,135.0,193.12829548471512,58.128295484715125,-370.5816895612899,756.8382805307201,1127.41997009201,True,<=600
R01474,1025.0,1095.2984589173618,70.29845891736181,531.5884738713568,1659.008443963367,1127.4199700920103,True,600-1200
R01475,980.0,1104.7937044346818,124.79370443468179,541.0837193886767,1668.5036894806867,1127.4199700920099,True,600-1200
R01476,859.0,750.2006394757875,108.79936052421249,186.49065442978247,1313.9106245217927,1127.4199700920103,True,600-1200
R01477,195.0,310.3998341501944,115.39983415019441,-253.31015089581064,874.1098191961994,1127.41997009201,True,<=600
R01478,1190.0,894.2825017228415,295.7174982771585,330.57251667683647,1457.9924867688464,1127.4199700920099,True,600-1200
R01479,1170.0,925.2245639174855,244.7754360825145,361.51457887148047,1488.9345489634907,1127.4199700920103,True,600-1200
R01480,1030.0,878.3953521743215,151.6046478256785,314.68536712831644,1442.1053372203264,1127.4199700920099,True,600-1200
R01481,970.0,856.9791146987357,113.02088530126434,293.2691296527306,1420.6890997447408,1127.4199700920103,True,600-1200
R01482,850.0,857.488402818853,7.4884028188530465,293.778417772848,1421.198387864858,1127.4199700920099,True,600-1200
R01483,470.0,672.387163678798,202.38716367879795,108.6771786327929,1236.097148724803,1127.41997009201,True,<=600
R01484,170.0,376.39409154468905,206.39409154468905,-187.315893501316,940.1040765906941,1127.41997009201,True,<=600
R01485,640.0,487.03253253685426,152.96746746314574,-76.67745250915078,1050.7425175828594,1127.41997009201,True,600-1200
R01486,560.0,378.3335378974326,181.66646210256738,-185.37644714857242,942.0435229434377,1127.41997009201,True,<=600
R01490,1221.1,1591.500269582094,370.4002695820941,1027.790284536089,2155.210254628099,1127.4199700920099,True,1200-1800
R01491,1186.7,1550.8254555131516,364.12545551315156,987.1154704671466,2114.5354405591565,1127.4199700920099,True,600-1200
R01492,1112.9,1546.6664555131517,433.76645551315164,982.9564704671467,2110.376440559157,1127.4199700920103,True,600-1200
R01493,2500.0,2282.6173700034997,217.38262999650033,1718.9073849574947,2846.3273550495046,1127.4199700920099,True,>2200
R01494,1260.0,2282.6173700034997,1022.6173700034997,1718.9073849574947,2846.3273550495046,1127.4199700920099,False,1200-1800
R01495,1630.0,2282.6173700034997,652.6173700034997,1718.9073849574947,2846.3273550495046,1127.4199700920099,False,1200-1800
R01496,2030.0,2282.6173700034997,252.61737000349967,1718.9073849574947,2846.3273550495046,1127.4199700920099,True,1800-2200
R01497,1920.0,2282.6173700034997,362.6173700034997,1718.9073849574947,2846.3273550495046,1127.4199700920099,True,1800-2200
R01502,520.0,1524.5881644060867,1004.5881644060867,960.8781793600816,2088.298149452092,1127.4199700920103,False,<=600
R01503,1150.0,1524.5881644060867,374.58816440608666,960.8781793600816,2088.298149452092,1127.4199700920103,True,600-1200
R01504,1287.0,1524.5881644060867,237.58816440608666,960.8781793600816,2088.298149452092,1127.4199700920103,True,1200-1800
R01505,1286.0,1524.5881644060867,238.58816440608666,960.8781793600816,2088.298149452092,1127.4199700920103,True,1200-1800
R01506,1390.0,1524.5881644060867,134.58816440608666,960.8781793600816,2088.298149452092,1127.4199700920103,True,1200-1800
R01507,1626.0,1524.5881644060867,101.41183559391334,960.8781793600816,2088.298149452092,1127.4199700920103,True,1200-1800
R01509,213.0,238.73879065362064,25.73879065362064,-324.9711943923844,802.4487756996257,1127.41997009201,True,<=600
R01510,393.0,238.73879065362064,154.26120934637936,-324.9711943923844,802.4487756996257,1127.41997009201,True,<=600
R01511,792.0,445.70429800083343,346.29570199916657,-118.00568704517161,1009.4142830468385,1127.41997009201,True,600-1200
R01512,559.0,285.2783251158471,273.7216748841529,-278.43165993015793,848.9883101618522,1127.41997009201,True,<=600
R01513,512.0,271.43725611807537,240.56274388192463,-292.2727289279297,835.1472411640805,1127.41997009201,True,<=600
R01514,476.0,266.5709498436613,209.4290501563387,-297.13903520234373,830.2809348896664,1127.41997009201,True,<=600
R01515,353.0,620.0145493756203,267.0145493756203,56.30456432961523,1183.7245344216253,1127.41997009201,True,<=600
R01516,732.0,836.2725060011529,104.27250600115292,272.5625209551479,1399.982491047158,1127.41997009201,True,600-1200
R01517,1500.0,1468.7716589327028,31.22834106729715,905.0616738866978,2032.4816439787078,1127.4199700920099,True,1200-1800
R01519,1200.0,1468.7716589327028,268.77165893270285,905.0616738866978,2032.4816439787078,1127.4199700920099,True,600-1200
R01520,2100.0,1468.7716589327028,631.2283410672972,905.0616738866978,2032.4816439787078,1127.4199700920099,False,1800-2200
R01521,1740.0,1468.7716589327028,271.22834106729715,905.0616738866978,2032.4816439787078,1127.4199700920099,True,1200-1800
R01522,1630.0,1468.7716589327028,161.22834106729715,905.0616738866978,2032.4816439787078,1127.4199700920099,True,1200-1800
R01523,1217.0,1578.1407686257808,361.14076862578077,1014.4307835797757,2141.8507536717857,1127.4199700920099,True,1200-1800
R01524,1826.0,1875.0894198993178,49.08941989931782,1311.379434853313,2438.7994049453227,1127.4199700920099,True,1800-2200
R01525,1883.0,1862.8776153271544,20.122384672845556,1299.1676302811493,2426.5876003731596,1127.4199700920103,True,1800-2200
R01526,2483.0,1890.5426148577872,592.4573851422128,1326.8326298117822,2454.252599903792,1127.4199700920099,False,>2200
R01543,960.0,641.6384830084079,318.3615169915921,77.92849796240284,1205.348468054413,1127.41997009201,True,600-1200
R01544,1199.26,620.0145493756203,579.2454506243797,56.30456432961523,1183.7245344216253,1127.41997009201,False,600-1200
R01545,1269.23,620.0145493756203,649.2154506243797,56.30456432961523,1183.7245344216253,1127.41997009201,False,1200-1800
R01546,1371.21,620.0145493756203,751.1954506243798,56.30456432961523,1183.7245344216253,1127.41997009201,False,1200-1800
R01547,1362.74,826.5911230488124,536.1488769511876,262.88113800280735,1390.3011080948174,1127.41997009201,True,1200-1800
R01548,1241.81,810.8329816913905,430.97701830860944,247.12299664538546,1374.5429667373955,1127.41997009201,True,1200-1800
R01549,930.3,786.3302807636561,143.96971923634385,222.62029571765106,1350.0402658096612,1127.41997009201,True,600-1200
R01550,729.21,639.4722728342822,89.73772716571784,75.76228778827715,1203.1822578802871,1127.4199700920099,True,600-1200
R01551,494.82,570.9204548655322,76.10045486553219,7.210469819527134,1134.6304399115372,1127.41997009201,True,<=600
R01552,366.88,525.5834384793696,158.70343847936965,-38.1265465666354,1089.2934235253747,1127.41997009201,True,<=600
R01553,290.65,543.4903865091162,252.84038650911623,-20.21959853688884,1107.2003715551214,1127.4199700920103,True,<=600
R01554,258.76,524.2478084121963,265.4878084121963,-39.46217663380878,1087.9577934582012,1127.4199700920099,True,<=600
R01555,1616.0,850.5075007535684,765.4924992464316,286.7975157075633,1414.2174857995733,1127.4199700920099,False,1200-1800
R01556,1652.0,851.8251007535683,800.1748992464317,288.1151157075633,1415.5350857995734,1127.41997009201,False,1200-1800
R01557,1490.0,851.7626007535683,638.2373992464317,288.0526157075633,1415.4725857995734,1127.41997009201,False,1200-1800
R01558,1194.0,852.4956007535684,341.5043992464316,288.78561570756335,1416.2055857995733,1127.4199700920099,True,600-1200
R01575,280.0,296.3731925117712,16.373192511771208,-267.33679253423384,860.0831775577763,1127.41997009201,True,<=600
R01576,320.0,613.2957123813067,293.29571238130666,49.58572733530161,1177.0056974273116,1127.4199700920099,True,<=600
R01577,1253.0,296.3731925117712,956.6268074882288,-267.33679253423384,860.0831775577763,1127.41997009201,False,1200-1800
R01578,1400.0,613.2957123813067,786.7042876186933,49.58572733530161,1177.0056974273116,1127.4199700920099,False,1200-1800
R01582,489.0,326.2489135720116,162.7510864279884,-237.46107147399346,889.9588986180166,1127.41997009201,True,<=600
R01583,873.0,577.311869768337,295.68813023166297,13.601884722331988,1141.021854814342,1127.41997009201,True,600-1200
R01584,952.0,577.311869768337,374.68813023166297,13.601884722331988,1141.021854814342,1127.41997009201,True,600-1200
R01585,1136.0,585.9173160673233,550.0826839326767,22.207331021318282,1149.6273011133285,1127.4199700920103,True,600-1200
R01586,1301.0,585.9173160673233,715.0826839326767,22.207331021318282,1149.6273011133285,1127.4199700920103,False,1200-1800
R01587,1311.0,577.311869768337,733.688130231663,13.601884722331988,1141.021854814342,1127.41997009201,False,1200-1800
R01588,1273.0,577.311869768337,695.688130231663,13.601884722331988,1141.021854814342,1127.41997009201,False,1200-1800
R01589,777.0,561.072772654324,215.927227345676,-2.6372123916810324,1124.782757700329,1127.41997009201,True,600-1200
R01599,929.0,993.691720686043,64.69172068604303,429.981735640038,1557.401705732048,1127.4199700920099,True,600-1200
R01600,1021.0,984.8242327003964,36.17576729960365,421.1142476543913,1548.5342177464013,1127.4199700920099,True,600-1200
R01601,994.0,897.8331831619371,96.16681683806291,334.12319811593204,1461.543168207942,1127.4199700920099,True,600-1200
R01602,680.0,807.4312730877391,127.4312730877391,243.72128804173406,1371.141258133744,1127.4199700920099,True,600-1200
R01603,544.0,685.094765530949,141.09476553094896,121.38478048494392,1248.8047505769541,1127.4199700920103,True,<=600
R01604,268.0,523.3819500540468,255.3819500540468,-40.32803499195825,1087.0919351000518,1127.41997009201,True,<=600
R01605,1091.0,1162.0878910964684,71.08789109646841,598.3779060504634,1725.7978761424733,1127.4199700920099,True,600-1200
R01606,1130.0,1217.191272754634,87.19127275463393,653.4812877086289,1780.901257800639,1127.4199700920103,True,600-1200
R01607,1170.0,1223.2219134843326,53.22191348433262,659.5119284383276,1786.9318985303375,1127.4199700920099,True,600-1200
R01608,1200.0,1194.1026404262257,5.897359573774338,630.3926553802206,1757.8126254722306,1127.4199700920099,True,600-1200
R01609,225.0,335.9518012177212,110.9518012177212,-227.75818382828385,899.6617862637263,1127.41997009201,True,<=600
R01610,705.0,489.1148904857906,215.88510951420938,-74.59509456021442,1052.8248755317957,1127.41997009201,True,600-1200
R01611,320.0,489.1148904857906,169.11489048579062,-74.59509456021442,1052.8248755317957,1127.41997009201,True,<=600
R01612,422.0,549.6717302727301,127.67173027273009,-14.038254773274957,1113.3817153187351,1127.41997009201,True,<=600
R01613,534.0,471.8456757337795,62.1543242662205,-91.86430931222554,1035.5556607797846,1127.41997009201,True,<=600
R01614,490.0,531.0698077797518,41.06980777975184,-32.640177266253204,1094.7797928257569,1127.41997009201,True,<=600
R01615,622.0,453.80413366272603,168.19586633727397,-109.90585138327901,1017.5141187087311,1127.41997009201,True,600-1200
R01616,565.0,601.2183111309328,36.21831113093276,37.50832608492772,1164.9282961769377,1127.4199700920099,True,<=600
R01617,400.0,242.9984415924803,157.0015584075197,-320.71154345352477,806.7084266384853,1127.41997009201,True,<=600
R01628,556.0,509.0843652373624,46.91563476263758,-54.625619808642625,1072.7943502833675,1127.41997009201,True,<=600
R01629,418.0,489.5000423890241,71.50004238902409,-74.20994265698096,1053.2100274350291,1127.41997009201,True,<=600
R01630,360.0,338.8013741594424,21.19862584055761,-224.90861088656266,902.5113592054474,1127.41997009201,True,<=600
R01631,342.0,328.40292768497915,13.597072315020853,-235.3070573610259,892.1129127309841,1127.41997009201,True,<=600
R01632,300.0,386.02800971038846,86.02800971038846,-177.68197533561658,949.7379947563935,1127.41997009201,True,<=600
R01634,650.0,702.5356060062877,52.53560600628771,138.82562096028266,1266.2455910522926,1127.4199700920099,True,600-1200
R01635,650.0,663.7058467361602,13.705846736160197,99.99586169015515,1227.4158317821652,1127.41997009201,True,600-1200
R01636,650.0,666.9278073871455,16.92780738714555,103.2178223411405,1230.6377924331505,1127.4199700920099,True,600-1200
R01637,650.0,715.9305160073784,65.9305160073784,152.22053096137336,1279.6405010533836,1127.4199700920103,True,600-1200
R01639,2297.94,1811.3182948733784,486.6217051266217,1247.6083098273734,2375.0282799193833,1127.4199700920099,True,>2200
R01640,2364.63,2249.2289287925337,115.40107120746643,1685.5189437465287,2812.9389138385386,1127.4199700920099,True,>2200
R01641,2475.41,2137.797519064342,337.6124809356579,1574.087534018337,2701.507504110347,1127.4199700920099,True,>2200
R01642,2380.79,2097.0296722556977,283.76032774430223,1533.3196872096928,2660.7396573017027,1127.4199700920099,True,>2200
R01643,1923.15,2141.8706679219063,218.72066792190617,1578.1606828759013,2705.580652967911,1127.4199700920099,True,1800-2200
R01644,1010.0,1273.3895232571087,263.38952325710875,709.6795382111037,1837.099508303114,1127.4199700920103,True,600-1200
R01645,1120.0,1189.5341808638684,69.53418086386841,625.8241958178634,1753.2441659098736,1127.4199700920103,True,600-1200
R01646,1250.0,1350.2785565149077,100.27855651490768,786.5685714689026,1913.9885415609128,1127.4199700920103,True,1200-1800
R01647,1510.0,1817.2474292325155,307.2474292325155,1253.5374441865106,2380.9574142785204,1127.4199700920099,True,1200-1800
R01649,1498.0,1618.624441276169,120.62444127616891,1054.914456230164,2182.334426322174,1127.4199700920099,True,1200-1800
R01650,1635.0,1563.104420159089,71.89557984091107,999.3944351130839,2126.814405205094,1127.4199700920099,True,1200-1800
R01651,1703.0,1535.74587313546,167.25412686454,972.0358880894549,2099.455858181465,1127.4199700920099,True,1200-1800
R01652,1415.0,1559.7542938824004,144.75429388240036,996.0443088363953,2123.4642789284053,1127.4199700920099,True,1200-1800
R01657,159.0,383.5484111961205,224.54841119612053,-180.16157384988452,947.2583962421256,1127.41997009201,True,<=600
R01658,409.0,397.54528167216705,11.45471832783295,-166.164703373838,961.2552667181722,1127.41997009201,True,<=600
R01659,355.0,383.5484111961205,28.548411196120526,-180.16157384988452,947.2583962421256,1127.41997009201,True,<=600
R01660,954.0,397.54528167216705,556.454718327833,-166.164703373838,961.2552667181722,1127.41997009201,True,600-1200
R01661,773.0,738.9498659860731,34.050134013926936,175.23988094006802,1302.6598510320782,1127.4199700920103,True,600-1200
R01662,1001.0,877.0810884295977,123.91891157040232,313.37110338359264,1440.7910734756028,1127.4199700920103,True,600-1200
R01663,554.0,1002.5185704160692,448.5185704160692,438.8085853700642,1566.2285554620744,1127.4199700920103,True,<=600
R01664,793.0,949.8100596197733,156.81005961977326,386.1000745737682,1513.5200446657782,1127.4199700920099,True,600-1200
R01666,1129.4,991.9212402607573,137.47875973924283,428.2112552147522,1555.6312253067622,1127.4199700920099,True,600-1200
R01667,1159.7,1215.4932526444984,55.79325264449835,651.7832675984934,1779.2032376905036,1127.4199700920103,True,600-1200
R01668,1250.8,1226.212228533534,24.587771466465938,662.502243487529,1789.922213579539,1127.4199700920099,True,1200-1800
R01669,1198.3,1376.3001883677184,178.00018836771847,812.5902033217134,1940.0101734137234,1127.4199700920099,True,600-1200
R01671,300.0,414.18135697623745,114.18135697623745,-149.5286280697676,977.8913420222425,1127.41997009201,True,<=600
R01672,303.0,313.0246132279159,10.024613227915893,-250.68537181808915,876.7345982739209,1127.41997009201,True,<=600
R01673,307.0,337.46097269903754,30.46097269903754,-226.2490123469675,901.1709577450426,1127.41997009201,True,<=600
R01674,330.0,411.22649976591265,81.22649976591265,-152.4834852800924,974.9364848119177,1127.41997009201,True,<=600
R01675,616.0,431.53337199472713,184.46662800527287,-132.1766130512779,995.2433570407322,1127.41997009201,True,600-1200
R01679,2121.0,859.176928200842,1261.823071799158,295.46694315483694,1422.8869132468471,1127.4199700920103,False,1800-2200
R01680,1155.0,1043.242352385005,111.757647614995,479.53236733899996,1606.9523374310102,1127.4199700920103,True,600-1200
R01681,1144.0,997.8632081694411,146.13679183055888,434.1532231234361,1561.5731932154463,1127.4199700920103,True,600-1200
R01682,620.0,833.1562155115595,213.15621551155948,269.44623046555444,1396.8662005575645,1127.41997009201,True,600-1200
R01684,956.0,942.1170313478308,13.882968652169211,378.40704630182574,1505.827016393836,1127.4199700920103,True,600-1200
R01685,822.0,838.0913269262783,16.09132692627827,274.3813418802732,1401.8013119722832,1127.4199700920099,True,600-1200
R01706,1100.0,977.6870584174846,122.31294158251535,413.9770733714796,1541.3970434634898,1127.4199700920103,True,600-1200
R01709,1512.0,1423.2101592919603,88.78984070803972,859.5001742459552,1986.9201443379652,1127.4199700920099,True,1200-1800
R01710,1600.0,1437.6900555406776,162.30994445932242,873.9800704946725,2001.4000405866827,1127.4199700920103,True,1200-1800
R01711,1351.0,1423.8724402491255,72.87244024912548,860.1624552031204,1987.5824252951306,1127.4199700920103,True,1200-1800
R01712,1524.0,1657.9543378608084,133.95433786080844,1094.2443528148033,2221.6643229068136,1127.4199700920103,True,1200-1800
R01713,1369.0,1402.5784936261766,33.57849362617662,838.8685085801716,1966.2884786721816,1127.4199700920099,True,1200-1800
R01714,1007.0,870.9217119806107,136.07828801938933,307.2117269346056,1434.6316970266157,1127.41997009201,True,600-1200
R01715,1045.0,914.9236689589269,130.0763310410731,351.21368391292185,1478.633654004932,1127.41997009201,True,600-1200
R01716,829.0,901.1612737629989,72.16127376299892,337.4512887169939,1464.8712588090038,1127.4199700920099,True,600-1200
R01717,1005.0,957.7059329084915,47.29406709150851,393.99594786248645,1521.4159179544965,1127.41997009201,True,600-1200
R01718,822.0,925.8428195353215,103.8428195353215,362.13283448931645,1489.5528045813267,1127.4199700920103,True,600-1200
R01721,721.0,694.2383172804357,26.761682719564305,130.52833223443065,1257.9483023264406,1127.4199700920099,True,600-1200
R01722,927.0,790.3745223562906,136.62547764370936,226.6645373102856,1354.0845074022957,1127.41997009201,True,600-1200
R01723,778.0,756.3497601694146,21.650239830585406,192.63977512340955,1320.0597452154198,1127.4199700920103,True,600-1200
R01726,301.0,357.46179629098935,56.461796290989355,-206.2481887550157,921.1717813369944,1127.41997009201,True,<=600
R01727,694.0,529.2414569534238,164.75854304657616,-34.46852809258121,1092.9514419994289,1127.41997009201,True,600-1200
R01728,699.0,516.095653678685,182.90434632131496,-47.614331367320005,1079.8056387246902,1127.4199700920103,True,600-1200
R01729,278.0,466.21986955108,188.21986955108002,-97.49011549492502,1029.929854597085,1127.41997009201,True,<=600
R01730,367.0,438.14076415231784,71.14076415231784,-125.5692208936872,1001.8507491983229,1127.41997009201,True,<=600
R01734,2012.0,1360.753810597796,651.246189402204,797.043825551791,1924.463795643801,1127.4199700920099,False,1800-2200
R01735,1438.0,1026.989125869041,411.0108741309591,463.27914082303585,1590.6991109150458,1127.4199700920099,True,1200-1800
R01736,1159.0,1027.1326258690408,131.8673741309592,463.42264082303575,1590.842610915046,1127.4199700920103,True,600-1200
R01737,1134.0,1026.8036258690408,107.19637413095916,463.0936408230358,1590.5136109150458,1127.4199700920099,True,600-1200
R01738,1094.0,1027.094125869041,66.90587413095909,463.38414082303586,1590.8041109150458,1127.4199700920099,True,600-1200
R01739,1071.0,1026.989125869041,44.01087413095911,463.27914082303585,1590.6991109150458,1127.4199700920099,True,600-1200
R01740,1107.0,1010.0809355672551,96.9190644327449,446.37095052125005,1573.7909206132601,1127.41997009201,True,600-1200
R01741,1115.0,1013.5334807332707,101.46651926672928,449.8234956872657,1577.2434657792758,1127.41997009201,True,600-1200
R01742,1114.0,1013.5989807332708,100.40101926672924,449.8889956872657,1577.3089657792757,1127.4199700920099,True,600-1200
R01746,1509.0,1271.1190180095646,237.88098199043543,707.4090329635595,1834.8290030555695,1127.4199700920099,True,1200-1800
R01747,1579.0,1209.4130896622155,369.5869103377845,645.7031046162105,1773.1230747082204,1127.4199700920099,True,1200-1800
R01748,1480.0,1233.3388111555619,246.66118884443813,669.6288261095568,1797.0487962015668,1127.4199700920099,True,1200-1800
R01749,1080.0,1168.421511001971,88.42151100197111,604.7115259559661,1732.1314960479763,1127.4199700920103,True,600-1200
R01750,1105.0,1162.078764166613,57.07876416661293,598.3687791206079,1725.7887492126179,1127.4199700920099,True,600-1200
R01752,1914.1,1819.5911406008736,94.50885939912632,1255.8811555548687,2383.3011256468785,1127.4199700920099,True,1800-2200
R01753,2161.7,2034.7442874687806,126.9557125312192,1471.0343024227755,2598.4542725147858,1127.4199700920103,True,1800-2200
R01754,2185.1,2164.002538169759,21.097461830240718,1600.2925531237543,2727.712523215764,1127.4199700920099,True,1800-2200
R01755,2228.7,1647.4113930679869,581.288606932013,1083.701408021982,2211.121378113992,1127.4199700920099,False,>2200
R01756,1314.5,1541.1192877826963,226.61928778269635,977.4093027366913,2104.8292728287015,1127.4199700920103,True,1200-1800
R01757,618.8,1468.8764129682238,850.0764129682238,905.1664279222188,2032.586398014229,1127.4199700920103,False,600-1200
R01780,1250.0,1412.4712403737685,162.47124037376852,848.7612553277635,1976.1812254197735,1127.4199700920099,True,1200-1800
R01781,1330.0,994.8876804149138,335.1123195850862,431.17769536890876,1558.597665460919,1127.4199700920103,True,1200-1800
R01782,1745.0,1775.6927012069903,30.69270120699025,1211.982716160985,2339.4026862529954,1127.4199700920103,True,1200-1800
R01783,366.0,287.8001742659689,78.1998257340311,-275.90981078003614,851.5101593119739,1127.41997009201,True,<=600
R01784,1021.0,1328.7076376027835,307.7076376027835,764.9976525567785,1892.4176226487884,1127.4199700920099,True,600-1200
R01785,1188.0,1322.2084285570938,134.20842855709384,758.4984435110888,1885.918413603099,1127.4199700920103,True,600-1200
R01786,1965.0,1615.2343846627282,349.7656153372718,1051.5243996167233,2178.944369708733,1127.4199700920099,True,1800-2200
R01787,166.0,170.65967565965008,4.659675659650077,-393.05030938635497,734.3696607056552,1127.41997009201,True,<=600
R01788,678.0,622.6859337989113,55.314066201088735,58.97594875290622,1186.3959188449162,1127.4199700920099,True,600-1200
R01789,1965.0,1732.2065247028559,232.79347529714414,1168.496539656851,2295.916509748861,1127.4199700920099,True,1800-2200
R01790,236.0,267.4961059932793,31.496105993279286,-296.21387905272576,831.2060910392843,1127.41997009201,True,<=600
R01791,362.0,496.03516301301664,134.03516301301664,-67.6748220329884,1059.7451480590216,1127.41997009201,True,<=600
R01792,1841.0,1359.4068478828335,481.5931521171665,795.6968628368285,1923.1168329288384,1127.4199700920099,True,1800-2200
R01793,298.0,234.64929903336707,63.35070096663293,-329.060686012638,798.3592840793722,1127.41997009201,True,<=600
R01794,796.0,461.22708650133245,334.77291349866755,-102.4828985446726,1024.9370715473374,1127.4199700920099,True,600-1200
R01796,89.0,102.54694297751807,13.546942977518071,-461.16304206848696,666.2569280235231,1127.41997009201,True,<=600
R01798,1340.0,1341.3817121444754,1.3817121444753866,777.6717270984703,1905.0916971904803,1127.4199700920099,True,1200-1800
R01799,1240.0,1235.3552092154891,4.64479078451086,671.6452241694841,1799.065194261494,1127.4199700920099,True,1200-1800
R01803,1302.0,1467.5096658020086,165.5096658020086,903.7996807560036,2031.2196508480138,1127.4199700920103,True,1200-1800
R01804,2350.0,1637.711427318552,712.2885726814479,1074.0014422725471,2201.421412364557,1127.4199700920099,False,>2200
R01805,579.0,531.8894869301855,47.11051306981449,-31.820498115819532,1095.5994719761907,1127.4199700920103,True,<=600
R01806,1625.0,1257.4781543655236,367.52184563447645,693.7681693195185,1821.1881394115285,1127.4199700920099,True,1200-1800
R01807,2035.0,1941.6753041262045,93.32469587379546,1377.9653190801996,2505.3852891722095,1127.4199700920099,True,1800-2200
R01808,220.0,275.62827914522495,55.62827914522495,-288.0817059007801,839.33826419123,1127.41997009201,True,<=600
R01809,796.0,762.1064645035938,33.89353549640623,198.39647945758873,1325.816449549599,1127.4199700920103,True,600-1200
R01810,1012.0,1232.3717149546837,220.37171495468374,668.6617299086787,1796.0817000006887,1127.4199700920099,True,600-1200
R01811,962.0,1283.7215824366833,321.7215824366833,720.0115973906783,1847.4315674826885,1127.4199700920103,True,600-1200
R01812,1415.0,1524.0919718521998,109.09197185219978,960.3819868061947,2087.801956898205,1127.4199700920103,True,1200-1800
R01813,1260.0,1338.7404574029833,78.74045740298334,775.0304723569783,1902.4504424489883,1127.4199700920099,True,1200-1800
R01814,500.0,1327.4280168737973,827.4280168737973,763.7180318277923,1891.1380019198023,1127.4199700920099,False,<=600
R01815,1300.0,1366.2360157084936,66.2360157084936,802.5260306624886,1929.9460007544985,1127.4199700920099,True,1200-1800
R01816,40.0,130.98064005656823,90.98064005656823,-432.7293449894368,694.6906251025732,1127.41997009201,True,<=600
R01817,640.0,736.0108755094228,96.01087550942282,172.30089046341777,1299.7208605554279,1127.41997009201,True,600-1200
R01818,1005.0,1020.3332327380745,15.333232738074457,456.6232476920694,1584.0432177840794,1127.4199700920099,True,600-1200
R01819,1700.0,1617.9265858701094,82.07341412989058,1054.2166008241043,2181.6365709161146,1127.4199700920103,True,1200-1800
R01820,75.0,158.0378029168163,83.0378029168163,-405.67218212918874,721.7477879628213,1127.41997009201,True,<=600
R01821,970.0,882.3215752887985,87.6784247112015,318.61159024279345,1446.0315603348035,1127.41997009201,True,600-1200
R01822,1370.0,1310.812744792731,59.18725520726889,747.1027597467261,1874.5227298387363,1127.4199700920103,True,1200-1800
R01823,1010.0,1401.9433983561098,391.9433983561098,838.2334133101048,1965.6533834021147,1127.4199700920099,True,600-1200
R01825,594.0,460.462005651042,133.53799434895802,-103.24797939496307,1024.171990697047,1127.41997009201,True,<=600
R01826,1060.0,962.3434578760812,97.65654212391883,398.63347283007613,1526.053442922086,1127.4199700920099,True,600-1200
R01827,1080.0,1147.3777446581435,67.37774465814346,583.6677596121384,1711.0877297041484,1127.4199700920099,True,600-1200
R01828,150.0,206.2567632737501,56.256763273750096,-357.45322177225495,769.9667483197552,1127.41997009201,True,<=600
R01830,875.0,770.733553136865,104.266446863135,207.02356809085995,1334.44353818287,1127.41997009201,True,600-1200
R01831,930.0,965.2253003523163,35.22530035231625,401.5153153063112,1528.9352853983214,1127.4199700920103,True,600-1200
R01832,100.0,194.76237712857179,94.76237712857179,-368.9476079174333,758.4723621745768,1127.41997009201,True,<=600
R01833,375.0,549.2853013499484,174.28530134994844,-14.424683696056604,1112.9952863959534,1127.4199700920099,True,<=600
R01834,875.0,863.664559466571,11.33544053342905,299.9545744205659,1427.374544512576,1127.41997009201,True,600-1200
R01835,1020.0,967.4068561496722,52.593143850327806,403.69687110366715,1531.1168411956774,1127.4199700920103,True,600-1200
R01836,1070.0,1062.2916909130329,7.70830908696712,498.58170586702784,1626.001675959038,1127.4199700920103,True,600-1200
R01837,1550.0,1428.9349102506842,121.0650897493158,865.2249252046792,1992.6448952966894,1127.4199700920103,True,1200-1800
R01838,65.0,134.58497495065092,69.58497495065092,-429.1250100953541,698.294959996656,1127.41997009201,True,<=600
R01839,860.0,693.8813300752685,166.11866992473153,130.17134502926342,1257.5913151212735,1127.41997009201,True,600-1200
R01840,1015.0,1166.1183248533632,151.11832485336322,602.4083398073582,1729.8283098993684,1127.4199700920103,True,600-1200
R01841,1489.0,1531.1710771520616,42.17107715206157,967.4610921060565,2094.8810621980665,1127.4199700920099,True,1200-1800
R01842,2197.0,1601.6183530589929,595.3816469410071,1037.908368012988,2165.328338104998,1127.4199700920099,False,1800-2200
R01844,2000.0,1601.6183530589929,398.38164694100715,1037.908368012988,2165.328338104998,1127.4199700920099,True,1800-2200
R01846,1597.0,676.8225373781207,920.1774626218793,113.11255233211568,1240.5325224241258,1127.41997009201,False,1200-1800
R01855,1320.0,1631.2987497918446,311.29874979184456,1067.5887647458394,2195.0087348378497,1127.4199700920103,True,1200-1800
R01856,935.0,643.3755956052909,291.62440439470913,79.66561055928582,1207.085580651296,1127.41997009201,True,600-1200
R01857,200.0,277.3766131068466,77.3766131068466,-286.33337193915844,841.0865981528516,1127.41997009201,True,<=600
R01858,540.0,496.99189563576687,43.008104364233134,-66.71808941023818,1060.7018806817719,1127.41997009201,True,<=600
R01859,500.0,687.3257292667475,187.32572926674754,123.6157442207425,1251.0357143127526,1127.41997009201,True,<=600
R01860,520.0,713.4791367956618,193.47913679566182,149.76915174965677,1277.1891218416667,1127.4199700920099,True,<=600
R01861,1375.0,992.6356787234204,382.36432127657963,428.9256936774153,1556.3456637694253,1127.4199700920099,True,1200-1800
R01862,735.0,1362.0663828774577,627.0663828774577,798.3563978314527,1925.7763679234627,1127.4199700920099,False,600-1200
R01863,1280.0,1129.6020142395632,150.39798576043677,565.8920291935582,1693.3119992855682,1127.4199700920099,True,1200-1800
R01864,403.0,394.17737762919666,8.822622370803344,-169.5326074168084,957.8873626752018,1127.41997009201,True,<=600
R01865,728.0,706.1684439559297,21.83155604407034,142.45845890992462,1269.8784290019348,1127.4199700920103,True,600-1200
R01866,1352.0,1312.9467116960345,39.05328830396547,749.2367266500295,1876.6566967420395,1127.4199700920099,True,1200-1800
R01867,535.0,473.8811292391073,61.11887076089272,-89.82885580689776,1037.5911142851123,1127.41997009201,True,<=600
R01868,991.0,1217.9995152521751,226.99951525217512,654.2895302061701,1781.70950029818,1127.4199700920099,True,600-1200
R01869,1000.0,1187.8362149883167,187.83621498831667,624.1262299423116,1751.5462000343218,1127.4199700920103,True,600-1200
R01870,110.0,187.73350984064604,77.73350984064604,-375.976475205359,751.443494886651,1127.41997009201,True,<=600
R01871,560.0,628.6975089178006,68.69750891780063,64.98752387179559,1192.4074939638058,1127.4199700920103,True,<=600
R01872,780.0,888.2917764985061,108.29177649850612,324.5817914525011,1452.0017615445113,1127.4199700920103,True,600-1200
R01873,1020.0,1187.8362149883167,167.83621498831667,624.1262299423116,1751.5462000343218,1127.4199700920103,True,600-1200
R01874,158.0,187.73350984064604,29.733509840646036,-375.976475205359,751.443494886651,1127.41997009201,True,<=600
R01875,685.0,628.6975089178006,56.30249108219937,64.98752387179559,1192.4074939638058,1127.4199700920103,True,600-1200
R01876,810.0,888.2917764985061,78.29177649850612,324.5817914525011,1452.0017615445113,1127.4199700920103,True,600-1200
R01877,1000.0,1240.230253478034,240.230253478034,676.520268432029,1803.9402385240392,1127.4199700920103,True,600-1200
R01880,1500.0,1462.1754961185204,37.824503881479586,898.4655110725154,2025.8854811645256,1127.4199700920103,True,1200-1800
R01881,550.0,482.18562692067326,67.81437307932674,-81.52435812533179,1045.8956119666782,1127.4199700920099,True,<=600
R01882,1155.0,1112.4439740197486,42.556025980251434,548.7339889737435,1676.1539590657535,1127.4199700920099,True,600-1200
R01883,865.0,725.2241755385578,139.7758244614422,161.51419049255276,1288.934160584563,1127.4199700920103,True,600-1200
R01884,975.0,910.0875501578608,64.91244984213915,346.3775651118558,1473.797535203866,1127.41997009201,True,600-1200
R01885,1360.0,1409.9245049182564,49.92450491825639,846.2145198722513,1973.6344899642613,1127.4199700920099,True,1200-1800
R01886,855.0,756.8875576676999,98.11244233230013,193.17757262169482,1320.597542713705,1127.4199700920103,True,600-1200
R01887,1065.0,1078.2482641533238,13.248264153323817,514.5382791073188,1641.9582491993287,1127.4199700920099,True,600-1200
R01888,1485.0,1414.9946084268977,70.00539157310232,851.2846233808926,1978.7045934729026,1127.4199700920099,True,1200-1800
R01889,675.0,739.4932008684252,64.49320086842522,175.78321582242017,1303.2031859144304,1127.4199700920103,True,600-1200
R01890,1135.0,1104.0270109508817,30.97298904911827,540.3170259048767,1667.736995996887,1127.4199700920103,True,600-1200
R01891,1535.0,1476.884430180533,58.115569819467055,913.1744451345279,2040.5944152265379,1127.4199700920099,True,1200-1800
R01892,180.0,307.8261988086882,127.82619880868822,-255.88378623731683,871.5361838546933,1127.41997009201,True,<=600
R01893,1195.0,1084.9640184660734,110.03598153392659,521.2540334200684,1648.6740035120783,1127.4199700920099,True,600-1200
R01894,1183.0,1370.7980338894076,187.79803388940763,807.0880488434026,1934.5080189354126,1127.4199700920099,True,600-1200
R01895,1201.0,1330.8003554423105,129.80035544231055,767.0903703963055,1894.5103404883157,1127.4199700920103,True,1200-1800
R01896,1419.6,1955.2491238573143,535.6491238573144,1391.5391388113094,2518.9591089033192,1127.4199700920099,True,1200-1800
R01897,1096.8,1632.1923230587977,535.3923230587977,1068.4823380127928,2195.9023081048026,1127.4199700920099,True,600-1200
R01898,1905.6,1690.7233259957309,214.87667400426903,1127.0133409497257,2254.433311041736,1127.4199700920103,True,1800-2200
R01899,1771.3,1661.3258868931214,109.97411310687858,1097.6159018471162,2225.0358719391265,1127.4199700920103,True,1200-1800
R01900,1609.2,1566.6784240031225,42.52157599687757,1002.9684389571174,2130.3884090491274,1127.4199700920099,True,1200-1800
R01901,1457.0,1290.5139575526277,166.48604244737226,726.8039725066227,1854.2239425986327,1127.4199700920099,True,1200-1800
R01902,1420.0,1290.5139575526277,129.48604244737226,726.8039725066227,1854.2239425986327,1127.4199700920099,True,1200-1800
R01903,1375.0,1302.7998805795908,72.20011942040924,739.0898955335857,1866.509865625596,1127.4199700920103,True,1200-1800
R01904,1328.0,1290.5139575526277,37.486042447372256,726.8039725066227,1854.2239425986327,1127.4199700920099,True,1200-1800
R01905,1322.0,1290.5139575526277,31.486042447372256,726.8039725066227,1854.2239425986327,1127.4199700920099,True,1200-1800
R01906,1595.0,1424.7731704472376,170.2268295527624,861.0631854012325,1988.4831554932425,1127.4199700920099,True,1200-1800
R01909,983.0,594.2587277248532,388.7412722751468,30.548742678848157,1157.9687127708582,1127.41997009201,True,600-1200
R01910,1298.0,1396.369535867487,98.369535867487,832.659550821482,1960.0795209134922,1127.4199700920103,True,1200-1800
R01911,259.0,142.433756350564,116.56624364943599,-421.27622869544103,706.1437413965691,1127.41997009201,True,<=600
R01912,1230.0,1036.162902421523,193.83709757847691,472.45291737551804,1599.872887467528,1127.4199700920099,True,1200-1800
R01913,1260.0,1272.1409256671325,12.140925667132478,708.4309406211274,1835.8509107131376,1127.4199700920103,True,1200-1800
R01914,115.0,160.06796849048243,45.06796849048243,-403.6420165555226,723.7779535364875,1127.41997009201,True,<=600
R01915,300.0,370.8678088310071,70.8678088310071,-192.84217621499795,934.5777938770121,1127.41997009201,True,<=600
R01916,1035.0,897.716508927536,137.28349107246402,334.00652388153094,1461.426493973541,1127.41997009201,True,600-1200
R01917,2034.0,2117.492449328553,83.492449328553,1553.782464282548,2681.202434374558,1127.4199700920099,True,1800-2200
R01918,750.0,735.8464019023025,14.153598097697454,172.1364168562975,1299.5563869483076,1127.41997009201,True,600-1200
R01919,2050.0,2050.949055766513,0.9490557665130837,1487.2390707205082,2614.659040812518,1127.4199700920099,True,1800-2200
R01920,586.0,776.7939625039921,190.79396250399213,213.0839774579871,1340.503947549997,1127.4199700920099,True,<=600
R01921,2327.0,2275.17829409536,51.82170590464011,1711.468309049355,2838.888279141365,1127.4199700920099,True,>2200
R01922,979.0,873.4400190410558,105.55998095894415,309.7300339950508,1437.150004087061,1127.4199700920103,True,600-1200
R01923,822.0,918.7389178984657,96.73891789846573,355.0289328524607,1482.4489029444708,1127.41997009201,True,600-1200
R01924,590.0,647.0821360816227,57.08213608162271,83.37215103561766,1210.7921211276278,1127.41997009201,True,<=600
R01925,650.0,677.1606954517287,27.160695451728657,113.45071040572361,1240.8706804977337,1127.41997009201,True,600-1200
R01926,765.0,740.5205426749037,24.47945732509629,176.81055762889866,1304.2305277209089,1127.4199700920103,True,600-1200
R01927,795.0,785.2428648883839,9.757135111616094,221.53287984237886,1348.952849934389,1127.41997009201,True,600-1200
R01928,1350.0,1293.3649249004798,56.635075099520236,729.6549398544747,1857.0749099464847,1127.4199700920099,True,1200-1800
R01929,1370.0,1444.9432669538746,74.94326695387463,881.2332819078696,2008.6532519998796,1127.4199700920099,True,1200-1800
R01930,1600.0,1566.5367166904844,33.463283309515646,1002.8267316444793,2130.2467017364893,1127.4199700920099,True,1200-1800
R01931,1550.0,1625.8497673966388,75.84976739663875,1062.1397823506336,2189.559752442644,1127.4199700920103,True,1200-1800
R01932,1650.0,1652.128013733402,2.1280137334019855,1088.418028687397,2215.837998779407,1127.4199700920099,True,1200-1800
R01933,1176.0,1402.575766864063,226.5757668640631,838.865781818058,1966.285751910068,1127.4199700920099,True,600-1200
R01934,1150.0,1402.575766864063,252.5757668640631,838.865781818058,1966.285751910068,1127.4199700920099,True,600-1200
R01935,903.0,1022.896257567249,119.896257567249,459.18627252124395,1586.606242613254,1127.4199700920099,True,600-1200
R01936,1150.0,1096.9283289673501,53.071671032649874,533.2183439213451,1660.6383140133553,1127.4199700920103,True,600-1200
R01937,1100.0,1096.9283289673501,3.071671032649874,533.2183439213451,1660.6383140133553,1127.4199700920103,True,600-1200
R01938,890.0,1064.2272609009447,174.22726090094466,500.5172758549396,1627.9372459469496,1127.4199700920099,True,600-1200
R01939,1040.0,892.7534275778268,147.24657242217324,329.0434425318217,1456.4634126238318,1127.41997009201,True,600-1200
R01940,1020.0,892.7534275778268,127.24657242217324,329.0434425318217,1456.4634126238318,1127.41997009201,True,600-1200
R01941,1200.0,1146.7650499264698,53.23495007353017,583.0550648804648,1710.475034972475,1127.4199700920103,True,600-1200
R01942,1180.0,1146.7650499264698,33.23495007353017,583.0550648804648,1710.475034972475,1127.4199700920103,True,600-1200
R01943,1020.0,1129.3679353105845,109.36793531058447,565.6579502645794,1693.0779203565894,1127.4199700920099,True,600-1200
R01944,1380.0,1277.761593055572,102.2384069444281,714.0516080095668,1841.471578101577,1127.4199700920103,True,1200-1800
R01945,1370.0,1277.761593055572,92.2384069444281,714.0516080095668,1841.471578101577,1127.4199700920103,True,1200-1800
R01946,1250.0,1260.348320431874,10.348320431874072,696.638335385869,1824.058305477879,1127.4199700920099,True,1200-1800
R01947,1640.0,1499.7495423267128,140.2504576732872,936.0395572807078,2063.4595273727177,1127.4199700920099,True,1200-1800
R01948,1550.0,1499.7495423267128,50.2504576732872,936.0395572807078,2063.4595273727177,1127.4199700920099,True,1200-1800
R01949,1370.0,1482.4815363696816,112.48153636968163,918.7715513236766,2046.1915214156866,1127.4199700920099,True,1200-1800
R01950,1920.0,1709.3221249927287,210.67787500727127,1145.6121399467238,2273.0321100387337,1127.4199700920099,True,1800-2200
R01951,1880.0,1725.6421231372597,154.35787686274034,1161.9321380912547,2289.3521081832646,1127.4199700920099,True,1800-2200
R01952,1750.0,1725.6421231372597,24.35787686274034,1161.9321380912547,2289.3521081832646,1127.4199700920099,True,1200-1800
R01953,2390.0,1940.9079204028799,449.0920795971201,1377.197935356875,2504.617905448885,1127.4199700920099,True,>2200
R01954,2250.0,1958.7873667895988,291.21263321040124,1395.0773817435938,2522.4973518356037,1127.4199700920099,True,>2200
R01955,2210.0,1958.7873667895988,251.21263321040124,1395.0773817435938,2522.4973518356037,1127.4199700920099,True,>2200
R01956,1112.0,1245.4114506233277,133.4114506233277,681.7014655773227,1809.1214356693326,1127.4199700920099,True,600-1200
R01957,1617.0,1514.392929322989,102.60707067701105,950.6829442769839,2078.102914368994,1127.4199700920099,True,1200-1800
R01960,1787.0,1781.6754635621191,5.324536437880852,1217.9654785161142,2345.385448608124,1127.4199700920099,True,1200-1800
R01963,2134.0,1698.364657037827,435.6353429621729,1134.654671991822,2262.0746420838323,1127.4199700920103,True,1800-2200
R01966,1317.0,1371.6483804826541,54.64838048265415,807.9383954366491,1935.3583655286593,1127.4199700920103,True,1200-1800
R01967,1260.0,1398.4360845631352,138.43608456313518,834.7260995171301,1962.1460696091403,1127.4199700920103,True,1200-1800
R01968,60.0,204.01730798066978,144.01730798066978,-359.69267706533526,767.7272930266748,1127.41997009201,True,<=600
R01969,368.0,491.98896183616364,123.98896183616364,-71.7210232098414,1055.6989468821687,1127.41997009201,True,<=600
R01970,1512.0,1420.5605024006798,91.43949759932025,856.8505173546747,1984.270487446685,1127.4199700920103,True,1200-1800
R01972,556.0,333.20360407604807,222.79639592395193,-230.50638096995698,896.913589122053,1127.41997009201,True,<=600
R01973,814.0,661.5844798080907,152.4155201919093,97.87449476208565,1225.2944648540956,1127.4199700920099,True,600-1200
R01974,1007.0,865.9360596008773,141.06394039912266,302.2260745548723,1429.6460446468823,1127.4199700920099,True,600-1200
R01975,1719.0,1447.0005076294824,271.9994923705176,883.2905225834774,2010.7104926754873,1127.4199700920099,True,1200-1800
R01976,1575.0,1415.6440043365594,159.35599566344058,851.9340192905544,1979.3539893825646,1127.4199700920103,True,1200-1800
R01977,187.0,360.79240668875855,173.79240668875855,-202.9175783572465,924.5023917347636,1127.41997009201,True,<=600
R01978,397.0,442.0963534322256,45.09635343222561,-121.61363161377943,1005.8063384782306,1127.41997009201,True,<=600
R01979,635.0,698.3482013602895,63.34820136028952,134.63821631428448,1262.0581864062947,1127.4199700920103,True,600-1200
R01980,728.0,742.3521789959321,14.35217899593215,178.6421939499271,1306.0621640419372,1127.41997009201,True,600-1200
R01981,825.0,904.4716425840638,79.47164258406383,340.7616575380588,1468.1816276300688,1127.4199700920099,True,600-1200
R01982,1600.0,1455.4298874499402,144.57011255005978,891.7199024039352,2019.1398724959454,1127.4199700920103,True,1200-1800
R01983,404.0,499.11040316789376,95.11040316789376,-64.59958187811128,1062.8203882138987,1127.4199700920099,True,<=600
R01984,855.0,761.6171988781335,93.38280112186646,197.9072138321285,1325.3271839241386,1127.41997009201,True,600-1200
R01985,1045.0,906.1255887262625,138.87441127373745,342.4156036802575,1469.8355737722677,1127.4199700920103,True,600-1200
R01986,540.0,689.6972756750956,149.69727567509563,125.98729062909058,1253.4072607211006,1127.4199700920099,True,<=600
R01987,1399.0,1321.531582285898,77.46841771410209,757.8215972398929,1885.2415673319028,1127.4199700920099,True,1200-1800
R01988,240.0,228.85248622389193,11.14751377610807,-334.85749882211314,792.562471269897,1127.41997009201,True,<=600
R01989,875.0,453.0571943070054,421.9428056929946,-110.65279073899967,1016.7671793530104,1127.41997009201,True,600-1200
R01990,1540.0,1621.5192535142862,81.51925351428622,1057.809268468281,2185.2292385602914,1127.4199700920103,True,1200-1800
R01991,1483.0,1624.8281131560336,141.82811315603362,1061.1181281100285,2188.538098202039,1127.4199700920103,True,1200-1800
R01992,371.0,779.2183013434661,408.2183013434661,215.50831629746108,1342.9282863894712,1127.41997009201,True,<=600
R01993,102.0,783.3136342554375,681.3136342554375,219.60364920943243,1347.0236193014425,1127.41997009201,False,<=600
R01994,920.0,1078.4567668134262,158.45676681342616,514.7467817674211,1642.1667518594313,1127.4199700920103,True,600-1200
R01995,597.0,1081.7817055086064,484.78170550860636,518.0717204626013,1645.4916905546115,1127.4199700920103,True,<=600
R01996,1273.0,1197.1972742681783,75.80272573182174,633.4872892221732,1760.9072593141832,1127.4199700920099,True,1200-1800
R01997,1073.0,1245.152130676665,172.1521306766649,681.4421456306599,1808.8621157226698,1127.4199700920099,True,600-1200
R01998,1520.0,1100.877351660962,419.12264833903805,537.1673666149569,1664.587336706967,1127.4199700920103,True,1200-1800
R01999,795.0,1100.654351660962,305.654351660962,536.944366614957,1664.3643367069672,1127.4199700920103,True,600-1200
R02000,1900.0,1050.8477153548167,849.1522846451833,487.1377303088117,1614.557700400822,1127.4199700920103,False,1800-2200
R02001,830.0,1027.1006561914055,197.1006561914055,463.39067114540046,1590.8106412374104,1127.4199700920099,True,600-1200
R02002,1303.0,1032.8373370951883,270.16266290481167,469.1273520491833,1596.5473221411935,1127.4199700920103,True,1200-1800
R02003,1202.0,1053.3235486881501,148.67645131184986,489.6135636421451,1617.0335337341553,1127.4199700920103,True,1200-1800
R02004,1145.0,1027.1006561914055,117.8993438085945,463.39067114540046,1590.8106412374104,1127.4199700920099,True,600-1200
R02005,958.0,1027.1006561914055,69.1006561914055,463.39067114540046,1590.8106412374104,1127.4199700920099,True,600-1200
R02006,944.0,1027.1006561914055,83.1006561914055,463.39067114540046,1590.8106412374104,1127.4199700920099,True,600-1200
R02007,940.0,1027.1006561914055,87.1006561914055,463.39067114540046,1590.8106412374104,1127.4199700920099,True,600-1200
R02009,929.0,1257.3608349197273,328.36083491972727,693.6508498737222,1821.0708199657324,1127.4199700920103,True,600-1200
R02010,905.0,1245.152130676665,340.1521306766649,681.4421456306599,1808.8621157226698,1127.4199700920099,True,600-1200
R02011,890.0,1245.152130676665,355.1521306766649,681.4421456306599,1808.8621157226698,1127.4199700920099,True,600-1200
R02012,828.0,1049.51638732288,221.51638732288006,485.806402276875,1613.2263723688852,1127.4199700920103,True,600-1200
R02013,827.0,1049.51638732288,222.51638732288006,485.806402276875,1613.2263723688852,1127.4199700920103,True,600-1200
R02014,820.0,1049.51638732288,229.51638732288006,485.806402276875,1613.2263723688852,1127.4199700920103,True,600-1200
R02015,803.0,1049.51638732288,246.51638732288006,485.806402276875,1613.2263723688852,1127.4199700920103,True,600-1200
R02016,92.0,255.243318214333,163.243318214333,-308.46666683167206,818.9533032603381,1127.41997009201,True,<=600
R02017,295.0,367.68081729598975,72.68081729598975,-196.0291677500153,931.3908023419948,1127.41997009201,True,<=600
R02018,535.0,549.4785257713601,14.478525771360069,-14.231459274644976,1113.188510817365,1127.41997009201,True,<=600
R02019,475.0,549.4785257713601,74.47852577136007,-14.231459274644976,1113.188510817365,1127.41997009201,True,<=600
R02020,285.0,549.4785257713601,264.47852577136007,-14.231459274644976,1113.188510817365,1127.41997009201,True,<=600
R02021,675.0,859.2944376851153,184.29443768511533,295.5844526391103,1423.0044227311205,1127.4199700920103,True,600-1200
R02022,2310.0,1205.6959733110934,1104.3040266889066,641.9859882650884,1769.4059583570984,1127.4199700920099,False,>2200
R02023,2100.0,1205.6959733110934,894.3040266889066,641.9859882650884,1769.4059583570984,1127.4199700920099,False,1800-2200
R02024,2020.0,1205.6959733110934,814.3040266889066,641.9859882650884,1769.4059583570984,1127.4199700920099,False,1800-2200
R02025,1950.0,1205.6959733110934,744.3040266889066,641.9859882650884,1769.4059583570984,1127.4199700920099,False,1800-2200
R02026,1315.0,1058.1083556357783,256.89164436422175,494.3983705897732,1621.8183406817834,1127.4199700920103,True,1200-1800
R02027,1157.0,1298.5341410746978,141.5341410746978,734.8241560286928,1862.2441261207027,1127.4199700920099,True,600-1200
R02028,1170.0,1290.7294954460654,120.72949544606536,727.0195104000603,1854.4394804920703,1127.4199700920099,True,600-1200
R02029,1253.0,1238.7745253920198,14.225474607980232,675.0645403460147,1802.4845104380247,1127.4199700920099,True,1200-1800
R02030,1140.0,1238.7745253920198,98.77452539201977,675.0645403460147,1802.4845104380247,1127.4199700920099,True,600-1200
R02031,1120.0,1238.7745253920198,118.77452539201977,675.0645403460147,1802.4845104380247,1127.4199700920099,True,600-1200
R02032,879.0,1120.9985707740614,241.99857077406136,557.2885857280563,1684.7085558200665,1127.4199700920103,True,600-1200
R02033,400.0,743.0780591455257,343.0780591455257,179.36807409952064,1306.7880441915308,1127.4199700920103,True,<=600
R02034,700.0,635.0688118380298,64.93118816197023,71.35882679202473,1198.7787968840348,1127.41997009201,True,600-1200
R02035,800.0,857.7328129716861,57.732812971686144,294.0228279256811,1421.442798017691,1127.4199700920099,True,600-1200
R02036,1500.0,967.2116281882059,532.7883718117941,403.5016431422008,1530.9216132342108,1127.4199700920099,True,1200-1800
R02037,932.0,1155.599442415979,223.59944241597896,591.8894573699739,1719.309427461984,1127.4199700920099,True,600-1200
R02038,1312.0,1249.657609727377,62.342390272623106,685.9476246813718,1813.3675947733818,1127.4199700920099,True,1200-1800
R02039,1289.0,1372.0615023212076,83.06150232120763,808.3515172752026,1935.7714873672126,1127.4199700920099,True,1200-1800
R02040,1301.0,1383.682955741547,82.68295574154695,819.9729706955419,1947.392940787552,1127.4199700920103,True,1200-1800
R02041,1473.0,1458.6837165546308,14.316283445369208,894.9737315086257,2022.3937016006357,1127.4199700920099,True,1200-1800
R02042,1436.0,1482.7250243645608,46.725024364560795,919.0150393185558,2046.4350094105657,1127.4199700920099,True,1200-1800
R02043,1706.0,1564.712557030765,141.28744296923492,1001.00257198476,2128.4225420767702,1127.4199700920103,True,1200-1800
R02044,1603.0,1597.2933254718318,5.706674528168151,1033.583340425827,2161.003310517837,1127.4199700920099,True,1200-1800
R02045,1496.0,1599.3044721240678,103.30447212406784,1035.5944870780627,2163.014457170073,1127.4199700920103,True,1200-1800
R02046,1576.0,1580.5699753618312,4.569975361831212,1016.8599903158262,2144.2799604078364,1127.4199700920103,True,1200-1800
R02047,1603.0,1642.1043691490272,39.10436914902721,1078.3943841030223,2205.814354195032,1127.4199700920099,True,1200-1800
R02048,1645.0,1641.5690326996144,3.430967300385646,1077.8590476536092,2205.2790177456195,1127.4199700920103,True,1200-1800
R02049,1765.0,1620.3594674296974,144.64053257030264,1056.6494823836924,2184.0694524757023,1127.4199700920099,True,1200-1800
R02050,1211.0,1191.4740993479277,19.525900652072323,627.7641143019226,1755.1840843939326,1127.4199700920099,True,1200-1800
R02051,1304.0,1300.0058324370038,3.9941675629961537,736.2958473909988,1863.7158174830088,1127.4199700920099,True,1200-1800
R02052,1400.0,1204.4299617626925,195.57003823730747,640.7199767166875,1768.1399468086975,1127.4199700920099,True,1200-1800
R02053,1515.0,1555.257041014555,40.25704101455494,991.5470559685499,2118.96702606056,1127.4199700920099,True,1200-1800
R02054,659.0,611.2561998381041,47.74380016189593,47.54621479209902,1174.9661848841092,1127.4199700920103,True,600-1200
R02055,752.8,754.6204314905968,1.8204314905968886,190.9104464445918,1318.330416536602,1127.41997009201,True,600-1200
R02056,791.3,825.5459235887672,34.245923588767255,261.83593854276216,1389.2559086347724,1127.4199700920103,True,600-1200
R02057,973.0,905.6210878748808,67.3789121251192,341.91110282887576,1469.3310729208858,1127.41997009201,True,600-1200
R02058,1455.0,1268.966719335472,186.0332806645281,705.2567342894669,1832.676704381477,1127.4199700920103,True,1200-1800
R02059,1343.0,1268.966719335472,74.03328066452809,705.2567342894669,1832.676704381477,1127.4199700920103,True,1200-1800
R02060,586.0,628.3688803243382,42.36888032433819,64.65889527833315,1192.0788653703432,1127.41997009201,True,<=600
R02061,620.0,729.8035249273321,109.80352492733209,166.09353988132705,1293.513509973337,1127.4199700920099,True,600-1200
R02062,674.0,771.3578362192214,97.35783621922144,207.6478511732164,1335.0678212652265,1127.41997009201,True,600-1200
R02063,689.0,817.8366201006787,128.83662010067872,254.12663505467367,1381.5466051466838,1127.41997009201,True,600-1200
R02064,1390.0,1544.161188851085,154.16118885108494,980.4512038050799,2107.87117389709,1127.4199700920103,True,1200-1800
R02065,1375.0,1544.161188851085,169.16118885108494,980.4512038050799,2107.87117389709,1127.4199700920103,True,1200-1800
R02066,1100.0,1539.2421449568806,439.24214495688057,975.5321599108755,2102.9521300028855,1127.4199700920099,True,600-1200
R02067,1525.0,1374.971975755674,150.02802424432593,811.261990709669,1938.681960801679,1127.4199700920099,True,1200-1800
R02068,2612.0,1407.7750635467382,1204.2249364532618,844.0650785007332,1971.4850485927432,1127.4199700920099,False,>2200
R02069,1246.0,1404.3188135467383,158.31881354673828,840.6088285007332,1968.0287985927434,1127.4199700920103,True,1200-1800
R02070,477.0,623.5660436104926,146.56604361049256,59.85605856448751,1187.2760286564976,1127.41997009201,True,<=600
R02071,656.0,623.9950436104925,32.00495638950747,60.285058564487485,1187.7050286564977,1127.4199700920103,True,600-1200
R02072,735.0,677.9361416329535,57.063858367046464,114.22615658694849,1241.6461266789586,1127.41997009201,True,600-1200
R02073,842.0,747.4448786971756,94.55512130282443,183.73489365117052,1311.1548637431806,1127.41997009201,True,600-1200
R02074,846.0,794.3326438413717,51.66735615862831,230.62265879536665,1358.0426288873768,1127.4199700920103,True,600-1200
R02075,862.0,893.5019986902435,31.501998690243454,329.7920136442384,1457.2119837362484,1127.4199700920099,True,600-1200
R02076,996.0,1128.364035561533,132.364035561533,564.654050515528,1692.074020607538,1127.4199700920099,True,600-1200
R02077,1058.0,1139.3873196003954,81.38731960039536,575.6773345543903,1703.0973046464005,1127.4199700920103,True,600-1200
R02078,405.0,545.0621572927499,140.06215729274993,-18.647827753255115,1108.772142338755,1127.41997009201,True,<=600
R02079,421.0,563.8996572927499,142.8996572927499,0.1896722467448626,1127.6096423387548,1127.4199700920099,True,<=600
R02080,506.0,609.7013401133879,103.70134011338791,45.99135506738287,1173.411325159393,1127.4199700920103,True,<=600
R02081,548.0,660.9222126192884,112.92221261928842,97.21222757328337,1224.6321976652935,1127.41997009201,True,<=600
R02082,552.0,701.0791800635047,149.07918006350474,137.3691950174997,1264.7891651095097,1127.4199700920099,True,<=600
R02083,561.0,727.6473837789202,166.64738377892024,163.9373987329152,1291.3573688249253,1127.41997009201,True,<=600
R02084,1200.0,1364.5362385773265,164.53623857732646,800.8262535313214,1928.2462236233314,1127.4199700920099,True,600-1200
R02085,1750.0,1494.6560359250616,255.3439640749384,930.9460508790565,2058.3660209710665,1127.4199700920099,True,1200-1800
R02086,1455.0,1659.5389798282727,204.53897982827266,1095.8289947822677,2223.2489648742776,1127.4199700920099,True,1200-1800
R02087,1640.0,1596.3079220596192,43.69207794038084,1032.5979370136142,2160.017907105624,1127.4199700920099,True,1200-1800
R02088,1680.0,1680.9817589583697,0.9817589583697099,1117.2717739123646,2244.691744004375,1127.4199700920103,True,1200-1800
R02089,1720.0,1678.4719745040748,41.52802549592525,1114.7619894580698,2242.1819595500797,1127.4199700920099,True,1200-1800
R02090,1520.0,1530.7981726926598,10.798172692659818,967.0881876466548,2094.508157738665,1127.4199700920103,True,1200-1800
R02091,1415.0,1417.2927735946828,2.292773594682785,853.5827885486777,1981.0027586406877,1127.4199700920099,True,1200-1800
R02092,1779.0,1618.4486951934746,160.55130480652542,1054.7387101474696,2182.1586802394795,1127.4199700920099,True,1200-1800
R02093,1770.0,1618.4486951934746,151.55130480652542,1054.7387101474696,2182.1586802394795,1127.4199700920099,True,1200-1800
R02094,1560.0,1471.7869270751003,88.21307292489973,908.0769420290952,2035.4969121211052,1127.4199700920099,True,1200-1800
R02095,1221.0,1266.8476517908452,45.84765179084525,703.1376667448402,1830.5576368368502,1127.4199700920099,True,1200-1800
R02096,1092.0,1093.0643995957712,1.0643995957711923,529.3544145497661,1656.7743846417761,1127.4199700920099,True,600-1200
R02097,965.0,1093.0643995957712,128.0643995957712,529.3544145497661,1656.7743846417761,1127.4199700920099,True,600-1200
R02098,1420.0,1326.500661925253,93.4993380747469,762.790676879248,1890.210646971258,1127.4199700920099,True,1200-1800
R02099,1530.0,1466.7388590483897,63.26114095161029,903.0288740023847,2030.4488440943946,1127.4199700920099,True,1200-1800
R02100,866.0,1042.7722517104487,176.7722517104487,479.06226666444365,1606.4822367564539,1127.4199700920103,True,600-1200
R02101,918.0,1091.2924289504328,173.29242895043285,527.5824439044278,1655.002413996438,1127.4199700920103,True,600-1200
R02102,72.0,141.6457835765225,69.64578357652249,-422.06420146948255,705.3557686225275,1127.41997009201,True,<=600
R02103,240.0,495.0077759505773,255.0077759505773,-68.70220909542775,1058.7177609965825,1127.4199700920103,True,<=600
R02104,571.0,878.967659510082,307.96765951008194,315.2576744640769,1442.677644556087,1127.41997009201,True,<=600
R02105,1105.0,1166.0560802300863,61.05608023008631,602.3460951840813,1729.7660652760915,1127.4199700920103,True,600-1200
R02106,58.0,129.66260311800397,71.66260311800397,-434.0473819280011,693.372588164009,1127.41997009201,True,<=600
R02107,187.0,333.7495899351526,146.74958993515258,-229.96039511085246,897.4595749811576,1127.41997009201,True,<=600
R02108,834.0,778.7619681708899,55.23803182911013,215.05198312488483,1342.471953216895,1127.41997009201,True,600-1200
R02109,1104.0,1099.6312958533842,4.368704146615755,535.9213108073792,1663.3412808993894,1127.4199700920103,True,600-1200
R02110,165.0,292.72879372770245,127.72879372770245,-270.9811913183026,856.4387787737076,1127.41997009201,True,<=600
R02112,645.0,501.80810951656986,143.19189048343014,-61.90187552943519,1065.5180945625748,1127.4199700920099,True,600-1200
R02113,1005.0,734.0868189501294,270.91318104987056,170.3768339041244,1297.7968039961345,1127.41997009201,True,600-1200
R02114,458.0,450.9851006419129,7.014899358087121,-112.72488440409217,1014.695085687918,1127.41997009201,True,<=600
R02121,1729.0,802.5421577592831,926.4578422407169,238.83217271327806,1366.2521428052883,1127.4199700920103,False,1200-1800
R02123,373.0,882.7667884550267,509.7667884550267,319.05680340902165,1446.4767735010319,1127.4199700920103,True,<=600
R02124,796.0,980.5331157102971,184.53311571029712,416.8231306642921,1544.2431007563023,1127.4199700920103,True,600-1200
R02125,1142.0,903.3147830143507,238.68521698564928,339.6047979683457,1467.0247680603557,1127.4199700920099,True,600-1200
R02126,1396.0,985.7029129238163,410.29708707618374,421.9929278778112,1549.4128979698212,1127.4199700920099,True,1200-1800
R02127,719.0,478.8749612519419,240.1250387480581,-84.83502379406315,1042.584946297947,1127.41997009201,True,600-1200
R02128,460.0,317.2879120527425,142.7120879472575,-246.42207299326253,880.9978970987476,1127.41997009201,True,<=600
R02129,180.0,387.3278717644645,207.32787176446448,-176.38211328154057,951.0378568104695,1127.41997009201,True,<=600
R02130,360.0,688.5845322164328,328.58453221643276,124.87454717042772,1252.2945172624377,1127.4199700920099,True,<=600
R02131,790.0,869.8282750076414,79.82827500764142,306.1182899616364,1433.5382600536464,1127.4199700920099,True,600-1200
R02133,840.0,650.8354446213987,189.16455537860134,87.12545957539362,1214.5454296674038,1127.4199700920103,True,600-1200
R02134,147.0,242.75448943433554,95.75448943433554,-320.9554956116695,806.4644744803406,1127.41997009201,True,<=600
R02135,792.0,992.567064455716,200.56706445571604,428.857079409711,1556.2770495017212,1127.4199700920103,True,600-1200
R02140,244.0,405.2427964570054,161.2427964570054,-158.46718858899965,968.9527815030104,1127.41997009201,True,<=600
R02141,476.0,784.457216949023,308.45721694902295,220.7472319030179,1348.1672019950279,1127.4199700920099,True,<=600
R02142,773.0,654.8499691745365,118.15003082546355,91.13998412853141,1218.5599542205414,1127.4199700920099,True,600-1200
R02143,274.0,526.7642297177246,252.76422971772456,-36.945755328280484,1090.4742147637296,1127.41997009201,True,<=600
R02144,1810.0,807.317049311589,1002.682950688411,243.60706426558397,1371.027034357594,1127.4199700920099,False,1800-2200
R02145,1570.0,862.4417065381515,707.5582934618485,298.73172149214645,1426.1516915841567,1127.4199700920103,False,1200-1800
R02146,280.7,487.589556543288,206.889556543288,-76.12042850271706,1051.299541589293,1127.41997009201,True,<=600
R02147,491.5,777.4856900182152,285.9856900182152,213.77570497221018,1341.1956750642203,1127.41997009201,True,<=600
R02148,863.5,891.6572003831056,28.157200383105646,327.9472153371006,1455.3671854291106,1127.4199700920099,True,600-1200
R02149,1284.0,812.7673186165201,471.23268138347987,249.05733357051508,1376.4773036625252,1127.41997009201,True,1200-1800
R02155,1136.0,904.4419462209823,231.55805377901765,340.7319611749773,1468.1519312669875,1127.4199700920103,True,600-1200
R02156,1028.0,768.6996839606575,259.30031603934253,204.98969891465242,1332.4096690066626,1127.4199700920103,True,600-1200
R02158,345.0,449.59153933476966,104.59153933476966,-114.11844571123538,1013.3015243807747,1127.41997009201,True,<=600
R02159,345.0,455.43389663135997,110.43389663135997,-108.27608841464507,1019.143881677365,1127.41997009201,True,<=600
R02160,635.0,698.3686614877665,63.36866148776653,134.6586764417615,1262.0786465337715,1127.4199700920099,True,600-1200
R02161,753.0,825.5124479906331,72.51244799063306,261.802462944628,1389.222433036638,1127.4199700920099,True,600-1200
R02167,850.0,727.3644980695133,122.63550193048673,163.65451302350823,1291.0744831155184,1127.4199700920103,True,600-1200
R02168,670.0,501.27242693757887,168.72757306242113,-62.437558108426174,1064.982411983584,1127.41997009201,True,600-1200
R02169,1030.0,888.7359549903811,141.26404500961894,325.025969944376,1452.4459400363862,1127.4199700920103,True,600-1200
R02170,1310.0,835.7061930274905,474.2938069725095,271.99620798148544,1399.4161780734955,1127.41997009201,True,1200-1800
R02178,554.0,441.0606932051087,112.93930679489131,-122.64929184089635,1004.7706782511137,1127.41997009201,True,<=600
R02179,736.0,817.1567973850481,81.1567973850481,253.44681233904305,1380.8667824310533,1127.4199700920103,True,600-1200
R02180,288.0,411.12191165467004,123.12191165467004,-152.588073391335,974.8318967006751,1127.41997009201,True,<=600
R02181,451.0,411.12191165467004,39.87808834532996,-152.588073391335,974.8318967006751,1127.41997009201,True,<=600
R02187,284.0,268.07956874381244,15.920431256187555,-295.6304163021926,831.7895537898175,1127.41997009201,True,<=600
R02188,954.0,390.29001495399496,563.709985046005,-173.4199700920101,954.0,1127.41997009201,True,600-1200
R02199,155.0,279.7237965606506,124.72379656065061,-283.98618848535443,843.4337816066557,1127.41997009201,True,<=600
R02200,198.8,281.3146906125702,82.51469061257018,-282.39529443343486,845.0246756585752,1127.41997009201,True,<=600
R02201,254.7,250.71414016322672,3.9858598367732725,-312.99584488277833,814.4241252092318,1127.41997009201,True,<=600
R02202,305.3,554.2815577856334,248.98155778563336,-9.428427260371677,1117.9915428316385,1127.4199700920103,True,<=600
R02207,815.5,561.2945496231985,254.20545037680154,-2.4154354228065813,1125.0045346692036,1127.4199700920103,True,600-1200
R02208,646.7,561.2945496231985,85.40545037680158,-2.4154354228065813,1125.0045346692036,1127.4199700920103,True,600-1200
R02209,683.7,390.87342658384506,292.826573416155,-172.83655846215999,954.5834116298502,1127.41997009201,True,600-1200
R02210,365.0,518.1345759433652,153.13457594336523,-45.57540910263981,1081.8445609893702,1127.4199700920099,True,<=600
R02211,725.0,771.4733592842435,46.47335928424354,207.7633742382385,1335.1833443302485,1127.4199700920099,True,600-1200
R02212,980.0,771.4733592842435,208.52664071575646,207.7633742382385,1335.1833443302485,1127.4199700920099,True,600-1200
R02213,334.0,555.1451125098603,221.14511250986027,-8.564872536144776,1118.8550975558653,1127.41997009201,True,<=600
R02214,750.0,813.8498556588581,63.84985565885813,250.1398706128531,1377.5598407048633,1127.4199700920103,True,600-1200
R02215,430.0,309.7096525668564,120.29034743314361,-254.00033247914865,873.4196376128614,1127.41997009201,True,<=600
R02216,180.0,193.12412722254837,13.124127222548367,-370.58585782345665,756.8341122685534,1127.41997009201,True,<=600
R02217,293.0,683.1803330869056,390.18033308690565,119.4703480409006,1246.8903181329106,1127.4199700920099,True,<=600
R02222,180.0,191.189511968823,11.189511968823012,-372.52047307718203,754.8994970148281,1127.41997009201,True,<=600
R02223,920.0,1004.2467776593285,84.24677765932847,440.5367926133234,1567.9567627053334,1127.4199700920099,True,600-1200
R02224,135.0,708.4341645809584,573.4341645809584,144.72417953495335,1272.1441496269636,1127.4199700920103,False,<=600
R02226,336.0,724.7936676172002,388.7936676172002,161.08368257119514,1288.5036526632052,1127.41997009201,True,<=600
R02230,700.0,791.6510074795701,91.65100747957013,227.94102243356508,1355.360992525575,1127.4199700920099,True,600-1200
R02233,500.0,449.181044455148,50.818955544851974,-114.52894059085702,1012.8910295011531,1127.41997009201,True,<=600
R02235,103.0,226.06579387966002,123.06579387966002,-337.644191166345,789.775778925665,1127.41997009201,True,<=600
R02236,454.0,226.06579387966002,227.93420612033998,-337.644191166345,789.775778925665,1127.41997009201,True,<=600
R02237,155.0,225.31554387966003,70.31554387966003,-338.394441166345,789.0255289256651,1127.41997009201,True,<=600
R02238,290.0,346.6568337631761,56.65683376317611,-217.05315128282894,910.3668188091812,1127.41997009201,True,<=600
R02239,435.0,342.2041837631761,92.7958162368239,-221.50580128282894,905.9141688091811,1127.41997009201,True,<=600
R02240,436.0,342.2041837631761,93.7958162368239,-221.50580128282894,905.9141688091811,1127.41997009201,True,<=600
R02241,756.0,342.2041837631761,413.7958162368239,-221.50580128282894,905.9141688091811,1127.41997009201,True,600-1200
R02242,697.0,346.6568337631761,350.3431662368239,-217.05315128282894,910.3668188091812,1127.41997009201,True,600-1200
R02243,751.0,342.2041837631761,408.7958162368239,-221.50580128282894,905.9141688091811,1127.41997009201,True,600-1200
R02244,753.0,342.2041837631761,410.7958162368239,-221.50580128282894,905.9141688091811,1127.41997009201,True,600-1200
R02245,801.0,342.2041837631761,458.7958162368239,-221.50580128282894,905.9141688091811,1127.41997009201,True,600-1200
R02246,895.0,342.2041837631761,552.7958162368238,-221.50580128282894,905.9141688091811,1127.41997009201,True,600-1200
R02247,893.0,690.6168861831123,202.38311381688766,126.9069011371073,1254.3268712291174,1127.41997009201,True,600-1200
R02248,290.0,342.2041837631761,52.204183763176104,-221.50580128282894,905.9141688091811,1127.41997009201,True,<=600
R02257,755.0,997.5474952791724,242.54749527917238,433.83751023316734,1561.2574803251773,1127.4199700920099,True,600-1200
R02258,952.0,984.1161778963599,32.116177896359886,420.40619285035484,1547.826162942365,1127.4199700920103,True,600-1200
R02274,780.0,946.8334802763184,166.83348027631837,383.1234952303133,1510.5434653223233,1127.4199700920099,True,600-1200
R02275,1050.0,950.2360116284137,99.76398837158627,386.5260265824087,1513.945996674419,1127.4199700920103,True,600-1200
R02276,382.0,555.0468002941577,173.04680029415772,-8.663184751847325,1118.7567853401629,1127.4199700920103,True,<=600
R02287,646.4,708.2349799983205,61.83497999832048,144.5249949523154,1271.9449650443255,1127.41997009201,True,600-1200
R02288,732.3,766.5756220543373,34.275622054337305,202.86563700833221,1330.2856071003423,1127.41997009201,True,600-1200
R02289,1008.8,779.173726341165,229.62627365883498,215.46374129515993,1342.88371138717,1127.41997009201,True,600-1200
R02309,1235.0,882.8021499116633,352.19785008833674,319.0921648656582,1446.5121349576684,1127.4199700920103,True,1200-1800
R02310,951.0,863.3992377160695,87.60076228393052,299.68925267006443,1427.1092227620745,1127.41997009201,True,600-1200
R02311,475.3,637.2588349229159,161.95883492291586,73.54884987691082,1200.9688199689208,1127.4199700920099,True,<=600
R02315,1000.1,791.6744041514564,208.4255958485436,227.96441910545138,1355.3843891974616,1127.4199700920103,True,600-1200
R02318,159.0,283.8011555924394,124.80115559243939,-279.90882945356566,847.5111406384444,1127.41997009201,True,<=600
R02319,220.0,283.8011555924394,63.801155592439386,-279.90882945356566,847.5111406384444,1127.41997009201,True,<=600
R02320,215.0,658.6139945625632,443.6139945625632,94.90400951655818,1222.3239796085682,1127.4199700920099,True,<=600
R02321,285.0,658.6139945625632,373.6139945625632,94.90400951655818,1222.3239796085682,1127.4199700920099,True,<=600
R02322,263.0,283.8011555924394,20.801155592439386,-279.90882945356566,847.5111406384444,1127.41997009201,True,<=600
R02323,490.0,658.9977445625632,168.99774456256318,95.28775951655814,1222.7077296085681,1127.4199700920099,True,<=600
R02340,350.0,550.9354420688161,200.9354420688161,-12.774542977188958,1114.6454271148211,1127.41997009201,True,<=600
R02341,1311.0,561.8979754021494,749.1020245978506,-1.8120096438556175,1125.6079604481545,1127.41997009201,False,1200-1800
R02342,1212.0,561.8979754021494,650.1020245978506,-1.8120096438556175,1125.6079604481545,1127.41997009201,False,1200-1800
R02343,1028.0,561.8979754021494,466.1020245978506,-1.8120096438556175,1125.6079604481545,1127.41997009201,True,600-1200
R02344,879.0,561.8979754021494,317.1020245978506,-1.8120096438556175,1125.6079604481545,1127.41997009201,True,600-1200
R02345,799.0,561.8979754021494,237.10202459785057,-1.8120096438556175,1125.6079604481545,1127.41997009201,True,600-1200
R02346,350.0,390.2689342581175,40.2689342581175,-173.44105078788755,953.9789193041225,1127.41997009201,True,<=600
R02349,745.0,951.2913404596268,206.29134045962678,387.58135541362174,1515.001325505632,1127.4199700920103,True,600-1200
R02350,760.0,982.6872238166054,222.6872238166054,418.97723877060037,1546.3972088626106,1127.4199700920103,True,600-1200
R02352,540.0,883.6064001670509,343.6064001670509,319.89641512104583,1447.316385213056,1127.4199700920103,True,<=600
R02354,750.0,987.5607396780476,237.56073967804764,423.8507546320426,1551.2707247240528,1127.4199700920103,True,600-1200
R02367,375.0,538.9394781195676,163.93947811956764,-24.770506926437406,1102.6494631655728,1127.4199700920103,True,<=600
R02369,256.0,289.7060712902978,33.706071290297814,-274.00391375570723,853.4160563363029,1127.41997009201,True,<=600
R02372,910.0,914.3662831474596,4.366283147459626,350.6562981014546,1478.0762681934648,1127.4199700920103,True,600-1200
R02373,1000.0,923.8184524633614,76.18154753663862,360.10846741735634,1487.5284375093665,1127.4199700920103,True,600-1200
R02374,401.0,491.6308750318242,90.63087503182419,-72.07911001418086,1055.3408600778293,1127.4199700920103,True,<=600
R02383,346.0,841.2129691874082,495.21296918740825,277.5029841414032,1404.9229542334133,1127.41997009201,True,<=600
R02385,302.0,859.1299571894178,557.1299571894178,295.4199721434128,1422.8399422354228,1127.4199700920099,True,<=600
R02386,772.0,858.1810861702588,86.18108617025882,294.4711011242538,1421.8910712162638,1127.4199700920099,True,600-1200
R02387,869.0,864.5657193489698,4.434280651030235,300.8557343029647,1428.2757043949748,1127.41997009201,True,600-1200
R02388,160.0,205.6683720039719,45.66837200397191,-358.04161304203313,769.378357049977,1127.41997009201,True,<=600
R02389,250.0,615.7611410863869,365.76114108638694,52.0511560403819,1179.4711261323919,1127.4199700920099,True,<=600
R02390,830.0,915.6912678323325,85.69126783233253,351.9812827863275,1479.4012528783376,1127.41997009201,True,600-1200
R02391,1076.0,873.1688702551087,202.8311297448913,309.45888520910364,1436.8788553011136,1127.4199700920099,True,600-1200
R02413,770.0,928.6299057308702,158.62990573087018,364.91992068486513,1492.339890776875,1127.4199700920099,True,600-1200
R02414,1080.0,903.1228325902929,176.8771674097071,339.41284754428784,1466.832817636298,1127.41997009201,True,600-1200
R02422,372.4,464.82993589899445,92.42993589899447,-98.8800491470106,1028.5399209449995,1127.41997009201,True,<=600
R02423,468.3,460.9395511704382,7.36044882956179,-102.77043387556682,1024.6495362164433,1127.41997009201,True,<=600
R02424,489.9,460.9395511704382,28.960448829561756,-102.77043387556682,1024.6495362164433,1127.41997009201,True,<=600
R02427,925.0,987.0439875678861,62.04398756788612,423.3340025218811,1550.7539726138912,1127.41997009201,True,600-1200
R02441,859.0,694.8274805330657,164.17251946693432,131.11749548706064,1258.5374655790706,1127.4199700920099,True,600-1200
R02442,899.0,742.6720253211273,156.3279746788727,178.96204027512226,1306.3820103671324,1127.41997009201,True,600-1200
R02443,289.0,579.9057904778122,290.90579047781216,16.195805431807116,1143.6157755238173,1127.4199700920103,True,<=600
R02444,634.0,831.8581041434029,197.8581041434029,268.14811909739785,1395.568089189408,1127.4199700920103,True,600-1200
R02445,703.0,836.2673222863289,133.26732228632886,272.5573372403238,1399.977307332334,1127.4199700920103,True,600-1200
R02446,855.0,836.4455068159514,18.554493184048624,272.73552176994633,1400.1554918619563,1127.4199700920099,True,600-1200
R02460,2100.0,729.5953137618903,1370.4046862381097,165.8853287158853,1293.3052988078953,1127.4199700920099,False,1800-2200
R02461,1010.0,1081.9085636335249,71.90856363352486,518.1985785875198,1645.6185486795298,1127.4199700920099,True,600-1200
R02466,615.0,777.4632179308016,162.46321793080165,213.7532328847966,1341.1732029768068,1127.4199700920103,True,600-1200
R02469,263.0,464.4552493810936,201.4552493810936,-99.25473566491144,1028.1652344270988,1127.4199700920103,True,<=600
R02470,705.0,691.1867523472255,13.813247652774521,127.47676730122043,1254.8967373932305,1127.41997009201,True,600-1200
R02471,352.0,712.2285382439161,360.2285382439161,148.51855319791105,1275.9385232899212,1127.4199700920103,True,<=600
R02472,365.0,713.1520382439161,348.1520382439161,149.44205319791104,1276.8620232899211,1127.41997009201,True,<=600
R02473,433.0,658.9745046009789,225.9745046009789,95.26451955497384,1222.6844896469838,1127.4199700920099,True,<=600
R02474,759.0,836.2923189567134,77.29231895671342,272.58233391070837,1400.0023040027186,1127.4199700920103,True,600-1200
R02475,747.0,829.7665964065918,82.76659640659182,266.05661136058677,1393.4765814525967,1127.4199700920099,True,600-1200
R02476,722.0,835.2120189567136,113.21201895671356,271.5020339107085,1398.9220040027185,1127.4199700920099,True,600-1200
R02477,725.0,836.9573189567134,111.95731895671338,273.24733391070833,1400.6673040027185,1127.4199700920103,True,600-1200
R02478,828.7,1102.240322277477,273.5403222774769,538.5303372314719,1665.9503073234819,1127.4199700920099,True,600-1200
R02479,1326.8,860.0116661100881,466.7883338899119,296.301681064083,1423.7216511560932,1127.4199700920103,True,1200-1800
R02480,1026.9,872.4852253630179,154.4147746369822,308.77524031701284,1436.1952104090228,1127.4199700920099,True,600-1200
R02481,993.7,872.4852253630179,121.21477463698216,308.77524031701284,1436.1952104090228,1127.4199700920099,True,600-1200
R02482,970.3,955.9997898264016,14.300210173598316,392.2898047803966,1519.7097748724068,1127.4199700920103,True,600-1200
R02483,382.0,648.2427092621306,266.2427092621306,84.53272421612553,1211.9526943081355,1127.4199700920099,True,<=600
R02484,632.0,699.2066303543922,67.20663035439225,135.4966453083872,1262.9166154003974,1127.4199700920103,True,600-1200
R02485,833.0,745.5785262475658,87.42147375243417,181.8685412015608,1309.288511293571,1127.4199700920103,True,600-1200
R02486,911.0,820.2272519371486,90.7727480628514,256.51726689114355,1383.9372369831535,1127.4199700920099,True,600-1200
R02489,1216.0,975.4683551526501,240.53164484734987,411.7583701066451,1539.1783401986552,1127.41997009201,True,1200-1800
R02490,1040.0,872.3123722599064,167.6876277400936,308.60238721390135,1436.0223573059116,1127.4199700920103,True,600-1200
R02491,847.0,860.2049746427585,13.204974642758543,296.4949895967535,1423.9149596887637,1127.4199700920103,True,600-1200
R02492,602.0,524.2814223412315,77.71857765876848,-39.428562704773526,1087.9914073872364,1127.4199700920099,True,600-1200
R02500,596.3,820.9120600445033,224.61206004450332,257.20207499849823,1384.6220450905084,1127.4199700920103,True,<=600
R02502,745.0,988.346996483013,243.34699648301296,424.6370114370079,1552.056981529018,1127.41997009201,True,600-1200
R02503,801.0,988.346996483013,187.34699648301296,424.6370114370079,1552.056981529018,1127.41997009201,True,600-1200
R02504,843.0,988.346996483013,145.34699648301296,424.6370114370079,1552.056981529018,1127.41997009201,True,600-1200
R02506,210.0,312.44050947184064,102.44050947184064,-251.2694755741644,876.1504945178457,1127.41997009201,True,<=600
R02507,381.0,491.49553491627944,110.49553491627944,-72.2144501297256,1055.2055199622846,1127.4199700920103,True,<=600
R02508,357.0,352.931632001242,4.068367998757992,-210.77835304476304,916.6416170472471,1127.41997009201,True,<=600
R02509,520.0,582.5196153170348,62.51961531703478,18.809630271029732,1146.22960036304,1127.4199700920103,True,<=600
R02510,470.0,515.6357915451284,45.63579154512843,-48.07419350087662,1079.3457765911335,1127.41997009201,True,<=600
R02511,461.0,430.47440208020976,30.525597919790243,-133.2355829657953,994.1843871262148,1127.41997009201,True,<=600
R02512,445.0,379.69362216760095,65.30637783239905,-184.0163628784041,943.4036072136059,1127.41997009201,True,<=600
R02513,219.0,259.6397677736478,40.639767773647804,-304.07021727235724,823.3497528196528,1127.41997009201,True,<=600
R02514,1990.0,1738.8666345322863,251.1333654677137,1175.1566494862814,2302.5766195782912,1127.4199700920099,True,1800-2200
R02515,1920.0,1793.4125422868765,126.58745771312351,1229.7025572408716,2357.1225273328814,1127.4199700920099,True,1800-2200
R02516,1800.0,1311.5621809829306,488.4378190170694,747.8521959369256,1875.2721660289358,1127.4199700920103,True,1200-1800
R02517,1410.0,1046.7651058250028,363.2348941749972,483.0551207789978,1610.475090871008,1127.4199700920103,True,1200-1800
R02518,1090.0,980.8878871812665,109.11211281873352,417.17790213526143,1544.5978722272716,1127.4199700920103,True,600-1200
R02519,220.0,360.82685469143064,140.82685469143064,-202.8831303545744,924.5368397374357,1127.41997009201,True,<=600
R02520,244.0,297.0159569939201,53.0159569939201,-266.69402805208495,860.7259420399251,1127.41997009201,True,<=600
R02521,285.0,345.7701925572105,60.77019255721052,-217.93979248879452,909.4801776032156,1127.41997009201,True,<=600
R02522,331.0,505.0035401445522,174.00354014455218,-58.70644490145287,1068.7135251905572,1127.41997009201,True,<=600
R02523,526.0,684.2611692182995,158.26116921829953,120.55118417229448,1247.9711542643045,1127.4199700920099,True,<=600
R02524,833.0,863.5470104971082,30.547010497108204,299.83702545110316,1427.2569955431131,1127.4199700920099,True,600-1200
R02525,245.0,384.4351562671004,139.4351562671004,-179.27482877890463,948.1451413131055,1127.41997009201,True,<=600
R02526,425.0,380.5669024553249,44.43309754467509,-183.14308259068014,944.27688750133,1127.41997009201,True,<=600
R02527,471.0,429.70308252010625,41.29691747989375,-134.0069025258988,993.4130675661113,1127.41997009201,True,<=600
R02528,486.0,532.7683332297955,46.76833322979553,-30.941651816209514,1096.4783182758006,1127.41997009201,True,<=600
R02529,565.0,491.48103858138336,73.51896141861664,-72.22894646462169,1055.1910236273884,1127.41997009201,True,<=600
R02530,1284.0,1043.1725156875666,240.8274843124334,479.46253064156156,1606.8825007335718,1127.4199700920103,True,1200-1800
R02531,1056.0,1083.0537976208934,27.05379762089342,519.3438125748884,1646.7637826668984,1127.4199700920099,True,600-1200
R02532,283.0,445.6949686196053,162.69496861960528,-118.01501642639977,1009.4049536656103,1127.41997009201,True,<=600
R02533,443.0,391.8377705761819,51.162229423818076,-171.87221446982312,955.547755622187,1127.41997009201,True,<=600
R02534,301.0,391.8377705761819,90.83777057618192,-171.87221446982312,955.547755622187,1127.41997009201,True,<=600
R02535,261.0,391.8377705761819,130.83777057618192,-171.87221446982312,955.547755622187,1127.41997009201,True,<=600
R02536,231.0,391.8377705761819,160.83777057618192,-171.87221446982312,955.547755622187,1127.41997009201,True,<=600
R02537,711.0,445.98996929742,265.01003070258,-117.72001574858507,1009.699954343425,1127.41997009201,True,600-1200
R02538,684.0,445.98996929742,238.01003070258002,-117.72001574858507,1009.699954343425,1127.41997009201,True,600-1200
R02539,506.0,445.98996929742,60.010030702580025,-117.72001574858507,1009.699954343425,1127.41997009201,True,<=600
R02540,296.0,445.98996929742,149.98996929741998,-117.72001574858507,1009.699954343425,1127.41997009201,True,<=600
R02541,160.0,911.1568394646908,751.1568394646908,347.4468544186858,1474.866824510696,1127.4199700920103,False,<=600
R02542,198.8,280.1006807671612,81.30068076716117,-283.60930427884387,843.8106658131662,1127.41997009201,True,<=600
R02543,254.7,393.168473401805,138.468473401805,-170.54151164420006,956.8784584478101,1127.41997009201,True,<=600
R02544,305.3,409.2926577813332,103.99265778133321,-154.41732726467183,973.0026428273383,1127.41997009201,True,<=600
R02545,350.0,394.0133847062462,44.0133847062462,-169.69660033975885,957.7233697522513,1127.41997009201,True,<=600
R02546,1311.0,394.0133847062462,916.9866152937539,-169.69660033975885,957.7233697522513,1127.41997009201,False,1200-1800
R02547,400.0,393.168473401805,6.831526598195012,-170.54151164420006,956.8784584478101,1127.41997009201,True,<=600
R02548,420.0,466.9838759158167,46.983875915816725,-96.72610913018832,1030.6938609618219,1127.4199700920103,True,<=600
R02549,426.0,529.2589791012423,103.25897910124229,-34.451005944762755,1092.9689641472473,1127.41997009201,True,<=600
R02550,510.0,541.5044602567672,31.504460256767175,-22.20552478923787,1105.2144453027722,1127.41997009201,True,<=600
R02551,692.0,609.0258213934961,82.97417860650387,45.315836347491086,1172.7358064395012,1127.41997009201,True,600-1200
R02552,403.0,379.55162937088755,23.448370629112446,-184.1583556751175,943.2616144168926,1127.41997009201,True,<=600
R02553,408.0,406.293031096172,1.706968903827999,-157.41695394983304,970.0030161421771,1127.41997009201,True,<=600
R02554,1311.0,406.293031096172,904.706968903828,-157.41695394983304,970.0030161421771,1127.41997009201,False,1200-1800
R02555,1212.0,406.293031096172,805.706968903828,-157.41695394983304,970.0030161421771,1127.41997009201,False,1200-1800
R02556,1028.0,406.293031096172,621.706968903828,-157.41695394983304,970.0030161421771,1127.41997009201,False,600-1200
R02557,879.0,406.293031096172,472.706968903828,-157.41695394983304,970.0030161421771,1127.41997009201,True,600-1200
R02558,799.0,406.293031096172,392.706968903828,-157.41695394983304,970.0030161421771,1127.41997009201,True,600-1200
R02559,350.0,406.293031096172,56.293031096172,-157.41695394983304,970.0030161421771,1127.41997009201,True,<=600
R02560,318.0,324.06370128952165,6.063701289521646,-239.6462837564834,887.7736863355267,1127.41997009201,True,<=600
R02561,322.0,351.12839742329743,29.12839742329743,-212.58158762270762,914.8383824693025,1127.41997009201,True,<=600
R02562,479.0,435.54993302221015,43.450066977789845,-128.1600520237949,999.2599180682153,1127.41997009201,True,<=600
R02563,638.0,628.2650839072497,9.734916092750268,64.55509886124469,1191.9750689532548,1127.41997009201,True,600-1200
R02564,170.0,384.05300145284133,214.05300145284133,-179.65698359316372,947.7629864988464,1127.41997009201,True,<=600
R02565,560.0,384.05300145284133,175.94699854715867,-179.65698359316372,947.7629864988464,1127.41997009201,True,<=600
R02566,618.0,1071.5242709587878,453.52427095878784,507.8142859127828,1635.2342560047928,1127.4199700920099,True,600-1200
R02567,317.0,326.77257594527276,9.772575945272763,-236.93740910073228,890.4825609912778,1127.41997009201,True,<=600
R02568,321.0,365.79908923842197,44.79908923842197,-197.91089580758307,929.509074284427,1127.41997009201,True,<=600
R02569,402.0,408.9294469627702,6.929446962770214,-154.78053808323483,972.6394320087752,1127.41997009201,True,<=600
R02570,478.0,435.54993302221015,42.450066977789845,-128.1600520237949,999.2599180682153,1127.41997009201,True,<=600
R02571,637.0,633.2724028261521,3.7275971738479257,69.56241778014703,1196.9823878721572,1127.4199700920103,True,600-1200
R02572,588.0,557.1801541942837,30.81984580571634,-6.529830851721385,1120.8901392402886,1127.4199700920099,True,<=600
R02573,370.0,568.7819310151017,198.7819310151017,5.071945969096646,1132.4919160611066,1127.4199700920099,True,<=600
R02574,378.7,568.7819310151017,190.0819310151017,5.071945969096646,1132.4919160611066,1127.4199700920099,True,<=600
R02575,353.0,568.7819310151017,215.7819310151017,5.071945969096646,1132.4919160611066,1127.4199700920099,True,<=600
R02576,208.0,557.1801541942837,349.18015419428366,-6.529830851721385,1120.8901392402886,1127.4199700920099,True,<=600
R02577,208.0,389.77560930865747,181.77560930865747,-173.93437573734758,953.4855943546625,1127.41997009201,True,<=600
R02578,290.0,557.1801541942837,267.18015419428366,-6.529830851721385,1120.8901392402886,1127.4199700920099,True,<=600
R02579,215.0,557.1801541942837,342.18015419428366,-6.529830851721385,1120.8901392402886,1127.4199700920099,True,<=600
R02580,162.0,557.1801541942837,395.18015419428366,-6.529830851721385,1120.8901392402886,1127.4199700920099,True,<=600
R02581,246.0,310.16162684493975,64.16162684493975,-253.5483582010653,873.8716118909448,1127.41997009201,True,<=600
R02582,230.0,568.7819310151017,338.7819310151017,5.071945969096646,1132.4919160611066,1127.4199700920099,True,<=600
R02583,1290.0,393.66619858614536,896.3338014138546,-170.0437864598597,957.3761836321504,1127.41997009201,False,1200-1800
R02584,246.0,346.2589007736286,100.25890077362862,-217.45108427237642,909.9688858196337,1127.41997009201,True,<=600
R02585,443.0,397.8574147737295,45.14258522627051,-165.85257027227556,961.5673998197345,1127.41997009201,True,<=600
R02586,711.0,423.38144096559364,287.61855903440636,-140.3285440804114,987.0914260115987,1127.41997009201,True,600-1200
R02587,200.0,316.95293825232557,116.95293825232557,-246.75704679367948,880.6629232983306,1127.41997009201,True,<=600
R02588,620.0,518.9755428986791,101.02445710132088,-44.73444214732592,1082.685527944684,1127.4199700920099,True,600-1200
R02589,780.0,800.0835380119931,20.08353801199314,236.3735529659881,1363.7935230579983,1127.4199700920103,True,600-1200
R02590,1700.0,1008.0854485592715,691.9145514407285,444.3754635132665,1571.7954336052767,1127.4199700920103,False,1200-1800
R02591,151.0,284.19067307942913,133.19067307942913,-279.5193119665759,847.9006581254341,1127.41997009201,True,<=600
R02592,190.0,284.19067307942913,94.19067307942913,-279.5193119665759,847.9006581254341,1127.41997009201,True,<=600
R02593,148.0,378.634931995172,230.634931995172,-185.07505305083305,942.344917041177,1127.41997009201,True,<=600
R02594,214.0,243.3210159439271,29.321015943927108,-320.3889691020779,807.0310009899322,1127.41997009201,True,<=600
R02595,147.0,291.8840916843311,144.8840916843311,-271.82589336167393,855.5940767303362,1127.41997009201,True,<=600
R02596,241.0,238.61514248317175,2.384857516828248,-325.09484256283326,802.3251275291768,1127.41997009201,True,<=600
R02597,299.0,307.3886277568306,8.388627756830601,-256.32135728917444,871.0986128028356,1127.41997009201,True,<=600
R02598,392.0,360.02286477072585,31.977135229274154,-203.6871202752792,923.7328498167309,1127.41997009201,True,<=600
R02599,482.0,393.6040111281262,88.39598887187378,-170.10597391787883,957.3139961741313,1127.41997009201,True,<=600
R02600,240.0,284.19067307942913,44.19067307942913,-279.5193119665759,847.9006581254341,1127.41997009201,True,<=600
R02601,148.0,284.19067307942913,136.19067307942913,-279.5193119665759,847.9006581254341,1127.41997009201,True,<=600
R02602,130.0,305.32892331587556,175.32892331587556,-258.3810617301295,869.0389083618807,1127.41997009201,True,<=600
R02603,140.0,284.19067307942913,144.19067307942913,-279.5193119665759,847.9006581254341,1127.41997009201,True,<=600
R02604,274.0,284.19067307942913,10.190673079429132,-279.5193119665759,847.9006581254341,1127.41997009201,True,<=600
R02605,282.0,417.36534189544,135.36534189544,-146.34464315056505,981.075326941445,1127.41997009201,True,<=600
R02606,338.0,393.8814239918484,55.88142399184841,-169.82856105415664,957.5914090378535,1127.41997009201,True,<=600
R02607,298.0,297.0542925941377,0.945707405862322,-266.65569245186737,860.7642776401427,1127.41997009201,True,<=600
R02608,338.0,393.8814239918484,55.88142399184841,-169.82856105415664,957.5914090378535,1127.41997009201,True,<=600
R02609,250.0,297.0542925941377,47.05429259413768,-266.65569245186737,860.7642776401427,1127.41997009201,True,<=600
R02610,213.0,316.22924096346105,103.22924096346105,-247.480744082544,879.9392260094661,1127.41997009201,True,<=600
R02611,700.0,473.3917195562394,226.60828044376058,-90.31826548976562,1037.1017046022444,1127.4199700920099,True,600-1200
R02612,860.0,665.1466314121573,194.85336858784274,101.43664636615222,1228.8566164581623,1127.41997009201,True,600-1200
R02613,540.0,595.7873673802079,55.78736738020791,32.077382334202866,1159.497352426213,1127.41997009201,True,<=600
R02614,586.0,593.6112257394333,7.61122573943328,29.901240693428235,1157.3212107854383,1127.41997009201,True,<=600
R02615,700.0,473.3917195562394,226.60828044376058,-90.31826548976562,1037.1017046022444,1127.4199700920099,True,600-1200
R02616,628.0,637.9190039537903,9.919003953790252,74.20901890778521,1201.6289889997952,1127.4199700920099,True,600-1200
R02617,230.0,444.64428478574024,214.64428478574024,-119.0657002602648,1008.3542698317453,1127.41997009201,True,<=600
R02618,635.0,381.46606159643835,253.53393840356165,-182.2439234495667,945.1760466424435,1127.41997009201,True,600-1200
R02619,565.0,411.6725089865159,153.32749101348412,-152.03747605948917,975.382494032521,1127.41997009201,True,<=600
R02620,460.0,411.6725089865159,48.32749101348412,-152.03747605948917,975.382494032521,1127.41997009201,True,<=600
R02621,545.0,637.9190039537903,92.91900395379025,74.20901890778521,1201.6289889997952,1127.4199700920099,True,<=600
R02622,170.0,248.17050648833182,78.17050648833182,-315.5394785576732,811.8804915343369,1127.41997009201,True,<=600
R02623,557.0,300.2128541276099,256.7871458723901,-263.49713091839516,863.9228391736149,1127.41997009201,True,<=600
R02624,624.0,300.2128541276099,323.7871458723901,-263.49713091839516,863.9228391736149,1127.41997009201,True,600-1200
R02625,589.0,300.2128541276099,288.7871458723901,-263.49713091839516,863.9228391736149,1127.41997009201,True,<=600
R02626,447.0,300.2128541276099,146.7871458723901,-263.49713091839516,863.9228391736149,1127.41997009201,True,<=600
R02627,243.0,300.2128541276099,57.21285412760989,-263.49713091839516,863.9228391736149,1127.41997009201,True,<=600
R02628,205.0,524.9768297646398,319.9768297646398,-38.73315528136527,1088.6868148106448,1127.41997009201,True,<=600
R02629,196.0,524.9768297646398,328.9768297646398,-38.73315528136527,1088.6868148106448,1127.41997009201,True,<=600
R02630,1198.0,440.96776269868406,757.032237301316,-122.74222234732099,1004.6777477446891,1127.41997009201,False,600-1200
R02631,1129.4,834.7444274704404,294.65557252955966,271.0344424244354,1398.4544125164455,1127.41997009201,True,600-1200
R02632,1159.7,1138.419984792352,21.280015207648148,574.7099997463469,1702.1299698383568,1127.4199700920099,True,600-1200
R02633,1250.8,1140.1174821932316,110.68251780676837,576.4074971472265,1703.8274672392367,1127.4199700920103,True,1200-1800
R02634,1198.3,1174.954777216721,23.34522278327904,611.2447921707159,1738.664762262726,1127.4199700920103,True,600-1200
R02635,795.0,832.8515076977508,37.851507697750776,269.14152265174573,1396.561492743756,1127.4199700920103,True,600-1200
R02636,470.0,490.462409289985,20.462409289984976,-73.24757575602007,1054.17239433599,1127.41997009201,True,<=600
R02637,387.0,443.0005633735388,56.000563373538796,-120.70942167246625,1006.7105484195438,1127.41997009201,True,<=600
R02638,312.0,500.1040648398757,188.10406483987572,-63.605920206129326,1063.8140498858806,1127.4199700920099,True,<=600
R02639,876.0,952.730448708208,76.73044870820797,389.0204636622029,1516.440433754213,1127.41997009201,True,600-1200
R02640,221.0,463.72421904567443,242.72421904567443,-99.98576600033061,1027.4342040916795,1127.41997009201,True,<=600
R02641,900.0,846.1442655433439,53.85573445665614,282.4342804973388,1409.8542505893488,1127.4199700920099,True,600-1200
R02642,233.0,417.85327018900284,184.85327018900284,-145.8567148570022,981.5632552350079,1127.41997009201,True,<=600
R02643,259.0,452.04822932206787,193.04822932206787,-111.66175572393718,1015.7582143680729,1127.41997009201,True,<=600
R02644,294.0,478.2535434644191,184.25354346441912,-85.45644158158592,1041.963528510424,1127.41997009201,True,<=600
R02645,338.0,472.28337159539285,134.28337159539285,-91.4266134506122,1035.993356641398,1127.41997009201,True,<=600
R02646,546.0,351.73964905684664,194.26035094315336,-211.9703359891584,915.4496341028516,1127.41997009201,True,<=600
R02647,159.0,270.77895448257686,111.77895448257686,-292.9310305634282,834.4889395285819,1127.41997009201,True,<=600
R02648,220.0,270.77895448257686,50.778954482576864,-292.9310305634282,834.4889395285819,1127.41997009201,True,<=600
R02649,215.0,270.77895448257686,55.778954482576864,-292.9310305634282,834.4889395285819,1127.41997009201,True,<=600
R02650,285.0,270.77895448257686,14.221045517423136,-292.9310305634282,834.4889395285819,1127.41997009201,True,<=600
R02651,263.0,270.77895448257686,7.778954482576864,-292.9310305634282,834.4889395285819,1127.41997009201,True,<=600
R02652,490.0,270.77895448257686,219.22104551742314,-292.9310305634282,834.4889395285819,1127.41997009201,True,<=600
R02653,162.0,313.21152148325785,151.21152148325785,-250.4984635627472,876.9215065292628,1127.41997009201,True,<=600
R02654,795.0,860.3232644105278,65.32326441052783,296.6132793645228,1424.0332494565328,1127.4199700920099,True,600-1200
R02655,680.0,602.330737622941,77.669262377059,38.620752576935956,1166.040722668946,1127.41997009201,True,600-1200
R02656,470.0,504.4100174859325,34.410017485932485,-59.29996756007256,1068.1200025319376,1127.4199700920103,True,<=600
R02657,387.0,443.8811085227404,56.88110852274042,-119.82887652326463,1007.5910935687455,1127.41997009201,True,<=600
R02659,130.3,440.96776269868406,310.66776269868404,-122.74222234732099,1004.6777477446891,1127.41997009201,True,<=600
R02660,612.5,697.3665981721122,84.86659817211216,133.65661312610712,1261.0765832181173,1127.4199700920103,True,600-1200
R02661,580.0,691.0142306141988,111.01423061419882,127.30424556819378,1254.7242156602038,1127.4199700920099,True,<=600
R02662,715.0,812.1764249552101,97.17642495521011,248.46643990920506,1375.8864100012152,1127.41997009201,True,600-1200
R02663,578.0,775.3877299094111,197.38772990941106,211.67774486340602,1339.097714955416,1127.4199700920099,True,<=600
R02664,595.0,773.0235513745487,178.02355137454867,209.31356632854363,1336.7335364205537,1127.41997009201,True,<=600
R02665,690.0,895.5084725599943,205.5084725599943,331.79848751398924,1459.2184576059994,1127.4199700920103,True,600-1200
R02666,1263.0,771.4849539929951,491.5150460070049,207.77496894699004,1335.194939039,1127.4199700920099,True,1200-1800
R02667,1154.0,771.4849539929951,382.5150460070049,207.77496894699004,1335.194939039,1127.4199700920099,True,600-1200
R02668,1490.0,771.4849539929951,718.5150460070049,207.77496894699004,1335.194939039,1127.4199700920099,False,1200-1800
R02669,545.0,552.2179089969585,7.217908996958499,-11.492076049046545,1115.9278940429635,1127.41997009201,True,<=600
R02670,570.0,560.2150683492915,9.784931650708472,-3.494916696713517,1123.9250533952966,1127.41997009201,True,<=600
R02671,705.0,732.961446353874,27.961446353873953,169.2514613078689,1296.671431399879,1127.4199700920103,True,600-1200
R02672,143.0,276.57168593227175,133.57168593227175,-287.1382991137333,840.2816709782768,1127.41997009201,True,<=600
R02673,175.0,246.8081383563116,71.80813835631159,-316.90184668969346,810.5181234023166,1127.41997009201,True,<=600
R02674,866.0,586.7700377826392,279.2299622173608,23.060052736634134,1150.4800228286442,1127.41997009201,True,600-1200
R02675,400.0,337.91407159384653,62.08592840615347,-225.79591345215852,901.6240566398516,1127.41997009201,True,<=600
R02676,220.0,268.17226650631903,48.17226650631903,-295.537718539686,831.8822515523241,1127.41997009201,True,<=600
R02677,305.0,340.11156413420065,35.11156413420065,-223.5984209118044,903.8215491802057,1127.41997009201,True,<=600
R02678,280.0,340.11156413420065,60.11156413420065,-223.5984209118044,903.8215491802057,1127.41997009201,True,<=600
R02679,412.0,775.3877299094111,363.38772990941106,211.67774486340602,1339.097714955416,1127.4199700920099,True,<=600
R02680,1263.0,775.3877299094111,487.61227009058894,211.67774486340602,1339.097714955416,1127.4199700920099,True,1200-1800
R02681,421.0,775.3877299094111,354.38772990941106,211.67774486340602,1339.097714955416,1127.4199700920099,True,<=600
R02682,409.0,775.3877299094111,366.38772990941106,211.67774486340602,1339.097714955416,1127.4199700920099,True,<=600
R02683,423.0,775.3877299094111,352.38772990941106,211.67774486340602,1339.097714955416,1127.4199700920099,True,<=600
R02684,445.0,775.3877299094111,330.38772990941106,211.67774486340602,1339.097714955416,1127.4199700920099,True,<=600
R02685,461.0,775.3877299094111,314.38772990941106,211.67774486340602,1339.097714955416,1127.4199700920099,True,<=600
R02686,418.0,775.3877299094111,357.38772990941106,211.67774486340602,1339.097714955416,1127.4199700920099,True,<=600
R02687,455.0,775.3877299094111,320.38772990941106,211.67774486340602,1339.097714955416,1127.4199700920099,True,<=600
R02688,431.0,775.3877299094111,344.38772990941106,211.67774486340602,1339.097714955416,1127.4199700920099,True,<=600
R02689,440.0,775.3877299094111,335.38772990941106,211.67774486340602,1339.097714955416,1127.4199700920099,True,<=600
R02690,2033.0,994.3436586250474,1038.6563413749527,430.63367357904235,1558.0536436710524,1127.41997009201,False,1800-2200
R02691,860.0,244.5410878046966,615.4589121953034,-319.16889724130846,808.2510728507016,1127.41997009201,False,600-1200
R02692,1292.0,1108.3138980094723,183.68610199052773,544.6039129634672,1672.0238830554772,1127.4199700920099,True,1200-1800
R02694,719.0,303.1666857853693,415.8333142146307,-260.54329926063576,866.8766708313743,1127.41997009201,True,600-1200
R02695,140.3,335.34738846766265,195.04738846766264,-228.3625965783424,899.0573735136677,1127.41997009201,True,<=600
R02696,170.0,527.6492865326597,357.64928653265974,-36.0606985133453,1091.359271578665,1127.4199700920103,True,<=600
R02697,301.6,755.3790259584448,453.7790259584448,191.66904091243975,1319.0890110044497,1127.4199700920099,True,<=600
R02698,280.0,408.3932985940353,128.3932985940353,-155.31668645196976,972.1032836400403,1127.41997009201,True,<=600
R02699,320.0,614.1472067543125,294.1472067543125,50.43722170830745,1177.8571918003177,1127.4199700920103,True,<=600
R02700,1091.0,784.325574659422,306.67442534057795,220.615589613417,1348.0355597054272,1127.4199700920103,True,600-1200
R02701,1130.0,947.3298564949233,182.67014350507668,383.6198714489183,1511.0398415409284,1127.41997009201,True,600-1200
R02702,1170.0,1126.1215138433595,43.87848615664052,562.4115287973544,1689.8314988893644,1127.4199700920099,True,600-1200
R02703,1200.0,1137.52870271788,62.47129728212008,573.8187176718749,1701.238687763885,1127.4199700920103,True,600-1200
R02704,138.0,344.44175716919193,206.44175716919193,-219.2682278768131,908.1517422151969,1127.41997009201,True,<=600
R02705,1159.7,1138.419984792352,21.280015207648148,574.7099997463469,1702.1299698383568,1127.4199700920099,True,600-1200
R02706,1250.8,1140.1174821932316,110.68251780676837,576.4074971472265,1703.8274672392367,1127.4199700920103,True,1200-1800
R02707,1198.3,1174.954777216721,23.34522278327904,611.2447921707159,1738.664762262726,1127.4199700920103,True,600-1200
R02708,1272.0,1170.341761642871,101.658238357129,606.631776596866,1734.051746688876,1127.4199700920099,True,1200-1800
R02709,1042.0,1152.9437209923385,110.94372099233851,589.2337359463335,1716.6537060383434,1127.4199700920099,True,600-1200
R02710,303.0,319.2557629921003,16.2557629921003,-244.45422205390474,882.9657480381054,1127.41997009201,True,<=600
R02711,307.0,343.8231733128122,36.82317331281217,-219.88681173319287,907.5331583588172,1127.41997009201,True,<=600
R02712,330.0,401.5497447307232,71.5497447307232,-162.16024031528184,965.2597297767282,1127.41997009201,True,<=600
R02713,616.0,496.33355380991907,119.66644619008093,-67.37643123608598,1060.043538855924,1127.4199700920099,True,600-1200
R02714,478.0,422.4834738636372,55.51652613636281,-141.22651118236786,986.1934589096422,1127.41997009201,True,<=600
R02715,1631.0,1115.7191880218231,515.2808119781769,552.0092029758181,1679.4291730678283,1127.4199700920103,True,1200-1800
R02802,487.0,469.5026161392769,17.49738386072312,-94.20736890672816,1033.212601185282,1127.41997009201,True,<=600
R02803,537.0,419.7127782361529,117.28722176384713,-143.99720680985217,983.4227632821579,1127.41997009201,True,<=600
R02804,427.0,431.3961174425561,4.39611744255609,-132.31386760344895,995.1061024885612,1127.41997009201,True,<=600
R02805,383.0,357.33353454918404,25.666465450815963,-206.376450496821,921.0435195951891,1127.41997009201,True,<=600
R02806,310.0,275.68742590132666,34.31257409867334,-288.0225591446784,839.3974109473318,1127.41997009201,True,<=600
R02807,650.0,516.7389805980043,133.26101940199567,-46.97100444800071,1080.4489656440094,1127.41997009201,True,600-1200
R02808,606.0,493.7216088828121,112.27839111718788,-69.98837616319292,1057.4315939288172,1127.41997009201,True,600-1200
R02809,447.0,355.7476546439076,91.2523453560924,-207.96233040209745,919.4576396899126,1127.41997009201,True,<=600
R02810,331.0,357.15948858193144,26.15948858193144,-206.5504964640736,920.8694736279365,1127.41997009201,True,<=600
R02811,376.0,389.17479542896217,13.17479542896217,-174.53518961704287,952.8847804749672,1127.41997009201,True,<=600
R02812,364.0,379.38164130619225,15.38164130619225,-184.3283437398128,943.0916263521973,1127.41997009201,True,<=600
R02813,391.0,360.82552703070286,30.174472969297142,-202.8844580153022,924.5355120767078,1127.41997009201,True,<=600
R02814,601.0,554.9594744379247,46.040525562075345,-8.75051060808039,1118.6694594839296,1127.4199700920099,True,600-1200
R02815,253.0,329.7386019182559,76.73860191825588,-233.97138312774916,893.4485869642609,1127.41997009201,True,<=600
R02816,517.0,510.80633690997456,6.193663090025439,-52.90364813603048,1074.5163219559795,1127.4199700920099,True,<=600
R02817,539.0,524.459431770725,14.540568229274982,-39.250553275280026,1088.16941681673,1127.41997009201,True,<=600
R02818,363.0,360.5279674771861,2.4720325228138904,-203.18201756881894,924.2379525231911,1127.41997009201,True,<=600
R02819,413.0,368.2589583932512,44.74104160674881,-195.45102665275385,931.9689434392562,1127.41997009201,True,<=600
R02820,332.0,381.35414483529183,49.354144835291834,-182.3558402107132,945.0641298812968,1127.41997009201,True,<=600
R02821,508.0,433.0867722681695,74.91322773183049,-130.62321277783553,996.7967573141746,1127.41997009201,True,<=600
R02822,448.0,499.72132017231536,51.72132017231536,-63.988664873689686,1063.4313052183204,1127.41997009201,True,<=600
R02823,324.0,363.54670738535236,39.54670738535236,-200.16327766065268,927.2566924313574,1127.41997009201,True,<=600
R02824,347.0,329.70546424373725,17.294535756262746,-234.0045208022678,893.4154492897424,1127.41997009201,True,<=600
R02825,313.0,267.9159263045881,45.08407369541192,-295.79405874141696,831.6259113505931,1127.41997009201,True,<=600
R02826,427.0,496.70637535903666,69.70637535903666,-67.00360968696839,1060.4163604050418,1127.4199700920103,True,<=600
R02827,430.0,355.3079269650651,74.69207303493488,-208.40205808093992,919.0179120110702,1127.41997009201,True,<=600
R02828,250.0,330.0726339565732,80.07263395657321,-233.63735108943183,893.7826190025783,1127.41997009201,True,<=600
R02829,282.0,389.78040635894047,107.78040635894047,-173.92957868706458,953.4903914049455,1127.41997009201,True,<=600
R02830,367.0,373.97681598878324,6.976815988783244,-189.7331690572218,937.6868010347882,1127.41997009201,True,<=600
R02831,503.0,500.6114890980002,2.38851090199978,-63.098495948004825,1064.3214741440052,1127.4199700920099,True,<=600
R02832,391.0,384.16577663155965,6.834223368440348,-179.5442084144454,947.8757616775647,1127.41997009201,True,<=600
R02833,461.0,492.75460483661004,31.754604836610042,-70.955380209395,1056.4645898826152,1127.4199700920103,True,<=600
R02834,569.0,558.0649189317008,10.935081068299155,-5.6450661143042,1121.774903977706,1127.41997009201,True,<=600
R02835,382.0,419.9526831758361,37.952683175836114,-143.75730187016893,983.6626682218412,1127.41997009201,True,<=600
R02836,460.0,477.8497479411733,17.84974794117329,-85.86023710483175,1041.5597329871784,1127.4199700920103,True,<=600
R02837,357.0,434.7166973684821,77.71669736848207,-128.99328767752297,998.4266824144871,1127.41997009201,True,<=600
R02838,444.0,461.9924148797928,17.99241487979282,-101.71757016621223,1025.7023999257979,1127.41997009201,True,<=600
R02839,366.0,346.27459088790926,19.725409112090745,-217.4353941580958,909.9845759339144,1127.41997009201,True,<=600
R02840,397.0,415.92283130362387,18.922831303623866,-147.78715374238118,979.6328163496289,1127.41997009201,True,<=600
R02841,637.0,549.0819994102665,87.91800058973354,-14.627985635738582,1112.7919844562716,1127.4199700920103,True,600-1200
R02842,551.0,511.55466451308814,39.44533548691186,-52.1553205329169,1075.2646495590932,1127.41997009201,True,<=600
R02843,541.0,512.8709090561002,28.12909094389977,-50.83907598990481,1076.5808941021053,1127.41997009201,True,<=600
R02844,542.0,488.3250922858968,53.6749077141032,-75.38489276010824,1052.035077331902,1127.41997009201,True,<=600
R02845,613.0,538.0434315353988,74.95656846460122,-25.666553510606263,1101.7534165814038,1127.41997009201,True,600-1200
R02846,625.0,503.1275858826328,121.87241411736721,-60.58239916337226,1066.837570928638,1127.41997009201,True,600-1200
R02847,551.0,547.9137216840883,3.086278315911727,-15.796263361916772,1111.6237067300933,1127.41997009201,True,<=600
R02848,361.0,409.18379582072606,48.18379582072606,-154.52618922527898,972.893780866731,1127.41997009201,True,<=600
R02849,391.0,390.11139682910766,0.8886031708923383,-173.59858821689738,953.8213818751127,1127.41997009201,True,<=600
R02850,502.0,544.4103611410212,42.41036114102121,-19.299623904983832,1108.1203461870264,1127.4199700920103,True,<=600
R02851,521.0,551.0151852720771,30.015185272077133,-12.694799773927912,1114.7251703180823,1127.4199700920103,True,<=600
R02852,443.0,432.7252277568505,10.274772243149528,-130.98475728915457,996.4352128028555,1127.41997009201,True,<=600
R02853,491.0,560.8762609444727,69.87626094447273,-2.8337241015323116,1124.586245990478,1127.4199700920103,True,<=600
R02854,525.0,561.1074806260939,36.10748062609389,-2.602504419911156,1124.817465672099,1127.41997009201,True,<=600
R02855,308.0,347.0608855112612,39.060885511261176,-216.64909953474387,910.7708705572662,1127.41997009201,True,<=600
R02856,590.0,539.9977023864936,50.00229761350636,-23.712282659511402,1103.7076874324987,1127.41997009201,True,<=600
R02857,669.0,722.7746839904424,53.77468399044244,159.0646989444374,1286.4846690364475,1127.41997009201,True,600-1200
R02858,459.0,494.8440015351538,35.84400153515378,-68.86598351085127,1058.5539865811588,1127.41997009201,True,<=600
R02859,614.0,518.7399610210546,95.26003897894543,-44.970024024950476,1082.4499460670595,1127.4199700920099,True,600-1200
R02860,318.0,365.80094297474176,47.80094297474176,-197.9090420712633,929.5109280207469,1127.41997009201,True,<=600
R02861,398.0,372.6385770683837,25.36142293161629,-191.07140797762133,936.3485621143888,1127.41997009201,True,<=600
R02862,539.0,571.8970416614317,32.89704166143167,8.187056615426627,1135.6070267074367,1127.41997009201,True,<=600
R02863,448.0,269.2591999533383,178.74080004666172,-294.45078509266676,832.9691849993433,1127.41997009201,True,<=600
R02864,548.0,503.134498260238,44.86550173976201,-60.575486785767055,1066.844483306243,1127.41997009201,True,<=600
R02865,336.0,400.5933116983987,64.59331169839868,-163.11667334760637,964.3032967444037,1127.41997009201,True,<=600
R02866,431.0,466.53357580196763,35.53357580196763,-97.17640924403742,1030.2435608479727,1127.41997009201,True,<=600
R02867,518.0,497.39613411568337,20.603865884316633,-66.31385093032168,1061.1061191616884,1127.41997009201,True,<=600
R02868,305.0,321.4592572709529,16.45925727095289,-242.25072777505216,885.1692423169579,1127.41997009201,True,<=600
R02869,244.0,426.6097769069188,182.6097769069188,-137.10020813908625,990.3197619529238,1127.41997009201,True,<=600
R02870,615.0,562.5322153529937,52.46778464700628,-1.177769693011328,1126.2422003989986,1127.4199700920099,True,600-1200
R02871,477.0,300.72767052164005,176.27232947835995,-262.982314524365,864.4376555676452,1127.41997009201,True,<=600
R02872,469.0,448.2725917555973,20.72740824440268,-115.43739329040773,1011.9825768016024,1127.41997009201,True,<=600
R02873,470.0,476.7783006404802,6.778300640480211,-86.93168440552483,1040.4882856864851,1127.4199700920099,True,<=600
R02874,399.172,568.7453041513584,169.57330415135834,5.035319105353324,1132.4552891973635,1127.4199700920103,True,<=600
R02875,339.0,314.9483382297144,24.05166177028559,-248.76164681629064,878.6583232757195,1127.41997009201,True,<=600
R02876,277.1,275.0785616406361,2.0214383593639127,-288.63142340536893,838.7885466866412,1127.41997009201,True,<=600
R02877,267.5,308.2986416883852,40.7986416883852,-255.41134335761984,872.0086267343902,1127.41997009201,True,<=600
R02878,226.3,277.59234406797896,51.292344067978945,-286.1176409780261,841.302329113984,1127.41997009201,True,<=600
R02879,271.2,276.6287929628408,5.4287929628408165,-287.08119208316424,840.3387780088458,1127.41997009201,True,<=600
R02880,304.1,340.3970577765295,36.29705777652947,-223.31292726947555,904.1070428225346,1127.41997009201,True,<=600
R02881,241.5,288.41590741382544,46.91590741382544,-275.2940776321796,852.1258924598305,1127.41997009201,True,<=600
R02882,392.9,334.48654125971655,58.41345874028343,-229.2234437862885,898.1965263057216,1127.41997009201,True,<=600
R02883,270.7,383.8718992544533,113.17189925445331,-179.83808579155175,947.5818843004583,1127.41997009201,True,<=600
R02884,444.3,375.4297092525898,68.8702907474102,-188.28027579341523,939.1396942985948,1127.41997009201,True,<=600
R02885,304.8,320.33019925480005,15.530199254800038,-243.379785791205,884.0401843008051,1127.41997009201,True,<=600
R02886,256.1,312.8065379235573,56.70653792355728,-250.90344712244774,876.5165229695624,1127.41997009201,True,<=600
R02887,264.8,336.32537158040736,71.52537158040735,-227.38461346559768,900.0353566264124,1127.41997009201,True,<=600
R02888,210.1,294.29825438066206,84.19825438066206,-269.411730665343,858.0082394266672,1127.41997009201,True,<=600
R02889,257.3,304.5706351894538,47.2706351894538,-259.13934985655123,868.2806202354589,1127.41997009201,True,<=600
R02890,319.3,305.59040109960984,13.709598900390176,-258.1195839463952,869.3003861456149,1127.41997009201,True,<=600
R02891,212.6,214.4122528190611,1.812252819061115,-349.29773222694394,778.1222378650662,1127.41997009201,True,<=600
R02892,375.084,276.61535414063616,98.46864585936385,-287.0946309053689,840.3253391866413,1127.41997009201,True,<=600
R02893,301.0,291.9983354424005,9.001664557599497,-271.71164960360454,855.7083204884055,1127.41997009201,True,<=600
R02894,218.0,278.3411323990336,60.3411323990336,-285.36885264697145,842.0511174450387,1127.41997009201,True,<=600
R02895,365.079,300.85592391005605,64.22307608994396,-262.854061135949,864.5659089560611,1127.41997009201,True,<=600
R02896,313.0,339.5898652415592,26.58986524155921,-224.12011980444584,903.2998502875643,1127.41997009201,True,<=600
R02897,230.0,288.46980741382544,58.469807413825436,-275.2401776321796,852.1797924598304,1127.41997009201,True,<=600
R02898,410.0,339.06837475971656,70.93162524028344,-224.64161028628848,902.7783598057216,1127.41997009201,True,<=600
R02899,270.0,366.25959628716566,96.25959628716566,-197.45038875883938,929.9695813331707,1127.41997009201,True,<=600
R02900,444.223,374.0773147525898,70.1456852474102,-189.63267029341523,937.7872997985949,1127.41997009201,True,<=600
R02901,366.0,367.38812449340645,1.3881244934064512,-196.3218605525986,931.0981095394116,1127.41997009201,True,<=600
R02902,349.0,320.4151175036012,28.58488249639879,-243.29486754240384,884.1251025496063,1127.41997009201,True,<=600
R02903,316.0,329.3020180794309,13.302018079430923,-234.40796696657412,893.012003125436,1127.41997009201,True,<=600
R02904,177.0,300.6435065196362,123.64350651963622,-263.0664785263688,864.3534915656412,1127.41997009201,True,<=600
R02905,259.0,304.5723851894538,45.572385189453826,-259.1375998565512,868.2823702354589,1127.41997009201,True,<=600
R02906,341.0,306.15113609960986,34.84886390039014,-257.5588489463952,869.8611211456149,1127.41997009201,True,<=600
R02907,351.531,226.3119827975029,125.2190172024971,-337.39800224850217,790.0219678435079,1127.41997009201,True,<=600
R02908,310.0,286.98593638963524,23.014063610364758,-276.7240486563698,850.6959214356402,1127.41997009201,True,<=600
R02909,267.0,310.09810403912826,43.09810403912826,-253.61188100687679,873.8080890851334,1127.41997009201,True,<=600
R02910,233.0,243.43706082587002,10.43706082587002,-320.272924220135,807.1470458718751,1127.41997009201,True,<=600
R02911,432.0,474.70651107573843,42.70651107573843,-89.00347397026661,1038.4164961217434,1127.41997009201,True,<=600
R02912,311.0,313.08415100337595,2.0841510033759505,-250.6258340426291,876.794136049381,1127.41997009201,True,<=600
R02913,307.0,305.486654653032,1.5133453469679807,-258.223330392973,869.1966396990371,1127.41997009201,True,<=600
R02914,262.0,373.41394688814273,111.41394688814273,-190.2960381578623,937.1239319341478,1127.41997009201,True,<=600
R02915,311.225,540.232594956712,229.00759495671196,-23.477390089293067,1103.942580002717,1127.41997009201,True,<=600
R02916,441.136,498.7451165492449,57.6091165492449,-64.96486849676012,1062.45510159525,1127.41997009201,True,<=600
R02917,211.0,343.32247353272726,132.32247353272726,-220.3875115132778,907.0324585787323,1127.41997009201,True,<=600
R02918,282.0,270.35368221097474,11.646317789025261,-293.3563028350303,834.0636672569798,1127.41997009201,True,<=600
R02919,431.508,430.11286386669656,1.3951361333034242,-133.5971211793085,993.8228489127016,1127.41997009201,True,<=600
R02920,365.065,358.0592493722372,7.0057506277627795,-205.65073567376783,921.7692344182423,1127.41997009201,True,<=600
R02921,438.928,395.07703773358503,43.85096226641497,-168.63294731242001,958.7870227795901,1127.41997009201,True,<=600
R02922,418.0,422.6326368776392,4.632636877639186,-141.07734816836586,986.3426219236442,1127.41997009201,True,<=600
R02923,531.0,467.9027134427722,63.09728655722779,-95.80727160323283,1031.6126984887774,1127.4199700920103,True,<=600
R02924,270.0,340.95374862882335,70.95374862882335,-222.7562364171817,904.6637336748283,1127.41997009201,True,<=600
R02925,261.0,340.91016392962706,79.91016392962706,-222.79982111637798,904.6201489756321,1127.41997009201,True,<=600
R02926,429.453,384.43309578769697,45.019904212303004,-179.27688925830807,948.143080833702,1127.41997009201,True,<=600
R02927,255.0,370.75181497444424,115.75181497444424,-192.9581700715608,934.4618000204493,1127.41997009201,True,<=600
R02928,449.0,420.0283477716656,28.971652228334392,-143.68163727433944,983.7383328176707,1127.41997009201,True,<=600
R02929,719.0,428.30579668304335,290.69420331695665,-135.4041883629617,992.0157817290484,1127.41997009201,True,600-1200
R02930,446.0,532.2562965623373,86.2562965623373,-31.453688483667747,1095.9662816083423,1127.41997009201,True,<=600
R02931,366.466,427.39315609600663,60.92715609600663,-136.3168289499984,991.1031411420117,1127.41997009201,True,<=600
R02932,415.0,501.44471025493795,86.44471025493795,-62.2652747910671,1065.1546953009429,1127.4199700920099,True,<=600
R02933,290.0,382.16809004646404,92.16809004646404,-181.541894999541,945.8780750924691,1127.41997009201,True,<=600
R02934,252.0,337.7262407372038,85.7262407372038,-225.98374430880125,901.4362257832088,1127.41997009201,True,<=600
R02935,267.0,325.3921565244834,58.392156524483426,-238.31782852152162,889.1021415704885,1127.41997009201,True,<=600
R02936,406.0,426.0277096692397,20.027709669239698,-137.68227537676535,989.7376947152447,1127.41997009201,True,<=600
R02937,219.0,383.0267460144129,164.02674601441288,-180.68323903159217,946.7367310604179,1127.41997009201,True,<=600
