candidate_id,composition,n_elements,Al,Co,Cr,Cu,Fe,Mn,Mo,Nb,Ni,Ti,V,W,composition_sum,valid_composition,Predicted_YS_MPa,Predicted_UTS_MPa,Predicted_Elongation_pct,Predicted_Hardness_HV,UTS_to_YS_Ratio,UTS_YS_Consistency,YS_Score,UTS_Score,Elongation_Score,Hardness_Score,Balanced_Score,Pareto_Optimal,Overall_Rank,YS_Ensemble_Mean_MPa,YS_Uncertainty_STD_MPa,YS_Relative_Uncertainty,Uncertainty_Risk,Predicted_YS_MPa_Norm,Predicted_UTS_MPa_Norm,Predicted_Elongation_pct_Norm,Predicted_Hardness_HV_Norm,Performance_Score,Uncertainty_Aware_Score,Uncertainty_Aware_Rank
CAND_02578,Al29.62Cr29.26Nb17.81Ti23.31,4,29.62,0.0,29.26,0.0,0.0,0.0,0.0,17.81,0.0,23.31,0.0,0.0,100.0,True,1174.8495,1758.3973,58.008778,488.8427333333333,1.4967000615832708,True,0.6817888,0.9328693420518416,0.6938631881126383,0.6118548847362395,0.7496414789586858,False,121,1241.1289469401042,181.80221555181393,0.1464813273431673,Low,0.6817887786392564,0.9328693420518415,0.6938631881126383,0.6118548847362392,0.7300940483849938,0.6368128559728914,4
CAND_02156,Al44.04Cr13.99Cu8.33Mn8.92Mo8.03Nb16.69,6,44.04,0.0,13.99,8.33,0.0,8.92,8.03,16.69,0.0,0.0,0.0,0.0,100.0,True,1087.7585,1546.5494,51.430122,623.031,1.4217763741962388,True,0.60915744,0.7665003350148223,0.5761996429272865,0.8994087700889235,0.6916585715845067,True,26,1419.30673828125,194.92942580345613,0.13734129525764915,Low,0.6091573732018376,0.7665003350148223,0.5761996429272865,0.8994087700889235,0.7128165303082175,0.626739337857893,6
CAND_02500,Al19.26Cr29.14Fe9.73Nb24.48Ti17.39,5,19.26,0.0,29.14,0.0,9.73,0.0,0.0,24.48,0.0,17.39,0.0,0.0,100.0,True,1323.7448,1612.653,58.4666,371.543,1.2182507230418116,True,0.80596316,0.8184130058204914,0.7020516326192137,0.3604916701369964,0.7168995139642096,True,14,1350.213777669271,171.68832335677808,0.12715640011698384,Low,0.8059632042633285,0.8184130058204914,0.7020516326192137,0.3604916701369964,0.6717298782100074,0.5959509063163646,18
CAND_04367,Al23.99Cr44.48Ni23.42Ti8.11,4,23.99,0.0,44.48,0.0,0.0,0.0,0.0,0.0,23.42,8.11,0.0,0.0,100.0,True,1306.1501,1665.7268,60.027218,369.86143333333337,1.2752950374682872,True,0.7912898,0.8600930763129594,0.7299643014926237,0.3568882177600407,0.7314391877420011,True,6,1344.710575358073,208.39461438067784,0.15497358182461382,Low,0.7912897272192052,0.8600930763129594,0.7299643014926237,0.35688821776004076,0.6845588306962073,0.5927051851824603,19
CAND_02875,Al18.25Cr39.27Fe12.40Nb30.08,4,18.25,0.0,39.27,0.0,12.4,0.0,0.0,30.08,0.0,0.0,0.0,0.0,100.0,True,1181.0442,1707.6715,58.19433,361.429,1.4458997514654608,True,0.686955,0.8930332097269119,0.6971819064247422,0.3388182401963479,0.6991146770328602,False,127,1440.1081461588542,153.7267308063366,0.10674665733706602,Low,0.6869549814301668,0.8930332097269119,0.6971819064247422,0.3388182401963479,0.6539970844445422,0.5909185088646386,20
CAND_02137,Al18.37Cr36.64Nb15.18Ti24.76W5.05,5,18.37,0.0,36.64,0.0,0.0,0.0,0.0,15.18,0.0,24.76,0.0,5.05,100.0,True,1225.6493,1719.69,56.201027,356.962,1.4030848883409317,True,0.72415435,0.9024716129920584,0.6615303846536392,0.3292458443544578,0.7027572656369636,True,20,1414.1574300130208,156.1514729033803,0.11042014813155741,Low,0.7241543602715694,0.9024716129920584,0.6615303846536392,0.3292458443544578,0.6543505505679311,0.5892819503221106,23
CAND_01246,Al18.51Co8.78Cr22.40Nb27.35Ti10.61W12.35,6,18.51,8.78,22.4,0.0,0.0,0.0,0.0,27.35,0.0,10.61,0.0,12.35,100.0,True,1210.4055,1743.1118,51.998413,369.851,1.4401056296304364,True,0.7114415,0.9208652888747066,0.5863638974128424,0.3568658600263006,0.6898129010428984,True,27,1536.591707356771,144.12865661794424,0.09379762752063323,Low,0.7114414666521722,0.9208652888747066,0.5863638974128424,0.3568658600263006,0.6438841282415055,0.5886684264446893,24
CAND_02022,Al41.38Co10.40Cr5.85Cu21.25Fe10.16Mo10.96,6,41.38,10.4,5.85,21.25,10.16,0.0,10.96,0.0,0.0,0.0,0.0,0.0,100.0,True,930.81134,1495.2769,51.365692,589.889,1.606423165693939,True,0.47826797,0.7262348666608496,0.5750472704341372,0.8283883216913589,0.6293709161707803,False,223,1374.834822591146,166.3363697276201,0.1209864392393892,Low,0.47826792641386395,0.7262348666608496,0.5750472704341372,0.8283883216913589,0.6519845963000525,0.5816168451979103,31
CAND_01556,Al13.24Cr30.94Fe7.00Nb18.53Ni7.87Ti22.42,6,13.24,0.0,30.94,0.0,7.0,0.0,0.0,18.53,7.87,22.42,0.0,0.0,100.0,True,1330.9757,1620.9166,60.79892,348.132,1.2178408593393244,True,0.8119936,0.8249026001310844,0.7437666941312762,0.3103239157034863,0.7235591295497605,True,9,1070.7207478841146,170.875845546883,0.15958955300395197,Low,0.8119935682455705,0.8249026001310844,0.7437666941312762,0.31032391570348633,0.6727466945528543,0.5801593269015606,32
CAND_02644,Al26.16Cr29.03Ni20.41Ti24.40,4,26.16,0.0,29.03,0.0,0.0,0.0,0.0,0.0,20.41,24.4,0.0,0.0,100.0,True,1249.2795,1645.1664,56.98046,397.7257,1.3168921334151775,True,0.7438613,0.8439465233743468,0.675471051260079,0.4165989386862365,0.7076999648613308,True,17,1269.057234700521,203.49455039565123,0.16035096355892334,Low,0.7438612718556286,0.8439465233743468,0.675471051260079,0.41659893868623665,0.6699694462940728,0.5773851768427056,33
CAND_02697,Al44.15Co12.25Cu12.40Mn11.61Mo8.75W10.84,6,44.15,12.25,0.0,12.4,0.0,11.61,8.75,0.0,0.0,0.0,0.0,10.84,100.0,True,833.40814,1479.2227,52.43644,625.297,1.7749079056159924,True,0.39703646,0.7136271357710285,0.5941982954581123,0.9042646127076216,0.6173883483888817,False,264,1469.916064453125,194.97309790186097,0.13264233422362096,Low,0.3970364408401311,0.7136271357710285,0.5941982954581123,0.9042646127076215,0.6522816211942234,0.5758937322798686,36
CAND_03633,Al43.70Co14.56Cu30.14Nb11.60,4,43.7,14.56,0.0,30.14,0.0,0.0,0.0,11.6,0.0,0.0,0.0,0.0,100.0,True,876.40607,1519.6853,49.46724,621.0386,1.7339967823190372,True,0.43289554,0.7454033421159396,0.5410922205448859,0.8951392286796149,0.6230336133709726,False,236,1318.6472086588542,178.41216783498763,0.13529939369942917,Low,0.43289548582525866,0.7454033421159396,0.5410922205448859,0.8951392286796149,0.6536325692914249,0.5757358569192316,37
CAND_04388,Al42.30Cr17.43Fe17.90Mo13.68Ti8.69,5,42.3,0.0,17.43,0.0,17.9,0.0,13.68,0.0,0.0,8.69,0.0,0.0,100.0,True,1135.9569,1483.8636,44.05592,585.7433333333332,1.306267507164112,True,0.6493535,0.7172717408143547,0.4443072396411273,0.8195045154764801,0.6439900637105649,False,188,1418.5702311197917,201.8285167304063,0.14227601306076104,Low,0.6493534615672815,0.7172717408143547,0.4443072396411273,0.8195045154764801,0.6576092393748109,0.5757008217416106,38
CAND_01793,Al43.79Co12.41Cu14.14Fe19.21Nb10.45,5,43.79,12.41,0.0,14.14,19.21,0.0,0.0,10.45,0.0,0.0,0.0,0.0,100.0,True,1098.38,1542.0435,45.871536,555.6193333333332,1.4039253201486697,True,0.6180154,0.7629617485629003,0.476780713745146,0.7549513808579222,0.6467310386490884,False,182,1393.1181233723958,194.4848100401736,0.13960396234697872,Low,0.6180154007001274,0.7629617485629003,0.476780713745146,0.7549513808579222,0.653177310966524,0.5731616706748945,41
CAND_03746,Al23.94Cr42.97Nb13.99Ti19.10,4,23.94,0.0,42.97,0.0,0.0,0.0,0.0,13.99,0.0,19.1,0.0,0.0,100.0,True,1186.7893,1708.0834,52.452003,409.0693333333333,1.439247379836082,True,0.69174623,0.8933566842291305,0.5944766498444368,0.440907366837552,0.6902861551445498,False,129,1226.6017618815104,178.72522480426088,0.14570762113541275,Low,0.6917462306680731,0.8933566842291305,0.5944766498444368,0.440907366837552,0.6551217328947981,0.5718053374259334,43
CAND_03794,Al21.49Cr20.84Fe8.04Mn9.99Nb29.51W10.13,6,21.49,0.0,20.84,0.0,8.04,9.99,0.0,29.51,0.0,0.0,0.0,10.13,100.0,True,1149.6812,1737.6738,53.573013,383.0371333333333,1.5114397556727472,True,0.6607991,0.916594702948354,0.6145266434583653,0.3851226068117513,0.6846181915792632,False,134,1385.1490397135417,185.16956472868864,0.13368205111486267,Low,0.6607991356052966,0.9165947029483541,0.6145266434583653,0.3851226068117513,0.6442607722059419,0.5682905287001554,47
CAND_02939,Al22.36Cr25.80Mo10.74Nb13.42Ni27.68,5,22.36,0.0,25.8,0.0,0.0,0.0,10.74,13.42,27.68,0.0,0.0,0.0,100.0,True,1175.701,1714.5934,56.29593,346.79273333333333,1.4583583133525615,True,0.68249893,0.8984691363035245,0.6632277865893426,0.3074539827124001,0.6862154734513795,False,133,1170.3980305989583,149.21011386532692,0.12748664126593562,Low,0.6824989053082573,0.8984691363035245,0.6632277865893426,0.30745398271240015,0.6379124527283812,0.5657827147398719,49
CAND_04082,Al33.80Cr27.14Mo21.15Nb17.91,4,33.8,0.0,27.14,0.0,0.0,0.0,21.15,17.91,0.0,0.0,0.0,0.0,100.0,True,954.70575,1604.5436,54.254337,527.2728333333333,1.680668206743951,True,0.49819523,0.812044508300969,0.6267125667320345,0.6942072754779947,0.6538811577634845,False,168,1091.574324544271,178.2838373565255,0.16332725435893566,Low,0.4981951815883128,0.812044508300969,0.6267125667320345,0.6942072754779947,0.6577898830248278,0.5654383842208787,50
CAND_01503,Al24.59Cr34.86Mo13.89Nb19.24Ni7.42,5,24.59,0.0,34.86,0.0,0.0,0.0,13.89,19.24,7.42,0.0,0.0,0.0,100.0,True,1071.6119,1578.0128,62.264717,418.8340333333333,1.47255992896398,True,0.5956916,0.7912092635244206,0.769983427692364,0.4618322769958919,0.6778409728615652,True,32,1231.0387654622396,195.05141449345044,0.15844457539906234,Low,0.5956915701793001,0.7912092635244206,0.769983427692364,0.4618322769958919,0.6546791345979941,0.5651363461842527,51
CAND_03278,Al44.26Co7.90Fe5.77Ti11.73W30.34,5,44.26,7.9,0.0,0.0,5.77,0.0,0.0,0.0,0.0,11.73,0.0,30.34,100.0,True,1004.5146,1442.4021,44.239113,623.022,1.4359195158429956,True,0.53973436,0.6847110754253405,0.4475837657025509,0.8993894838649307,0.6141379956997519,False,272,1454.7879150390625,202.5838864878641,0.1392532096215719,Low,0.5397343392363081,0.6847110754253405,0.4475837657025509,0.8993894838649307,0.6428546660572825,0.5642772481376821,54
CAND_02210,Al44.40Co29.14Ti11.47V14.99,4,44.4,29.14,0.0,0.0,0.0,0.0,0.0,0.0,0.0,11.47,14.99,0.0,100.0,True,984.94666,1164.7622,56.059692,666.5282,1.182563739633841,True,0.5234152,0.4666741041980715,0.6590025161712667,0.9926195192301508,0.610670350545617,True,61,1225.3096801757813,209.7100549784276,0.17114861522055622,Low,0.5234152364160962,0.4666741041980715,0.6590025161712667,0.9926195192301509,0.6604278440038963,0.5639146351033524,55
CAND_03678,Al43.29Ni6.76Ti27.82W22.13,4,43.29,0.0,0.0,0.0,0.0,0.0,0.0,0.0,6.76,27.82,0.0,22.13,100.0,True,954.20514,1476.86,47.24704,616.808,1.547738467746944,True,0.49777773,0.7117716533568701,0.501382498221585,0.8860734176546093,0.6211214612193003,False,249,1370.98544921875,210.28885211303196,0.153385181609961,Low,0.4977776871528828,0.7117716533568701,0.501382498221585,0.8860734176546093,0.6492513140964867,0.5629093597251047,59
CAND_02866,Al30.59Co38.96Nb14.32V16.13,4,30.59,38.96,0.0,0.0,0.0,0.0,0.0,14.32,0.0,0.0,16.13,0.0,100.0,True,1148.5236,1293.2433,57.618034,526.7427333333333,1.126005025516264,True,0.6598337,0.5675732541543562,0.6868744773030284,0.6930713168848031,0.6439014178453849,True,43,1247.4760457356772,205.29320086294916,0.16456684804867824,Low,0.6598337302828826,0.5675732541543562,0.6868744773030284,0.6930713168848031,0.6518381946562676,0.5597258721115691,62
CAND_02111,Al19.38Co35.48Cr30.06Ti15.08,4,19.38,35.48,30.06,0.0,0.0,0.0,0.0,0.0,0.0,15.08,0.0,0.0,100.0,True,1204.8334,1547.213,61.494606,375.4635333333333,1.2841717646260205,True,0.7067945,0.7670214752907927,0.7562094911244334,0.3688930350302113,0.6865311237083956,True,28,1160.1228881835937,188.22386987711315,0.16224476888979888,Low,0.7067944944709152,0.7670214752907927,0.7562094911244334,0.36889303503021137,0.6497296239790882,0.5590299404829534,63
CAND_00029,Al19.30Cr38.69Mn17.01Nb25.00,4,19.3,0.0,38.69,0.0,0.0,17.01,0.0,25.0,0.0,0.0,0.0,0.0,100.0,True,1063.2429,1684.2882,58.51292,369.183,1.584104787759845,True,0.5887121,0.8746697687758865,0.7028800959729723,0.3554343936232599,0.6680497425337862,False,149,1348.392333984375,172.650118192103,0.12804145636302888,Low,0.5887120633174456,0.8746697687758865,0.7028800959729723,0.3554343936232599,0.6304240804223911,0.5588660566208008,65
CAND_01664,Al33.57Cr26.06Fe25.71Ni9.32Ti5.34,5,33.57,0.0,26.06,0.0,25.71,0.0,0.0,0.0,9.32,5.34,0.0,0.0,100.0,True,1102.2439,1765.6212,49.852623,447.6030666666666,1.6018425737093922,True,0.6212378,0.9385424361440404,0.5479850463795499,0.5234818348770645,0.6834526239185148,False,136,1138.8135498046875,208.21910914094795,0.18283862988516306,Low,0.6212377828919684,0.9385424361440403,0.5479850463795499,0.5234818348770645,0.6578117750731558,0.5561297699053167,71
CAND_01908,Al40.59Cu17.92Nb19.50W21.99,4,40.59,0.0,0.0,17.92,0.0,0.0,0.0,19.5,0.0,0.0,0.0,21.99,100.0,True,930.7706,1483.8318,45.463417,581.232,1.59419705818051,True,0.47823396,0.7172467675461572,0.4694812397496216,0.8098371171238096,0.5974901056858549,False,338,1358.0233805338542,155.05257102200025,0.11417518523211828,Low,0.47823395041798017,0.7172467675461572,0.46948123974962164,0.8098371171238096,0.6186997687093921,0.5552984637514586,74
CAND_00303,Al38.27Cr12.16Cu13.48Mo6.96Nb15.98Ni13.15,6,38.27,0.0,12.16,13.48,0.0,0.0,6.96,15.98,13.15,0.0,0.0,0.0,100.0,True,1142.7908,1416.7638,48.07109,512.837,1.2397403228587158,True,0.6550527,0.6645767313364105,0.5161211689181512,0.6632725293454182,0.6244100194033216,False,230,1448.3334147135417,182.52619983544122,0.12602498705143947,Low,0.6550527388935125,0.6645767313364105,0.5161211689181512,0.6632725293454182,0.6247557921233731,0.5548329737862494,76
CAND_04389,Al26.27Cr24.24Mn28.32Nb21.17,4,26.27,0.0,24.24,0.0,0.0,28.32,0.0,21.17,0.0,0.0,0.0,0.0,100.0,True,1052.2899,1754.993,52.999966,414.4774,1.6677846776450955,True,0.57957757,0.93019586730578,0.604277324816711,0.4524963874045241,0.6718758250250078,False,145,1265.7867228190105,200.49203978477811,0.1583932238902506,Low,0.5795775742915297,0.9301958673057801,0.604277324816711,0.45249638740452414,0.6416367884546362,0.5539024013795739,82
CAND_00304,Al36.32Co34.95Cr5.74Cu22.99,4,36.32,34.95,5.74,22.99,0.0,0.0,0.0,0.0,0.0,0.0,0.0,0.0,100.0,True,843.5698,1486.652,59.2536,558.8864666666666,1.7623342577205434,True,0.40551102,0.7194615351867419,0.7161276399466785,0.7619525658892411,0.6308165663806491,False,219,1136.079960123698,202.44083778515053,0.17819242033202357,Low,0.40551097491801746,0.7194615351867419,0.7161276399466785,0.7619525658892411,0.6507631789851698,0.5523403204391518,86
CAND_02365,Al18.04Cr40.51Mo12.55Nb28.90,4,18.04,0.0,40.51,0.0,0.0,0.0,12.55,28.9,0.0,0.0,0.0,0.0,100.0,True,1102.5184,1603.6506,61.47791,361.387,1.4545340490981284,True,0.62146676,0.8113432149519008,0.7559108722955398,0.3387282378177136,0.6696299539329102,False,148,1328.764278157552,192.01428214978742,0.14450590319603715,Low,0.6214667080483287,0.8113432149519008,0.7559108722955398,0.33872823781771366,0.6318622582783707,0.5520830050014534,88
CAND_03613,Al40.86Cr5.87Cu18.13Nb13.69W21.45,5,40.86,0.0,5.87,18.13,0.0,0.0,0.0,13.69,0.0,0.0,0.0,21.45,100.0,True,952.45917,1495.3218,41.934822,585.684,1.5699589557792388,True,0.49632165,0.7262701276590277,0.4063700211020276,0.8193773692590445,0.591276649430326,False,376,1383.1501953125,153.1969172215096,0.11075942275878238,Low,0.49632159806271775,0.7262701276590277,0.4063700211020276,0.8193773692590445,0.6120847790207044,0.551050719426242,89
CAND_04980,Al18.19Cr31.81Cu8.85Nb10.53Ni30.62,5,18.19,0.0,31.81,8.85,0.0,0.0,0.0,10.53,30.62,0.0,0.0,0.0,100.0,True,1249.8982,1595.5479,56.35847,313.87640000000005,1.276542288385597,True,0.74437726,0.8049799790958038,0.6643463552021248,0.2369171185238466,0.6664313329002413,False,151,1318.1142578125,151.96440189290232,0.1152892482515875,Low,0.7443772499767217,0.8049799790958038,0.6643463552021248,0.23691711852384667,0.6126551756996242,0.5493240221405068,92
CAND_04268,Al39.66Cu17.28Nb20.93Ti14.24W7.89,5,39.66,0.0,0.0,17.28,0.0,0.0,0.0,20.93,0.0,14.24,0.0,7.89,100.0,True,1134.2123,1380.9733,44.862915,570.2804,1.217561583504521,True,0.6478985,0.6364696321092839,0.4587408705600951,0.78636878260354,0.6179509791829932,False,262,1361.657177734375,207.17456208971475,0.15214884148330712,Low,0.6478985150179697,0.6364696321092839,0.4587408705600951,0.78636878260354,0.6323694500727222,0.5488609000019414,94
CAND_02928,Al18.34Co25.97Cr14.59Mo8.97Ti15.13W17.00,6,18.34,25.97,14.59,0.0,0.0,0.0,8.97,0.0,0.0,15.13,0.0,17.0,100.0,True,1221.3737,1554.8242,54.716496,371.1898000000001,1.273012718753589,True,0.7205886,0.7729987249418875,0.6349785813069442,0.3597347929909576,0.6607810810220909,False,158,1358.8728474934896,190.2383746189418,0.13999718588081747,Low,0.7205886320437591,0.7729987249418875,0.6349785813069442,0.35973479299095773,0.6220751828208871,0.5456813319589394,103
CAND_03858,Al23.83Co11.81Cr30.81Ti33.55,4,23.83,11.81,30.81,0.0,0.0,0.0,0.0,0.0,0.0,33.55,0.0,0.0,100.0,True,1128.7141,1452.5468,59.899075,412.0853333333333,1.2869040844105604,True,0.64331317,0.6926779406417928,0.7276723805180833,0.447370394789005,0.6498209903644526,True,39,1258.7999348958333,194.26844737614803,0.1543282947438537,Low,0.6433131733250735,0.6926779406417928,0.7276723805180833,0.44737039478900503,0.6277584723184886,0.5438301003076327,109
CAND_02477,Al36.99Cu10.94Fe15.42Ni8.28Ti6.88W21.49,6,36.99,0.0,0.0,10.94,15.42,0.0,0.0,0.0,8.28,6.88,0.0,21.49,100.0,True,973.90796,1515.6971,49.194893,506.62,1.5563042544396306,True,0.5142093,0.7422713173289814,0.5362211171552886,0.649950034393766,0.6084919607897701,False,297,1467.8377115885417,188.00572505702462,0.12808345471214166,Low,0.5142092760389959,0.7422713173289814,0.5362211171552886,0.649950034393766,0.6106629362292579,0.5413278013062284,113
CAND_04076,Al22.89Cr26.30Mn9.89Mo8.33Nb12.88V19.71,6,22.89,0.0,26.3,0.0,0.0,9.89,8.33,12.88,0.0,0.0,19.71,0.0,100.0,True,1394.9462,1345.5483,52.601704,396.2743333333333,0.964587976108999,False,0.86534315,0.6086495684018483,0.5971541496829742,0.4134887850607478,0.6535096896248181,True,37,1314.6224812825521,202.91805992699258,0.1543546248570348,Low,0.8653431373346198,0.6086495684018483,0.5971541496829742,0.4134887850607478,0.6211589101200474,0.5381005946911479,121
CAND_04610,Al18.52Cr25.03Fe20.73Nb35.72,4,18.52,0.0,25.03,0.0,20.73,0.0,0.0,35.72,0.0,0.0,0.0,0.0,100.0,True,1228.2239,1625.974,56.071358,298.4753333333333,1.3238417120122925,True,0.7263015,0.8288742921619662,0.6592111701756912,0.2039139605832438,0.6619426305988545,False,156,1440.8508707682292,178.34238050388925,0.1237757384348882,Low,0.7263015031042291,0.8288742921619662,0.6592111701756912,0.20391396058324382,0.6045752315062826,0.5379856592635558,122
CAND_04411,Al43.46Co25.13Cr8.12Fe23.29,4,43.46,25.13,8.12,0.0,23.29,0.0,0.0,0.0,0.0,0.0,0.0,0.0,100.0,True,835.4331,1490.5067,55.803032,577.8008,1.7841125641815416,True,0.3987252,0.7224887193666445,0.6544119849887163,0.8024843513721432,0.6203398312293253,False,253,958.4092366536458,189.82433382982157,0.19806187854846513,Low,0.39872519961835795,0.7224887193666445,0.6544119849887163,0.8024843513721432,0.6445275638364655,0.5379751875732456,123
CAND_04166,Al18.71Cr21.95Nb33.19Ti26.15,4,18.71,0.0,21.95,0.0,0.0,0.0,0.0,33.19,0.0,26.15,0.0,0.0,100.0,True,1200.0415,1620.7552,48.11817,361.799,1.3505826212879193,True,0.7027982,0.8247758490151387,0.5169632253666607,0.3396111182938404,0.6384546940507886,False,200,1358.3680826822917,148.06086089657043,0.10899907233111891,Low,0.7027981867960056,0.8247758490151387,0.5169632253666607,0.33961111829384044,0.5960370948679113,0.537454998600711,125
CAND_02730,Al18.89Co16.90Cr30.02V5.62W28.57,5,18.89,16.9,30.02,0.0,0.0,0.0,0.0,0.0,0.0,0.0,5.62,28.57,100.0,True,1197.622,1334.1968,61.50688,376.876,1.114038367414918,True,0.7007804,0.5997349755105299,0.7564290196046588,0.3719198293097744,0.6350498424389567,True,50,1516.955126953125,196.9930168529785,0.1298608069235694,Low,0.700780392931475,0.5997349755105299,0.7564290196046588,0.37191982930977446,0.6072160543391095,0.5374255400472399,128
CAND_00790,Al43.35Co6.66Cu20.59Mn8.85Ni7.32W13.23,6,43.35,6.66,0.0,20.59,0.0,8.85,0.0,0.0,7.32,0.0,0.0,13.23,100.0,True,757.34467,1475.6036,48.20028,612.328,1.9483910921489465,True,0.33360168,0.7107849736661991,0.5184318161692759,0.8764731639336181,0.5743949331962679,False,504,1394.1457275390626,188.02841342094356,0.13486998504299127,Low,0.33360168031898735,0.7107849736661991,0.5184318161692759,0.8764731639336181,0.6098229085220201,0.5373504600167206,129
CAND_03778,Al41.92Fe16.80Mo7.00Nb12.60V21.68,5,41.92,0.0,0.0,0.0,16.8,0.0,7.0,12.6,0.0,0.0,21.68,0.0,100.0,True,1275.6289,1185.5498,43.232178,563.517,0.9293845523500968,False,0.76583594,0.4829990824994035,0.4295740777250653,0.7718753995641313,0.5978253512682263,True,71,1393.1415771484376,198.02416654567537,0.14214216975061691,Low,0.7658359185405065,0.4829990824994035,0.42957407772506534,0.7718753995641313,0.6125711195822767,0.5363352617617032,132
CAND_04953,Al18.64Cr40.08Cu8.71Mn10.26Nb8.92Ni13.39,6,18.64,0.0,40.08,8.71,0.0,10.26,0.0,8.92,13.39,0.0,0.0,0.0,100.0,True,1091.5103,1609.6176,57.95724,340.667,1.4746701592949492,True,0.6122862,0.8160292366919789,0.6929413974320248,0.2943270643581293,0.6458790489978197,False,183,1541.3708740234374,197.59101561441335,0.12819174083563803,Low,0.6122862671968555,0.8160292366919789,0.6929413974320248,0.2943270643581293,0.603895991419747,0.5352777985880738,134
CAND_02646,Al32.56Cr20.52Mo21.07Nb15.79Ni10.06,5,32.56,0.0,20.52,0.0,0.0,0.0,21.07,15.79,10.06,0.0,0.0,0.0,100.0,True,1027.9246,1531.4122,48.30173,501.1183666666667,1.489809912884327,True,0.55925757,0.7546127452236523,0.5202463154619968,0.6381605085277253,0.6199467487904128,False,255,1120.7751098632812,173.83324886817263,0.15510091840759904,Low,0.5592576103124236,0.7546127452236523,0.5202463154619968,0.6381605085277253,0.6180692948814495,0.5350781780465628,135
CAND_03950,Al43.96Cu31.15Fe16.21Nb8.68,4,43.96,0.0,0.0,31.15,16.21,0.0,0.0,8.68,0.0,0.0,0.0,0.0,100.0,True,970.31,1518.6327,42.962517,557.7256666666667,1.5651005388185697,True,0.5112087,0.7445767112321444,0.4247510151940215,0.7594650715768917,0.5968431448013117,False,343,1427.2368570963542,201.21355098532158,0.14098119032231343,Low,0.5112086802081107,0.7445767112321444,0.4247510151940215,0.7594650715768917,0.6100003695527921,0.5346278928406123,139
CAND_03653,Al38.74Cu25.29Fe11.89Nb24.08,4,38.74,0.0,0.0,25.29,11.89,0.0,0.0,24.08,0.0,0.0,0.0,0.0,100.0,True,964.8302,1445.0532,46.47209,564.592,1.4977279937003165,True,0.5066387,0.6867930449636548,0.487522012988524,0.7741790318744136,0.5960368921772177,False,351,1267.773681640625,190.8880562655512,0.15056950544873524,Low,0.5066386835894481,0.6867930449636548,0.48752201298852404,0.7741790318744136,0.6137831933540101,0.5334603345971938,142
CAND_03972,Al24.13Cr23.07Nb40.09Ti6.66V6.05,5,24.13,0.0,23.07,0.0,0.0,0.0,0.0,40.09,0.0,6.66,6.05,0.0,100.0,True,1234.6438,1440.3177,51.320038,416.6153333333333,1.166585618756675,True,0.73165554,0.6830741483740553,0.5742307189239363,0.4570777941988465,0.636538260758129,True,49,1414.7322143554688,209.21378615961504,0.14788225222886422,Low,0.7316555162602119,0.6830741483740553,0.5742307189239363,0.45707779419884653,0.6115095444392625,0.532728459954741,145
CAND_00440,Al21.72Co22.95Cu14.55Mo6.62Nb11.22Ni22.94,6,21.72,22.95,0.0,14.55,0.0,0.0,6.62,11.22,22.94,0.0,0.0,0.0,100.0,True,1092.2458,1599.2418,59.077377,365.38933333333335,1.4641775023195962,True,0.6128997,0.8078808833535004,0.7129757768726407,0.3473048930578879,0.6565738713044602,False,160,1189.614571126302,195.6975821506104,0.16450503120966992,Low,0.6128996531804729,0.8078808833535004,0.7129757768726407,0.3473048930578879,0.6202653016161255,0.5326428697107504,146
CAND_01463,Al42.51Cr5.71Cu19.34Mo12.26W20.18,5,42.51,0.0,5.71,19.34,0.0,0.0,12.26,0.0,0.0,0.0,0.0,20.18,100.0,True,735.1536,1431.2947,48.668716,614.198,1.946932791155521,True,0.315095,0.6759881798537394,0.5268100989754366,0.8804804126966211,0.561099544320466,False,629,1304.9958821614584,166.66334245018564,0.12771177651085147,Low,0.31509496203282533,0.6759881798537394,0.5268100989754366,0.8804804126966211,0.5995934133896557,0.5316903005525064,153
CAND_02976,Al24.41Cr28.98Mn7.12Ni26.02W13.47,5,24.41,0.0,28.98,0.0,0.0,7.12,0.0,0.0,26.02,0.0,0.0,13.47,100.0,True,883.47577,1678.4884,62.890656,370.3364333333333,1.8998691971124848,True,0.43879145,0.8701150530245703,0.7811787541860695,0.3579061018041189,0.6416525588562431,False,193,1245.8487345377605,190.3803892153445,0.1528118012544919,Low,0.4387914136136744,0.8701150530245703,0.7811787541860695,0.35790610180411886,0.6119978306571082,0.5308740160285755,157
CAND_04489,Al19.20Cr21.85Fe12.21Nb23.68Ni15.92V7.14,6,19.2,0.0,21.85,0.0,12.21,0.0,0.0,23.68,15.92,0.0,7.14,0.0,100.0,True,1456.29,1320.6746,52.95788,333.533,0.9068760786485888,False,0.9165022,0.5891156822017175,0.603524589309235,0.2790395174729617,0.6444224329233587,True,42,1461.0340983072917,182.36336058442527,0.12481800445020806,Low,0.9165021136797291,0.5891156822017175,0.603524589309235,0.2790395174729617,0.5970454756659108,0.5307929578863173,158
CAND_00975,Co35.68Cr37.51Mo10.66V16.15,4,0.0,35.68,37.51,0.0,0.0,0.0,10.66,0.0,0.0,0.0,16.15,0.0,100.0,True,1225.0405,1381.2957,69.48517,309.9566,1.127551023144563,True,0.7236467,0.6367228202120155,0.8991259300247872,0.2285173251007346,0.6671699463902782,True,34,1141.3067342122397,197.02678187249492,0.1726326288685995,Low,0.7236466384675908,0.6367228202120155,0.8991259300247872,0.22851732510073464,0.6220031784512821,0.53043311531542,161
CAND_04436,Al10.57Cr28.83Fe11.26Mo12.64Nb25.48Ti11.22,6,10.57,0.0,28.83,0.0,11.26,0.0,12.64,25.48,0.0,11.22,0.0,0.0,100.0,True,1172.7343,1571.149,57.723446,352.501,1.3397314831343976,True,0.68002474,0.7858189642082569,0.6887598395449632,0.3196863059952297,0.6598960269127407,False,159,1207.1648966471355,200.8444977272626,0.16637701964752472,Low,0.6800247622795724,0.7858189642082569,0.6887598395449632,0.31968630599522974,0.6185724680070057,0.5303366386573154,162
CAND_02984,Al12.32Cr33.93Nb16.90Ni11.03Ti25.82,5,12.32,0.0,33.93,0.0,0.0,0.0,0.0,16.9,11.03,25.82,0.0,0.0,100.0,True,1184.1871,1583.2994,60.74825,339.638,1.3370347935920328,True,0.6895761,0.7953609515638203,0.7428604281957201,0.2921220060815891,0.6750145291856626,False,142,1048.6460571289062,197.12424747777186,0.18797977271518992,Low,0.6895760702240635,0.7953609515638203,0.7428604281957201,0.2921220060815891,0.6299798640162982,0.5302951098034661,163
CAND_04343,Al33.74Fe6.51Nb38.07W21.68,4,33.74,0.0,0.0,0.0,6.51,0.0,0.0,38.07,0.0,0.0,0.0,21.68,100.0,True,980.22955,1484.4209,46.539078,531.6547333333334,1.5143604833375377,True,0.51948136,0.7177094012661306,0.4887201369769005,0.7035973093574617,0.5988768712223094,False,332,1327.4972330729167,193.85315814724325,0.14602904873745623,Low,0.519481301464116,0.7177094012661306,0.4887201369769005,0.7035973093574617,0.6073770372661522,0.5299839807160911,165
CAND_00360,Al36.19Fe14.32Nb14.13W35.36,4,36.19,0.0,0.0,0.0,14.32,0.0,0.0,14.13,0.0,0.0,0.0,35.36,100.0,True,1018.3706,1538.9116,42.33925,520.262,1.5111508440403658,True,0.55128986,0.7605021957746062,0.4136034791597557,0.6791836641396949,0.5988160380536678,False,333,1374.7161743164063,185.7520728657753,0.13512030798513205,Low,0.5512898473110904,0.7605021957746062,0.41360347915975576,0.6791836641396949,0.6011447965962868,0.5295868573291006,167
CAND_00308,Al23.99Co29.86Cu5.31Mo9.65Ni31.19,5,23.99,29.86,0.0,5.31,0.0,0.0,9.65,0.0,31.19,0.0,0.0,0.0,100.0,True,909.05536,1406.3346,69.046684,403.0148666666667,1.5470285568991946,True,0.4601241,0.6563864417551095,0.8912833224657137,0.4279331668051226,0.6219639727084837,True,58,1093.4730021158855,169.35583339717655,0.15487884297963522,Low,0.4601240607553187,0.6563864417551095,0.8912833224657137,0.42793316680512267,0.6089317479453161,0.5272689439649332,173
CAND_04163,Al24.79Cr40.46Cu21.31Nb13.44,4,24.79,0.0,40.46,21.31,0.0,0.0,0.0,13.44,0.0,0.0,0.0,0.0,100.0,True,1093.317,1654.888,49.473003,415.5873333333333,1.5136396624869242,True,0.613793,0.8515811184721083,0.5411952955515291,0.4548748788360834,0.6431423018594041,False,190,1204.0879842122397,203.44455104469574,0.16896153247289228,Low,0.6137930033717047,0.8515811184721083,0.5411952955515291,0.4548748788360833,0.6153610740578563,0.5264168725519001,175
CAND_02140,Al14.75Cr28.69Cu17.73Mo12.35Nb19.06Ti7.42,6,14.75,0.0,28.69,17.73,0.0,0.0,12.35,19.06,0.0,7.42,0.0,0.0,100.0,True,1191.4045,1536.0631,55.80013,358.349,1.289287598896146,True,0.6955952,0.7582652034959717,0.6543600808295493,0.3322180657631665,0.6495808644906337,False,176,1207.6724853515625,193.2033464125829,0.1599799190227804,Low,0.6955951755920582,0.7582652034959717,0.6543600808295493,0.3322180657631665,0.6101096314201865,0.525965683900951,178
CAND_04453,Al31.48Cr6.36Mn5.52Ni26.13Ti18.36W12.15,6,31.48,0.0,6.36,0.0,0.0,5.52,0.0,0.0,26.13,18.36,0.0,12.15,100.0,True,1085.8066,1438.9535,55.375214,456.50523333333336,1.325239178102397,True,0.6075296,0.6820028108748406,0.6467601815543815,0.5425584104722767,0.6299335243998219,False,221,1101.13740234375,196.46841437543137,0.17842315950511906,Low,0.6075295443759738,0.6820028108748406,0.6467601815543815,0.5425584104722767,0.6197127368193682,0.5258830258220805,179
CAND_00345,Al22.04Cr11.66Nb18.71Ti8.18W39.41,5,22.04,0.0,11.66,0.0,0.0,0.0,0.0,18.71,0.0,8.18,0.0,39.41,100.0,True,1174.6176,1603.441,45.691566,381.3767,1.3650749513612257,True,0.6815953,0.8111786112722092,0.4735618331368565,0.3815644413459498,0.6234573144494573,False,235,1464.9487386067708,170.50245469173024,0.11638800061624367,Low,0.6815953806656317,0.8111786112722092,0.4735618331368565,0.3815644413459498,0.5869750666051619,0.5257805227941835,180
CAND_03665,Al35.94Co8.88Cu22.02Mo13.18Nb12.04Ti7.94,6,35.94,8.88,0.0,22.02,0.0,0.0,13.18,12.04,0.0,7.94,0.0,0.0,100.0,True,911.4757,1415.9739,47.383415,537.4514,1.5534960367675137,True,0.46214256,0.6639564047782595,0.5038216538750577,0.7160190662181786,0.5711879678671574,False,533,1268.6613525390626,149.38225711594666,0.11774793708106365,Low,0.46214255515584685,0.6639564047782595,0.5038216538750577,0.7160190662181786,0.5864849200068356,0.524702305904861,184
CAND_00436,Al44.16Cr8.17Mn20.42Mo10.96Ni16.29,5,44.16,0.0,8.17,0.0,0.0,20.42,10.96,0.0,16.29,0.0,0.0,0.0,100.0,True,859.5918,1543.1562,46.720985,536.1353333333334,1.7952197840999202,True,0.4188729,0.7638355773529429,0.4919736620911534,0.713198848826719,0.5847857958305874,False,416,1498.2444417317708,208.1944586289299,0.13895893942932627,Low,0.4188728651009103,0.7638355773529429,0.49197366209115345,0.713198848826719,0.5969702383429314,0.5241367512704562,187
CAND_04912,Al33.96Mn40.99Mo8.38Nb16.67,4,33.96,0.0,0.0,0.0,0.0,40.99,8.38,16.67,0.0,0.0,0.0,0.0,100.0,True,910.63776,1572.4287,50.352024,489.81506666666667,1.7267334777624683,True,0.46144378,0.7868239419224815,0.5569171583685504,0.6139385112320824,0.6058003923502078,False,308,1318.1661865234375,206.46291066073826,0.15662889305730743,Low,0.46144373713937875,0.7868239419224815,0.5569171583685504,0.6139385112320824,0.6047808371656233,0.5228823530138618,191
CAND_01922,Al18.91Cu8.45Mo8.02Ni18.23Ti17.95W28.44,6,18.91,0.0,0.0,8.45,0.0,0.0,8.02,0.0,18.23,17.95,0.0,28.44,100.0,True,1128.9224,1451.3527,59.73941,331.10873333333336,1.2856089552355006,True,0.64348686,0.6917401865677475,0.7248166680531026,0.273844523033823,0.6228489646234115,False,238,1479.9170572916667,172.55552820643626,0.11659810754679915,Low,0.6434868895730511,0.6917401865677475,0.7248166680531026,0.273844523033823,0.5834720668069311,0.5225443808863669,192
CAND_03051,Al24.90Co42.78Cu24.15Ti8.17,4,24.9,42.78,0.0,24.15,0.0,0.0,0.0,0.0,0.0,8.17,0.0,0.0,100.0,True,981.96686,1530.2452,56.888588,430.6951333333333,1.5583470945818905,True,0.52093023,0.7536962734001781,0.6738278607325201,0.4872495915963491,0.623932358108125,False,232,1226.1914672851562,202.75965341284578,0.165357253595774,Low,0.5209301683617343,0.7536962734001781,0.6738278607325201,0.4872495915963491,0.6089259735226954,0.5225230045497385,193
CAND_00098,Al13.59Co13.28Cr44.34Mn14.19Mo7.63Nb6.97,6,13.59,13.28,44.34,0.0,0.0,14.19,7.63,6.97,0.0,0.0,0.0,0.0,100.0,True,978.4497,1690.3705,58.014748,363.149,1.727600803447338,True,0.51799697,0.8794463382462531,0.693969965449036,0.3425040518927999,0.6441010996124027,False,185,1192.8008911132813,197.8381536832515,0.1658601658979333,Low,0.5179969574220475,0.8794463382462531,0.693969965449036,0.3425040518927999,0.608479328252534,0.5219145023141687,195
CAND_02341,Al28.75Co15.61Cr14.98Cu26.73Ti13.93,5,28.75,15.61,14.98,26.73,0.0,0.0,0.0,0.0,0.0,13.93,0.0,0.0,100.0,True,1100.6665,1391.6909,50.143066,473.1607333333333,1.264407425011035,True,0.6199223,0.6448864088147407,0.5531798085094239,0.5782497108852163,0.604475015498036,False,310,1408.5945475260417,208.5941907105343,0.14808675149062217,Low,0.619922276365037,0.6448864088147407,0.5531798085094239,0.5782497108852163,0.5990595511436045,0.5217894469784741,196
CAND_02652,Al20.32Co28.17Cr7.09Mo10.62Ni16.58Ti17.22,6,20.32,28.17,7.09,0.0,0.0,0.0,10.62,0.0,16.58,17.22,0.0,0.0,100.0,True,1129.1346,1457.762,59.20432,368.0862,1.2910435512019574,True,0.6436639,0.6967735566261827,0.7152462350659956,0.3530840457926387,0.6339054035464826,False,209,1260.6196736653646,198.3891624013274,0.15737431879394134,Low,0.6436638583095892,0.6967735566261827,0.7152462350659956,0.35308404579263875,0.6021919239486015,0.5203086971690579,204
CAND_01548,Al40.25Cr7.75Mn31.20Mo8.31Ni7.36V5.13,6,40.25,0.0,7.75,0.0,0.0,31.2,8.31,0.0,7.36,0.0,5.13,0.0,100.0,True,1009.52673,1173.5056,53.17601,552.2833333333333,1.1624314257132642,True,0.5439143,0.4735404964357452,0.6074259863592221,0.7478026204978272,0.5692633399810827,False,555,1426.0631673177083,200.83816361347638,0.14083398843491218,Low,0.5439143124383043,0.4735404964357452,0.6074259863592221,0.7478026204978272,0.5931708539327747,0.5199449349738731,205
CAND_00578,Al9.20Cr29.59Cu8.82Mn8.91Nb19.55Ti23.93,6,9.2,0.0,29.59,8.82,0.0,8.91,0.0,19.55,0.0,23.93,0.0,0.0,100.0,True,1219.9692,1455.9663,61.105537,321.389,1.1934450921494002,True,0.7194174,0.6953633522959233,0.7492507387802283,0.2530159725649891,0.6496993161517765,True,40,1102.219637044271,178.96066350599014,0.1623638860090479,Low,0.7194173191763347,0.6953633522959233,0.7492507387802283,0.25301597256498914,0.6042618457043688,0.519856004627853,206
CAND_02729,Al36.20Fe9.50Mo9.71W44.59,4,36.2,0.0,0.0,0.0,9.5,0.0,9.71,0.0,0.0,0.0,0.0,44.59,100.0,True,800.00836,1519.279,47.581757,537.372,1.899078900313618,True,0.369182,0.745084265421957,0.5073691296632968,0.715848918864284,0.5684995015294445,False,563,1415.9748453776042,179.43989231089705,0.12672533901055638,Low,0.3691819786947822,0.745084265421957,0.5073691296632968,0.715848918864284,0.5843710731610801,0.5186455411344973,209
CAND_00257,Al32.96Co30.70Cu12.31W24.03,4,32.96,30.7,0.0,12.31,0.0,0.0,0.0,0.0,0.0,0.0,0.0,24.03,100.0,True,750.31134,1454.7909,57.38807,542.5459333333333,1.9389163162004444,True,0.3277361,0.6944402837600949,0.6827614214592506,0.7269362118855996,0.586383706614346,False,405,1138.295536295573,202.71904541484497,0.17808999416317345,Low,0.32773608407132504,0.6944402837600949,0.6827614214592506,0.7269362118855996,0.6079685002940676,0.5160628672734995,218
CAND_00553,Al20.68Cr28.18Mn16.36Ti34.78,4,20.68,0.0,28.18,0.0,0.0,16.36,0.0,0.0,0.0,34.78,0.0,0.0,100.0,True,1099.4829,1473.9032,56.987793,368.213,1.340542164307529,True,0.6189352,0.7094496106082422,0.6756022067387731,0.3533557672595632,0.6204193681743316,False,252,1281.2975626627604,182.08847781951965,0.14211256083333831,Low,0.6189351877855543,0.7094496106082422,0.6756022067387731,0.35335576725956325,0.5893356930980332,0.5160049134456823,221
CAND_02735,Al37.68Cr14.07Mo16.60Nb26.18Ti5.47,5,37.68,0.0,14.07,0.0,0.0,0.0,16.6,26.18,0.0,5.47,0.0,0.0,100.0,True,852.9684,1441.5012,46.84268,570.179,1.689981982211993,True,0.41334915,0.6840035780253678,0.4941502563881241,0.7861514911465516,0.570666112620487,False,542,1326.2019694010417,201.6531866372104,0.1520531497387867,Low,0.4133491387597935,0.6840035780253678,0.4941502563881241,0.7861514911465516,0.5944136160799592,0.5159602369167906,222
CAND_01704,Al18.55Cr18.77Mn32.86Nb29.82,4,18.55,0.0,18.77,0.0,0.0,32.86,0.0,29.82,0.0,0.0,0.0,0.0,100.0,True,1109.1797,1713.0182,46.335064,332.2163333333333,1.5444009832717027,True,0.627022,0.8972320956725589,0.4850712137762581,0.2762180143332359,0.6199767456668579,False,254,1462.387939453125,158.0933696194129,0.10810631389543156,Low,0.6270220419064803,0.8972320956725589,0.48507121377625817,0.27621801433323573,0.5713858414221332,0.5156417161937163,224
CAND_02397,Al37.19Cu28.08Ni14.44Ti9.43W10.86,5,37.19,0.0,0.0,28.08,0.0,0.0,0.0,0.0,14.44,9.43,0.0,10.86,100.0,True,999.86945,1429.9677,48.577957,484.1994666666667,1.4301544126641044,True,0.5358605,0.6749460563663783,0.5251868151774272,0.6019047646259221,0.5848243880022617,False,415,1437.015966796875,191.84767539989895,0.13350420582140754,Low,0.5358604168681229,0.6749460563663783,0.5251868151774272,0.6019047646259221,0.5844745132594626,0.5156350635998885,225
CAND_02426,Al24.97Cr29.20Fe14.72Ni31.11,4,24.97,0.0,29.2,0.0,14.72,0.0,0.0,0.0,31.11,0.0,0.0,0.0,100.0,True,980.27844,1645.4865,58.901115,361.3604333333333,1.6785909276962498,True,0.5195221,0.8441979052344102,0.709823216258214,0.3386713077417045,0.6373724960417758,False,203,1233.3166097005208,210.14043420804023,0.1703864462338405,Low,0.5195220743271195,0.8441979052344102,0.709823216258214,0.33867130774170434,0.603053625890362,0.5152602611136812,226
CAND_01770,Al35.39Cr20.98Ti20.82V14.14W8.67,5,35.39,0.0,20.98,0.0,0.0,0.0,0.0,0.0,0.0,20.82,14.14,8.67,100.0,True,1185.7322,1237.351,43.41496,541.5058333333334,1.0435332895867389,True,0.6908646,0.5236797510702322,0.4328432527839329,0.7247073672661348,0.5812802452860121,False,446,1343.6716145833334,203.43948178455545,0.15140565565020225,Low,0.690864639473944,0.5236797510702322,0.43284325278393293,0.7247073672661348,0.593023752648561,0.5150432862114775,227
CAND_04147,Al15.10Co27.06Cr42.83Ti15.01,4,15.1,27.06,42.83,0.0,0.0,0.0,0.0,0.0,0.0,15.01,0.0,0.0,100.0,True,1077.5836,1498.0896,63.350147,358.0989333333333,1.390230488611525,True,0.6006718,0.7284437443796894,0.7893970498441435,0.3316821944579962,0.6458362752025075,False,184,961.8856404622396,183.61871812814215,0.19089454130940464,Low,0.6006717973422747,0.7284437443796894,0.7893970498441435,0.33168219445799624,0.612548696506026,0.5143601513468359,229
CAND_00720,Al30.51Mo6.81Nb29.40W33.28,4,30.51,0.0,0.0,0.0,0.0,0.0,6.81,29.4,0.0,0.0,0.0,33.28,100.0,True,859.8485,1526.9744,48.352394,505.8753333333333,1.775864446961681,True,0.41908696,0.7511276392611723,0.521152474083647,0.6483542779344881,0.5786056408709292,False,473,1288.9090576171875,178.60195589337184,0.13856831468277067,Low,0.4190869455658927,0.7511276392611723,0.521152474083647,0.6483542779344881,0.5849303342113,0.513741974608062,231
CAND_02849,Al29.06Cr7.38Cu13.81Fe8.10Ti16.64W25.01,6,29.06,0.0,7.38,13.81,8.1,0.0,0.0,0.0,0.0,16.64,0.0,25.01,100.0,True,1161.488,1396.454,43.549507,473.7953333333333,1.2022973594074984,True,0.6706457,0.6486269803163605,0.4352497134673997,0.5796096039681048,0.591535683159284,False,374,1413.6679036458333,194.8357087333235,0.13782282828296832,Low,0.6706456694344927,0.6486269803163605,0.43524971346739977,0.5796096039681048,0.5835329917965895,0.512850487168701,234
CAND_04153,Al25.60Co37.25Cr6.34Nb8.00Ni12.82V9.99,6,25.6,37.25,6.34,0.0,0.0,0.0,0.0,8.0,12.82,0.0,9.99,0.0,100.0,True,1209.4224,1212.1848,54.682793,451.5482,1.0022840959474697,True,0.7106216,0.5039161579220582,0.6343757812116995,0.5319359154491938,0.6027456675524252,False,318,1297.2551798502604,208.34935199607713,0.16060783971595047,Low,0.7106215893435464,0.5039161579220582,0.6343757812116995,0.5319359154491939,0.5952123609816244,0.5128453734443995,235
CAND_00855,Al42.58Fe6.95Mo11.00Nb8.17Ti23.64V7.66,6,42.58,0.0,0.0,0.0,6.95,0.0,11.0,8.17,0.0,23.64,7.66,0.0,100.0,True,1034.6382,1110.2349,43.65518,616.592,1.0730658481438116,True,0.5648565,0.4238525668714816,0.4371397438642425,0.8856105482787758,0.5387392470400735,False,881,1480.0997395833333,193.0827479539435,0.13045252477937652,Low,0.5648565608761403,0.42385256687148165,0.43713974386424254,0.8856105482787758,0.57786485497266,0.5111801179668632,239
CAND_00125,Al38.90Cr11.56Cu17.88Mn10.80Mo14.42Ti6.44,6,38.9,0.0,11.56,17.88,0.0,10.8,14.42,0.0,0.0,6.44,0.0,0.0,100.0,True,938.3349,1312.0768,43.923363,562.7834,1.3983033138131735,True,0.4845424,0.5823636329781807,0.4419363714031263,0.770303358017319,0.5461014063402891,False,785,1486.8472005208334,174.6034801377547,0.11743202669150682,Low,0.4845423604735573,0.5823636329781807,0.4419363714031263,0.770303358017319,0.5697864307180458,0.5099070163623909,246
CAND_03670,Al42.99Co9.44Mo12.78Nb12.92V8.08W13.79,6,42.99,9.44,0.0,0.0,0.0,0.0,12.78,12.92,0.0,0.0,8.08,13.79,100.0,True,946.8166,988.0982,52.423462,627.842,1.0436004302297166,True,0.4916159,0.3279358195174682,0.5939661754795917,0.909718328270104,0.5308148183235641,False,990,1387.8115234375,193.12368561234695,0.13915699815922752,Low,0.4916158559150904,0.32793581951746825,0.5939661754795917,0.9097183282701041,0.5808090447955636,0.509858646116468,247
CAND_04379,Al21.30Co34.49Cr12.12Cu18.01Ti14.08,5,21.3,34.49,12.12,18.01,0.0,0.0,0.0,0.0,0.0,14.08,0.0,0.0,100.0,True,1147.6042,1411.2686,53.512577,395.3344,1.2297519832310306,True,0.65906703,0.6602612249402188,0.6134457062552614,0.4114745889712798,0.6108811077091465,False,286,1298.2963704427084,194.3871492374536,0.14972478831714608,Low,0.6590669769540752,0.6602612249402188,0.6134457062552614,0.41147458897127986,0.5860621242802089,0.5097412269748736,248
CAND_00772,Al12.78Co19.55Cr29.18Fe13.18W25.31,5,12.78,19.55,29.18,0.0,13.18,0.0,0.0,0.0,0.0,0.0,0.0,25.31,100.0,True,868.58417,1668.5798,61.628094,360.8163333333334,1.9210340948766145,True,0.42637226,0.8623336025446409,0.7585970109035041,0.3375053483556351,0.6268868226398914,False,226,1017.6767456054688,175.89489557869183,0.17283965300203732,Low,0.42637224473041596,0.8623336025446409,0.7585970109035041,0.3375053483556351,0.596202051633549,0.508340633016194,252
CAND_02320,Al43.97Cu20.19Fe24.38Ti11.46,4,43.97,0.0,0.0,20.19,24.38,0.0,0.0,0.0,0.0,11.46,0.0,0.0,100.0,True,1084.971,1451.624,39.775368,534.3930666666666,1.3379381297337265,True,0.6068326,0.6919532446703256,0.3677467805336367,0.7094653215834988,0.5879922627572535,False,396,1167.5643229166667,196.76092673380165,0.16852255834802962,Low,0.6068326778526419,0.6919532446703256,0.3677467805336367,0.7094653215834988,0.5939995061600257,0.5083337945993769,253
CAND_01102,Al32.46Co27.93Mn14.36W25.25,4,32.46,27.93,0.0,0.0,0.0,14.36,0.0,0.0,0.0,0.0,0.0,25.25,100.0,True,667.4169,1491.359,58.38758,542.4725333333332,2.234523978601472,True,0.25860447,0.7231580500737115,0.700638308478151,0.7267789220143671,0.5787051764788099,False,471,1120.460917154948,208.4802186484467,0.1860664798356515,Low,0.2586044897602278,0.7231580500737115,0.700638308478151,0.7267789220143671,0.6022949425816143,0.5078087550919337,254
CAND_00837,Al21.94Cr27.08Mn16.21Mo13.24Nb11.10Ni10.43,6,21.94,0.0,27.08,0.0,0.0,16.21,13.24,11.1,10.43,0.0,0.0,0.0,99.99999999999996,True,1033.2412,1593.1593,52.344135,374.9663333333333,1.5419045263926945,True,0.5636915,0.8031041568185538,0.5925473604436757,0.3678275783002834,0.6133496759364779,False,276,1333.655078125,194.68762974694187,0.14598049596201088,Low,0.5636915027944088,0.8031041568185538,0.5925473604436757,0.36782757830028345,0.5817926495892305,0.5076811094422997,255
CAND_03018,Al29.17Cr19.77Mo34.49Nb16.57,4,29.17,0.0,19.77,0.0,0.0,0.0,34.49,16.57,0.0,0.0,0.0,0.0,100.0,True,995.14703,1459.4581,47.473797,486.53743333333335,1.4665753407175166,True,0.5319221,0.6981055427956727,0.5054381947826447,0.6069148256061053,0.5864050749083217,False,404,1160.4184814453124,178.9793170599962,0.15423687223343402,Low,0.5319220535278721,0.6981055427956727,0.5054381947826447,0.6069148256061053,0.5855951541780737,0.5073440021413927,256
CAND_04442,Al19.71Cr32.85Mn23.58Nb15.63V8.23,5,19.71,0.0,32.85,0.0,0.0,23.58,0.0,15.63,0.0,0.0,8.23,0.0,100.0,True,1110.7604,1347.5073,61.674805,336.1113333333334,1.2131395115848398,True,0.6283403,0.6101880159615622,0.7594324675467992,0.284564663494678,0.6041013242896563,False,312,1402.3893595377604,178.81341873434033,0.12750625745854116,Low,0.6283403005391165,0.6101880159615622,0.7594324675467992,0.28456466349467807,0.570631361885539,0.5061003946636823,261
CAND_03963,Al37.94Fe13.65Mn8.05Nb15.36Ti16.21V8.79,6,37.94,0.0,0.0,0.0,13.65,8.05,0.0,15.36,0.0,16.21,8.79,0.0,100.0,True,1199.4382,1076.7366,46.389458,537.56,0.8977007493131856,False,0.70229506,0.397545584794113,0.4860440858760931,0.7162517866543613,0.5589009963041845,True,104,1443.003312174479,198.70615416696933,0.13770318646568913,Low,0.7022950518348684,0.39754558479411306,0.4860440858760931,0.7162517866543613,0.575534127289859,0.5058737060214922,262
CAND_04171,Al10.32Cr33.23Nb41.69Ti14.76,4,10.32,0.0,33.23,0.0,0.0,0.0,0.0,41.69,0.0,14.76,0.0,0.0,100.0,True,1106.4076,1527.888,58.632614,343.153,1.3809449699907024,True,0.6247102,0.7518451102619658,0.7050209010823161,0.2996543480077687,0.6341699771759292,False,207,1166.4063720703125,206.42284887588926,0.17697335492903654,Low,0.6247101897172407,0.7518451102619658,0.7050209010823161,0.2996543480077687,0.5953076372673228,0.5057953391843911,263
CAND_00914,Al13.62Co9.76Cr36.35Mo23.13Ti17.14,5,13.62,9.76,36.35,0.0,0.0,0.0,23.13,0.0,0.0,17.14,0.0,0.0,100.0,True,1081.3265,1390.7191,61.77823,359.079,1.286123156157547,True,0.6037933,0.6441232320212082,0.7612822910002212,0.3337823928203816,0.6147629101124066,False,271,1040.7548583984376,164.66619761174377,0.15821804364683903,Low,0.6037932689916037,0.6441232320212082,0.7612822910002212,0.3337823928203816,0.5857452962083536,0.5057297280260276,264
CAND_02753,Al43.13Cr12.65Fe23.52V20.70,4,43.13,0.0,12.65,0.0,23.52,0.0,0.0,0.0,0.0,0.0,20.7,0.0,100.0,True,1165.1384,1206.5304,42.865746,555.754,1.0355253687290291,True,0.67369,0.499475628120299,0.423020202862273,0.7552399599132262,0.570990745410523,False,537,1169.9304850260417,191.90135292957376,0.1640279960097819,Low,0.6736899987269426,0.499475628120299,0.423020202862273,0.7552399599132262,0.5878564474056852,0.5050191657080602,267
CAND_00646,Al29.52Cr12.67Fe11.11Nb11.21V22.75W12.74,6,29.52,0.0,12.67,0.0,11.11,0.0,0.0,11.21,0.0,0.0,22.75,12.74,100.0,True,1379.5664,1238.8062,38.7182,475.7453333333333,0.8979677921901412,False,0.85251683,0.5248225529532825,0.3488386426500769,0.5837882858332683,0.5879797362951372,True,86,1433.2241455078124,207.64023182987367,0.14487631434391143,Low,0.8525168236013245,0.5248225529532825,0.3488386426500769,0.5837882858332683,0.5774915762594881,0.5044139432567686,268
CAND_01337,Al31.80Co16.67Nb10.01Ni26.60W14.92,5,31.8,16.67,0.0,0.0,0.0,0.0,0.0,10.01,26.6,0.0,0.0,14.92,100.0,True,810.7557,1561.1633,55.55964,474.26703333333336,1.9255656737221531,True,0.37814495,0.7779769653327923,0.6500587606234731,0.5806204163967191,0.5964443286077119,False,347,1124.304756673177,205.86051891027162,0.18310028280891905,Low,0.37814495315728447,0.7779769653327923,0.6500587606234731,0.5806204163967191,0.5967002738775672,0.5043530819389885,269
CAND_04203,Al17.22Co34.32Mo11.13Ni16.32W21.01,5,17.22,34.32,0.0,0.0,0.0,0.0,11.13,0.0,16.32,0.0,0.0,21.01,100.0,True,928.675,1481.3026,62.657234,336.318,1.5950710630425955,True,0.47648633,0.7152605288692668,0.7770038497611756,0.285007532341926,0.5945261515117882,False,356,1261.4939412434896,148.08390248474845,0.11738772390676568,Low,0.4764862798982404,0.7152605288692668,0.7770038497611756,0.28500753234192605,0.5634395477176521,0.504247125382474,271
CAND_01962,Al21.59Cr21.21Ni42.65Ti14.55,4,21.59,0.0,21.21,0.0,0.0,0.0,0.0,0.0,42.65,14.55,0.0,0.0,100.0,True,1264.6788,1461.4033,51.70773,335.09959999999995,1.155552905494839,True,0.7567039,0.6996331528993763,0.5811648427267312,0.2823966061960207,0.6245518363456067,False,228,1322.507373046875,199.31597468498282,0.15071067182467665,Low,0.7567038480317251,0.6996331528993763,0.5811648427267312,0.2823966061960207,0.5799746124634634,0.5040142814907593,273
CAND_02080,Al42.77Cr6.98Cu41.91V8.34,4,42.77,0.0,6.98,41.91,0.0,0.0,0.0,0.0,0.0,0.0,8.34,0.0,100.0,True,1020.6033,1049.1132,46.859726,604.588,1.027934388721055,True,0.55315185,0.3758522962177977,0.4944551351948636,0.8598870112995841,0.5312980840990593,False,984,1455.0495198567708,194.00133676275692,0.13332971429168516,Low,0.5531518553132965,0.37585229621779775,0.4944551351948636,0.8598870112995841,0.5708365745063855,0.503680938837071,277
CAND_01815,Al24.40Co20.01Cr23.05Ni32.54,4,24.4,20.01,23.05,0.0,0.0,0.0,0.0,0.0,32.54,0.0,0.0,0.0,100.0,True,820.50287,1719.3817,58.216198,383.6812,2.0955218631033468,True,0.38627383,0.9022294979422064,0.6975730298405453,0.3865027861450623,0.6189196755933959,False,257,1098.1188313802083,195.18887937775688,0.17774841283108408,Low,0.38627381441892394,0.9022294979422064,0.6975730298405453,0.3865027861450623,0.5931447820866844,0.5036260508820188,278
CAND_02133,Al40.29Co10.19Cu21.98Mo6.15V21.39,5,40.29,10.19,0.0,21.98,0.0,0.0,6.15,0.0,0.0,0.0,21.39,0.0,100.0,True,1054.1318,1105.341,48.493393,575.48,1.0485794682568872,True,0.5811137,0.4200092751346342,0.5236743329872877,0.7975110770784656,0.5508821361784804,False,736,1344.8215576171874,209.0857080580703,0.15547468500470601,Low,0.5811136662605643,0.42000927513463426,0.5236743329872877,0.7975110770784656,0.580577087865238,0.5024576439447251,281
CAND_00445,Al35.44Cr14.93Mo22.85Ni17.12Ti9.66,5,35.44,0.0,14.93,0.0,0.0,0.0,22.85,0.0,17.12,9.66,0.0,0.0,100.0,True,1058.1088,1350.8938,47.680916,485.6978666666668,1.2767059919864117,True,0.58443034,0.6128475119600162,0.5091426529296045,0.6051157066293895,0.5772363768807095,False,480,1379.887312825521,207.9029880058574,0.1506666421768497,Low,0.5844303706206544,0.6128475119600162,0.5091426529296045,0.6051157066293897,0.5778840605349161,0.5022167492764592,283
CAND_00972,Co41.99Cr26.69Nb24.42Ti6.90,4,0.0,41.99,26.69,0.0,0.0,0.0,0.0,24.42,0.0,6.9,0.0,0.0,100.0,True,923.17175,1611.4048,63.876762,316.5566,1.7455092130865175,True,0.47189674,0.8174327657775946,0.7988159019391283,0.2426605560289806,0.6229019218875214,False,237,1048.3488159179688,168.2385124309115,0.16047951776775396,Low,0.4718967266496444,0.8174327657775946,0.7988159019391283,0.24266055602898065,0.5827014875988369,0.502121303027989,284
CAND_01666,Al42.01Cu9.96Fe15.67Mo14.14W18.22,5,42.01,0.0,0.0,9.96,15.67,0.0,14.14,0.0,0.0,0.0,0.0,18.22,100.0,True,732.24854,1342.7458,52.358955,559.639,1.8337295816009789,True,0.31267223,0.6064487009765811,0.5928124257913162,0.7635651799368982,0.5384741635077778,False,885,1443.0444173177084,192.51264593214577,0.13340729060161782,Low,0.312672225002822,0.6064487009765811,0.5928124257913162,0.7635651799368982,0.5688746329269043,0.5019154523215948,286
CAND_00060,Al18.19Nb14.32Ni18.97Ti14.17W34.35,5,18.19,0.0,0.0,0.0,0.0,0.0,0.0,14.32,18.97,14.17,0.0,34.35,100.0,True,1184.5293,1368.6514,55.52749,324.4528,1.1554390453750254,True,0.6898615,0.6267929618764919,0.6494837369442127,0.2595814317949829,0.5963044953958163,False,349,1545.3094075520833,170.10892340876842,0.11008081784620537,Low,0.6898614552459449,0.6267929618764919,0.6494837369442127,0.2595814317949831,0.5564298964654082,0.501251699443831,289
CAND_03788,Al36.87Cu21.23Mn24.21Ti7.29W10.40,5,36.87,0.0,0.0,21.23,0.0,24.21,0.0,0.0,0.0,7.29,0.0,10.4,100.0,True,785.8764,1551.1864,46.572433,516.5910666666666,1.9738299718409709,True,0.35739636,0.7701418772988414,0.4893167128656012,0.6713171705252208,0.5612882307187951,False,627,1341.6085856119792,190.0896849148555,0.14168788643234975,Low,0.35739632786535797,0.7701418772988414,0.48931671286560124,0.6713171705252208,0.5720430221387554,0.5010502685863887,291
CAND_02378,Al33.74Cr8.89Cu9.49Mo11.20V16.37W20.31,6,33.74,0.0,8.89,9.49,0.0,0.0,11.2,0.0,0.0,0.0,16.37,20.31,100.0,True,1135.2443,1017.4338,50.66941,507.33973333333336,0.8962245689613922,False,0.6487591,0.3509737379619521,0.562593813592991,0.6514923608695372,0.5382921758569231,False,889,1472.5075520833334,154.15393825710072,0.10468804593837269,Low,0.6487591735293132,0.35097373796195214,0.562593813592991,0.6514923608695372,0.5534547714884483,0.5010054861400428,293
CAND_01898,Al34.44Co8.41Cr20.14Fe25.21Mn6.16Ni5.64,6,34.44,8.41,20.14,0.0,25.21,6.16,0.0,0.0,5.64,0.0,0.0,0.0,100.0,True,865.15735,1654.1069,49.2778,463.7187333333332,1.911914523541811,True,0.4235144,0.8509677027554712,0.5377039628217412,0.5580163190027162,0.6004730681681514,False,325,1100.855489095052,201.61551826490737,0.18314440020700948,Low,0.4235143747693286,0.8509677027554712,0.5377039628217412,0.5580163190027162,0.5925505898373142,0.5008269402565217,295
CAND_04108,Al31.89Cr7.00Mn8.01Mo8.73Nb36.38V7.99,6,31.89,0.0,7.0,0.0,0.0,8.01,8.73,36.38,0.0,0.0,7.99,0.0,100.0,True,1053.5037,1178.0896,51.017838,520.3513333333333,1.1182586661741385,True,0.58058983,0.4771404166061019,0.5688256751953976,0.6793750977704408,0.561431769629794,False,625,1362.8418131510416,210.0540202103767,0.1541294214658035,Low,0.5805898488080692,0.4771404166061019,0.5688256751953976,0.6793750977704408,0.5764827595950024,0.49949576613586344,297
CAND_03896,Al36.21Cr5.42Mn34.98Mo11.16Ni12.23,5,36.21,0.0,5.42,0.0,0.0,34.98,11.16,0.0,12.23,0.0,0.0,0.0,100.0,True,827.54474,1468.5724,52.001762,481.3287333333333,1.7746139044803872,True,0.39214656,0.705263211296694,0.5864237964580009,0.5957530306158091,0.5651918418173114,False,593,1404.2291015625,198.11776482061944,0.14108649692573083,Low,0.39214653278256195,0.705263211296694,0.5864237964580009,0.5957530306158089,0.5698966427882663,0.4994333421030385,298
CAND_04289,Al33.75Cr16.05Cu40.86Mo9.34,4,33.75,0.0,16.05,40.86,0.0,0.0,9.34,0.0,0.0,0.0,0.0,0.0,100.0,True,963.69324,1472.0035,44.42255,492.17513333333335,1.527460651396687,True,0.5056905,0.7079577326964563,0.4508646558628154,0.6189959306067375,0.569660030858289,False,552,1460.0373697916666,209.36537428328396,0.1433972709295505,Low,0.5056904914372609,0.7079577326964563,0.4508646558628154,0.6189959306067375,0.5708772026508175,0.4992815858189954,299
CAND_02983,Al12.12Co43.54Cu20.39Mo9.09Nb14.86,5,12.12,43.54,0.0,20.39,0.0,0.0,9.09,14.86,0.0,0.0,0.0,0.0,100.0,True,1010.60175,1505.9658,58.527847,359.329,1.4901674240605534,True,0.5448109,0.7346291045990966,0.7031470750852684,0.3343181212646333,0.6097664856861695,False,290,1062.0889770507813,170.48761629834297,0.16052102976509047,Low,0.5448108484003823,0.7346291045990966,0.7031470750852684,0.33431812126463334,0.5792262873373452,0.49910882481344654,300
CAND_00288,Al36.73Cr7.80Cu40.85W14.62,4,36.73,0.0,7.8,40.85,0.0,0.0,0.0,0.0,0.0,0.0,0.0,14.62,100.0,True,823.59515,1471.203,47.007423,518.9994,1.7863181846039764,True,0.38885272,0.7073290817155727,0.4970967921888212,0.6764780212048461,0.554600444860627,False,693,1419.9754150390625,194.61086058694056,0.1370522746561686,Low,0.3888526875792507,0.7073290817155727,0.4970967921888212,0.6764780212048461,0.5674391456721227,0.499044026664218,302
CAND_00432,Al30.20Cu44.00Mn11.54Ti14.26,4,30.2,0.0,0.0,44.0,0.0,11.54,0.0,0.0,0.0,14.26,0.0,0.0,100.0,True,1003.7784,1419.1122,46.63067,471.8513333333333,1.4137704361541672,True,0.53912044,0.666420983633109,0.4903583195221827,0.5754437795856031,0.5705685726227353,False,543,1407.2779947916667,194.40411935664164,0.1381419450002991,Low,0.5391203694726928,0.666420983633109,0.49035831952218273,0.5754437795856031,0.5678358630533968,0.4989148019259123,303
CAND_00228,Al27.55Co13.33Cr11.96Cu26.88Nb9.81Ti10.47,6,27.55,13.33,11.96,26.88,0.0,0.0,0.0,9.81,0.0,10.47,0.0,0.0,100.0,True,1039.2281,1505.9144,43.232323,462.7966666666666,1.4490700630550322,True,0.56868446,0.734588739002073,0.4295766711444587,0.5560404096393974,0.5817821974931243,False,442,1339.768896484375,198.30811860387558,0.14801666102582814,Low,0.5686844063230545,0.734588739002073,0.4295766711444587,0.5560404096393974,0.5722225565272459,0.4984444703232159,308
CAND_01602,Al15.51Co35.02Mo16.47Ni26.94Ti6.06,5,15.51,35.02,0.0,0.0,0.0,0.0,16.47,0.0,26.94,6.06,0.0,0.0,100.0,True,974.0161,1309.9131,66.86024,327.568,1.3448577309334089,True,0.51429945,0.5806644298209817,0.8521773481771598,0.2662570367931151,0.5814720631614683,False,445,1213.2744384765624,135.283726142459,0.1115029888145726,Low,0.5142994617089733,0.5806644298209817,0.8521773481771598,0.2662570367931151,0.5533495691250575,0.49783902939857094,310
CAND_04817,Al18.90Co15.01Cr22.35Cu8.13Mo25.57Nb10.04,6,18.9,15.01,22.35,8.13,0.0,0.0,25.57,10.04,0.0,0.0,0.0,0.0,100.0,True,1173.9329,1461.9384,50.12722,372.233,1.2453339097655387,True,0.6810243,0.7000533791827878,0.55289639248387,0.3619702806431312,0.606842956804877,False,303,1238.3646891276042,190.4573893143185,0.15379749680079363,Low,0.6810243604304409,0.7000533791827878,0.55289639248387,0.3619702806431312,0.5739861031850575,0.49747560102755,311
CAND_02559,Al42.10Nb8.86V25.14W23.90,4,42.1,0.0,0.0,0.0,0.0,0.0,0.0,8.86,0.0,0.0,25.14,23.9,100.0,True,1059.4282,1132.5347,40.271873,608.024,1.0690055973404728,True,0.58553076,0.4413651104611237,0.3766270956773762,0.8672500630373802,0.532313055805433,False,970,1408.0400146484376,199.72938382626552,0.1418492242751598,Low,0.58553071251975,0.4413651104611237,0.3766270956773762,0.8672500630373802,0.5676932454239075,0.49717005831858085,315
CAND_02135,Al44.18Cu6.23Mn17.57Ti17.53V14.49,5,44.18,0.0,0.0,6.23,0.0,17.57,0.0,0.0,0.0,17.53,14.49,0.0,100.0,True,985.6972,963.10767,48.6734,622.749,0.9770826837241124,False,0.52404124,0.3083101840430129,0.5268938753646638,0.8988044684038078,0.5162495709091846,False,1227,1510.4481119791667,204.65632575319478,0.135493781037622,Low,0.5240411653299564,0.30831018404301297,0.5268938753646638,0.8988044684038078,0.5645124232853602,0.4971514883767174,316
CAND_04226,Al19.59Co40.69Cr17.91Mn12.09Ni9.72,5,19.59,40.69,17.91,0.0,0.0,12.09,0.0,0.0,9.72,0.0,0.0,0.0,100.0,True,940.9293,1533.4475,56.631172,372.257,1.6297159258457312,True,0.48670605,0.7562111129205823,0.6692238079978228,0.3620217105737793,0.5944843569367568,False,358,1239.2260660807292,178.0593194598321,0.1436859055289049,Low,0.4867060159404464,0.7562111129205823,0.6692238079978228,0.36202171057377935,0.5685406618581578,0.49711258931291324,317
CAND_01843,Al17.41Cr17.19Fe8.04Nb14.10Ni23.56V19.70,6,17.41,0.0,17.19,0.0,8.04,0.0,0.0,14.1,23.56,0.0,19.7,0.0,100.0,True,1556.4108,1155.24,52.974205,316.05420000000004,0.7422462146817946,False,1.0,0.4591961024864289,0.6038165725616121,0.2415839561474124,0.6249505792293725,True,56,1283.905419921875,206.82936664406174,0.1610939275080303,Low,1.0,0.4591961024864289,0.6038165725616121,0.24158395614741243,0.5761491577988633,0.4962123598694633,322
CAND_03978,Al20.49Co26.49Cr17.65Nb5.43Ti29.94,5,20.49,26.49,17.65,0.0,0.0,0.0,0.0,5.43,0.0,29.94,0.0,0.0,100.0,True,1084.2015,1558.8624,49.83727,389.5871333333333,1.4377976282454223,True,0.606191,0.7761700158738103,0.5477104479799328,0.3991586920511469,0.611509723349718,False,285,1094.3903930664062,191.37348911785872,0.17486766178716484,Low,0.6061909368405499,0.7761700158738103,0.5477104479799328,0.39915869205114696,0.5823075231863599,0.49563669349837697,324
CAND_01758,Al18.67Cr25.20Ni18.69Ti5.65V31.79,5,18.67,0.0,25.2,0.0,0.0,0.0,0.0,0.0,18.69,5.65,31.79,0.0,100.0,True,1394.615,1228.4369,52.034184,324.013,0.8808430345306645,False,0.86506695,0.5166793042136492,0.58700368503433,0.2586389783158553,0.6000706429359033,False,327,1549.0919840494792,193.66015982569465,0.12501527463814505,Low,0.8650669259984212,0.5166793042136492,0.58700368503433,0.2586389783158553,0.5568472233905639,0.4949685892661953,326
CAND_04459,Al38.18Fe20.39Mo9.95Ti31.48,4,38.18,0.0,0.0,0.0,20.39,0.0,9.95,0.0,0.0,31.48,0.0,0.0,100.0,True,921.5981,1432.598,47.836952,496.7284,1.5544715485577203,True,0.4705844,0.6770116911883872,0.5119334583671499,0.6287531884771238,0.5665751799050834,False,584,1305.4026529947917,205.2736353307627,0.15724928615690634,Low,0.47058434751555955,0.6770116911883872,0.5119334583671499,0.628753188477124,0.5720706713870551,0.4943365947425528,327
CAND_01364,Al8.60Cr33.58Mo9.88Nb19.48Ti28.46,5,8.6,0.0,33.58,0.0,0.0,0.0,9.88,19.48,0.0,28.46,0.0,0.0,100.0,True,1102.6558,1519.1058,58.60255,314.065,1.3776791023447916,True,0.62158126,0.7449482474957997,0.7044831868710164,0.2373212720621901,0.6216778446531723,False,244,1029.5903971354167,172.3677492594529,0.16741390531518552,Low,0.6215812957222228,0.7449482474957997,0.7044831868710164,0.2373212720621901,0.5770835005378072,0.4943263892184004,328
CAND_02238,Al23.67Cr27.04Cu9.63Fe7.76Mo31.90,5,23.67,0.0,27.04,9.63,7.76,0.0,31.9,0.0,0.0,0.0,0.0,0.0,100.0,True,963.55444,1424.2773,57.199223,406.0810333333333,1.4781492730544028,True,0.50557476,0.6704772549402445,0.6793837699271417,0.4345036975977221,0.587837111390573,False,397,1239.3239135742188,197.23344182419413,0.15914599860771791,Low,0.5055747362033709,0.6704772549402445,0.6793837699271417,0.4345036975977221,0.5724848646671198,0.49388503722114996,329
CAND_00988,Al34.06Nb24.89Ni17.15W23.90,4,34.06,0.0,0.0,0.0,0.0,0.0,0.0,24.89,17.15,0.0,0.0,23.9,100.0,True,893.9509,1442.741,49.071884,497.54640000000006,1.613892838230479,True,0.4475274,0.6849772213559107,0.5340210211129199,0.6305060919467157,0.5678325610371988,False,571,1284.6915771484375,209.8066539305199,0.16331285863663614,Low,0.44752737271438137,0.6849772213559107,0.5340210211129199,0.6305060919467157,0.5742579267824819,0.4936401437662204,330
CAND_04128,Al25.09Co34.79Mn21.27Nb6.18Ti12.67,5,25.09,34.79,0.0,0.0,0.0,21.27,0.0,6.18,0.0,12.67,0.0,0.0,100.0,True,968.27,1522.2592,51.617874,419.5011999999999,1.5721432754232565,True,0.5095074,0.7474246847264284,0.579557709671564,0.4632619576374516,0.5914583637060161,False,375,1249.0802286783853,206.16074263298665,0.16505004074167376,Low,0.5095073784996411,0.7474246847264284,0.579557709671564,0.4632619576374516,0.5749379326337714,0.4934877580603872,331
CAND_02683,Al11.30Co36.48Cr14.69Nb6.24Ni13.32V17.97,6,11.3,36.48,14.69,0.0,0.0,0.0,0.0,6.24,13.32,0.0,17.97,0.0,100.0,True,1287.0824,1268.6361,55.47617,357.8476,0.9856681301078104,False,0.7753878,0.5482486565068867,0.6485658453355143,0.3311436087953752,0.6089039496599917,False,295,1224.0423461914063,204.49991948795133,0.16706931759693647,Low,0.7753878102649956,0.5482486565068867,0.6485658453355143,0.3311436087953752,0.575836480225693,0.49340383775264846,332
CAND_01690,Al43.13Mn12.50Mo15.17W29.20,4,43.13,0.0,0.0,0.0,0.0,12.5,15.17,0.0,0.0,0.0,0.0,29.2,100.0,True,598.79315,1333.296,48.48458,622.953,2.2266386912885383,True,0.20137426,0.5990275566428473,0.5235167067451315,0.8992416228143171,0.5058859673628011,False,1439,1365.3983235677083,173.49577012980544,0.12706604888489303,Low,0.20137424313444485,0.5990275566428473,0.5235167067451315,0.8992416228143171,0.5557900323341852,0.49312995709885665,334
CAND_02648,Al18.42Co25.29Cr15.09Cu5.16Nb19.52V16.52,6,18.42,25.29,15.09,5.16,0.0,0.0,0.0,19.52,0.0,0.0,16.52,0.0,100.0,True,1322.1775,1116.3992,55.173275,366.6932,0.8443640950218433,False,0.80465615,0.4286935328195903,0.6431483710795389,0.3500989669012679,0.5833068569391677,False,434,1418.9815592447917,183.5941555502419,0.1293844548959143,Low,0.8046561208477969,0.42869353281959033,0.6431483710795389,0.35009896690126796,0.5566492479120486,0.49287843966592426,336
CAND_04452,Al30.88Cu22.55Mn29.99Ti16.58,4,30.88,0.0,0.0,22.55,0.0,29.99,0.0,0.0,0.0,16.58,0.0,0.0,100.0,True,994.6637,1500.8195,45.16899,454.86,1.5088712954934689,True,0.531519,0.7305875973624679,0.4642152211862118,0.5390328172958855,0.5755407088084699,False,495,1311.6540771484374,195.84311997366143,0.14931003790224046,Low,0.5315189701186787,0.7305875973624679,0.46421522118621183,0.5390328172958856,0.5663386514908111,0.49276403478082514,339
CAND_04950,Al42.25Fe25.06Mo9.03W23.66,4,42.25,0.0,0.0,0.0,25.06,0.0,9.03,0.0,0.0,0.0,0.0,23.66,100.0,True,781.8085,1502.4084,44.227493,536.3116666666666,1.921709030310364,True,0.35400382,0.7318353969171537,0.4473759344380716,0.7135767159560643,0.5446322596013319,False,806,1125.4677734375,159.91512761646348,0.14208770023510936,Low,0.3540038155026698,0.7318353969171537,0.4473759344380716,0.7135767159560643,0.5616979657034898,0.49181684172577916,341
CAND_03340,Co33.69Cr40.60Fe14.41Mo11.30,4,0.0,33.69,40.6,0.0,14.41,0.0,11.3,0.0,0.0,0.0,0.0,0.0,100.0,True,778.0243,1663.5951,71.12676,304.657,2.138230280368553,True,0.3508479,0.8584190034885377,0.9284868358299884,0.2171607392481085,0.6274758953357594,True,54,1062.093888346354,209.9642508029853,0.1976889737402527,Low,0.3508479008334585,0.8584190034885377,0.9284868358299885,0.21716073924810853,0.5887286198500234,0.49155384474442293,343
CAND_03775,Al14.21Cr43.51Mn14.27W28.01,4,14.21,0.0,43.51,0.0,0.0,14.27,0.0,0.0,0.0,0.0,0.0,28.01,100.0,True,803.0081,1664.4427,58.61843,349.32,2.072759494409031,True,0.37168372,0.8590846431779781,0.7047672110087039,0.3128696972705705,0.5923527712888155,False,369,1114.4559041341147,161.57544186985098,0.1449814580105691,Low,0.3716836761393728,0.8590846431779781,0.7047672110087039,0.31286969727057057,0.5621013068991564,0.4909261219616779,345
CAND_04680,Al36.32Co6.06Cu25.88Ni6.70W25.04,5,36.32,6.06,0.0,25.88,0.0,0.0,0.0,0.0,6.7,0.0,0.0,25.04,100.0,True,708.74146,1472.5143,47.74105,528.2944,2.077646636089156,True,0.293068,0.7083588756334149,0.5102181886661098,0.6963964047621257,0.5324420680909361,False,968,1327.01787109375,166.2606890694448,0.12528896007437337,Low,0.2930679919806975,0.7083588756334149,0.5102181886661098,0.6963964047621257,0.552010365260587,0.49054988082714607,347
CAND_01239,Al21.63Co13.09Cr18.63Cu23.99Ni12.93Ti9.73,6,21.63,13.09,18.63,23.99,0.0,0.0,0.0,0.0,12.93,9.73,0.0,0.0,100.0,True,1175.6182,1490.4307,46.7031,366.3936,1.2677846817623373,True,0.68242985,0.7224290348262983,0.4916537772232351,0.3494569499336767,0.5967896582346555,False,344,1436.696708170573,208.30912348271542,0.14499171766598337,Low,0.6824298524742075,0.7224290348262983,0.49165377722323517,0.3494569499336767,0.5614924036143545,0.49038992592796454,351
CAND_03825,Al39.78Co8.12Cu7.01Fe37.59Nb7.50,5,39.78,8.12,0.0,7.01,37.59,0.0,0.0,7.5,0.0,0.0,0.0,0.0,100.0,True,888.1829,1521.0713,43.23874,496.528,1.7125653530386808,True,0.4427171,0.746491799654359,0.4296914433668479,0.6283237485562118,0.5584341005269827,False,653,1166.2544026692708,169.9775166874082,0.14574651662482155,Low,0.44271702553082587,0.746491799654359,0.4296914433668479,0.6283237485562118,0.5618060042770612,0.49034057370040984,352
CAND_00864,Al10.89Cr36.68Mn41.25Mo11.18,4,10.89,0.0,36.68,0.0,0.0,41.25,11.18,0.0,0.0,0.0,0.0,0.0,100.0,True,981.60486,1708.5618,52.601257,321.383,1.7405800158606055,True,0.5206283,0.893732382704152,0.5971461547969824,0.253003115082327,0.6115452087794321,False,284,1205.6625691731772,186.53567970195857,0.15471632318309556,Low,0.5206282707056237,0.893732382704152,0.5971461547969824,0.25300311508232703,0.5661274808222713,0.49027407810576545,353
CAND_03165,Al36.55Cr9.76Cu20.00Fe18.06W15.63,5,36.55,0.0,9.76,20.0,18.06,0.0,0.0,0.0,0.0,0.0,0.0,15.63,100.0,True,911.52704,1495.445,43.392265,484.5434666666667,1.640593132968526,True,0.4621854,0.7263668794402205,0.4324373379347629,0.6026419269652127,0.5550713200948375,False,689,1395.2112630208333,186.80553379019193,0.1338905001280817,Low,0.4621853712488435,0.7263668794402205,0.4324373379347629,0.6026419269652127,0.5559078788972599,0.4902659285305467,354
CAND_02200,Al26.26Mn8.75Nb32.04Ti11.99W20.96,5,26.26,0.0,0.0,0.0,0.0,8.75,0.0,32.04,0.0,11.99,0.0,20.96,100.0,True,1077.4188,1403.1108,45.91082,444.8293333333333,1.3022891096126707,True,0.6005344,0.6538547177923706,0.4774833336585541,0.5175379635033209,0.5733182571225286,False,510,1361.062862141927,202.074125088625,0.14846788543669293,Low,0.600534358851316,0.6538547177923706,0.4774833336585541,0.5175379635033209,0.5623525934513904,0.48965460905122454,356
CAND_01330,Al29.78Cu21.93Mn13.31Nb5.86Ti29.12,5,29.78,0.0,0.0,21.93,0.0,13.31,0.0,5.86,0.0,29.12,0.0,0.0,100.0,True,997.9572,1457.1283,42.995384,480.1703333333333,1.460110993777511,True,0.5342657,0.6962758975049012,0.4253388628850403,0.5932706792965242,0.5644878078888612,False,597,1368.07041015625,203.57020114151322,0.14880096786704353,Low,0.5342656550092889,0.6962758975049012,0.4253388628850403,0.5932706792965242,0.5622877736739387,0.4894562151335296,357
CAND_04447,Al30.74Cr20.78Mo31.90W16.58,4,30.74,0.0,20.78,0.0,0.0,0.0,31.9,0.0,0.0,0.0,0.0,16.58,100.0,True,851.4378,1502.6195,46.434155,504.2142333333333,1.7648024211114055,True,0.4120727,0.7320011785811943,0.4868435208182985,0.6447946838595019,0.561652250310781,False,623,1231.7548177083333,200.12694104955187,0.16247303292215728,Low,0.4120726620955859,0.7320011785811943,0.4868435208182985,0.6447946838595019,0.5689280113386452,0.489411792984571,359
CAND_03840,Al31.52Cr13.43Fe10.95V23.19W20.91,5,31.52,0.0,13.43,0.0,10.95,0.0,0.0,0.0,0.0,0.0,23.19,20.91,100.0,True,1149.472,1184.462,44.42041,495.3733333333333,1.0304400217703549,True,0.66062474,0.4821448082495531,0.4508263805697012,0.625849397448361,0.549414872967158,False,747,1420.3498616536458,192.31414356266944,0.13539913563181344,Low,0.6606246687830358,0.48214480824955314,0.4508263805697012,0.625849397448361,0.5548613137626628,0.4886927392752507,362
CAND_01949,Al41.17Cu15.95Mo16.95W25.93,4,41.17,0.0,0.0,15.95,0.0,0.0,16.95,0.0,0.0,0.0,0.0,25.93,100.0,True,664.64777,1282.9698,48.161583,595.554,1.9303003265963483,True,0.2562951,0.5595052393484751,0.5177396951329978,0.8405279282381033,0.500254223720545,False,1559,1369.2460367838542,154.4873547017508,0.11282658525316426,Low,0.2562951144661226,0.5595052393484751,0.5177396951329978,0.8405279282381033,0.5435169942964246,0.48841122372429335,365
CAND_04481,Al33.57Fe14.07Ni15.46Ti7.05W29.85,5,33.57,0.0,0.0,0.0,14.07,0.0,0.0,0.0,15.46,7.05,0.0,29.85,100.0,True,928.645,1488.251,46.36843,455.0752,1.6026048368312156,True,0.4764613,0.7207172665027106,0.4856679864071198,0.5394939723406975,0.5614946627778814,False,624,1472.755948893229,203.00354480970748,0.13783922920987957,Low,0.4764612607554688,0.7207172665027106,0.48566798640711983,0.5394939723406975,0.5555851215014992,0.48828086362191947,366
CAND_01631,Al6.57Co41.42Cr32.61Nb5.82W13.58,5,6.57,41.42,32.61,0.0,0.0,0.0,0.0,5.82,0.0,0.0,0.0,13.58,100.0,True,883.1253,1522.6926,69.33899,310.8006,1.7242090007792457,True,0.43849918,0.7477650436709818,0.8965114055633783,0.2303259443285285,0.6145560168406906,True,60,1040.088887532552,191.8299058012169,0.18443606897512704,Low,0.4384991316481023,0.7477650436709818,0.8965114055633783,0.23032594432852851,0.5782753813027477,0.48822844596679654,368
CAND_03566,Al14.04Co8.93Cr27.18Mn43.73Nb6.12,5,14.04,8.93,27.18,0.0,0.0,43.73,0.0,6.12,0.0,0.0,0.0,0.0,100.0,True,919.5994,1729.3304,55.023018,328.21,1.8805257491462808,True,0.46891755,0.9100424398703976,0.6404609268190525,0.2676327874379535,0.6139481582994435,False,273,1186.1479654947916,206.12311069259312,0.17377520907065805,Low,0.46891748882697204,0.9100424398703977,0.6404609268190525,0.26763278743795355,0.5717634107385939,0.4871149146106862,372
CAND_04218,Al21.25Cr26.59Fe25.47Mo5.97V20.72,5,21.25,0.0,26.59,0.0,25.47,0.0,5.97,0.0,0.0,0.0,20.72,0.0,100.0,True,1380.0458,1341.9225,51.676258,313.4583333333333,0.9723753537599724,False,0.85291666,0.6058021446335936,0.5806019455188404,0.2360212377041391,0.6181693366446626,False,261,1206.4662963867188,203.05367817872664,0.1683044762931696,Low,0.852916629502815,0.6058021446335936,0.5806019455188404,0.23602123770413916,0.568835489339847,0.48688976279939006,375
CAND_00087,Al5.78Cr33.87Nb18.07Ti15.66W26.62,5,5.78,0.0,33.87,0.0,0.0,0.0,0.0,18.07,0.0,15.66,0.0,26.62,100.0,True,1035.1539,1540.4832,57.348953,307.218,1.4881682369807196,True,0.5652867,0.7617364092431342,0.6820617884495574,0.2226487414310234,0.602019698827835,False,322,1019.0189615885416,149.1858629114576,0.14640145918275435,Low,0.5652866399403843,0.7617364092431342,0.6820617884495574,0.22264874143102345,0.557933394766025,0.48668238364225747,378
CAND_00461,Al23.34Cr18.19Fe16.22Ni10.69Ti31.56,5,23.34,0.0,18.19,0.0,16.22,0.0,0.0,0.0,10.69,31.56,0.0,0.0,100.0,True,1208.2594,1500.7894,43.126255,372.6405,1.2421086074131085,True,0.7096517,0.730563959143199,0.4276795759154757,0.3628435180072614,0.5934111369049506,False,362,1377.5339192708334,201.85930589912644,0.14653672267175544,Low,0.7096516805754335,0.730563959143199,0.42767957591547573,0.36284351800726145,0.5576846834103424,0.4864080429197061,380
CAND_04365,Al36.44Co12.26Cr14.64Cu13.95Mo22.71,5,36.44,12.26,14.64,13.95,0.0,0.0,22.71,0.0,0.0,0.0,0.0,0.0,100.0,True,889.42816,1225.5538,50.067238,542.538,1.3779120707919517,True,0.4437556,0.514415139762699,0.5518235753663148,0.7269192114363021,0.534445008469606,False,945,1347.44423828125,202.16175035490787,0.15003348161759772,Low,0.4437555367884186,0.514415139762699,0.5518235753663148,0.7269192114363021,0.5592283658384336,0.48627137798791925,382
CAND_00250,Al44.29Fe6.85Mn21.71Ni27.15,4,44.29,0.0,0.0,0.0,6.85,21.71,0.0,0.0,27.15,0.0,0.0,0.0,100.0,True,592.7726,1476.8098,54.21943,537.718,2.491359827248516,True,0.19635327,0.7117322301473257,0.6260882323130006,0.7165903670311284,0.5364362673834827,False,912,1174.6706665039062,184.71060145192058,0.15724458498794594,Low,0.19635327646732373,0.7117322301473257,0.6260882323130006,0.7165903670311284,0.5626910264896946,0.4862334495136615,383
CAND_03681,Al17.17Co42.87Cu20.14Ti19.82,4,17.17,42.87,0.0,20.14,0.0,0.0,0.0,0.0,0.0,19.82,0.0,0.0,100.0,True,1035.2533,1541.4884,54.867233,352.86960000000005,1.4889963703638631,True,0.56536955,0.762525815821503,0.637674610679905,0.3204761840134346,0.6058586978831656,False,306,1180.607889811198,207.9183832565712,0.1761112940637906,Low,0.565369536700101,0.762525815821503,0.637674610679905,0.32047618401343464,0.5715115368037359,0.4859332103078486,385
CAND_03075,Al9.82Co36.35Cr27.21Fe15.01Ti11.61,5,9.82,36.35,27.21,0.0,15.01,0.0,0.0,0.0,0.0,11.61,0.0,0.0,100.0,True,958.20154,1602.4435,55.939945,329.58,1.6723449465557871,True,0.50111055,0.8103952516801651,0.6568607631224204,0.2705685793124531,0.598252219303959,False,335,1050.4431762695312,159.7297484615991,0.15205938985567205,Low,0.501110570558632,0.8103952516801651,0.6568607631224204,0.2705685793124531,0.5597337911684176,0.48585497943690215,386
CAND_04818,Al24.84Co36.77Cu25.79Mn12.60,4,24.84,36.77,0.0,25.79,0.0,12.6,0.0,0.0,0.0,0.0,0.0,0.0,100.0,True,755.66864,1486.6406,60.057953,429.6901333333333,1.9673181088089493,True,0.33220392,0.71945258250569,0.7305140169757364,0.4850959632504571,0.5708898523701,False,538,1220.898856608073,204.20241129759654,0.1672557969829835,Low,0.33220391919033715,0.71945258250569,0.7305140169757364,0.4850959632504571,0.5668166204805551,0.48559760589376477,387
CAND_03715,Al16.92Co39.01Cr21.03Mo23.04,4,16.92,39.01,21.03,0.0,0.0,0.0,23.04,0.0,0.0,0.0,0.0,0.0,100.0,True,1022.12854,1482.4974,57.632027,356.38273333333336,1.4504021186448268,True,0.55442387,0.7161988326693415,0.6871247512173019,0.328004525833897,0.6021686800572922,False,320,1138.9256998697917,203.97424848410648,0.1790935514998265,Low,0.5544238618906625,0.7161988326693415,0.6871247512173019,0.328004525833897,0.5714379929028007,0.4846417760286469,391
CAND_00503,Al18.38Cr28.07Mn27.45Ni11.20V5.71W9.19,6,18.38,0.0,28.07,0.0,0.0,27.45,0.0,0.0,11.2,0.0,5.71,9.19,100.0,True,1046.3491,1317.8984,61.760162,316.2153333333334,1.259520721556491,True,0.57462317,0.5869354687687017,0.7609591330581721,0.2419292509873475,0.5749967707383926,False,500,1561.0102620442708,182.27000487667777,0.1167641298129458,Low,0.5746231168456096,0.5869354687687017,0.7609591330581721,0.2419292509873475,0.5411117424149577,0.4845353893176996,392
CAND_01630,Al17.32Co24.06Cr14.28Cu8.76Fe15.46V20.12,6,17.32,24.06,14.28,8.76,15.46,0.0,0.0,0.0,0.0,0.0,20.12,0.0,100.0,True,1245.8169,1131.2153,62.471924,344.396,0.9080108842364272,False,0.7409736,0.4403289554277973,0.7736894597766109,0.3023179898325883,0.5931608305689637,True,77,1271.7814697265626,209.5205937290458,0.16474575130748953,Low,0.7409735623969289,0.4403289554277973,0.7736894597766109,0.30231798983258834,0.5643274918584814,0.48450701899963455,393
CAND_03376,Al32.72Co13.75Cu14.62Mo6.42V32.49,5,32.72,13.75,0.0,14.62,0.0,0.0,6.42,0.0,0.0,0.0,32.49,0.0,100.0,True,1107.291,988.4552,51.992966,518.0477333333333,0.8926787863821651,False,0.6254469,0.3282161797925156,0.5862664742719114,0.6744386815937277,0.5338313553932139,False,954,1447.4134073893229,206.45072449532915,0.14263424909660133,Low,0.625446920074722,0.3282161797925156,0.5862664742719114,0.6744386815937277,0.5535920639332191,0.4844875465363519,394
CAND_04908,Al18.77Co23.71Mo11.61Ni17.90V28.01,5,18.77,23.71,0.0,0.0,0.0,0.0,11.61,0.0,17.9,0.0,28.01,0.0,100.0,True,1198.8767,961.1636,65.49412,349.8183333333333,0.8017201375229376,False,0.7018268,0.3067834613541855,0.827743402649591,0.3139375826361124,0.5566095846162691,True,106,1305.4826822916666,143.16343862458126,0.10966322308716475,Low,0.7018267768793264,0.3067834613541855,0.827743402649591,0.3139375826361124,0.5375728058798038,0.48444680754962455,395
CAND_04892,Al40.96Co8.71Cu14.45Ti23.48V12.40,5,40.96,8.71,0.0,14.45,0.0,0.0,0.0,0.0,0.0,23.48,12.4,0.0,100.0,True,998.7522,1008.7855,46.276802,593.771,1.0100458379584485,True,0.5349287,0.3441820299320011,0.484029159978402,0.8367071129736998,0.5102465727403623,False,1356,1491.9544108072917,202.6820553955424,0.13585003263328388,Low,0.5349286622927367,0.3441820299320011,0.48402915997840207,0.8367071129736998,0.5499617412942099,0.48418517013131823,396
CAND_02829,Al13.02Cr29.51Mn23.57Mo18.94Nb14.96,5,13.02,0.0,29.51,0.0,0.0,23.57,18.94,14.96,0.0,0.0,0.0,0.0,100.0,True,960.47577,1628.7401,58.875465,323.38,1.6957638625520963,True,0.5030073,0.831046573833699,0.7093644493103748,0.2572825138950099,0.6161496583269007,False,266,1071.14345703125,201.42013863429673,0.18804216868629992,Low,0.5030072133941481,0.831046573833699,0.7093644493103748,0.25728251389500995,0.575175187608308,0.48413701362496153,397
CAND_04859,Al22.26Cr20.39Mn40.38Nb6.31V10.66,5,22.26,0.0,20.39,0.0,0.0,40.38,0.0,6.31,0.0,0.0,10.66,0.0,100.0,True,1305.4417,1361.5789,45.56307,357.5761666666666,1.0430024961993338,True,0.79069895,0.621238765671246,0.4712635985275173,0.3305619505658361,0.5909815145155177,False,378,1417.0874471028646,202.90401653057205,0.14318383593432785,Low,0.7906989418612249,0.621238765671246,0.47126359852751737,0.33056195056583615,0.5534408141564561,0.48412232290192164,398
CAND_03308,Co35.85Cr12.79Mn11.76Mo24.14Ti6.06W9.40,6,0.0,35.85,12.79,0.0,0.0,11.76,24.14,0.0,0.0,6.06,0.0,9.4,100.0,True,929.77014,1572.8606,52.891445,319.4976,1.6916660684442837,True,0.4773996,0.787163122882686,0.6023363560858547,0.248962865447158,0.5672973439136398,False,574,1196.2759440104167,111.28334268264746,0.09302481023699198,Low,0.47739959536540394,0.787163122882686,0.6023363560858547,0.24896286544715807,0.5289654849452756,0.4839464575653907,399
CAND_04067,Al36.64Co5.55Fe11.70Mo10.28V22.71W13.12,6,36.64,5.55,0.0,0.0,11.7,0.0,10.28,0.0,0.0,0.0,22.71,13.12,100.0,True,1007.3385,1117.9106,47.515198,538.351,1.1097665768917235,True,0.5420894,0.4298804698495808,0.5061786786191941,0.7179468314519739,0.5258276680510864,False,1069,1461.0632649739584,199.3117025836202,0.13641551831581547,Low,0.5420893911454001,0.42988046984958084,0.5061786786191941,0.7179468314519739,0.5490238427665373,0.48311892429997666,402
CAND_00769,Al31.13Cr12.33Mo37.09Nb19.45,4,31.13,0.0,12.33,0.0,0.0,0.0,37.09,19.45,0.0,0.0,0.0,0.0,100.0,True,936.8672,1330.68,46.443787,502.5043333333333,1.4203507367473045,True,0.48331833,0.5969731519382983,0.4870157954086139,0.6411305155921976,0.5420109823506281,False,842,1248.257674153646,180.01194899475826,0.14421056863664905,Low,0.4833183406120275,0.5969731519382983,0.4870157954086139,0.6411305155921976,0.5521094508877843,0.48252434125445487,404
CAND_00511,Al41.19Mo40.25Nb12.00Ni6.56,4,41.19,0.0,0.0,0.0,0.0,0.0,40.25,12.0,6.56,0.0,0.0,0.0,100.0,True,787.7561,1298.1833,42.758934,600.472,1.6479507987388773,True,0.35896397,0.5714527492768608,0.4211098007089551,0.8510667781934235,0.5120624860705476,False,1317,1268.8759684244792,180.60536890532336,0.14233492744730203,Low,0.3589639439542846,0.5714527492768608,0.4211098007089551,0.8510667781934235,0.550648318033381,0.4820375397816796,408
CAND_04854,Al12.82Cr28.63Cu10.25Mo20.34Ti14.90W13.06,6,12.82,0.0,28.63,10.25,0.0,0.0,20.34,0.0,0.0,14.9,0.0,13.06,100.0,True,1174.5709,1233.3215,60.437477,352.498,1.050018756641622,True,0.68155646,0.5205152924475331,0.7373020507812623,0.3196798772538987,0.5928990358912947,False,365,1069.1270304361979,183.53436127662084,0.17166749698746261,Low,0.6815564342000505,0.5205152924475331,0.7373020507812623,0.31967987725389874,0.5647634136706862,0.48201679667890407,409
CAND_02044,Al19.76Co28.84Cr6.23Cu11.03Mn12.38W21.76,6,19.76,28.84,6.23,11.03,0.0,12.38,0.0,0.0,0.0,0.0,0.0,21.76,100.0,True,777.7706,1456.797,62.563553,377.4912,1.8730419278232413,True,0.35063636,0.6960157200283655,0.7753283040909796,0.373238149865389,0.5638134249100231,False,602,1214.895751953125,168.4880285515859,0.138685173835464,Low,0.3506363222827532,0.6960157200283655,0.7753283040909796,0.37323814986538917,0.5488046240668719,0.4819634405340666,410
CAND_03227,Co22.84Cr28.88Cu6.89Mn14.12Nb15.77W11.50,6,0.0,22.84,28.88,6.89,0.0,14.12,0.0,15.77,0.0,0.0,0.0,11.5,100.0,True,772.6731,1508.9587,74.674736,312.108,1.9529070034810287,True,0.34638518,0.736979497504389,0.9919446962793784,0.2331275898005874,0.6079647190565312,True,63,1038.611063639323,206.71149100947247,0.19902685254011204,Low,0.34638515294014327,0.736979497504389,0.9919446962793785,0.23312758980058748,0.5771092341311246,0.48131468691341767,412
CAND_02250,Al20.78Cr19.82Fe14.20Mo31.96Nb13.24,5,20.78,0.0,19.82,0.0,14.2,0.0,31.96,13.24,0.0,0.0,0.0,0.0,100.0,True,1231.2614,1463.9432,44.163666,363.244,1.188978438234181,True,0.7288347,0.7016277945312892,0.4462343469924679,0.3427076287016156,0.5921034849524877,False,371,1174.8200358072916,179.71595802944188,0.15297318104210567,Low,0.7288346913098551,0.7016277945312892,0.4462343469924679,0.34270762870161564,0.5548511153838069,0.4812350577680473,413
CAND_00909,Al19.35Cr24.25Cu14.36Mo16.15Nb25.89,5,19.35,0.0,24.25,14.36,0.0,0.0,16.15,25.89,0.0,0.0,0.0,0.0,100.0,True,1073.6838,1455.2367,48.1552,370.733,1.3553679851034912,True,0.5974195,0.6947903807085994,0.5176255310227421,0.3587559099776207,0.5708827454911231,False,539,1248.6508911132812,158.60571497335064,0.12702166482413657,Low,0.5974194755762502,0.6947903807085994,0.5176255310227421,0.35875590997762075,0.5421478243213032,0.4810447227790437,414
CAND_02081,Al8.90Cr38.87Fe9.96Ti8.00W34.27,5,8.9,0.0,38.87,0.0,9.96,0.0,0.0,0.0,0.0,8.0,0.0,34.27,100.0,True,986.6215,1562.528,53.989563,321.87,1.5837157073387886,True,0.5248121,0.7790486954934567,0.6219769113773683,0.2540467140917294,0.5847594862224106,False,417,1069.0976725260416,142.85570651129655,0.13362268965917778,Low,0.5248120051187497,0.7790486954934567,0.6219769113773683,0.25404671409172946,0.544971081520326,0.48073409829523694,415
CAND_01979,Al33.95Co8.73Cu5.35Nb12.20V26.14W13.63,6,33.95,8.73,0.0,5.35,0.0,0.0,0.0,12.2,0.0,0.0,26.14,13.63,100.0,True,1120.0225,1122.1245,44.551804,523.5007333333333,1.0018767829537458,True,0.6360646,0.4331897420149093,0.4531764477956033,0.6861239904197466,0.536989015783877,False,905,1398.7065104166666,207.8224739149793,0.1485819021840902,Low,0.6360646272812819,0.4331897420149093,0.45317644779560334,0.6861239904197466,0.5521387018778853,0.48071339172936983,416
CAND_01628,Al34.79Cr23.08Fe36.70V5.43,4,34.79,0.0,23.08,0.0,36.7,0.0,0.0,0.0,0.0,0.0,5.43,0.0,100.0,True,965.3343,1390.2802,47.653847,468.5567333333332,1.4402059628970263,True,0.50705916,0.6437785538007087,0.5086585062430133,0.5683837358558758,0.5576735120686814,False,660,1113.0623860677083,177.04530409239763,0.15906143834208036,Low,0.5070590885851536,0.6437785538007087,0.5086585062430133,0.5683837358558758,0.5569699711211878,0.4805353303081818,418
CAND_02579,Al27.27Cu31.25Fe14.00Mo7.43Ni20.05,5,27.27,0.0,0.0,31.25,14.0,0.0,7.43,0.0,20.05,0.0,0.0,0.0,100.0,True,939.4844,1440.3616,54.69374,389.7270333333333,1.5331405591497995,True,0.485501,0.6831086240493341,0.6345715754330639,0.3994584856885501,0.5691445513296843,False,557,1370.9971923828125,200.07372966466576,0.1459329973659062,Low,0.48550101062742296,0.6831086240493341,0.6345715754330639,0.39945848568855014,0.5506599239495928,0.48053413700047454,419
CAND_04552,Al37.71Co16.51Fe13.11Mo16.03W16.64,5,37.71,16.51,0.0,0.0,13.11,0.0,16.03,0.0,0.0,0.0,0.0,16.64,100.0,True,666.23517,1370.6368,51.937675,542.1918666666667,2.057286773339104,True,0.25761896,0.6283521419607472,0.5852775587431402,0.7261774775476207,0.5210373460019088,False,1144,1435.848722330729,206.0672594243376,0.14351599595383607,Low,0.2576189607073112,0.6283521419607472,0.5852775587431402,0.7261774775476207,0.5493565347397048,0.4804100132254577,422
CAND_04126,Al15.28Cr37.26Mn31.43W16.03,4,15.28,0.0,37.26,0.0,0.0,31.43,0.0,0.0,0.0,0.0,0.0,16.03,100.0,True,816.22406,1717.99,58.724052,318.926,2.104801958271938,True,0.38270542,0.9011365640632614,0.7066563292373464,0.2477379759322209,0.5989773769750787,False,331,1184.903145345052,195.59535341337173,0.16507286201558102,Low,0.38270540914283707,0.9011365640632614,0.7066563292373464,0.2477379759322209,0.5595590695939164,0.48027817644458465,427
CAND_03059,Al28.72Cr8.67Cu19.40Mo7.91W35.30,5,28.72,0.0,8.67,19.4,0.0,0.0,7.91,0.0,0.0,0.0,0.0,35.3,100.0,True,902.3696,1480.113,44.678642,468.0903333333333,1.640251347769788,True,0.45454836,0.7143263087482686,0.4554450279956047,0.5673842808702799,0.5496313113500236,False,744,1336.7986328125,188.7882684178391,0.1412241632987357,Low,0.454548327956094,0.7143263087482686,0.4554450279956047,0.5673842808702799,0.5479259863925618,0.4801212627752016,430
CAND_02539,Al26.68Cu9.79Mn13.00Nb11.91Ni33.44Ti5.18,6,26.68,0.0,0.0,9.79,0.0,13.0,0.0,11.91,33.44,5.18,0.0,0.0,100.0,True,942.1554,1584.0931,48.981285,403.24736666666666,1.681350133484285,True,0.48772854,0.7959842623489886,0.5324005990190687,0.4284313942582767,0.5824787073776012,False,441,1215.3647501627604,206.7365520853463,0.170102475045175,Low,0.48772854830552226,0.7959842623489886,0.5324005990190687,0.4284313942582767,0.5611362009829641,0.47956158793809917,436
CAND_01504,Al34.36Nb16.91Ti6.40V18.22W24.11,5,34.36,0.0,0.0,0.0,0.0,0.0,0.0,16.91,0.0,6.4,18.22,24.11,100.0,True,997.02295,1206.4575,44.403442,523.3727333333334,1.2100599097998288,True,0.53348655,0.4994183780809405,0.4505228968437388,0.6858496974562899,0.5253796587596646,False,1077,1393.0635579427083,182.31142495794492,0.13087085935058446,Low,0.5334865172048097,0.4994183780809405,0.4505228968437388,0.6858496974562899,0.5423193723964447,0.4795590653983937,437
CAND_02826,Al44.72Cu28.58Mn19.14W7.56,4,44.72,0.0,0.0,28.58,0.0,19.14,0.0,0.0,0.0,0.0,0.0,7.56,100.0,True,614.78296,1484.5201,42.22747,602.817,2.414706000394734,True,0.2147093,0.7177873052977403,0.4116042210923299,0.8560919110005049,0.5110638285197091,False,1336,1417.9013834635416,208.66956489760054,0.14716789709865322,Low,0.2147092877771438,0.7177873052977403,0.41160422109232997,0.8560919110005049,0.5500481812919298,0.4794835897021508,438
CAND_00376,Al25.42Cr14.84Mo21.25Ti9.83W28.66,5,25.42,0.0,14.84,0.0,0.0,0.0,21.25,0.0,0.0,9.83,0.0,28.66,100.0,True,1082.1702,1361.6099,44.537987,426.6285333333333,1.2582216205545813,True,0.6044969,0.621263110681124,0.4529293217559038,0.4785352184307727,0.5527406152880102,False,711,1370.0979329427084,171.66917790861942,0.12529701255727527,Low,0.6044968906834841,0.621263110681124,0.4529293217559038,0.4785352184307726,0.5393061353878211,0.47925670233695,440
CAND_03645,Al37.41Cr10.95Mn6.99Mo27.03Nb5.28Ti12.34,6,37.41,0.0,10.95,0.0,0.0,6.99,27.03,5.28,0.0,12.34,0.0,0.0,100.0,True,964.53467,1250.644,41.802635,551.595,1.2966293919054028,True,0.50639224,0.5341190483705268,0.4040057705548922,0.7463275815146543,0.5251039754750635,False,1085,1355.736482747396,195.2023795275842,0.14398253791327292,Low,0.5063922200140049,0.5341190483705268,0.4040057705548922,0.7463275815146543,0.5477111551135195,0.47877580029551325,443
CAND_02034,Al14.87Co25.18Mo10.98Nb19.69V23.52W5.76,6,14.87,25.18,0.0,0.0,0.0,0.0,10.98,19.69,0.0,0.0,23.52,5.76,100.0,True,1140.2168,1198.9404,61.89493,362.4896,1.0515021382652352,True,0.6529061,0.4935150273146691,0.7633695464705075,0.3410910145482415,0.5859323918819972,False,410,1104.9187093098958,194.74084761762734,0.1762490271698427,Low,0.652906096443708,0.4935150273146691,0.7633695464705075,0.34109101454824153,0.5627204211942816,0.4784024540689617,447
CAND_00327,Al33.45Co9.53Cr17.70Mo39.32,4,33.45,9.53,17.7,0.0,0.0,0.0,39.32,0.0,0.0,0.0,0.0,0.0,100.0,True,855.076,1335.3146,45.97512,530.1831333333333,1.5616326707074772,True,0.41510683,0.600612809447359,0.478633381017075,0.700443797443218,0.5294408090894082,False,1007,1284.76416015625,189.17507883576604,0.14724498449019546,Low,0.415106816936642,0.600612809447359,0.47863338101707503,0.700443797443218,0.5486992012110735,0.47827552844338694,450
CAND_00856,Al11.24Cr23.72Nb37.53Ni27.51,4,11.24,0.0,23.72,0.0,0.0,0.0,0.0,37.53,27.51,0.0,0.0,0.0,100.0,True,955.51276,1595.8857,60.278408,314.7552,1.6701877493505162,True,0.49886826,0.805245261171185,0.7344569981642705,0.2388003111510803,0.6106683575677478,False,287,1062.358251953125,202.45921392095883,0.19057527302935848,Low,0.4988682048685834,0.805245261171185,0.7344569981642705,0.2388003111510803,0.5693426938387798,0.47820806188097303,452
CAND_03048,Al44.48Co8.75Fe13.54Mo21.81Ni11.42,5,44.48,8.75,0.0,0.0,13.54,0.0,21.81,0.0,11.42,0.0,0.0,0.0,100.0,True,711.8423,1233.4097,51.651154,586.684,1.7327008042649017,True,0.295654,0.5205845579272507,0.5801529441364406,0.8215202830360515,0.5131378499935743,False,1298,1309.1752848307292,209.18613139512993,0.15978466277124748,Low,0.29565400393642854,0.5205845579272507,0.5801529441364406,0.8215202830360515,0.5544779472590429,0.478086980331457,453
CAND_04841,Co43.97Cr30.51Mn8.57W16.95,4,0.0,43.97,30.51,0.0,0.0,8.57,0.0,0.0,0.0,0.0,0.0,16.95,100.0,True,735.71533,1564.1984,69.82617,311.2206,2.1260918889394023,True,0.31556344,0.7803604988644348,0.905224937011656,0.2312259681148714,0.5897673156966863,True,83,1068.8774129231772,179.13463267927725,0.16759137251238004,Low,0.3155634288017953,0.7803604988644348,0.905224937011656,0.23122596811487148,0.5580937081981894,0.4779871805641248,455
CAND_00985,Al42.60Mn27.83Mo16.32Ti13.25,4,42.6,0.0,0.0,0.0,0.0,27.83,16.32,0.0,0.0,13.25,0.0,0.0,100.0,True,738.282,1220.6046,48.933228,595.4133333333333,1.6533040614047008,True,0.31770396,0.5105284196695208,0.5315410682895438,0.8402264917001376,0.5073889613865423,False,1405,1372.9681884765625,207.651123284099,0.15124248691771036,Low,0.3177039582410492,0.5105284196695208,0.5315410682895438,0.8402264917001376,0.5499999844750629,0.4777446895202855,456
CAND_02991,Al39.33Co12.46Ni26.90V21.31,4,39.33,12.46,0.0,0.0,0.0,0.0,0.0,0.0,26.9,0.0,21.31,0.0,100.0,True,837.3393,1035.7572,64.11937,526.51,1.2369623722252558,True,0.40031493,0.3653635235748476,0.8031551039539971,0.6925725894184345,0.5343782070546399,True,115,1050.945263671875,192.863092654542,0.1835139272436528,Low,0.40031491595006624,0.36536352357484764,0.8031551039539971,0.6925725894184345,0.5653515332243364,0.4776889567670851,457
CAND_04898,Al23.51Co10.00Fe5.58Nb32.20W28.71,5,23.51,10.0,0.0,0.0,5.58,0.0,0.0,32.2,0.0,0.0,0.0,28.71,100.0,True,946.09454,1505.5339,48.52069,406.4737,1.5913144309011404,True,0.49101374,0.7342899236388922,0.524162557602304,0.4353451484074935,0.5639335213341248,False,601,1345.1204020182292,196.86014558419592,0.14635131939774715,Low,0.49101367850743466,0.7342899236388922,0.524162557602304,0.43534514840749355,0.5462028270390311,0.4764707099791947,463
CAND_00727,Al20.38Co39.28Nb11.07V29.27,4,20.38,39.28,0.0,0.0,0.0,0.0,0.0,11.07,0.0,0.0,29.27,0.0,100.0,True,1176.4597,1243.6976,52.418404,385.9852,1.0571527288551723,True,0.68313164,0.5286638813828817,0.593875709856895,0.3914400594872864,0.5707236002995948,False,541,1246.37998046875,190.6993588217778,0.15300258493405663,Low,0.6831316394289514,0.5286638813828817,0.593875709856895,0.3914400594872864,0.5492778225390036,0.47638906427119443,465
CAND_04725,Al18.80Co22.58Mn9.14Nb18.58V13.83W17.07,6,18.8,22.58,0.0,0.0,0.0,9.14,0.0,18.58,0.0,0.0,13.83,17.07,100.0,True,1152.5602,1184.7328,55.77855,370.3916,1.027914047245152,True,0.66320014,0.4823574736906815,0.6539741084812308,0.3580243192141505,0.5608644680501483,False,632,1370.5582885742188,181.88454001242962,0.13270835799449487,Low,0.6632001393399456,0.48235747369068155,0.6539741084812308,0.3580243192141505,0.5393890101815021,0.4761940762373394,466
CAND_01691,Al12.75Co22.94Cr21.91Ni32.15V10.25,5,12.75,22.94,21.91,0.0,0.0,0.0,0.0,0.0,32.15,0.0,10.25,0.0,100.0,True,1069.3169,1213.1747,67.91158,327.4672,1.134532434869845,True,0.5937776,0.5046935490600678,0.8709812484867622,0.2660410310843928,0.5871928105875291,True,87,836.902274576823,145.51805024794038,0.17387699217512717,Low,0.5937776057572717,0.5046935490600678,0.8709812484867622,0.2660410310843928,0.5588733585971236,0.47609192643052245,467
CAND_01911,Al33.14Cu14.60Mo9.32Ni17.58W25.36,5,33.14,0.0,0.0,14.6,0.0,0.0,9.32,0.0,17.58,0.0,0.0,25.36,100.0,True,847.55005,1378.0051,50.1426,472.78626666666673,1.625868704633213,True,0.4088304,0.6341386366796039,0.5531714737960637,0.5774472611061864,0.5378006743736582,False,894,1403.4327026367187,199.66063642342914,0.14226591417480436,Low,0.40883038968524127,0.6341386366796039,0.5531714737960637,0.5774472611061864,0.5433969403167738,0.4757184238569655,468
CAND_01655,Al11.39Cr34.60Cu9.62Mo44.39,4,11.39,0.0,34.6,9.62,0.0,0.0,44.39,0.0,0.0,0.0,0.0,0.0,100.0,True,962.14874,1414.0758,61.943256,355.488,1.469706020783635,True,0.50440246,0.6624657833831125,0.7642338884401477,0.3260871894471495,0.5900320261226017,False,380,1114.644063313802,207.6825930156654,0.18632189400285462,Low,0.5044024225702357,0.6624657833831125,0.7642338884401477,0.32608718944714954,0.5642973209601614,0.47566965071859624,470
CAND_00027,Al24.41Cr13.39Mn25.90Mo6.82V15.59W13.89,6,24.41,0.0,13.39,0.0,0.0,25.9,6.82,0.0,0.0,0.0,15.59,13.89,100.0,True,1144.6024,1250.3501,51.369118,378.1543666666667,1.0923881353367213,True,0.6565636,0.5338882419704248,0.5751085466744217,0.374659258851841,0.5571115750785903,False,668,1556.8997721354167,196.5013085224448,0.1262132039835339,Low,0.6565635615283476,0.5338882419704248,0.5751085466744217,0.37465925885184104,0.5350549022562587,0.4750920166481032,473
CAND_01201,Al8.85Co39.20Cr25.37Cu5.57Mo11.17V9.84,6,8.85,39.2,25.37,5.57,0.0,0.0,11.17,0.0,0.0,0.0,9.84,0.0,100.0,True,1195.3912,1120.4866,64.336525,326.20059999999995,0.9373388116489468,False,0.69892,0.4319034616381582,0.8070390624942709,0.2633268164944357,0.580505838985993,False,451,1094.190047200521,173.56638267396139,0.15862544456333705,Low,0.6989199694749778,0.43190346163815824,0.8070390624942709,0.2633268164944357,0.5502973275254607,0.4749570537291772,474
CAND_01285,Al22.67Cr22.09Fe10.91Mn30.62V13.71,5,22.67,0.0,22.09,0.0,10.91,30.62,0.0,0.0,0.0,0.0,13.71,0.0,100.0,True,1182.6693,1334.4333,49.63985,361.7413666666667,1.1283232658511024,True,0.68831027,0.5999207043762126,0.5441794627619048,0.3394876150298257,0.573437313821298,False,509,1427.4140014648438,205.4163664962877,0.1439080507025186,Low,0.688310268394105,0.5999207043762126,0.5441794627619048,0.3394876150298257,0.542974512640512,0.4746662219109746,476
CAND_04690,Al20.22Co29.45Cr17.72Fe13.00Mo11.95V7.66,6,20.22,29.45,17.72,0.0,13.0,0.0,11.95,0.0,0.0,0.0,7.66,0.0,100.0,True,1214.0083,1133.4835,56.222,387.4249333333333,0.9336703046186504,False,0.7144461,0.4421102248279724,0.6619055004118082,0.3945252838825025,0.5716220822988268,False,527,1210.0658406575521,200.82813288926755,0.1659646327840617,Low,0.7144460989047577,0.44211022482797246,0.6619055004118082,0.3945252838825024,0.5532467770067602,0.4744970485817662,477
CAND_04685,Al40.44Cr9.37Mn21.87Mo28.32,4,40.44,0.0,9.37,0.0,0.0,21.87,28.32,0.0,0.0,0.0,0.0,0.0,100.0,True,714.1931,1329.5737,46.849106,568.8163333333332,1.8616445211232215,True,0.29761454,0.5961043492148109,0.4942651895813722,0.7832314139730832,0.5091666821151124,False,1373,1306.8630208333334,188.43911309065183,0.1441919390836324,Low,0.29761450396401207,0.5961043492148109,0.4942651895813722,0.7832314139730832,0.5428038641833196,0.4743993080549438,478
CAND_03985,Al8.53Co18.46Cr25.78Nb23.07Ni8.49Ti15.67,6,8.53,18.46,25.78,0.0,0.0,0.0,0.0,23.07,8.49,15.67,0.0,0.0,100.0,True,895.66473,1477.5905,65.01938,324.589,1.6497138316343285,True,0.4489567,0.7123453317348033,0.8192523686996028,0.2598732966514114,0.5921847075677559,False,370,1062.033829752604,194.0813611806962,0.18274498960725816,Low,0.4489566579629238,0.7123453317348033,0.8192523686996028,0.2598732966514114,0.5601069137621852,0.47356523906998255,481
CAND_03933,Al8.14Co43.83Cr9.25Fe6.74Mo11.03Nb21.01,6,8.14,43.83,9.25,0.0,6.74,0.0,11.03,21.01,0.0,0.0,0.0,0.0,100.0,True,1042.3635,1511.464,53.338825,324.6474,1.4500353889815742,True,0.57129925,0.7389469669639864,0.6103380386248146,0.2599984428159886,0.5846581545570039,False,419,1127.8556681315104,171.14451970809267,0.1517432811164778,Low,0.5712992403312583,0.7389469669639864,0.6103380386248146,0.2599984428159886,0.545145672184012,0.4733222074068088,482
CAND_04505,Al33.28Co6.18Nb6.71Ni27.86V25.97,5,33.28,6.18,0.0,0.0,0.0,0.0,0.0,6.71,27.86,0.0,25.97,0.0,100.0,True,1028.5887,1063.4248,58.61077,475.1154,1.033867816508962,True,0.5598115,0.3870915234233117,0.704630206922137,0.5824383930146725,0.5475942155380215,False,766,1097.7106974283854,198.04491111744392,0.18041630784996915,Low,0.5598114507362445,0.3870915234233117,0.704630206922137,0.5824383930146725,0.5584928935240915,0.47313213974596824,485
CAND_02296,Al10.87Cr25.20Fe8.57Ni28.37Ti26.99,5,10.87,0.0,25.2,0.0,8.57,0.0,0.0,0.0,28.37,26.99,0.0,0.0,100.0,True,1266.3737,1503.207,50.5362,311.2094,1.1870169530311594,True,0.7581173,0.7324625557845287,0.5602112660248949,0.231201967480569,0.6219070797701466,False,243,917.7589029947917,188.86744466173207,0.20579200489957425,Low,0.7581173462011789,0.7324625557845287,0.5602112660248949,0.23120196748056904,0.5704982838727929,0.47313158617294654,486
CAND_01375,Al10.35Cr31.63Ni8.68Ti6.39V20.94W22.01,6,10.35,0.0,31.63,0.0,0.0,0.0,0.0,0.0,8.68,6.39,20.94,22.01,100.0,True,1236.7125,1246.1029,53.084217,339.569,1.007593014059906,True,0.7333808,0.5305528185525499,0.6057842087980913,0.2919741450309757,0.5744222638379425,False,503,1176.7268880208333,167.5287465815577,0.14236841894836663,Low,0.7333807529485998,0.5305528185525499,0.6057842087980913,0.29197414503097574,0.5404229813325542,0.47307241023876767,487
CAND_01383,Al38.66Cu21.96Nb6.45V24.63W8.30,5,38.66,0.0,0.0,21.96,0.0,0.0,0.0,6.45,0.0,0.0,24.63,8.3,100.0,True,1116.651,1085.9623,40.91529,549.6924,0.9725171956594102,False,0.6332529,0.4047907382661155,0.3881350275790478,0.7422504737625207,0.5197844369759773,False,1168,1391.0164225260417,203.30500149104543,0.1461557162077569,Low,0.6332528926194655,0.4047907382661155,0.38813502757904783,0.7422504737625207,0.5421072830567873,0.47297873699957427,489
CAND_04020,Al19.27Fe12.99Mn13.11Mo5.66Nb23.39Ti25.58,6,19.27,0.0,0.0,0.0,12.99,13.11,5.66,23.39,0.0,25.58,0.0,0.0,100.0,True,1174.3647,1437.9976,45.00939,366.898,1.22448975480843,True,0.6813845,0.6812521207154068,0.4613606712885455,0.350537835642799,0.5767118454367595,False,484,1352.4356038411458,202.72912409939443,0.14989928061906196,Low,0.6813844692920671,0.6812521207154068,0.4613606712885455,0.35053783564279906,0.5436337742347046,0.4727664269361338,490
CAND_03500,Al27.85Cu11.90Fe16.67Mo10.44W33.14,5,27.85,0.0,0.0,11.9,16.67,0.0,10.44,0.0,0.0,0.0,0.0,33.14,100.0,True,877.95123,1487.4769,47.636726,434.1336666666666,1.694259139051996,True,0.43418416,0.7201093480463682,0.5083522860124497,0.4946180720490468,0.5475688388472589,False,767,1396.2497477213542,196.82018672360107,0.14096345374085606,Low,0.4341841051134249,0.7201093480463682,0.5083522860124497,0.4946180720490468,0.5393159528053224,0.47268468682066633,491
CAND_03314,Al41.72Mo14.05Nb16.68V27.55,4,41.72,0.0,0.0,0.0,0.0,0.0,14.05,16.68,0.0,0.0,27.55,0.0,100.0,True,1002.9301,880.7306,48.741722,605.963,0.8781574977664018,False,0.538413,0.2436175845953949,0.5281158588114582,0.8628335177429687,0.496063176119622,False,1645,1317.714530436198,197.14341813456778,0.1496101117358918,Low,0.5384129115122541,0.24361758459539498,0.5281158588114582,0.8628335177429687,0.5432449681655189,0.472547138042504,493
CAND_04629,Al22.44Co17.50Cr11.86Ni27.95W20.25,5,22.44,17.5,11.86,0.0,0.0,0.0,0.0,0.0,27.95,0.0,0.0,20.25,100.0,True,733.1483,1595.0829,59.93724,362.5213333333333,2.175661958747249,True,0.31342262,0.8046148039476331,0.728354986388036,0.3411590163454318,0.5686738293022895,False,560,1157.0939900716146,182.4117222446943,0.15764641749924266,Low,0.3134225991328281,0.8046148039476331,0.728354986388036,0.34115901634543183,0.5468878514534823,0.4724135480286579,498
CAND_03220,Al20.75Cu24.99Mo10.16Nb10.77Ti15.58W17.75,6,20.75,0.0,0.0,24.99,0.0,0.0,10.16,10.77,0.0,15.58,0.0,17.75,100.0,True,1096.5093,1503.7461,43.13555,360.798,1.3713938687712384,True,0.61645526,0.7328859233595373,0.4278458230414081,0.3374660616030565,0.5623837250508164,False,615,1410.5038981119792,169.14555870774643,0.11991853332284662,Low,0.616455290354032,0.7328859233595373,0.42784582304140817,0.33746606160305653,0.5286632745895086,0.47205511727798793,502
CAND_04897,Al20.72Fe12.92Mo15.46Nb42.96Ti7.94,5,20.72,0.0,0.0,0.0,12.92,0.0,15.46,42.96,0.0,7.94,0.0,0.0,100.0,True,1168.0996,1336.1593,46.82074,372.38,1.143874451524662,True,0.67615956,0.6012761717003914,0.4937578452054499,0.3622852889683511,0.5610129892620106,False,630,1435.9167643229166,187.0107887820627,0.13023790335802968,Low,0.6761595549127859,0.6012761717003914,0.4937578452054499,0.36228528896835116,0.5333697151967446,0.47190924460421946,504
CAND_01948,Al19.08Co12.97Cu27.91Mn12.53Ti27.51,5,19.08,12.97,0.0,27.91,0.0,12.53,0.0,0.0,0.0,27.51,0.0,0.0,100.0,True,991.659,1445.3418,51.48208,353.6213333333333,1.4574988024932818,True,0.5290132,0.6870196891523904,0.5771289455813151,0.3220870837300699,0.5574051736294429,False,663,1516.6682535807292,183.9683460816274,0.12129768368744664,Low,0.5290131361758166,0.6870196891523904,0.5771289455813151,0.3220870837300699,0.528812213659898,0.4716073361722028,508
CAND_03960,Al16.70Co10.29Cu15.69Fe12.02Nb24.98W20.32,6,16.7,10.29,0.0,15.69,12.02,0.0,0.0,24.98,0.0,0.0,0.0,20.32,100.0,True,1005.5123,1442.6235,50.580727,367.271,1.434714879417741,True,0.54056644,0.6848849459152437,0.5610076604064326,0.3513371424816227,0.5605879035675164,False,635,1337.7702799479166,178.38839184490234,0.13334755190692946,Low,0.5405663925277495,0.6848849459152437,0.5610076604064326,0.3513371424816227,0.5344490353327621,0.47156676205239745,509
CAND_04457,Co35.70Mo16.28Ni6.43V24.45W17.14,5,0.0,35.7,0.0,0.0,0.0,0.0,16.28,0.0,6.43,0.0,24.45,17.14,100.0,True,1083.7733,1285.6526,58.744225,320.26640000000003,1.1862744558259146,True,0.6058338,0.5616121036226968,0.7070171364747251,0.2506103375589211,0.5645796143741032,False,596,1175.0597981770834,148.8888378715688,0.12670745616737628,Low,0.6058338302760566,0.5616121036226968,0.7070171364747251,0.25061033755892115,0.5312683519830999,0.4715228865088633,510
CAND_00778,Al41.91Mo26.37Ni6.45W25.27,4,41.91,0.0,0.0,0.0,0.0,0.0,26.37,0.0,6.45,0.0,0.0,25.27,100.0,True,637.50977,1229.418,48.101967,604.78,1.9284692820269296,True,0.23366281,0.517449784510145,0.5166734241637041,0.8602984507447695,0.4835469061564875,False,1899,1283.1312174479167,165.80304526753466,0.1292175289736217,Low,0.2336627979149213,0.517449784510145,0.5166734241637041,0.8602984507447695,0.5320211143333851,0.47114138833547364,513
CAND_00548,Al26.00Cu21.06Fe15.45Nb37.49,4,26.0,0.0,0.0,21.06,15.45,0.0,0.0,37.49,0.0,0.0,0.0,0.0,100.0,True,1017.1849,1474.3496,45.66066,410.8523333333333,1.44944113457474,True,0.550301,0.7098001787504864,0.4730090592074249,0.4447281821019554,0.5629918533356411,False,609,1307.5694458007813,203.5168473822357,0.15564515371311538,Low,0.5503010073916137,0.7098001787504864,0.4730090592074249,0.4447281821019554,0.5444596068628701,0.47113043749935557,514
CAND_03650,Al35.70Co8.97Fe37.91Mn10.67Nb6.75,5,35.7,8.97,0.0,0.0,37.91,10.67,0.0,6.75,0.0,0.0,0.0,0.0,100.0,True,828.66943,1535.1587,44.360146,468.6669999999999,1.852558617182689,True,0.39308453,0.7575549574658516,0.4497485196985674,0.5686200278150205,0.5429219821354861,False,830,1158.2558919270834,174.87681943404831,0.15098288785139843,Low,0.39308449210535545,0.7575549574658516,0.44974851969856744,0.5686200278150205,0.5422519992711987,0.47112081768952246,515
CAND_00834,Al31.32Co13.69Cu16.53Fe11.90Ti16.87V9.69,6,31.32,13.69,0.0,16.53,11.9,0.0,0.0,0.0,0.0,16.87,9.69,0.0,100.0,True,1032.7184,977.0666,51.791603,510.7463333333333,0.946111365244729,False,0.5632555,0.3192724514216335,0.582664965932038,0.6587924109422891,0.5092434881928336,False,1372,1508.1216471354167,192.2584856842577,0.12748208080524587,Low,0.5632555025330421,0.3192724514216335,0.582664965932038,0.6587924109422891,0.5309963327072507,0.4709576690815467,516
CAND_03138,Al19.12Cr36.12Fe23.15Mo21.61,4,19.12,0.0,36.12,0.0,23.15,0.0,21.61,0.0,0.0,0.0,0.0,0.0,100.0,True,1054.3243,1491.4252,55.220818,300.39566666666667,1.4145791216767347,True,0.5812743,0.7232100384496446,0.6439987085844561,0.2080290693396895,0.5835493333655989,False,431,1175.4381713867188,171.916022168451,0.14625696727683576,Low,0.5812742057600154,0.7232100384496446,0.6439987085844561,0.20802906933968957,0.5391280055334514,0.4703378220803827,519
CAND_01610,Al18.72Cr7.55Fe16.13Mo9.93Nb24.10V23.57,6,18.72,0.0,7.55,0.0,16.13,0.0,9.93,24.1,0.0,0.0,23.57,0.0,100.0,True,1348.2208,1189.857,44.682877,341.903,0.8825386596647691,False,0.82637554,0.4863816252912359,0.4555207737275383,0.29697570578651,0.5522537120295201,False,719,1511.3357340494792,147.86774349505936,0.09783911024115198,Low,0.826375488879262,0.48638162529123596,0.4555207737275383,0.29697570578651,0.5163133984211365,0.4702996947409925,520
CAND_02632,Al27.86Co24.12Cu17.94Ti5.11V12.67W12.30,6,27.86,24.12,0.0,17.94,0.0,0.0,0.0,0.0,0.0,5.11,12.67,12.3,100.0,True,1024.1422,1085.9136,53.042778,496.7946666666666,1.0603152446675257,True,0.5561032,0.4047524930409201,0.6050430453068043,0.6288951922300803,0.5338517599105329,False,953,1234.6331298828125,207.2742065789036,0.16788323718364614,Low,0.5561031967917786,0.4047524930409201,0.6050430453068043,0.6288951922300803,0.5486984818423958,0.46982306481732183,527
CAND_00486,Al31.72Cu16.15Fe14.56W37.57,4,31.72,0.0,0.0,16.15,14.56,0.0,0.0,0.0,0.0,0.0,0.0,37.57,100.0,True,781.60175,1452.9003,45.643272,484.936,1.8588754543715984,True,0.3538314,0.6929555522866926,0.4726980635080476,0.6034830920531471,0.522733072963746,False,1118,1440.9541422526042,188.0163187367195,0.13048043183581037,Low,0.35383139191040214,0.6929555522866926,0.47269806350804766,0.6034830920531471,0.5307420249395723,0.4694836018326204,528
CAND_00908,Al36.95Fe26.09Mn10.65Mo5.35W20.96,5,36.95,0.0,0.0,0.0,26.09,10.65,5.35,0.0,0.0,0.0,0.0,20.96,100.0,True,772.54694,1532.7001,45.356613,475.62799999999993,1.983957256844588,True,0.34627995,0.7556241625856511,0.4675709806815117,0.583536850616766,0.5349945106938807,False,935,1130.4805053710938,166.36157171536004,0.1471600535568279,Low,0.3462799391050744,0.7556241625856511,0.4675709806815117,0.583536850616766,0.5382529832472508,0.4692047823478251,529
CAND_03467,Al35.11Cr12.74Fe15.18Mo36.97,4,35.11,0.0,12.74,0.0,15.18,0.0,36.97,0.0,0.0,0.0,0.0,0.0,100.0,True,871.82117,1332.3573,43.825607,510.5287333333333,1.5282461018888511,True,0.4290718,0.5982903740372814,0.4401879417051546,0.6583261129044123,0.5170045646801371,False,1218,1361.1047770182292,181.7230302986572,0.13351141908175332,Low,0.42907181023547314,0.5982903740372814,0.44018794170515463,0.6583261129044123,0.5314690597205803,0.4688696124041859,533
CAND_00818,Al21.81Co36.51V15.77W25.91,4,21.81,36.51,0.0,0.0,0.0,0.0,0.0,0.0,0.0,0.0,15.77,25.91,100.0,True,981.48834,1224.3788,56.860542,399.6143333333333,1.2474715666508402,True,0.5205312,0.5134923853560305,0.6733262397649139,0.4206461170759512,0.5416355493458881,False,847,1284.0245564778645,173.20645258990217,0.13489341127946575,Low,0.5205310963550988,0.5134923853560305,0.6733262397649139,0.4206461170759512,0.5319989596379986,0.46876557247629896,534
CAND_02329,Cr43.98Mn16.69Nb28.34Ti10.99,4,0.0,0.0,43.98,0.0,0.0,16.69,0.0,28.34,0.0,10.99,0.0,0.0,100.0,True,979.04095,1578.383,55.056866,313.934,1.6121725987052735,True,0.5184901,0.7914999900617387,0.6410663203336905,0.2370405503574022,0.5888196824750735,False,389,1180.902726236979,198.30825094387143,0.16792937008096606,Low,0.5184900430275047,0.7914999900617387,0.6410663203336905,0.23704055035740224,0.547024225945084,0.4683709819774135,537
CAND_04608,Al33.95Co23.98Fe10.21Mn8.84Mo23.02,5,33.95,23.98,0.0,0.0,10.21,8.84,23.02,0.0,0.0,0.0,0.0,0.0,100.0,True,674.18835,1215.7794,57.904724,543.0687333333334,1.8033230504489357,True,0.2642517,0.5067390796158548,0.6920021145847451,0.7280565272082191,0.5135062502679526,False,1288,1120.8759399414062,190.99237386777443,0.17039564064311932,Low,0.26425168557092243,0.5067390796158548,0.6920021145847451,0.7280565272082191,0.5477623517449355,0.468014688984954,538
CAND_01965,Cr40.65Fe17.41Mo10.74Nb20.99V10.21,5,0.0,0.0,40.65,0.0,17.41,0.0,10.74,20.99,0.0,0.0,10.21,0.0,100.0,True,1347.615,1165.1855,59.12062,285.726,0.8646278858899847,False,0.8258703,0.467006531381342,0.7137492060783098,0.1765932385355897,0.5927893323437817,False,367,1204.6519978841145,200.38071534553671,0.1663390885479717,Low,0.8258702689895605,0.46700653138134207,0.7137492060783098,0.17659323853558972,0.5458048112462006,0.4679640908937535,539
CAND_02963,Cr30.80Cu13.72Fe16.51Nb18.03V20.94,5,0.0,0.0,30.8,13.72,16.51,0.0,0.0,18.03,0.0,0.0,20.94,0.0,100.0,True,1439.8153,1157.8617,53.86417,289.103,0.8041737672008747,False,0.9027627,0.4612549835315038,0.6197341759430447,0.1838298583605422,0.5917133311137316,True,79,1197.849210611979,190.9439301267106,0.1594056484197687,Low,0.9027626846324126,0.46125498353150385,0.6197341759430447,0.18382985836054228,0.5418954256168759,0.46739070691561774,543
CAND_00745,Al38.14Cu10.73Fe9.68Nb11.32Ti19.37V10.76,6,38.14,0.0,0.0,10.73,9.68,0.0,0.0,11.32,0.0,19.37,10.76,0.0,100.0,True,1142.1613,1045.7667,40.6473,547.275,0.915603375205804,False,0.6545277,0.3732242131353154,0.3833418519708047,0.737070193997984,0.5147215791302224,False,1256,1387.364208984375,207.08311437294066,0.14926369948993898,Low,0.6545277538810215,0.37322421313531545,0.3833418519708047,0.737070193997984,0.5370410032462813,0.4672913653190547,546
CAND_01487,Al31.10Cr21.93Cu14.67Nb7.66Ti18.67V5.97,6,31.1,0.0,21.93,14.67,0.0,0.0,0.0,7.66,0.0,18.67,5.97,0.0,100.0,True,1194.6853,1220.4154,36.14804,505.18413333333336,1.0215371338433097,True,0.6983313,0.5103798365769748,0.3028696579070559,0.6468730959318211,0.5353617336739724,False,931,1340.097021484375,207.71885496183114,0.15500284802644274,Low,0.6983312690455619,0.5103798365769748,0.3028696579070559,0.6468730959318211,0.5396134648653533,0.46719665305362035,548
CAND_03630,Al7.19Cr37.28Fe8.39Mo38.28Ti8.86,5,7.19,0.0,37.28,0.0,8.39,0.0,38.28,0.0,0.0,8.86,0.0,0.0,100.0,True,1087.9535,1468.3887,55.037952,310.06,1.3496796617340896,True,0.60932,0.705118947480094,0.6407280311309055,0.2287389023852772,0.5888245288188723,False,388,1132.315010579427,191.05758733437673,0.16873183305819547,Low,0.6093199976298532,0.705118947480094,0.6407280311309055,0.2287389023852772,0.5459764696565325,0.46715290386836433,551
CAND_03002,Al21.72Cr10.58Nb11.24Ni24.48Ti5.34V26.64,6,21.72,0.0,10.58,0.0,0.0,0.0,0.0,11.24,24.48,5.34,26.64,0.0,100.0,True,1291.1849,1165.2966,52.624626,340.9615,0.9025016998243516,False,0.77880925,0.4670937807554534,0.5975641245749184,0.2949581524654579,0.567405674981441,False,572,1279.8124552408854,184.9106960083899,0.14448265075962724,Low,0.7788091780390136,0.4670937807554534,0.5975641245749184,0.2949581524654579,0.5346063089587109,0.46711613199542756,552
CAND_03211,Cr36.98Mo11.14Nb29.79Ti22.09,4,0.0,0.0,36.98,0.0,0.0,0.0,11.14,29.79,0.0,22.09,0.0,0.0,100.0,True,961.7068,1552.3776,57.500618,312.049,1.6141901261464715,True,0.50403386,0.7710773539364786,0.6847744157066351,0.233001157887744,0.5886771428541032,False,390,1102.4700480143229,193.19607049904002,0.1752392918492513,Low,0.5040338572383529,0.7710773539364786,0.6847744157066351,0.233001157887744,0.5482216961923027,0.46647665713224246,558
CAND_04176,Al32.10Fe14.63Mn20.21Ti5.25W27.81,5,32.1,0.0,0.0,0.0,14.63,20.21,0.0,0.0,0.0,5.25,0.0,27.81,100.0,True,828.1932,1598.4054,39.011528,471.3476666666666,1.929991028421378,True,0.39268732,0.807224039280532,0.354085004883051,0.574364465346584,0.5346493364702591,False,939,1449.7431925455728,204.2242184262396,0.14086923772178345,Low,0.3926873298932846,0.807224039280532,0.354085004883051,0.574364465346584,0.5320902098508629,0.4663901806252579,559
CAND_04603,Al32.11Fe19.50Nb16.57V13.46W18.36,5,32.11,0.0,0.0,0.0,19.5,0.0,0.0,16.57,0.0,0.0,13.46,18.36,100.0,True,1264.3438,1082.7976,43.35035,450.4119999999999,0.8564107664549298,False,0.7564244,0.4023054268867247,0.4316876608736056,0.5295011368157584,0.5349660538374528,False,936,1438.4347493489583,196.8553186804502,0.13685383975154086,Low,0.756424467604109,0.40230542688672477,0.43168766087360566,0.5295011368157584,0.5299796730450494,0.46618101158973646,560
CAND_02440,Al18.63Cr20.23Cu27.00Fe18.84Nb15.30,5,18.63,0.0,20.23,27.0,18.84,0.0,0.0,15.3,0.0,0.0,0.0,0.0,100.0,True,1206.6943,1644.0834,42.195797,276.9106666666666,1.362468813382376,True,0.7083465,0.843096018674413,0.4110377288685907,0.1577027392866808,0.5918476034806546,False,373,1398.275439453125,192.0171568493039,0.13732427205072206,Low,0.7083464318970386,0.843096018674413,0.41103772886859075,0.15770273928668088,0.5300457296816807,0.4660462655263212,563
CAND_02901,Co43.58Mo8.15Nb16.40Ni9.78V22.09,5,0.0,43.58,0.0,0.0,0.0,0.0,8.15,16.4,9.78,0.0,22.09,0.0,100.0,True,1133.664,1271.387,56.861748,312.645,1.1214849080567135,True,0.6474412,0.5504090012705503,0.6733478098600052,0.2342783344988401,0.5628337774506952,False,611,1147.267997233073,148.50249061753695,0.12944010551648635,Low,0.6474412484852472,0.5504090012705503,0.6733478098600052,0.23427833449884017,0.5263690985286607,0.46604427800795606,564
CAND_04593,Al25.14Cr23.41Ni38.06V13.39,4,25.14,0.0,23.41,0.0,0.0,0.0,0.0,0.0,38.06,0.0,13.39,0.0,100.0,True,1112.3168,1186.4148,58.164143,371.7920333333333,1.06661594014727,True,0.62963825,0.4836783868072914,0.696641992278371,0.3610253270979303,0.5623092985099124,False,616,1096.0146402994792,181.3179774634684,0.1654339009686261,Low,0.6296382936661079,0.48367838680729147,0.696641992278371,0.3610253270979302,0.5427459999624251,0.4657029450673548,567
CAND_01733,Al22.16Fe13.48Mn14.27Nb24.40W25.69,5,22.16,0.0,0.0,0.0,13.48,14.27,0.0,24.4,0.0,0.0,0.0,25.69,100.0,True,964.96606,1499.0488,45.35074,383.8427,1.553473075604535,True,0.506752,0.7291970261046907,0.4674659382532598,0.386848866720049,0.5456785326112408,False,794,1377.0255126953125,168.4540795878553,0.12233185081526393,Low,0.5067519869473464,0.7291970261046907,0.4674659382532598,0.38684886672004887,0.5225659545063364,0.4656073461042235,568
CAND_00753,Co8.52Cr34.32Fe8.65Mo17.92Nb30.59,5,0.0,8.52,34.32,0.0,8.65,0.0,17.92,30.59,0.0,0.0,0.0,0.0,100.0,True,955.3751,1511.6257,59.694885,317.588,1.5822326383423968,True,0.49875343,0.7390739536768021,0.7240203094428672,0.2448707572985856,0.5890839085765278,False,386,1125.078739420573,208.23294236963116,0.1850829947038847,Low,0.4987534003621186,0.7390739536768021,0.7240203094428672,0.24487075729858568,0.5516796051950934,0.46551980549931093,570
CAND_04889,Cr27.69Mo9.28Nb15.01Ni7.57V16.24W24.21,6,0.0,0.0,27.69,0.0,0.0,0.0,9.28,15.01,7.57,0.0,16.24,24.21,100.0,True,1254.0409,1154.6832,55.84917,308.594,0.9207699732398282,False,0.7478322,0.4587588346961028,0.6552371931539953,0.2255973907881849,0.5596262199771098,False,645,1176.4263712565105,142.3732327758564,0.12102179639495095,Low,0.7478321434020537,0.4587588346961028,0.6552371931539953,0.22559739078818497,0.5218563905100841,0.4655185048036543,571
CAND_02645,Al42.61Cu23.08Mn12.67Mo21.64,4,42.61,0.0,0.0,23.08,0.0,12.67,21.64,0.0,0.0,0.0,0.0,0.0,100.0,True,643.81287,1288.9918,46.517998,613.49,2.002121839512411,True,0.2389194,0.5642344538480143,0.4883431074540758,0.8789632297425003,0.4948764196180846,False,1668,1219.7409261067708,202.66112547212433,0.16615095971157423,Low,0.23891940320837976,0.5642344538480143,0.4883431074540758,0.8789632297425003,0.5426150485632426,0.46530429362031167,573
CAND_04407,Al17.27Cu10.86Nb31.00W40.87,4,17.27,0.0,0.0,10.86,0.0,0.0,0.0,31.0,0.0,0.0,0.0,40.87,100.0,True,935.1529,1481.4935,52.101776,353.466,1.5842259709448363,True,0.4818887,0.7154104470107419,0.5882126119559031,0.3217542177900415,0.5545060451173788,False,696,1357.794344075521,181.1207304217873,0.13339334576850564,Low,0.4818886633969149,0.7154104470107419,0.5882126119559031,0.3217542177900415,0.5268164850384003,0.464813462162325,576
CAND_00884,Al17.79Cr15.54Fe11.49Mn17.57Mo23.08Nb14.53,6,17.79,0.0,15.54,0.0,11.49,17.57,23.08,14.53,0.0,0.0,0.0,0.0,100.0,True,1194.8604,1422.4413,43.609455,351.408,1.1904665663563914,True,0.69847727,0.6690354020971435,0.4363219224728214,0.3173441012369611,0.5669358998788231,False,581,1473.6981770833333,207.62216477677129,0.14088513374406572,Low,0.6984772974422054,0.6690354020971435,0.4363219224728214,0.31734410123696116,0.5302946808122829,0.46480987886309305,577
CAND_01721,Al5.71Cr30.64Nb13.11V26.66W23.88,5,5.71,0.0,30.64,0.0,0.0,0.0,0.0,13.11,0.0,0.0,26.66,23.88,100.0,True,1342.1393,1219.091,53.339405,308.826,0.9083192900647168,False,0.82130367,0.5093397549291517,0.6103484123023876,0.2260945467844506,0.5856943142436333,False,411,1091.6631713867187,180.8560983893946,0.16567023888848112,Low,0.8213036916537432,0.5093397549291517,0.6103484123023876,0.22609454678445065,0.5417716014174333,0.46477261179288304,579
CAND_00261,Al19.07Co35.10Cu13.29Mn6.11Ni26.43,5,19.07,35.1,0.0,13.29,0.0,6.11,0.0,0.0,26.43,0.0,0.0,0.0,100.0,True,709.2274,1467.9178,62.95629,343.6467999999999,2.0697420387742422,True,0.29347327,0.7047491389268171,0.7823526610030084,0.3007125188308545,0.5401617682982519,False,865,1228.9000895182292,148.04584757849076,0.12047020652145106,Low,0.2934732520553121,0.7047491389268171,0.7823526610030084,0.30071251883085454,0.5203218927039981,0.4643781598792887,581
CAND_01084,Al20.45Co40.88Cu24.60Mn14.07,4,20.45,40.88,0.0,24.6,0.0,14.07,0.0,0.0,0.0,0.0,0.0,0.0,100.0,True,734.8575,1498.9624,59.276787,373.9434666666666,2.039800144735361,True,0.31484804,0.7291291742061917,0.7165423545361347,0.3656356632282422,0.5471741055226637,False,773,1246.488350423177,181.34864505322886,0.14548763732261263,Low,0.3148480230936695,0.7291291742061917,0.7165423545361347,0.3656356632282422,0.5315388037660596,0.4640284071580583,583
CAND_01643,Co34.52Cr28.74Fe20.22Ti8.91V7.61,5,0.0,34.52,28.74,0.0,20.22,0.0,0.0,0.0,0.0,8.91,7.61,0.0,100.0,True,1048.8008,1341.0272,66.677345,258.9696666666667,1.2786291009449036,True,0.5766677,0.6050990450418572,0.8489061520397307,0.1192567232133991,0.5846450807966979,False,420,1098.9297119140624,174.15633217255615,0.15847813584839662,Low,0.5766677645900485,0.6050990450418572,0.8489061520397307,0.11925672321339911,0.5374824212212589,0.46395560225885535,584
CAND_01827,Al17.92Cr23.26Cu16.02Fe7.24Mn18.28Ti17.28,6,17.92,0.0,23.26,16.02,7.24,18.28,0.0,0.0,0.0,17.28,0.0,0.0,100.0,True,1157.974,1497.1229,44.456223,329.5653333333334,1.2928812747631462,True,0.66771513,0.7276845727329434,0.4514669193885304,0.2705371499103905,0.5720672257454473,False,523,1474.2018432617188,208.3013819509034,0.14129773538339221,Low,0.667715093844511,0.7276845727329434,0.4514669193885304,0.2705371499103905,0.5293509339690938,0.46381493413834807,586
CAND_03084,Al32.00Co7.25Cu20.01Mn35.26Ni5.48,5,32.0,7.25,0.0,20.01,0.0,35.26,0.0,0.0,5.48,0.0,0.0,0.0,100.0,True,697.96826,1544.322,47.310127,474.6154,2.212596309461264,True,0.28408346,0.7647511067889381,0.5025108502854577,0.581366936126169,0.5274831232573903,False,1037,1296.719873046875,194.28353396356286,0.14982691173465168,Low,0.2840834510171261,0.7647511067889381,0.5025108502854577,0.581366936126169,0.5331780860544227,0.4637029109451436,587
CAND_04231,Al27.15Co11.41Cu20.06Fe9.50Nb19.58V12.30,6,27.15,11.41,0.0,20.06,9.5,0.0,0.0,19.58,0.0,0.0,12.3,0.0,100.0,True,1247.9695,1054.0765,43.524605,457.7253333333333,0.8446332341031318,False,0.74276876,0.3797500893638559,0.4348043249864995,0.5451729795716028,0.5272326932809737,False,1040,1372.33212890625,183.60140975328582,0.133787882602163,Low,0.7427687692879347,0.3797500893638559,0.4348043249864995,0.5451729795716028,0.5256240408024732,0.4635999809736107,588
CAND_04989,Al32.62Co13.82Cu18.93Mn11.91Mo14.84Ni7.88,6,32.62,13.82,0.0,18.93,0.0,11.91,14.84,0.0,7.88,0.0,0.0,0.0,100.0,True,706.7827,1287.9158,52.163406,518.4221333333334,1.8222231146169476,True,0.29143447,0.5633894464083755,0.5893149046262863,0.6752409885118391,0.5050620513877433,False,1458,1411.9611490885416,202.42613479829748,0.14336522993495177,Low,0.29143444211085334,0.5633894464083755,0.5893149046262863,0.6752409885118391,0.5298449454143386,0.46340830693660545,591
CAND_03270,Al20.76Co14.45Cu17.53Mn36.14Mo11.12,5,20.76,14.45,0.0,17.53,0.0,36.14,11.12,0.0,0.0,0.0,0.0,0.0,100.0,True,838.13464,1492.5461,53.217514,356.0633333333334,1.7807951401099826,True,0.40097824,0.7240903068874617,0.6081683124178232,0.327320079173521,0.5386606577342262,False,882,1512.189599609375,169.33762706756718,0.1119817429714568,Low,0.40097820678379875,0.7240903068874617,0.6081683124178232,0.327320079173521,0.5151392263156511,0.46326230585323025,595
CAND_01173,Al21.12Co32.17Fe15.34Ni31.37,4,21.12,32.17,0.0,0.0,15.34,0.0,0.0,0.0,31.37,0.0,0.0,0.0,100.0,True,677.76495,1453.8134,65.87965,355.377,2.145011175702537,True,0.26723447,0.6936726306260366,0.8346388576749502,0.3258493260179018,0.5458092507958625,False,790,1133.6087076822917,164.26778411296618,0.14490695334267345,Low,0.26723446777215415,0.6936726306260366,0.8346388576749502,0.3258493260179018,0.5303488205227607,0.46322438602923394,596
CAND_04636,Al26.08Cu31.60Ni13.77Ti16.56W11.99,5,26.08,0.0,0.0,31.6,0.0,0.0,0.0,0.0,13.77,16.56,0.0,11.99,100.0,True,997.84607,1375.21,49.480133,396.09366666666665,1.3781785009337129,True,0.53417295,0.6319435806437915,0.5413228202430729,0.4131016319717019,0.5471309097022031,False,775,1427.0795043945313,206.17143147842924,0.14447087975375403,Low,0.5341729757647486,0.6319435806437915,0.5413228202430729,0.41310163197170197,0.5301352521558288,0.46321427791146025,597
CAND_02213,Al30.36Mn35.31Mo10.94Nb13.18V10.21,5,30.36,0.0,0.0,0.0,0.0,35.31,10.94,13.18,0.0,0.0,10.21,0.0,100.0,True,1029.3785,1173.3607,48.83046,460.5626666666666,1.1398728984144877,True,0.56047016,0.4734267031476377,0.529702995708821,0.551253140261564,0.5252827830376157,False,1081,1361.1223714192708,192.7809823077801,0.1416338356901469,Low,0.5604701213682786,0.47342670314763774,0.529702995708821,0.5512531402615637,0.5287132401215753,0.4631198056616415,598
CAND_00655,Al10.90Cr17.02Fe16.63Nb19.45Ti18.90W17.10,6,10.9,0.0,17.02,0.0,16.63,0.0,0.0,19.45,0.0,18.9,0.0,17.1,100.0,True,1215.229,1590.7988,39.374477,340.345,1.3090526928558428,True,0.7154641,0.801250402114774,0.3605765840234526,0.2936370461219331,0.589204070022361,False,384,1208.1298217773438,207.72866295685355,0.17194233534542913,Low,0.7154641278241347,0.801250402114774,0.36057658402345266,0.29363704612193314,0.5427320400210737,0.4631047310541126,599
CAND_04596,Al41.89Mo41.27Ni11.32W5.52,4,41.89,0.0,0.0,0.0,0.0,0.0,41.27,0.0,11.32,0.0,0.0,5.52,100.0,True,694.885,1189.2004,49.375435,584.475,1.711362863333461,True,0.2815121,0.4858659822755605,0.5394502283559434,0.8167865865026432,0.4875939746647865,False,1808,1348.4671630859375,198.09032950817016,0.1469003732021511,Low,0.2815121002790593,0.4858659822755605,0.5394502283559434,0.8167865865026432,0.5309037243533016,0.4629030879735578,602
CAND_01695,Al20.65Nb5.02Ni5.99Ti28.76W39.58,5,20.65,0.0,0.0,0.0,0.0,0.0,0.0,5.02,5.99,28.76,0.0,39.58,100.0,True,1057.0,1491.7961,44.111443,368.715,1.4113491958372752,True,0.5835057,0.7235013147129923,0.4453003046409276,0.3544315099756206,0.5565919160207442,False,675,1408.911376953125,194.23159878619947,0.137859344429626,Low,0.5835056631038156,0.7235013147129923,0.4453003046409276,0.3544315099756206,0.5266846981083391,0.46287328981979753,603
CAND_03691,Al40.32Cr16.83Cu14.74Fe28.11,4,40.32,0.0,16.83,14.74,28.11,0.0,0.0,0.0,0.0,0.0,0.0,0.0,100.0,True,919.88306,1389.2534,39.308495,514.3763999999999,1.5102500149024336,True,0.46915406,0.6429721842477153,0.3593964529999701,0.6665713308137425,0.5234726890926804,False,1106,1165.2790649414062,180.8149609517526,0.15516880581806772,Low,0.4691540531615919,0.6429721842477153,0.3593964529999701,0.6665713308137425,0.534523505305755,0.4627232856476037,604
CAND_01992,Al18.95Co35.90Cu16.83Mo11.84V16.48,5,18.95,35.9,0.0,16.83,0.0,0.0,11.84,0.0,0.0,0.0,16.48,0.0,100.0,True,1086.1045,1075.746,59.17433,376.0612,0.9904627112197676,False,0.607778,0.3967676439300741,0.714709844392869,0.3701737831642692,0.5355672315381043,False,927,1427.8959391276042,184.23928203511628,0.1290285076009672,Low,0.607777984463696,0.3967676439300741,0.714709844392869,0.3701737831642692,0.5223573139877271,0.4626608721312677,605
CAND_02062,Cr28.80Nb19.70Ti30.90W20.60,4,0.0,0.0,28.8,0.0,0.0,0.0,0.0,19.7,0.0,30.9,0.0,20.6,100.0,True,969.99347,1505.5195,57.115227,306.098,1.5520924086038002,True,0.5109448,0.7342786149891425,0.6778814467867631,0.2202486780007756,0.5760746949207562,False,488,929.8476806640625,148.65073992482255,0.15986568877459773,Low,0.5109447032327277,0.7342786149891425,0.6778814467867631,0.22024867800077563,0.5358383607523522,0.4619831123019661,611
CAND_03838,Al24.72Cr21.90Cu8.42Fe29.64Ni15.32,5,24.72,0.0,21.9,8.42,29.64,0.0,0.0,0.0,15.32,0.0,0.0,0.0,100.0,True,981.5887,1570.4845,52.393383,328.27336666666656,1.5999415289395846,True,0.52061486,0.7852971171416772,0.5934281929835271,0.2677685767409564,0.5802959345925979,False,454,1199.531892903646,207.96171560479968,0.17336905907636796,Low,0.520614793727384,0.7852971171416772,0.5934281929835271,0.2677685767409564,0.5417771701483862,0.4617278476516612,613
CAND_02592,Al21.36Cu6.68Fe10.81Ni5.97Ti12.55W42.63,6,21.36,0.0,0.0,6.68,10.81,0.0,0.0,0.0,5.97,12.55,0.0,42.63,100.0,True,1078.4211,1385.5215,44.81098,376.642,1.2847684872791962,True,0.6013703,0.6400414377198458,0.4578119792760393,0.3714183874859548,0.5425892697442688,False,837,1530.949462890625,185.48104012022424,0.12115425402090851,Low,0.6013702484113157,0.6400414377198458,0.45781197927603934,0.37141838748595485,0.5176605132232889,0.46172104450993323,614
CAND_04865,Co33.38Cr15.51Mn9.46Mo15.57V26.08,5,0.0,33.38,15.51,0.0,0.0,9.46,15.57,0.0,0.0,0.0,26.08,0.0,100.0,True,1211.3232,1244.2863,57.011658,315.2696,1.0272124373284317,True,0.71220684,0.5291262009736951,0.676029047799599,0.2399026259979726,0.5773925742567098,False,479,1167.984228515625,196.79956586700726,0.1684950541816109,Low,0.7122068022295558,0.5291262009736951,0.676029047799599,0.23990262599797274,0.5393161692502058,0.46154766964583466,616
CAND_03785,Al19.48Co28.30Cr19.09Ni12.90V20.23,5,19.48,28.3,19.09,0.0,0.0,0.0,0.0,0.0,12.9,0.0,20.23,0.0,100.0,True,1201.3671,1139.5754,56.559242,364.9349333333333,0.948565540701262,False,0.7039037,0.4468943333981721,0.6679372931222644,0.3463311530376158,0.564173401759696,False,600,1158.0021118164063,201.16070181518234,0.17371358805179368,Low,0.7039036993179405,0.44689433339817214,0.6679372931222644,0.34633115303761575,0.5412666197189981,0.46115732596861875,621
CAND_01305,Al18.27Cr14.30Fe28.51Mn6.00Mo10.78Ni22.14,6,18.27,0.0,14.3,0.0,28.51,6.0,10.78,0.0,22.14,0.0,0.0,0.0,100.0,True,1109.7799,1560.6598,50.99649,259.3743333333334,1.4062786592525591,True,0.6275226,0.7775815552529984,0.5684438523181082,0.1201238889884947,0.5816607982772527,False,443,1372.8414876302083,185.36434999715644,0.13502239819189277,Low,0.6275225915561977,0.7775815552529984,0.5684438523181082,0.12012388898849476,0.5234179720289498,0.4611521084189724,622
CAND_01751,Co44.29Cu7.62Mo17.25V30.84,4,0.0,44.29,0.0,7.62,0.0,0.0,17.25,0.0,0.0,0.0,30.84,0.0,100.0,True,1059.8063,1263.2598,58.928665,319.4544,1.1919723731569918,True,0.585846,0.5440265250034206,0.7103159659429303,0.2488702915719914,0.5538712947836384,False,701,1141.100850423177,151.41192396455793,0.13268934459947765,Low,0.5858460371158148,0.5440265250034206,0.7103159659429303,0.24887029157199148,0.5222647049085393,0.4610837979527508,623
CAND_03923,Al6.30Cr37.56Mn24.53Mo8.24Nb13.75Ti9.62,6,6.3,0.0,37.56,0.0,0.0,24.53,8.24,13.75,0.0,9.62,0.0,0.0,100.0,True,940.36194,1563.7943,58.330444,280.1623333333334,1.6629706456786542,True,0.48623285,0.7800431498808308,0.6996163939233072,0.1646707805849154,0.5794875265463403,False,463,1168.293680826823,182.67885965180557,0.15636381729165938,Low,0.4862328539123496,0.7800431498808308,0.6996163939233072,0.16467078058491544,0.5326407945753507,0.4606169672645572,627
CAND_02290,Cr29.51Mo11.10Ni26.56Ti6.05V26.78,5,0.0,0.0,29.51,0.0,0.0,0.0,11.1,0.0,26.56,6.05,26.78,0.0,100.0,True,1413.4071,1165.3151,55.747944,271.8514,0.8244723663099722,False,0.88073903,0.4671083092290903,0.6534267002470955,0.1468611670451289,0.5897400707353233,True,84,1198.1647013346353,198.8196973437494,0.16593686754607626,Low,0.880739000427702,0.46710830922909036,0.6534267002470955,0.14686116704512894,0.5370337942372542,0.460602807223635,628
CAND_01254,Al8.77Cr40.77Cu11.03Mo12.48Nb5.59Ti21.36,6,8.77,0.0,40.77,11.03,0.0,0.0,12.48,5.59,0.0,21.36,0.0,0.0,100.0,True,1063.0879,1489.8494,53.4852,319.019,1.4014357732210672,True,0.5885828,0.7219725266249397,0.6129560507881661,0.2479372669134826,0.5835962167644078,False,430,1054.8645467122396,188.42372379972701,0.1786236198638002,Low,0.588582797746459,0.7219725266249397,0.6129560507881661,0.2479372669134826,0.5428621605182619,0.460589921472127,629
CAND_04479,Co22.45Cr33.20Nb15.88Ni6.41W22.06,5,0.0,22.45,33.2,0.0,0.0,0.0,0.0,15.88,6.41,0.0,0.0,22.06,100.0,True,745.713,1538.4269,67.464615,312.12,2.0630281003673177,True,0.32390124,0.7601215497653191,0.8629869884929624,0.2331533047659115,0.5759265830552559,True,91,913.8888753255209,167.61345659667873,0.18340682452992546,Low,0.3239011999055777,0.7601215497653191,0.8629869884929624,0.23315330476591156,0.5450407607324427,0.4605692222105822,630
CAND_01016,Al10.45Cr41.87Mo13.18W34.50,4,10.45,0.0,41.87,0.0,0.0,0.0,13.18,0.0,0.0,0.0,0.0,34.5,100.0,True,841.89404,1540.7228,53.368748,344.781,1.8300673497664712,True,0.40411347,0.7619245726098047,0.610873230959325,0.303143011636736,0.5480011757009231,False,759,1085.3320353190104,140.23509996835404,0.12920939897174868,Low,0.4041134389616522,0.7619245726098047,0.610873230959325,0.303143011636736,0.5200135635418796,0.4605111895237507,631
CAND_03198,Al15.91Cr22.92Cu16.67Fe17.40Mn13.78Ti13.32,6,15.91,0.0,22.92,16.67,17.4,13.78,0.0,0.0,0.0,13.32,0.0,0.0,100.0,True,1268.8463,1431.5128,42.361404,330.996,1.128200306684693,True,0.76017946,0.676159458778075,0.4139997178717413,0.2736029452206949,0.575442061800226,False,498,1353.0708129882812,207.11158436853427,0.15306780870627504,Low,0.7601794239484151,0.676159458778075,0.41399971787174134,0.27360294522069495,0.5309853864547316,0.46049797110413593,632
CAND_02694,Al33.22Cr8.67Mo38.98Nb19.13,4,33.22,0.0,8.67,0.0,0.0,0.0,38.98,19.13,0.0,0.0,0.0,0.0,100.0,True,844.55615,1272.04,47.495193,514.4527333333333,1.5061639139918976,True,0.4063336,0.5509218171237883,0.5058208761711815,0.6667349065653876,0.5136420817992615,False,1284,1225.2851236979166,191.73228415831787,0.15647972904434593,Low,0.4063335626337768,0.5509218171237883,0.5058208761711815,0.6667349065653876,0.5324527906235336,0.46040823479329346,633
CAND_00364,Al21.62Fe10.06Nb15.73Ti31.48W21.11,5,21.62,0.0,0.0,0.0,10.06,0.0,0.0,15.73,0.0,31.48,0.0,21.11,100.0,True,1122.1871,1409.662,44.447906,375.549,1.2561737321299338,True,0.6378699,0.6589995251702154,0.4513181644292642,0.3690761827276862,0.5572518063398267,False,664,1313.0400227864584,196.6000601952085,0.1497289166997325,Low,0.6378698418293964,0.6589995251702154,0.4513181644292642,0.3690761827276862,0.5293159285391406,0.46038324412899734,634
CAND_00587,Al32.56Cu5.97Fe20.90W40.57,4,32.56,0.0,0.0,5.97,20.9,0.0,0.0,0.0,0.0,0.0,0.0,40.57,100.0,True,770.53937,1511.745,46.222374,450.1866666666666,1.9619309063467536,True,0.3446057,0.7391676426986876,0.4830556797664335,0.5290182669113396,0.525248668502847,False,1083,1363.2426595052084,189.03066539257824,0.13866252209359947,Low,0.3446056830899408,0.7391676426986876,0.4830556797664335,0.5290182669113396,0.5239618181166004,0.4601554964268246,636
CAND_04384,Al39.80Fe20.47Mo11.61V28.12,4,39.8,0.0,0.0,0.0,20.47,0.0,11.61,0.0,0.0,0.0,28.12,0.0,100.0,True,1077.7615,959.3101,47.860092,516.6729999999999,0.8900950002389846,False,0.6008201,0.3053278653603469,0.5123473323310096,0.6714927465940167,0.500655144904988,False,1551,1407.956075032552,190.84871197359377,0.1355501889284304,Low,0.6008201608589104,0.30532786536034695,0.5123473323310096,0.6714927465940167,0.5224970262860709,0.46012675739073117,637
CAND_02956,Al17.47Co22.59Mn15.03Mo19.60Nb15.93W9.38,6,17.47,22.59,0.0,0.0,0.0,15.03,19.6,15.93,0.0,0.0,0.0,9.38,100.0,True,941.33167,1414.292,55.60775,366.219,1.5024375069134754,True,0.4870416,0.6626355701939394,0.6509192392925002,0.3490827971882113,0.5599953871796237,False,641,1203.0708618164062,203.03288245709558,0.16876219755713714,Low,0.48704158102301354,0.6626355701939394,0.6509192392925002,0.3490827971882113,0.537419796924416,0.4598196263086642,638
CAND_04105,Co24.42Cr41.39Mo21.52Nb12.67,4,0.0,24.42,41.39,0.0,0.0,0.0,21.52,12.67,0.0,0.0,0.0,0.0,100.0,True,901.7196,1501.7872,62.41597,313.297,1.6654702775878392,True,0.45400625,0.7313475543321132,0.7726886860612348,0.2356755142814488,0.5841296532799901,False,426,973.7042846679688,188.0770546491437,0.193156236046838,Low,0.4540062465293758,0.7313475543321132,0.7726886860612348,0.2356755142814488,0.5484295003010431,0.45964600756569673,641
CAND_01161,Cr38.92Mo20.45Nb35.43Ti5.20,4,0.0,0.0,38.92,0.0,0.0,0.0,20.45,35.43,0.0,5.2,0.0,0.0,100.0,True,921.0995,1639.5333,53.92076,316.112,1.7799741749912237,True,0.47016853,0.8395227209503424,0.6207463249324491,0.2417078165637234,0.5843501322653085,False,424,995.782881673177,181.25803535883207,0.18202565910178223,Low,0.47016852936269526,0.8395227209503424,0.6207463249324491,0.2417078165637234,0.5430363479523025,0.4594116411694093,642
CAND_03204,Co39.13Cr8.78Cu6.37Fe13.06Mo13.20V19.46,6,0.0,39.13,8.78,6.37,13.06,0.0,13.2,0.0,0.0,0.0,19.46,0.0,100.0,True,1068.2585,1199.8336,60.55328,317.6874,1.1231678002517147,True,0.592895,0.4942164777283171,0.7393732628226123,0.2450837629280201,0.547739323815257,False,763,1140.1149251302083,145.74605289155005,0.12783452762440148,Low,0.5928949304002891,0.4942164777283171,0.7393732628226123,0.24508376292802017,0.5178921084698096,0.4591915709130349,643
CAND_01708,Al21.91Co25.69Fe13.16Mo14.07Nb25.17,5,21.91,25.69,0.0,0.0,13.16,0.0,14.07,25.17,0.0,0.0,0.0,0.0,100.0,True,975.2057,1212.5925,59.285873,407.7723333333333,1.243422299857865,True,0.5152916,0.5042363340680998,0.7167048635610106,0.438128007668774,0.550753794706601,False,737,1109.6717244466147,204.41448393937824,0.18421167218739243,Low,0.5152915541170103,0.5042363340680998,0.7167048635610106,0.4381280076687739,0.5435901898537236,0.4590312717063852,644
CAND_04031,Co41.07Cr27.54Mn12.03Ti9.54W9.82,5,0.0,41.07,27.54,0.0,0.0,12.03,0.0,0.0,0.0,9.54,0.0,9.82,100.0,True,753.8487,1603.7605,61.461388,309.4966,2.127430229817578,True,0.33068615,0.8114295219385332,0.755615365569918,0.2275315847633114,0.5656682872434068,False,590,1079.006494140625,170.21623314138841,0.1577527420508782,Low,0.3306861412338115,0.8114295219385332,0.755615365569918,0.22753158476331148,0.5313156533763936,0.4589197970157298,646
CAND_00335,Al13.66Co36.19V31.31W18.84,4,13.66,36.19,0.0,0.0,0.0,0.0,0.0,0.0,0.0,0.0,31.31,18.84,100.0,True,1041.849,1227.7781,59.5766,363.19,1.1784606993439937,True,0.57087016,0.5161619334875953,0.7219047052157653,0.3425919113576572,0.5579746003115207,False,657,1149.9037679036458,198.83033311692893,0.17291041099848764,Low,0.5708701620327251,0.5161619334875953,0.7219047052157653,0.3425919113576572,0.5378821780234357,0.458587606504014,648
CAND_02233,Co38.21Cr8.60Cu11.52Mo16.54V14.92W10.21,6,0.0,38.21,8.6,11.52,0.0,0.0,16.54,0.0,0.0,0.0,14.92,10.21,100.0,True,1088.7257,1082.1663,64.4187,320.56140000000005,0.9939751509865464,False,0.609964,0.4018096525404014,0.8085088158642005,0.2512424971231382,0.5433456841870068,False,826,1197.095068359375,155.34254020545103,0.1297662519137672,Low,0.6099639903647944,0.40180965254040146,0.8085088158642005,0.25124249712313823,0.5178812389731337,0.45839680384846765,649
CAND_00332,Co37.22Cr9.30Mn14.62Mo11.52W27.34,5,0.0,37.22,9.3,0.0,0.0,14.62,11.52,0.0,0.0,0.0,0.0,27.34,100.0,True,721.2095,1570.5769,60.48036,319.62940000000003,2.1776986569733867,True,0.30346596,0.7853696809775719,0.7380690411525755,0.2492453014829677,0.5485547515070848,False,752,1100.452742513021,145.84876970530166,0.13253524124283414,Low,0.30346598107543704,0.7853696809775719,0.7380690411525755,0.24924530148296772,0.519037501172138,0.4582969979835248,652
CAND_04605,Co37.92Cu7.75Nb19.09V20.74W14.50,5,0.0,37.92,0.0,7.75,0.0,0.0,0.0,19.09,0.0,0.0,20.74,14.5,100.0,True,1033.6353,1339.6759,58.758804,318.927,1.2960818576351574,True,0.56402016,0.6040378382080432,0.7072778913804774,0.247740118845998,0.564397895153002,False,598,1121.4613810221354,177.36048629105895,0.15815122062376058,Low,0.5640201709332852,0.6040378382080432,0.7072778913804774,0.247740118845998,0.5307690048419509,0.4582898980636464,653
CAND_00122,Al32.76Cu30.75Fe23.84Nb12.65,4,32.76,0.0,0.0,30.75,23.84,0.0,0.0,12.65,0.0,0.0,0.0,0.0,100.0,True,1014.6396,1454.9307,42.326233,440.4068,1.4339384329807976,True,0.5481783,0.6945500719014159,0.4133706616408464,0.5080608558940485,0.5523703218344703,False,716,1105.0584350585937,200.59757160378084,0.18152666432806744,Low,0.5481782999217275,0.6945500719014159,0.41337066164084646,0.5080608558940485,0.5410399723395096,0.4579160070392472,656
CAND_03039,Al30.79Co9.57Fe8.91Nb10.13Ni28.82V11.78,6,30.79,9.57,0.0,0.0,8.91,0.0,0.0,10.13,28.82,0.0,11.78,0.0,100.0,True,1101.3107,1077.6057,51.55538,460.8403666666666,0.9784756748356812,False,0.6204595,0.3982281089258882,0.5784399637987271,0.5518482274174388,0.5329935127930121,False,961,1091.6595825195313,189.43633746040783,0.17353059552062197,Low,0.6204595207574861,0.3982281089258882,0.5784399637987271,0.5518482274174388,0.537243955224885,0.45780140481684123,658
CAND_03207,Al42.65Mo5.93Ni15.83Ti30.36V5.23,5,42.65,0.0,0.0,0.0,0.0,0.0,5.93,0.0,15.83,30.36,5.23,0.0,100.0,True,919.57855,974.5355,50.669083,548.4043333333334,1.0597631900175055,True,0.46890014,0.3172847206312343,0.562587964985118,0.7394902579568174,0.4874259923394614,False,1812,1430.680281575521,202.32142324522334,0.1414162380307773,Low,0.46890010052274567,0.3172847206312343,0.562587964985118,0.7394902579568174,0.5220657610239788,0.45738420711857947,661
CAND_00008,Al18.46Co8.14Cr14.18Cu37.90Mn15.98W5.34,6,18.46,8.14,14.18,37.9,0.0,15.98,0.0,0.0,0.0,0.0,0.0,5.34,100.0,True,913.95416,1517.3396,48.471878,332.012,1.6601922307431602,True,0.4642096,0.7435612101910692,0.5232895232062833,0.2757801456181341,0.5345206505568821,False,943,1662.2341796875,161.54284907399907,0.0971841699852238,Low,0.464209519975638,0.7435612101910692,0.5232895232062833,0.2757801456181341,0.5017100997477811,0.45727063283690816,662
CAND_03286,Cr32.33Cu5.75Fe10.21Mo21.34Nb20.83Ti9.54,6,0.0,0.0,32.33,5.75,10.21,0.0,21.34,20.83,0.0,9.54,0.0,0.0,100.0,True,1088.1407,1467.8038,53.77003,309.834,1.3489098758151317,True,0.60947615,0.7046596121162977,0.6180504207590451,0.2282546038716736,0.5829915300905213,False,437,1031.0139567057292,188.2923202225121,0.18262829421256252,Low,0.6094761170807479,0.7046596121162977,0.6180504207590451,0.22825460387167362,0.5401101884569411,0.4567032524928438,670
CAND_00611,Al19.63Cr10.06Nb17.91V31.69W20.71,5,19.63,0.0,10.06,0.0,0.0,0.0,0.0,17.91,0.0,0.0,31.69,20.71,100.0,True,1261.5193,1112.3094,47.075424,361.653,0.8817220722393615,False,0.7540689,0.425481719226064,0.4983130343416482,0.3392982528823975,0.5293381945489652,False,1008,1429.7045491536458,150.26248718414405,0.10510037704859805,Low,0.7540689153121614,0.42548171922606404,0.4983130343416482,0.3392982528823975,0.5042904804405678,0.45633002296803216,673
CAND_03367,Al20.71Co28.95Mo13.79Nb17.32W19.23,5,20.71,28.95,0.0,0.0,0.0,0.0,13.79,17.32,0.0,0.0,0.0,19.23,100.0,True,886.0549,1274.475,61.290886,387.0408,1.4383702886584344,True,0.44094235,0.5528340783835654,0.7525658263051818,0.3937021192702948,0.5453297020968232,False,795,1184.875614420573,204.85919034565657,0.17289510211233158,Low,0.44094233433689284,0.5528340783835654,0.7525658263051818,0.39370211927029486,0.5350110895739837,0.4561457274486463,674
CAND_04924,Al18.86Co23.23Cu15.24Mn21.81Ni6.92Ti13.94,6,18.86,23.23,0.0,15.24,0.0,21.81,0.0,0.0,6.92,13.94,0.0,0.0,100.0,True,873.105,1421.847,55.17585,345.9286,1.6284948909999837,True,0.43014246,0.6685686846980939,0.6431944266308329,0.3056022194872292,0.5362522896267564,False,917,1409.8519978841146,172.28860643126833,0.12220332821447683,Low,0.4301424877709557,0.6685686846980939,0.6431944266308329,0.3056022194872292,0.511876954646778,0.45613565899970976,675
CAND_03968,Al6.59Co37.55Cr14.24Cu10.15V15.61W15.86,6,6.59,37.55,14.24,10.15,0.0,0.0,0.0,0.0,0.0,0.0,15.61,15.86,100.0,True,1073.1891,1003.3445,71.175964,315.51059999999995,0.9349186571446608,False,0.5970069,0.3399090880369509,0.9293668814011962,0.2404190682182312,0.5494793850742963,True,112,1185.526944986979,183.84361063018275,0.15507332954984163,Low,0.5970069099119464,0.3399090880369509,0.9293668814011962,0.24041906821823125,0.5266754868920812,0.45596714374604996,676
CAND_01800,Co43.52Cr5.10Ni41.93V9.45,4,0.0,43.52,5.1,0.0,0.0,0.0,0.0,0.0,41.93,0.0,9.45,0.0,100.0,True,992.8769,1113.2144,73.30124,283.3956,1.1212008345333382,True,0.5300289,0.4261924364499236,0.9673788261901236,0.1715993922696527,0.554451013195934,True,109,1039.6706705729166,154.69492077297855,0.1487922331094836,Low,0.5300288299752014,0.42619243644992366,0.9673788261901235,0.1715993922696527,0.5237998712212253,0.45595700956598084,677
CAND_00020,Al10.46Cr37.76Mn16.57Ti35.21,4,10.46,0.0,37.76,0.0,0.0,16.57,0.0,0.0,0.0,35.21,0.0,0.0,100.0,True,991.82715,1469.6387,55.50145,339.131,1.4817488131023964,True,0.52915335,0.7061006011042095,0.649017994592488,0.2910355487966466,0.5764860154034961,False,485,1035.883634440104,199.8184233293015,0.19289659251862157,Low,0.5291533684710514,0.7061006011042095,0.649017994592488,0.2910355487966466,0.5438268782410989,0.45588769525520256,678
CAND_03814,Al21.19Cr8.92Nb40.69V9.01W20.19,5,21.19,0.0,8.92,0.0,0.0,0.0,0.0,40.69,0.0,0.0,9.01,20.19,100.0,True,1143.0719,1182.6744,49.404243,374.695,1.034645677674552,True,0.6552872,0.480740965034778,0.5399654781896023,0.3672461343621223,0.5308867559651964,False,989,1421.4602457682292,171.720502457525,0.1208057017202887,Low,0.6552871682612824,0.48074096503477803,0.5399654781896023,0.3672461343621223,0.5108099364619463,0.45575244279889054,679
CAND_03966,Co26.24Cr44.47Fe6.21Mn6.80Mo16.28,5,0.0,26.24,44.47,0.0,6.21,6.8,16.28,0.0,0.0,0.0,0.0,0.0,100.0,True,724.071,1495.7389,70.17137,312.6196,2.0657351741552583,True,0.30585238,0.7265976858403227,0.9113990637326734,0.2342239044889042,0.5727183753513834,True,97,1027.7362752278646,200.67249647006955,0.19525680012177973,Low,0.30585239031013606,0.7265976858403227,0.9113990637326734,0.2342239044889042,0.544518261093009,0.4555659177488305,681
CAND_03041,Al33.77Fe25.90Nb8.75Ni14.34W17.24,5,33.77,0.0,0.0,0.0,25.9,0.0,0.0,8.75,14.34,0.0,0.0,17.24,100.0,True,1015.3616,1462.0406,41.631073,430.4334666666666,1.439921147239873,True,0.5487804,0.7001336391830955,0.4009372725001087,0.4866888624913656,0.5479118626982179,False,760,1203.2621541341146,208.45487427688386,0.17324144498410748,Low,0.5487804272910977,0.7001336391830955,0.40093727250010874,0.48668886249136567,0.5341350503664168,0.4552643896531051,683
CAND_02763,Al20.09Fe16.95Mn12.71Nb21.30W28.95,5,20.09,0.0,0.0,0.0,16.95,12.71,0.0,21.3,0.0,0.0,0.0,28.95,100.0,True,975.46954,1524.1106,45.720467,347.411,1.5624379153844243,True,0.51551163,0.7488786315421785,0.4740787463360573,0.3087788748702643,0.5441535968668987,False,815,1372.5613037109374,170.52930259615763,0.12424166566193043,Low,0.5155115891379725,0.7488786315421785,0.47407874633605734,0.30877887487026434,0.5118119604716181,0.45525083805737954,684
CAND_01472,Al36.12Ni19.93V17.18W26.77,4,36.12,0.0,0.0,0.0,0.0,0.0,0.0,0.0,19.93,0.0,17.18,26.77,100.0,True,928.7405,1023.6422,54.991074,491.2534,1.1021832510585232,True,0.4765409,0.3558493366499194,0.6398895875838956,0.6170207355480106,0.5022425851587287,False,1508,1387.4343017578126,205.4216186212955,0.14805862761287952,Low,0.47654090502662516,0.35584933664991947,0.6398895875838956,0.6170207355480108,0.5223251412021128,0.45496382208996267,688
CAND_04181,Al38.30Fe7.70Mn32.79Mo13.34Ni7.87,5,38.3,0.0,0.0,0.0,7.7,32.79,13.34,0.0,7.87,0.0,0.0,0.0,100.0,True,647.0517,1356.6045,49.729645,525.6013333333333,2.096593682941565,True,0.24162051,0.6173322554410056,0.5457855047923618,0.6906253950997274,0.4977260168304395,False,1610,1361.94794921875,206.78994889028934,0.15183395885937465,Low,0.2416204948811459,0.6173322554410056,0.5457855047923618,0.6906253950997274,0.5238409125535601,0.45478856437980303,690
CAND_00853,Al13.76Cr25.66Cu40.95Nb19.63,4,13.76,0.0,25.66,40.95,0.0,0.0,0.0,19.63,0.0,0.0,0.0,0.0,100.0,True,1050.8407,1519.0409,50.43345,327.051,1.445548219193454,True,0.57836896,0.7448972800396355,0.5583735153858899,0.2651491503704025,0.5763456358781721,False,487,1068.0675170898437,192.72042110021812,0.18043842548954409,Low,0.5783689829013756,0.7448972800396355,0.5583735153858899,0.2651491503704025,0.5366972321743259,0.4546592355732152,691
CAND_01362,Co28.81Cu8.48Mn17.79Mo13.14Nb17.83W13.95,6,0.0,28.81,0.0,8.48,0.0,17.79,13.14,17.83,0.0,0.0,0.0,13.95,100.0,True,761.9594,1402.2317,66.445145,322.0826,1.840297105874322,True,0.33745027,0.6531643404316027,0.8447531038803439,0.254502297560721,0.546548006969343,False,781,1113.572871907552,166.24843224960077,0.1492928181384456,Low,0.3374502332764022,0.6531643404316027,0.8447531038803439,0.2545022975607212,0.5224674937872675,0.4545991113331139,693
CAND_01969,Al21.73Co7.33Cu33.93Nb22.97Ti14.04,5,21.73,7.33,0.0,33.93,0.0,0.0,0.0,22.97,0.0,14.04,0.0,0.0,100.0,True,1091.2377,1370.9207,47.5542,362.532,1.2562989132067754,True,0.61205894,0.6285750951318563,0.5068762547790236,0.3411818740923866,0.5500865546130481,False,740,1328.6240966796875,197.8372023168409,0.1489038192301706,Low,0.6120589265862041,0.6285750951318563,0.5068762547790236,0.3411818740923866,0.5221730376473677,0.4544967375922317,694
CAND_03567,Co26.51Cr13.09Nb15.03Ni31.52Ti6.08W7.77,6,0.0,26.51,13.09,0.0,0.0,0.0,0.0,15.03,31.52,6.08,0.0,7.77,100.0,True,973.5134,1444.1888,60.973675,282.33540000000005,1.4834811301586377,True,0.51388025,0.6861142118495063,0.746892301069664,0.16932747508327,0.5721205359361988,False,522,1129.634171549479,186.20187851619372,0.16483378708417365,Low,0.5138802242732637,0.6861142118495063,0.746892301069664,0.16932747508327003,0.529053553068926,0.45418802144575443,697
CAND_03196,Al27.09Co31.27Mo32.13Nb9.51,4,27.09,31.27,0.0,0.0,0.0,0.0,32.13,9.51,0.0,0.0,0.0,0.0,100.0,True,856.63574,1226.4994,51.399002,485.6151333333333,1.431763046528993,True,0.41640761,0.51515774109627,0.5756430414685436,0.6049384162295717,0.5141211355748267,False,1272,1156.4020670572916,188.42004638131473,0.16293644896432016,Low,0.4164075955281952,0.51515774109627,0.5756430414685436,0.6049384162295717,0.5280366985806451,0.45405464679596236,698
CAND_01197,Al28.70Cu35.53Mn5.86Mo8.73Ni9.06W12.12,6,28.7,0.0,0.0,35.53,0.0,5.86,8.73,0.0,9.06,0.0,0.0,12.12,100.0,True,762.8219,1452.7922,49.046738,437.1213333333333,1.9044972373183264,True,0.33816954,0.6928706588812792,0.5335712685331786,0.5010203841101514,0.5178579403651173,False,1199,1419.749422200521,195.05213142649757,0.13738489931848624,Low,0.33816953363108615,0.6928706588812792,0.5335712685331786,0.5010203841101514,0.5164079612889239,0.45403096313161195,699
CAND_02451,Cr33.49Fe9.02Mo25.63Nb31.86,4,0.0,0.0,33.49,0.0,9.02,0.0,25.63,31.86,0.0,0.0,0.0,0.0,100.0,True,985.8291,1465.0039,57.59517,315.95,1.4860627442200955,True,0.52415115,0.7024607865305688,0.6864655397788414,0.2413606645318482,0.5758040734479236,False,491,1013.7008341471354,188.91661365750994,0.1863632812499879,Low,0.524151166161009,0.7024607865305688,0.6864655397788414,0.2413606645318482,0.5386095392505668,0.45400051380810746,700
CAND_00128,Cr42.10Fe13.93Mo8.73Ti22.75W12.49,5,0.0,0.0,42.1,0.0,13.93,0.0,8.73,0.0,0.0,22.75,0.0,12.49,100.0,True,939.6496,1602.8617,52.28141,300.127,1.7058078935285037,True,0.48563883,0.8107236737166489,0.5914254829854607,0.207453339838267,0.5678831219627484,False,569,1151.8202880859376,177.43384002741567,0.1540464618159055,Low,0.4856387827069519,0.8107236737166489,0.5914254829854607,0.20745333983826705,0.5238103198118321,0.4538901483980208,701
CAND_04566,Co35.11Cr13.17Fe11.23Nb13.51V26.98,5,0.0,35.11,13.17,0.0,11.23,0.0,0.0,13.51,0.0,0.0,26.98,0.0,100.0,True,1186.5651,1362.1987,50.147343,316.1446,1.1480185469213475,True,0.69155926,0.6217255088042275,0.5532563054386992,0.2417776755528537,0.5685661598510449,False,562,1134.2489949544272,184.088831001474,0.16230019318542177,Low,0.6915592542744267,0.6217255088042275,0.5532563054386992,0.24177767555285382,0.5270796860175518,0.45347982311955687,705
CAND_03262,Co18.68Cr29.96Mn16.62Mo8.60W26.14,5,0.0,18.68,29.96,0.0,0.0,16.62,8.6,0.0,0.0,0.0,0.0,26.14,100.0,True,727.1224,1485.5829,65.066635,311.289,2.043098864895188,True,0.30839717,0.7186219464751085,0.8200975551370354,0.2313725434172187,0.5478360108741818,False,762,1110.203348795573,162.06403003702525,0.1459768881194997,Low,0.30839717071857936,0.7186219464751085,0.8200975551370354,0.23137254341721875,0.5196223039369855,0.45343174833976285,708
CAND_00980,Al12.58Cr21.87Fe22.04Mn5.24Mo17.81Nb20.46,6,12.58,0.0,21.87,0.0,22.04,5.24,17.81,20.46,0.0,0.0,0.0,0.0,100.0,True,1228.4645,1455.7502,50.960064,289.12533333333334,1.185016112892617,True,0.7265022,0.6951936440173861,0.5677923495952236,0.1838777167682287,0.5960384951293345,False,350,1018.60234375,202.35714443792952,0.19866157355671166,Low,0.7265021566292575,0.6951936440173861,0.5677923495952236,0.18387771676822878,0.543341466752524,0.45329013521331274,709
CAND_02678,Al20.65Co12.75Nb31.55Ti5.88V17.54W11.63,6,20.65,12.75,0.0,0.0,0.0,0.0,0.0,31.55,0.0,5.88,17.54,11.63,100.0,True,1150.02,1170.545,49.249702,380.893,1.0178474984088677,True,0.66108173,0.4712154694601,0.5372014118002836,0.3805279139520114,0.5310687121976598,False,987,1565.8979736328124,204.8577689182156,0.13082446772886158,Low,0.6610816851243306,0.47121546946010007,0.5372014118002836,0.3805279139520114,0.5125066200841814,0.45321500790789876,711
CAND_04646,Al31.66Co10.46Mo12.20Nb12.74Ti32.94,5,31.66,10.46,0.0,0.0,0.0,0.0,12.2,12.74,0.0,32.94,0.0,0.0,100.0,True,750.42676,1326.639,49.642395,508.7813333333333,1.7678460771670286,True,0.32783237,0.5937996621022573,0.544224981743669,0.6545815853704704,0.5107330946612237,False,1340,1216.9317260742187,207.66254481483412,0.17064436760535992,Low,0.32783234105328163,0.5937996621022573,0.544224981743669,0.6545815853704704,0.5301096425674197,0.4528357691173096,716
CAND_04261,Al30.97Co7.64Cr11.62Mn34.71Mo15.06,5,30.97,7.64,11.62,0.0,0.0,34.71,15.06,0.0,0.0,0.0,0.0,0.0,100.0,True,759.071,1455.1307,46.98139,466.0196666666666,1.9169889653128396,True,0.3350414,0.6947071364812745,0.4966311750366535,0.562947020742691,0.5175244104361995,False,1206,1354.7628662109375,208.17932171662025,0.15366476813677782,Low,0.33504139021035134,0.6947071364812745,0.4966311750366535,0.5629470207426908,0.5223316806177425,0.4527586306213827,717
CAND_00456,Al9.27Co36.68Cu10.25Fe14.99Nb18.23V10.58,6,9.27,36.68,0.0,10.25,14.99,0.0,0.0,18.23,0.0,0.0,10.58,0.0,100.0,True,1320.3395,1020.5587,54.16056,326.19640000000004,0.7729517426095491,False,0.8031233,0.3534277934899512,0.6250353040393436,0.2633178162565724,0.5427218310479195,False,833,1189.7846638997396,153.86609561957772,0.12932264155704704,Low,0.8031232813673228,0.3534277934899512,0.6250353040393436,0.26331781625657247,0.5112260487882975,0.4526837858164674,718
CAND_02004,Al17.36Cu8.57Mn37.22Mo8.63W28.22,5,17.36,0.0,0.0,8.57,0.0,37.22,8.63,0.0,0.0,0.0,0.0,28.22,100.0,True,843.9568,1546.0818,51.651527,321.4863333333334,1.8319442696769628,True,0.40583372,0.766133118027113,0.5801596154842592,0.2532245495059512,0.5346136455039386,False,940,1439.7144124348958,156.01897701181582,0.10836800386539926,Low,0.4058337218597713,0.766133118027113,0.5801596154842592,0.25322454950595125,0.5013377512192737,0.45232066377852276,720
CAND_04719,Al21.41Mn11.37Mo7.13Ti39.73W20.36,5,21.41,0.0,0.0,0.0,0.0,11.37,7.13,0.0,0.0,39.73,0.0,20.36,100.0,True,1002.86285,1333.2863,49.085983,373.54,1.329480192308336,True,0.5383569,0.5990199390107241,0.5342731909061982,0.3647710689496793,0.5294970098367634,False,1006,1383.862548828125,174.24284486184638,0.1259105140242416,Low,0.5383568269338743,0.5990199390107241,0.5342731909061982,0.3647710689496793,0.5091052564501191,0.45217204219051965,721
CAND_02244,Al25.32Cu36.05Fe6.04Mn8.98Nb23.61,5,25.32,0.0,0.0,36.05,6.04,8.98,0.0,23.61,0.0,0.0,0.0,0.0,100.0,True,935.5725,1441.3018,46.382477,405.8333333333333,1.5405559536599336,True,0.48223862,0.683846984639249,0.4859192261465467,0.4339728978551574,0.5364014257428086,False,914,1325.005790201823,203.8140431623082,0.15382124717452256,Low,0.4822385978071471,0.683846984639249,0.48591922614654676,0.43397289785515747,0.521494426612025,0.45197159255739183,723
CAND_02657,Al20.88Cr32.86Cu11.91Mo34.35,4,20.88,0.0,32.86,11.91,0.0,0.0,34.35,0.0,0.0,0.0,0.0,0.0,100.0,True,948.2761,1373.1609,54.086987,375.689,1.4480601869294585,True,0.49283305,0.6303343754908514,0.623719403039212,0.3693761906564672,0.5482865094173327,False,754,1215.029386393229,208.62598467793148,0.17170447646310036,Low,0.4928330372109293,0.6303343754908514,0.623719403039212,0.36937619065646726,0.5290657515993651,0.4515351457872719,726
CAND_00821,Al25.94Cu23.17Mo16.56Nb24.69Ti9.64,5,25.94,0.0,0.0,23.17,0.0,0.0,16.56,24.69,0.0,9.64,0.0,0.0,100.0,True,955.70966,1320.7732,46.366234,434.2263333333333,1.3819816426855276,True,0.49903247,0.5891931150395877,0.4856287095175505,0.4948166487257161,0.5220973554416908,False,1128,1233.641202799479,180.02502911003955,0.1459298122513354,Low,0.4990324138423077,0.5891931150395877,0.4856287095175505,0.4948166487257161,0.5171677217812904,0.4513083753055032,729
CAND_02419,Cr27.27Mo8.33Nb32.77Ti9.64W21.99,5,0.0,0.0,27.27,0.0,0.0,0.0,8.33,32.77,0.0,9.64,0.0,21.99,100.0,True,899.81946,1547.216,51.39483,313.706,1.7194738191431358,True,0.45242158,0.7670238312594905,0.5755684225326222,0.2365519660162446,0.5452085315895411,False,796,1116.8840413411458,140.8409875642739,0.12610171007113066,Low,0.45242158406450744,0.7670238312594905,0.5755684225326222,0.23655196601624462,0.5078914509682162,0.4510173871737883,731
CAND_01755,Al24.47Cu13.07Mo11.26Nb19.39Ni18.57V13.24,6,24.47,0.0,0.0,13.07,0.0,0.0,11.26,19.39,18.57,0.0,13.24,0.0,100.0,True,1314.8634,929.88824,51.231705,384.6055,0.7072128083052829,False,0.7985564,0.28222220496257,0.5726508257152234,0.3884834813491498,0.5256688123077545,False,1073,1440.9264567057292,189.99409230117703,0.1318555096389477,Low,0.798556370442935,0.28222220496257006,0.5726508257152234,0.38848348134914984,0.5104782206174696,0.451010059384972,732
CAND_00865,Al22.20Cu11.06Nb10.42Ni44.62W11.70,5,22.2,0.0,0.0,11.06,0.0,0.0,0.0,10.42,44.62,0.0,0.0,11.7,100.0,True,876.527,1583.3705,51.16255,344.4831333333333,1.8064138818014157,True,0.4329963,0.7954167880219598,0.5714139435211564,0.3025047090530247,0.556753119497759,False,673,1208.0680786132812,200.38666402437642,0.16587365196702866,Low,0.43299633798977105,0.7954167880219598,0.5714139435211564,0.30250470905302473,0.5255829446464779,0.45080609186057974,734
CAND_03692,Al22.64Cr10.71Cu14.07Mn34.87Nb17.71,5,22.64,0.0,10.71,14.07,0.0,34.87,0.0,17.71,0.0,0.0,0.0,0.0,100.0,True,1008.6503,1500.7614,44.93895,358.4690333333333,1.487890655436823,True,0.54318345,0.730541970102019,0.4601008060329588,0.3324752868468665,0.5470141312659487,False,776,1407.755948893229,205.6695032582661,0.1460974137029664,Low,0.5431833948616601,0.730541970102019,0.46010080603295883,0.3324752868468665,0.516575364460876,0.45072553020764133,735
CAND_02105,Cr30.04Fe36.30Mo10.99V22.67,4,0.0,0.0,30.04,0.0,36.3,0.0,10.99,0.0,0.0,0.0,22.67,0.0,100.0,True,1388.7909,1272.7106,53.607224,251.02900000000005,0.9164162912549252,False,0.8602098,0.5514484546600539,0.6151385294643118,0.1022405592147792,0.5926182113636572,False,368,1144.0988606770834,207.32571889815299,0.18121311542558183,Low,0.8602097930178827,0.5514484546600539,0.6151385294643118,0.10224055921477923,0.5322593340892569,0.45060398258233697,737
CAND_01771,Co5.49Cr40.97Mo14.56Nb27.62Ni11.36,5,0.0,5.49,40.97,0.0,0.0,0.0,14.56,27.62,11.36,0.0,0.0,0.0,100.0,True,871.56104,1463.3329,61.903027,298.824,1.67897925787568,True,0.42885485,0.7011485119658512,0.7635143665865562,0.2046611231868269,0.5605787755493259,False,636,1127.0388102213542,185.14752383420512,0.1642778599592693,Low,0.4288548692485004,0.7011485119658512,0.7635143665865562,0.20466112318682697,0.5245447177469337,0.45053224473862635,740
CAND_01753,Co38.26Mo17.16Nb19.51Ni7.50V17.57,5,0.0,38.26,0.0,0.0,0.0,0.0,17.16,19.51,7.5,0.0,17.57,0.0,100.0,True,1173.6725,1217.0676,52.156006,320.73040000000003,1.036973785438481,True,0.6808072,0.5077507325747235,0.589182550808976,0.2516046495514524,0.5416037098632429,False,850,1161.2002685546875,146.44425914177415,0.12611455845084252,Low,0.6808071942711832,0.5077507325747235,0.589182550808976,0.2516046495514524,0.5073362818015837,0.45051924601659443,741
CAND_01694,Al9.76Co38.01Cr8.75Mo8.01Nb11.55Ni23.92,6,9.76,38.01,8.75,0.0,0.0,0.0,8.01,11.55,23.92,0.0,0.0,0.0,100.0,True,995.9826,1425.5308,51.45891,316.11240000000004,1.4312808204395846,True,0.53261894,0.6714616571945076,0.5767145350479259,0.2417086737292342,0.5416591199031503,False,846,1143.3730875651042,140.2295597566839,0.12264549627918293,Low,0.5326188950320614,0.6714616571945076,0.5767145350479259,0.24170867372923424,0.5056259402509323,0.45038789353072123,742
CAND_00127,Al33.10Mn26.27Nb5.42Ni35.21,4,33.1,0.0,0.0,0.0,0.0,26.27,0.0,5.42,35.21,0.0,0.0,0.0,100.0,True,707.90704,1511.1782,51.61035,441.6356,2.1347127620319064,True,0.29237214,0.7387225216793687,0.579423138033531,0.5106940683432347,0.5307882984165793,False,992,1154.7520467122397,205.41329202990858,0.17788519415466936,Low,0.29237210954364795,0.7387225216793687,0.579423138033531,0.5106940683432347,0.5303029593999455,0.4502161688011768,744
CAND_03640,Cr27.40Mn11.88Mo8.90Nb22.50Ti29.32,5,0.0,0.0,27.4,0.0,0.0,11.88,8.9,22.5,0.0,29.32,0.0,0.0,100.0,True,991.3919,1522.7814,53.373432,311.527,1.536003461042981,True,0.5287904,0.7478347803444391,0.6109570073485522,0.2318825568961464,0.5705092056958238,False,544,1114.1580118815104,197.21059585876566,0.17700415359014515,Low,0.5287903824080066,0.7478347803444391,0.6109570073485522,0.2318825568961464,0.529866181749286,0.4501820831583873,745
CAND_02914,Al23.71Cu24.17Mo10.16Ni10.51Ti6.30W25.15,6,23.71,0.0,0.0,24.17,0.0,0.0,10.16,0.0,10.51,6.3,0.0,25.15,100.0,True,880.0001,1439.2803,47.556908,379.0481,1.6355455685777742,True,0.43589282,0.6822594543983291,0.5069246891218988,0.3765744523248113,0.5186630285166426,False,1187,1423.8905029296875,159.32149085997946,0.11189167322358835,Low,0.43589280414844067,0.6822594543983291,0.5069246891218988,0.3765744523248113,0.50041284999837,0.45005539842525905,746
CAND_03479,Al20.38Co16.44Cu16.97Nb28.61V17.60,5,20.38,16.44,0.0,16.97,0.0,0.0,0.0,28.61,0.0,0.0,17.6,0.0,100.0,True,1184.6649,1094.5126,49.503937,392.1206,0.9239005766954927,False,0.68997455,0.4115054846519358,0.5417485702791884,0.4045876926747348,0.5265693147370333,False,1055,1462.0324788411458,201.23345512794407,0.13763952445669894,Low,0.6899745417712726,0.41150548465193587,0.5417485702791884,0.40458769267473493,0.511954072344283,0.4500143159044832,748
CAND_03517,Al10.18Cr24.79Mn21.60Mo13.19Nb16.58Ti13.66,6,10.18,0.0,24.79,0.0,0.0,21.6,13.19,16.58,0.0,13.66,0.0,0.0,100.0,True,1041.5912,1507.1497,49.972755,306.1513333333333,1.4469685606984413,True,0.57065517,0.735558848379569,0.5501336854040264,0.2203629667355493,0.5624520710060538,False,614,1222.0225911458333,190.07999244921143,0.15554539975482967,Low,0.5706551641991745,0.735558848379569,0.5501336854040264,0.22036296673554923,0.5191776661795798,0.44929231364664074,751
CAND_00770,Al10.44Co39.43Mo13.26Nb13.60Ni18.05V5.22,6,10.44,39.43,0.0,0.0,0.0,0.0,13.26,13.6,18.05,0.0,5.22,0.0,100.0,True,1113.1008,1090.0425,60.07483,331.0942,0.9792845989733864,False,0.6302922,0.4079950127598086,0.7308158731074589,0.273813379353597,0.5352621381284066,False,933,1165.9026529947917,159.53779218031568,0.13683628883639598,Low,0.6302921272638726,0.40799501275980865,0.7308158731074589,0.27381337935359706,0.5107290981211843,0.44925474594406106,752
CAND_00420,Al18.74Cu10.59Fe17.53Mn30.68Nb9.98Ni12.48,6,18.74,0.0,0.0,10.59,17.53,30.68,0.0,9.98,12.48,0.0,0.0,0.0,100.0,True,990.3301,1594.1184,45.498955,286.7703333333334,1.6096839177278726,True,0.52790487,0.8038573600112653,0.4701168600144291,0.1788311548233774,0.5438825596485003,False,818,1628.1804117838542,166.8682703073649,0.1024875800615621,Low,0.5279048715481767,0.8038573600112653,0.47011686001442915,0.17883115482337744,0.49517756159931214,0.4491457051803357,753
CAND_03373,Al13.81Cr30.68Fe21.19Mo22.45Ni11.87,5,13.81,0.0,30.68,0.0,21.19,0.0,22.45,0.0,11.87,0.0,0.0,0.0,100.0,True,1037.9224,1414.8474,59.69543,279.1410000000001,1.3631534015002365,True,0.5675955,0.6630717385322066,0.7240300571226557,0.162482151313999,0.5745800120398901,False,502,1160.4778849283855,207.39402158201315,0.17871432474114893,Low,0.5675954898324913,0.6630717385322066,0.7240300571226557,0.16248215131399904,0.5292948592003381,0.44904422393998966,754
CAND_02289,Co30.47Mo16.51Nb17.08V35.94,4,0.0,30.47,0.0,0.0,0.0,0.0,16.51,17.08,0.0,0.0,35.94,0.0,100.0,True,1186.5208,1152.1302,57.372353,319.7384,0.9710156338213934,False,0.6915223,0.4567539053342092,0.6824803126826738,0.2494788790846614,0.552524774686876,False,712,1095.1942260742187,173.20755018374797,0.1581523587871893,Low,0.6915223093402673,0.45675390533420923,0.6824803126826738,0.24947887908466143,0.520058851610453,0.44904182741125326,755
CAND_00035,Al37.34Cu20.49Fe10.93Ni21.90V9.34,5,37.34,0.0,0.0,20.49,10.93,0.0,0.0,0.0,21.9,0.0,9.34,0.0,100.0,True,948.2667,1049.7482,52.82322,485.9392,1.1070178609436083,True,0.4928252,0.3763509762588484,0.6011161075472063,0.6056328631542405,0.5018768122659277,False,1514,1329.958203125,208.63385114908823,0.15687248716453023,Low,0.4928251978795276,0.37635097625884845,0.6011161075472063,0.6056328631542405,0.5189812862099558,0.4486071645475534,760
CAND_03171,Al28.92Cr19.06Cu7.90Mn27.48Mo16.64,5,28.92,0.0,19.06,7.9,0.0,27.48,16.64,0.0,0.0,0.0,0.0,0.0,100.0,True,770.12256,1442.4355,48.067772,446.24976666666674,1.872994738180244,True,0.3442581,0.6847373052101768,0.5160618243281734,0.5205818296626411,0.5158013594833895,False,1237,1272.9917805989583,192.44489676773802,0.15117528620427567,Low,0.3442580754599863,0.6847373052101768,0.5160618243281734,0.5205818296626411,0.5164097586652444,0.4485935068741631,761
CAND_00601,Al17.53Co10.25Cr10.51V30.39W31.32,5,17.53,10.25,10.51,0.0,0.0,0.0,0.0,0.0,0.0,0.0,30.39,31.32,100.0,True,1214.5757,1096.8762,48.866592,358.479,0.903094154457716,False,0.71491927,0.4133616738567034,0.5303492400503151,0.3324966445541774,0.5209461044793567,False,1146,1503.767911783854,164.9962840816867,0.10972190774170651,Low,0.7149192942917116,0.41336167385670347,0.5303492400503151,0.3324966445541774,0.49778171318822695,0.4485643742955539,762
CAND_01441,Al14.13Cr27.45Cu5.13Mo23.03W30.26,5,14.13,0.0,27.45,5.13,0.0,0.0,23.03,0.0,0.0,0.0,0.0,30.26,100.0,True,863.5558,1436.7465,55.41665,350.218,1.663756439446788,True,0.42217875,0.680269603236102,0.6475012913887154,0.3147940338423229,0.5398289354555227,False,868,1046.4590413411458,157.7584837879511,0.15075457094409278,Low,0.4221787278324661,0.680269603236102,0.6475012913887154,0.3147940338423229,0.5161859140749016,0.44856299258617455,763
CAND_00525,Cr27.74Fe18.45Mo34.00Nb19.81,4,0.0,0.0,27.74,0.0,18.45,0.0,34.0,19.81,0.0,0.0,0.0,0.0,100.0,True,1140.6226,1490.2032,53.11087,250.3243333333333,1.306482314217282,True,0.6532445,0.7222503738667093,0.6062609150538713,0.1007305193065814,0.5793232704172537,False,465,1096.67490234375,176.93125017616862,0.16133427490502555,Low,0.6532445220482653,0.7222503738667093,0.6062609150538713,0.10073051930658146,0.5206215825688568,0.448296062398945,767
CAND_03712,Cr38.37Mo10.86Ti26.86W23.91,4,0.0,0.0,38.37,0.0,0.0,0.0,10.86,0.0,0.0,26.86,0.0,23.91,100.0,True,876.3556,1560.2731,54.09114,305.753,1.7804109614220716,True,0.43285337,0.7772778708878423,0.6237936821477648,0.2195093727477081,0.5519142079276235,False,723,1035.4317708333333,150.4038929554452,0.14525717405251876,Low,0.43285339528740263,0.7772778708878423,0.6237936821477648,0.21950937274770818,0.5133585802676794,0.448247425904479,768
CAND_00826,Co38.37Cu26.63Mn13.12Mo11.29W10.59,5,0.0,38.37,0.0,26.63,0.0,13.12,11.29,0.0,0.0,0.0,0.0,10.59,100.0,True,702.24194,1527.2969,61.561806,318.56073333333336,2.174887037783216,True,0.2876476,0.7513809058961941,0.7574114068708192,0.2469552409599396,0.5381046955835989,False,892,1126.8436401367187,157.58080941058927,0.13984265766585874,Low,0.28764757801979907,0.7513809058961941,0.7574114068708192,0.2469552409599396,0.5108487829366879,0.4481748243944399,770
CAND_04075,Co35.78Ni23.80V28.98W11.44,4,0.0,35.78,0.0,0.0,0.0,0.0,0.0,0.0,23.8,0.0,28.98,11.44,100.0,True,1039.0011,1102.7578,68.78582,286.2608,1.0613634590483907,True,0.5684951,0.4179806290211821,0.8866176000064103,0.1777392688235329,0.5442580074643333,False,812,1093.129972330729,157.56788323072192,0.14414377724431235,Low,0.568495094809416,0.41798062902118216,0.8866176000064103,0.1777392688235331,0.5127081481651354,0.44811513934026787,772
CAND_02836,Al22.50Co10.05Nb15.43Ni24.39Ti22.45V5.18,6,22.5,10.05,0.0,0.0,0.0,0.0,0.0,15.43,24.39,22.45,5.18,0.0,100.0,True,1141.7184,1030.2915,60.73416,363.2057333333333,0.902404230875861,False,0.6541584,0.3610711842041848,0.7426084193733009,0.3426256265344155,0.5416148370484957,False,849,1208.843896484375,208.08948598609072,0.17213925353907797,Low,0.6541583879365699,0.3610711842041848,0.7426084193733009,0.34262562653441536,0.5251159045121178,0.4479978832946839,773
CAND_01105,Al29.91Co6.85Cu26.42Fe23.01Nb7.83W5.98,6,29.91,6.85,0.0,26.42,23.01,0.0,0.0,7.83,0.0,0.0,0.0,5.98,100.0,True,989.8078,1514.0255,39.926125,417.96066666666655,1.5296156481610574,True,0.52746934,0.7409585715705241,0.3704431676196171,0.459960727533513,0.5421332825427477,False,840,1164.6078979492188,199.90001450932004,0.17164576580781218,Low,0.5274692882725228,0.7409585715705241,0.37044316761961715,0.459960727533513,0.5247079387490443,0.4478383774871367,775
CAND_01056,Al29.49Co13.83Mo11.47Ni32.75V12.46,5,29.49,13.83,0.0,0.0,0.0,0.0,11.47,0.0,32.75,0.0,12.46,0.0,100.0,True,887.4898,986.47736,62.21218,446.2079666666666,1.1115365518296212,True,0.44213906,0.326662936749379,0.7690437692464136,0.520492255866762,0.5009753795079886,False,1539,1062.5985555013021,160.04296341328248,0.15061470071148272,Low,0.4421389999356591,0.326662936749379,0.7690437692464136,0.520492255866762,0.5145844904495533,0.4472257221564786,779
CAND_03324,Al11.59Co43.02Cr19.26Cu16.68Fe9.45,5,11.59,43.02,19.26,16.68,9.45,0.0,0.0,0.0,0.0,0.0,0.0,0.0,100.0,True,919.8,1453.178,53.96094,368.76993333333337,1.5798847785232693,True,0.46908483,0.6931736364558262,0.6214649703891422,0.3545492273724376,0.5572261663675067,False,665,1074.4803181966147,209.88427162651962,0.19533561301409877,Low,0.46908478349497146,0.6931736364558262,0.6214649703891422,0.35454922737243766,0.5345681544280944,0.4472117693207131,780
CAND_02624,Al20.48Cr7.73Nb16.00Ni17.68V17.48W20.63,6,20.48,0.0,7.73,0.0,0.0,0.0,0.0,16.0,17.68,0.0,17.48,20.63,100.0,True,1228.4376,1141.8417,48.468987,339.8403333333334,0.9295072696289044,False,0.72647977,0.4486741106848386,0.5232378157892774,0.292555588969137,0.5272389620845215,False,1039,1535.5432779947917,173.7278380396069,0.1131377021600274,Low,0.7264797227979056,0.44867411068483865,0.5232378157892774,0.292555588969137,0.49773680956028965,0.44714756188245053,781
CAND_01374,Al26.08Co13.03Mn10.35Mo39.08Ni6.20Ti5.26,6,26.08,13.03,0.0,0.0,0.0,10.35,39.08,0.0,6.2,5.26,0.0,0.0,100.0,True,824.536,1317.5828,49.792595,445.1233333333333,1.5979687761775343,True,0.38963735,0.5866876208616849,0.5469114065220492,0.5181679801537611,0.507350547673484,False,1408,1392.2524088541666,196.85368632021556,0.14139223970330747,Low,0.38963732959513975,0.5866876208616849,0.5469114065220492,0.518167980153761,0.5103510842831587,0.4471303260444621,783
CAND_03959,Al36.79Cu12.80Mo16.04Nb11.17Ni11.43Ti11.77,6,36.79,0.0,0.0,12.8,0.0,0.0,16.04,11.17,11.43,11.77,0.0,0.0,100.0,True,922.1807,1145.0941,42.57132,520.648,1.2417241749210686,True,0.4710703,0.4512282948824975,0.4177542021845141,0.6800108288576198,0.4831297561835301,False,1908,1367.257413736979,177.26124848230677,0.12964731198481308,Low,0.47107021926818426,0.4512282948824975,0.4177542021845141,0.6800108288576198,0.5050158862982039,0.44705624573291003,784
CAND_00663,Co26.45Cr15.77Cu8.29Mo21.73Nb19.35Ni8.41,6,0.0,26.45,15.77,8.29,0.0,0.0,21.73,19.35,8.41,0.0,0.0,0.0,100.0,True,975.3585,1324.9373,57.618626,316.5076,1.3584105456014084,True,0.515419,0.5924632781245315,0.6868850656084131,0.2425555532539072,0.5404692966527747,False,859,1096.9523763020834,153.36574214939318,0.139810757023383,Low,0.5154189849508605,0.5924632781245315,0.6868850656084131,0.24255555325390735,0.5093307204844281,0.4468555129401882,785
CAND_04206,Al24.37Cr10.63Cu28.57Fe14.33Mn10.60Nb11.50,6,24.37,0.0,10.63,28.57,14.33,10.6,0.0,11.5,0.0,0.0,0.0,0.0,100.0,True,1037.1488,1489.6719,38.57894,384.9330333333333,1.4363145333340082,True,0.5669503,0.7218331318103153,0.3463478868935041,0.3891853570415787,0.5315998171424248,False,981,1411.1217447916667,187.4348074460115,0.13282681536006216,Low,0.566950329537554,0.7218331318103153,0.34634788689350415,0.38918535704157875,0.5060791763207381,0.44674011019052706,788
CAND_02415,Al16.07Cu22.35Mn11.86Ni7.53Ti10.44W31.75,6,16.07,0.0,0.0,22.35,0.0,11.86,0.0,0.0,7.53,10.44,0.0,31.75,100.0,True,1030.172,1464.2012,44.57531,343.0513333333334,1.421317220972823,True,0.5611319,0.7018304078393067,0.4535968679077246,0.2994364851071064,0.5372033923922592,False,902,1342.9814615885416,172.30525856942594,0.12830054881443798,Low,0.5611318776945877,0.7018304078393067,0.45359686790772463,0.2994364851071064,0.5039989096371814,0.44668852653378427,789
CAND_00640,Al33.91Fe32.54Nb8.78W24.77,4,33.91,0.0,0.0,0.0,32.54,0.0,0.0,8.78,0.0,0.0,0.0,24.77,100.0,True,953.3268,1483.3055,37.915764,445.7766666666666,1.5559255521340063,True,0.49704516,0.7168334521042596,0.3344865524139629,0.519568017154739,0.5257204270901832,False,1071,1151.6422403971353,182.0846050991071,0.1581086545039513,Low,0.49704517669081555,0.7168334521042596,0.3344865524139629,0.5195680171547388,0.5169832995909442,0.4464031052530057,792
CAND_00346,Cr39.14Fe5.74Mn15.63Nb39.49,4,0.0,0.0,39.14,0.0,5.74,15.63,0.0,39.49,0.0,0.0,0.0,0.0,100.0,True,837.0195,1523.9412,59.245483,314.682,1.8206759271786583,True,0.4000482,0.7487455978430384,0.7159824621176099,0.2386434498626034,0.5594302787070147,False,646,1166.9949300130208,207.9273799661169,0.17817333616333442,Low,0.40004821188812084,0.7487455978430384,0.7159824621176099,0.2386434498626034,0.5258549304278431,0.4463307004895093,793
CAND_00854,Al20.68Co13.55Cu12.64Mo12.05Nb27.76Ni13.32,6,20.68,13.55,0.0,12.64,0.0,0.0,12.05,27.76,13.32,0.0,0.0,0.0,100.0,True,963.63153,1287.2723,55.05278,366.5072,1.335855312852262,True,0.5056391,0.5628840911226809,0.640993239563754,0.3497003849387447,0.5332603297593564,False,958,1363.4522257486979,209.6412974074476,0.1537577140206211,Low,0.5056390270605797,0.5628840911226809,0.640993239563754,0.3497003849387447,0.5148041856714398,0.44619782768554367,794
CAND_02538,Cr22.03Fe11.41Nb15.08Ni29.75V21.73,5,0.0,0.0,22.03,0.0,11.41,0.0,0.0,15.08,29.75,0.0,21.73,0.0,100.0,True,1342.3934,1145.7249,58.31024,271.3568,0.8534941189083783,False,0.8215156,0.4517236765673711,0.6992550322307479,0.1458012818910213,0.57865575413915,False,472,994.1032755533854,185.95499859908634,0.18705802824718704,Low,0.8215156037930187,0.4517236765673711,0.6992550322307479,0.14580128189102132,0.5295738986205397,0.4461230083271581,795
CAND_01242,Al30.38Co13.42Cu33.57Fe6.46Mo16.17,5,30.38,13.42,0.0,33.57,6.46,0.0,16.17,0.0,0.0,0.0,0.0,0.0,100.0,True,666.0278,1310.9111,51.668022,483.1403333333333,1.968252912396484,True,0.25744602,0.5814481820744755,0.5804546392973042,0.5996351332142349,0.4867271906812834,False,1828,1345.7899658203125,177.38395280723685,0.13180656514935024,Low,0.25744602005275946,0.5814481820744755,0.5804546392973042,0.5996351332142347,0.5047459936596934,0.4459648929435998,797
CAND_01415,Al17.42Co25.64Cu11.62Mo31.29Nb14.03,5,17.42,25.64,0.0,11.62,0.0,0.0,31.29,14.03,0.0,0.0,0.0,0.0,100.0,True,983.3145,1191.3594,55.43475,363.8314,1.2115751195003297,True,0.52205414,0.487561494415133,0.6478250216715962,0.3439663762542295,0.5164359009203957,False,1221,1227.3569702148438,150.55320465290706,0.12266456157946724,Low,0.5220540616138922,0.487561494415133,0.6478250216715962,0.34396637625422943,0.5003517384887127,0.445682312965123,799
CAND_04397,Co5.93Cr34.43Mn17.14Mo7.63Nb11.82V23.05,6,0.0,5.93,34.43,0.0,0.0,17.14,7.63,11.82,0.0,0.0,23.05,0.0,100.0,True,1271.2933,1209.6594,51.483982,309.23,0.9515187146302224,False,0.7622202,0.501932903472185,0.5771629640894941,0.2269602839503614,0.5575807217799963,False,661,1214.5334025065104,194.76134007050305,0.16035898203257448,Low,0.7622201520271531,0.501932903472185,0.5771629640894941,0.22696028395036147,0.5170690758847984,0.44561130123632975,800
CAND_01723,Cr41.19Nb17.47Ni27.12V14.22,4,0.0,0.0,41.19,0.0,0.0,0.0,0.0,17.47,27.12,0.0,14.22,0.0,100.0,True,1269.4404,1039.0248,62.780354,271.46520000000004,0.8184903960052526,False,0.76067495,0.3679296446805756,0.779205931110804,0.1460335737444489,0.5552879042422135,False,686,990.1410278320312,150.78739077292857,0.15228880183168042,Low,0.7606748863724356,0.3679296446805756,0.779205931110804,0.14603357374444892,0.513461008977066,0.4456009710073269,801
CAND_03544,Al20.77Co15.07Cr39.45Cu12.89V11.82,5,20.77,15.07,39.45,12.89,0.0,0.0,0.0,0.0,0.0,0.0,11.82,0.0,100.0,True,1152.4874,1079.8591,52.045998,385.867,0.936981241554946,False,0.66313946,0.3999977555471537,0.5872149861151009,0.3911867670788441,0.5244229299762827,False,1090,1434.0054280598958,208.88800736902294,0.1456675151164756,Low,0.6631394262201533,0.3999977555471537,0.5872149861151009,0.39118676707884414,0.510384733740313,0.4454911455601708,802
CAND_02461,Cr30.96Fe17.22Mn5.34Mo8.58V37.90,5,0.0,0.0,30.96,0.0,17.22,5.34,8.58,0.0,0.0,0.0,37.9,0.0,100.0,True,1299.7837,1118.3911,57.2974,285.959,0.860444016488621,False,0.78598034,0.4302578175026909,0.6811397294841791,0.1770925374456323,0.561720270324993,False,621,1256.4173665364583,206.9598284303785,0.16472219657461493,Low,0.7859803315344985,0.43025781750269093,0.6811397294841791,0.17709253744563236,0.5186176039917503,0.4452715038117902,805
CAND_04598,Al17.84Co25.69Cu5.80Nb12.32V14.97W23.38,6,17.84,25.69,0.0,5.8,0.0,0.0,0.0,12.32,0.0,0.0,14.97,23.38,100.0,True,1082.1263,1102.6818,56.476597,363.177,1.0189954318770948,True,0.6044603,0.4179209444808359,0.6664591334963706,0.3425640534785562,0.5247137763655694,False,1089,1204.905204264323,169.5260118282849,0.14069655540395157,Low,0.6044602793378949,0.4179209444808359,0.6664591334963706,0.3425640534785562,0.5078511026984144,0.44521139324258807,806
CAND_02974,Al17.64Co11.08Cu7.15Mo11.03Ni16.63V36.47,6,17.64,11.08,0.0,7.15,0.0,0.0,11.03,0.0,16.63,0.0,36.47,0.0,100.0,True,1212.7328,979.44507,56.95636,333.787,0.8076346905288702,False,0.71338236,0.3211403183779136,0.6750400070712709,0.2795838175723213,0.5210543938140203,False,1143,1627.573046875,190.65849225723218,0.1171428174135124,Low,0.7133823683512514,0.3211403183779136,0.6750400070712709,0.27958381757232137,0.4972866278431893,0.44514149855480634,807
CAND_00343,Al18.39Co25.84Mn6.64Ni12.84V36.29,5,18.39,25.84,0.0,0.0,0.0,6.64,0.0,0.0,12.84,0.0,36.29,0.0,100.0,True,969.4233,1053.7717,62.819134,359.9134,1.0870088670607014,True,0.51046926,0.3795107229441516,0.779899536656114,0.3355704400759162,0.512304450368598,False,1307,1334.5245442708333,168.85050354782453,0.12652483933151057,Low,0.5104691977449246,0.37951072294415167,0.779899536656114,0.33557044007591624,0.5013624743552766,0.4450523031989151,811
CAND_04619,Al11.62Mo9.58Nb11.11Ni21.93Ti16.88W28.88,6,11.62,0.0,0.0,0.0,0.0,0.0,9.58,11.11,21.93,16.88,0.0,28.88,100.0,True,1088.8954,1452.6125,48.223824,326.7844,1.3340239283040989,True,0.6101055,0.6927295363562762,0.5188529159361347,0.2645778495574525,0.5602504306231413,False,638,1162.888301595052,199.97899828555052,0.1719675036813539,Low,0.6101055153157393,0.6927295363562762,0.5188529159361347,0.2645778495574525,0.5215664542914007,0.44503491150827107,812
CAND_00567,Al9.71Co29.21Mo7.63Nb16.17Ni11.81Ti25.47,6,9.71,29.21,0.0,0.0,0.0,0.0,7.63,16.17,11.81,25.47,0.0,0.0,100.0,True,948.16473,1362.5814,56.45611,337.83820000000003,1.437072431933324,True,0.4927402,0.6220260518777868,0.6660927101645818,0.2882651898657321,0.5441928387258742,False,814,1076.1573974609375,174.82842576668622,0.1624561854791619,Low,0.49274015781324676,0.6220260518777868,0.6660927101645818,0.28826518986573213,0.5172810274303369,0.44498969844365766,813
CAND_02444,Al35.48Cr17.82Cu17.67Fe29.03,4,35.48,0.0,17.82,17.67,29.03,0.0,0.0,0.0,0.0,0.0,0.0,0.0,100.0,True,940.83765,1476.1147,35.391243,466.9528666666666,1.5689366869148924,True,0.48662958,0.7111863522000276,0.2893338508963779,0.5649467878793938,0.516420268153994,False,1223,1183.6105997721354,180.96956523883847,0.15289620190430714,Low,0.48662958245927923,0.7111863522000276,0.2893338508963779,0.5649467878793938,0.5130241433587696,0.44498727856972475,814
CAND_04290,Al9.61Cr42.27Mo15.06W33.06,4,9.61,0.0,42.27,0.0,0.0,0.0,15.06,0.0,0.0,0.0,0.0,33.06,100.0,True,894.9863,1438.308,52.704056,332.577,1.6070725940733208,True,0.4483909,0.6814958849433472,0.5989847818328861,0.276990891902143,0.5302608769740905,False,999,1096.9943888346354,139.24384462242713,0.12693213934334646,Low,0.4483908667285723,0.6814958849433472,0.5989847818328861,0.276990891902143,0.5014656063517371,0.444982966449015,815
CAND_04514,Al24.59Co7.55Ni28.31Ti22.73V16.82,5,24.59,7.55,0.0,0.0,0.0,0.0,0.0,0.0,28.31,22.73,16.82,0.0,100.0,True,1086.6584,986.52136,58.80922,382.5026666666667,0.9078486091765068,False,0.60823995,0.3266974909569479,0.7081796143606826,0.3839772908284004,0.5151227350868423,False,1247,1171.2470174153646,162.94133325696998,0.1391178212914803,Low,0.6082399212364026,0.3266974909569479,0.7081796143606826,0.38397729082840043,0.5067735793456083,0.44488249579929434,818
CAND_03901,Al22.71Co8.14Nb17.46Ti24.65V16.53W10.51,6,22.71,8.14,0.0,0.0,0.0,0.0,0.0,17.46,0.0,24.65,16.53,10.51,100.0,True,1115.5492,1127.6991,49.33558,396.4467,1.010891411804833,True,0.63233405,0.4375676030493051,0.5387373957358211,0.4138581519654447,0.5177335835996412,False,1200,1467.1884440104166,200.61591854368604,0.13673493637621761,Low,0.6323340229026065,0.43756760304930514,0.5387373957358211,0.41385815196544473,0.5056242934132944,0.44480404114715383,819
CAND_03637,Al23.27Nb14.97Ni40.69V21.07,4,23.27,0.0,0.0,0.0,0.0,0.0,0.0,14.97,40.69,0.0,21.07,0.0,100.0,True,1101.0173,1089.912,59.345657,356.0381333333333,0.9899135702576208,False,0.6202149,0.407892528121451,0.7177741393196704,0.3272660777463402,0.5369656717623723,False,906,1033.929756673177,170.8154981670837,0.16520996427910925,Low,0.6202148335411798,0.407892528121451,0.7177741393196704,0.32726607774634026,0.5182868946821604,0.4448012895279466,820
CAND_03919,Al28.85Ti9.76V34.87W26.52,4,28.85,0.0,0.0,0.0,0.0,0.0,0.0,0.0,0.0,9.76,34.87,26.52,100.0,True,1032.9143,1076.7595,46.590096,472.4653333333333,1.042448045377524,True,0.56341887,0.3975635686885068,0.4896326271190003,0.5767595286446854,0.4972168162441621,False,1620,1440.6572387695312,201.12451682546978,0.13960608492638452,Low,0.5634188775353407,0.3975635686885068,0.48963262711900035,0.5767595286446854,0.5068436504968833,0.4447533732935658,821
CAND_02139,Al15.15Co15.42Cr12.61Fe17.18W39.64,5,15.15,15.42,12.61,0.0,17.18,0.0,0.0,0.0,0.0,0.0,0.0,39.64,100.0,True,844.77997,1602.3163,47.972725,346.036,1.89672620113974,True,0.40652025,0.8102953586073748,0.5143618468587279,0.3058323684268797,0.5395100047592143,False,871,1348.9163208007812,195.6966784930991,0.14507695953810107,Low,0.4065202221182816,0.8102953586073748,0.5143618468587279,0.3058323684268797,0.509252449002816,0.4447320721641603,822
CAND_03142,Co39.54Cr13.72Mo14.77W31.97,4,0.0,39.54,13.72,0.0,0.0,0.0,14.77,0.0,0.0,0.0,0.0,31.97,100.0,True,750.76953,1474.4802,58.366993,318.8746,1.9639584967507295,True,0.32811823,0.7099027419211339,0.7002700965812633,0.2476278301640827,0.5236179976685782,False,1104,1070.8868326822917,124.64287989596237,0.1163922051256943,Low,0.32811820143887593,0.7099027419211339,0.7002700965812633,0.24762783016408277,0.496479717526339,0.4447180079248587,823
CAND_01519,Al10.77Cr23.04Cu8.38Fe5.52Mo21.08Nb31.21,6,10.77,0.0,23.04,8.38,5.52,0.0,21.08,31.21,0.0,0.0,0.0,0.0,100.0,True,1074.5192,1455.2808,47.985825,354.267,1.3543553687542609,True,0.59811616,0.6948250134484583,0.5145961488866692,0.323470691725424,0.5650519958269767,False,595,1036.2173461914062,205.53570641922266,0.19835192604588658,Low,0.598116175305297,0.6948250134484583,0.5145961488866692,0.32347069172542403,0.5327520073414621,0.44457057710863335,824
CAND_03448,Al17.89Cu21.53Fe17.41Nb36.62Ni6.55,5,17.89,0.0,0.0,21.53,17.41,0.0,0.0,36.62,6.55,0.0,0.0,0.0,100.0,True,1040.346,1495.7937,45.414978,323.0373333333333,1.4377849060030878,True,0.5696167,0.7266407215352038,0.4686148767014195,0.2565482087740889,0.5445131785057937,False,807,1381.4892415364584,189.2488650647462,0.1369890255926049,Low,0.5696167029798674,0.7266407215352038,0.4686148767014195,0.2565482087740889,0.5053551274976449,0.4444679026116818,825
CAND_03819,Al18.24Cu42.82Ni9.87Ti19.14W9.93,5,18.24,0.0,0.0,42.82,0.0,0.0,0.0,0.0,9.87,19.14,0.0,9.93,100.0,True,1048.5986,1435.4883,45.154175,324.781,1.3689587751509873,True,0.57649916,0.6792815099642122,0.4639502452668263,0.2602847360965967,0.5317644858727272,False,978,1615.371671549479,183.67679386760398,0.11370559302393829,Low,0.5764991355677679,0.6792815099642122,0.4639502452668263,0.26028473609659675,0.49500390672385075,0.4444656737152715,826
CAND_04321,Al26.98Co5.10Fe22.60Mn38.85Nb6.47,5,26.98,5.1,0.0,0.0,22.6,38.85,0.0,6.47,0.0,0.0,0.0,0.0,100.0,True,962.8144,1564.5525,43.845055,353.2233333333333,1.624978306155197,True,0.5049576,0.7806385817030743,0.4405357818455671,0.321234204046821,0.5439979414385596,False,817,1242.8742024739583,188.64654407779994,0.1517824923087923,Low,0.5049575639894807,0.7806385817030743,0.4405357818455671,0.32123420404682107,0.5118415328962358,0.4443907910687458,829
CAND_03888,Co40.53Mo23.00Ni7.56Ti5.24W23.67,5,0.0,40.53,0.0,0.0,0.0,0.0,23.0,0.0,7.56,5.24,0.0,23.67,100.0,True,834.13464,1460.159,55.729546,321.9664,1.7505075604790763,True,0.39764234,0.6986559756157869,0.6530976400402206,0.2542532909798329,0.5303019025929105,False,998,1131.7272094726563,144.14490064502206,0.1273671777425837,Low,0.397642321080917,0.6986559756157869,0.6530976400402206,0.25425329097983296,0.5009123069291894,0.44432046348218657,831
CAND_00207,Co33.77Cr25.47Nb12.97Ti8.03V19.76,5,0.0,33.77,25.47,0.0,0.0,0.0,0.0,12.97,0.0,8.03,19.76,0.0,100.0,True,1018.15894,1366.4902,59.450054,309.70059999999995,1.3421187520846427,True,0.5511133,0.6250957220265411,0.7196413476258524,0.2279687391738208,0.5669683655740083,False,580,1028.7388916015625,200.68196358229383,0.19507570406895758,Low,0.5511133289191226,0.6250957220265411,0.7196413476258524,0.2279687391738208,0.5309547844363343,0.4442854813536544,832
CAND_00160,Al32.15Cr11.33Fe20.87V17.61W18.04,5,32.15,0.0,11.33,0.0,20.87,0.0,0.0,0.0,0.0,0.0,17.61,18.04,100.0,True,1128.0378,1139.9978,43.25222,442.6426666666666,1.0106024441379322,True,0.6427492,0.4472260537908334,0.4299325419421646,0.512852125377599,0.5114035364692794,False,1324,1446.6066080729167,208.2693702100848,0.1439709794271774,Low,0.6427491584498589,0.4472260537908334,0.4299325419421646,0.512852125377599,0.508189969890114,0.44423327079903796,833
CAND_03562,Al26.60Co14.47Fe9.29Mn21.81W27.83,5,26.6,14.47,0.0,0.0,9.29,21.81,0.0,0.0,0.0,0.0,0.0,27.83,100.0,True,639.35425,1546.1346,49.640106,431.91426666666666,2.4182753218942303,True,0.23520105,0.7661745830761958,0.5441840414885577,0.4898620892123576,0.509938012438086,False,1360,1438.8654703776042,210.16700813454207,0.14606439063367582,Low,0.2352010415302341,0.7661745830761958,0.5441840414885577,0.48986208921235763,0.5088554388268363,0.44400248623507327,834
CAND_03720,Al22.09Co11.98Nb16.37Ni23.56Ti19.76V6.24,6,22.09,11.98,0.0,0.0,0.0,0.0,0.0,16.37,23.56,19.76,6.24,0.0,100.0,True,1094.7731,1028.3776,61.647827,359.86740000000003,0.9393522977224096,False,0.61500734,0.3595681547072289,0.7589499484544481,0.3354718660421739,0.532430927625451,False,969,1247.5105346679688,207.1933620696545,0.16608546085328255,Low,0.6150073491646963,0.35956815470722897,0.7589499484544481,0.33547186604217394,0.5172493295921369,0.4435775480929502,838
CAND_00422,Co27.39Cu16.43Mo11.29Ni24.89V6.96W13.04,6,0.0,27.39,0.0,16.43,0.0,0.0,11.29,0.0,24.89,0.0,6.96,13.04,100.0,True,1015.81134,1058.1865,71.3209,287.0666,1.0417155804286629,True,0.54915553,0.382977766479948,0.9319591561127762,0.1794660287450452,0.5395496951989897,True,114,1074.6141153971355,163.36135716028951,0.15201862214504555,Low,0.5491554976001012,0.382977766479948,0.9319591561127762,0.17946602874504528,0.5108896122344677,0.4434733974032443,839
CAND_02519,Al15.16Co11.21Cu35.96Fe12.27Ti25.40,5,15.16,11.21,0.0,35.96,12.27,0.0,0.0,0.0,0.0,25.4,0.0,0.0,100.0,True,991.8306,1417.7506,51.47322,333.696,1.429428130947444,True,0.5291563,0.6653516879734325,0.5769704787135624,0.2793888124186138,0.5445033461074983,False,808,1263.157364908854,198.9786649551223,0.15752484249615253,Low,0.5291562456724701,0.6653516879734325,0.5769704787135624,0.27938881241861385,0.5127168061945196,0.4429423778835432,843
CAND_03572,Cr44.18Mn16.62Nb6.69Ti12.89W19.62,5,0.0,0.0,44.18,0.0,0.0,16.62,0.0,6.69,0.0,12.89,0.0,19.62,100.0,True,989.9785,1555.4485,48.443127,307.751,1.571194198106414,True,0.5276117,0.7734890020279157,0.5227752928547307,0.223790914474168,0.5545926628566622,False,694,1206.8880533854167,188.72534248830428,0.15637352773433685,Low,0.5276116471948934,0.7734890020279157,0.5227752928547307,0.22379091447416807,0.5119167141379269,0.44269148493991967,849
CAND_01438,Al23.22Fe19.50Mo11.15Nb14.98V31.15,5,23.22,0.0,0.0,0.0,19.5,0.0,11.15,14.98,0.0,0.0,31.15,0.0,100.0,True,1439.5187,990.6304,46.666748,332.0413666666667,0.688167799414155,False,0.90251535,0.3299244141630566,0.4910035980385235,0.2758430758527189,0.5338592906681482,False,951,1403.8406901041667,181.49175770475787,0.12928230317308367,Low,0.902515328707544,0.3299244141630566,0.49100359803852356,0.27584307585271894,0.49982160419046073,0.4426011129245985,851
CAND_02526,Al27.11Cr7.04Ni27.14V23.84W14.87,5,27.11,0.0,7.04,0.0,0.0,0.0,0.0,0.0,27.14,0.0,23.84,14.87,100.0,True,951.8397,1042.5317,61.2241,414.0443666666666,1.0952807245323517,True,0.495805,0.3706836935561044,0.7513713152183048,0.4515684343086208,0.5155247006072163,False,1244,1128.5626708984375,191.27728882758305,0.16948752050722102,Low,0.4958049777836266,0.3706836935561044,0.7513713152183048,0.4515684343086207,0.5173571052166641,0.44237932953083586,852
CAND_00007,Cr43.15Mo24.06Nb9.18V23.61,4,0.0,0.0,43.15,0.0,0.0,0.0,24.06,9.18,0.0,0.0,23.61,0.0,100.0,True,1397.2544,1238.8632,45.01543,309.534,0.8866411190752511,False,0.86726815,0.5248673163585422,0.4614687006205123,0.2276117297385715,0.5671495730487908,False,576,1084.6814331054688,191.90000172447645,0.17691830602747774,Low,0.8672681101794677,0.5248673163585422,0.4614687006205123,0.22761172973857152,0.5203039642242734,0.4420901277170939,856
CAND_00041,Al26.82Cu11.16Fe12.80Mo13.42Ni16.37W19.43,6,26.82,0.0,0.0,11.16,12.8,0.0,13.42,0.0,16.37,0.0,0.0,19.43,100.0,True,836.1567,1272.4114,54.191887,402.957,1.5217380122954036,True,0.39932868,0.5512134860485854,0.6255956078278412,0.4278091635278931,0.505732930424976,False,1444,1496.467041015625,199.47770589350253,0.13329909742490595,Low,0.3993286613420093,0.5512134860485854,0.6255956078278412,0.4278091635278931,0.5009867296865822,0.44206046826025847,857
CAND_00245,Al30.22Fe8.74Ni43.36Ti10.94V6.74,5,30.22,0.0,0.0,0.0,8.74,0.0,0.0,0.0,43.36,10.94,6.74,0.0,100.0,True,1021.3767,1083.1741,52.514618,447.6653666666666,1.0605040143093476,True,0.5537969,0.4026011009583082,0.5955965598810433,0.5236153384053719,0.514360837237889,False,1265,1194.1539876302083,207.94034428537816,0.17413193477504066,Low,0.5537968488139487,0.40260110095830826,0.5955965598810433,0.5236153384053719,0.518902462014668,0.44194561671136884,859
CAND_02590,Co37.63Cu11.66Mo11.92Nb28.42Ni10.37,5,0.0,37.63,0.0,11.66,0.0,0.0,11.92,28.42,10.37,0.0,0.0,0.0,100.0,True,856.26794,1408.7802,60.978622,313.0874,1.6452562650731402,True,0.4161009,0.6583070274376193,0.746980781385101,0.2352263595537881,0.5443515258340508,False,811,1116.9545817057292,182.57775548309255,0.16346032190876866,Low,0.4161008608378151,0.6583070274376193,0.746980781385101,0.2352263595537881,0.5141537573035809,0.4419177410881208,862
CAND_01557,Al14.67Cr37.71Nb7.28Ni40.34,4,14.67,0.0,37.71,0.0,0.0,0.0,0.0,7.28,40.34,0.0,0.0,0.0,100.0,True,922.9008,1563.5789,55.107914,306.71259999999995,1.694200362295478,True,0.47167084,0.7798739913283231,0.6419793470453199,0.2215657128081239,0.5691931538650498,False,556,1056.4023356119792,208.0166297457616,0.19691042203655915,Low,0.47167076209184555,0.7798739913283231,0.6419793470453199,0.22156571280812398,0.5287724533184032,0.4417811421665873,863
CAND_04399,Cr21.87Mo19.51Ni33.27V25.35,4,0.0,0.0,21.87,0.0,0.0,0.0,19.51,0.0,33.27,0.0,25.35,0.0,100.0,True,1385.4814,1219.3779,51.80064,270.99440000000004,0.8801113173514677,False,0.8574498,0.5095650640689587,0.5828265985600156,0.145024689938234,0.5775648331458755,False,476,934.432303873698,173.36878896132046,0.1855338136776934,Low,0.8574497645844609,0.5095650640689587,0.5828265985600156,0.14502468993823403,0.5237165292879173,0.44175587675839856,864
CAND_00827,Al19.99Mn16.15Mo6.46Ni30.01V17.11W10.28,6,19.99,0.0,0.0,0.0,0.0,16.15,6.46,0.0,30.01,0.0,17.11,10.28,100.0,True,1031.146,1061.788,60.534325,332.4106,1.0297164553053884,True,0.5619442,0.3858061069017498,0.7390342403081368,0.276634311049649,0.5105787977914795,False,1346,1237.6183268229167,137.6194463442744,0.11119700101529405,Low,0.5619441658632394,0.3858061069017498,0.7390342403081368,0.27663431104964903,0.49085470603069375,0.4417350889016104,865
CAND_01612,Al34.20Cu7.25Fe44.93Ti13.62,4,34.2,0.0,0.0,7.25,44.93,0.0,0.0,0.0,0.0,13.62,0.0,0.0,100.0,True,1007.3212,1279.577,42.372383,452.9710666666667,1.270277012334804,True,0.54207504,0.5568407958157556,0.4141960844339373,0.5349849960320379,0.5134715206448881,False,1290,1154.7179646809896,183.949856744902,0.1593028448255945,Low,0.5420749634397352,0.5568407958157556,0.4141960844339373,0.5349849960320379,0.5120242099303665,0.44166562017485206,867
CAND_00361,Al12.33Cr26.16Ni32.02Ti18.22V11.27,5,12.33,0.0,26.16,0.0,0.0,0.0,0.0,0.0,32.02,18.22,11.27,0.0,100.0,True,1490.7823,1002.51025,53.72059,311.1756,0.6724725785218721,False,0.9452678,0.3392539324082161,0.6171661541742043,0.2311295369949061,0.5743175116120353,True,93,836.1351440429687,173.65184225470048,0.20768394139617288,Low,0.9452677062871062,0.33925393240821616,0.6171661541742043,0.23112953699490613,0.5332043324661082,0.4415098306678519,869
CAND_01728,Al18.23Cr15.00Cu31.82Mn10.96Nb9.51Ti14.48,6,18.23,0.0,15.0,31.82,0.0,10.96,0.0,9.51,0.0,14.48,0.0,0.0,100.00000000000004,True,1189.3555,1399.6525,38.464813,332.764,1.1768159619016338,True,0.69388634,0.6511388356097474,0.3443066512032098,0.2773916167784433,0.5311929698207598,False,985,1654.294832356771,188.20277669994886,0.11376616369636365,Low,0.6938863681407569,0.6511388356097474,0.3443066512032098,0.2773916167784433,0.49168086793303933,0.44145789660304496,870
CAND_03033,Al11.68Cr23.53Mn21.57Mo43.22,4,11.68,0.0,23.53,0.0,0.0,21.57,43.22,0.0,0.0,0.0,0.0,0.0,100.0,True,880.66815,1516.5712,53.328716,325.691,1.7220688596547464,True,0.43644997,0.742957768075253,0.610157232578978,0.262234787633673,0.5456968551054301,False,793,1137.4820353190105,184.21958993955135,0.16195384561645967,Low,0.4364499387593932,0.742957768075253,0.610157232578978,0.262234787633673,0.5129499317618242,0.44145465303717396,871
CAND_00819,Al16.83Cr30.24Cu26.52Mn26.41,4,16.83,0.0,30.24,26.52,0.0,26.41,0.0,0.0,0.0,0.0,0.0,0.0,100.0,True,877.25446,1590.7076,51.87689,312.2776666666667,1.8132795905527173,True,0.43360308,0.8011787806663585,0.5841903794478418,0.2334911708380863,0.5515058281256531,False,728,1257.8222941080728,204.3889583634242,0.16249430410068957,Low,0.4336030188431257,0.8011787806663585,0.5841903794478418,0.23349117083808632,0.5131158374488531,0.441392130386223,872
CAND_02095,Co29.58Cr12.42Mo12.65Nb17.75V13.70W13.90,6,0.0,29.58,12.42,0.0,0.0,0.0,12.65,17.75,0.0,0.0,13.7,13.9,100.0,True,1203.4235,1086.5297,56.993618,319.3686,0.9028656448760428,False,0.7056187,0.4052363304791741,0.6757063906557776,0.2486864295699241,0.5394860740409224,False,872,1165.3826416015625,178.40014177214638,0.153082889176189,Low,0.7056186781577921,0.4052363304791741,0.6757063906557776,0.24868642956992426,0.5088119572156671,0.4412622561585176,873
CAND_00642,Al9.29Cr33.94Mn15.59Mo17.13Nb5.83Ti18.22,6,9.29,0.0,33.94,0.0,0.0,15.59,17.13,5.83,0.0,18.22,0.0,0.0,100.0,True,1121.1617,1408.0376,47.153667,323.957,1.2558737475525494,True,0.63701475,0.6577238466526047,0.4997124613318933,0.2585189751443429,0.5521275425804248,False,721,1145.9604939778646,187.2310219351581,0.16338348740560918,Low,0.6370146875294627,0.6577238466526047,0.4997124613318933,0.25851897514434297,0.5132424926645759,0.44116363883514176,874
CAND_03081,Al9.60Co24.98Cr38.07Ni19.25V8.10,5,9.6,24.98,38.07,0.0,0.0,0.0,0.0,0.0,19.25,0.0,8.1,0.0,100.0,True,1129.1442,997.06464,71.25105,310.1896,0.8830268719189696,False,0.6436719,0.3349773701746001,0.9307098433912728,0.2290166240107772,0.5606247355120001,True,103,964.7268636067708,204.6983119114789,0.21218265981128032,Low,0.6436718644352759,0.33497737017460016,0.9307098433912727,0.22901662401077727,0.5345939255029816,0.4410176314403064,877
CAND_01159,Al16.42Co20.89Ni13.78Ti7.26W41.65,5,16.42,20.89,0.0,0.0,0.0,0.0,0.0,0.0,13.78,7.26,0.0,41.65,100.0,True,774.9531,1579.3453,51.493324,348.5606,2.0379881686392323,True,0.34828666,0.7922557062877278,0.5773300518410229,0.3112423685483114,0.5331815836469254,False,960,1305.4050008138022,196.7442979841475,0.15071514040584738,Low,0.34828660779078585,0.7922557062877278,0.5773300518410229,0.31124236854831155,0.507278683616962,0.4408377588897016,879
CAND_04759,Al16.16Cu32.01Mo8.33Nb43.50,4,16.16,0.0,0.0,32.01,0.0,0.0,8.33,43.5,0.0,0.0,0.0,0.0,100.0,True,938.95746,1426.6715,51.948914,333.538,1.5194208077169613,True,0.48506162,0.6723574750257304,0.5854785755745932,0.2790502320418467,0.5354529178402203,False,929,1299.1956868489583,191.33421255811,0.14727128060451614,Low,0.48506155772435383,0.6723574750257304,0.5854785755745932,0.2790502320418467,0.5054869600916311,0.4405993322043951,881
CAND_00089,Cr32.89Cu11.61Nb16.24Ti24.75W14.51,5,0.0,0.0,32.89,11.61,0.0,0.0,0.0,16.24,0.0,24.75,0.0,14.51,100.0,True,957.2154,1489.2701,53.206753,306.262,1.5558359286609202,True,0.5002882,0.7215175890693795,0.6079758449275425,0.2206001158602047,0.5516257178294414,False,726,1097.6808308919271,181.4014191381921,0.1652588020424783,Low,0.500288157976872,0.7215175890693795,0.6079758449275425,0.22060011586020475,0.5125954269584997,0.43989835224588464,889
CAND_00708,Al19.13Mn16.21Nb22.30Ti8.98V33.38,5,19.13,0.0,0.0,0.0,0.0,16.21,0.0,22.3,0.0,8.98,33.38,0.0,100.0,True,1219.0317,1110.2537,47.587135,365.026,0.9107668530151484,False,0.7186355,0.4238673309419884,0.5074653186943097,0.346526301052242,0.5215961299176907,False,1136,1522.6925618489583,205.4921137467413,0.13495312113248822,Low,0.7186354709647218,0.4238673309419884,0.5074653186943097,0.346526301052242,0.49912360541331546,0.439774644537984,892
CAND_03561,Al16.79Co25.56Fe20.72Mo7.50Ni29.43,5,16.79,25.56,0.0,0.0,20.72,0.0,7.5,0.0,29.43,0.0,0.0,0.0,100.0,True,793.3456,1447.3387,67.18663,268.67980000000006,1.824348347760232,True,0.36362544,0.6885879004499876,0.8580150458030953,0.1400647017099737,0.5511774753992235,False,731,1086.6630940755208,180.3823426739602,0.16599656660597328,Low,0.36362542723834906,0.6885879004499876,0.8580150458030953,0.14006470170997376,0.5125732688003515,0.4396010103977999,893
CAND_04463,Al9.20Cr41.25Mo24.77Ti24.78,4,9.2,0.0,41.25,0.0,0.0,0.0,24.77,0.0,0.0,24.78,0.0,0.0,100.0,True,1098.5492,1405.5005,51.718773,321.88,1.279415166154313,True,0.6181565,0.6557314039248099,0.5813623539705904,0.2540681432294995,0.5656171789675495,False,591,957.4362915039062,191.46979049040547,0.19998175564209256,Low,0.6181565086653591,0.6557314039248099,0.5813623539705904,0.2540681432294995,0.5273296024475648,0.4394480165787174,894
CAND_01440,Al23.55Cu36.65Nb21.50W18.30,4,23.55,0.0,0.0,36.65,0.0,0.0,0.0,21.5,0.0,0.0,0.0,18.3,100.0,True,892.48016,1444.3406,48.025284,378.6237,1.61834476434264,True,0.44630086,0.6862334238656189,0.5153018987890001,0.3756649997178495,0.5249355230014418,False,1087,1338.7617838541667,202.6672948362982,0.15138413516170032,Low,0.44630081757971735,0.6862334238656189,0.5153018987890001,0.37566499971784956,0.5058752849880465,0.4393627370217338,896
CAND_01296,Al13.20Co20.95Ti20.95W44.90,4,13.2,20.95,0.0,0.0,0.0,0.0,0.0,0.0,0.0,20.95,0.0,44.9,100.0,True,801.17474,1604.9982,50.706017,365.0076,2.003306036187858,True,0.37015474,0.8124015160909873,0.5632485536187045,0.346486871438745,0.5475520499459949,False,770,1094.7140340169271,209.06206842326984,0.1909741374705325,Low,0.370154706286314,0.8124015160909873,0.5632485536187045,0.3464868714387451,0.5230729118586878,0.4391975404013589,898
CAND_04234,Al19.80Co41.56Mo22.59Nb9.21W6.84,5,19.8,41.56,0.0,0.0,0.0,0.0,22.59,9.21,0.0,0.0,0.0,6.84,100.0,True,889.51556,1308.5007,52.278282,380.3308,1.4710262001123522,True,0.4438285,0.579555239758021,0.5913695366691705,0.3793231678265782,0.5117559822559293,False,1323,1213.0303507486979,164.11902536983365,0.1352967180652465,Low,0.4438284258910265,0.579555239758021,0.5913695366691705,0.3793231678265782,0.4985190925361991,0.4391090757187838,899
CAND_02527,Al8.10Co38.05Ni28.06Ti6.73V10.95W8.11,6,8.1,38.05,0.0,0.0,0.0,0.0,0.0,0.0,28.06,6.73,10.95,8.11,100.0,True,1186.4948,1013.9309,63.408646,287.4398,0.8545599541552702,False,0.6915006,0.3482228303780205,0.7904433425412837,0.1802657641666242,0.5365677455206858,False,911,1086.796720377604,157.69265353928606,0.14509857324973915,Low,0.6915006260831984,0.34822283037802054,0.7904433425412837,0.18026576416662426,0.5026081407922817,0.43892128811749537,901
CAND_00336,Al29.47Co23.03Mo32.65Ti14.85,4,29.47,23.03,0.0,0.0,0.0,0.0,32.65,0.0,0.0,14.85,0.0,0.0,100.0,True,770.2368,1095.1382,53.558945,508.9447333333333,1.4218201164541395,True,0.34435338,0.4119967826577333,0.6142750281202676,0.6549317374816334,0.4787135702656986,False,2000,1140.015645345052,175.81240271845724,0.1542192893898781,Low,0.3443533483556606,0.4119967826577333,0.6142750281202676,0.6549317374816334,0.5063892241538237,0.43872878300405266,902
CAND_04637,Al27.06Co5.31Cu5.12Fe19.02W43.49,5,27.06,5.31,0.0,5.12,19.02,0.0,0.0,0.0,0.0,0.0,0.0,43.49,100.0,True,773.5752,1548.0615,45.203125,394.54733333333326,2.001177790317633,True,0.34713748,0.7676878217708424,0.4648257478826832,0.4097879729678567,0.5121222296998257,False,1316,1426.9951171875,192.00506975016714,0.13455201593723368,Low,0.3471374785632857,0.7676878217708424,0.4648257478826832,0.40978797296785674,0.49735975529616694,0.4383754541966123,904
CAND_00238,Al26.90Mo17.14Ni8.27Ti14.96W32.73,5,26.9,0.0,0.0,0.0,0.0,0.0,17.14,0.0,8.27,14.96,0.0,32.73,100.0,True,907.1605,1172.2876,47.4746,452.1413333333333,1.2922603783725377,True,0.4585438,0.4725839731444071,0.505452556960388,0.5332069490407959,0.4856825276409102,False,1856,1381.1325236002604,170.37834752931013,0.12336133181859857,Low,0.45854380165957803,0.47258397314440714,0.505452556960388,0.5332069490407959,0.49244682020129227,0.4383690325214194,905
CAND_01228,Al14.46Cr34.54Mn9.63Mo20.51Ni20.86,5,14.46,0.0,34.54,0.0,0.0,9.63,20.51,0.0,20.86,0.0,0.0,0.0,100.0,True,937.1355,1443.3412,56.9298,316.894,1.5401627651584329,True,0.48354208,0.685448572160066,0.6745649641810328,0.2433835751373428,0.5558459743720521,False,680,1037.4757080078125,197.30324080979992,0.19017625115162134,Low,0.48354209514554825,0.685448572160066,0.6745649641810328,0.2433835751373428,0.5217348016559975,0.4383676797038791,906
CAND_01243,Al33.18Cu17.31Fe7.51Mn29.73Ni12.27,5,33.18,0.0,0.0,17.31,7.51,29.73,0.0,0.0,12.27,0.0,0.0,0.0,100.0,True,731.8486,1448.8948,44.8052,456.6684666666667,1.979774035059276,True,0.31233868,0.6898099414135767,0.4577086002133293,0.5429082054311435,0.4965079717710998,False,1635,1450.3051025390625,206.23906611776377,0.14220391678737054,Low,0.3123386864708193,0.6898099414135767,0.4577086002133293,0.5429082054311435,0.5006913583822172,0.4383554906644787,908
CAND_01185,Al20.78Co16.37Mn14.41Ni13.24W35.20,5,20.78,16.37,0.0,0.0,0.0,14.41,0.0,0.0,13.24,0.0,0.0,35.2,100.0,True,731.5352,1495.4064,51.866837,367.9856,2.0442028827397967,True,0.31207734,0.7263365659763079,0.5840105749984604,0.3528684686666717,0.5104570898619097,False,1350,1507.8671712239584,192.39695392878548,0.12759542591050244,Low,0.3120773198259985,0.7263365659763079,0.5840105749984604,0.35286846866667176,0.49382323236685965,0.4379436285564133,910
CAND_02276,Al9.42Cr30.08Mo20.04Nb11.33V15.15W13.98,6,9.42,0.0,30.08,0.0,0.0,0.0,20.04,11.33,0.0,0.0,15.15,13.98,100.0,True,1530.2106,1091.4968,42.00132,329.88,0.7132984312613353,False,0.9781498,0.4091371078522496,0.40755938112142,0.2712114534455552,0.5587576271599737,True,105,1129.6054036458333,202.93684491013894,0.179652863075154,Low,0.9781497818518394,0.4091371078522496,0.40755938112142,0.2712114534455552,0.5165144310677661,0.4378529033713367,911
CAND_03463,Al12.98Co27.15Cr20.98Cu6.66W32.23,5,12.98,27.15,20.98,6.66,0.0,0.0,0.0,0.0,0.0,0.0,0.0,32.23,100.0,True,747.3774,1496.6611,60.437176,361.80893333333336,2.002550705049256,True,0.32528925,0.7273219106180502,0.7372966672003148,0.3396324045706921,0.5510523814576118,False,734,870.296553548177,188.26275247238215,0.2163202321149494,Low,0.3252892619465468,0.7273219106180502,0.7372966672003148,0.33963240457069216,0.5323850610839009,0.4377013939480269,913
CAND_04214,Cr28.26Cu5.24Ni25.02Ti20.35W21.13,5,0.0,0.0,28.26,5.24,0.0,0.0,0.0,0.0,25.02,20.35,0.0,21.13,100.0,True,1173.0624,1361.0115,51.46522,269.57620000000003,1.1602209103338732,True,0.6802984,0.6207931734581875,0.5768273935056595,0.1419856096196827,0.555832164218579,False,681,952.125565592448,146.58791654062446,0.15395859730897155,Low,0.6802983883043513,0.6207931734581875,0.5768273935056595,0.14198560961968273,0.5049761412219702,0.4376033441750625,915
CAND_01422,Co24.41Cr19.98Mo14.07V19.91W21.63,5,0.0,24.41,19.98,0.0,0.0,0.0,14.07,0.0,0.0,0.0,19.91,21.63,100.0,True,1164.58,1135.861,56.496113,313.389,0.9753396442164604,False,0.6732243,0.4439773300210403,0.6668081898610501,0.2358726623489334,0.537243429907281,False,901,930.8405558268229,143.37024319556096,0.15402234281488925,Low,0.6732243090828202,0.44397733002104034,0.6668081898610501,0.2358726623489334,0.5049706228284611,0.4375743901081998,917
CAND_00155,Cr37.34Mo20.87Nb19.12Ti14.72W7.95,5,0.0,0.0,37.34,0.0,0.0,0.0,20.87,19.12,0.0,14.72,0.0,7.95,100.0,True,1031.1531,1348.2947,53.531048,308.472,1.307560178170155,True,0.5619501,0.6108063792124651,0.6137760721146587,0.2253359553073901,0.5390713573131679,False,878,998.3651041666667,149.28483366484602,0.1495292984919117,Low,0.561950087060362,0.6108063792124651,0.6137760721146587,0.2253359553073901,0.502967123423719,0.4375418043572884,918
CAND_01941,Al34.76Mo12.37Ni25.14V13.79W13.94,5,34.76,0.0,0.0,0.0,0.0,0.0,12.37,0.0,25.14,0.0,13.79,13.94,100.0,True,871.1161,936.3789,60.071533,483.91533333333336,1.0749186152877526,True,0.42848378,0.2873194688920917,0.730756904116152,0.6012958913914153,0.4876245856650061,False,1807,1135.652189127604,193.59885992956058,0.17047372583174533,Low,0.42848380200234026,0.2873194688920917,0.730756904116152,0.6012958913914153,0.5119640166004998,0.4373989823963757,922
CAND_01232,Al18.82Co21.40Cu29.95Fe7.02Nb7.32Ti15.49,6,18.82,21.4,0.0,29.95,7.02,0.0,0.0,7.32,0.0,15.49,0.0,0.0,100.0,True,963.1729,1523.6624,44.205864,351.2779333333333,1.5819199025133668,True,0.5052566,0.7485266498187156,0.4469890856928546,0.3170653795850318,0.5354420542550313,False,930,1315.8962972005208,201.9192178422656,0.15344614790073874,Low,0.5052565427456015,0.7485266498187156,0.4469890856928546,0.31706537958503167,0.5044594144605509,0.43734977604170105,924
CAND_02438,Cr24.03Cu5.78Nb17.00Ni37.56V15.63,5,0.0,0.0,24.03,5.78,0.0,0.0,0.0,17.0,37.56,0.0,15.63,0.0,100.0,True,1262.4005,1044.8726,60.866734,270.1202,0.8276870846393468,False,0.75480384,0.372522055931058,0.7449795916673685,0.1431513547143744,0.5459153777477143,False,788,978.6575113932291,149.10370133737496,0.15235534352064498,Low,0.7548038109325063,0.372522055931058,0.7449795916673685,0.14315135471437448,0.5038642033113269,0.4372472485543691,925
CAND_04360,Cr27.09Fe8.45Mo26.92Nb20.50Ti17.04,5,0.0,0.0,27.09,0.0,8.45,0.0,26.92,20.5,0.0,17.04,0.0,0.0,100.0,True,1078.3933,1418.2301,50.838486,307.649,1.3151325088253625,True,0.6013471,0.6657282503036431,0.5656178479194186,0.2235723372689134,0.5550629143054192,False,690,1023.9600219726562,180.01855382382135,0.17580623262714504,Low,0.6013470640056806,0.6657282503036431,0.5656178479194186,0.2235723372689134,0.514066374874414,0.4372033083425808,927
CAND_02312,Cr28.41Fe19.52Mn6.95Nb24.05W21.07,5,0.0,0.0,28.41,0.0,19.52,6.95,0.0,24.05,0.0,0.0,0.0,21.07,100.0,True,924.0183,1519.3363,59.186115,259.1673333333334,1.6442707711071107,True,0.47260273,0.7451292644240864,0.7149206267897613,0.1196803058366542,0.5620018053693264,False,619,1006.7047810872396,175.15874959602257,0.17399217018404484,Low,0.472602725160088,0.7451292644240864,0.7149206267897613,0.1196803058366542,0.5130832305526475,0.4370414416581776,929
CAND_01831,Al36.29Cu22.78Mn9.08Mo15.72Nb9.99V6.14,6,36.29,0.0,0.0,22.78,0.0,9.08,15.72,9.99,0.0,0.0,6.14,0.0,100.0,True,922.438,1029.7329,42.973152,535.8484,1.1163166663578863,True,0.47128478,0.36063250283264,0.4249412290922776,0.7125839754336363,0.4626980904959512,False,2334,1347.484269205729,171.69527842245054,0.1274191338231027,Low,0.47128480011602214,0.36063250283264003,0.4249412290922776,0.7125839754336363,0.492360626868644,0.43671480472310104,932
CAND_03848,Co29.47Cr25.41Nb9.16V15.35W20.61,5,0.0,29.47,25.41,0.0,0.0,0.0,0.0,9.16,0.0,0.0,15.35,20.61,100.0,True,1046.2958,1239.8368,58.54092,311.4476,1.1849773534447403,True,0.57457864,0.5256319067332934,0.7033808942006332,0.231712409542252,0.5406652498550303,False,858,971.3787027994791,160.55952312142637,0.1652903472751662,Low,0.574578666168619,0.5256319067332934,0.7033808942006332,0.2317124095422521,0.5088259691611994,0.43665166398314603,933
CAND_02292,Al20.51Cr8.28Cu40.85Fe21.13Ti9.23,5,20.51,0.0,8.28,40.85,21.13,0.0,0.0,0.0,0.0,9.23,0.0,0.0,100.0,True,1165.751,1502.6084,41.767868,282.8063333333334,1.288961733860868,True,0.6742009,0.7319924614970122,0.4033839401269963,0.1703366446113218,0.5482544908873109,False,755,1480.634619140625,197.80391737680222,0.1335940108516506,Low,0.6742008896223388,0.7319924614970122,0.40338394012699635,0.17033664461132186,0.4949784839644173,0.4366452885478356,934
CAND_04692,Al40.54Cu21.42Fe31.41Mn6.63,4,40.54,0.0,0.0,21.42,31.41,6.63,0.0,0.0,0.0,0.0,0.0,0.0,100.0,True,732.83014,1476.7618,42.045784,497.6636666666666,2.015148833387789,True,0.3131573,0.7116945346481597,0.4083546487069452,0.6307573843022993,0.5041578247331878,False,1468,1148.1247151692708,208.7983205021392,0.18186031338185726,Low,0.31315726278402095,0.7116945346481597,0.4083546487069452,0.6307573843022991,0.5159909576103563,0.43659216894580705,936
CAND_04241,Al9.26Co34.99Cu10.42Fe9.81Mo35.52,5,9.26,34.99,0.0,10.42,9.81,0.0,35.52,0.0,0.0,0.0,0.0,0.0,100.0,True,854.594,1299.5286,57.855965,339.9434,1.5206385826602946,True,0.41470486,0.5725092441732791,0.6911300281282268,0.2927764519490871,0.5128632118138912,False,1299,1185.5169270833333,152.69354891520067,0.12879913008991345,Low,0.41470484270944474,0.5725092441732791,0.6911300281282268,0.2927764519490871,0.4927801417400094,0.43655255271215304,937
CAND_02112,Al19.81Co23.13Cu29.79Mo9.80Ni17.47,5,19.81,23.13,0.0,29.79,0.0,0.0,9.8,0.0,17.47,0.0,0.0,0.0,100.0,True,908.05786,1318.7344,59.653847,325.45273333333336,1.4522581171988531,True,0.45929217,0.5875919987125102,0.7232863180976264,0.2617242027110715,0.5341454645407387,False,950,1186.6100545247396,194.51320715740047,0.16392344428204494,Low,0.45929217425816266,0.5875919987125102,0.7232863180976264,0.26172420271107155,0.5079736734448427,0.43643220345834804,939
CAND_02544,Al36.44Fe25.19Nb6.82Ni10.58V20.97,5,36.44,0.0,0.0,0.0,25.19,0.0,0.0,6.82,10.58,0.0,20.97,0.0,100.0,True,1193.764,1078.3231,39.454346,478.11466666666655,0.9032966864448072,False,0.697563,0.3987914995738406,0.362005093082204,0.58886556287559,0.5077374702470382,False,1395,1150.6528442382812,199.69575948813971,0.17354996382104804,Low,0.6975629311710454,0.39879149957384064,0.362005093082204,0.58886556287559,0.51180627167567,0.436118007288963,943
CAND_03856,Co11.24Cr30.36Fe10.80Mo25.61Nb11.22V10.77,6,0.0,11.24,30.36,0.0,10.8,0.0,25.61,11.22,0.0,0.0,10.77,0.0,100.0,True,1416.3363,1113.2222,47.35356,315.225,0.7859871960375869,False,0.88318187,0.426198561968538,0.5032876777648145,0.2398070520435182,0.5546071127938592,False,692,1128.9830891927083,200.31550527417252,0.1774300316733799,Low,0.8831818695279224,0.42619856196853806,0.5032876777648145,0.2398070520435182,0.5131187903261983,0.4357955687582954,946
CAND_03862,Al9.05Cr26.54Fe21.82Mn5.66Nb14.11Ti22.82,6,9.05,0.0,26.54,0.0,21.82,5.66,0.0,14.11,0.0,22.82,0.0,0.0,100.0,True,1171.588,1537.6715,45.85891,268.062,1.31246776455359,True,0.6790688,0.7595283168471936,0.4765548895157731,0.1387408095785387,0.5715289829862837,False,529,982.6353271484375,175.18736852624403,0.1782831979332859,Low,0.679068780834269,0.7595283168471936,0.4765548895157731,0.13874080957853877,0.5134731991939436,0.4357808038802369,947
CAND_00249,Cr31.87Mn6.59Mo9.29Nb10.25Ni10.38V31.62,6,0.0,0.0,31.87,0.0,0.0,6.59,9.29,10.25,10.38,0.0,31.62,0.0,100.0,True,1360.1448,1041.3695,53.555832,300.003,0.7656313642795307,False,0.83631974,0.3697709912825467,0.6142193500887423,0.2071876185299181,0.5464602249043786,False,783,1214.8176839192708,198.65730495575494,0.16352849286391888,Low,0.8363197641595526,0.3697709912825467,0.6142193500887423,0.20718761852991813,0.5068744310151899,0.43563559820315606,949
CAND_00625,Cr26.66Cu5.94Fe19.31Mn9.23Nb19.83Ti19.03,6,0.0,0.0,26.66,5.94,19.31,9.23,0.0,19.83,0.0,19.03,0.0,0.0,100.0,True,1058.743,1511.4332,55.26037,248.4766666666667,1.4275732071457172,True,0.5849593,0.7389227790186882,0.6447061218523289,0.096771128951265,0.572856834943988,False,513,1072.7668212890626,198.92755780742746,0.1854341072633019,Low,0.5849592752988463,0.7389227790186882,0.6447061218523289,0.09677112895126505,0.5163398262802821,0.43557024647477566,951
CAND_00491,Al22.62Mn20.15Nb14.18Ni28.78Ti14.27,5,22.62,0.0,0.0,0.0,0.0,20.15,0.0,14.18,28.78,14.27,0.0,0.0,100.0,True,1139.7561,1370.1742,44.436043,325.4426666666667,1.2021643891825986,True,0.6525219,0.6279888515875345,0.4511059869515948,0.261702630712383,0.5361851312269155,False,919,1350.2869262695312,194.6867844665236,0.14418178883238486,Low,0.6525218858078787,0.6279888515875345,0.4511059869515948,0.26170263071238303,0.49832983876484777,0.43553379683955956,952
CAND_02761,Al16.53Co15.61Cu8.58Mn14.95Ni12.59W31.74,6,16.53,15.61,0.0,8.58,0.0,14.95,0.0,0.0,12.59,0.0,0.0,31.74,100.0,True,698.1204,1467.4526,56.451912,355.2386,2.10200497362958,True,0.28421035,0.7043838067140663,0.6660176262017345,0.3255527467511639,0.5119155712745975,False,1321,1407.576436360677,192.63064007314827,0.13685270305547276,Low,0.28421033142983526,0.7043838067140663,0.6660176262017345,0.3255527467511641,0.49504112777420006,0.4354487845643487,953
CAND_01680,Cr29.60Mn43.36Ti18.34W8.70,4,0.0,0.0,29.6,0.0,0.0,43.36,0.0,0.0,0.0,18.34,0.0,8.7,100.0,True,999.9235,1596.5387,50.618847,275.17533333333336,1.596660807909687,True,0.53590554,0.8057580770244228,0.5616894614220906,0.1539840695789816,0.5660190668570027,False,587,1138.7141072591146,206.6515986892722,0.1814780350677157,Low,0.5359054930236831,0.8057580770244228,0.5616894614220906,0.15398406957898164,0.5143342752622946,0.43533122072203045,956
CAND_02050,Al31.62Cu11.54Mn9.14Mo40.95Nb6.75,5,31.62,0.0,0.0,11.54,0.0,9.14,40.95,6.75,0.0,0.0,0.0,0.0,100.0,True,806.25085,1228.0321,44.82675,506.8473333333333,1.523138974870878,True,0.37438807,0.5163614055040155,0.4580940359921182,0.650437190125739,0.4793139313325352,False,1988,1342.367586263021,199.50057198443238,0.14861843657877374,Low,0.37438803698012774,0.5163614055040155,0.4580940359921182,0.650437190125739,0.49982016715050015,0.43514900269165396,958
CAND_01950,Co33.63Cu10.77Mo5.32Nb15.96V9.09W25.23,6,0.0,33.63,0.0,10.77,0.0,0.0,5.32,15.96,0.0,0.0,9.09,25.23,100.0,True,939.0539,1168.8265,64.55606,319.903,1.244685217126119,True,0.48514202,0.4698658920576658,0.8109655888838964,0.2498316026923568,0.526718511953515,False,1053,1010.8219848632813,161.79420576431232,0.16006201703873288,Low,0.4851419859286503,0.4698658920576658,0.8109655888838964,0.2498316026923568,0.5039512673906423,0.4344175225020027,965
CAND_03535,Co22.62Nb23.11Ni32.86V21.41,4,0.0,22.62,0.0,0.0,0.0,0.0,0.0,23.11,32.86,0.0,21.41,0.0,100.0,True,1081.4628,1126.9869,69.4682,285.8302,1.042094959502076,True,0.6039069,0.4370082960804291,0.8988224105275228,0.1768165301511538,0.5635026587672644,False,604,937.4797037760417,204.90321177484265,0.21856815774199717,Low,0.6039069392969295,0.4370082960804291,0.8988224105275228,0.17681653015115384,0.5291385440140087,0.4342297479646118,968
CAND_00040,Cr36.43Mo21.89Nb23.45Ni18.23,4,0.0,0.0,36.43,0.0,0.0,0.0,21.89,23.45,18.23,0.0,0.0,0.0,100.0,True,989.1499,1420.3217,62.889618,275.344,1.435901370090222,True,0.5269206,0.6673708316798032,0.7811601888803442,0.1543455077027034,0.5767293197883834,False,483,907.0323120117188,205.57878755437545,0.2266499052259997,Low,0.5269206184715414,0.6673708316798032,0.7811601888803442,0.15434550770270342,0.532449286683598,0.4340678496897604,971
CAND_02036,Al25.19Cu15.66Mn6.65Nb11.26Ni33.37V7.87,6,25.19,0.0,0.0,15.66,0.0,6.65,0.0,11.26,33.37,0.0,7.87,0.0,100.0,True,1000.81586,1184.6659,51.678513,379.5029666666666,1.183700170009002,True,0.53664976,0.4823049355887189,0.5806422776618181,0.3775491923715124,0.5074793610032704,False,1403,1108.5068196614584,153.86996201339892,0.13880831338538027,Low,0.536649695765139,0.4823049355887189,0.5806422776618181,0.37754919237151247,0.4942865253467971,0.43403838867088357,972
CAND_04428,Cr21.89Cu9.90Ni29.20Ti18.96V20.05,5,0.0,0.0,21.89,9.9,0.0,0.0,0.0,0.0,29.2,18.96,20.05,0.0,100.0,True,1421.952,1034.1333,56.970955,267.97720000000004,0.7272631430766413,False,0.88786525,0.3640882377186865,0.6753010481474391,0.1385590904902486,0.5651951943705373,True,100,923.4258260091145,175.69338230022962,0.19026258238796048,Low,0.8878652028633407,0.36408823771868654,0.6753010481474391,0.13855909049024862,0.5164533948049287,0.43389870642559875,974
CAND_03086,Al20.97Cu34.54Mn17.61Ti26.88,4,20.97,0.0,0.0,34.54,0.0,17.61,0.0,0.0,0.0,26.88,0.0,0.0,100.0,True,961.17114,1428.8901,46.50437,344.566,1.4866136078194403,True,0.5035871,0.6740997924101008,0.4880993618024129,0.3026822851746794,0.5207332589693972,False,1151,1468.665283203125,198.19473418689526,0.13494887940337033,Low,0.5035871321044515,0.6740997924101008,0.4880993618024129,0.30268228517467943,0.4921171428729112,0.4336029153415364,980
CAND_04098,Al30.16Co13.96Cu12.31Mo43.57,4,30.16,13.96,0.0,12.31,0.0,0.0,43.57,0.0,0.0,0.0,0.0,0.0,100.0,True,710.32947,1199.957,50.993614,497.7623333333333,1.689296382087771,True,0.29439235,0.4943133865740899,0.5683924131858671,0.6309688184616307,0.4733551492189152,False,2091,1337.8738199869792,196.2537544174942,0.14669078016595336,Low,0.2943923469444559,0.4943133865740899,0.5683924131858671,0.6309688184616307,0.49701674129151086,0.43343571770898925,982
CAND_04034,Al25.89Mn20.17Mo6.53Ni34.23W13.18,5,25.89,0.0,0.0,0.0,0.0,20.17,6.53,0.0,34.23,0.0,0.0,13.18,100.0,True,745.8311,1552.0433,49.938957,370.7905,2.080958097995392,True,0.32399973,0.7708148204912451,0.5495291861719379,0.3588791275197985,0.519658536108508,False,1171,1208.387353515625,188.21484266771773,0.15575704439485766,Low,0.3239996919309553,0.7708148204912451,0.5495291861719379,0.35887912751979867,0.5008057065284842,0.43331399878311005,984
CAND_04791,Al19.20Co28.71Mn25.15V26.94,4,19.2,28.71,0.0,0.0,0.0,25.15,0.0,0.0,0.0,0.0,26.94,0.0,100.0,True,843.64264,1194.8333,63.765762,347.13866666666667,1.4162789367657531,True,0.40557173,0.490289627634985,0.7968305946794731,0.3081952880183261,0.5141953503366624,False,1271,1241.1614583333333,191.72094815015592,0.1544689829537603,Low,0.405571721396667,0.49028962763498507,0.7968305946794731,0.3081952880183261,0.5002218079323628,0.43329168242573574,985
CAND_02738,Al11.57Co40.35Mo17.98Nb30.10,4,11.57,40.35,0.0,0.0,0.0,0.0,17.98,30.1,0.0,0.0,0.0,0.0,100.0,True,819.0206,1379.0295,56.672104,375.2854,1.6837542910211127,True,0.3850377,0.6349431214576391,0.6699559034640588,0.3685113106560673,0.5287599219825042,False,1021,1089.4251790364583,204.76155004091186,0.1879537521080733,Low,0.3850376435937212,0.6349431214576391,0.6699559034640588,0.3685113106560672,0.5146119947928716,0.43319194360863894,987
CAND_04647,Co39.67Cr13.63Mn6.61Mo19.11W20.98,5,0.0,39.67,13.63,0.0,0.0,6.61,19.11,0.0,0.0,0.0,0.0,20.98,100.0,True,744.3519,1520.8773,56.43308,319.1986,2.043223428780312,True,0.32276613,0.7463394470118963,0.6656808036223307,0.248322134227833,0.5244001941940963,False,1092,1041.9707397460938,150.93262506758538,0.1448530359925121,Low,0.32276608139802965,0.7463394470118963,0.6656808036223307,0.24832213422783303,0.49577711656502244,0.43304869793633943,988
CAND_03827,Co42.28Cr6.35Cu24.40Mo15.02W11.95,5,0.0,42.28,6.35,24.4,0.0,0.0,15.02,0.0,0.0,0.0,0.0,11.95,100.0,True,753.5939,1451.9031,59.628067,320.9667333333333,1.926638676096524,True,0.33047363,0.6921724282915181,0.7228252260151588,0.2521110915074182,0.5253167956540605,False,1080,1089.3016438802083,168.93424107703075,0.15508490419170673,Low,0.3304736453145379,0.6921724282915181,0.7228252260151588,0.25211109150741823,0.49939559778215825,0.43234535917653605,994
CAND_01380,Al16.31Co20.34Cr12.36Ni27.89W23.10,5,16.31,20.34,12.36,0.0,0.0,0.0,0.0,0.0,27.89,0.0,0.0,23.1,100.0,True,646.62085,1623.1837,59.138115,323.3472,2.51025574102748,True,0.24126118,0.8266830056760703,0.7140621155423428,0.2572122263231241,0.5374806242718875,False,899,1026.3323689778647,184.04919949035366,0.1793270923274594,Low,0.24126117829237428,0.8266830056760703,0.7140621155423428,0.2572122263231241,0.5098046314584779,0.43228433805616523,996
CAND_03591,Cr28.24Cu11.56Fe7.13Ti9.74W43.33,5,0.0,0.0,28.24,11.56,7.13,0.0,0.0,0.0,0.0,9.74,0.0,43.33,100.0,True,944.9438,1461.5065,50.17291,309.016,1.5466597280098726,True,0.49005404,0.6997141982225833,0.5537135878775065,0.2265017004020819,0.5293341238406335,False,1009,1130.249072265625,157.63144669244687,0.13946611464716263,Low,0.4900539942290011,0.6997141982225833,0.5537135878775065,0.22650170040208198,0.49249587018279317,0.432216336977511,998
CAND_01446,Al13.73Cr25.08Fe34.01Ti27.18,4,13.73,0.0,25.08,0.0,34.01,0.0,0.0,0.0,0.0,27.18,0.0,0.0,100.0,True,1170.486,1468.9452,48.612736,281.61833333333334,1.2549874563193186,True,0.6781497,0.7055559796735503,0.5258088602331348,0.1677908630442375,0.5717325514466552,False,525,863.4355509440104,174.86426015127304,0.20252149678119072,Low,0.6781497443231252,0.7055559796735503,0.5258088602331348,0.1677908630442375,0.5193263618185119,0.4318645140303948,1002
CAND_02641,Al19.25Co21.05Mn24.99Mo9.64W25.07,5,19.25,21.05,0.0,0.0,0.0,24.99,9.64,0.0,0.0,0.0,0.0,25.07,100.0,True,694.451,1610.0181,52.19603,342.74926666666664,2.3184042157571465,True,0.28115016,0.8163437585131457,0.589898406104115,0.2987891822855316,0.5215411565789188,False,1138,1286.8047159830728,193.20379808389322,0.1501422831950786,Low,0.2811501566802967,0.8163437585131457,0.589898406104115,0.29878918228553164,0.4965453758957723,0.43172517274678085,1005
CAND_01098,Co27.65Cr39.23Nb13.16Ti19.96,4,0.0,27.65,39.23,0.0,0.0,0.0,0.0,13.16,0.0,19.96,0.0,0.0,100.0,True,827.0172,1492.9819,60.495323,310.0236,1.805260977029266,True,0.39170662,0.7244325506069733,0.7383366641483075,0.2286609003237941,0.5537250539538952,False,703,909.6637776692709,187.73365088192816,0.20637696640283618,Low,0.39170657949663734,0.7244325506069733,0.7383366641483075,0.22866090032379413,0.520784173643928,0.4316927363067927,1006
CAND_00680,Cr25.83Fe17.26Ti23.06W33.85,4,0.0,0.0,25.83,0.0,17.26,0.0,0.0,0.0,0.0,23.06,0.0,33.85,100.0,True,930.0842,1599.9564,48.410007,282.971,1.7202274277389509,True,0.47766155,0.8084420750973346,0.522182920094012,0.1706895110799355,0.5419802561491267,False,843,1023.5524698893229,149.94442576191778,0.14649412724110894,Low,0.4776615124313656,0.8084420750973346,0.522182920094012,0.17068951107993557,0.49474400467566193,0.43152772693759883,1007
CAND_01859,Co33.37Cr12.04Cu13.84Mo16.56Nb24.19,5,0.0,33.37,12.04,13.84,0.0,0.0,16.56,24.19,0.0,0.0,0.0,0.0,100.0,True,885.81445,1411.8956,57.79938,324.4756,1.5938954202192983,True,0.4407418,0.6607536223980751,0.6901179685670774,0.2596302902290988,0.5419226705227311,False,844,1059.7813639322917,199.64330666855648,0.18838159781163266,Low,0.44074180590757833,0.6607536223980751,0.6901179685670774,0.2596302902290988,0.5128109217754575,0.4315204162701464,1008
CAND_03793,Cr21.17Fe11.55Mn11.03Mo15.79Nb21.07Ti19.39,6,0.0,0.0,21.17,0.0,11.55,11.03,15.79,21.07,0.0,19.39,0.0,0.0,100.0,True,1132.7339,1469.4297,44.47071,313.903,1.29724175927726,True,0.6466656,0.7059364686182573,0.4517260288143918,0.236974120030315,0.554258243690122,False,697,1064.1802897135417,194.55282916508608,0.18281942547296776,Low,0.6466655716621845,0.7059364686182573,0.45172602881439183,0.236974120030315,0.5103255472812871,0.4314483988773061,1009
CAND_04766,Al14.83Cu21.15Fe15.91Ti24.63W23.48,5,14.83,0.0,0.0,21.15,15.91,0.0,0.0,0.0,0.0,24.63,0.0,23.48,100.0,True,1025.1438,1518.9143,44.34091,324.0973333333333,1.481659745429197,True,0.5569385,0.7447978581605851,0.4494044713161645,0.2588196973777162,0.5416949945487148,False,845,1179.3123331705729,194.5728105798902,0.1649883623762185,Low,0.5569385025717802,0.7447978581605851,0.4494044713161645,0.25881969737771626,0.5024901323565615,0.4313263107037704,1011
CAND_01041,Co22.02Cr22.07Mn13.65Mo20.57Nb21.69,5,0.0,22.02,22.07,0.0,0.0,13.65,20.57,21.69,0.0,0.0,0.0,0.0,100.0,True,922.5258,1562.1874,55.11651,318.964,1.6933806834859633,True,0.4713581,0.7787812145139578,0.6421330921012117,0.2478194066557472,0.5727479785498188,False,516,863.3019795735677,207.95230654349027,0.24088014560815596,Low,0.4713580228072004,0.7787812145139578,0.6421330921012117,0.2478194066557472,0.5350229340195293,0.431164070045874,1014
CAND_02417,Co30.72Cr25.71Nb19.48Ti16.73V7.36,5,0.0,30.72,25.71,0.0,0.0,0.0,0.0,19.48,0.0,16.73,7.36,0.0,100.0,True,950.23956,1195.8142,65.26219,309.3806,1.2584344480874317,True,0.49447057,0.4910599508669011,0.8235951836159712,0.2272830067651785,0.5356504110728829,False,926,1024.8496948242187,185.29879347726416,0.18080582393015832,Low,0.4944705067464743,0.4910599508669011,0.8235951836159712,0.2272830067651787,0.5091021619986313,0.43114807844032405,1015
CAND_03539,Cr30.94Mn9.23Mo27.33Ti13.71W18.79,5,0.0,0.0,30.94,0.0,0.0,9.23,27.33,0.0,0.0,13.71,0.0,18.79,100.0,True,1013.6553,1427.9237,51.5578,309.407,1.4086876844803815,True,0.5473574,0.6733408563602246,0.5784832470741177,0.2273395796888916,0.5449312257074451,False,802,1149.9082438151042,203.12002017879337,0.17664019826911806,Low,0.547357421847391,0.6733408563602246,0.5784832470741177,0.22733957968889162,0.5066302762426562,0.4305736596352295,1019
CAND_00904,Cr25.19Nb25.75Ti21.91W27.15,4,0.0,0.0,25.19,0.0,0.0,0.0,0.0,25.75,0.0,21.91,0.0,27.15,100.0,True,910.37177,1547.9303,50.267754,312.685,1.7003276675299055,True,0.46122196,0.7675847874064552,0.5554099345598013,0.2343640510499204,0.5426491224299965,False,836,963.56865234375,166.61473273261765,0.172914231204336,Low,0.4612219090798513,0.7675847874064552,0.5554099345598013,0.23436405104992047,0.504645170524007,0.4302489961314927,1024
CAND_03244,Co31.47Fe13.92Mn10.97Mo16.17Nb16.29Ni11.18,6,0.0,31.47,0.0,0.0,13.92,10.97,16.17,16.29,11.18,0.0,0.0,0.0,100.0,True,886.0893,1361.1326,58.187737,304.0976,1.5361122276847543,True,0.44097108,0.6208882760612917,0.6970639863277792,0.2159619932812508,0.5252181102797652,False,1084,1138.1577555338542,168.52597845559137,0.14806908588567677,Low,0.44097102295393764,0.6208882760612917,0.6970639863277792,0.21596199328125087,0.49372131965606486,0.430044956114452,1026
CAND_04855,Cr40.90Mo16.44Nb12.81Ti21.46W8.39,5,0.0,0.0,40.9,0.0,0.0,0.0,16.44,12.81,0.0,21.46,0.0,8.39,100.0,True,1014.8154,1464.8634,48.865738,307.791,1.4434776582487383,True,0.54832494,0.7023504486632182,0.5303339657043715,0.2238766310252484,0.5413676153764163,False,851,1072.758076985677,177.82774964107105,0.1657668708873728,Low,0.5483249120983692,0.7023504486632182,0.5303339657043715,0.2238766310252484,0.5012214893728019,0.42995001993089405,1027
CAND_01851,Al41.01Cu26.73Ni10.21V22.05,4,41.01,0.0,0.0,26.73,0.0,0.0,0.0,0.0,10.21,0.0,22.05,0.0,100.0,True,894.8433,955.3027,44.913315,560.575,1.0675642044911595,True,0.4482717,0.3021807623737222,0.4596423073698844,0.7655709472321768,0.4548819671000924,False,2520,1375.5915690104166,205.08423897017843,0.1490880313534587,Low,0.44827160881469424,0.30218076237372227,0.45964230736988443,0.7655709472321768,0.4939164064476194,0.42983339219525046,1029
CAND_03287,Al29.31Fe8.25Ni26.44V25.56W10.44,5,29.31,0.0,0.0,0.0,8.25,0.0,0.0,0.0,26.44,0.0,25.56,10.44,100.0,True,889.7705,1036.5281,59.247757,438.3833666666666,1.164938701495404,True,0.44404104,0.3659689289979121,0.7160231340879564,0.5037248127271934,0.4975674971864339,False,1615,1091.3631591796875,197.11601272223368,0.18061450129065562,Low,0.44404103856629973,0.36596892899791217,0.7160231340879564,0.5037248127271932,0.5074394785948404,0.42980962713917553,1030
CAND_01902,Al24.03Cr13.28Cu23.00Fe18.10Nb8.03Ni13.56,6,24.03,0.0,13.28,23.0,18.1,0.0,0.0,8.03,13.56,0.0,0.0,0.0,100.0,True,1116.5826,1466.752,38.840134,331.3901666666667,1.313608097915775,True,0.6331959,0.703833609490822,0.3510195116176335,0.2744476104011319,0.5300308684146156,False,1001,1479.200341796875,209.40135572330345,0.14156389084451593,Low,0.6331958489739461,0.703833609490822,0.35101951161763356,0.27444761040113197,0.4906241451208834,0.4297824668910342,1031
CAND_02920,Al5.85Cr21.87Fe15.72Nb19.48W37.08,5,5.85,0.0,21.87,0.0,15.72,0.0,0.0,19.48,0.0,0.0,0.0,37.08,100.0,True,1005.3423,1562.8058,46.007706,290.198,1.5545012112537466,True,0.5404246,0.7792668581948802,0.4792162028401662,0.1861763489463648,0.5436379361131825,False,821,1067.7606770833333,165.3627494873325,0.1548687388816687,Low,0.540424617385377,0.7792668581948802,0.47921620284016625,0.18617634894636484,0.49627100684169706,0.42972070343012936,1033
CAND_02790,Cr28.66Cu8.71Mn22.07Nb16.46Ni24.10,5,0.0,0.0,28.66,8.71,0.0,22.07,0.0,16.46,24.1,0.0,0.0,0.0,100.0,True,894.0433,1432.3663,61.512104,246.33553333333336,1.6021218902642371,True,0.44760445,0.6768297318726211,0.7565224542454194,0.0921828648328562,0.5402883001092695,False,861,1216.019413248698,180.797103167161,0.14867945461836532,Low,0.44760443167411795,0.6768297318726211,0.7565224542454194,0.09218286483285622,0.49328487065625365,0.42943648784955546,1038
CAND_02794,Co8.21Cr21.32Mn17.24Ni22.35Ti10.88W20.00,6,0.0,8.21,21.32,0.0,0.0,17.24,0.0,0.0,22.35,10.88,0.0,20.0,100.0,True,1032.9203,1513.4868,48.483,274.3132,1.4652503367947014,True,0.5634239,0.7405355181246752,0.5234884474165706,0.1521365921813646,0.5448804206971877,False,803,1110.9292399088542,169.76528685967352,0.15281377135559224,Low,0.5634238813638951,0.7405355181246752,0.5234884474165706,0.15213659218136466,0.4948961097716264,0.4292940647210336,1040
CAND_01396,Al20.25Cr10.35Cu26.32Fe5.16Ti30.43W7.49,6,20.25,0.0,10.35,26.32,5.16,0.0,0.0,0.0,0.0,30.43,0.0,7.49,100.0,True,1065.6992,1350.5775,43.69152,354.883,1.2673158394393351,True,0.5907606,0.61259911432697,0.4377897084211422,0.3247907266120603,0.5191739529494306,False,1177,1407.8842041015625,204.04319065072278,0.14492895797558322,Low,0.5907605473304428,0.61259911432697,0.4377897084211422,0.3247907266120603,0.49148502417265383,0.4292711969148528,1041
CAND_01077,Al32.88Fe28.55Mo13.43Nb8.51W16.63,5,32.88,0.0,0.0,0.0,28.55,0.0,13.43,8.51,0.0,0.0,0.0,16.63,100.0,True,877.3392,1367.5265,42.209755,445.4846666666666,1.5587204391162717,True,0.4336737,0.6259095521470779,0.4112873767850796,0.5189422863318528,0.498538165679461,False,1592,1168.6477905273437,185.70039884980466,0.15890193808179684,Low,0.43367368958174124,0.6259095521470779,0.41128737678507965,0.5189422863318528,0.49745322621143795,0.42924531391742915,1042
CAND_00930,Cr25.73Mo43.47Nb20.34Ni10.46,4,0.0,0.0,25.73,0.0,0.0,0.0,43.47,20.34,10.46,0.0,0.0,0.0,100.0,True,1028.0151,1404.6299,53.59461,301.567,1.3663513793029745,True,0.55933315,0.6550477018086857,0.6149129198627507,0.210539135677157,0.549623360505863,False,745,1057.7995564778646,200.22565506686513,0.1892850624115903,Low,0.5593330847264513,0.6550477018086857,0.6149129198627507,0.21053913567715707,0.5099582105187611,0.42879392555783546,1046
CAND_03155,Cr43.14Cu7.19Mo14.96V34.71,4,0.0,0.0,43.14,7.19,0.0,0.0,14.96,0.0,0.0,0.0,34.71,0.0,100.0,True,1250.2653,1042.703,56.766857,309.246,0.8339854224294004,False,0.7446834,0.3708182193687532,0.671650622552114,0.2269945705707935,0.5366123254831031,False,909,1175.3798055013021,205.29793856370588,0.17466519128780322,Low,0.7446834008871037,0.3708182193687532,0.671650622552114,0.2269945705707935,0.5035367033446911,0.4286640202495966,1054
CAND_02475,Cr31.43Cu6.17Fe8.62Ti16.41V18.87W18.50,6,0.0,0.0,31.43,6.17,8.62,0.0,0.0,0.0,0.0,16.41,18.87,18.5,100.0,True,1208.4318,1120.006,54.950775,306.427,0.926826019122432,False,0.7097954,0.4315260354527583,0.6391688137347348,0.2209536966334109,0.5353317051058895,False,932,1201.9971150716146,201.32577022585113,0.16749272331976953,Low,0.7097954572492278,0.43152603545275836,0.6391688137347348,0.22095369663341094,0.500361000767533,0.42857740418694407,1056
CAND_02553,Al15.81Co22.22Fe11.49Nb8.78W41.70,5,15.81,22.22,0.0,0.0,11.49,0.0,0.0,8.78,0.0,0.0,0.0,41.7,100.0,True,844.63495,1583.6005,45.557198,361.1556,1.874893410911111,True,0.4063993,0.7955974122887971,0.4711585739849164,0.3382323675697142,0.5291235181891063,False,1014,1153.0171305338542,199.9968452278981,0.1734552244989615,Low,0.4063992795821236,0.7955974122887971,0.47115857398491645,0.3382323675697142,0.5028469083563878,0.42851818958076726,1059
CAND_00948,Al10.76Cr33.20Mn16.00Mo26.90W13.14,5,10.76,0.0,33.2,0.0,0.0,16.0,26.9,0.0,0.0,0.0,0.0,13.14,100.0,True,845.05,1474.3156,51.868435,350.581,1.7446489808851364,True,0.40674543,0.7097734777719104,0.584039156268739,0.3155719115433764,0.5283012537428247,False,1024,1145.903719075521,202.52725008588322,0.1767401979018585,Low,0.4067454194223688,0.7097734777719104,0.584039156268739,0.31557191154337644,0.5040324912515987,0.4283294580658453,1063
CAND_00183,Co31.51Cr31.29Mn5.12Ti32.08,4,0.0,31.51,31.29,0.0,0.0,5.12,0.0,0.0,0.0,32.08,0.0,0.0,100.0,True,796.85333,1425.7283,64.9898,308.2506,1.7891978885148914,True,0.3665508,0.6716167584671179,0.8187233111433813,0.2248615141971607,0.5498603249010238,False,743,928.4037923177083,200.10437581588008,0.21553593110205924,Low,0.3665507738274914,0.6716167584671179,0.8187233111433813,0.22486151419716086,0.5204380894087879,0.42815524913108527,1064
CAND_04673,Co12.09Cr39.10Cu13.90Nb17.24W17.67,5,0.0,12.09,39.1,13.9,0.0,0.0,0.0,17.24,0.0,0.0,0.0,17.67,100.0,True,835.2215,1415.9004,57.66344,314.866,1.6952394134900446,True,0.39854875,0.6638986835451615,0.6876865931717843,0.2390377459975726,0.5265115453473207,False,1056,1152.435595703125,186.30830954898147,0.16166483423770928,Low,0.3985487312646755,0.6638986835451615,0.6876865931717843,0.23903774599757263,0.49729293849479844,0.42808641859347046,1065
CAND_03330,Al33.41Ni26.38V16.36W23.85,4,33.41,0.0,0.0,0.0,0.0,0.0,0.0,0.0,26.38,0.0,16.36,23.85,100.0,True,780.5854,1028.5992,58.914497,465.1184,1.3177279713030876,True,0.3529838,0.3597421822617123,0.7100625620397341,0.5610156839859339,0.4754857945138993,False,2055,1079.6680094401042,171.26186218599995,0.15862455929838393,Low,0.35298378505187117,0.3597421822617123,0.7100625620397341,0.5610156839859339,0.4959510533348129,0.4280515628247521,1066
CAND_01870,Al13.04Co30.42Cu27.37Mo9.49V19.68,5,13.04,30.42,0.0,27.37,0.0,0.0,9.49,0.0,0.0,0.0,19.68,0.0,100.0,True,1000.4777,1108.0469,61.486427,350.6896666666667,1.1075178141887418,True,0.5363678,0.4221342803678298,0.7560632043850035,0.3158047748404779,0.5239371395960474,False,1100,1036.3361002604167,192.8106125609162,0.18605027125125295,Low,0.5363676799878174,0.42213428036782985,0.7560632043850035,0.3158047748404779,0.5075924848952822,0.42796877771444297,1068
CAND_01165,Co38.06Cr19.98Fe20.92Nb14.42W6.62,5,0.0,38.06,19.98,0.0,20.92,0.0,0.0,14.42,0.0,0.0,0.0,6.62,100.0,True,899.6632,1531.4523,58.765728,260.0586666666667,1.7022506715498598,True,0.45229128,0.7546442366719139,0.7074017316279174,0.1215903563165596,0.5571696532863276,False,666,1019.6035481770833,193.26621849788467,0.189550358905105,Low,0.45229126768952416,0.7546442366719139,0.7074017316279174,0.12159035631655969,0.5089818980764788,0.4278775541247028,1069
CAND_03579,Co23.36Nb29.35Ni30.14V17.15,4,0.0,23.36,0.0,0.0,0.0,0.0,0.0,29.35,30.14,0.0,17.15,0.0,100.0,True,1040.4954,1124.5541,68.23342,285.8052,1.0807872305788846,True,0.56974125,0.4350977625310304,0.8767375664007029,0.1767629573067287,0.5471505476215327,False,774,992.4479777018229,202.83112638408852,0.2043745676763607,Low,0.5697412983108701,0.4350977625310304,0.8767375664007029,0.17676295730672872,0.514584896137333,0.42726317040232636,1076
CAND_01459,Co11.19Cr34.24Mn13.71Ti13.04W27.82,5,0.0,11.19,34.24,0.0,0.0,13.71,0.0,0.0,0.0,13.04,0.0,27.82,100.0,True,800.3051,1492.301,55.265663,312.838,1.8646650789848445,True,0.36942947,0.7238978242448451,0.6448007906030079,0.2346919168578026,0.5244021791459148,False,1091,1052.3550252278646,162.4311031444064,0.15435009977667513,Low,0.3694294513756505,0.7238978242448451,0.6448007906030079,0.2346919168578026,0.49320499577032645,0.4272577235153735,1077
CAND_01731,Al37.14Cu27.76Ni24.34V10.76,4,37.14,0.0,0.0,27.76,0.0,0.0,0.0,0.0,24.34,0.0,10.76,0.0,100.0,True,864.5933,1015.13684,55.26451,477.1142,1.174120610562411,True,0.42304403,0.3491698826751933,0.6447801684474188,0.5867216490721541,0.4808674739655587,False,1956,1184.3532958984374,204.39271228221855,0.17257748426086703,Low,0.4230439731866511,0.34916988267519333,0.6447801684474188,0.5867216490721539,0.5009289183453542,0.4272032552809201,1078
CAND_02596,Al29.35Ni27.05V32.30W11.30,4,29.35,0.0,0.0,0.0,0.0,0.0,0.0,0.0,27.05,0.0,32.3,11.3,100.0,True,875.53033,976.5147,61.80857,439.2253666666666,1.115340795802544,True,0.4321652,0.3188390317135139,0.7618249416511937,0.5055291461274332,0.4915868814698003,False,1724,1083.5722290039062,196.6792761803389,0.181510074654774,Low,0.43216514368889825,0.31883903171351397,0.7618249416511937,0.5055291461274332,0.5045895657952597,0.42707174201853165,1080
CAND_01273,Co23.65Cr37.23Mn16.82W22.30,4,0.0,23.65,37.23,0.0,0.0,16.82,0.0,0.0,0.0,0.0,0.0,22.3,100.0,True,582.681,1468.093,68.6628,311.873,2.5195483012567976,True,0.1879372,0.7048867274987732,0.8844173072218808,0.2326240050629908,0.5238451080705532,False,1101,896.4622477213542,158.4552722583484,0.17675621328294996,Low,0.18793717042752336,0.7048867274987732,0.8844173072218808,0.2326240050629908,0.502466302552792,0.4269926913332341,1081
CAND_00885,Cr31.94Mo31.33Ti19.56W17.17,4,0.0,0.0,31.94,0.0,0.0,0.0,31.33,0.0,0.0,19.56,0.0,17.17,100.0,True,1018.1668,1398.6906,52.565998,307.831,1.3737342324692798,True,0.5511199,0.6503834335129179,0.5965155246288008,0.2239623475763287,0.5431742463854735,False,828,1023.7679402669271,188.36755260910004,0.18399438505564744,Low,0.5511198839345286,0.6503834335129179,0.5965155246288008,0.2239623475763287,0.505495297413144,0.4269406204906841,1082
CAND_02029,Al33.02Co15.22Fe11.67Mo25.66Ti14.43,5,33.02,15.22,0.0,0.0,11.67,0.0,25.66,0.0,0.0,14.43,0.0,0.0,100.0,True,822.09033,1043.6079,48.984413,521.0841333333334,1.2694564810431677,True,0.38759774,0.3715288580603229,0.5324565453353588,0.6809454249862318,0.4629939338791705,False,2327,1303.7322998046875,202.1296541029885,0.15503923169907627,Low,0.3875977106983981,0.37152885806032293,0.5324565453353588,0.6809454249862318,0.4931321347700779,0.4269397274451663,1083
CAND_04158,Co31.57Cr36.53Ni22.89Ti9.01,4,0.0,31.57,36.53,0.0,0.0,0.0,0.0,0.0,22.89,9.01,0.0,0.0,100.0,True,793.0801,1425.0275,67.45552,275.799,1.7968267509241311,True,0.363404,0.6710664041792936,0.8628243184972277,0.1553205334712415,0.5493452900791364,False,748,1025.621700032552,207.35932097025946,0.20217914750017293,Low,0.3634040078248203,0.6710664041792936,0.8628243184972277,0.15532053347124156,0.5131538159931458,0.42685303356010174,1085
CAND_00212,Co40.35Mn6.11Nb44.62Ni8.92,4,0.0,40.35,0.0,0.0,0.0,6.11,0.0,44.62,8.92,0.0,0.0,0.0,100.0,True,809.8866,1466.0548,57.266243,319.155,1.810197632619705,True,0.37742016,0.7032860823654352,0.6805824662563497,0.2482287031871554,0.5315917954001487,False,982,1144.9766357421875,203.44777602031627,0.17768727297080522,Low,0.37742014859119083,0.7032860823654352,0.6805824662563497,0.24822870318715548,0.5023793501000328,0.4265812848879167,1089
CAND_02085,Co22.48Cr38.83Mo26.25Nb12.44,4,0.0,22.48,38.83,0.0,0.0,0.0,26.25,12.44,0.0,0.0,0.0,0.0,100.0,True,857.18097,1532.8834,54.317818,312.518,1.7882844521876982,True,0.4168623,0.7557681122730914,0.6278479657423965,0.2340061844491602,0.5438520484588432,False,819,987.9812825520834,191.30100570927567,0.19362816794982232,Low,0.4168623017686407,0.7557681122730914,0.6278479657423965,0.23400618444916027,0.5086211410583222,0.42611355421674635,1097
CAND_02831,Al5.65Co43.79Ti9.37W41.19,4,5.65,43.79,0.0,0.0,0.0,0.0,0.0,0.0,0.0,9.37,0.0,41.19,100.0,True,809.6655,1476.056,57.18254,319.821,1.8230441461951097,True,0.3772358,0.7111402537458391,0.6790853836117108,0.2496558837626422,0.5337325475796622,False,955,1045.5023478190103,191.85921179478774,0.18350911616317192,Low,0.377235757508964,0.7111402537458391,0.6790853836117108,0.24965588376264222,0.504279319657289,0.42608824281144225,1098
CAND_02780,Cr32.02Fe14.78Mn26.34Mo6.34Ti7.92W12.60,6,0.0,0.0,32.02,0.0,14.78,26.34,6.34,0.0,0.0,7.92,0.0,12.6,100.0,True,833.01965,1632.2135,52.553043,266.7103333333334,1.9593937471873568,True,0.39671248,0.8337743143921016,0.5962838160202528,0.1358443044566177,0.5385936430542013,False,883,1189.7916910807292,180.52042952100436,0.15172439921565714,Low,0.39671245128095295,0.8337743143921016,0.5962838160202528,0.13584430445661774,0.49065372153748127,0.4260166076811643,1100
CAND_03552,Cr41.33Fe22.13Ni11.09Ti18.36W7.09,5,0.0,0.0,41.33,0.0,22.13,0.0,0.0,0.0,11.09,18.36,0.0,7.09,100.0,True,1041.2131,1461.1718,55.62834,240.6703333333334,1.403335927306475,True,0.57033986,0.6994513506481902,0.6512875048463407,0.0800428297033564,0.5557656634211313,False,682,1076.0949625651042,188.25277107311578,0.1749406675265673,Low,0.5703398396031095,0.6994513506481902,0.6512875048463407,0.08004282970335642,0.5002803812002492,0.42579203786810543,1102
CAND_00453,Co40.18Cr23.93Ni23.27Ti12.62,4,0.0,40.18,23.93,0.0,0.0,0.0,0.0,0.0,23.27,12.62,0.0,0.0,100.0,True,906.74243,1413.7921,59.435932,275.753,1.559199228651888,True,0.45819515,0.662242987276583,0.7193887664626015,0.1552219594374992,0.5392619296640411,False,876,1102.9727335611979,189.3799951419192,0.17169961630009012,Low,0.4581951432256271,0.662242987276583,0.7193887664626015,0.15522195943749925,0.49876221410057775,0.4256741294117119,1103
CAND_04252,Cr35.95Mn21.64Mo20.85Nb21.56,4,0.0,0.0,35.95,0.0,0.0,21.64,20.85,21.56,0.0,0.0,0.0,0.0,100.0,True,829.5131,1513.7604,57.673973,289.16333333333336,1.8248781831574623,True,0.39378813,0.7407503824699216,0.6878749827336396,0.183959147491755,0.5399241757458769,False,867,939.724532063802,167.66426662627558,0.17841852681876363,Low,0.39378808877809296,0.7407503824699216,0.6878749827336396,0.18395914749175507,0.5015931503683523,0.4256494097410736,1104
CAND_01688,Co9.75Cr36.73Fe19.24Mo10.49V14.72W9.07,6,0.0,9.75,36.73,0.0,19.24,0.0,10.49,0.0,0.0,0.0,14.72,9.07,100.0,True,1176.9229,1131.6083,60.47144,256.81533333333334,0.9614974324762752,False,0.68351793,0.4406375873272193,0.7379095011457638,0.1146401726331337,0.538920063207595,False,880,1268.3084635416667,204.4878507039317,0.16122879928823705,Low,0.683517934993345,0.4406375873272193,0.7379095011457638,0.11464017263313375,0.4941762990248655,0.4255632475940707,1105
CAND_02952,Al29.81Cu9.37Mn27.54Ni33.28,4,29.81,0.0,0.0,9.37,0.0,27.54,0.0,0.0,33.28,0.0,0.0,0.0,100.0,True,588.4046,1485.9379,55.988434,408.7422,2.525367569901771,True,0.1927105,0.7189007361043571,0.657728020453172,0.4402063483106339,0.5039463308620555,False,1473,1152.0734456380208,208.01665545016633,0.18055850192343098,Low,0.1927104892797768,0.7189007361043571,0.657728020453172,0.4402063483106339,0.502386398536985,0.42554976963739566,1106
CAND_02695,Cr28.23Mn39.13Ti23.63W9.01,4,0.0,0.0,28.23,0.0,0.0,39.13,0.0,0.0,0.0,23.63,0.0,9.01,100.0,True,888.70715,1635.5449,51.22052,279.2963333333334,1.8403642796048345,True,0.44315425,0.8363905390988046,0.5724507747089239,0.1628150172540274,0.5513983906201748,False,730,1094.3983642578125,201.87685538628108,0.1844637766095235,Low,0.4431542350507598,0.8363905390988046,0.5724507747089239,0.16281501725402742,0.5037026415281289,0.4252579534090575,1111
CAND_03451,Al29.46Co10.64Fe33.00Nb11.69V15.21,5,29.46,10.64,0.0,0.0,33.0,0.0,0.0,11.69,0.0,0.0,15.21,0.0,100.0,True,1189.9698,1137.9961,41.350395,416.446,0.9563234743363234,False,0.6943987,0.4456540729433196,0.3959171637521312,0.45671492746594,0.509502371238901,False,1369,1188.651953125,204.06169414101626,0.17167489070668013,Low,0.694398676787577,0.44565407294331966,0.39591716375213126,0.4567149274659401,0.49817121023724203,0.4251787028881166,1113
CAND_01729,Al20.43Co25.77Cu44.30Ni9.50,4,20.43,25.77,0.0,44.3,0.0,0.0,0.0,0.0,9.5,0.0,0.0,0.0,100.0,True,712.9106,1375.2584,59.84682,354.52286666666663,1.929075583722956,True,0.29654494,0.6319815902721172,0.7267377658257114,0.3240189919305008,0.5088452535818533,False,1378,1234.11455078125,202.73458658360016,0.16427533931534966,Low,0.2965449356105257,0.6319815902721172,0.7267377658257114,0.3240189919305008,0.49482082090971374,0.4250032652934936,1115
CAND_02975,Co25.10Cr30.81Cu16.14V27.95,4,0.0,25.1,30.81,16.14,0.0,0.0,0.0,0.0,0.0,0.0,27.95,0.0,100.0,True,1118.1239,938.8852,65.55972,315.397,0.839696923437534,False,0.63448125,0.2892877236745884,0.8289167013543963,0.2401756332131633,0.5203862157751153,False,1157,1019.2828653971354,175.73804515273832,0.17241342037498772,Low,0.6344812491324091,0.2892877236745884,0.8289167013543963,0.24017563321316335,0.4982153268436393,0.42494850211138735,1117
CAND_03176,Cr23.19Mo13.47Nb38.42Ti10.94W13.98,5,0.0,0.0,23.19,0.0,0.0,0.0,13.47,38.42,0.0,10.94,0.0,13.98,100.0,True,943.2648,1571.4314,46.10529,314.796,1.665949422826435,True,0.48865372,0.7860407393950172,0.4809615562061679,0.2388877420331821,0.5384818909828171,False,884,1179.6749877929688,205.06568524243863,0.17383235837363314,Low,0.48865375620521656,0.7860407393950172,0.48096155620616793,0.23888774203318217,0.49863594845989595,0.42479315287471325,1119
CAND_02819,Cr26.21Fe22.18Mn6.61Mo20.61Nb14.78W9.61,6,0.0,0.0,26.21,0.0,22.18,6.61,20.61,14.78,0.0,0.0,0.0,9.61,100.0,True,1050.7261,1378.6428,55.374832,255.65900000000005,1.312085836477473,True,0.5782734,0.6346394370924827,0.6467533492357042,0.1121622500023214,0.5423865365671308,False,839,995.393896484375,159.73648025140372,0.16047564769643044,Low,0.5782734097759882,0.6346394370924827,0.6467533492357042,0.11216225000232145,0.4929571115266241,0.42478884628484426,1120
CAND_02130,Al13.30Co14.18Fe9.16Mo12.73Nb23.06W27.57,6,13.3,14.18,0.0,0.0,9.16,0.0,12.73,23.06,0.0,0.0,0.0,27.57,100.0,True,859.0315,1338.124,53.640045,375.496,1.557712387877768,True,0.41840562,0.6028190956006313,0.6157255544153851,0.3689626082975049,0.5156431981820581,False,1239,1124.9656697591147,203.71095430629035,0.18108192968227227,Low,0.4184055909110792,0.6028190956006313,0.6157255544153851,0.3689626082975049,0.5014782123061502,0.4245922316676667,1122
CAND_03098,Al22.68Co22.31Fe6.11Mn11.85Mo27.44Ti9.61,6,22.68,22.31,0.0,0.0,6.11,11.85,27.44,0.0,0.0,9.61,0.0,0.0,100.0,True,886.96063,1296.7527,48.365074,410.7503333333333,1.4620183272418186,True,0.44169775,0.5703292663371331,0.5213792641381734,0.4445096048967006,0.5006293725456995,False,1553,1240.9064819335938,205.49322797202962,0.16559928646019148,Low,0.4416976872763106,0.5703292663371331,0.5213792641381734,0.44450960489670066,0.49447895566207944,0.424227229208215,1126
CAND_01693,Al20.02Cr13.21Mn44.00Mo22.77,4,20.02,0.0,13.21,0.0,0.0,44.0,22.77,0.0,0.0,0.0,0.0,0.0,100.0,True,953.5181,1438.3165,47.66785,335.00933333333336,1.5084312071333794,True,0.49720478,0.6815025601879912,0.5089089590137967,0.2822031725124163,0.5231699268009897,False,1110,1276.394637044271,205.53282891162473,0.161026083114525,Low,0.4972047154245558,0.6815025601879912,0.5089089590137967,0.28220317251241633,0.49245485178469,0.4241548565934446,1128
CAND_03431,Al34.65Cu13.29Fe34.87Ni8.96W8.23,5,34.65,0.0,0.0,13.29,34.87,0.0,0.0,0.0,8.96,0.0,0.0,8.23,100.0,True,789.0476,1432.118,42.343895,451.65566666666655,1.8149956815397812,True,0.36004105,0.6766347361967269,0.4136865580085945,0.5321662072497627,0.4942493100597762,False,1684,1188.9854736328125,200.40044777090137,0.16854743158349964,Low,0.3600410180506026,0.6766347361967269,0.41368655800859455,0.5321662072497627,0.4956321298764217,0.4241437843946053,1129
CAND_03889,Al35.59Fe22.78V25.13W16.50,4,35.59,0.0,0.0,0.0,22.78,0.0,0.0,0.0,0.0,0.0,25.13,16.5,100.0,True,996.2655,1119.2462,44.68981,469.2579999999999,1.1234416896988473,True,0.53285486,0.4309293471138759,0.4556447749458374,0.5698864898572317,0.488529439788309,False,1795,1178.432108561198,206.39219098276067,0.17514135051424762,Low,0.5328548255483976,0.4309293471138759,0.4556447749458374,0.5698864898572317,0.49732885936633564,0.42320769254583895,1143
CAND_00197,Al9.12Co28.78Cr13.97Mn18.42Mo5.16Ni24.55,6,9.12,28.78,13.97,0.0,0.0,18.42,5.16,0.0,24.55,0.0,0.0,0.0,100.0,True,765.3689,1425.6309,64.87457,278.0867333333333,1.8626715908478315,True,0.34029368,0.6715402680167268,0.8166623475800474,0.1602229487493596,0.5317492182712243,False,979,1029.0336588541666,180.2107494024895,0.1751261951947762,Low,0.34029365885239615,0.6715402680167268,0.8166623475800474,0.16022294874935963,0.4971798057996325,0.42308631007687253,1146
CAND_01369,Co28.09Cr20.16Fe12.23Mo11.71Ni8.78Ti19.03,6,0.0,28.09,20.16,0.0,12.23,0.0,11.71,0.0,8.78,19.03,0.0,0.0,100.0,True,854.80225,1516.1064,54.73551,306.14059999999995,1.7736340854604185,True,0.41487855,0.7425927499916617,0.6353186590748278,0.220339966127676,0.539122050332959,False,877,1007.4726765950521,190.98665445207308,0.1895700587112191,Low,0.41487851725885094,0.7425927499916617,0.6353186590748278,0.220339966127676,0.5032824731132541,0.42307930451655,1147
CAND_03492,Co28.82Nb22.54Ni34.18V14.46,4,0.0,28.82,0.0,0.0,0.0,0.0,0.0,22.54,34.18,0.0,14.46,0.0,100.0,True,1037.9995,1046.3583,71.31049,284.9624,1.0080527863326345,True,0.5676598,0.373688810162537,0.9317729664859924,0.1749569095754672,0.5415913716127896,True,113,988.0980387369792,207.7818920355016,0.21028469229743188,Low,0.5676597890294143,0.373688810162537,0.9317729664859925,0.17495690957546722,0.5120196188133528,0.4230571716489347,1148
CAND_01257,Al18.14Co24.90Cu28.33Mn9.91Ni10.83W7.89,6,18.14,24.9,0.0,28.33,0.0,9.91,0.0,0.0,10.83,0.0,0.0,7.89,100.0,True,691.9256,1400.6781,60.46213,341.06146666666666,2.024318949546108,True,0.27904406,0.6519442627752619,0.7377429857350667,0.2951723724126993,0.5080080996980056,False,1389,1301.8466715494792,209.54474457326174,0.16095961924906116,Low,0.2790440452417823,0.6519442627752619,0.7377429857350667,0.29517237241269934,0.49097591654120254,0.4229052487275815,1149
CAND_03105,Al33.80Fe6.34Mn26.08Ni33.78,4,33.8,0.0,0.0,0.0,6.34,26.08,0.0,0.0,33.78,0.0,0.0,0.0,100.0,True,568.9219,1486.5441,51.574646,444.17460000000005,2.6129142951305924,True,0.17646246,0.7193767988459083,0.5787845487506597,0.5161349264230555,0.490868156505379,False,1738,1137.9691243489583,201.33003484365244,0.17692047221301813,Low,0.1764624741838933,0.7193767988459083,0.5787845487506597,0.5161349264230555,0.4976896870508792,0.42287452619041466,1151
CAND_01943,Co24.70Cr33.66Fe20.01Ti21.63,4,0.0,24.7,33.66,0.0,20.01,0.0,0.0,0.0,0.0,21.63,0.0,0.0,100.0,True,765.3732,1509.2809,64.81064,258.94100000000003,1.9719541275810168,True,0.34029728,0.7372325285425411,0.8155189179123921,0.1191952930184582,0.5450179709866063,False,800,947.9217488606771,180.53111621235948,0.19044938722984553,Low,0.3402972449295267,0.7372325285425411,0.8155189179123921,0.11919529301845827,0.5030609961007295,0.4225807510148276,1159
CAND_00657,Co24.43Cr8.74Nb15.61Ni38.80V12.42,5,0.0,24.43,8.74,0.0,0.0,0.0,0.0,15.61,38.8,0.0,12.42,0.0,100.0,True,1076.45,1047.5049,68.60887,284.8142,0.9731106391519976,False,0.5997264,0.3745892613988656,0.8834527340641041,0.1746393297537148,0.5393537780542833,False,874,948.6656494140625,192.33492858828026,0.20274258766202272,Low,0.5997264073340781,0.3745892613988656,0.8834527340641041,0.17463932975371485,0.5081019331376907,0.4224527661611913,1160
CAND_04385,Cr33.37Mo9.23Nb18.17Ti39.23,4,0.0,0.0,33.37,0.0,0.0,0.0,9.23,18.17,0.0,39.23,0.0,0.0,100.0,True,904.90717,1383.6849,57.287952,304.014,1.5290904445359803,True,0.45666462,0.6385991136830051,0.6809707458536455,0.2157828456894931,0.5311892458916618,False,986,1053.1300048828125,188.42864819851133,0.1789224951571661,Low,0.45666458882685934,0.6385991136830051,0.6809707458536455,0.21578284568949313,0.49800432351325075,0.42242329377798504,1161
CAND_01271,Al10.17Cr31.39Ni26.54W31.90,4,10.17,0.0,31.39,0.0,0.0,0.0,0.0,0.0,26.54,0.0,0.0,31.9,100.0,True,835.11993,1529.423,54.99891,301.4312,1.831381263436312,True,0.39846405,0.7530505809123798,0.6400297395450366,0.2102481279862394,0.5369990519692638,False,904,1042.5025756835937,193.29624056708295,0.18541559999536117,Low,0.3984640247869651,0.7530505809123798,0.6400297395450366,0.21024812798623949,0.5004481183076552,0.42217102449943594,1163
CAND_00481,Co31.42Cr34.28Ti28.75V5.55,4,0.0,31.42,34.28,0.0,0.0,0.0,0.0,0.0,0.0,28.75,5.55,0.0,100.0,True,935.1976,1203.8911,66.678604,307.9076,1.2873120478372764,True,0.48192596,0.4974029253921964,0.8489286700743246,0.2241264947716474,0.5396498205795568,False,869,929.0321533203125,200.16945297198828,0.2154601993661824,Low,0.4819259419196445,0.4974029253921964,0.8489286700743246,0.22412649477164742,0.5130960080394532,0.422141348854544,1164
CAND_01347,Al14.55Co42.41Fe11.82Mn16.51V14.71,5,14.55,42.41,0.0,0.0,11.82,16.51,0.0,0.0,0.0,0.0,14.71,0.0,100.0,True,904.2592,1189.7422,57.70259,363.15,1.315709233085638,True,0.45612428,0.4862914702223971,0.6883868164079601,0.3425061948065768,0.5061973631269927,False,1431,1225.2550903320312,206.63698670160173,0.16864813566749215,Low,0.4561242003621353,0.48629147022239716,0.6883868164079601,0.34250619480657685,0.49332717044976737,0.4221349056172461,1165
CAND_03515,Co15.55Cr30.62Mo26.12Ni5.18Ti22.53,5,0.0,15.55,30.62,0.0,0.0,0.0,26.12,0.0,5.18,22.53,0.0,0.0,100.0,True,937.7906,1396.2894,55.523285,314.068,1.488913854865689,True,0.48408848,0.6484977161671369,0.6494085277818086,0.237327700803521,0.5377271549985875,False,895,1020.8972696940104,200.05166213862236,0.19595670208676635,Low,0.48408842982653766,0.6484977161671369,0.6494085277818086,0.23732770080352109,0.504830593644751,0.4221144400661804,1166
CAND_04347,Al38.07Fe23.36Mn7.05Ni11.91V5.18W14.43,6,38.07,0.0,0.0,0.0,23.36,7.05,0.0,0.0,11.91,0.0,5.18,14.43,100.0,True,885.1006,1105.1494,48.19957,479.9906666666666,1.24861447112186,True,0.44014648,0.4198588072671299,0.5184191173570746,0.5928856691212551,0.4765392146967007,False,2038,1231.827567545573,206.63239703780857,0.16774457925919406,Low,0.44014647540532775,0.41985880726712993,0.5184191173570746,0.5928856691212551,0.4928275172876968,0.4220336587649517,1168
CAND_01928,Cr26.24Cu11.45Mo21.97Nb5.89V18.29W16.16,6,0.0,0.0,26.24,11.45,0.0,0.0,21.97,5.89,0.0,0.0,18.29,16.16,100.0,True,1338.6536,1112.9178,49.311058,309.776,0.831371035458794,False,0.8183967,0.4259595096779934,0.5382988038022963,0.2281303148726072,0.5421011132976165,False,841,1079.9176310221353,207.31507067807811,0.19197304009367427,Low,0.8183967174551096,0.42595950967799345,0.5382988038022963,0.22813031487260724,0.5026963364520016,0.4217346530022994,1173
CAND_02327,Co20.94Cr29.24Ni6.45Ti23.08V13.47W6.82,6,0.0,20.94,29.24,0.0,0.0,0.0,0.0,0.0,6.45,23.08,13.47,6.82,100.0,True,942.7226,1231.4772,60.009926,310.306,1.3062985932986468,True,0.48820162,0.519066921424368,0.7296550228157412,0.2292660591744209,0.5189842294460152,False,1179,1129.0913492838542,187.3881611321398,0.16596368509155082,Low,0.4882015768981909,0.519066921424368,0.7296550228157412,0.2292660591744209,0.4915473950781803,0.42158036426287515,1177
CAND_03000,Co22.65Cr12.20Mo29.67Ni28.71V6.77,5,0.0,22.65,12.2,0.0,0.0,0.0,29.67,0.0,28.71,0.0,6.77,0.0,100.0,True,1174.3298,1012.5657,62.487167,282.52840000000003,0.8622498302410263,False,0.6813554,0.3471507075559065,0.7739620907546191,0.1697410574422323,0.5275035275448832,False,1036,949.5020100911458,163.8276836720196,0.17254063912544348,Low,0.6813553636893094,0.3471507075559065,0.7739620907546191,0.16974105744223233,0.4930523048605169,0.42049911824656855,1190
CAND_00111,Al31.39Cu27.68Fe31.08Mo9.85,4,31.39,0.0,0.0,27.68,31.08,0.0,9.85,0.0,0.0,0.0,0.0,0.0,100.0,True,768.8748,1473.8413,44.873093,427.3706666666666,1.9168807036141635,True,0.34321752,0.709400999120776,0.4589229107158497,0.4801255461751486,0.5025351174033534,False,1504,1138.7225463867187,210.16439088534136,0.18456154359305008,Low,0.3432174792738294,0.709400999120776,0.45892291071584973,0.48012554617514863,0.49791673382140095,0.4203384252295613,1196
CAND_01649,Co37.53Cr24.46Fe17.56Ti20.45,4,0.0,37.53,24.46,0.0,17.56,0.0,0.0,0.0,0.0,20.45,0.0,0.0,100.0,True,763.90106,1575.4108,56.61703,286.846,2.062323091751157,True,0.33906955,0.7891658533404617,0.6689708691215522,0.1789933019658375,0.5325623381185705,False,964,974.3166381835938,171.53303367024685,0.17605471049948784,Low,0.33906952223486664,0.7891658533404617,0.6689708691215522,0.17899330196583754,0.49404988666567956,0.42009090415177136,1202
CAND_02505,Co28.22Cr27.04Mo6.08Ni30.07W8.59,5,0.0,28.22,27.04,0.0,0.0,0.0,6.08,0.0,30.07,0.0,0.0,8.59,100.0,True,682.5295,1431.0505,67.62276,275.7074,2.0966867248590506,True,0.27120796,0.6757964040017322,0.8658155147684414,0.1551242425692678,0.5238238253060925,False,1102,1062.8577107747396,181.99797836795355,0.17123456557067393,Low,0.27120796632857047,0.6757964040017322,0.8658155147684414,0.1551242425692678,0.491986031917003,0.4200576437712006,1203
CAND_00577,Al9.37Cr27.03Cu5.62Fe21.56Ti24.21W12.21,6,9.37,0.0,27.03,5.62,21.56,0.0,0.0,0.0,0.0,24.21,0.0,12.21,100.0,True,1081.011,1446.7695,50.019684,269.776,1.3383485628709924,True,0.60353017,0.6881408946557105,0.5509730411192368,0.1424137637923286,0.5466066557262981,False,779,1051.6000447591146,190.94266430010865,0.18157346536044228,Low,0.603530151006789,0.6881408946557105,0.5509730411192368,0.14241376379232867,0.49626446264351626,0.42000305287164635,1204
CAND_02671,Co16.56Cr38.22Cu15.72Nb23.16W6.34,5,0.0,16.56,38.22,15.72,0.0,0.0,0.0,23.16,0.0,0.0,0.0,6.34,100.0,True,824.0398,1366.538,59.512444,322.859,1.6583398137095524,True,0.38922352,0.6251332604611273,0.7207572333909866,0.2561660558171892,0.5229212511449982,False,1114,1112.5756591796876,206.27546814672795,0.1854035421724189,Low,0.38922351297369734,0.6251332604611273,0.7207572333909866,0.25616605581718926,0.4978200156607501,0.4199582656454905,1205
CAND_02285,Al12.52Co18.80Ni27.05V41.63,4,12.52,18.8,0.0,0.0,0.0,0.0,0.0,0.0,27.05,0.0,41.63,0.0,100.0,True,1018.449,1022.3328,66.29557,337.3652,1.0038134707653024,True,0.55135524,0.3548210348455859,0.842077857633831,0.2872515916492077,0.5254600983491997,True,118,950.2650960286459,202.29152999372369,0.21287904905603897,Low,0.551355230670867,0.3548210348455859,0.842077857633831,0.28725159164920777,0.5088764286998729,0.41956073781299286,1209
CAND_00541,Cr42.02Cu6.12Fe30.53Ti21.33,4,0.0,0.0,42.02,6.12,30.53,0.0,0.0,0.0,0.0,21.33,0.0,0.0,100.0,True,1146.3025,1387.8839,52.242905,253.5096666666667,1.210748394794319,True,0.6579814,0.6418966845371342,0.5907367959941722,0.1075564139909411,0.5537810970956841,False,702,977.4440999348958,187.2242351158989,0.19154469818618708,Low,0.6579813963492149,0.6418966845371342,0.5907367959941722,0.10755641399094114,0.4995428227178656,0.4192396839818833,1214
CAND_03136,Al9.31Co26.79Nb23.31W40.59,4,9.31,26.79,0.0,0.0,0.0,0.0,0.0,23.31,0.0,0.0,0.0,40.59,100.0,True,857.31775,1385.4073,54.65923,346.62420000000003,1.6159787915018724,True,0.4169764,0.6399517538447466,0.633954341617472,0.3070928303105153,0.521630959745574,False,1134,958.1049235026042,183.66245728415598,0.19169346986834138,Low,0.41697637238025076,0.6399517538447466,0.633954341617472,0.3070928303105153,0.49949382453824615,0.41914622943551944,1216
CAND_03660,Al11.42Co21.97Cu7.35Nb17.12V13.10W29.04,6,11.42,21.97,0.0,7.35,0.0,0.0,0.0,17.12,0.0,0.0,13.1,29.04,100.0,True,1063.5782,1112.8527,53.643333,371.4876,1.0463289401277402,True,0.58899176,0.4259083851572495,0.6157843624358332,0.3603729527137501,0.5124720863661666,False,1303,1022.7811604817708,192.25616954103455,0.18797390582602658,Low,0.5889916939364896,0.4259083851572495,0.6157843624358332,0.36037295271375014,0.4977643485608306,0.4190027627035488,1219
CAND_00244,Al5.26Cr34.32Mn16.41Mo9.61Ni24.45V9.95,6,5.26,0.0,34.32,0.0,0.0,16.41,9.61,0.0,24.45,0.0,9.95,0.0,100.0,True,1163.69,1100.8162,59.85429,271.5174,0.9459703661868292,False,0.672482,0.4164558460799158,0.7268713716385908,0.1461454338436086,0.5303210278418106,False,997,1091.6932942708333,191.53943278410944,0.17545168939783856,Low,0.672482074513929,0.4164558460799158,0.7268713716385908,0.14614543384360862,0.49048868151901104,0.41727676768262506,1243
CAND_03444,Al14.19Co32.01Cu21.72W32.08,4,14.19,32.01,0.0,21.72,0.0,0.0,0.0,0.0,0.0,0.0,0.0,32.08,100.0,True,627.55096,1479.6378,58.608337,354.99,2.357797030110014,True,0.22535746,0.7139531233065247,0.7045866911332832,0.3250200183862001,0.5066928514219488,False,1418,979.012626139323,176.52166838458547,0.1803058139103762,Low,0.22535743494074237,0.7139531233065247,0.7045866911332832,0.3250200183862001,0.4922293169416876,0.41703540823112806,1247
CAND_03664,Co26.81Cr22.86V8.13W42.20,4,0.0,26.81,22.86,0.0,0.0,0.0,0.0,0.0,0.0,0.0,8.13,42.2,100.0,True,912.5225,1178.2479,63.354233,311.9836,1.2911987064745634,True,0.46301562,0.4772647332210599,0.78947013061408,0.2328610113267277,0.5143807950613398,False,1264,903.5821451822917,159.74529677082234,0.17679111702522052,Low,0.46301555644429104,0.47726473322105994,0.78947013061408,0.23286101132672785,0.4906528579015397,0.41694133377030257,1248
CAND_03382,Al15.61Cu10.08Mo11.48Ni29.12V20.89W12.82,6,15.61,0.0,0.0,10.08,0.0,0.0,11.48,0.0,29.12,0.0,20.89,12.82,100.0,True,1101.8359,951.2204,64.827896,311.1154,0.8633049328180948,False,0.6208976,0.2989748387019407,0.8158275527058387,0.2310005335855304,0.5145687031195492,False,1260,1104.4700805664063,198.59930078322944,0.17981410658166638,Low,0.6208975225502745,0.29897483870194075,0.8158275527058387,0.2310005335855304,0.4916751118858961,0.41673947543350764,1252
CAND_03830,Co31.20Cu17.31Mo11.69Nb26.53Ti13.27,5,0.0,31.2,0.0,17.31,0.0,0.0,11.69,26.53,0.0,13.27,0.0,0.0,100.0,True,871.27734,1475.2085,52.03785,328.61940000000004,1.6931560433451245,True,0.42861828,0.7104746925886887,0.5870692538308515,0.2685100963382603,0.5287717232891997,False,1020,1058.546533203125,208.80865691102701,0.19725978061557606,Low,0.4286182715550235,0.7104746925886887,0.5870692538308515,0.26851009633826034,0.498668078578206,0.41650783451676104,1256
CAND_03927,Al8.45Cr37.99Mo33.11Ti20.45,4,8.45,0.0,37.99,0.0,0.0,0.0,33.11,0.0,0.0,20.45,0.0,0.0,100.0,True,1030.4863,1352.3588,52.670044,313.439,1.3123500652945648,True,0.56139404,0.6139980100074796,0.5983764550714861,0.2359798080377838,0.5376087017008729,False,897,920.8437174479167,191.95791882002825,0.20845873754998548,Low,0.5613939949136916,0.6139980100074796,0.5983764550714861,0.2359798080377838,0.5024370670076103,0.41576683704256634,1272
CAND_00888,Al14.07Mo32.17Nb22.06Ti7.74W23.96,5,14.07,0.0,0.0,0.0,0.0,0.0,32.17,22.06,0.0,7.74,0.0,23.96,100.0,True,975.83966,1343.0599,48.047363,361.135,1.3763120665877877,True,0.5158203,0.606695370899249,0.5156967960771616,0.3381882235459079,0.5164071441274621,False,1224,1077.8620320638022,205.91428911212964,0.19103956071062433,Low,0.5158202586420602,0.606695370899249,0.5156967960771616,0.3381882235459079,0.4941001622910947,0.41484781747828237,1294
CAND_01015,Co19.83Cr42.61Mo30.45W7.11,4,0.0,19.83,42.61,0.0,0.0,0.0,30.45,0.0,0.0,0.0,0.0,7.11,100.0,True,745.03375,1427.592,60.891235,312.137,1.916144061019939,True,0.32333475,0.6730803647545293,0.7454178080022227,0.2331897343001206,0.5202574491160494,False,1161,1019.1556030273438,196.16791416765463,0.19248082783919257,Low,0.3233347248146572,0.6730803647545293,0.7454178080022227,0.23318973430012066,0.49375565796788246,0.4140575231407125,1304
CAND_01023,Co39.56Cr13.91Nb15.89Ni12.46Ti18.18,5,0.0,39.56,13.91,0.0,0.0,0.0,0.0,15.89,12.46,18.18,0.0,0.0,100.0,True,872.56836,1492.3997,52.873905,304.7666,1.7103527579993507,True,0.42969495,0.7239753356150052,0.6020226417675273,0.2173956025980685,0.5292160866902728,False,1011,1093.486063639323,209.2865482733122,0.1913938871582579,Low,0.42969494534505703,0.7239753356150052,0.6020226417675273,0.2173956025980685,0.49327213133141457,0.4140294294341055,1307
CAND_00762,Co24.47Mo6.37Nb15.15Ti28.44W25.57,5,0.0,24.47,0.0,0.0,0.0,0.0,6.37,15.15,0.0,28.44,0.0,25.57,100.0,True,888.18384,1467.376,52.647232,319.0316,1.6521084232797076,True,0.44271782,0.7043236509799804,0.5979684476011506,0.2479642676270728,0.5307991934601307,False,991,962.67548828125,196.2487531321903,0.20385764000553358,Low,0.44271780946396616,0.7043236509799804,0.5979684476011506,0.24796426762707294,0.49824354391804254,0.413872477409997,1312
CAND_00591,Co35.61Nb15.68Ti9.01W39.70,4,0.0,35.61,0.0,0.0,0.0,0.0,0.0,15.68,0.0,9.01,0.0,39.7,100.0,True,842.3606,1546.4276,50.090202,320.793,1.835826138934223,True,0.40450254,0.7664046826856884,0.5522343014556005,0.251738795953893,0.5270915647909621,False,1043,1034.6164713541666,200.37815485565886,0.1936738495892997,Low,0.4045025366700363,0.7664046826856884,0.5522343014556005,0.251738795953893,0.49372007919130456,0.413613885703516,1316
CAND_02663,Al5.86Co25.68Ni38.81V29.65,4,5.86,25.68,0.0,0.0,0.0,0.0,0.0,0.0,38.81,0.0,29.65,0.0,100.0,True,1019.1617,990.4496,72.60117,284.5384,0.9718277456537316,False,0.5519496,0.3297824277828645,0.9548576185030352,0.1740483141340163,0.5293412721152513,True,116,921.7461954752604,199.25737630084308,0.21617379846965817,Low,0.551949602105978,0.32978242778286454,0.9548576185030351,0.17404831413401634,0.5026594906314734,0.41331221842139865,1322
CAND_04999,Cr25.84Fe23.56Nb14.34Ni13.49Ti22.77,5,0.0,0.0,25.84,0.0,23.56,0.0,0.0,14.34,13.49,22.77,0.0,0.0,100.0,True,1033.294,1453.7582,55.09257,243.4420000000001,1.4069164022444152,True,0.5637355,0.6936292808019956,0.6417049096165619,0.0859822723886274,0.5505330069668012,False,739,850.4622436523438,173.9093627162649,0.20448804637041176,Low,0.563735536485687,0.6936292808019956,0.6417049096165619,0.08598227238862748,0.496262999823218,0.4120115606947286,1346
CAND_00877,Al13.03Co26.69Nb8.60V18.08W33.60,5,13.03,26.69,0.0,0.0,0.0,0.0,0.0,8.6,0.0,0.0,18.08,33.6,100.0,True,992.5185,1178.4391,53.438038,366.7212,1.1873220575099732,True,0.52972996,0.4774148869594046,0.6121125277162754,0.3501589684870242,0.5076954349748575,False,1398,1016.2333862304688,200.41808563877498,0.19721659252131943,Low,0.5297299346162233,0.47741488695940465,0.6121125277162754,0.3501589684870242,0.492354079444732,0.41124896073135936,1358
CAND_01937,Co34.74Cr38.18Mn20.89Nb6.19,4,0.0,34.74,38.18,0.0,0.0,20.89,0.0,6.19,0.0,0.0,0.0,0.0,100.0,True,576.40796,1621.5522,62.604897,286.8382666666667,2.8132023070208096,True,0.18270564,0.8254017513658748,0.7760677684454227,0.1789767300992954,0.5232956707639825,False,1108,990.111865234375,197.73090761028777,0.19970562373119502,Low,0.18270563431512202,0.8254017513658748,0.7760677684454227,0.1789767300992954,0.49078797105642874,0.40909033128479716,1396
CAND_01033,Al11.72Co10.03Fe27.73Mo22.94Nb17.45Ti10.13,6,11.72,10.03,0.0,0.0,27.73,0.0,22.94,17.45,0.0,10.13,0.0,0.0,100.0,True,1083.9844,1361.0524,49.525787,305.16333333333336,1.2556014933333333,True,0.60600984,0.6208252931647686,0.5421393717532738,0.2182457679238665,0.5363222543263748,False,916,919.1659871419271,203.32376348577242,0.22120462063439852,Low,0.6060098816440261,0.6208252931647686,0.5421393717532738,0.2182457679238665,0.49680507862148376,0.4068155903008298,1435
CAND_04803,Al11.53Cr42.87Cu23.33Fe22.27,4,11.53,0.0,42.87,23.33,22.27,0.0,0.0,0.0,0.0,0.0,0.0,0.0,100.0,True,942.76373,1509.5339,50.5972,286.7973333333333,1.6011794337275975,True,0.48823592,0.737431215236062,0.5613022907351559,0.1788890134953565,0.5348590744199023,False,937,997.0356079101563,209.9773214964247,0.2106016272944847,Low,0.4882358781429308,0.737431215236062,0.5613022907351559,0.1788890134953565,0.4914645994023763,0.4059672383728138,1450
