candidate_id,composition,n_elements,Al,Co,Cr,Cu,Fe,Mn,Mo,Nb,Ni,Ti,V,W,composition_sum,valid_composition,Predicted_YS_MPa,Predicted_UTS_MPa,Predicted_Elongation_pct,Predicted_Hardness_HV,UTS_to_YS_Ratio,UTS_YS_Consistency,YS_Score,UTS_Score,Elongation_Score,Hardness_Score,Balanced_Score,Pareto_Optimal,Overall_Rank,YS_Ensemble_Mean_MPa,YS_Uncertainty_STD_MPa,YS_Ensemble_Min_MPa,YS_Ensemble_Max_MPa,YS_Ensemble_Difference_MPa,YS_Normalized,UTS_Normalized,Elongation_Normalized,Hardness_Normalized,Uncertainty_Normalized,Uncertainty_Confidence,Performance_Score,Uncertainty_Aware_Score,Uncertainty_Risk,Uncertainty_Aware_Rank,High_Performance_Low_Uncertainty
CAND_03577,Al43.94Co18.64Cr30.43W6.99,4,43.94,18.64,30.43,0.0,0.0,0.0,0.0,0.0,0.0,0.0,0.0,6.99,100.0,True,945.67615,1799.2856,63.378998,669.9723333333334,1.902644583804861,True,0.49066475,0.9649798603549816,0.789913068760795,1.0,0.7841716623189023,True,2,1581.0852,182.05055,1305.8726,1890.2153,635.409055078125,0.4906647532026274,0.9649798603549815,0.789913068760795,1.0,1.0,0.0,0.7991340670353898,0.6393072536283119,Low,1,True
CAND_01212,Al35.04Co17.31Cr29.08Nb12.60Ti5.97,5,35.04,17.31,29.08,0.0,0.0,0.0,0.0,12.6,0.0,5.97,0.0,0.0,100.0,True,1145.7308,1843.8789,59.48518,557.0157333333334,1.6093473647873544,True,0.6575047,1.0,0.7202695990024529,0.7579437456561352,0.7910103708912546,True,1,1581.0852,182.05055,1305.8726,1890.2153,435.35440507812496,0.6575046148851306,1.0,0.7202695990024529,0.7579437456561352,1.0,0.0,0.7941485952704388,0.6353188762163511,Low,2,True
CAND_04351,Al32.90Cr29.10Nb18.03Ti10.80W9.17,5,32.9,0.0,29.1,0.0,0.0,0.0,0.0,18.03,0.0,10.8,0.0,9.17,100.0,True,1200.7443,1791.2363,58.198544,523.1571333333334,1.4917716916499848,True,0.7033843,0.9586585607417066,0.6972572765580053,0.6853876852459672,0.7757353391115014,True,3,1581.0852,182.05055,1305.8726,1890.2153,380.34090507812493,0.7033843019140019,0.9586585607417066,0.6972572765580053,0.6853876852459672,1.0,0.0,0.7754289794553091,0.6203431835642473,Low,3,True
CAND_02578,Al29.62Cr29.26Nb17.81Ti23.31,4,29.62,0.0,29.26,0.0,0.0,0.0,0.0,17.81,0.0,23.31,0.0,0.0,100.0,True,1174.8495,1758.3973,58.008778,488.8427333333333,1.4967000615832708,True,0.6817888,0.9328693420518416,0.6938631881126383,0.6118548847362395,0.7496414789586858,False,121,1581.0852,182.05055,1305.8726,1890.2153,406.23570507812497,0.6817887786392564,0.9328693420518415,0.6938631881126383,0.6118548847362392,1.0,0.0,0.7502451864195938,0.6001961491356751,Low,4,True
CAND_02476,Al28.16Co11.76Cr32.84Ni5.45Ti8.12W13.67,6,28.16,11.76,32.84,0.0,0.0,0.0,0.0,0.0,5.45,8.12,0.0,13.67,100.0,True,1068.8793,1759.1621,61.04905,480.71906666666666,1.6458005551457535,True,0.59341264,0.9334699570052204,0.7482404320128756,0.5944465675164271,0.734291880486117,True,5,1581.0852,182.05055,1305.8726,1890.2153,512.2059050781249,0.5934126598613764,0.9334699570052203,0.7482404320128756,0.5944465675164271,1.0,0.0,0.7420332667982368,0.5936266134385895,Low,5,True
CAND_01568,Al30.25Cr30.90Nb9.66Ti8.48W20.71,5,30.25,0.0,30.9,0.0,0.0,0.0,0.0,9.66,0.0,8.48,0.0,20.71,100.0,True,1156.1299,1824.3159,53.32445,499.2757333333333,1.57795064994083,True,0.66617715,0.9846367281211416,0.6100809323918637,0.6342119041717531,0.7428961891967383,True,4,1581.0852,182.05055,1305.8726,1890.2153,424.9553050781251,0.6661771671383399,0.9846367281211416,0.6100809323918637,0.6342119041717529,1.0,0.0,0.7400913755642495,0.5920731004513996,Low,6,True
CAND_04973,Al17.16Co17.69Cr33.86Mo6.13Ni7.54W17.62,6,17.16,17.69,33.86,0.0,0.0,0.0,6.13,0.0,7.54,0.0,0.0,17.62,100.0,True,1110.7784,1728.5272,65.303566,367.668,1.5561403913205312,True,0.6283554,0.9094116685176856,0.8243352203112458,0.3521878792510944,0.7202421056629092,True,11,1581.0852,182.05055,1305.8726,1890.2153,470.3068050781251,0.6283553120247795,0.9094116685176857,0.8243352203112458,0.3521878792510944,1.0,0.0,0.7300410765425385,0.5840328612340308,Low,7,True
CAND_02851,Al31.60Cr27.80Fe9.82Ti11.11W19.67,5,31.6,0.0,27.8,0.0,9.82,0.0,0.0,0.0,0.0,11.11,0.0,19.67,100.0,True,1160.3707,1783.2567,52.322704,510.22673333333336,1.536799108834783,True,0.6697139,0.9523919981345124,0.5921640530573545,0.6576789529437564,0.7333246448657306,False,122,1581.0852,182.05055,1305.8726,1890.2153,420.71450507812506,0.6697138731605352,0.9523919981345124,0.5921640530573545,0.6576789529437564,1.0,0.0,0.7294471265892574,0.5835577012714059,Low,8,True
CAND_01089,Al28.37Co31.80Cr24.22Nb15.61,4,28.37,31.8,24.22,0.0,0.0,0.0,0.0,15.61,0.0,0.0,0.0,0.0,100.0,True,1011.7163,1704.0853,61.939262,504.0119333333333,1.68435092478505,True,0.54574037,0.8902168847454695,0.7641624531501023,0.6443611724024133,0.7184819673463773,True,13,1581.0852,182.05055,1305.8726,1890.2153,569.368905078125,0.545740351252919,0.8902168847454695,0.7641624531501023,0.6443611724024133,1.0,0.0,0.7294030650422633,0.5835224520338106,Low,9,True
CAND_00960,Al37.55Cr34.69Cu6.86Fe6.29Mn5.32Nb9.29,6,37.55,0.0,34.69,6.86,6.29,5.32,0.0,9.29,0.0,0.0,0.0,0.0,100.0,True,1114.2775,1705.6156,54.2524,562.3697333333334,1.5306919975666513,True,0.63127345,0.8914186643782567,0.626677922226071,0.7694169060182305,0.7288896622338347,True,7,1581.0852,182.05055,1305.8726,1890.2153,466.8077050781251,0.6312734614405179,0.8914186643782567,0.626677922226071,0.7694169060182305,1.0,0.0,0.7286598772441624,0.5829279017953299,Low,10,True
CAND_04367,Al23.99Cr44.48Ni23.42Ti8.11,4,23.99,0.0,44.48,0.0,0.0,0.0,0.0,0.0,23.42,8.11,0.0,0.0,100.0,True,1306.1501,1665.7268,60.027218,369.86143333333337,1.2752950374682872,True,0.7912898,0.8600930763129594,0.7299643014926237,0.3568882177600407,0.7314391877420011,True,6,1581.0852,182.05055,1305.8726,1890.2153,274.93510507812493,0.7912897272192052,0.8600930763129594,0.7299643014926237,0.35688821776004076,1.0,0.0,0.7283728778104823,0.5826983022483859,Low,11,True
CAND_04371,Al36.49Co19.97Cr24.13Ni8.49Ti10.92,5,36.49,19.97,24.13,0.0,0.0,0.0,0.0,0.0,8.49,10.92,0.0,0.0,100.0,True,1012.35913,1809.0658,53.328842,562.8677333333333,1.7869802769144918,True,0.54627645,0.9726604753746416,0.6101594861710025,0.7704840770791797,0.7237935667246342,True,8,1581.0852,182.05055,1305.8726,1890.2153,568.726075078125,0.5462764531045149,0.9726604753746417,0.6101594861710025,0.7704840770791797,1.0,0.0,0.7269877133016989,0.5815901706413591,Low,12,True
CAND_03139,Al37.99Cr37.74Nb10.98Ni13.29,4,37.99,0.0,37.74,0.0,0.0,0.0,0.0,10.98,13.29,0.0,0.0,0.0,100.0,True,1061.3383,1737.9778,55.950146,535.7124666666666,1.6375343004983731,True,0.58712363,0.9168334411097392,0.6570432146481477,0.7122926820208817,0.7222918280274,False,123,1581.0852,182.05055,1305.8726,1890.2153,519.7469050781251,0.5871236813400185,0.9168334411097391,0.6570432146481477,0.7122926820208817,1.0,0.0,0.7257878193655029,0.5806302554924023,Low,13,True
CAND_00379,Al21.70Co20.34Cr33.44Mo10.96Ni13.56,5,21.7,20.34,33.44,0.0,0.0,0.0,10.96,0.0,13.56,0.0,0.0,0.0,100.0,True,1025.0983,1779.5875,64.418045,375.403,1.7360164951792805,True,0.55690056,0.9495104913524286,0.8084971007628036,0.3687633173162433,0.7093621003715546,True,16,1581.0852,182.05055,1305.8726,1890.2153,555.9869050781249,0.55690055687191,0.9495104913524286,0.8084971007628036,0.3687633173162433,1.0,0.0,0.7219419144499836,0.5775535315599869,Low,14,True
CAND_01556,Al13.24Cr30.94Fe7.00Nb18.53Ni7.87Ti22.42,6,13.24,0.0,30.94,0.0,7.0,0.0,0.0,18.53,7.87,22.42,0.0,0.0,100.0,True,1330.9757,1620.9166,60.79892,348.132,1.2178408593393244,True,0.8119936,0.8249026001310844,0.7437666941312762,0.3103239157034863,0.7235591295497605,True,9,1581.0852,182.05055,1305.8726,1890.2153,250.10950507812504,0.8119935682455705,0.8249026001310844,0.7437666941312762,0.31032391570348633,1.0,0.0,0.7201477676956236,0.5761182141564989,Low,15,True
CAND_01216,Al28.11Co14.55Cr27.57Nb29.77,4,28.11,14.55,27.57,0.0,0.0,0.0,0.0,29.77,0.0,0.0,0.0,0.0,100.0,True,1055.3024,1691.6187,59.2238,490.3104666666667,1.6029706281650384,True,0.5820899,0.8804265782891499,0.7155946475472397,0.6150001107172117,0.7099036282327389,False,125,1581.0852,182.05055,1305.8726,1890.2153,525.782805078125,0.5820899132115126,0.8804265782891499,0.7155946475472397,0.6150001107172117,1.0,0.0,0.7165788626613767,0.5732630901291014,Low,16,True
CAND_01687,Al43.28Cr21.23Cu9.30Ti26.19,4,43.28,0.0,21.23,9.3,0.0,0.0,0.0,0.0,0.0,26.19,0.0,0.0,100.0,True,1153.7106,1595.7526,50.573265,633.3050333333333,1.3831481133236352,True,0.66415954,0.8051407346932892,0.5608741976787609,0.9214251376643524,0.7192224073463025,True,12,1581.0852,182.05055,1305.8726,1890.2153,427.3746050781249,0.6641595400680946,0.8051407346932892,0.5608741976787609,0.9214251376643524,1.0,0.0,0.7140581353782915,0.5712465083026332,Low,17,True
CAND_01991,Al42.97Co22.44Nb15.27Ni19.32,4,42.97,22.44,0.0,0.0,0.0,0.0,0.0,15.27,19.32,0.0,0.0,0.0,100.0,True,972.9954,1537.9686,62.774483,589.0488666666665,1.5806534796067913,True,0.5134483,0.7597616362805734,0.7791009244538539,0.8265879883968358,0.7007264156108596,True,23,1581.0852,182.05055,1305.8726,1890.2153,608.089805078125,0.5134482270747405,0.7597616362805734,0.7791009244538539,0.8265879883968358,1.0,0.0,0.7140090232485387,0.571207218598831,Low,18,True
CAND_02582,Al40.47Co37.98Cr14.58Ni6.97,4,40.47,37.98,14.58,0.0,0.0,0.0,0.0,0.0,6.97,0.0,0.0,0.0,100.0,True,992.8647,1601.7384,57.172855,619.979,1.61324944285381,True,0.5300187,0.8098415205038739,0.678912161081893,0.8928685972414985,0.7056163981427936,True,18,1581.0852,182.05055,1305.8726,1890.2153,588.220505078125,0.5300186555238077,0.8098415205038739,0.678912161081893,0.8928685972414985,1.0,0.0,0.7130610579429068,0.5704488463543255,Low,19,True
CAND_01417,Al25.25Cr29.22Fe23.22Ti22.31,4,25.25,0.0,29.22,0.0,23.22,0.0,0.0,0.0,0.0,22.31,0.0,0.0,100.0,True,1348.8978,1698.3588,54.372498,362.63999999999993,1.259071492160619,True,0.8269401,0.885719733162671,0.6288259531384139,0.3414133087803032,0.7222164462908678,True,10,1581.0852,182.05055,1305.8726,1890.2153,232.18740507812504,0.8269400875344747,0.885719733162671,0.6288259531384139,0.34141330878030324,1.0,0.0,0.7123107240909896,0.5698485792727918,Low,20,True
CAND_02500,Al19.26Cr29.14Fe9.73Nb24.48Ti17.39,5,19.26,0.0,29.14,0.0,9.73,0.0,0.0,24.48,0.0,17.39,0.0,0.0,100.0,True,1323.7448,1612.653,58.4666,371.543,1.2182507230418116,True,0.80596316,0.8184130058204914,0.7020516326192137,0.3604916701369964,0.7168995139642096,True,14,1581.0852,182.05055,1305.8726,1890.2153,257.34040507812506,0.8059632042633285,0.8184130058204914,0.7020516326192137,0.3604916701369964,1.0,0.0,0.711703943118293,0.5693631544946344,Low,21,True
CAND_00931,Al28.40Cr28.61Cu10.90Fe12.54W19.55,5,28.4,0.0,28.61,10.9,12.54,0.0,0.0,0.0,0.0,0.0,0.0,19.55,100.0,True,985.6029,1671.5964,62.754555,471.5360666666666,1.6960140752996726,True,0.52396256,0.8647026076026464,0.7787444992009674,0.5747681903021721,0.697500908781574,True,24,1581.0852,182.05055,1305.8726,1890.2153,595.482305078125,0.523962521824511,0.8647026076026464,0.7787444992009674,0.5747681903021721,1.0,0.0,0.7102399910425377,0.5681919928340301,Low,22,True
CAND_00338,Al14.10Cr28.94Mn16.48Ni29.90Ti10.58,5,14.1,0.0,28.94,0.0,0.0,16.48,0.0,0.0,29.9,10.58,0.0,0.0,100.0,True,1409.6605,1574.1669,59.430405,310.42740000000003,1.1166992867558443,True,0.8776145,0.7881889901860317,0.7192899124695914,0.2295262089069496,0.7139924619112425,True,15,1581.0852,182.05055,1305.8726,1890.2153,171.42470507812504,0.877614443084098,0.7881889901860317,0.7192899124695914,0.22952620890694964,1.0,0.0,0.7060762129037539,0.5648609703230031,Low,23,True
CAND_04438,Al36.84Cr30.36Mo5.06Ni16.10Ti11.64,5,36.84,0.0,30.36,0.0,0.0,0.0,5.06,0.0,16.1,11.64,0.0,0.0,100.0,True,1183.0824,1604.3557,55.072083,506.8092,1.3560811178014098,True,0.6886548,0.811896946128192,0.641338486284773,0.6503554736803757,0.7080534754792319,False,126,1581.0852,182.05055,1305.8726,1890.2153,398.002805078125,0.6886547819900701,0.811896946128192,0.641338486284773,0.6503554736803757,1.0,0.0,0.7056876462734634,0.5645501170187707,Low,24,True
CAND_04467,Al36.23Co7.15Cr22.66Fe17.86Ti16.10,5,36.23,7.15,22.66,0.0,17.86,0.0,0.0,0.0,0.0,16.1,0.0,0.0,100.0,True,1198.2494,1724.7285,48.215652,519.4071666666667,1.4393735685574016,True,0.7013036,0.9064284624201436,0.5187067543962617,0.6773518300126503,0.7135990911471889,False,124,1581.0852,182.05055,1305.8726,1890.2153,382.8358050781251,0.7013036266039718,0.9064284624201435,0.5187067543962617,0.6773518300126503,1.0,0.0,0.704469246197812,0.5635753969582497,Low,25,True
CAND_02644,Al26.16Cr29.03Ni20.41Ti24.40,4,26.16,0.0,29.03,0.0,0.0,0.0,0.0,0.0,20.41,24.4,0.0,0.0,100.0,True,1249.2795,1645.1664,56.98046,397.7257,1.3168921334151775,True,0.7438613,0.8439465233743468,0.675471051260079,0.4165989386862365,0.7076999648613308,True,17,1581.0852,182.05055,1305.8726,1890.2153,331.8057050781249,0.7438612718556286,0.8439465233743468,0.675471051260079,0.41659893868623665,1.0,0.0,0.7042804311571704,0.5634243449257363,Low,26,True
CAND_02513,Al37.55Co9.84Cr21.02Cu5.61Ti15.94W10.04,6,37.55,9.84,21.02,5.61,0.0,0.0,0.0,0.0,0.0,15.94,0.0,10.04,100.0,True,1135.5042,1604.733,52.279263,565.8024333333334,1.4132339361753592,True,0.6489759,0.812193248458095,0.5913870824927898,0.7767728861405623,0.7027134536888193,True,21,1581.0852,182.05055,1305.8726,1890.2153,445.5810050781249,0.648975922702858,0.812193248458095,0.5913870824927898,0.7767728861405623,1.0,0.0,0.6998340128820643,0.5598672103056515,Low,27,True
CAND_03250,Al37.19Co17.76Cr7.16Nb28.56Ti9.33,5,37.19,17.76,7.16,0.0,0.0,0.0,0.0,28.56,0.0,9.33,0.0,0.0,100.0,True,1099.3997,1622.9808,52.23136,576.6029333333333,1.4762427729444847,True,0.6188658,0.8265236636598041,0.5905303061535171,0.7999174263891259,0.7012370259895716,True,22,1581.0852,182.05055,1305.8726,1890.2153,481.68550507812506,0.6188658013629343,0.8265236636598041,0.5905303061535171,0.7999174263891259,1.0,0.0,0.6998202552430989,0.5598562041944791,Low,28,True
CAND_02137,Al18.37Cr36.64Nb15.18Ti24.76W5.05,5,18.37,0.0,36.64,0.0,0.0,0.0,0.0,15.18,0.0,24.76,0.0,5.05,100.0,True,1225.6493,1719.69,56.201027,356.962,1.4030848883409317,True,0.72415435,0.9024716129920584,0.6615303846536392,0.3292458443544578,0.7027572656369636,True,20,1581.0852,182.05055,1305.8726,1890.2153,355.43590507812496,0.7241543602715694,0.9024716129920584,0.6615303846536392,0.3292458443544578,1.0,0.0,0.6996260660147703,0.5597008528118163,Low,29,True
CAND_02875,Al18.25Cr39.27Fe12.40Nb30.08,4,18.25,0.0,39.27,0.0,12.4,0.0,0.0,30.08,0.0,0.0,0.0,0.0,100.0,True,1181.0442,1707.6715,58.19433,361.429,1.4458997514654608,True,0.686955,0.8930332097269119,0.6971819064247422,0.3388182401963479,0.6991146770328602,False,127,1581.0852,182.05055,1305.8726,1890.2153,400.04100507812495,0.6869549814301668,0.8930332097269119,0.6971819064247422,0.3388182401963479,1.0,0.0,0.6996260162324901,0.5597008129859921,Low,30,True
CAND_03627,Al13.13Co16.59Cr32.21Nb23.46Ni7.43Ti7.18,6,13.13,16.59,32.21,0.0,0.0,0.0,0.0,23.46,7.43,7.18,0.0,0.0,100.0,True,1002.311,1648.4153,66.95954,374.193,1.6446146381321047,True,0.53789663,0.8464979589418581,0.8539533933202568,0.3661703916460648,0.6837322906644538,True,30,1581.0852,182.05055,1305.8726,1890.2153,578.774205078125,0.5378965998025906,0.8464979589418581,0.8539533933202568,0.3661703916460648,1.0,0.0,0.6995351143761919,0.5596280915009535,Low,31,True
CAND_04423,Al16.53Co9.04Cr38.93Nb19.09Ni5.11Ti11.30,6,16.53,9.04,38.93,0.0,0.0,0.0,0.0,19.09,5.11,11.3,0.0,0.0,100.0,True,1188.9879,1640.1793,61.027527,355.117,1.37947516476323,True,0.69357985,0.8400300395432855,0.7478554791466634,0.32529216843588,0.6958406656695729,True,25,1581.0852,182.05055,1305.8726,1890.2153,392.0973050781249,0.6935798002446621,0.8400300395432855,0.7478554791466634,0.32529216843588,1.0,0.0,0.6985544309335322,0.5588435447468257,Low,32,True
CAND_00953,Al35.70Cr27.98Fe25.75Nb10.57,4,35.7,0.0,27.98,0.0,25.75,0.0,0.0,10.57,0.0,0.0,0.0,0.0,100.0,True,1207.8201,1663.9615,51.393307,482.2487333333332,1.3776567748706297,True,0.7092853,0.8587067457988383,0.5755411826861675,0.5977245112906552,0.7039415977206974,True,19,1581.0852,182.05055,1305.8726,1890.2153,373.2651050781251,0.7092853169281145,0.8587067457988383,0.5755411826861675,0.5977245112906552,1.0,0.0,0.6972543844711286,0.5578035075769029,Low,33,True
CAND_04053,Al28.60Co21.29Cr23.53Fe6.73Mn12.49Ni7.36,6,28.6,21.29,23.53,0.0,6.73,12.49,0.0,0.0,7.36,0.0,0.0,0.0,100.0,True,873.6615,1805.2344,57.52174,493.0417333333333,2.066285857872709,True,0.4306066,0.9696515892182926,0.685152196426801,0.6208529796858916,0.6844934539118027,False,135,1581.0852,182.05055,1305.8726,1890.2153,707.423705078125,0.43060659286936925,0.9696515892182926,0.685152196426801,0.6208529796858916,1.0,0.0,0.6972207308637541,0.5577765846910033,Low,34,True
CAND_00146,Al26.41Cr30.09Mn24.25Nb10.00Ti9.25,5,26.41,0.0,30.09,0.0,0.0,24.25,0.0,10.0,0.0,9.25,0.0,0.0,100.0,True,1083.8983,1827.7205,52.207985,416.44773333333336,1.6862472004815696,True,0.6059381,0.9873104384640724,0.5901122290616753,0.4567186418498202,0.6940104111542342,False,128,1581.0852,182.05055,1305.8726,1890.2153,497.18690507812494,0.6059380767042717,0.9873104384640725,0.5901122290616753,0.45671864184982025,1.0,0.0,0.6932191157112653,0.5545752925690123,Low,35,True
CAND_00792,Al43.54Cr22.27Fe13.73W20.46,4,43.54,0.0,22.27,0.0,13.73,0.0,0.0,0.0,0.0,0.0,0.0,20.46,100.0,True,907.08057,1777.7228,49.013107,618.6953333333333,1.959829000684179,True,0.45847714,0.948046099742118,0.532969756204805,0.8901178102564138,0.688717082354187,False,132,1581.0852,182.05055,1305.8726,1890.2153,674.004635078125,0.45847714232352027,0.948046099742118,0.532969756204805,0.8901178102564138,1.0,0.0,0.692441713903419,0.5539533711227352,Low,36,True
CAND_00187,Al42.89Co17.82Mo6.98Ni19.95W12.36,5,42.89,17.82,0.0,0.0,0.0,0.0,6.98,0.0,19.95,0.0,0.0,12.36,100.0,True,925.708,1551.5797,61.154396,567.3333999999999,1.676100548883087,True,0.4740119,0.7704507447951331,0.7501246138018453,0.7800536157027003,0.6778779886566377,False,138,1581.0852,182.05055,1305.8726,1890.2153,655.377205078125,0.47401188667812794,0.7704507447951331,0.7501246138018453,0.7800536157027003,1.0,0.0,0.6916836216040306,0.5533468972832245,Low,37,True
CAND_03812,Al31.73Cr32.00Fe11.90Ni14.42W9.95,5,31.73,0.0,32.0,0.0,11.9,0.0,0.0,0.0,14.42,0.0,0.0,9.95,100.0,True,917.5052,1702.5175,60.593826,470.8122,1.8555944122048331,True,0.467171,0.8889856555039586,0.7400984544275669,0.5732170064494562,0.6778541682123066,False,139,1581.0852,182.05055,1305.8726,1890.2153,663.580005078125,0.46717098586722833,0.8889856555039586,0.7400984544275669,0.5732170064494562,1.0,0.0,0.6915005304136832,0.5532004243309466,Low,38,True
CAND_02156,Al44.04Cr13.99Cu8.33Mn8.92Mo8.03Nb16.69,6,44.04,0.0,13.99,8.33,0.0,8.92,8.03,16.69,0.0,0.0,0.0,0.0,100.0,True,1087.7585,1546.5494,51.430122,623.031,1.4217763741962388,True,0.60915744,0.7665003350148223,0.5761996429272865,0.8994087700889235,0.6916585715845067,True,26,1581.0852,182.05055,1305.8726,1890.2153,493.3267050781251,0.6091573732018376,0.7665003350148223,0.5761996429272865,0.8994087700889235,1.0,0.0,0.6900106521964304,0.5520085217571443,Low,39,True
CAND_00234,Al28.83Cr27.96Cu11.01Nb14.59Ti7.97V9.64,6,28.83,0.0,27.96,11.01,0.0,0.0,0.0,14.59,0.0,7.97,9.64,0.0,100.0,True,1243.8129,1302.466,64.59675,480.2567333333333,1.047155914995267,True,0.7393023,0.5748160516576607,0.8116933560225933,0.5934558270468576,0.6861772148097081,True,29,1581.0852,182.05055,1305.8726,1890.2153,337.2723050781251,0.739302283659785,0.5748160516576607,0.8116933560225933,0.5934558270468574,1.0,0.0,0.6897967672760511,0.551837413820841,Low,40,True
CAND_02556,Al25.35Co12.51Cr22.71Nb23.38Ni16.05,5,25.35,12.51,22.71,0.0,0.0,0.0,0.0,23.38,16.05,0.0,0.0,0.0,100.0,True,1165.4563,1674.7119,55.978954,400.2310666666666,1.4369581267731233,True,0.67395514,0.8671492810953924,0.6575584644818069,0.4219677234326905,0.6900161136343068,False,130,1581.0852,182.05055,1305.8726,1890.2153,415.62890507812494,0.6739551182431791,0.8671492810953924,0.6575584644818069,0.4219677234326905,1.0,0.0,0.6891962617488581,0.5513570093990865,Low,41,True
CAND_02111,Al19.38Co35.48Cr30.06Ti15.08,4,19.38,35.48,30.06,0.0,0.0,0.0,0.0,0.0,0.0,15.08,0.0,0.0,100.0,True,1204.8334,1547.213,61.494606,375.4635333333333,1.2841717646260205,True,0.7067945,0.7670214752907927,0.7562094911244334,0.3688930350302113,0.6865311237083956,True,28,1581.0852,182.05055,1305.8726,1890.2153,376.251805078125,0.7067944944709152,0.7670214752907927,0.7562094911244334,0.36889303503021137,1.0,0.0,0.6890018687968282,0.5512014950374626,Low,42,True
CAND_03489,Al32.38Cr33.98Ni14.53W19.11,4,32.38,0.0,33.98,0.0,0.0,0.0,0.0,0.0,14.53,0.0,0.0,19.11,100.0,True,883.8317,1702.0961,61.136364,475.7822,1.925814665604195,True,0.4390883,0.8886547204341969,0.7498020997432319,0.5838672879211806,0.6733535376264365,False,143,1581.0852,182.05055,1305.8726,1890.2153,697.253505078125,0.4390882490632311,0.8886547204341969,0.7498020997432319,0.5838672879211806,1.0,0.0,0.6888892015072134,0.5511113612057708,Low,43,True
CAND_01503,Al24.59Cr34.86Mo13.89Nb19.24Ni7.42,5,24.59,0.0,34.86,0.0,0.0,0.0,13.89,19.24,7.42,0.0,0.0,0.0,100.0,True,1071.6119,1578.0128,62.264717,418.8340333333333,1.47255992896398,True,0.5956916,0.7912092635244206,0.769983427692364,0.4618322769958919,0.6778409728615652,True,32,1581.0852,182.05055,1305.8726,1890.2153,509.4733050781249,0.5956915701793001,0.7912092635244206,0.769983427692364,0.4618322769958919,1.0,0.0,0.6865555414592442,0.5492444331673955,Low,44,True
CAND_03746,Al23.94Cr42.97Nb13.99Ti19.10,4,23.94,0.0,42.97,0.0,0.0,0.0,0.0,13.99,0.0,19.1,0.0,0.0,100.0,True,1186.7893,1708.0834,52.452003,409.0693333333333,1.439247379836082,True,0.69174623,0.8933566842291305,0.5944766498444368,0.440907366837552,0.6902861551445498,False,129,1581.0852,182.05055,1305.8726,1890.2153,394.2959050781251,0.6917462306680731,0.8933566842291305,0.5944766498444368,0.440907366837552,1.0,0.0,0.6854226629147213,0.548338130331777,Low,45,True
CAND_02939,Al22.36Cr25.80Mo10.74Nb13.42Ni27.68,5,22.36,0.0,25.8,0.0,0.0,0.0,10.74,13.42,27.68,0.0,0.0,0.0,100.0,True,1175.701,1714.5934,56.29593,346.79273333333333,1.4583583133525615,True,0.68249893,0.8984691363035245,0.6632277865893426,0.3074539827124001,0.6862154734513795,False,133,1581.0852,182.05055,1305.8726,1890.2153,405.384205078125,0.6824989053082573,0.8984691363035245,0.6632277865893426,0.30745398271240015,1.0,0.0,0.6852519006017844,0.5482015204814276,Low,46,True
CAND_03443,Al31.56Co15.61Cr12.97Nb30.57Ti9.29,5,31.56,15.61,12.97,0.0,0.0,0.0,0.0,30.57,0.0,9.29,0.0,0.0,100.0,True,1137.7124,1616.4197,51.15439,528.6267333333334,1.4207630124011013,True,0.6508175,0.8213710815852561,0.5712679966090952,0.6971085664406845,0.6890398745546467,False,131,1581.0852,182.05055,1305.8726,1890.2153,443.3728050781251,0.6508174984051337,0.8213710815852561,0.5712679966090952,0.6971085664406845,1.0,0.0,0.6850623830256914,0.5480499064205532,Low,47,True
CAND_01246,Al18.51Co8.78Cr22.40Nb27.35Ti10.61W12.35,6,18.51,8.78,22.4,0.0,0.0,0.0,0.0,27.35,0.0,10.61,0.0,12.35,100.0,True,1210.4055,1743.1118,51.998413,369.851,1.4401056296304364,True,0.7114415,0.9208652888747066,0.5863638974128424,0.3568658600263006,0.6898129010428984,True,27,1581.0852,182.05055,1305.8726,1890.2153,370.6797050781249,0.7114414666521722,0.9208652888747066,0.5863638974128424,0.3568658600263006,1.0,0.0,0.6835590015532529,0.5468472012426023,Low,48,True
CAND_03794,Al21.49Cr20.84Fe8.04Mn9.99Nb29.51W10.13,6,21.49,0.0,20.84,0.0,8.04,9.99,0.0,29.51,0.0,0.0,0.0,10.13,100.0,True,1149.6812,1737.6738,53.573013,383.0371333333333,1.5114397556727472,True,0.6607991,0.916594702948354,0.6145266434583653,0.3851226068117513,0.6846181915792632,False,134,1581.0852,182.05055,1305.8726,1890.2153,431.404005078125,0.6607991356052966,0.9165947029483541,0.6145266434583653,0.3851226068117513,1.0,0.0,0.6823045788451025,0.545843663076082,Low,49,True
CAND_02086,Al23.26Cr15.46Mo6.09Nb16.67Ni18.42W20.10,6,23.26,0.0,15.46,0.0,0.0,0.0,6.09,16.67,18.42,0.0,0.0,20.1,100.0,True,1176.933,1656.6198,57.221085,361.8215,1.407573603058051,True,0.68352634,0.852941140669103,0.6797747860290387,0.3396593338538232,0.681832842910324,False,137,1581.0852,182.05055,1305.8726,1890.2153,404.152205078125,0.6835263581047448,0.852941140669103,0.6797747860290387,0.3396593338538232,1.0,0.0,0.6816452676137023,0.5453162140909619,Low,50,True
CAND_01488,Al14.42Cr30.55Nb27.74Ni8.37W18.92,5,14.42,0.0,30.55,0.0,0.0,0.0,0.0,27.74,8.37,0.0,0.0,18.92,100.0,True,1063.0747,1624.0787,63.522087,353.377,1.5277183148636977,True,0.5885718,0.8273858696709371,0.7924723086750004,0.3215634984638879,0.6711399108246914,False,146,1581.0852,182.05055,1305.8726,1890.2153,518.0105050781251,0.5885717893236394,0.8273858696709371,0.7924723086750004,0.3215634984638879,1.0,0.0,0.6813349256042743,0.5450679404834194,Low,51,True
CAND_01664,Al33.57Cr26.06Fe25.71Ni9.32Ti5.34,5,33.57,0.0,26.06,0.0,25.71,0.0,0.0,0.0,9.32,5.34,0.0,0.0,100.0,True,1102.2439,1765.6212,49.852623,447.6030666666666,1.6018425737093922,True,0.6212378,0.9385424361440404,0.5479850463795499,0.5234818348770645,0.6834526239185148,False,136,1581.0852,182.05055,1305.8726,1890.2153,478.84130507812506,0.6212377828919684,0.9385424361440403,0.5479850463795499,0.5234818348770645,1.0,0.0,0.6797899657116288,0.543831972569303,Low,52,True
CAND_04700,Al12.53Cr41.37Fe7.02Mn12.26Nb13.18Ni13.64,6,12.53,0.0,41.37,0.0,7.02,12.26,0.0,13.18,13.64,0.0,0.0,0.0,100.0,True,1155.1562,1651.5605,59.01647,338.676,1.42972909508995,True,0.66536516,0.8489679565247127,0.7118864155279215,0.2900605230281085,0.6757806320482415,False,141,1581.0852,182.05055,1305.8726,1890.2153,425.9290050781251,0.6653651291611159,0.8489679565247127,0.7118864155279215,0.2900605230281085,1.0,0.0,0.6781066723602854,0.5424853378882284,Low,53,True
CAND_02984,Al12.32Cr33.93Nb16.90Ni11.03Ti25.82,5,12.32,0.0,33.93,0.0,0.0,0.0,0.0,16.9,11.03,25.82,0.0,0.0,100.0,True,1184.1871,1583.2994,60.74825,339.638,1.3370347935920328,True,0.6895761,0.7953609515638203,0.7428604281957201,0.2921220060815891,0.6750145291856626,False,142,1581.0852,182.05055,1305.8726,1890.2153,396.8981050781249,0.6895760702240635,0.7953609515638203,0.7428604281957201,0.2921220060815891,1.0,0.0,0.6776787323961163,0.542142985916893,Low,54,True
CAND_00216,Al32.02Co34.63Mo10.09Nb23.26,4,32.02,34.63,0.0,0.0,0.0,0.0,10.09,23.26,0.0,0.0,0.0,0.0,100.0,True,903.6783,1522.3077,61.107094,558.1973333333333,1.6845682002908984,True,0.45563978,0.7474627728870442,0.7492785867388163,0.7604758125750464,0.6623217932480865,False,154,1581.0852,182.05055,1305.8726,1890.2153,677.406905078125,0.45563974636093435,0.7474627728870442,0.7492785867388163,0.7604758125750464,1.0,0.0,0.6770037163642486,0.5416029730913989,Low,55,True
CAND_02365,Al18.04Cr40.51Mo12.55Nb28.90,4,18.04,0.0,40.51,0.0,0.0,0.0,12.55,28.9,0.0,0.0,0.0,0.0,100.0,True,1102.5184,1603.6506,61.47791,361.387,1.4545340490981284,True,0.62146676,0.8113432149519008,0.7559108722955398,0.3387282378177136,0.6696299539329102,False,148,1581.0852,182.05055,1305.8726,1890.2153,478.56680507812507,0.6214667080483287,0.8113432149519008,0.7559108722955398,0.33872823781771366,1.0,0.0,0.6763521388589713,0.5410817110871771,Low,56,True
CAND_00975,Co35.68Cr37.51Mo10.66V16.15,4,0.0,35.68,37.51,0.0,0.0,0.0,10.66,0.0,0.0,0.0,16.15,0.0,100.0,True,1225.0405,1381.2957,69.48517,309.9566,1.127551023144563,True,0.7236467,0.6367228202120155,0.8991259300247872,0.2285173251007346,0.6671699463902782,True,34,1581.0852,182.05055,1305.8726,1890.2153,356.04470507812493,0.7236466384675908,0.6367228202120155,0.8991259300247872,0.22851732510073464,1.0,0.0,0.6759438834530488,0.5407551067624391,Low,57,True
CAND_01134,Al34.30Cr24.40Mn29.72Nb11.58,4,34.3,0.0,24.4,0.0,0.0,29.72,0.0,11.58,0.0,0.0,0.0,0.0,100.0,True,1017.51373,1810.0626,47.14786,498.27046666666666,1.7789072928019378,True,0.5505753,0.9734432852406564,0.4996085993566067,0.6320577043821872,0.676916397775296,False,140,1581.0852,182.05055,1305.8726,1890.2153,563.571475078125,0.5505752422155336,0.9734432852406564,0.4996085993566067,0.6320577043821872,1.0,0.0,0.6743680315903905,0.5394944252723124,Low,58,True
CAND_00029,Al19.30Cr38.69Mn17.01Nb25.00,4,19.3,0.0,38.69,0.0,0.0,17.01,0.0,25.0,0.0,0.0,0.0,0.0,100.0,True,1063.2429,1684.2882,58.51292,369.183,1.584104787759845,True,0.5887121,0.8746697687758865,0.7028800959729723,0.3554343936232599,0.6680497425337862,False,149,1581.0852,182.05055,1305.8726,1890.2153,517.842305078125,0.5887120633174456,0.8746697687758865,0.7028800959729723,0.3554343936232599,1.0,0.0,0.673758134297508,0.5390065074380064,Low,59,True
CAND_04389,Al26.27Cr24.24Mn28.32Nb21.17,4,26.27,0.0,24.24,0.0,0.0,28.32,0.0,21.17,0.0,0.0,0.0,0.0,100.0,True,1052.2899,1754.993,52.999966,414.4774,1.6677846776450955,True,0.57957757,0.93019586730578,0.604277324816711,0.4524963874045241,0.6718758250250078,False,145,1581.0852,182.05055,1305.8726,1890.2153,528.795305078125,0.5795775742915297,0.9301958673057801,0.604277324816711,0.45249638740452414,1.0,0.0,0.6731108093203083,0.5384886474562467,Low,60,True
CAND_04420,Al26.65Co37.72Cr10.54Ti25.09,4,26.65,37.72,10.54,0.0,0.0,0.0,0.0,0.0,0.0,25.09,0.0,0.0,100.0,True,1122.3833,1568.4359,54.748646,474.8167333333333,1.397415569982437,True,0.63803345,0.7836883046501866,0.6355536049862047,0.5817983760999397,0.6726746988527025,False,144,1581.0852,182.05055,1305.8726,1890.2153,458.70190507812504,0.6380334670231226,0.7836883046501866,0.6355536049862047,0.5817983760999397,1.0,0.0,0.6725506960616889,0.5380405568493511,Low,61,True
CAND_02598,Al21.01Co25.91Cr35.12Nb10.18Ni7.78,5,21.01,25.91,35.12,0.0,0.0,0.0,0.0,10.18,7.78,0.0,0.0,0.0,100.0,True,961.52704,1637.4996,62.466297,391.7545333333333,1.7030198156758376,True,0.503884,0.8379256097700514,0.7735888172185019,0.4038032433714318,0.6565105909025343,False,161,1581.0852,182.05055,1305.8726,1890.2153,619.558165078125,0.5038839425348653,0.8379256097700514,0.7735888172185019,0.4038032433714318,1.0,0.0,0.669995800235997,0.5359966401887977,Low,62,True
CAND_00748,Al38.45Co16.28Cr7.72Mn29.21Ti8.34,5,38.45,16.28,7.72,0.0,0.0,29.21,0.0,0.0,0.0,8.34,0.0,0.0,100.0,True,1006.3184,1647.3596,51.42758,535.9299333333333,1.6370162431574764,True,0.5412387,0.8456688935570751,0.5761541776024752,0.7127586943369216,0.66702463715413,False,150,1581.0852,182.05055,1305.8726,1890.2153,574.766805078125,0.5412386568940227,0.8456688935570751,0.5761541776024752,0.7127586943369216,1.0,0.0,0.6687703897219089,0.5350163117775272,Low,63,True
CAND_04942,Al17.70Cr33.62Cu27.08Mo6.09Ti5.43W10.08,6,17.7,0.0,33.62,27.08,0.0,0.0,6.09,0.0,0.0,5.43,0.0,10.08,100.0,True,1168.555,1714.097,53.78471,340.513,1.4668517281719888,True,0.6765394,0.8980793020163158,0.6183129821155472,0.2939970556364702,0.6710634267641794,False,147,1581.0852,182.05055,1305.8726,1890.2153,412.53020507812494,0.676539345500059,0.8980793020163158,0.6183129821155472,0.2939970556364702,1.0,0.0,0.6681520799600441,0.5345216639680354,Low,64,True
CAND_03703,Al26.97Cr43.29Mn16.49W13.25,4,26.97,0.0,43.29,0.0,0.0,16.49,0.0,0.0,0.0,0.0,0.0,13.25,100.0,True,852.211,1746.045,57.24782,464.3027333333333,2.048841194259676,True,0.41271752,0.9231687980029112,0.6802529589081997,0.5592677806484884,0.6547193070527378,False,166,1581.0852,182.05055,1305.8726,1890.2153,728.874205078125,0.4127174888019529,0.9231687980029112,0.6802529589081997,0.5592677806484884,1.0,0.0,0.6680960663710948,0.5344768530968759,Low,65,True
CAND_03811,Al28.50Cr21.58Fe23.78Nb7.45Ti5.48W13.21,6,28.5,0.0,21.58,0.0,23.78,0.0,0.0,7.45,0.0,5.48,0.0,13.21,100.0,True,1185.9026,1841.2604,42.848736,414.5973999999999,1.5526236461588852,True,0.6910067,0.9979436319882028,0.4227159679389691,0.4527535370577647,0.6802771311399213,True,31,1581.0852,182.05055,1305.8726,1890.2153,395.1826050781251,0.6910067482048867,0.9979436319882027,0.4227159679389691,0.4527535370577647,1.0,0.0,0.6668625975880379,0.5334900780704304,Low,66,True
CAND_01035,Al12.33Cr40.95Fe19.68Ti27.04,4,12.33,0.0,40.95,0.0,19.68,0.0,0.0,0.0,0.0,27.04,0.0,0.0,100.0,True,1227.066,1686.059,55.626022,288.1963333333333,1.3740572593357123,True,0.7253359,0.8760604185659537,0.6512460459073507,0.1818869498693892,0.6705134572722791,True,33,1581.0852,182.05055,1305.8726,1890.2153,354.01920507812497,0.7253358475903875,0.8760604185659537,0.6512460459073507,0.18188694986938925,1.0,0.0,0.6668089437199965,0.5334471549759973,Low,67,True
CAND_00076,Al24.69Co15.05Cr27.94Cu10.24Mn22.08,5,24.69,15.05,27.94,10.24,0.0,22.08,0.0,0.0,0.0,0.0,0.0,0.0,100.0,True,792.91235,1674.7776,65.93625,404.2566666666666,2.112185025967056,True,0.36326414,0.8672008768098756,0.8356511855208645,0.4305942371334097,0.6426414425036234,True,45,1581.0852,182.05055,1305.8726,1890.2153,788.172855078125,0.3632641091181556,0.8672008768098756,0.8356511855208645,0.4305942371334097,1.0,0.0,0.6662607815487723,0.5330086252390179,Low,68,True
CAND_03846,Al37.22Co25.01Cr8.57Fe5.28Nb23.92,5,37.22,25.01,8.57,0.0,5.28,0.0,0.0,23.92,0.0,0.0,0.0,0.0,100.0,True,923.40857,1501.6481,57.276096,589.6056,1.626201174502744,True,0.47209424,0.7312383159168218,0.6807586935755332,0.8277810199269551,0.6553566014399936,False,165,1581.0852,182.05055,1305.8726,1890.2153,657.676635078125,0.47209422776268356,0.7312383159168218,0.6807586935755332,0.8277810199269551,1.0,0.0,0.6657898127774207,0.5326318502219366,Low,69,True
CAND_00562,Al20.43Cr34.88Cu10.30Fe19.34Ni15.05,5,20.43,0.0,34.88,10.3,19.34,0.0,0.0,0.0,15.05,0.0,0.0,0.0,100.0,True,1003.3622,1651.5449,65.274,291.8053333333333,1.646010711398432,True,0.53877324,0.8489557054874839,0.823806413154138,0.1896207256906074,0.6507133953860423,False,175,1581.0852,182.05055,1305.8726,1890.2153,577.723005078125,0.5387732705653079,0.8489557054874839,0.823806413154138,0.18962072569060734,1.0,0.0,0.6649650620874047,0.5319720496699237,Low,70,True
CAND_04991,Al33.93Co43.88Cu9.65Mn6.48W6.06,5,33.93,43.88,0.0,9.65,0.0,6.48,0.0,0.0,0.0,0.0,0.0,6.06,100.0,True,805.9642,1529.7567,62.718796,549.4751333333332,1.8980455365830773,True,0.37414896,0.7533126431638736,0.7781049262072918,0.7417848900292362,0.644032453430404,False,187,1581.0852,182.05055,1305.8726,1890.2153,775.121005078125,0.37414897907094496,0.7533126431638736,0.7781049262072918,0.7417848900292362,1.0,0.0,0.6642302490834713,0.531384199266777,Low,71,True
CAND_04980,Al18.19Cr31.81Cu8.85Nb10.53Ni30.62,5,18.19,0.0,31.81,8.85,0.0,0.0,0.0,10.53,30.62,0.0,0.0,0.0,100.0,True,1249.8982,1595.5479,56.35847,313.87640000000005,1.276542288385597,True,0.74437726,0.8049799790958038,0.6643463552021248,0.2369171185238466,0.6664313329002413,False,151,1581.0852,182.05055,1305.8726,1890.2153,331.1870050781249,0.7443772499767217,0.8049799790958038,0.6643463552021248,0.23691711852384667,1.0,0.0,0.662429780562136,0.5299438244497088,Low,72,True
CAND_03187,Al17.45Co16.13Cr27.46Mo19.71Ni10.46Ti8.79,6,17.45,16.13,27.46,0.0,0.0,0.0,19.71,0.0,10.46,8.79,0.0,0.0,100.0,True,1221.3865,1513.5222,58.159966,361.634,1.239183691209661,True,0.7205993,0.7405633185553103,0.6965672839141946,0.3392575375206343,0.6633792501870385,False,153,1581.0852,182.05055,1305.8726,1890.2153,359.69870507812493,0.7205993068780083,0.7405633185553103,0.6965672839141946,0.33925753752063437,1.0,0.0,0.6621776380884487,0.5297421104707589,Low,73,True
CAND_00440,Al21.72Co22.95Cu14.55Mo6.62Nb11.22Ni22.94,6,21.72,22.95,0.0,14.55,0.0,0.0,6.62,11.22,22.94,0.0,0.0,0.0,100.0,True,1092.2458,1599.2418,59.077377,365.38933333333335,1.4641775023195962,True,0.6128997,0.8078808833535004,0.7129757768726407,0.3473048930578879,0.6565738713044602,False,160,1581.0852,182.05055,1305.8726,1890.2153,488.8394050781251,0.6128996531804729,0.8078808833535004,0.7129757768726407,0.3473048930578879,1.0,0.0,0.6615776453216438,0.529262116257315,Low,74,True
CAND_02212,Al37.89Cr42.43Cu12.90Ni6.78,4,37.89,0.0,42.43,12.9,0.0,0.0,0.0,0.0,6.78,0.0,0.0,0.0,100.0,True,947.7438,1599.6176,53.01258,559.6871333333333,1.687816520861828,True,0.49238908,0.8081760076990543,0.6045029344182722,0.7636683255200315,0.6558455155753425,False,163,1581.0852,182.05055,1305.8726,1890.2153,633.341405078125,0.4923891142210183,0.8081760076990543,0.6045029344182722,0.7636683255200315,1.0,0.0,0.6614512100184572,0.5291609680147658,Low,75,True
CAND_02950,Al40.33Co15.00Cr10.18Cu7.01Ni7.99Ti19.49,6,40.33,15.0,10.18,7.01,0.0,0.0,0.0,0.0,7.99,19.49,0.0,0.0,100.0,True,1086.7058,1443.8112,52.903336,583.8076,1.3286127542406487,True,0.60827947,0.6858176739227335,0.6025490343617517,0.8153564058478686,0.6611698735540756,True,36,1581.0852,182.05055,1305.8726,1890.2153,494.37940507812505,0.6082794514819817,0.6858176739227335,0.6025490343617517,0.8153564058478686,1.0,0.0,0.6608833362330212,0.5287066689864169,Low,76,True
CAND_02812,Al34.67Co31.51Cr17.92Cu8.38Fe7.52,5,34.67,31.51,17.92,8.38,7.52,0.0,0.0,0.0,0.0,0.0,0.0,0.0,100.0,True,972.90546,1481.1481,57.060307,559.2366666666667,1.5223967447597355,True,0.51337326,0.7151391964813263,0.6768991668345086,0.762703014293949,0.6521839824962522,False,173,1581.0852,182.05055,1305.8726,1890.2153,608.179745078125,0.5133732196847112,0.7151391964813263,0.6768991668345086,0.762703014293949,1.0,0.0,0.6603602660600206,0.5282882128480165,Low,77,True
CAND_04436,Al10.57Cr28.83Fe11.26Mo12.64Nb25.48Ti11.22,6,10.57,0.0,28.83,0.0,11.26,0.0,12.64,25.48,0.0,11.22,0.0,0.0,100.0,True,1172.7343,1571.149,57.723446,352.501,1.3397314831343976,True,0.68002474,0.7858189642082569,0.6887598395449632,0.3196863059952297,0.6598960269127407,False,159,1581.0852,182.05055,1305.8726,1890.2153,408.3509050781249,0.6800247622795724,0.7858189642082569,0.6887598395449632,0.31968630599522974,1.0,0.0,0.6603327775951435,0.5282662220761148,Low,78,True
CAND_04082,Al33.80Cr27.14Mo21.15Nb17.91,4,33.8,0.0,27.14,0.0,0.0,0.0,21.15,17.91,0.0,0.0,0.0,0.0,100.0,True,954.70575,1604.5436,54.254337,527.2728333333333,1.680668206743951,True,0.49819523,0.812044508300969,0.6267125667320345,0.6942072754779947,0.6538811577634845,False,168,1581.0852,182.05055,1305.8726,1890.2153,626.379455078125,0.4981951815883128,0.812044508300969,0.6267125667320345,0.6942072754779947,1.0,0.0,0.6603070092286784,0.5282456073829427,Low,79,True
CAND_03719,Al44.21Nb22.54Ni19.20W14.05,4,44.21,0.0,0.0,0.0,0.0,0.0,0.0,22.54,19.2,0.0,0.0,14.05,100.0,True,946.58954,1432.7888,60.284164,555.9249333333333,1.5136326164750449,True,0.49142656,0.6771615307975722,0.7345599479713566,0.7556062553081759,0.6475573606597764,False,178,1581.0852,182.05055,1305.8726,1890.2153,634.495665078125,0.4914264943631663,0.6771615307975722,0.7345599479713566,0.7556062553081759,1.0,0.0,0.6597140055176965,0.5277712044141573,Low,80,True
CAND_02222,Al21.13Cr31.45Mo14.14Ni18.07W15.21,5,21.13,0.0,31.45,0.0,0.0,0.0,14.14,0.0,18.07,0.0,0.0,15.21,100.0,True,982.6631,1567.5172,65.63906,343.8106666666667,1.5951725697567296,True,0.5215108,0.7829668285026067,0.8303357489037752,0.3010636709684469,0.6440867733595157,False,186,1581.0852,182.05055,1305.8726,1890.2153,598.422105078125,0.5215108126271779,0.7829668285026067,0.8303357489037752,0.30106367096844694,1.0,0.0,0.659528027023976,0.5276224216191808,Low,81,True
CAND_02976,Al24.41Cr28.98Mn7.12Ni26.02W13.47,5,24.41,0.0,28.98,0.0,0.0,7.12,0.0,0.0,26.02,0.0,0.0,13.47,100.0,True,883.47577,1678.4884,62.890656,370.3364333333333,1.8998691971124848,True,0.43879145,0.8701150530245703,0.7811787541860695,0.3579061018041189,0.6416525588562431,False,193,1581.0852,182.05055,1305.8726,1890.2153,697.609435078125,0.4387914136136744,0.8701150530245703,0.7811787541860695,0.35790610180411886,1.0,0.0,0.6587719108372284,0.5270175286697828,Low,82,True
CAND_03602,Al41.76Co29.17Fe7.41Mn11.14Nb10.52,5,41.76,29.17,0.0,0.0,7.41,11.14,0.0,10.52,0.0,0.0,0.0,0.0,100.0,True,925.32074,1542.7928,50.78679,644.3632,1.6673059769776035,True,0.47368896,0.7635501910113401,0.564693231305949,0.9451218353627916,0.6541133373976182,False,167,1581.0852,182.05055,1305.8726,1890.2153,655.764465078125,0.47368892290380343,0.7635501910113401,0.564693231305949,0.9451218353627916,1.0,0.0,0.6586635327255563,0.5269308261804451,Low,83,True
CAND_04610,Al18.52Cr25.03Fe20.73Nb35.72,4,18.52,0.0,25.03,0.0,20.73,0.0,0.0,35.72,0.0,0.0,0.0,0.0,100.0,True,1228.2239,1625.974,56.071358,298.4753333333333,1.3238417120122925,True,0.7263015,0.8288742921619662,0.6592111701756912,0.2039139605832438,0.6619426305988545,False,156,1581.0852,182.05055,1305.8726,1890.2153,352.86130507812504,0.7263015031042291,0.8288742921619662,0.6592111701756912,0.20391396058324382,1.0,0.0,0.6585881085648411,0.5268704868518729,Low,84,True
CAND_02097,Al31.72Co9.45Fe13.79Nb13.69Ni23.54Ti7.81,6,31.72,9.45,0.0,0.0,13.79,0.0,0.0,13.69,23.54,7.81,0.0,0.0,100.0,True,1183.5695,1481.7363,54.268936,463.1200333333333,1.2519217101918656,True,0.689061,0.71560112341069,0.6269736793508067,0.5567333565244224,0.66165207105334,False,157,1581.0852,182.05055,1305.8726,1890.2153,397.51570507812494,0.6890610094715386,0.71560112341069,0.6269736793508067,0.5567333565244224,1.0,0.0,0.658547696674997,0.5268381573399976,Low,85,True
CAND_04550,Al34.26Cr25.34Mn19.19Nb21.21,4,34.26,0.0,25.34,0.0,0.0,19.19,0.0,21.21,0.0,0.0,0.0,0.0,100.0,True,949.83704,1710.8884,49.740494,521.6621333333334,1.801244144959591,True,0.4941348,0.8955595149616461,0.5459795462199294,0.6821840291493417,0.65573079246025,False,164,1581.0852,182.05055,1305.8726,1890.2153,631.248165078125,0.4941348165681934,0.8955595149616461,0.5459795462199294,0.6821840291493417,1.0,0.0,0.6583230268689223,0.5266584214951379,Low,86,True
CAND_00395,Al39.57Co21.44Cr16.53Cu10.04Fe12.42,5,39.57,21.44,16.53,10.04,12.42,0.0,0.0,0.0,0.0,0.0,0.0,0.0,100.0,True,954.3581,1568.4426,52.267532,580.1153999999999,1.6434529251378995,True,0.49790528,0.783693566313612,0.591177265921051,0.8074443396004034,0.6533906315050044,False,171,1581.0852,182.05055,1305.8726,1890.2153,626.727105078125,0.4979052514221611,0.783693566313612,0.591177265921051,0.8074443396004034,1.0,0.0,0.6580542134659997,0.5264433707727998,Low,87,True
CAND_02928,Al18.34Co25.97Cr14.59Mo8.97Ti15.13W17.00,6,18.34,25.97,14.59,0.0,0.0,0.0,8.97,0.0,0.0,15.13,0.0,17.0,100.0,True,1221.3737,1554.8242,54.716496,371.1898000000001,1.273012718753589,True,0.7205886,0.7729987249418875,0.6349785813069442,0.3597347929909576,0.6607810810220909,False,158,1581.0852,182.05055,1305.8726,1890.2153,359.7115050781249,0.7205886320437591,0.7729987249418875,0.6349785813069442,0.35973479299095773,1.0,0.0,0.6565005688342329,0.5252004550673863,Low,88,True
CAND_03340,Co33.69Cr40.60Fe14.41Mo11.30,4,0.0,33.69,40.6,0.0,14.41,0.0,11.3,0.0,0.0,0.0,0.0,0.0,100.0,True,778.0243,1663.5951,71.12676,304.657,2.138230280368553,True,0.3508479,0.8584190034885377,0.9284868358299884,0.2171607392481085,0.6274758953357594,True,54,1581.0852,182.05055,1305.8726,1890.2153,803.060905078125,0.3508479008334585,0.8584190034885377,0.9284868358299885,0.21716073924810853,1.0,0.0,0.6563578378911388,0.525086270312911,Low,89,True
CAND_03284,Al18.09Co40.95Cr8.03Ti24.05W8.88,5,18.09,40.95,8.03,0.0,0.0,0.0,0.0,0.0,0.0,24.05,0.0,8.88,100.0,True,1120.5096,1640.7034,54.955585,369.03,1.4642474604636673,True,0.6364709,0.8404416272748048,0.6392548437159866,0.3551065278153778,0.6561534673510132,False,162,1581.0852,182.05055,1305.8726,1890.2153,460.5756050781249,0.6364708547627503,0.8404416272748048,0.6392548437159866,0.3551065278153778,1.0,0.0,0.6562926341602316,0.5250341073281853,Low,90,True
CAND_04287,Al27.82Co16.50Mn10.38Mo6.63Nb31.84Ti6.83,6,27.82,16.5,0.0,0.0,0.0,10.38,6.63,31.84,0.0,6.83,0.0,0.0,100.0,True,1015.83386,1620.0824,52.834297,487.2270666666667,1.594830080112131,True,0.5491743,0.8242474837684948,0.6013142269031991,0.6083926503771885,0.653614003966912,False,169,1581.0852,182.05055,1305.8726,1890.2153,565.251345078125,0.5491742786366084,0.8242474837684948,0.6013142269031991,0.6083926503771885,1.0,0.0,0.6562209804172384,0.5249767843337908,Low,91,True
CAND_03701,Al32.72Co13.72Cr23.72Fe17.03Mo12.81,5,32.72,13.72,23.72,0.0,17.03,0.0,12.81,0.0,0.0,0.0,0.0,0.0,100.0,True,871.3853,1618.7821,57.92318,496.74750000000006,1.857711017437619,True,0.42870837,0.8232263284025446,0.6923322121593775,0.6287941181302649,0.6429825875906944,False,191,1581.0852,182.05055,1305.8726,1890.2153,709.699905078125,0.42870830711014435,0.8232263284025446,0.6923322121593775,0.6287941181302649,1.0,0.0,0.6561637566656524,0.5249310053325219,Low,92,True
CAND_00312,Al18.18Cr25.34Fe17.17Mo14.67Nb12.11Ni12.53,6,18.18,0.0,25.34,0.0,17.17,0.0,14.67,12.11,12.53,0.0,0.0,0.0,100.0,True,1268.9512,1633.2212,52.089447,323.284,1.2870638651814752,True,0.7602669,0.8345656842777184,0.5879920997648734,0.2570767941724173,0.6640093283098615,False,152,1581.0852,182.05055,1305.8726,1890.2153,312.134005078125,0.7602669075509731,0.8345656842777184,0.5879920997648734,0.2570767941724173,1.0,0.0,0.6553955812263834,0.5243164649811067,Low,93,True
CAND_04147,Al15.10Co27.06Cr42.83Ti15.01,4,15.1,27.06,42.83,0.0,0.0,0.0,0.0,0.0,0.0,15.01,0.0,0.0,100.0,True,1077.5836,1498.0896,63.350147,358.0989333333333,1.390230488611525,True,0.6006718,0.7284437443796894,0.7893970498441435,0.3316821944579962,0.6458362752025075,False,184,1581.0852,182.05055,1305.8726,1890.2153,503.50160507812507,0.6006717973422747,0.7284437443796894,0.7893970498441435,0.33168219445799624,1.0,0.0,0.655272516771418,0.5242180134171344,Low,94,True
CAND_03074,Al30.51Co24.31Mn10.23Ni25.13W9.82,5,30.51,24.31,0.0,0.0,0.0,10.23,0.0,0.0,25.13,0.0,0.0,9.82,100.0,True,751.8543,1454.0317,69.7786,493.6324666666667,1.9339274676436784,True,0.32902288,0.6938440666149521,0.904374116594162,0.6221188702844288,0.6262714509468239,True,55,1581.0852,182.05055,1305.8726,1890.2153,829.230905078125,0.32902286862235464,0.6938440666149521,0.9043741165941621,0.6221188702844288,1.0,0.0,0.6550390026609872,0.5240312021287898,Low,95,True
CAND_03858,Al23.83Co11.81Cr30.81Ti33.55,4,23.83,11.81,30.81,0.0,0.0,0.0,0.0,0.0,0.0,33.55,0.0,0.0,100.0,True,1128.7141,1452.5468,59.899075,412.0853333333333,1.2869040844105604,True,0.64331317,0.6926779406417928,0.7276723805180833,0.447370394789005,0.6498209903644526,True,39,1581.0852,182.05055,1305.8726,1890.2153,452.3711050781251,0.6433131733250735,0.6926779406417928,0.7276723805180833,0.44737039478900503,1.0,0.0,0.6540389488975819,0.5232311591180655,Low,96,True
CAND_02572,Al23.20Cr29.27Cu19.68Mn17.29Ti10.56,5,23.2,0.0,29.27,19.68,0.0,17.29,0.0,0.0,0.0,10.56,0.0,0.0,100.0,True,1211.0524,1633.2582,49.600975,397.4783333333333,1.348627229453335,True,0.71198094,0.8345947412249924,0.5434841580797507,0.4160688532482642,0.662254077508571,False,155,1581.0852,182.05055,1305.8726,1890.2153,370.03280507812497,0.7119809627674707,0.8345947412249924,0.5434841580797507,0.41606885324826426,1.0,0.0,0.6538292384705303,0.5230633907764243,Low,97,True
CAND_00098,Al13.59Co13.28Cr44.34Mn14.19Mo7.63Nb6.97,6,13.59,13.28,44.34,0.0,0.0,14.19,7.63,6.97,0.0,0.0,0.0,0.0,100.0,True,978.4497,1690.3705,58.014748,363.149,1.727600803447338,True,0.51799697,0.8794463382462531,0.693969965449036,0.3425040518927999,0.6441010996124027,False,185,1581.0852,182.05055,1305.8726,1890.2153,602.635505078125,0.5179969574220475,0.8794463382462531,0.693969965449036,0.3425040518927999,1.0,0.0,0.6528997382480186,0.5223197905984149,Low,98,True
CAND_04370,Al22.42Cr16.82Fe12.93Mo10.66Ni18.44W18.73,6,22.42,0.0,16.82,0.0,12.93,0.0,10.66,0.0,18.44,0.0,0.0,18.73,100.0,True,1152.1825,1610.3306,55.19478,353.48869999999994,1.3976350160017097,True,0.6628851,0.8165891719191746,0.6435330020040335,0.3218028619327794,0.6529959791428999,False,172,1581.0852,182.05055,1305.8726,1890.2153,428.9027050781251,0.662885148332451,0.8165891719191746,0.6435330020040335,0.3218028619327794,1.0,0.0,0.652028368549992,0.5216226948399937,Low,99,True
CAND_01409,Al13.93Co24.21Cr25.45Nb36.41,4,13.93,24.21,25.45,0.0,0.0,0.0,0.0,36.41,0.0,0.0,0.0,0.0,100.0,True,918.7637,1558.6736,66.012764,361.9263333333334,1.6964902376027569,True,0.4682205,0.7760217469104239,0.8370196882205515,0.3398839826481128,0.6335101971471555,False,211,1581.0852,182.05055,1305.8726,1890.2153,662.321505078125,0.4682205389064974,0.7760217469104239,0.8370196882205515,0.33988398264811287,1.0,0.0,0.6519501626631339,0.5215601301305072,Low,100,True
CAND_04510,Al41.95Ni40.08Ti8.33W9.64,4,41.95,0.0,0.0,0.0,0.0,0.0,0.0,0.0,40.08,8.33,0.0,9.64,100.0,True,1042.5347,1532.4498,51.591995,540.9416666666667,1.4699269454374972,True,0.571442,0.7554275962639583,0.5790948469096484,0.7234984067436068,0.6513593659446175,False,174,1581.0852,182.05055,1305.8726,1890.2153,538.5505050781251,0.5714420162393417,0.7554275962639583,0.5790948469096484,0.7234984067436068,1.0,0.0,0.6517419980234584,0.5213935984187668,Low,101,True
CAND_04782,Al35.43Cu12.47Mn7.15Ni17.92Ti8.05W18.98,6,35.43,0.0,0.0,12.47,0.0,7.15,0.0,0.0,17.92,8.05,0.0,18.98,100.0,True,1063.5448,1445.9056,57.55687,491.1708,1.359515462127717,True,0.58896387,0.6874624542030117,0.6857805193460056,0.6168437308700302,0.6468995885782893,False,181,1581.0852,182.05055,1305.8726,1890.2153,517.5404050781251,0.5889638392908706,0.6874624542030117,0.6857805193460056,0.61684373087003,1.0,0.0,0.6517404115179273,0.5213923292143419,Low,102,True
CAND_01769,Al34.08Co9.31Cu11.29Mn11.68Nb18.05Ni15.59,6,34.08,9.31,0.0,11.29,0.0,11.68,0.0,18.05,15.59,0.0,0.0,0.0,100.0,True,1011.8395,1481.6207,58.534454,482.10553333333337,1.464284338463955,True,0.54584306,0.7155103400835318,0.7032652455813455,0.597417646037788,0.6438349887022619,False,189,1581.0852,182.05055,1305.8726,1890.2153,569.245705078125,0.5458430965325678,0.7155103400835318,0.7032652455813455,0.597417646037788,1.0,0.0,0.6517060967382733,0.5213648773906187,Low,103,True
CAND_00578,Al9.20Cr29.59Cu8.82Mn8.91Nb19.55Ti23.93,6,9.2,0.0,29.59,8.82,0.0,8.91,0.0,19.55,0.0,23.93,0.0,0.0,100.0,True,1219.9692,1455.9663,61.105537,321.389,1.1934450921494002,True,0.7194174,0.6953633522959233,0.7492507387802283,0.2530159725649891,0.6496993161517765,True,40,1581.0852,182.05055,1305.8726,1890.2153,361.116005078125,0.7194173191763347,0.6953633522959233,0.7492507387802283,0.25301597256498914,1.0,0.0,0.6511909530016775,0.520952762401342,Low,104,True
CAND_04299,Al22.82Co34.55Cr28.61Cu14.02,4,22.82,34.55,28.61,14.02,0.0,0.0,0.0,0.0,0.0,0.0,0.0,0.0,100.0,True,976.931,1534.0579,61.061447,421.7367999999999,1.570282704164516,True,0.5167304,0.7566904740183105,0.7484621604281726,0.4680526556773283,0.6393497149472013,False,197,1581.0852,182.05055,1305.8726,1890.2153,604.154205078125,0.5167304050178059,0.7566904740183105,0.7484621604281726,0.4680526556773283,1.0,0.0,0.6509362899399956,0.5207490319519965,Low,105,True
CAND_04522,Al38.86Co29.45Cr20.10V11.59,4,38.86,29.45,20.1,0.0,0.0,0.0,0.0,0.0,0.0,0.0,11.59,0.0,100.0,True,1126.0192,1315.2212,53.57458,609.6942666666666,1.1680273665274372,True,0.64106566,0.5848330023027158,0.6145546702734632,0.8708293004886556,0.6520326694148231,True,38,1581.0852,182.05055,1305.8726,1890.2153,455.06600507812504,0.6410657037298996,0.5848330023027158,0.6145546702734632,0.8708293004886556,1.0,0.0,0.650707122778627,0.5205656982229016,Low,106,True
CAND_04332,Al41.35Fe10.13Mn9.26Nb21.96Ti17.30,5,41.35,0.0,0.0,0.0,10.13,9.26,0.0,21.96,0.0,17.3,0.0,0.0,100.0,True,1196.7888,1425.5958,46.218178,604.763,1.191184090401418,True,0.7000856,0.6715127031829616,0.4829806315748883,0.8602620212105605,0.6612639550755819,True,35,1581.0852,182.05055,1305.8726,1890.2153,384.29640507812496,0.7000855279395647,0.6715127031829616,0.4829806315748883,0.8602620212105605,1.0,0.0,0.6504086855938302,0.5203269484750642,Low,107,True
CAND_00876,Al21.02Cr35.42Fe15.84Ni14.94W12.78,5,21.02,0.0,35.42,0.0,15.84,0.0,0.0,0.0,14.94,0.0,0.0,12.78,100.0,True,926.61896,1713.2372,60.254738,334.1893333333333,1.8489123129815617,True,0.47477165,0.897404081387504,0.7340336448053874,0.2804459832152705,0.6372280306737411,False,204,1581.0852,182.05055,1305.8726,1890.2153,654.466245078125,0.47477160128810214,0.897404081387504,0.7340336448053874,0.28044598321527053,1.0,0.0,0.6501911156621835,0.5201528925297468,Low,108,True
CAND_04953,Al18.64Cr40.08Cu8.71Mn10.26Nb8.92Ni13.39,6,18.64,0.0,40.08,8.71,0.0,10.26,0.0,8.92,13.39,0.0,0.0,0.0,100.0,True,1091.5103,1609.6176,57.95724,340.667,1.4746701592949492,True,0.6122862,0.8160292366919789,0.6929413974320248,0.2943270643581293,0.6458790489978197,False,183,1581.0852,182.05055,1305.8726,1890.2153,489.5749050781251,0.6122862671968555,0.8160292366919789,0.6929413974320248,0.2943270643581293,1.0,0.0,0.6499118166901344,0.5199294533521076,Low,109,True
CAND_00057,Al31.32Co26.90Cu8.54Ni15.44Ti12.02W5.78,6,31.32,26.9,0.0,8.54,0.0,0.0,0.0,0.0,15.44,12.02,0.0,5.78,100.0,True,1009.082,1383.8873,60.79462,511.7126666666667,1.3714319954654988,True,0.54354346,0.638758063037822,0.7436897858320282,0.6608631799554702,0.6397423916790804,True,46,1581.0852,182.05055,1305.8726,1890.2153,572.003205078125,0.5435434203261437,0.638758063037822,0.7436897858320282,0.6608631799554702,1.0,0.0,0.6497496867358116,0.5197997493886493,Low,110,True
CAND_04102,Al11.04Cr35.02Nb34.68W19.26,4,11.04,0.0,35.02,0.0,0.0,0.0,0.0,34.68,0.0,0.0,0.0,19.26,100.0,True,1014.72766,1620.7502,59.3624,357.717,1.5972267851559714,True,0.54825175,0.8247719224006421,0.7180735987741603,0.330863744256098,0.6410550684381184,False,195,1581.0852,182.05055,1305.8726,1890.2153,566.357545078125,0.5482517394454764,0.8247719224006421,0.7180735987741603,0.33086374425609805,1.0,0.0,0.6495461528522245,0.5196369222817796,Low,111,True
CAND_02773,Al41.62Co14.14Nb34.90W9.34,4,41.62,14.14,0.0,0.0,0.0,0.0,0.0,34.9,0.0,0.0,0.0,9.34,100.0,True,899.4631,1505.942,52.878,621.4,1.6742677314747303,True,0.45212442,0.7346104139140935,0.6020958835083228,0.8959136777186253,0.6409314747377814,False,196,1581.0852,182.05055,1305.8726,1890.2153,681.622105078125,0.4521243900072377,0.7346104139140935,0.6020958835083228,0.8959136777186253,1.0,0.0,0.6484300383863282,0.5187440307090626,Low,112,True
CAND_02149,Al31.25Cr6.38Fe16.90Mo5.49Ni19.44Ti20.54,6,31.25,0.0,6.38,0.0,16.9,0.0,5.49,0.0,19.44,20.54,0.0,0.0,100.0,True,1116.7562,1501.4219,55.96553,431.9505,1.3444490978433874,True,0.63334066,0.7310606758770017,0.6573183675029456,0.4899397341215446,0.6471409577447396,False,179,1581.0852,182.05055,1305.8726,1890.2153,464.32900507812496,0.6333406264134512,0.7310606758770017,0.6573183675029456,0.4899397341215445,1.0,0.0,0.6483398297355787,0.518671863788463,Low,113,True
CAND_01040,Al18.39Co22.82Cr25.06Fe9.11Mn14.68W9.94,6,18.39,22.82,25.06,0.0,9.11,14.68,0.0,0.0,0.0,0.0,0.0,9.94,100.0,True,842.41504,1731.6207,60.340485,366.8803333333334,2.055543431331748,True,0.40454796,0.9118410649066468,0.7355672857206454,0.3504999774994053,0.6313835298672495,False,217,1581.0852,182.05055,1305.8726,1890.2153,738.670165078125,0.4045479380744525,0.9118410649066468,0.7355672857206454,0.35049997749940537,1.0,0.0,0.6479344863317117,0.5183475890653694,Low,114,True
CAND_02140,Al14.75Cr28.69Cu17.73Mo12.35Nb19.06Ti7.42,6,14.75,0.0,28.69,17.73,0.0,0.0,12.35,19.06,0.0,7.42,0.0,0.0,100.0,True,1191.4045,1536.0631,55.80013,358.349,1.289287598896146,True,0.6955952,0.7582652034959717,0.6543600808295493,0.3322180657631665,0.6495808644906337,False,176,1581.0852,182.05055,1305.8726,1890.2153,389.6807050781249,0.6955951755920582,0.7582652034959717,0.6543600808295493,0.3322180657631665,1.0,0.0,0.6475190890601458,0.5180152712481166,Low,115,True
CAND_04194,Al28.72Fe9.17Mo6.80Nb14.71Ni31.77Ti8.83,6,28.72,0.0,0.0,0.0,9.17,0.0,6.8,14.71,31.77,8.83,0.0,0.0,100.0,True,1200.4924,1528.2214,51.603302,427.6511666666667,1.2729954473028138,True,0.70317423,0.7521069369165899,0.5792970799653684,0.4807266334895994,0.6535176280416632,False,170,1581.0852,182.05055,1305.8726,1890.2153,380.5928050781249,0.703174224511863,0.7521069369165899,0.5792970799653684,0.4807266334895994,1.0,0.0,0.6473237562159931,0.5178590049727946,Low,116,True
CAND_03550,Al36.56Co23.54Cr26.87Cu13.03,4,36.56,23.54,26.87,13.03,0.0,0.0,0.0,0.0,0.0,0.0,0.0,0.0,100.0,True,870.54803,1516.144,56.05784,575.8423333333333,1.74159717743578,True,0.4280101,0.7426222781326752,0.6589693919456371,0.7982875261703343,0.6356751981382458,False,206,1581.0852,182.05055,1305.8726,1890.2153,710.537175078125,0.4280100478545314,0.7426222781326752,0.6589693919456371,0.7982875261703343,1.0,0.0,0.6472231419126767,0.5177785135301414,Low,117,True
CAND_02426,Al24.97Cr29.20Fe14.72Ni31.11,4,24.97,0.0,29.2,0.0,14.72,0.0,0.0,0.0,31.11,0.0,0.0,0.0,100.0,True,980.27844,1645.4865,58.901115,361.3604333333333,1.6785909276962498,True,0.5195221,0.8441979052344102,0.709823216258214,0.3386713077417045,0.6373724960417758,False,203,1581.0852,182.05055,1305.8726,1890.2153,600.806765078125,0.5195220743271195,0.8441979052344102,0.709823216258214,0.33867130774170434,1.0,0.0,0.6468875511908228,0.5175100409526582,Low,118,True
CAND_03379,Al31.77Co16.08Cu10.90Ti17.88W23.37,5,31.77,16.08,0.0,10.9,0.0,0.0,0.0,0.0,0.0,17.88,0.0,23.37,100.0,True,962.15344,1502.3307,56.844307,511.4007333333334,1.5614252715028658,True,0.50440633,0.7317743773278786,0.6730358662211257,0.6601947337179626,0.6381423926824713,False,201,1581.0852,182.05055,1305.8726,1890.2153,618.931765078125,0.5044063422359366,0.7317743773278786,0.6730358662211257,0.6601947337179626,1.0,0.0,0.6465738686813798,0.5172590949451038,Low,119,True
CAND_00941,Al37.05Co13.82Fe17.67Nb14.61Ni16.85,5,37.05,13.82,0.0,0.0,17.67,0.0,0.0,14.61,16.85,0.0,0.0,0.0,100.0,True,1078.7784,1532.8225,52.092346,492.2476666666667,1.4208872181523131,True,0.6016683,0.7557202861085245,0.5880439502670872,0.6191513632860297,0.6471002703458086,False,180,1581.0852,182.05055,1305.8726,1890.2153,502.3068050781251,0.6016682264017255,0.7557202861085245,0.5880439502670872,0.6191513632860297,1.0,0.0,0.6464190320060192,0.5171352256048154,Low,120,True
CAND_00954,Al24.39Co28.40Fe16.35Mo8.39Ti22.47,5,24.39,28.4,0.0,0.0,16.35,0.0,8.39,0.0,0.0,22.47,0.0,0.0,100.0,True,1026.2192,1622.8016,54.834785,414.5654666666667,1.58134006795461,True,0.5578354,0.8263829337962508,0.6370942570766501,0.4526851066778192,0.6424418304410675,False,192,1581.0852,182.05055,1305.8726,1890.2153,554.866005078125,0.5578353554429999,0.8263829337962508,0.6370942570766501,0.45268510667781925,1.0,0.0,0.6464047621242932,0.5171238096994346,Low,121,True
CAND_00304,Al36.32Co34.95Cr5.74Cu22.99,4,36.32,34.95,5.74,22.99,0.0,0.0,0.0,0.0,0.0,0.0,0.0,0.0,100.0,True,843.5698,1486.652,59.2536,558.8864666666666,1.7623342577205434,True,0.40551102,0.7194615351867419,0.7161276399466785,0.7619525658892411,0.6308165663806491,False,219,1581.0852,182.05055,1305.8726,1890.2153,737.515405078125,0.40551097491801746,0.7194615351867419,0.7161276399466785,0.7619525658892411,1.0,0.0,0.6463473811529167,0.5170779049223334,Low,122,True
CAND_01881,Al34.85Co23.61Cu13.00Ti28.54,4,34.85,23.61,0.0,13.0,0.0,0.0,0.0,0.0,0.0,28.54,0.0,0.0,100.0,True,965.7644,1439.447,56.511665,558.5413333333332,1.490474274673635,True,0.5074178,0.6823903677256412,0.6670863475052137,0.7612129749143367,0.6378959888043,False,202,1581.0852,182.05055,1305.8726,1890.2153,615.320805078125,0.5074177796953561,0.6823903677256412,0.6670863475052137,0.7612129749143367,1.0,0.0,0.6458794057302459,0.5167035245841968,Low,123,True
CAND_02866,Al30.59Co38.96Nb14.32V16.13,4,30.59,38.96,0.0,0.0,0.0,0.0,0.0,14.32,0.0,0.0,16.13,0.0,100.0,True,1148.5236,1293.2433,57.618034,526.7427333333333,1.126005025516264,True,0.6598337,0.5675732541543562,0.6868744773030284,0.6930713168848031,0.6439014178453849,True,43,1581.0852,182.05055,1305.8726,1890.2153,432.561605078125,0.6598337302828826,0.5675732541543562,0.6868744773030284,0.6930713168848031,1.0,0.0,0.6452534495406564,0.5162027596325252,Low,124,True
CAND_00308,Al23.99Co29.86Cu5.31Mo9.65Ni31.19,5,23.99,29.86,0.0,5.31,0.0,0.0,9.65,0.0,31.19,0.0,0.0,0.0,100.0,True,909.05536,1406.3346,69.046684,403.0148666666667,1.5470285568991946,True,0.4601241,0.6563864417551095,0.8912833224657137,0.4279331668051226,0.6219639727084837,True,58,1581.0852,182.05055,1305.8726,1890.2153,672.029845078125,0.4601240607553187,0.6563864417551095,0.8912833224657137,0.42793316680512267,1.0,0.0,0.643521919475845,0.514817535580676,Low,125,True
CAND_00772,Al12.78Co19.55Cr29.18Fe13.18W25.31,5,12.78,19.55,29.18,0.0,13.18,0.0,0.0,0.0,0.0,0.0,0.0,25.31,100.0,True,868.58417,1668.5798,61.628094,360.8163333333334,1.9210340948766145,True,0.42637226,0.8623336025446409,0.7585970109035041,0.3375053483556351,0.6268868226398914,False,226,1581.0852,182.05055,1305.8726,1890.2153,712.501035078125,0.42637224473041596,0.8623336025446409,0.7585970109035041,0.3375053483556351,1.0,0.0,0.6434980474703926,0.5147984379763141,Low,126,True
CAND_03239,Al33.71Cr22.44Cu6.54Ni21.70W15.61,5,33.71,0.0,22.44,6.54,0.0,0.0,0.0,0.0,21.7,0.0,0.0,15.61,100.0,True,941.28156,1609.4573,54.83054,469.8878333333334,1.7098574716036363,True,0.48699984,0.8159033494312223,0.6370183324882066,0.5712361683844502,0.635810968052607,False,205,1581.0852,182.05055,1305.8726,1890.2153,639.803645078125,0.48699979071487076,0.8159033494312223,0.6370183324882066,0.5712361683844502,1.0,0.0,0.6433118775122139,0.5146495020097711,Low,127,True
CAND_04901,Co32.66Cr30.63Cu5.32Mo8.04V16.90W6.45,6,0.0,32.66,30.63,5.32,0.0,0.0,8.04,0.0,0.0,0.0,16.9,6.45,100.0,True,1241.8062,1190.5748,71.07872,310.48659999999995,0.9587444850010952,False,0.7376287,0.4869453300683481,0.9276276091565304,0.2296530694025482,0.633727083145648,True,52,1581.0852,182.05055,1305.8726,1890.2153,339.279005078125,0.7376287531997919,0.48694533006834817,0.9276276091565305,0.22965306940254826,1.0,0.0,0.6432270304777938,0.5145816243822351,Low,128,True
CAND_00386,Co21.07Cr31.05Nb17.53Ni13.49W16.86,5,0.0,21.07,31.05,0.0,0.0,0.0,0.0,17.53,13.49,0.0,0.0,16.86,100.0,True,890.5892,1536.049,70.20769,297.95,1.724755979150203,True,0.44472384,0.7582541304430916,0.9120486705765536,0.2027882165457228,0.6193237985778481,True,59,1581.0852,182.05055,1305.8726,1890.2153,690.496005078125,0.44472381097253705,0.7582541304430916,0.9120486705765535,0.20278821654572285,1.0,0.0,0.6426900255308862,0.514152020424709,Low,129,True
CAND_02457,Al26.07Cr43.81Fe10.73Mo19.39,4,26.07,0.0,43.81,0.0,10.73,0.0,19.39,0.0,0.0,0.0,0.0,0.0,100.0,True,946.161,1618.0089,55.888012,439.33743333333337,1.710077758045432,True,0.4910691,0.822619116736812,0.6559319076096668,0.5057692953313766,0.6339548386974939,False,208,1581.0852,182.05055,1305.8726,1890.2153,634.924205078125,0.491069104248388,0.822619116736812,0.6559319076096668,0.5057692953313766,1.0,0.0,0.6421979776657472,0.5137583821325977,Low,130,True
CAND_03533,Al34.95Co17.00Cr18.48Ni16.14Ti13.43,5,34.95,17.0,18.48,0.0,0.0,0.0,0.0,0.0,16.14,13.43,0.0,0.0,100.0,True,1167.9033,1497.9263,48.860077,500.6774666666668,1.282577310936315,True,0.6759959,0.728315501150235,0.530232715034129,0.6372156978434433,0.6494339526581024,False,177,1581.0852,182.05055,1305.8726,1890.2153,413.18190507812506,0.6759958463219169,0.728315501150235,0.530232715034129,0.6372156978434433,1.0,0.0,0.642145781112305,0.513716624889844,Low,131,True
CAND_01008,Al26.63Co27.65Cu11.42Ni34.30,4,26.63,27.65,0.0,11.42,0.0,0.0,0.0,0.0,34.3,0.0,0.0,0.0,100.0,True,710.60596,1466.0298,71.25704,444.33526666666666,2.063069955288215,True,0.29462296,0.703266449292953,0.93081697844069,0.5164792212365611,0.6095429558559424,True,62,1581.0852,182.05055,1305.8726,1890.2153,870.479245078125,0.29462293170395326,0.703266449292953,0.9308169784406901,0.5164792212365611,1.0,0.0,0.6413526444315654,0.5130821155452523,Low,132,True
CAND_00237,Al33.73Co13.64Cu9.13Mn25.88Mo8.02Ti9.60,6,33.73,13.64,0.0,9.13,0.0,25.88,8.02,0.0,0.0,9.6,0.0,0.0,100.0,True,902.38635,1563.8866,56.524376,491.66906666666665,1.733056573384184,True,0.4545623,0.7801156351844355,0.6673136920149206,0.6179114733746535,0.6299185264864929,False,222,1581.0852,182.05055,1305.8726,1890.2153,678.698855078125,0.4545622969774748,0.7801156351844355,0.6673136920149206,0.6179114733746535,1.0,0.0,0.6405560934103736,0.5124448747282989,Low,133,True
CAND_03227,Co22.84Cr28.88Cu6.89Mn14.12Nb15.77W11.50,6,0.0,22.84,28.88,6.89,0.0,14.12,0.0,15.77,0.0,0.0,0.0,11.5,100.0,True,772.6731,1508.9587,74.674736,312.108,1.9529070034810287,True,0.34638518,0.736979497504389,0.9919446962793784,0.2331275898005874,0.6079647190565312,True,63,1581.0852,182.05055,1305.8726,1890.2153,808.412105078125,0.34638515294014327,0.736979497504389,0.9919446962793785,0.23312758980058748,1.0,0.0,0.6402426848402542,0.5121941478722033,Low,134,True
CAND_04076,Al22.89Cr26.30Mn9.89Mo8.33Nb12.88V19.71,6,22.89,0.0,26.3,0.0,0.0,9.89,8.33,12.88,0.0,0.0,19.71,0.0,100.0,True,1394.9462,1345.5483,52.601704,396.2743333333333,0.964587976108999,False,0.86534315,0.6086495684018483,0.5971541496829742,0.4134887850607478,0.6535096896248181,True,37,1581.0852,182.05055,1305.8726,1890.2153,186.1390050781249,0.8653431373346198,0.6086495684018483,0.5971541496829742,0.4134887850607478,1.0,0.0,0.6401002175182139,0.5120801740145712,Low,135,True
CAND_01793,Al43.79Co12.41Cu14.14Fe19.21Nb10.45,5,43.79,12.41,0.0,14.14,19.21,0.0,0.0,10.45,0.0,0.0,0.0,0.0,100.0,True,1098.38,1542.0435,45.871536,555.6193333333332,1.4039253201486697,True,0.6180154,0.7629617485629003,0.476780713745146,0.7549513808579222,0.6467310386490884,False,182,1581.0852,182.05055,1305.8726,1890.2153,482.7052050781249,0.6180154007001274,0.7629617485629003,0.476780713745146,0.7549513808579222,1.0,0.0,0.6396692959961341,0.5117354367969073,Low,136,True
CAND_04672,Al23.16Co15.31Cr27.00Fe17.80Mo6.24V10.49,6,23.16,15.31,27.0,0.0,17.8,0.0,6.24,0.0,0.0,0.0,10.49,0.0,100.0,True,1301.5314,1363.0094,55.936855,386.7073333333333,1.047235148724764,True,0.78743786,0.6223621700786839,0.6568054964608678,0.3929875289561223,0.6460895262426087,True,41,1581.0852,182.05055,1305.8726,1890.2153,279.5538050781249,0.7874378633952303,0.6223621700786839,0.6568054964608678,0.3929875289561222,1.0,0.0,0.6395578951540913,0.511646316123273,Low,137,True
CAND_04163,Al24.79Cr40.46Cu21.31Nb13.44,4,24.79,0.0,40.46,21.31,0.0,0.0,0.0,13.44,0.0,0.0,0.0,0.0,100.0,True,1093.317,1654.888,49.473003,415.5873333333333,1.5136396624869242,True,0.613793,0.8515811184721083,0.5411952955515291,0.4548748788360834,0.6431423018594041,False,190,1581.0852,182.05055,1305.8726,1890.2153,487.768205078125,0.6137930033717047,0.8515811184721083,0.5411952955515291,0.4548748788360833,1.0,0.0,0.6395124068754299,0.5116099255003439,Low,138,True
CAND_00972,Co41.99Cr26.69Nb24.42Ti6.90,4,0.0,41.99,26.69,0.0,0.0,0.0,0.0,24.42,0.0,6.9,0.0,0.0,100.0,True,923.17175,1611.4048,63.876762,316.5566,1.7455092130865175,True,0.47189674,0.8174327657775946,0.7988159019391283,0.2426605560289806,0.6229019218875214,False,237,1581.0852,182.05055,1305.8726,1890.2153,657.913455078125,0.4718967266496444,0.8174327657775946,0.7988159019391283,0.24266055602898065,1.0,0.0,0.639247865381775,0.51139829230542,Low,139,True
CAND_04215,Al31.49Co24.11Cu10.84Fe16.96Nb7.96Ni8.64,6,31.49,24.11,0.0,10.84,16.96,0.0,0.0,7.96,8.64,0.0,0.0,0.0,100.0,True,977.2935,1503.9039,55.780495,494.6684666666668,1.5388456714370748,True,0.5170328,0.7330098473130455,0.6540088960724024,0.6243389289574082,0.6321658701080394,False,214,1581.0852,182.05055,1305.8726,1890.2153,603.791705078125,0.5170327196596295,0.7330098473130455,0.6540088960724024,0.6243389289574084,1.0,0.0,0.6390146422741529,0.5112117138193224,Low,140,True
CAND_04171,Al10.32Cr33.23Nb41.69Ti14.76,4,10.32,0.0,33.23,0.0,0.0,0.0,0.0,41.69,0.0,14.76,0.0,0.0,100.0,True,1106.4076,1527.888,58.632614,343.153,1.3809449699907024,True,0.6247102,0.7518451102619658,0.7050209010823161,0.2996543480077687,0.6341699771759292,False,207,1581.0852,182.05055,1305.8726,1890.2153,474.677605078125,0.6247101897172407,0.7518451102619658,0.7050209010823161,0.2996543480077687,1.0,0.0,0.6381855030337601,0.510548402427008,Low,141,True
CAND_00654,Al31.23Co22.48Cr26.51Cu19.78,4,31.23,22.48,26.51,19.78,0.0,0.0,0.0,0.0,0.0,0.0,0.0,0.0,100.0,True,846.64014,1631.3911,53.2021,526.0553333333332,1.926900260508132,True,0.40807158,0.8331284648397235,0.6078926229934961,0.6915982779544885,0.6280729176087391,False,224,1581.0852,182.05055,1305.8726,1890.2153,734.445065078125,0.4080715507452639,0.8331284648397235,0.6078926229934961,0.6915982779544885,1.0,0.0,0.6380639557294551,0.5104511645835641,Low,142,True
CAND_02712,Al32.79Cu6.27Mn6.88Ni18.69Ti10.30W25.07,6,32.79,0.0,0.0,6.27,0.0,6.88,0.0,0.0,18.69,10.3,0.0,25.07,100.0,True,1015.84656,1474.9929,56.744392,471.7985333333334,1.4519839526353324,True,0.54918486,0.7103053769716012,0.671248821402671,0.5753306337381775,0.6319588771030334,False,215,1581.0852,182.05055,1305.8726,1890.2153,565.238645078125,0.5491848700737151,0.7103053769716012,0.671248821402671,0.5753306337381775,1.0,0.0,0.638062072091437,0.5104496576731495,Low,143,True
CAND_02730,Al18.89Co16.90Cr30.02V5.62W28.57,5,18.89,16.9,30.02,0.0,0.0,0.0,0.0,0.0,0.0,0.0,5.62,28.57,100.0,True,1197.622,1334.1968,61.50688,376.876,1.114038367414918,True,0.7007804,0.5997349755105299,0.7564290196046588,0.3719198293097744,0.6350498424389567,True,50,1581.0852,182.05055,1305.8726,1890.2153,383.46320507812493,0.700780392931475,0.5997349755105299,0.7564290196046588,0.37191982930977446,1.0,0.0,0.6378322711638915,0.5102658169311133,Low,144,True
CAND_04279,Al29.72Co29.44Cu13.80Mn17.03Mo10.01,5,29.72,29.44,0.0,13.8,0.0,17.03,10.01,0.0,0.0,0.0,0.0,0.0,100.0,True,862.32025,1454.4468,60.939674,515.0883333333334,1.686666638675477,True,0.42114833,0.6941700541504483,0.7462841710504249,0.6680969425620533,0.6213811023642472,False,247,1581.0852,182.05055,1305.8726,1890.2153,718.764955078125,0.42114831443741724,0.6941700541504483,0.7462841710504249,0.6680969425620533,1.0,0.0,0.6376378875539243,0.5101103100431394,Low,145,True
CAND_00866,Al36.18Fe20.43Ni32.83Ti10.56,4,36.18,0.0,0.0,0.0,20.43,0.0,0.0,0.0,32.83,10.56,0.0,0.0,100.0,True,1117.2415,1545.6145,50.600273,455.1562,1.383420291983276,True,0.6337453,0.7657661366362736,0.5613572533406417,0.539667548356635,0.6411428893274549,False,194,1581.0852,182.05055,1305.8726,1890.2153,463.8437050781249,0.6337453527463534,0.7657661366362736,0.5613572533406417,0.5396675483566351,1.0,0.0,0.6375234874331581,0.5100187899465265,Low,146,True
CAND_02652,Al20.32Co28.17Cr7.09Mo10.62Ni16.58Ti17.22,6,20.32,28.17,7.09,0.0,0.0,0.0,10.62,0.0,16.58,17.22,0.0,0.0,100.0,True,1129.1346,1457.762,59.20432,368.0862,1.2910435512019574,True,0.6436639,0.6967735566261827,0.7152462350659956,0.3530840457926387,0.6339054035464826,False,209,1581.0852,182.05055,1305.8726,1890.2153,451.9506050781249,0.6436638583095892,0.6967735566261827,0.7152462350659956,0.35308404579263875,1.0,0.0,0.6374845089539465,0.5099876071631572,Low,147,True
CAND_01631,Al6.57Co41.42Cr32.61Nb5.82W13.58,5,6.57,41.42,32.61,0.0,0.0,0.0,0.0,5.82,0.0,0.0,0.0,13.58,100.0,True,883.1253,1522.6926,69.33899,310.8006,1.7242090007792457,True,0.43849918,0.7477650436709818,0.8965114055633783,0.2303259443285285,0.6145560168406906,True,60,1581.0852,182.05055,1305.8726,1890.2153,697.959905078125,0.4384991316481023,0.7477650436709818,0.8965114055633783,0.23032594432852851,1.0,0.0,0.637456609331613,0.5099652874652904,Low,148,True
CAND_03260,Al21.21Co12.97Cr37.42Ni17.65W10.75,5,21.21,12.97,37.42,0.0,0.0,0.0,0.0,0.0,17.65,0.0,0.0,10.75,100.0,True,878.13446,1692.4364,59.032085,357.0663333333333,1.927308944389014,True,0.43433696,0.8810687368239014,0.7121656999680973,0.3294694216918588,0.6220835473876848,False,240,1581.0852,182.05055,1305.8726,1890.2153,702.950745078125,0.43433691369775956,0.8810687368239014,0.7121656999680973,0.32946942169185883,1.0,0.0,0.6359749727158183,0.5087799781726546,Low,149,True
CAND_00231,Al17.68Co22.81Cr28.31Cu20.74W10.46,5,17.68,22.81,28.31,20.74,0.0,0.0,0.0,0.0,0.0,0.0,0.0,10.46,100.0,True,920.8244,1592.2046,61.784866,354.221,1.7291077395339378,True,0.46993914,0.8023544090465994,0.7614009801801768,0.3233721176916817,0.6205441341129182,False,251,1581.0852,182.05055,1305.8726,1890.2153,660.260805078125,0.46993910382347953,0.8023544090465994,0.7614009801801768,0.3233721176916817,1.0,0.0,0.635117210377655,0.508093768302124,Low,150,True
CAND_01815,Al24.40Co20.01Cr23.05Ni32.54,4,24.4,20.01,23.05,0.0,0.0,0.0,0.0,0.0,32.54,0.0,0.0,0.0,100.0,True,820.50287,1719.3817,58.216198,383.6812,2.0955218631033468,True,0.38627383,0.9022294979422064,0.6975730298405453,0.3865027861450623,0.6189196755933959,False,257,1581.0852,182.05055,1305.8726,1890.2153,760.582335078125,0.38627381441892394,0.9022294979422064,0.6975730298405453,0.3865027861450623,1.0,0.0,0.6344846298613158,0.5075877038890527,Low,151,True
CAND_00731,Al27.71Co16.33Cr34.20V21.76,4,27.71,16.33,34.2,0.0,0.0,0.0,0.0,0.0,0.0,0.0,21.76,0.0,100.0,True,1093.1393,1288.2065,60.325542,487.0054666666667,1.1784468099765977,True,0.6136448,0.5636177397751999,0.7353000204379334,0.6079177806842038,0.6281914396841484,True,53,1581.0852,182.05055,1305.8726,1890.2153,487.94590507812495,0.6136448066493542,0.5636177397751999,0.7353000204379334,0.6079177806842038,1.0,0.0,0.6342741968289092,0.5074193574631274,Low,152,True
CAND_02022,Al41.38Co10.40Cr5.85Cu21.25Fe10.16Mo10.96,6,41.38,10.4,5.85,21.25,10.16,0.0,10.96,0.0,0.0,0.0,0.0,0.0,100.0,True,930.81134,1495.2769,51.365692,589.889,1.606423165693939,True,0.47826797,0.7262348666608496,0.5750472704341372,0.8283883216913589,0.6293709161707803,False,223,1581.0852,182.05055,1305.8726,1890.2153,650.273865078125,0.47826792641386395,0.7262348666608496,0.5750472704341372,0.8283883216913589,1.0,0.0,0.6342098709856658,0.5073678967885327,Low,153,True
CAND_04388,Al42.30Cr17.43Fe17.90Mo13.68Ti8.69,5,42.3,0.0,17.43,0.0,17.9,0.0,13.68,0.0,0.0,8.69,0.0,0.0,100.0,True,1135.9569,1483.8636,44.05592,585.7433333333332,1.306267507164112,True,0.6493535,0.7172717408143547,0.4443072396411273,0.8195045154764801,0.6439900637105649,False,188,1581.0852,182.05055,1305.8726,1890.2153,445.1283050781251,0.6493534615672815,0.7172717408143547,0.4443072396411273,0.8195045154764801,1.0,0.0,0.633737736849937,0.5069901894799496,Low,154,True
CAND_04411,Al43.46Co25.13Cr8.12Fe23.29,4,43.46,25.13,8.12,0.0,23.29,0.0,0.0,0.0,0.0,0.0,0.0,0.0,100.0,True,835.4331,1490.5067,55.803032,577.8008,1.7841125641815416,True,0.3987252,0.7224887193666445,0.6544119849887163,0.8024843513721432,0.6203398312293253,False,253,1581.0852,182.05055,1305.8726,1890.2153,745.652105078125,0.39872519961835795,0.7224887193666445,0.6544119849887163,0.8024843513721432,1.0,0.0,0.6331241639170193,0.5064993311336154,Low,155,True
CAND_00443,Al17.67Co22.25Cr25.09Cu23.52Mo11.47,5,17.67,22.25,25.09,23.52,0.0,0.0,11.47,0.0,0.0,0.0,0.0,0.0,100.0,True,1095.0195,1587.239,54.792797,352.517,1.4495074788192277,True,0.61521286,0.7984548096578727,0.6363432743629708,0.3197205926156619,0.6311442106776569,False,218,1581.0852,182.05055,1305.8726,1890.2153,486.0657050781249,0.6152128397239939,0.7984548096578727,0.6363432743629708,0.3197205926156619,1.0,0.0,0.6322007240296008,0.5057605792236807,Low,156,True
CAND_04453,Al31.48Cr6.36Mn5.52Ni26.13Ti18.36W12.15,6,31.48,0.0,6.36,0.0,0.0,5.52,0.0,0.0,26.13,18.36,0.0,12.15,100.0,True,1085.8066,1438.9535,55.375214,456.50523333333336,1.325239178102397,True,0.6075296,0.6820028108748406,0.6467601815543815,0.5425584104722767,0.6299335243998219,False,221,1581.0852,182.05055,1305.8726,1890.2153,495.2786050781251,0.6075295443759738,0.6820028108748406,0.6467601815543815,0.5425584104722767,1.0,0.0,0.6318950453936015,0.5055160363148813,Low,157,True
CAND_03051,Al24.90Co42.78Cu24.15Ti8.17,4,24.9,42.78,0.0,24.15,0.0,0.0,0.0,0.0,0.0,8.17,0.0,0.0,100.0,True,981.96686,1530.2452,56.888588,430.6951333333333,1.5583470945818905,True,0.52093023,0.7536962734001781,0.6738278607325201,0.4872495915963491,0.623932358108125,False,232,1581.0852,182.05055,1305.8726,1890.2153,599.118345078125,0.5209301683617343,0.7536962734001781,0.6738278607325201,0.4872495915963491,1.0,0.0,0.6315772210696954,0.5052617768557564,Low,158,True
CAND_03512,Al30.61Co8.51Fe10.35Nb34.76Ni5.09W10.68,6,30.61,8.51,0.0,0.0,10.35,0.0,0.0,34.76,5.09,0.0,0.0,10.68,100.0,True,1053.4646,1509.9993,50.27704,508.4053333333333,1.43336501346121,True,0.5805572,0.7377967045133927,0.5555760207148748,0.6537758497903159,0.6324665651219276,False,213,1581.0852,182.05055,1305.8726,1890.2153,527.620605078125,0.5805572405253235,0.7377967045133927,0.5555760207148748,0.6537758497903159,1.0,0.0,0.6312175051683585,0.5049740041346868,Low,159,True
CAND_03639,Al32.75Fe10.14Mn16.22Nb30.36Ti10.53,5,32.75,0.0,0.0,0.0,10.14,16.22,0.0,30.36,0.0,10.53,0.0,0.0,100.0,True,1174.2192,1523.8143,43.641518,529.8697333333334,1.297725544192638,True,0.68126315,0.7486459403671182,0.436895390100446,0.6997722082655042,0.6431624084906961,True,44,1581.0852,182.05055,1305.8726,1890.2153,406.866005078125,0.6812631264496247,0.7486459403671182,0.436895390100446,0.6997722082655042,1.0,0.0,0.6309440119925009,0.5047552095940008,Low,160,True
CAND_00850,Al44.34Cu16.45Ni27.86Ti11.35,4,44.34,0.0,0.0,16.45,0.0,0.0,0.0,0.0,27.86,11.35,0.0,0.0,100.0,True,1076.5334,1430.5306,50.896904,540.4718666666666,1.32883061240087,True,0.599796,0.67538811462639,0.5666626918788288,0.7224916658511688,0.6325946653188338,False,212,1581.0852,182.05055,1305.8726,1890.2153,504.55180507812497,0.5997959605509832,0.67538811462639,0.5666626918788288,0.7224916658511688,1.0,0.0,0.6309379819669868,0.5047503855735894,Low,161,True
CAND_04678,Al30.83Cr14.99Cu22.92Ni19.26Ti12.00,5,30.83,0.0,14.99,22.92,0.0,0.0,0.0,0.0,19.26,12.0,0.0,0.0,100.0,True,1183.7305,1410.8073,53.780533,435.0466666666667,1.1918315336512284,True,0.6891953,0.659898955486775,0.6182382737513709,0.4965745523274543,0.6337740264854683,False,210,1581.0852,182.05055,1305.8726,1890.2153,397.3547050781251,0.6891952788710793,0.659898955486775,0.6182382737513709,0.4965745523274543,1.0,0.0,0.6302261713383317,0.5041809370706654,Low,162,True
CAND_04656,Al30.67Co19.23Mn17.54Mo8.22Ni16.01Ti8.33,6,30.67,19.23,0.0,0.0,0.0,17.54,8.22,0.0,16.01,8.33,0.0,0.0,100.0,True,898.2845,1587.5844,53.961617,486.0662666666666,1.7673514646550197,True,0.4511415,0.7987260601872883,0.6214770789748609,0.6059051560648385,0.6212153250606026,False,248,1581.0852,182.05055,1305.8726,1890.2153,682.800705078125,0.4511414712848834,0.7987260601872883,0.6214770789748609,0.6059051560648385,1.0,0.0,0.6297320829795914,0.5037856663836732,Low,163,True
CAND_03980,Al29.64Cr23.54Ti5.41V24.17W17.24,5,29.64,0.0,23.54,0.0,0.0,0.0,0.0,0.0,0.0,5.41,24.17,17.24,100.0,True,1226.9988,1387.8925,49.728493,489.54673333333335,1.1311278571893315,True,0.7252798,0.641903438314068,0.5457649005224238,0.6133634960352522,0.6386007353643732,True,48,1581.0852,182.05055,1305.8726,1890.2153,354.0864050781249,0.7252798047105792,0.641903438314068,0.5457649005224238,0.6133634960352522,1.0,0.0,0.6296249772338802,0.5036999817871042,Low,164,True
CAND_04166,Al18.71Cr21.95Nb33.19Ti26.15,4,18.71,0.0,21.95,0.0,0.0,0.0,0.0,33.19,0.0,26.15,0.0,0.0,100.0,True,1200.0415,1620.7552,48.11817,361.799,1.3505826212879193,True,0.7027982,0.8247758490151387,0.5169632253666607,0.3396111182938404,0.6384546940507886,False,200,1581.0852,182.05055,1305.8726,1890.2153,381.04370507812496,0.7027981867960056,0.8247758490151387,0.5169632253666607,0.33961111829384044,1.0,0.0,0.6291629367576173,0.5033303494060938,Low,165,True
CAND_04852,Al17.53Co11.04Cu8.74Mo7.71Nb39.08Ti15.90,6,17.53,11.04,0.0,8.74,0.0,0.0,7.71,39.08,0.0,15.9,0.0,0.0,100.0,True,1215.2545,1417.583,56.188263,365.815,1.1664906245024669,True,0.7154854,0.665220067855511,0.6613020922044298,0.3482170600223004,0.6317697265718725,False,216,1581.0852,182.05055,1305.8726,1890.2153,365.830705078125,0.7154853940954906,0.665220067855511,0.6613020922044298,0.34821706002230046,1.0,0.0,0.6290605555452,0.50324844443616,Low,166,True
CAND_04489,Al19.20Cr21.85Fe12.21Nb23.68Ni15.92V7.14,6,19.2,0.0,21.85,0.0,12.21,0.0,0.0,23.68,15.92,0.0,7.14,0.0,100.0,True,1456.29,1320.6746,52.95788,333.533,0.9068760786485888,False,0.9165022,0.5891156822017175,0.603524589309235,0.2790395174729617,0.6444224329233587,True,42,1581.0852,182.05055,1305.8726,1890.2153,124.79520507812504,0.9165021136797291,0.5891156822017175,0.603524589309235,0.2790395174729617,1.0,0.0,0.6287735374941623,0.5030188299953299,Low,167,True
CAND_00391,Al15.57Co17.29Cr13.52Ni32.48Ti21.14,5,15.57,17.29,13.52,0.0,0.0,0.0,0.0,0.0,32.48,21.14,0.0,0.0,100.0,True,1121.0066,1535.2294,56.65493,331.9602,1.3695096989029851,True,0.63688534,0.7576104797948315,0.6696487352939929,0.275669142684485,0.6271113086197291,False,225,1581.0852,182.05055,1305.8726,1890.2153,460.07860507812507,0.6368853385613332,0.7576104797948315,0.6696487352939929,0.27566914268448506,1.0,0.0,0.6287494705696534,0.5029995764557227,Low,168,True
CAND_03972,Al24.13Cr23.07Nb40.09Ti6.66V6.05,5,24.13,0.0,23.07,0.0,0.0,0.0,0.0,40.09,0.0,6.66,6.05,0.0,100.0,True,1234.6438,1440.3177,51.320038,416.6153333333333,1.166585618756675,True,0.73165554,0.6830741483740553,0.5742307189239363,0.4570777941988465,0.636538260758129,True,49,1581.0852,182.05055,1305.8726,1890.2153,346.44140507812494,0.7316555162602119,0.6830741483740553,0.5742307189239363,0.45707779419884653,1.0,0.0,0.6286670083842775,0.502933606707422,Low,169,True
CAND_03633,Al43.70Co14.56Cu30.14Nb11.60,4,43.7,14.56,0.0,30.14,0.0,0.0,0.0,11.6,0.0,0.0,0.0,0.0,100.0,True,876.40607,1519.6853,49.46724,621.0386,1.7339967823190372,True,0.43289554,0.7454033421159396,0.5410922205448859,0.8951392286796149,0.6230336133709726,False,236,1581.0852,182.05055,1305.8726,1890.2153,704.679135078125,0.43289548582525866,0.7454033421159396,0.5410922205448859,0.8951392286796149,1.0,0.0,0.6284434245565045,0.5027547396452036,Low,170,True
CAND_03522,Al30.27Co31.54Fe12.08Nb9.64W16.47,5,30.27,31.54,0.0,0.0,12.08,0.0,0.0,9.64,0.0,0.0,0.0,16.47,100.0,True,946.6822,1572.7203,50.68959,512.5741333333334,1.6612970189048784,True,0.4915038,0.7870529420799153,0.5629547460299266,0.6627092287439026,0.6237121008801372,False,233,1581.0852,182.05055,1305.8726,1890.2153,634.403005078125,0.4915037701554734,0.7870529420799153,0.5629547460299266,0.6627092287439026,1.0,0.0,0.6272846332834063,0.501827706626725,Low,171,True
CAND_02697,Al44.15Co12.25Cu12.40Mn11.61Mo8.75W10.84,6,44.15,12.25,0.0,12.4,0.0,11.61,8.75,0.0,0.0,0.0,0.0,10.84,100.0,True,833.40814,1479.2227,52.43644,625.297,1.7749079056159924,True,0.39703646,0.7136271357710285,0.5941982954581123,0.9042646127076216,0.6173883483888817,False,264,1581.0852,182.05055,1305.8726,1890.2153,747.677065078125,0.3970364408401311,0.7136271357710285,0.5941982954581123,0.9042646127076215,1.0,0.0,0.6272464314849182,0.5017971451879346,Low,172,True
CAND_00322,Al5.82Co31.87Cr31.76Mo13.48W17.07,5,5.82,31.87,31.76,0.0,0.0,0.0,13.48,0.0,0.0,0.0,0.0,17.07,100.0,True,797.5601,1510.0226,71.20815,312.0046,1.8933025396287275,True,0.36714023,0.7378150025369463,0.9299425489638924,0.2329060125160449,0.5989081144048201,True,68,1581.0852,182.05055,1305.8726,1890.2153,783.525105078125,0.3671401998120479,0.7378150025369463,0.9299425489638924,0.2329060125160449,1.0,0.0,0.6270482172806703,0.5016385738245362,Low,173,True
CAND_01922,Al18.91Cu8.45Mo8.02Ni18.23Ti17.95W28.44,6,18.91,0.0,0.0,8.45,0.0,0.0,8.02,0.0,18.23,17.95,0.0,28.44,100.0,True,1128.9224,1451.3527,59.73941,331.10873333333336,1.2856089552355006,True,0.64348686,0.6917401865677475,0.7248166680531026,0.273844523033823,0.6228489646234115,False,238,1581.0852,182.05055,1305.8726,1890.2153,452.1628050781251,0.6434868895730511,0.6917401865677475,0.7248166680531026,0.273844523033823,1.0,0.0,0.6269154572345913,0.501532365787673,Low,174,True
CAND_03575,Al39.34Cr5.08Mo10.60Nb21.70Ti23.28,5,39.34,0.0,5.08,0.0,0.0,0.0,10.6,21.7,0.0,23.28,0.0,0.0,100.0,True,970.8043,1476.4801,50.16713,573.991,1.520883320790627,True,0.51162094,0.7114733091874289,0.5536102088147964,0.7943202784645021,0.6244788683629802,False,229,1581.0852,182.05055,1305.8726,1890.2153,610.280905078125,0.5116209122838444,0.7114733091874289,0.5536102088147964,0.7943202784645021,1.0,0.0,0.626578325241304,0.5012626601930432,Low,175,True
CAND_04521,Al29.05Fe11.64Nb30.34Ti9.81W19.16,5,29.05,0.0,0.0,0.0,11.64,0.0,0.0,30.34,0.0,9.81,0.0,19.16,100.0,True,1196.6796,1528.4584,44.508965,483.6743333333333,1.2772495195496898,True,0.69999444,0.7522930584437223,0.4524102443929334,0.6007794491711567,0.6389057354216201,False,199,1581.0852,182.05055,1305.8726,1890.2153,384.40560507812506,0.6999944582598759,0.7522930584437223,0.4524102443929334,0.6007794491711567,1.0,0.0,0.6265265227916392,0.5012212182333114,Low,176,True
CAND_02829,Al13.02Cr29.51Mn23.57Mo18.94Nb14.96,5,13.02,0.0,29.51,0.0,0.0,23.57,18.94,14.96,0.0,0.0,0.0,0.0,100.0,True,960.47577,1628.7401,58.875465,323.38,1.6957638625520963,True,0.5030073,0.831046573833699,0.7093644493103748,0.2572825138950099,0.6161496583269007,False,266,1581.0852,182.05055,1305.8726,1890.2153,620.609435078125,0.5030072133941481,0.831046573833699,0.7093644493103748,0.25728251389500995,1.0,0.0,0.6264674873760107,0.5011739899008085,Low,177,True
CAND_03850,Al28.64Co10.08Cr8.43Fe13.90Nb38.95,5,28.64,10.08,8.43,0.0,13.9,0.0,0.0,38.95,0.0,0.0,0.0,0.0,100.0,True,1093.829,1530.2056,49.448624,466.3965333333333,1.3989441024961702,True,0.61421996,0.7536651746133661,0.5407592612660956,0.5637546135147855,0.6301185607138509,False,220,1581.0852,182.05055,1305.8726,1890.2153,487.25620507812505,0.6142199967416735,0.7536651746133661,0.5407592612660956,0.5637546135147855,1.0,0.0,0.6264455219764747,0.5011564175811798,Low,178,True
CAND_02674,Al23.09Cr41.03Nb9.51Ni8.97V17.40,5,23.09,0.0,41.03,0.0,0.0,0.0,0.0,9.51,8.97,0.0,17.4,0.0,100.0,True,1387.1995,1308.7871,52.327927,388.7453333333333,0.943474341658675,False,0.8588826,0.5797801562363784,0.5922574698124642,0.3973547872336624,0.6392664320993254,False,198,1581.0852,182.05055,1305.8726,1890.2153,193.88570507812506,0.8588826108909912,0.5797801562363784,0.5922574698124642,0.3973547872336624,1.0,0.0,0.6259351586224499,0.5007481268979599,Low,179,True
CAND_01364,Al8.60Cr33.58Mo9.88Nb19.48Ti28.46,5,8.6,0.0,33.58,0.0,0.0,0.0,9.88,19.48,0.0,28.46,0.0,0.0,100.0,True,1102.6558,1519.1058,58.60255,314.065,1.3776791023447916,True,0.62158126,0.7449482474957997,0.7044831868710164,0.2373212720621901,0.6216778446531723,False,244,1581.0852,182.05055,1305.8726,1890.2153,478.429405078125,0.6215812957222228,0.7449482474957997,0.7044831868710164,0.2373212720621901,1.0,0.0,0.625822945049929,0.5006583560399432,Low,180,True
CAND_00740,Al33.78Cr21.56Nb17.40Ti10.67V16.59,5,33.78,0.0,21.56,0.0,0.0,0.0,0.0,17.4,0.0,10.67,16.59,0.0,100.0,True,1255.3391,1372.4258,46.316868,526.7241333333333,1.09327096369044,True,0.74891484,0.6297570846275814,0.4847457664708826,0.6930314586885508,0.6387427490813724,True,47,1581.0852,182.05055,1305.8726,1890.2153,325.7461050781251,0.748914805106924,0.6297570846275814,0.4847457664708826,0.6930314586885508,1.0,0.0,0.6255342754095528,0.5004274203276422,Low,181,True
CAND_03871,Al31.22Co38.25Cu18.61Mn11.92,4,31.22,38.25,0.0,18.61,0.0,11.92,0.0,0.0,0.0,0.0,0.0,0.0,100.0,True,805.3515,1500.6179,57.71515,533.8766666666667,1.8633080055982325,True,0.37363803,0.7304292762659705,0.6886114601843678,0.7083587209090525,0.6096268706926541,False,291,1581.0852,182.05055,1305.8726,1890.2153,775.733705078125,0.37363800477840603,0.7304292762659705,0.6886114601843678,0.7083587209090525,1.0,0.0,0.6253755302660609,0.5003004242128487,Low,182,True
CAND_03166,Al21.49Co5.81Cr29.31Mn17.95Ni9.86W15.58,6,21.49,5.81,29.31,0.0,0.0,17.95,0.0,0.0,9.86,0.0,0.0,15.58,100.0,True,815.57886,1685.3121,59.926693,353.8173333333333,2.066399937496464,True,0.38216734,0.8754738608924721,0.7281663464270668,0.3225070948303631,0.6077100138767804,False,301,1581.0852,182.05055,1305.8726,1890.2153,765.506345078125,0.3821673307789622,0.8754738608924721,0.7281663464270668,0.32250709483036316,1.0,0.0,0.6250099591151567,0.5000079672921254,Low,183,True
CAND_02353,Al30.11Cu10.47Mn11.88Ni30.56Ti16.98,5,30.11,0.0,0.0,10.47,0.0,11.88,0.0,0.0,30.56,16.98,0.0,0.0,100.0,True,1085.392,1412.4293,55.846817,445.0335666666667,1.3013080453298762,True,0.60718375,0.6611727492294274,0.6551951082172208,0.5179756179270452,0.6220020768058914,False,241,1581.0852,182.05055,1305.8726,1890.2153,495.69320507812495,0.6071837798228703,0.6611727492294274,0.6551951082172208,0.5179756179270452,1.0,0.0,0.6244026448787688,0.4995221159030151,Low,184,True
CAND_00174,Al44.47Co7.03Mn24.39Nb17.56W6.55,5,44.47,7.03,0.0,0.0,0.0,24.39,0.0,17.56,0.0,0.0,0.0,6.55,100.0,True,782.189,1563.0487,51.35154,605.2353333333333,1.9983004725023867,True,0.35432118,0.7794576131271184,0.5747941527013567,0.8612741908179,0.613023311228866,False,277,1581.0852,182.05055,1305.8726,1890.2153,798.896205078125,0.3543211416301564,0.7794576131271184,0.5747941527013567,0.8612741908179,1.0,0.0,0.6240469437787666,0.49923755502301326,Low,185,True
CAND_02206,Al27.29Co15.78Cr16.90Nb30.44W9.59,5,27.29,15.78,16.9,0.0,0.0,0.0,0.0,30.44,0.0,0.0,0.0,9.59,100.0,True,1050.8616,1565.5071,48.219006,480.3048,1.4897367467960745,True,0.57838637,0.7813882509427389,0.5187667428696751,0.5935588297690724,0.6266579013362679,False,227,1581.0852,182.05055,1305.8726,1890.2153,530.223605078125,0.5783864129041731,0.7813882509427389,0.5187667428696751,0.5935588297690724,1.0,0.0,0.6236769258351283,0.4989415406681027,Low,186,True
CAND_03088,Co22.25Cr38.06Cu8.56Nb31.13,4,0.0,22.25,38.06,8.56,0.0,0.0,0.0,31.13,0.0,0.0,0.0,0.0,100.0,True,765.9711,1485.8727,72.56583,316.658,1.939854703505773,True,0.34079593,0.7188495330513233,0.9542255395971234,0.2428778474859692,0.5928817036877755,True,78,1581.0852,182.05055,1305.8726,1890.2153,815.114105078125,0.3407958764449649,0.7188495330513233,0.9542255395971234,0.2428778474859692,1.0,0.0,0.6235531680286706,0.49884253442293647,Low,187,True
CAND_00718,Al43.14Co20.15Cu19.57Fe11.63Ni5.51,5,43.14,20.15,0.0,19.57,11.63,0.0,0.0,0.0,5.51,0.0,0.0,0.0,100.0,True,788.1526,1535.8187,50.357193,635.9166,1.9486311706599784,True,0.35929462,0.7580732705793846,0.5570096092985067,0.9270214998539248,0.6135159998878352,False,275,1581.0852,182.05055,1305.8726,1890.2153,792.932605078125,0.3592946136245828,0.7580732705793846,0.5570096092985067,0.9270214998539247,1.0,0.0,0.6234017423476017,0.4987213938780814,Low,188,True
CAND_00553,Al20.68Cr28.18Mn16.36Ti34.78,4,20.68,0.0,28.18,0.0,0.0,16.36,0.0,0.0,0.0,34.78,0.0,0.0,100.0,True,1099.4829,1473.9032,56.987793,368.213,1.340542164307529,True,0.6189352,0.7094496106082422,0.6756022067387731,0.3533557672595632,0.6204193681743316,False,252,1581.0852,182.05055,1305.8726,1890.2153,481.602305078125,0.6189351877855543,0.7094496106082422,0.6756022067387731,0.35335576725956325,1.0,0.0,0.6232527072394276,0.4986021657915421,Low,189,True
CAND_00914,Al13.62Co9.76Cr36.35Mo23.13Ti17.14,5,13.62,9.76,36.35,0.0,0.0,0.0,23.13,0.0,0.0,17.14,0.0,0.0,100.0,True,1081.3265,1390.7191,61.77823,359.079,1.286123156157547,True,0.6037933,0.6441232320212082,0.7612822910002212,0.3337823928203816,0.6147629101124066,False,271,1581.0852,182.05055,1305.8726,1890.2153,499.7587050781251,0.6037932689916037,0.6441232320212082,0.7612822910002212,0.3337823928203816,1.0,0.0,0.622637333077387,0.49810986646190963,Low,190,True
CAND_03566,Al14.04Co8.93Cr27.18Mn43.73Nb6.12,5,14.04,8.93,27.18,0.0,0.0,43.73,0.0,6.12,0.0,0.0,0.0,0.0,100.0,True,919.5994,1729.3304,55.023018,328.21,1.8805257491462808,True,0.46891755,0.9100424398703976,0.6404609268190525,0.2676327874379535,0.6139481582994435,False,273,1581.0852,182.05055,1305.8726,1890.2153,661.485805078125,0.46891748882697204,0.9100424398703977,0.6404609268190525,0.26763278743795355,1.0,0.0,0.622525300329271,0.49802024026341685,Low,191,True
CAND_03791,Al44.88Co19.31Cu27.15Ni8.66,4,44.88,19.31,0.0,27.15,0.0,0.0,0.0,0.0,8.66,0.0,0.0,0.0,100.0,True,763.73303,1472.7604,54.21286,630.8826,1.928370697423368,True,0.3389294,0.7085521435989307,0.62597072358601,0.9162340719004716,0.6081722606761122,False,300,1581.0852,182.05055,1305.8726,1890.2153,817.352175078125,0.33892939001620276,0.7085521435989307,0.62597072358601,0.9162340719004716,1.0,0.0,0.6225243184446037,0.49801945475568293,Low,192,True
CAND_03366,Al24.06Co9.19Cr21.43Fe7.19W38.13,5,24.06,9.19,21.43,0.0,7.19,0.0,0.0,0.0,0.0,0.0,0.0,38.13,100.0,True,907.7528,1730.1254,50.037045,418.4280333333333,1.9059433201220333,True,0.45903778,0.9106667715753348,0.5512835539060374,0.460962254002427,0.6178766041989183,False,263,1581.0852,182.05055,1305.8726,1890.2153,673.332405078125,0.45903776293503223,0.9106667715753348,0.5512835539060374,0.460962254002427,1.0,0.0,0.6224888764785337,0.49799110118282697,Low,193,True
CAND_00856,Al11.24Cr23.72Nb37.53Ni27.51,4,11.24,0.0,23.72,0.0,0.0,0.0,0.0,37.53,27.51,0.0,0.0,0.0,100.0,True,955.51276,1595.8857,60.278408,314.7552,1.6701877493505162,True,0.49886826,0.805245261171185,0.7344569981642705,0.2388003111510803,0.6106683575677478,False,287,1581.0852,182.05055,1305.8726,1890.2153,625.572445078125,0.4988682048685834,0.805245261171185,0.7344569981642705,0.2388003111510803,1.0,0.0,0.6224477756904445,0.4979582205523556,Low,194,True
CAND_00074,Al23.44Cr19.87Cu7.85Nb30.48W18.36,5,23.44,0.0,19.87,7.85,0.0,0.0,0.0,30.48,0.0,0.0,0.0,18.36,100.0,True,1077.6547,1585.5919,50.63064,403.86103333333335,1.4713358131440266,True,0.6007311,0.7971613043104481,0.5619003869041908,0.4297464290127667,0.6243047748141055,False,231,1581.0852,182.05055,1305.8726,1890.2153,503.43050507812495,0.6007310927106435,0.7971613043104481,0.5619003869041908,0.4297464290127667,1.0,0.0,0.6223632448939674,0.497890595915174,Low,195,True
CAND_04263,Al27.32Co28.42Nb7.83Ni29.18W7.25,5,27.32,28.42,0.0,0.0,0.0,0.0,0.0,7.83,29.18,0.0,0.0,7.25,100.0,True,811.9239,1446.6874,63.70347,458.7796,1.7818017419051866,True,0.37911922,0.6880764196456784,0.7957164617081358,0.547432182136242,0.6012026413104891,True,66,1581.0852,182.05055,1305.8726,1890.2153,769.161305078125,0.37911919857681103,0.6880764196456784,0.7957164617081358,0.5474321821362421,1.0,0.0,0.6220324913707833,0.4976259930966267,Low,196,True
CAND_00121,Al13.99Co14.72Cr25.25Mo19.22Nb26.82,5,13.99,14.72,25.25,0.0,0.0,0.0,19.22,26.82,0.0,0.0,0.0,0.0,100.0,True,960.42755,1553.2407,58.50237,371.093,1.617238799477238,True,0.50296706,0.7717551661308579,0.7026914023550502,0.3595273589373433,0.6120186310930004,False,281,1581.0852,182.05055,1305.8726,1890.2153,620.657655078125,0.502966999292,0.7717551661308579,0.7026914023550502,0.3595273589373433,1.0,0.0,0.6220048242093739,0.4976038593674991,Low,197,True
CAND_01484,Al31.22Co12.68Cr10.58Mn5.76Nb30.59Ni9.17,6,31.22,12.68,10.58,0.0,0.0,5.76,0.0,30.59,9.17,0.0,0.0,0.0,100.0,True,989.73724,1502.4594,51.448387,506.7273333333333,1.5180386609031715,True,0.5274105,0.7318754483850176,0.5765263243425802,0.6501800404724981,0.6194443738326696,False,256,1581.0852,182.05055,1305.8726,1890.2153,591.347965078125,0.5274104432487241,0.7318754483850176,0.5765263243425802,0.6501800404724981,1.0,0.0,0.621900148701335,0.49752011896106807,Low,198,True
CAND_00936,Al34.37Cr21.99Fe16.65Mn6.33V20.66,5,34.37,0.0,21.99,0.0,16.65,6.33,0.0,0.0,0.0,0.0,20.66,0.0,100.0,True,1249.2396,1375.1302,47.158607,502.9301333333333,1.1007737615391238,True,0.74382806,0.631880911876428,0.4998008164477735,0.6420429682784473,0.6339693433697104,True,51,1581.0852,182.05055,1305.8726,1890.2153,331.8456050781249,0.7438279963957423,0.631880911876428,0.4998008164477735,0.6420429682784471,1.0,0.0,0.6217679628379631,0.4974143702703705,Low,199,True
CAND_03678,Al43.29Ni6.76Ti27.82W22.13,4,43.29,0.0,0.0,0.0,0.0,0.0,0.0,0.0,6.76,27.82,0.0,22.13,100.0,True,954.20514,1476.86,47.24704,616.808,1.547738467746944,True,0.49777773,0.7117716533568701,0.501382498221585,0.8860734176546093,0.6211214612193003,False,249,1581.0852,182.05055,1305.8726,1890.2153,626.880065078125,0.4977776871528828,0.7117716533568701,0.501382498221585,0.8860734176546093,1.0,0.0,0.6213016799099487,0.49704134392795896,Low,200,True
CAND_03576,Al30.27Co24.90Fe9.45Nb5.74Ti29.64,5,30.27,24.9,0.0,0.0,9.45,0.0,0.0,5.74,0.0,29.64,0.0,0.0,100.0,True,968.49255,1516.3312,50.976376,515.9403333333333,1.565661185715811,True,0.50969297,0.7427692905794228,0.568084100334138,0.6699227051000632,0.6182481110840087,False,260,1581.0852,182.05055,1305.8726,1890.2153,612.592655078125,0.5096929788404353,0.7427692905794228,0.568084100334138,0.6699227051000632,1.0,0.0,0.6211676677491866,0.49693413419934934,Low,201,True
CAND_01283,Cr31.91Fe6.53Mn17.13Nb30.72Ti13.71,5,0.0,0.0,31.91,0.0,6.53,17.13,0.0,30.72,0.0,13.71,0.0,0.0,100.0,True,1141.3014,1516.4318,56.388912,313.283,1.3286865425372218,True,0.6538106,0.7428482940630916,0.6648908301894978,0.2356455134885706,0.620567217822661,False,250,1581.0852,182.05055,1305.8726,1890.2153,439.78380507812494,0.6538106218520445,0.7428482940630916,0.6648908301894978,0.23564551348857068,1.0,0.0,0.6211212197620736,0.49689697580965886,Low,202,True
CAND_03878,Al29.05Co44.43Fe7.76W18.76,4,29.05,44.43,0.0,0.0,7.76,0.0,0.0,0.0,0.0,0.0,0.0,18.76,100.0,True,838.9322,1528.125,56.27668,501.1485333333333,1.8215119390122927,True,0.40164337,0.7520312317890981,0.6628834878078258,0.6382251530933317,0.6075570315897363,False,302,1581.0852,182.05055,1305.8726,1890.2153,742.153005078125,0.4016433490340963,0.7520312317890981,0.6628834878078258,0.6382251530933317,1.0,0.0,0.620619026101601,0.49649522088128084,Low,203,True
CAND_04621,Al42.60Cu15.06Ni30.57Ti11.77,4,42.6,0.0,0.0,15.06,0.0,0.0,0.0,0.0,30.57,11.77,0.0,0.0,100.0,True,1091.5356,1393.8955,49.865494,541.6788666666667,1.277004106080838,True,0.6123074,0.6466177316785209,0.5482152525934149,0.7250781627800164,0.6234930888432426,False,234,1581.0852,182.05055,1305.8726,1890.2153,489.54960507812507,0.6123073666739263,0.6466177316785209,0.5482152525934149,0.7250781627800164,1.0,0.0,0.6202884613670647,0.4962307690936518,Low,204,True
CAND_03409,Al41.07Co5.79Mn31.97Nb21.17,4,41.07,5.79,0.0,0.0,0.0,31.97,0.0,21.17,0.0,0.0,0.0,0.0,100.0,True,816.2406,1536.5753,51.9386,579.8933333333332,1.8825029028168545,True,0.38271922,0.7586674458849892,0.585294102970304,0.8069684698809894,0.6097848015699636,False,289,1581.0852,182.05055,1305.8726,1890.2153,764.844605078125,0.38271920303021845,0.7586674458849892,0.585294102970304,0.8069684698809894,1.0,0.0,0.619913535896291,0.49593082871703276,Low,205,True
CAND_04798,Al33.47Co12.51Nb39.48Ti14.54,4,33.47,12.51,0.0,0.0,0.0,0.0,0.0,39.48,0.0,14.54,0.0,0.0,100.0,True,1107.0742,1342.7659,51.49901,539.4567333333334,1.2128960075649853,True,0.62526613,0.6064644859668571,0.57743174965254,0.72031632264567,0.6219245869228804,False,242,1581.0852,182.05055,1305.8726,1890.2153,474.011005078125,0.6252661150696259,0.6064644859668571,0.57743174965254,0.72031632264567,1.0,0.0,0.6195328478500761,0.4956262782800609,Low,206,True
CAND_02864,Al40.75Cr16.11Mo11.84Ti23.74W7.56,5,40.75,0.0,16.11,0.0,0.0,0.0,11.84,0.0,0.0,23.74,0.0,7.56,100.0,True,993.76074,1496.2334,45.614285,598.044,1.505627397502582,True,0.53076595,0.7269860280140228,0.4721796121428618,0.8458637835428506,0.6222500641752836,False,239,1581.0852,182.05055,1305.8726,1890.2153,587.324465078125,0.5307659272801103,0.7269860280140228,0.47217961214286186,0.8458637835428506,1.0,0.0,0.6193207413985206,0.49545659311881646,Low,207,True
CAND_04841,Co43.97Cr30.51Mn8.57W16.95,4,0.0,43.97,30.51,0.0,0.0,8.57,0.0,0.0,0.0,0.0,0.0,16.95,100.0,True,735.71533,1564.1984,69.82617,311.2206,2.1260918889394023,True,0.31556344,0.7803604988644348,0.905224937011656,0.2312259681148714,0.5897673156966863,True,83,1581.0852,182.05055,1305.8726,1890.2153,845.369875078125,0.3155634288017953,0.7803604988644348,0.905224937011656,0.23122596811487148,1.0,0.0,0.6192503831805067,0.4954003065444054,Low,208,True
CAND_02732,Al18.14Cr34.49V38.64W8.73,4,18.14,0.0,34.49,0.0,0.0,0.0,0.0,0.0,0.0,0.0,38.64,8.73,100.0,True,1311.042,1207.789,60.377052,356.902,0.9212435659553356,False,0.79536945,0.5004640355213484,0.7362213103203192,0.3291172695278374,0.6221729774501067,True,57,1581.0852,182.05055,1305.8726,1890.2153,270.0432050781251,0.7953694320366869,0.5004640355213484,0.7362213103203192,0.3291172695278374,1.0,0.0,0.6192155521908477,0.49537244175267814,Low,209,True
CAND_03344,Al36.59Ni21.67Ti24.74W17.00,4,36.59,0.0,0.0,0.0,0.0,0.0,0.0,0.0,21.67,24.74,0.0,17.0,100.0,True,1001.8916,1464.6234,52.761986,494.0912,1.461858146845274,True,0.5375468,0.702161971167388,0.6000208975946142,0.6231018962644013,0.6153831472151643,False,270,1581.0852,182.05055,1305.8726,1890.2153,579.193605078125,0.5375468321866436,0.702161971167388,0.6000208975946142,0.6231018962644013,1.0,0.0,0.6185068531149217,0.4948054824919374,Low,210,True
CAND_03408,Al36.60Cr12.69Mo12.55Ni21.33Ti9.17W7.66,6,36.6,0.0,12.69,0.0,0.0,0.0,12.55,0.0,21.33,9.17,0.0,7.66,100.0,True,1066.9761,1372.179,54.28852,493.4576,1.2860447700335949,True,0.5918254,0.6295632669360361,0.6273239519397533,0.6217441460952894,0.6165092236279613,False,265,1581.0852,182.05055,1305.8726,1890.2153,514.1091050781249,0.5918254454439453,0.6295632669360361,0.6273239519397533,0.6217441460952897,1.0,0.0,0.6182841489380166,0.49462731915041336,Low,211,True
CAND_03893,Al41.55Fe7.22Mn30.98Ti20.25,4,41.55,0.0,0.0,0.0,7.22,30.98,0.0,0.0,0.0,20.25,0.0,0.0,100.0,True,948.22156,1539.0063,46.731697,574.2383333333332,1.6230450443115974,True,0.49278754,0.7605765658531692,0.4921652531845356,0.794850292472015,0.6182780948710376,False,259,1581.0852,182.05055,1305.8726,1890.2153,632.863645078125,0.49278755240937044,0.7605765658531692,0.49216525318453563,0.794850292472015,1.0,0.0,0.6182469776844562,0.494597582147565,Low,212,True
CAND_02646,Al32.56Cr20.52Mo21.07Nb15.79Ni10.06,5,32.56,0.0,20.52,0.0,0.0,0.0,21.07,15.79,10.06,0.0,0.0,0.0,100.0,True,1027.9246,1531.4122,48.30173,501.1183666666667,1.489809912884327,True,0.55925757,0.7546127452236523,0.5202463154619968,0.6381605085277253,0.6199467487904128,False,255,1581.0852,182.05055,1305.8726,1890.2153,553.160605078125,0.5592576103124236,0.7546127452236523,0.5202463154619968,0.6381605085277253,1.0,0.0,0.6179961970629594,0.4943969576503675,Low,213,True
CAND_02983,Al12.12Co43.54Cu20.39Mo9.09Nb14.86,5,12.12,43.54,0.0,20.39,0.0,0.0,9.09,14.86,0.0,0.0,0.0,0.0,100.0,True,1010.60175,1505.9658,58.527847,359.329,1.4901674240605534,True,0.5448109,0.7346291045990966,0.7031470750852684,0.3343181212646333,0.6097664856861695,False,290,1581.0852,182.05055,1305.8726,1890.2153,570.483455078125,0.5448108484003823,0.7346291045990966,0.7031470750852684,0.33431812126463334,1.0,0.0,0.6176832841951,0.49414662735608,Low,214,True
CAND_00303,Al38.27Cr12.16Cu13.48Mo6.96Nb15.98Ni13.15,6,38.27,0.0,12.16,13.48,0.0,0.0,6.96,15.98,13.15,0.0,0.0,0.0,100.0,True,1142.7908,1416.7638,48.07109,512.837,1.2397403228587158,True,0.6550527,0.6645767313364105,0.5161211689181512,0.6632725293454182,0.6244100194033216,False,230,1581.0852,182.05055,1305.8726,1890.2153,438.294405078125,0.6550527388935125,0.6645767313364105,0.5161211689181512,0.6632725293454182,1.0,0.0,0.6174634342015594,0.4939707473612475,Low,215,True
CAND_02210,Al44.40Co29.14Ti11.47V14.99,4,44.4,29.14,0.0,0.0,0.0,0.0,0.0,0.0,0.0,11.47,14.99,0.0,100.0,True,984.94666,1164.7622,56.059692,666.5282,1.182563739633841,True,0.5234152,0.4666741041980715,0.6590025161712667,0.9926195192301508,0.610670350545617,True,61,1581.0852,182.05055,1305.8726,1890.2153,596.138545078125,0.5234152364160962,0.4666741041980715,0.6590025161712667,0.9926195192301509,1.0,0.0,0.6174497230993481,0.4939597784794785,Low,216,True
CAND_04324,Al19.83Co19.64Cr13.86Nb23.63Ni23.04,5,19.83,19.64,13.86,0.0,0.0,0.0,0.0,23.63,23.04,0.0,0.0,0.0,100.0,True,1046.139,1545.299,56.376022,341.5986,1.4771449527658844,True,0.57444793,0.7655183672615469,0.6646602841482641,0.2963234028327889,0.6126034795388936,False,280,1581.0852,182.05055,1305.8726,1890.2153,534.9462050781251,0.5744478994490658,0.7655183672615469,0.6646602841482641,0.29632340283278896,1.0,0.0,0.6171140807101281,0.4936912645681025,Low,217,True
CAND_01389,Al24.81Cr20.25Mn13.14Ni23.00W18.80,5,24.81,0.0,20.25,0.0,0.0,13.14,0.0,0.0,23.0,0.0,0.0,18.8,100.0,True,849.6839,1677.4974,56.34145,372.5591333333333,1.974260548094165,True,0.41061,0.8693367980313714,0.664041941422311,0.3626691562562723,0.6043949027615164,False,311,1581.0852,182.05055,1305.8726,1890.2153,731.401305078125,0.4106099596120148,0.8693367980313714,0.664041941422311,0.36266915625627233,1.0,0.0,0.6170664851775493,0.4936531881420394,Low,218,True
CAND_00397,Al43.55Ni23.29Ti19.65W13.51,4,43.55,0.0,0.0,0.0,0.0,0.0,0.0,0.0,23.29,19.65,0.0,13.51,100.0,True,932.6546,1404.6022,54.462334,549.8408666666667,1.5060261289779409,True,0.4798052,0.6550259483643754,0.6304327284805616,0.7425686250279471,0.6094428267317209,False,292,1581.0852,182.05055,1305.8726,1890.2153,648.430605078125,0.4798051525840375,0.6550259483643754,0.6304327284805616,0.7425686250279471,1.0,0.0,0.6169741849536826,0.4935793479629461,Low,219,True
CAND_03091,Al34.37Cr19.94Ti39.26W6.43,4,34.37,0.0,19.94,0.0,0.0,0.0,0.0,0.0,0.0,39.26,0.0,6.43,100.0,True,1068.4475,1488.3003,46.76954,526.9548333333333,1.392955935033696,True,0.59305257,0.7207559829216458,0.4928420998748702,0.6935258288969064,0.6213819759161212,False,246,1581.0852,182.05055,1305.8726,1890.2153,512.637705078125,0.5930525509997503,0.7207559829216458,0.4928420998748702,0.6935258288969064,1.0,0.0,0.6163714369234284,0.4930971495387428,Low,220,True
CAND_01962,Al21.59Cr21.21Ni42.65Ti14.55,4,21.59,0.0,21.21,0.0,0.0,0.0,0.0,0.0,42.65,14.55,0.0,0.0,100.0,True,1264.6788,1461.4033,51.70773,335.09959999999995,1.155552905494839,True,0.7567039,0.6996331528993763,0.5811648427267312,0.2823966061960207,0.6245518363456067,False,228,1581.0852,182.05055,1305.8726,1890.2153,316.4064050781251,0.7567038480317251,0.6996331528993763,0.5811648427267312,0.2823966061960207,1.0,0.0,0.6157748516251665,0.49261988130013323,Low,221,True
CAND_02884,Al28.95Cu8.51Mo6.48Ni19.98Ti27.31W8.77,6,28.95,0.0,0.0,8.51,0.0,0.0,6.48,0.0,19.98,27.31,0.0,8.77,100.0,True,1037.2854,1400.214,57.068176,437.3213666666666,1.3498830692813202,True,0.5670643,0.6515797944177002,0.6770399090221322,0.501449038296012,0.610070556908741,False,288,1581.0852,182.05055,1305.8726,1890.2153,543.799805078125,0.5670642500343074,0.6515797944177002,0.6770399090221322,0.501449038296012,1.0,0.0,0.6155693292849284,0.4924554634279427,Low,222,True
CAND_01075,Co33.48Cr36.60Mn9.08V20.84,4,0.0,33.48,36.6,0.0,0.0,9.08,0.0,0.0,0.0,0.0,20.84,0.0,100.0,True,977.58575,1323.6251,70.36197,309.8706,1.3539733921550323,True,0.5172765,0.5914327774160798,0.9148080688109644,0.228333034515912,0.5955647632541828,True,73,1581.0852,182.05055,1305.8726,1890.2153,603.499455078125,0.5172764478087962,0.5914327774160798,0.9148080688109643,0.22833303451591214,1.0,0.0,0.6154413209976991,0.4923530567981593,Low,223,True
CAND_00864,Al10.89Cr36.68Mn41.25Mo11.18,4,10.89,0.0,36.68,0.0,0.0,41.25,11.18,0.0,0.0,0.0,0.0,0.0,100.0,True,981.60486,1708.5618,52.601257,321.383,1.7405800158606055,True,0.5206283,0.893732382704152,0.5971461547969824,0.253003115082327,0.6115452087794321,False,284,1581.0852,182.05055,1305.8726,1890.2153,599.480345078125,0.5206282707056237,0.893732382704152,0.5971461547969824,0.25300311508232703,1.0,0.0,0.6153710961890954,0.49229687695127633,Low,224,True
CAND_01936,Al17.79Co15.65Cr34.56Mn9.73Ni14.11V8.16,6,17.79,15.65,34.56,0.0,0.0,9.73,0.0,0.0,14.11,0.0,8.16,0.0,100.0,True,1133.0338,1233.8993,65.70398,352.017,1.089022485757901,True,0.6469157,0.5209690520187443,0.8314968853659086,0.3186491357271583,0.6060370125492849,True,64,1581.0852,182.05055,1305.8726,1890.2153,448.0514050781251,0.6469156796927581,0.5209690520187443,0.8314968853659086,0.31864913572715836,1.0,0.0,0.6152660714976591,0.4922128571981273,Low,225,True
CAND_01738,Al31.67Cr26.00Fe11.28Mn22.44V8.61,5,31.67,0.0,26.0,0.0,11.28,22.44,0.0,0.0,0.0,0.0,8.61,0.0,100.0,True,950.6804,1400.9615,57.38593,486.5980666666666,1.4736408477994405,True,0.49483818,0.6521668232849213,0.6827231461661366,0.607044757611451,0.6058390095567668,False,307,1581.0852,182.05055,1305.8726,1890.2153,630.404805078125,0.49483815470978887,0.6521668232849213,0.6827231461661366,0.607044757611451,1.0,0.0,0.6152332431544821,0.4921865945235857,Low,226,True
CAND_04126,Al15.28Cr37.26Mn31.43W16.03,4,15.28,0.0,37.26,0.0,0.0,31.43,0.0,0.0,0.0,0.0,0.0,16.03,100.0,True,816.22406,1717.99,58.724052,318.926,2.104801958271938,True,0.38270542,0.9011365640632614,0.7066563292373464,0.2477379759322209,0.5989773769750787,False,331,1581.0852,182.05055,1305.8726,1890.2153,764.861145078125,0.38270540914283707,0.9011365640632614,0.7066563292373464,0.2477379759322209,1.0,0.0,0.6151749166657247,0.49213993333257977,Low,227,True
CAND_00837,Al21.94Cr27.08Mn16.21Mo13.24Nb11.10Ni10.43,6,21.94,0.0,27.08,0.0,0.0,16.21,13.24,11.1,10.43,0.0,0.0,0.0,99.99999999999996,True,1033.2412,1593.1593,52.344135,374.9663333333333,1.5419045263926945,True,0.5636915,0.8031041568185538,0.5925473604436757,0.3678275783002834,0.6133496759364779,False,276,1581.0852,182.05055,1305.8726,1890.2153,547.8440050781251,0.5636915027944088,0.8031041568185538,0.5925473604436757,0.36782757830028345,1.0,0.0,0.6147924676223137,0.49183397409785096,Low,228,True
CAND_01068,Al38.59Co9.39Fe10.48Mn34.81Nb6.73,5,38.59,9.39,0.0,0.0,10.48,34.81,0.0,6.73,0.0,0.0,0.0,0.0,100.0,True,929.8525,1587.5248,47.166206,532.5133333333332,1.7072867336632689,True,0.4774683,0.7986792549424905,0.4999367295096304,0.7054372151263993,0.6136440376453424,False,274,1581.0852,182.05055,1305.8726,1890.2153,651.232705078125,0.47746828125202617,0.7986792549424905,0.4999367295096304,0.7054372151263993,1.0,0.0,0.6147674479176027,0.4918139583340822,Low,229,True
CAND_04204,Al20.86Cr12.80Mn10.59Ni40.04Ti15.71,5,20.86,0.0,12.8,0.0,0.0,10.59,0.0,0.0,40.04,15.71,0.0,0.0,100.0,True,1205.9142,1527.7651,51.06833,331.907,1.2668937139539231,True,0.70769584,0.7517485940776428,0.5697287574850779,0.2755551396715483,0.6215988030029972,False,245,1581.0852,182.05055,1305.8726,1890.2153,375.17100507812506,0.7076958507878339,0.7517485940776428,0.5697287574850779,0.2755551396715483,1.0,0.0,0.6147004391165068,0.4917603512932055,Low,230,True
CAND_02699,Al28.14Cu17.20Fe9.58Mo9.23Ni19.44Ti16.41,6,28.14,0.0,0.0,17.2,9.58,0.0,9.23,0.0,19.44,16.41,0.0,0.0,100.0,True,1048.6781,1396.6581,56.92357,428.7857666666667,1.3318272778077778,True,0.57656544,0.6487872647201062,0.6744535365753783,0.4831579834609914,0.6086929003803252,False,296,1581.0852,182.05055,1305.8726,1890.2153,532.4071050781249,0.5765654362961127,0.6487872647201062,0.6744535365753783,0.4831579834609914,1.0,0.0,0.6135872969818221,0.4908698375854577,Low,231,True
CAND_03855,Al28.64Cr22.15Mn19.68Mo12.18Nb17.35,5,28.64,0.0,22.15,0.0,0.0,19.68,12.18,17.35,0.0,0.0,0.0,0.0,100.0,True,917.5034,1716.006,46.032265,460.6637666666667,1.870299299591761,True,0.4671695,0.8995784834310652,0.4796554565427777,0.5514697888444193,0.6126587374436498,False,279,1581.0852,182.05055,1305.8726,1890.2153,663.581805078125,0.467169484718662,0.8995784834310652,0.47965545654277775,0.5514697888444193,1.0,0.0,0.6132830214984812,0.490626417198785,Low,232,True
CAND_00345,Al22.04Cr11.66Nb18.71Ti8.18W39.41,5,22.04,0.0,11.66,0.0,0.0,0.0,0.0,18.71,0.0,8.18,0.0,39.41,100.0,True,1174.6176,1603.441,45.691566,381.3767,1.3650749513612257,True,0.6815953,0.8111786112722092,0.4735618331368565,0.3815644413459498,0.6234573144494573,False,235,1581.0852,182.05055,1305.8726,1890.2153,406.46760507812496,0.6815953806656317,0.8111786112722092,0.4735618331368565,0.3815644413459498,1.0,0.0,0.6130556446910201,0.4904445157528161,Low,233,True
CAND_01704,Al18.55Cr18.77Mn32.86Nb29.82,4,18.55,0.0,18.77,0.0,0.0,32.86,0.0,29.82,0.0,0.0,0.0,0.0,100.0,True,1109.1797,1713.0182,46.335064,332.2163333333333,1.5444009832717027,True,0.627022,0.8972320956725589,0.4850712137762581,0.2762180143332359,0.6199767456668579,False,254,1581.0852,182.05055,1305.8726,1890.2153,471.9055050781251,0.6270220419064803,0.8972320956725589,0.48507121377625817,0.27621801433323573,1.0,0.0,0.6128792054612505,0.49030336436900046,Low,234,True
CAND_01250,Al17.01Co35.66Mn9.14Nb23.51Ni14.68,5,17.01,35.66,0.0,0.0,0.0,9.14,0.0,23.51,14.68,0.0,0.0,0.0,100.0,True,987.7399,1505.4038,59.47393,342.7964,1.524089242013798,True,0.5257448,0.7341877531296943,0.7200683854288391,0.298890184954888,0.6028303917593602,False,317,1581.0852,182.05055,1305.8726,1890.2153,593.345305078125,0.5257447187612755,0.7341877531296943,0.7200683854288391,0.298890184954888,1.0,0.0,0.6125465490011122,0.49003723920088976,Low,235,True
CAND_02026,Al30.69Cr16.02Cu6.50Mo5.88Nb24.69W16.22,6,30.69,0.0,16.02,6.5,0.0,0.0,5.88,24.69,0.0,0.0,0.0,16.22,100.0,True,1043.4672,1505.0518,47.390846,508.5783333333333,1.4423566483385806,True,0.57221967,0.7339113194691433,0.5039545621475487,0.6541465738737381,0.6159499293648188,False,268,1581.0852,182.05055,1305.8726,1890.2153,537.618005078125,0.572219694593826,0.7339113194691433,0.5039545621475487,0.6541465738737381,1.0,0.0,0.6125366742145248,0.4900293393716199,Low,236,True
CAND_02296,Al10.87Cr25.20Fe8.57Ni28.37Ti26.99,5,10.87,0.0,25.2,0.0,8.57,0.0,0.0,0.0,28.37,26.99,0.0,0.0,100.0,True,1266.3737,1503.207,50.5362,311.2094,1.1870169530311594,True,0.7581173,0.7324625557845287,0.5602112660248949,0.231201967480569,0.6219070797701466,False,243,1581.0852,182.05055,1305.8726,1890.2153,314.7115050781249,0.7581173462011789,0.7324625557845287,0.5602112660248949,0.23120196748056904,1.0,0.0,0.6120117782152071,0.4896094225721657,Low,237,True
CAND_03976,Al25.16Co25.52Cr5.73Cu6.62Mn18.00Ni18.97,6,25.16,25.52,5.73,6.62,0.0,18.0,0.0,0.0,18.97,0.0,0.0,0.0,100.0,True,773.31116,1342.4711,71.042336,405.80293333333327,1.7360037902656131,True,0.3469173,0.6062329727761455,0.9269768576309874,0.4339077532763363,0.5827754626371923,True,88,1581.0852,182.05055,1305.8726,1890.2153,807.774045078125,0.34691727674803846,0.6062329727761455,0.9269768576309874,0.43390775327633635,1.0,0.0,0.6117784313006,0.48942274504048,Low,238,True
CAND_04208,Al29.23Co31.25Cr9.64Mn12.87V17.01,5,29.23,31.25,9.64,0.0,0.0,12.87,0.0,0.0,0.0,0.0,17.01,0.0,100.0,True,1073.6189,1224.3003,58.691814,502.9847333333333,1.1403490605549509,True,0.5973654,0.513430737508436,0.706079731620799,0.6421599713706718,0.6060827696238447,False,305,1581.0852,182.05055,1305.8726,1890.2153,507.46630507812506,0.5973653508307208,0.513430737508436,0.706079731620799,0.6421599713706718,1.0,0.0,0.6115184741520515,0.48921477932164126,Low,239,True
CAND_03686,Al31.14Co16.44Nb23.91Ni11.06W17.45,5,31.14,16.44,0.0,0.0,0.0,0.0,0.0,23.91,11.06,0.0,0.0,17.45,100.0,True,916.1326,1477.2856,53.671608,503.3867333333334,1.612523724841383,True,0.46602637,0.712105886782809,0.6162900792175156,0.6430214227090287,0.6039654089726724,False,314,1581.0852,182.05055,1305.8726,1890.2153,664.952605078125,0.4660262766882845,0.712105886782809,0.6162900792175156,0.6430214227090287,1.0,0.0,0.6114785723785228,0.48918285790281824,Low,240,True
CAND_01676,Al24.78Co27.97Mo5.13V42.12,4,24.78,27.97,0.0,0.0,0.0,0.0,5.13,0.0,0.0,0.0,42.12,0.0,100.0,True,1128.113,1167.1637,62.893555,439.2126666666666,1.0346159131275414,True,0.6428119,0.4685600571407224,0.7812306046882833,0.5055019311224652,0.6045445292879323,False,309,1581.0852,182.05055,1305.8726,1890.2153,452.97220507812494,0.6428118731010731,0.46856005714072246,0.7812306046882833,0.5055019311224652,1.0,0.0,0.6114654564923397,0.4891723651938718,Low,241,True
CAND_04490,Al6.03Co14.21Cr34.06Nb35.89W9.81,5,6.03,14.21,34.06,0.0,0.0,0.0,0.0,35.89,0.0,0.0,0.0,9.81,100.0,True,843.49805,1494.2485,66.596,320.98,1.7714901718337188,True,0.40545115,0.7254272405912171,0.8474512437601213,0.2521395208301933,0.588947258846676,False,387,1581.0852,182.05055,1305.8726,1890.2153,737.587155078125,0.40545113746822203,0.7254272405912171,0.8474512437601213,0.2521395208301933,1.0,0.0,0.611047257796986,0.4888378062375888,Low,242,True
CAND_00569,Al42.11Cu15.56Nb29.58Ti12.75,4,42.11,0.0,0.0,15.56,0.0,0.0,0.0,29.58,0.0,12.75,0.0,0.0,100.0,True,1123.516,1297.0253,46.560997,618.038,1.1544342137952592,True,0.6389781,0.5705433453594803,0.4891121725609038,0.888709201600328,0.6184408670678082,False,258,1581.0852,182.05055,1305.8726,1890.2153,457.5692050781249,0.6389781064570362,0.5705433453594803,0.48911217256090384,0.888709201600328,1.0,0.0,0.6109475622304235,0.4887580497843388,Low,243,True
CAND_03983,Al14.28Cr33.10Mn15.52Mo7.26Ni29.84,5,14.28,0.0,33.1,0.0,0.0,15.52,7.26,0.0,29.84,0.0,0.0,0.0,100.0,True,881.39734,1580.452,61.968193,309.9726,1.793120911882114,True,0.43705806,0.7931248231403748,0.7646799029188328,0.2285516117211667,0.5945075828383896,False,357,1581.0852,182.05055,1305.8726,1890.2153,699.687865078125,0.4370580623833143,0.7931248231403748,0.7646799029188328,0.22855161172116678,1.0,0.0,0.6108886751717659,0.4887109401374128,Low,244,True
CAND_03985,Al8.53Co18.46Cr25.78Nb23.07Ni8.49Ti15.67,6,8.53,18.46,25.78,0.0,0.0,0.0,0.0,23.07,8.49,15.67,0.0,0.0,100.0,True,895.66473,1477.5905,65.01938,324.589,1.6497138316343285,True,0.4489567,0.7123453317348033,0.8192523686996028,0.2598732966514114,0.5921847075677559,False,370,1581.0852,182.05055,1305.8726,1890.2153,685.420475078125,0.4489566579629238,0.7123453317348033,0.8192523686996028,0.2598732966514114,1.0,0.0,0.6106994691187646,0.4885595752950117,Low,245,True
CAND_04442,Al19.71Cr32.85Mn23.58Nb15.63V8.23,5,19.71,0.0,32.85,0.0,0.0,23.58,0.0,15.63,0.0,0.0,8.23,0.0,100.0,True,1110.7604,1347.5073,61.674805,336.1113333333334,1.2131395115848398,True,0.6283403,0.6101880159615622,0.7594324675467992,0.284564663494678,0.6041013242896563,False,312,1581.0852,182.05055,1305.8726,1890.2153,470.3248050781251,0.6283403005391165,0.6101880159615622,0.7594324675467992,0.28456466349467807,1.0,0.0,0.6106559197114892,0.4885247357691914,Low,246,True
CAND_04912,Al33.96Mn40.99Mo8.38Nb16.67,4,33.96,0.0,0.0,0.0,0.0,40.99,8.38,16.67,0.0,0.0,0.0,0.0,100.0,True,910.63776,1572.4287,50.352024,489.81506666666667,1.7267334777624683,True,0.46144378,0.7868239419224815,0.5569171583685504,0.6139385112320824,0.6058003923502078,False,308,1581.0852,182.05055,1305.8726,1890.2153,670.447445078125,0.46144373713937875,0.7868239419224815,0.5569171583685504,0.6139385112320824,1.0,0.0,0.6105740410569666,0.48845923284557324,Low,247,True
CAND_04035,Co37.37Cr19.77Cu11.17Mo7.52Nb24.17,5,0.0,37.37,19.77,11.17,0.0,0.0,7.52,24.17,0.0,0.0,0.0,0.0,100.0,True,935.0472,1484.4584,63.617172,316.8466,1.5875759335704684,True,0.48180056,0.717738850874854,0.7941729657991834,0.2432820010243126,0.594897372661454,False,354,1581.0852,182.05055,1305.8726,1890.2153,646.038005078125,0.4818005126172161,0.717738850874854,0.7941729657991834,0.24328200102431272,1.0,0.0,0.6105159733101622,0.48841277864812976,Low,248,True
CAND_03170,Al18.00Cr41.21V25.46W15.33,4,18.0,0.0,41.21,0.0,0.0,0.0,0.0,0.0,0.0,0.0,25.46,15.33,100.0,True,1299.3933,1252.0944,57.40705,354.354,0.9635992349945464,False,0.7856548,0.5352580807036605,0.6831008911150006,0.3236571252240236,0.6155976656492835,False,269,1581.0852,182.05055,1305.8726,1890.2153,281.69190507812505,0.7856547490898973,0.5352580807036605,0.6831008911150006,0.3236571252240236,1.0,0.0,0.6104699476016763,0.48837595808134104,Low,249,True
CAND_01571,Al35.29Co34.90Cr14.36Mo15.45,4,35.29,34.9,14.36,0.0,0.0,0.0,15.45,0.0,0.0,0.0,0.0,0.0,100.0,True,835.2688,1353.8303,58.389164,564.2069333333334,1.620831882981158,True,0.3985882,0.6151536126537885,0.7006666393493157,0.7733538672093476,0.5952922927786265,False,352,1581.0852,182.05055,1305.8726,1890.2153,745.816405078125,0.39858817811311215,0.6151536126537885,0.7006666393493157,0.7733538672093476,1.0,0.0,0.6103962002106114,0.48831696016848913,Low,250,True
CAND_01337,Al31.80Co16.67Nb10.01Ni26.60W14.92,5,31.8,16.67,0.0,0.0,0.0,0.0,0.0,10.01,26.6,0.0,0.0,14.92,100.0,True,810.7557,1561.1633,55.55964,474.26703333333336,1.9255656737221531,True,0.37814495,0.7779769653327923,0.6500587606234731,0.5806204163967191,0.5964443286077119,False,347,1581.0852,182.05055,1305.8726,1890.2153,770.329505078125,0.37814495315728447,0.7779769653327923,0.6500587606234731,0.5806204163967191,1.0,0.0,0.6100400185357087,0.48803201482856695,Low,251,True
CAND_03876,Al35.15Cr6.84Nb28.36Ni29.65,4,35.15,0.0,6.84,0.0,0.0,0.0,0.0,28.36,29.65,0.0,0.0,0.0,100.0,True,854.1091,1464.8032,56.266113,504.4932666666667,1.7150071949258965,True,0.41430044,0.7023031722246809,0.6626944901338366,0.6453926282337462,0.5974636069189728,False,339,1581.0852,182.05055,1305.8726,1890.2153,726.976105078125,0.4143004499651129,0.7023031722246809,0.6626944901338366,0.6453926282337462,1.0,0.0,0.6098833054338954,0.4879066443471163,Low,252,True
CAND_02477,Al36.99Cu10.94Fe15.42Ni8.28Ti6.88W21.49,6,36.99,0.0,0.0,10.94,15.42,0.0,0.0,0.0,8.28,6.88,0.0,21.49,100.0,True,973.90796,1515.6971,49.194893,506.62,1.5563042544396306,True,0.5142093,0.7422713173289814,0.5362211171552886,0.649950034393766,0.6084919607897701,False,297,1581.0852,182.05055,1305.8726,1890.2153,607.177245078125,0.5142092760389959,0.7422713173289814,0.5362211171552886,0.649950034393766,1.0,0.0,0.6095925545140949,0.4876740436112759,Low,253,True
CAND_04203,Al17.22Co34.32Mo11.13Ni16.32W21.01,5,17.22,34.32,0.0,0.0,0.0,0.0,11.13,0.0,16.32,0.0,0.0,21.01,100.0,True,928.675,1481.3026,62.657234,336.318,1.5950710630425955,True,0.47648633,0.7152605288692668,0.7770038497611756,0.285007532341926,0.5945261515117882,False,356,1581.0852,182.05055,1305.8726,1890.2153,652.410205078125,0.4764862798982404,0.7152605288692668,0.7770038497611756,0.28500753234192605,1.0,0.0,0.6095520134149818,0.4876416107319854,Low,254,True
CAND_03278,Al44.26Co7.90Fe5.77Ti11.73W30.34,5,44.26,7.9,0.0,0.0,5.77,0.0,0.0,0.0,0.0,11.73,0.0,30.34,100.0,True,1004.5146,1442.4021,44.239113,623.022,1.4359195158429956,True,0.53973436,0.6847110754253405,0.4475837657025509,0.8993894838649307,0.6141379956997519,False,272,1581.0852,182.05055,1305.8726,1890.2153,576.570605078125,0.5397343392363081,0.6847110754253405,0.4475837657025509,0.8993894838649307,1.0,0.0,0.609530459727184,0.4876243677817472,Low,255,True
CAND_03681,Al17.17Co42.87Cu20.14Ti19.82,4,17.17,42.87,0.0,20.14,0.0,0.0,0.0,0.0,0.0,19.82,0.0,0.0,100.0,True,1035.2533,1541.4884,54.867233,352.86960000000005,1.4889963703638631,True,0.56536955,0.762525815821503,0.637674610679905,0.3204761840134346,0.6058586978831656,False,306,1581.0852,182.05055,1305.8726,1890.2153,545.8319050781249,0.565369536700101,0.762525815821503,0.637674610679905,0.32047618401343464,1.0,0.0,0.6094739397274629,0.4875791517819703,Low,256,True
CAND_01139,Al42.04Co5.26Cr6.46Fe25.74Ti20.50,5,42.04,5.26,6.46,0.0,25.74,0.0,0.0,0.0,0.0,20.5,0.0,0.0,100.0,True,1098.9729,1435.5424,46.12973,534.2823999999999,1.3062582339289193,True,0.6185099,0.679323995933064,0.4813986815163119,0.7092281724588433,0.6160840646027519,False,267,1581.0852,182.05055,1305.8726,1890.2153,482.112305078125,0.6185098623584369,0.679323995933064,0.48139868151631193,0.7092281724588433,1.0,0.0,0.6092284946932485,0.4873827957545988,Low,257,True
CAND_01377,Co31.47Cr29.98Mn18.15Nb20.40,4,0.0,31.47,29.98,0.0,0.0,18.15,0.0,20.4,0.0,0.0,0.0,0.0,100.0,True,697.14166,1463.7098,75.125114,289.7996,2.099587327123721,True,0.2833941,0.7014445001665945,1.0,0.1853226120976053,0.5732499743294095,True,96,1581.0852,182.05055,1305.8726,1890.2153,883.943545078125,0.2833940902366256,0.7014445001665945,1.0,0.1853226120976053,1.0,0.0,0.6090802644237755,0.48726421153902044,Low,258,True
CAND_03775,Al14.21Cr43.51Mn14.27W28.01,4,14.21,0.0,43.51,0.0,0.0,14.27,0.0,0.0,0.0,0.0,0.0,28.01,100.0,True,803.0081,1664.4427,58.61843,349.32,2.072759494409031,True,0.37168372,0.8590846431779781,0.7047672110087039,0.3128696972705705,0.5923527712888155,False,369,1581.0852,182.05055,1305.8726,1890.2153,778.077105078125,0.3716836761393728,0.8590846431779781,0.7047672110087039,0.31286969727057057,1.0,0.0,0.6090069298814333,0.4872055439051467,Low,259,True
CAND_03715,Al16.92Co39.01Cr21.03Mo23.04,4,16.92,39.01,21.03,0.0,0.0,0.0,23.04,0.0,0.0,0.0,0.0,0.0,100.0,True,1022.12854,1482.4974,57.632027,356.38273333333336,1.4504021186448268,True,0.55442387,0.7161988326693415,0.6871247512173019,0.328004525833897,0.6021686800572922,False,320,1581.0852,182.05055,1305.8726,1890.2153,558.956665078125,0.5544238618906625,0.7161988326693415,0.6871247512173019,0.328004525833897,1.0,0.0,0.6088037195137431,0.4870429756109945,Low,260,True
CAND_04379,Al21.30Co34.49Cr12.12Cu18.01Ti14.08,5,21.3,34.49,12.12,18.01,0.0,0.0,0.0,0.0,0.0,14.08,0.0,0.0,100.0,True,1147.6042,1411.2686,53.512577,395.3344,1.2297519832310306,True,0.65906703,0.6602612249402188,0.6134457062552614,0.4114745889712798,0.6108811077091465,False,286,1581.0852,182.05055,1305.8726,1890.2153,433.481005078125,0.6590669769540752,0.6602612249402188,0.6134457062552614,0.41147458897127986,1.0,0.0,0.6086000119428548,0.4868800095542839,Low,261,True
CAND_03978,Al20.49Co26.49Cr17.65Nb5.43Ti29.94,5,20.49,26.49,17.65,0.0,0.0,0.0,0.0,5.43,0.0,29.94,0.0,0.0,100.0,True,1084.2015,1558.8624,49.83727,389.5871333333333,1.4377976282454223,True,0.606191,0.7761700158738103,0.5477104479799328,0.3991586920511469,0.611509723349718,False,285,1581.0852,182.05055,1305.8726,1890.2153,496.8837050781251,0.6061909368405499,0.7761700158738103,0.5477104479799328,0.39915869205114696,1.0,0.0,0.6085856771739324,0.48686854173914595,Low,262,True
CAND_04268,Al39.66Cu17.28Nb20.93Ti14.24W7.89,5,39.66,0.0,0.0,17.28,0.0,0.0,0.0,20.93,0.0,14.24,0.0,7.89,100.0,True,1134.2123,1380.9733,44.862915,570.2804,1.217561583504521,True,0.6478985,0.6364696321092839,0.4587408705600951,0.78636878260354,0.6179509791829932,False,262,1581.0852,182.05055,1305.8726,1890.2153,446.8729050781251,0.6478985150179697,0.6364696321092839,0.4587408705600951,0.78636878260354,1.0,0.0,0.6084930969458371,0.4867944775566697,Low,263,True
CAND_03153,Cr41.92Mn15.86Ni30.75Ti11.47,4,0.0,0.0,41.92,0.0,0.0,15.86,0.0,0.0,30.75,11.47,0.0,0.0,100.0,True,1225.6116,1463.533,55.662174,268.95140000000004,1.1941246583487797,True,0.7241229,0.7013056550779995,0.6518926479618647,0.1406467170918088,0.6116987425653693,False,283,1581.0852,182.05055,1305.8726,1890.2153,355.47360507812505,0.7241229195488197,0.7013056550779995,0.6518926479618647,0.1406467170918088,1.0,0.0,0.6080872283629355,0.4864697826903484,Low,264,True
CAND_00087,Al5.78Cr33.87Nb18.07Ti15.66W26.62,5,5.78,0.0,33.87,0.0,0.0,0.0,0.0,18.07,0.0,15.66,0.0,26.62,100.0,True,1035.1539,1540.4832,57.348953,307.218,1.4881682369807196,True,0.5652867,0.7617364092431342,0.6820617884495574,0.2226487414310234,0.602019698827835,False,322,1581.0852,182.05055,1305.8726,1890.2153,545.931305078125,0.5652866399403843,0.7617364092431342,0.6820617884495574,0.22264874143102345,1.0,0.0,0.6078584305075571,0.4862867444060457,Low,265,True
CAND_00188,Al33.72Co18.33Mn20.10Nb27.85,4,33.72,18.33,0.0,0.0,0.0,20.1,0.0,27.85,0.0,0.0,0.0,0.0,100.0,True,807.59705,1629.3959,48.22329,540.2326666666667,2.017585265170609,True,0.37551075,0.831561588591055,0.5188433649985071,0.7219790808757087,0.6001294130692043,False,326,1581.0852,182.05055,1305.8726,1890.2153,773.488155078125,0.37551072931343255,0.831561588591055,0.5188433649985071,0.7219790808757087,1.0,0.0,0.6072960305365831,0.4858368244292665,Low,266,True
CAND_04938,Al24.47Co20.47Cr14.19Cu9.68Nb9.74W21.45,6,24.47,20.47,14.19,9.68,0.0,0.0,0.0,9.74,0.0,0.0,0.0,21.45,100.0,True,1004.133,1620.1029,47.683075,426.8773666666667,1.6134345819630356,True,0.53941613,0.8242635828879303,0.5091812680500872,0.4790684468089514,0.6082595111284084,False,299,1581.0852,182.05055,1305.8726,1890.2153,576.952205078125,0.5394160957402532,0.8242635828879303,0.5091812680500872,0.4790684468089514,1.0,0.0,0.6067477462378114,0.4853981969902491,Low,267,True
CAND_01898,Al34.44Co8.41Cr20.14Fe25.21Mn6.16Ni5.64,6,34.44,8.41,20.14,0.0,25.21,6.16,0.0,0.0,5.64,0.0,0.0,0.0,100.0,True,865.15735,1654.1069,49.2778,463.7187333333332,1.911914523541811,True,0.4235144,0.8509677027554712,0.5377039628217412,0.5580163190027162,0.6004730681681514,False,325,1581.0852,182.05055,1305.8726,1890.2153,715.927855078125,0.4235143747693286,0.8509677027554712,0.5377039628217412,0.5580163190027162,1.0,0.0,0.6061825412159032,0.4849460329727226,Low,268,True
CAND_02143,Al43.53Mn26.77Nb17.54Ni12.16,4,43.53,0.0,0.0,0.0,0.0,26.77,0.0,17.54,12.16,0.0,0.0,0.0,100.0,True,820.17334,1497.5691,51.75271,566.3023333333333,1.8259177996267224,True,0.38599902,0.7280349838106076,0.5819693393081662,0.7778441287376879,0.5963791594354104,False,348,1581.0852,182.05055,1305.8726,1890.2153,760.911865078125,0.3859989958150063,0.7280349838106076,0.5819693393081662,0.7778441287376879,1.0,0.0,0.6061776652000369,0.48494213216002957,Low,269,True
CAND_03075,Al9.82Co36.35Cr27.21Fe15.01Ti11.61,5,9.82,36.35,27.21,0.0,15.01,0.0,0.0,0.0,0.0,11.61,0.0,0.0,100.0,True,958.20154,1602.4435,55.939945,329.58,1.6723449465557871,True,0.50111055,0.8103952516801651,0.6568607631224204,0.2705685793124531,0.598252219303959,False,335,1581.0852,182.05055,1305.8726,1890.2153,622.883665078125,0.501110570558632,0.8103952516801651,0.6568607631224204,0.2705685793124531,1.0,0.0,0.6060397339773015,0.4848317871818412,Low,270,True
CAND_01843,Al17.41Cr17.19Fe8.04Nb14.10Ni23.56V19.70,6,17.41,0.0,17.19,0.0,8.04,0.0,0.0,14.1,23.56,0.0,19.7,0.0,100.0,True,1556.4108,1155.24,52.974205,316.05420000000004,0.7422462146817946,False,1.0,0.4591961024864289,0.6038165725616121,0.2415839561474124,0.6249505792293725,True,56,1581.0852,182.05055,1305.8726,1890.2153,24.67440507812489,1.0,0.4591961024864289,0.6038165725616121,0.24158395614741243,1.0,0.0,0.6051413959365242,0.48411311674921936,Low,271,True
CAND_04218,Al21.25Cr26.59Fe25.47Mo5.97V20.72,5,21.25,0.0,26.59,0.0,25.47,0.0,5.97,0.0,0.0,0.0,20.72,0.0,100.0,True,1380.0458,1341.9225,51.676258,313.4583333333333,0.9723753537599724,False,0.85291666,0.6058021446335936,0.5806019455188404,0.2360212377041391,0.6181693366446626,False,261,1581.0852,182.05055,1305.8726,1890.2153,201.0394050781249,0.852916629502815,0.6058021446335936,0.5806019455188404,0.23602123770413916,1.0,0.0,0.6045535700770548,0.48364285606164387,Low,272,True
CAND_01284,Al29.88Cu8.76Nb7.36Ni36.71Ti17.29,5,29.88,0.0,0.0,8.76,0.0,0.0,0.0,7.36,36.71,17.29,0.0,0.0,100.0,True,1113.4773,1462.6136,49.02485,441.2235666666666,1.31355493881231,True,0.6306061,0.70058362920439,0.5331797874043558,0.5098111164366486,0.6091235524383691,False,293,1581.0852,182.05055,1305.8726,1890.2153,467.607905078125,0.6306061175056564,0.70058362920439,0.5331797874043558,0.5098111164366484,1.0,0.0,0.6042522218245351,0.4834017774596281,Low,273,True
CAND_00257,Al32.96Co30.70Cu12.31W24.03,4,32.96,30.7,0.0,12.31,0.0,0.0,0.0,0.0,0.0,0.0,0.0,24.03,100.0,True,750.31134,1454.7909,57.38807,542.5459333333333,1.9389163162004444,True,0.3277361,0.6944402837600949,0.6827614214592506,0.7269362118855996,0.586383706614346,False,405,1581.0852,182.05055,1305.8726,1890.2153,830.773865078125,0.32773608407132504,0.6944402837600949,0.6827614214592506,0.7269362118855996,1.0,0.0,0.6041349643664748,0.4833079714931799,Low,274,True
CAND_04226,Al19.59Co40.69Cr17.91Mn12.09Ni9.72,5,19.59,40.69,17.91,0.0,0.0,12.09,0.0,0.0,9.72,0.0,0.0,0.0,100.0,True,940.9293,1533.4475,56.631172,372.257,1.6297159258457312,True,0.48670605,0.7562111129205823,0.6692238079978228,0.3620217105737793,0.5944843569367568,False,358,1581.0852,182.05055,1305.8726,1890.2153,640.155905078125,0.4867060159404464,0.7562111129205823,0.6692238079978228,0.36202171057377935,1.0,0.0,0.6036102368467,0.48288818947736,Low,275,True
CAND_01840,Al39.30Cr19.31Cu7.88Mn6.77Mo12.23Ti14.51,6,39.3,0.0,19.31,7.88,0.0,6.77,12.23,0.0,0.0,14.51,0.0,0.0,100.0,True,1061.846,1328.0443,48.58312,578.5731333333333,1.2506939480438442,True,0.58754706,0.5949032763726331,0.5252791587934776,0.8041393951125849,0.6066758040055337,False,304,1581.0852,182.05055,1305.8726,1890.2153,519.239205078125,0.5875470886328568,0.5949032763726331,0.5252791587934776,0.8041393951125849,1.0,0.0,0.6035624119749351,0.4828499295799481,Low,276,True
CAND_01722,Al22.44Co26.62Cu21.24Mn14.91Nb14.79,5,22.44,26.62,0.0,21.24,0.0,14.91,0.0,14.79,0.0,0.0,0.0,0.0,100.0,True,880.40674,1457.0353,60.810703,397.338,1.65495700639963,True,0.43623194,0.696202862475267,0.7439774407568662,0.4157681310148911,0.5880900208794481,False,394,1581.0852,182.05055,1305.8726,1890.2153,700.678465078125,0.4362319302889957,0.696202862475267,0.7439774407568662,0.4157681310148911,1.0,0.0,0.6034772931941225,0.482781834555298,Low,277,True
CAND_04069,Al39.18Co13.70Cu13.32Mn28.47Ti5.33,5,39.18,13.7,0.0,13.32,0.0,28.47,0.0,0.0,0.0,5.33,0.0,0.0,100.0,True,856.80133,1538.4877,49.593185,540.1513333333332,1.7956177763904158,True,0.41654572,0.7601692973975961,0.5433448288585551,0.7218047905551787,0.5971214381402679,False,342,1581.0852,182.05055,1305.8726,1890.2153,724.283875078125,0.4165456928565802,0.7601692973975961,0.5433448288585551,0.7218047905551787,1.0,0.0,0.6034613796742672,0.48276910373941373,Low,278,True
CAND_00054,Al16.92Co10.32Cr25.17Fe22.37Mn19.35Ti5.87,6,16.92,10.32,25.17,0.0,22.37,19.35,0.0,0.0,0.0,5.87,0.0,0.0,100.0,True,1012.1617,1737.3999,51.17269,266.9136666666668,1.716524079775161,True,0.5461118,0.916379603006238,0.5715953040221735,0.1362800302579425,0.6020882700055238,False,321,1581.0852,182.05055,1305.8726,1890.2153,568.923505078125,0.5461118021259349,0.9163796030062379,0.5715953040221735,0.13628003025794272,1.0,0.0,0.6033624271786985,0.4826899417429588,Low,279,True
CAND_01732,Cr29.59Fe16.94Nb38.87W14.60,4,0.0,0.0,29.59,0.0,16.94,0.0,0.0,38.87,0.0,0.0,0.0,14.6,100.0,True,983.17944,1544.4943,59.254337,291.717,1.5709180154567688,True,0.5219414,0.7648864179244863,0.7161408216714565,0.1894314349736384,0.5934982760463293,False,361,1581.0852,182.05055,1305.8726,1890.2153,597.905765078125,0.5219414254331346,0.7648864179244863,0.7161408216714565,0.18943143497363843,1.0,0.0,0.6032082434831122,0.4825665947864898,Low,280,True
CAND_04202,Al33.62Cr13.63Mn8.58Mo6.21Ni21.90V16.06,6,33.62,0.0,13.63,0.0,0.0,8.58,6.21,0.0,21.9,0.0,16.06,0.0,100.0,True,1203.174,1150.1476,57.577972,465.7138000000001,0.9559279435972624,False,0.7054106,0.4551969241540719,0.6861579423531519,0.5622915748487639,0.6040654908953202,False,313,1581.0852,182.05055,1305.8726,1890.2153,377.911205078125,0.7054106022870748,0.4551969241540719,0.6861579423531519,0.5622915748487639,1.0,0.0,0.6031028467512504,0.4824822774010003,Low,281,True
CAND_01655,Al11.39Cr34.60Cu9.62Mo44.39,4,11.39,0.0,34.6,9.62,0.0,0.0,44.39,0.0,0.0,0.0,0.0,0.0,100.0,True,962.14874,1414.0758,61.943256,355.488,1.469706020783635,True,0.50440246,0.6624657833831125,0.7642338884401477,0.3260871894471495,0.5900320261226017,False,380,1581.0852,182.05055,1305.8726,1890.2153,618.936465078125,0.5044024225702357,0.6624657833831125,0.7642338884401477,0.32608718944714954,1.0,0.0,0.6030235856066093,0.4824188684852875,Low,282,True
CAND_03966,Co26.24Cr44.47Fe6.21Mn6.80Mo16.28,5,0.0,26.24,44.47,0.0,6.21,6.8,16.28,0.0,0.0,0.0,0.0,0.0,100.0,True,724.071,1495.7389,70.17137,312.6196,2.0657351741552583,True,0.30585238,0.7265976858403227,0.9113990637326734,0.2342239044889042,0.5727183753513834,True,97,1581.0852,182.05055,1305.8726,1890.2153,857.014205078125,0.30585239031013606,0.7265976858403227,0.9113990637326734,0.2342239044889042,1.0,0.0,0.6029957081227686,0.4823965664982149,Low,283,True
CAND_02852,Al12.22Co29.38Mn18.83Ni32.64Ti6.93,5,12.22,29.38,0.0,0.0,0.0,18.83,0.0,0.0,32.64,6.93,0.0,0.0,100.0,True,834.95654,1459.1249,67.545586,311.1600666666667,1.7475459199492862,True,0.3983278,0.6978438732056285,0.8644352075391024,0.2310962504009034,0.5796247436822191,True,89,1581.0852,182.05055,1305.8726,1890.2153,746.128665078125,0.39832776219571664,0.6978438732056285,0.8644352075391024,0.2310962504009034,1.0,0.0,0.602930102332484,0.4823440818659872,Low,284,True
CAND_04479,Co22.45Cr33.20Nb15.88Ni6.41W22.06,5,0.0,22.45,33.2,0.0,0.0,0.0,0.0,15.88,6.41,0.0,0.0,22.06,100.0,True,745.713,1538.4269,67.464615,312.12,2.0630281003673177,True,0.32390124,0.7601215497653191,0.8629869884929624,0.2331533047659115,0.5759265830552559,True,91,1581.0852,182.05055,1305.8726,1890.2153,835.372205078125,0.3239011999055777,0.7601215497653191,0.8629869884929624,0.23315330476591156,1.0,0.0,0.6028808571687656,0.4823046857350125,Low,285,True
CAND_02683,Al11.30Co36.48Cr14.69Nb6.24Ni13.32V17.97,6,11.3,36.48,14.69,0.0,0.0,0.0,0.0,6.24,13.32,0.0,17.97,0.0,100.0,True,1287.0824,1268.6361,55.47617,357.8476,0.9856681301078104,False,0.7753878,0.5482486565068867,0.6485658453355143,0.3311436087953752,0.6089039496599917,False,295,1581.0852,182.05055,1305.8726,1890.2153,294.002805078125,0.7753878102649956,0.5482486565068867,0.6485658453355143,0.3311436087953752,1.0,0.0,0.6025628444382755,0.4820502755506204,Low,286,True
CAND_04430,Al18.15Co30.82Mn16.44Nb20.04W14.55,5,18.15,30.82,0.0,0.0,0.0,16.44,0.0,20.04,0.0,0.0,0.0,14.55,100.0,True,855.03467,1534.9242,59.908455,368.6422,1.795160193500012,True,0.41507238,0.7573707992459674,0.7278401479243495,0.3542755058526544,0.5868343200619369,False,400,1581.0852,182.05055,1305.8726,1890.2153,726.050535078125,0.4150723488976169,0.7573707992459674,0.7278401479243495,0.35427550585265455,1.0,0.0,0.6024726972533975,0.481978157802718,Low,287,True
CAND_03307,Al31.40Cu7.48Nb30.35Ni7.59Ti23.18,5,31.4,0.0,0.0,7.48,0.0,0.0,0.0,30.35,7.59,23.18,0.0,0.0,100.0,True,1031.5417,1420.1185,49.235985,514.4363333333333,1.3766951291005505,True,0.5622742,0.667211254066667,0.5369560743256828,0.6666997627794448,0.6030896364209438,False,316,1581.0852,182.05055,1305.8726,1890.2153,549.543505078125,0.562274168356397,0.667211254066667,0.5369560743256828,0.6666997627794448,1.0,0.0,0.601823705023721,0.4814589640189768,Low,288,True
CAND_02341,Al28.75Co15.61Cr14.98Cu26.73Ti13.93,5,28.75,15.61,14.98,26.73,0.0,0.0,0.0,0.0,0.0,13.93,0.0,0.0,100.0,True,1100.6665,1391.6909,50.143066,473.1607333333333,1.264407425011035,True,0.6199223,0.6448864088147407,0.5531798085094239,0.5782497108852163,0.604475015498036,False,310,1581.0852,182.05055,1305.8726,1890.2153,480.41870507812496,0.619922276365037,0.6448864088147407,0.5531798085094239,0.5782497108852163,1.0,0.0,0.601137890921291,0.48091031273703283,Low,289,True
CAND_01544,Al41.97Cr18.49Cu25.43Mn14.11,4,41.97,0.0,18.49,25.43,0.0,14.11,0.0,0.0,0.0,0.0,0.0,0.0,100.0,True,881.23914,1531.1356,43.858974,617.9523333333333,1.7374802569457652,True,0.43692613,0.7543955249097081,0.4407847322216675,0.8885256253200975,0.6008715252506068,False,324,1581.0852,182.05055,1305.8726,1890.2153,699.846065078125,0.4369261281037654,0.7543955249097081,0.4407847322216675,0.8885256253200975,1.0,0.0,0.6010644529633685,0.4808515623706948,Low,290,True
CAND_01691,Al12.75Co22.94Cr21.91Ni32.15V10.25,5,12.75,22.94,21.91,0.0,0.0,0.0,0.0,0.0,32.15,0.0,10.25,0.0,100.0,True,1069.3169,1213.1747,67.91158,327.4672,1.134532434869845,True,0.5937776,0.5046935490600678,0.8709812484867622,0.2660410310843928,0.5871928105875291,True,87,1581.0852,182.05055,1305.8726,1890.2153,511.76830507812497,0.5937776057572717,0.5046935490600678,0.8709812484867622,0.2660410310843928,1.0,0.0,0.6010529953660259,0.4808423962928207,Low,291,True
CAND_02602,Al26.43Cu12.64Mn11.47Nb10.07Ni30.12Ti9.27,6,26.43,0.0,0.0,12.64,0.0,11.47,0.0,10.07,30.12,9.27,0.0,0.0,100.0,True,1176.4296,1559.6932,44.056107,401.8403666666666,1.325785449322949,True,0.68310654,0.7768224621385423,0.4443105842578619,0.4254163145740278,0.612868806303143,False,278,1581.0852,182.05055,1305.8726,1890.2153,404.65560507812506,0.6831065368890371,0.7768224621385423,0.44431058425786196,0.42541631457402784,1.0,0.0,0.6009289953272847,0.4807431962618278,Low,292,True
CAND_01710,Al19.55Co30.83Cr33.57Cu16.05,4,19.55,30.83,33.57,16.05,0.0,0.0,0.0,0.0,0.0,0.0,0.0,0.0,100.0,True,859.81055,1469.0653,61.66687,379.5401333333333,1.7085918582173123,True,0.4190553,0.7056502969537553,0.7592905449062105,0.3776288373335579,0.583878647754525,False,429,1581.0852,182.05055,1305.8726,1890.2153,721.274655078125,0.41905529635028665,0.7056502969537553,0.7592905449062105,0.3776288373335579,1.0,0.0,0.600890402245595,0.480712321796476,Low,293,True
CAND_01102,Al32.46Co27.93Mn14.36W25.25,4,32.46,27.93,0.0,0.0,0.0,14.36,0.0,0.0,0.0,0.0,0.0,25.25,100.0,True,667.4169,1491.359,58.38758,542.4725333333332,2.234523978601472,True,0.25860447,0.7231580500737115,0.700638308478151,0.7267789220143671,0.5787051764788099,False,471,1581.0852,182.05055,1305.8726,1890.2153,913.668305078125,0.2586044897602278,0.7231580500737115,0.700638308478151,0.7267789220143671,1.0,0.0,0.6008068683077707,0.48064549464621664,Low,294,True
CAND_04817,Al18.90Co15.01Cr22.35Cu8.13Mo25.57Nb10.04,6,18.9,15.01,22.35,8.13,0.0,0.0,25.57,10.04,0.0,0.0,0.0,0.0,100.0,True,1173.9329,1461.9384,50.12722,372.233,1.2453339097655387,True,0.6810243,0.7000533791827878,0.55289639248387,0.3619702806431312,0.606842956804877,False,303,1581.0852,182.05055,1305.8726,1890.2153,407.152305078125,0.6810243604304409,0.7000533791827878,0.55289639248387,0.3619702806431312,1.0,0.0,0.6004365637040773,0.48034925096326186,Low,295,True
CAND_01887,Al31.64Fe17.93Ni31.85Ti18.58,4,31.64,0.0,0.0,0.0,17.93,0.0,0.0,0.0,31.85,18.58,0.0,0.0,100.0,True,1107.9834,1427.4387,50.37169,436.07816666666673,1.288321379194853,True,0.62602437,0.6729599747540677,0.557268897580878,0.498784967888437,0.6038302835531673,False,315,1581.0852,182.05055,1305.8726,1890.2153,473.1018050781249,0.626024361889891,0.6729599747540677,0.557268897580878,0.49878496788843707,1.0,0.0,0.600392497356222,0.48031399788497764,Low,296,True
CAND_00753,Co8.52Cr34.32Fe8.65Mo17.92Nb30.59,5,0.0,8.52,34.32,0.0,8.65,0.0,17.92,30.59,0.0,0.0,0.0,0.0,100.0,True,955.3751,1511.6257,59.694885,317.588,1.5822326383423968,True,0.49875343,0.7390739536768021,0.7240203094428672,0.2448707572985856,0.5890839085765278,False,386,1581.0852,182.05055,1305.8726,1890.2153,625.710105078125,0.4987534003621186,0.7390739536768021,0.7240203094428672,0.24487075729858568,1.0,0.0,0.6003472426212182,0.4802777940969746,Low,297,True
CAND_04105,Co24.42Cr41.39Mo21.52Nb12.67,4,0.0,24.42,41.39,0.0,0.0,0.0,21.52,12.67,0.0,0.0,0.0,0.0,100.0,True,901.7196,1501.7872,62.41597,313.297,1.6654702775878392,True,0.45400625,0.7313475543321132,0.7726886860612348,0.2356755142814488,0.5841296532799901,False,426,1581.0852,182.05055,1305.8726,1890.2153,679.365605078125,0.4540062465293758,0.7313475543321132,0.7726886860612348,0.2356755142814488,1.0,0.0,0.6000637608925656,0.48005100871405254,Low,298,True
CAND_00286,Al34.06Cu7.99Fe20.25Mn31.85Ti5.85,5,34.06,0.0,0.0,7.99,20.25,31.85,0.0,0.0,0.0,5.85,0.0,0.0,100.0,True,918.84247,1635.1776,49.14045,425.4136666666666,1.779606033114094,True,0.46828628,0.8361020899978941,0.5352473686585553,0.4759318639135461,0.5965181315101333,False,346,1581.0852,182.05055,1305.8726,1890.2153,662.242735078125,0.4682862308357015,0.8361020899978941,0.5352473686585553,0.475931863913546,1.0,0.0,0.5998661748928921,0.4798929399143137,Low,299,True
CAND_01736,Al33.25Cr15.56Nb27.24Ni9.11Ti14.84,5,33.25,0.0,15.56,0.0,0.0,0.0,0.0,27.24,9.11,14.84,0.0,0.0,100.0,True,1174.7422,1404.8945,43.61132,519.9304000000001,1.1959172956832285,True,0.6816993,0.6552554982478387,0.4363552792119138,0.6784730739312397,0.6119462250790827,False,282,1581.0852,182.05055,1305.8726,1890.2153,406.3430050781251,0.6816992935052764,0.6552554982478387,0.43635527921191386,0.6784730739312397,1.0,0.0,0.5996790177039308,0.4797432141631447,Low,300,True
CAND_03167,Al9.74Cr30.09Ni29.82Ti30.35,4,9.74,0.0,30.09,0.0,0.0,0.0,0.0,0.0,29.82,30.35,0.0,0.0,100.0,True,1334.0098,1332.1447,54.2411,292.29040000000003,0.9986019100661336,False,0.81452394,0.5981234143888919,0.6264758143699081,0.1906601817333743,0.6090121887447809,False,294,1581.0852,182.05055,1305.8726,1890.2153,247.07540507812496,0.8145239209483489,0.5981234143888919,0.6264758143699081,0.19066018173337432,1.0,0.0,0.5996097761247333,0.4796878208997867,Low,301,True
CAND_04153,Al25.60Co37.25Cr6.34Nb8.00Ni12.82V9.99,6,25.6,37.25,6.34,0.0,0.0,0.0,0.0,8.0,12.82,0.0,9.99,0.0,100.0,True,1209.4224,1212.1848,54.682793,451.5482,1.0022840959474697,True,0.7106216,0.5039161579220582,0.6343757812116995,0.5319359154491938,0.6027456675524252,False,318,1581.0852,182.05055,1305.8726,1890.2153,371.6628050781251,0.7106215893435464,0.5039161579220582,0.6343757812116995,0.5319359154491939,1.0,0.0,0.598933366393393,0.4791466931147144,Low,302,True
CAND_01410,Al14.39Co12.15Cr39.62V33.84,4,14.39,12.15,39.62,0.0,0.0,0.0,0.0,0.0,0.0,0.0,33.84,0.0,100.0,True,1183.7883,1156.0092,63.66189,358.646,0.9765337016996174,False,0.6892435,0.4598001728605646,0.7949727763400597,0.3328545111549376,0.5933844801964192,False,364,1581.0852,182.05055,1305.8726,1890.2153,397.29690507812506,0.6892434824194861,0.4598001728605646,0.7949727763400597,0.3328545111549376,1.0,0.0,0.5986709320382995,0.4789367456306396,Low,303,True
CAND_01779,Al25.53Co20.33Cr12.64Fe5.35Ti31.15W5.00,6,25.53,20.33,12.64,0.0,5.35,0.0,0.0,0.0,0.0,31.15,0.0,5.0,100.0,True,983.6441,1591.2928,47.045647,446.5843333333333,1.6177525931611547,True,0.522329,0.8016383516270245,0.497780453312182,0.5212987771819682,0.5998301391593172,False,329,1581.0852,182.05055,1305.8726,1890.2153,597.441105078125,0.5223289385958096,0.8016383516270245,0.49778045331218207,0.5212987771819682,1.0,0.0,0.5986026927080096,0.47888215416640767,Low,304,True
CAND_01602,Al15.51Co35.02Mo16.47Ni26.94Ti6.06,5,15.51,35.02,0.0,0.0,0.0,0.0,16.47,0.0,26.94,6.06,0.0,0.0,100.0,True,974.0161,1309.9131,66.86024,327.568,1.3448577309334089,True,0.51429945,0.5806644298209817,0.8521773481771598,0.2662570367931151,0.5814720631614683,False,445,1581.0852,182.05055,1305.8726,1890.2153,607.069105078125,0.5142994617089733,0.5806644298209817,0.8521773481771598,0.2662570367931151,1.0,0.0,0.598365954345653,0.4786927634765224,Low,305,True
CAND_01563,Al31.99Co30.57Cu14.02Mn9.74Ni13.68,5,31.99,30.57,0.0,14.02,0.0,9.74,0.0,0.0,13.68,0.0,0.0,0.0,100.0,True,755.9231,1394.7687,59.560905,528.4581333333333,1.845119838153179,True,0.33241615,0.647303475634183,0.7216239899235103,0.6967472711778809,0.5788339823964863,False,468,1581.0852,182.05055,1305.8726,1890.2153,825.162105078125,0.332416131559326,0.647303475634183,0.7216239899235103,0.6967472711778809,1.0,0.0,0.5982943632338216,0.4786354905870573,Low,306,True
CAND_01643,Co34.52Cr28.74Fe20.22Ti8.91V7.61,5,0.0,34.52,28.74,0.0,20.22,0.0,0.0,0.0,0.0,8.91,7.61,0.0,100.0,True,1048.8008,1341.0272,66.677345,258.9696666666667,1.2786291009449036,True,0.5766677,0.6050990450418572,0.8489061520397307,0.1192567232133991,0.5846450807966979,False,420,1581.0852,182.05055,1305.8726,1890.2153,532.284405078125,0.5766677645900485,0.6050990450418572,0.8489061520397307,0.11925672321339911,1.0,0.0,0.5982570087539983,0.4786056070031987,Low,307,True
CAND_00005,Al32.92Mn17.29Mo7.12Ni28.92Ti13.75,5,32.92,0.0,0.0,0.0,0.0,17.29,7.12,0.0,28.92,13.75,0.0,0.0,100.0,True,1016.9455,1341.3425,55.02471,473.447,1.3189915347443393,True,0.5501014,0.6053466573520041,0.6404911893405241,0.578863155669114,0.5935866877176069,False,360,1581.0852,182.05055,1305.8726,1890.2153,564.139705078125,0.5501013546322964,0.6053466573520041,0.6404911893405241,0.578863155669114,1.0,0.0,0.5981061660161996,0.4784849328129597,Low,308,True
CAND_02173,Al10.87Co22.62Cr38.40Mo15.53W12.58,5,10.87,22.62,38.4,0.0,0.0,0.0,15.53,0.0,0.0,0.0,0.0,12.58,100.0,True,786.99536,1585.2153,59.9048,361.7173333333334,2.014262571160277,True,0.35832953,0.7968655517065746,0.7277747758699888,0.3394361136687184,0.5794176383790853,False,464,1581.0852,182.05055,1305.8726,1890.2153,794.089845078125,0.3583295085318821,0.7968655517065746,0.7277747758699888,0.3394361136687184,1.0,0.0,0.5978898924562474,0.4783119139649979,Low,309,True
CAND_04036,Al22.33Co31.87Cr12.76V33.04,4,22.33,31.87,12.76,0.0,0.0,0.0,0.0,0.0,0.0,0.0,33.04,0.0,100.0,True,1204.1726,1170.8275,59.15201,407.0825333333333,0.9723086979255684,False,0.7062434,0.4714373231791501,0.7143106366628192,0.4366498257453946,0.5973793546833311,False,340,1581.0852,182.05055,1305.8726,1890.2153,376.9126050781249,0.7062434061527993,0.47143732317915016,0.7143106366628192,0.4366498257453945,1.0,0.0,0.5977827133525998,0.47822617068207984,Low,310,True
CAND_03211,Cr36.98Mo11.14Nb29.79Ti22.09,4,0.0,0.0,36.98,0.0,0.0,0.0,11.14,29.79,0.0,22.09,0.0,0.0,100.0,True,961.7068,1552.3776,57.500618,312.049,1.6141901261464715,True,0.50403386,0.7710773539364786,0.6847744157066351,0.233001157887744,0.5886771428541032,False,390,1581.0852,182.05055,1305.8726,1890.2153,619.378405078125,0.5040338572383529,0.7710773539364786,0.6847744157066351,0.233001157887744,1.0,0.0,0.5977141688856838,0.4781713351085471,Low,311,True
CAND_04343,Al33.74Fe6.51Nb38.07W21.68,4,33.74,0.0,0.0,0.0,6.51,0.0,0.0,38.07,0.0,0.0,0.0,21.68,100.0,True,980.22955,1484.4209,46.539078,531.6547333333334,1.5143604833375377,True,0.51948136,0.7177094012661306,0.4887201369769005,0.7035973093574617,0.5988768712223094,False,332,1581.0852,182.05055,1305.8726,1890.2153,600.855655078125,0.519481301464116,0.7177094012661306,0.4887201369769005,0.7035973093574617,1.0,0.0,0.5973387832425575,0.477871026594046,Low,312,True
CAND_01486,Al6.73Co21.76Cr23.13Mo31.49Nb16.89,5,6.73,21.76,23.13,0.0,0.0,0.0,31.49,16.89,0.0,0.0,0.0,0.0,100.0,True,959.48517,1503.3055,59.623554,312.672,1.566783468281743,True,0.5021811,0.7325399100901089,0.7227445080722504,0.2343361931708194,0.5862528747715269,False,407,1581.0852,182.05055,1305.8726,1890.2153,621.600035078125,0.5021810812998296,0.7325399100901089,0.7227445080722504,0.23433619317081944,1.0,0.0,0.5972810247492881,0.47782481979943053,Low,313,True
CAND_04557,Al29.31Co30.64Mn12.65Nb8.35Ni11.91W7.14,6,29.31,30.64,0.0,0.0,0.0,12.65,0.0,8.35,11.91,0.0,0.0,7.14,100.0,True,851.0733,1482.6992,54.022987,491.49106666666665,1.7421521676048848,True,0.4117687,0.7163573108304188,0.6225747213759876,0.6175300347223461,0.5867109976478909,False,402,1581.0852,182.05055,1305.8726,1890.2153,730.011905078125,0.4117686795109108,0.7163573108304188,0.6225747213759876,0.6175300347223461,1.0,0.0,0.5972512847480015,0.4778010277984012,Low,314,True
CAND_01908,Al40.59Cu17.92Nb19.50W21.99,4,40.59,0.0,0.0,17.92,0.0,0.0,0.0,19.5,0.0,0.0,0.0,21.99,100.0,True,930.7706,1483.8318,45.463417,581.232,1.59419705818051,True,0.47823396,0.7172467675461572,0.4694812397496216,0.8098371171238096,0.5974901056858549,False,338,1581.0852,182.05055,1305.8726,1890.2153,650.314605078125,0.47823395041798017,0.7172467675461572,0.46948123974962164,0.8098371171238096,1.0,0.0,0.5970524573618001,0.47764196588944013,Low,315,True
CAND_00533,Al36.41Co8.74Mn30.22Nb5.76W18.87,5,36.41,8.74,0.0,0.0,0.0,30.22,0.0,5.76,0.0,0.0,0.0,18.87,100.0,True,805.5912,1591.5635,49.52366,515.4413333333333,1.975646614095245,True,0.37383792,0.801850938535863,0.5421013289736224,0.6688533911253367,0.5885599993760221,False,391,1581.0852,182.05055,1305.8726,1890.2153,775.494005078125,0.3738379077291512,0.801850938535863,0.5421013289736224,0.6688533911253367,1.0,0.0,0.5969731658539339,0.47757853268314715,Low,316,True
CAND_02238,Al23.67Cr27.04Cu9.63Fe7.76Mo31.90,5,23.67,0.0,27.04,9.63,7.76,0.0,31.9,0.0,0.0,0.0,0.0,0.0,100.0,True,963.55444,1424.2773,57.199223,406.0810333333333,1.4781492730544028,True,0.50557476,0.6704772549402445,0.6793837699271417,0.4345036975977221,0.587837111390573,False,397,1581.0852,182.05055,1305.8726,1890.2153,617.530765078125,0.5055747362033709,0.6704772549402445,0.6793837699271417,0.4345036975977221,1.0,0.0,0.5965275461507169,0.4772220369205735,Low,317,True
CAND_01043,Al16.61Co19.16Nb33.21Ti17.45W13.57,5,16.61,19.16,0.0,0.0,0.0,0.0,0.0,33.21,0.0,17.45,0.0,13.57,100.0,True,1013.3528,1556.3181,51.843567,366.0386,1.53581075198768,True,0.54710513,0.7741719188211404,0.5835943758999724,0.3486962155428392,0.5945861539337334,False,355,1581.0852,182.05055,1305.8726,1890.2153,567.732405078125,0.5471051454911106,0.7741719188211404,0.5835943758999724,0.3486962155428392,1.0,0.0,0.5964106071205374,0.47712848569642996,Low,318,True
CAND_04413,Al26.36Co20.87Cu7.32Mn25.85Nb19.60,5,26.36,20.87,0.0,7.32,0.0,25.85,0.0,19.6,0.0,0.0,0.0,0.0,100.0,True,806.4702,1577.0072,54.916496,432.3326,1.955443822938381,True,0.374571,0.7904195428168921,0.6385557115045211,0.4907585414757388,0.5827498750836759,False,440,1581.0852,182.05055,1305.8726,1890.2153,774.615005078125,0.3745709686123595,0.7904195428168921,0.6385557115045211,0.49075854147573894,1.0,0.0,0.5959490996708747,0.4767592797366998,Low,319,True
CAND_03877,Al23.19Cr20.96Cu12.96Mn10.98Mo13.47Ni18.44,6,23.19,0.0,20.96,12.96,0.0,10.98,13.47,0.0,18.44,0.0,0.0,0.0,100.0,True,1028.6306,1511.6996,53.375294,361.81053333333335,1.4696233785104256,True,0.5598464,0.7391319890390597,0.6109903104306916,0.3396358332327354,0.5933864726489133,False,363,1581.0852,182.05055,1305.8726,1890.2153,552.454605078125,0.5598463941389822,0.7391319890390597,0.6109903104306916,0.3396358332327354,1.0,0.0,0.5959436633605812,0.47675493068846503,Low,320,True
CAND_01087,Al9.38Co22.29Cr20.80Mn12.91Mo15.61Nb19.01,6,9.38,22.29,20.8,0.0,0.0,12.91,15.61,19.01,0.0,0.0,0.0,0.0,100.0,True,1047.2988,1536.7062,53.051662,336.7,1.4673044204118857,True,0.5754152,0.7587702446525068,0.6052019414301806,0.2858261254047426,0.5944300357743815,False,359,1581.0852,182.05055,1305.8726,1890.2153,533.786405078125,0.5754151395086164,0.7587702446525068,0.6052019414301806,0.28582612540474267,1.0,0.0,0.5959193595126717,0.4767354876101374,Low,321,True
CAND_02587,Al22.10Co12.23Cr40.56Mn19.26Ni5.85,5,22.1,12.23,40.56,0.0,0.0,19.26,0.0,0.0,5.85,0.0,0.0,0.0,100.0,True,748.22,1724.6906,54.436317,369.7483333333333,2.305058228236351,True,0.32599196,0.9063986986822602,0.6299673974988099,0.3566458542118612,0.5807059320756639,False,450,1581.0852,182.05055,1305.8726,1890.2153,832.865205078125,0.3259919662698589,0.9063986986822602,0.6299673974988099,0.35664585421186107,1.0,0.0,0.5959046985535649,0.4767237588428519,Low,322,True
CAND_04854,Al12.82Cr28.63Cu10.25Mo20.34Ti14.90W13.06,6,12.82,0.0,28.63,10.25,0.0,0.0,20.34,0.0,0.0,14.9,0.0,13.06,100.0,True,1174.5709,1233.3215,60.437477,352.498,1.050018756641622,True,0.68155646,0.5205152924475331,0.7373020507812623,0.3196798772538987,0.5928990358912947,False,365,1581.0852,182.05055,1305.8726,1890.2153,406.51430507812506,0.6815564342000505,0.5205152924475331,0.7373020507812623,0.31967987725389874,1.0,0.0,0.595686293106736,0.4765490344853889,Low,323,True
CAND_01988,Al23.22Cr14.70Fe17.98Mn21.67Nb22.43,5,23.22,0.0,14.7,0.0,17.98,21.67,0.0,22.43,0.0,0.0,0.0,0.0,100.0,True,1074.9446,1664.4816,47.304153,318.8903666666667,1.5484348038473097,True,0.5984709,0.8591151922387605,0.502404001406456,0.2476616167713003,0.6000260903453032,False,328,1581.0852,182.05055,1305.8726,1890.2153,506.14060507812496,0.5984709467497985,0.8591151922387605,0.502404001406456,0.24766161677130033,1.0,0.0,0.5952227372967097,0.4761781898373678,Low,324,True
CAND_03653,Al38.74Cu25.29Fe11.89Nb24.08,4,38.74,0.0,0.0,25.29,11.89,0.0,0.0,24.08,0.0,0.0,0.0,0.0,100.0,True,964.8302,1445.0532,46.47209,564.592,1.4977279937003165,True,0.5066387,0.6867930449636548,0.487522012988524,0.7741790318744136,0.5960368921772177,False,351,1581.0852,182.05055,1305.8726,1890.2153,616.255005078125,0.5066386835894481,0.6867930449636548,0.48752201298852404,0.7741790318744136,1.0,0.0,0.5950810430641778,0.47606483445134223,Low,325,True
CAND_04128,Al25.09Co34.79Mn21.27Nb6.18Ti12.67,5,25.09,34.79,0.0,0.0,0.0,21.27,0.0,6.18,0.0,12.67,0.0,0.0,100.0,True,968.27,1522.2592,51.617874,419.5011999999999,1.5721432754232565,True,0.5095074,0.7474246847264284,0.579557709671564,0.4632619576374516,0.5914583637060161,False,375,1581.0852,182.05055,1305.8726,1890.2153,612.815205078125,0.5095073784996411,0.7474246847264284,0.579557709671564,0.4632619576374516,1.0,0.0,0.5949608565899257,0.4759686852719406,Low,326,True
CAND_02329,Cr43.98Mn16.69Nb28.34Ti10.99,4,0.0,0.0,43.98,0.0,0.0,16.69,0.0,28.34,0.0,10.99,0.0,0.0,100.0,True,979.04095,1578.383,55.056866,313.934,1.6121725987052735,True,0.5184901,0.7914999900617387,0.6410663203336905,0.2370405503574022,0.5888196824750735,False,389,1581.0852,182.05055,1305.8726,1890.2153,602.044255078125,0.5184900430275047,0.7914999900617387,0.6410663203336905,0.23704055035740224,1.0,0.0,0.5949484864291152,0.4759587891432922,Low,327,True
CAND_03802,Al15.89Co11.14Cr14.42Ni44.05Ti14.50,5,15.89,11.14,14.42,0.0,0.0,0.0,0.0,0.0,44.05,14.5,0.0,0.0,100.0,True,1218.2102,1359.3196,55.12417,317.9202,1.1158333712307271,True,0.7179504,0.6194644856448747,0.642270096187779,0.2455826332553073,0.5986293888160369,False,334,1581.0852,182.05055,1305.8726,1890.2153,362.875005078125,0.7179503634384925,0.6194644856448747,0.642270096187779,0.24558263325530738,1.0,0.0,0.5948453603977153,0.47587628831817225,Low,328,True
CAND_01630,Al17.32Co24.06Cr14.28Cu8.76Fe15.46V20.12,6,17.32,24.06,14.28,8.76,15.46,0.0,0.0,0.0,0.0,0.0,20.12,0.0,100.0,True,1245.8169,1131.2153,62.471924,344.396,0.9080108842364272,False,0.7409736,0.4403289554277973,0.7736894597766109,0.3023179898325883,0.5931608305689637,True,77,1581.0852,182.05055,1305.8726,1890.2153,335.26830507812497,0.7409735623969289,0.4403289554277973,0.7736894597766109,0.30231798983258834,1.0,0.0,0.5947966136354429,0.47583729090835436,Low,329,True
CAND_00512,Al10.02Cr27.07Fe5.07Mn24.64Nb22.34Ti10.86,6,10.02,0.0,27.07,0.0,5.07,24.64,0.0,22.34,0.0,10.86,0.0,0.0,100.0,True,960.39514,1650.9863,52.741215,310.8773333333333,1.7190698166660885,True,0.50294,0.848517024115939,0.5996493947379449,0.2304903772456842,0.5899230181976489,False,381,1581.0852,182.05055,1305.8726,1890.2153,620.690065078125,0.5029399702780923,0.848517024115939,0.5996493947379449,0.23049037724568414,1.0,0.0,0.5947584748125408,0.4758067798500327,Low,330,True
CAND_04257,Al15.67Cr27.94Fe21.22Mn25.74Nb9.43,5,15.67,0.0,27.94,0.0,21.22,25.74,0.0,9.43,0.0,0.0,0.0,0.0,100.0,True,1070.123,1651.9076,51.934715,251.78966666666676,1.5436613619564048,True,0.59444994,0.8492405421030571,0.5852246172162161,0.1038706022944892,0.5949938884822238,False,353,1581.0852,182.05055,1305.8726,1890.2153,510.96220507812495,0.5944498701235449,0.8492405421030571,0.5852246172162161,0.10387060229448927,1.0,0.0,0.5945326056708415,0.47562608453667327,Low,331,True
CAND_00900,Al23.56Co26.41Cu15.37Fe15.97Ni10.66Ti8.03,6,23.56,26.41,0.0,15.37,15.97,0.0,0.0,0.0,10.66,8.03,0.0,0.0,100.0,True,1014.74445,1390.5437,56.858498,396.8083333333333,1.3703388136336714,True,0.5482658,0.6439854863846722,0.6732896814942947,0.4146331010176696,0.5881927788562147,False,392,1581.0852,182.05055,1305.8726,1890.2153,566.340755078125,0.5482657418257144,0.6439854863846722,0.6732896814942947,0.41463310101766954,1.0,0.0,0.5944439509727691,0.47555516077821536,Low,332,True
CAND_04779,Co20.42Cr20.70Fe12.40Mn17.24Mo10.68Ni18.56,6,0.0,20.42,20.7,0.0,12.4,17.24,10.68,0.0,18.56,0.0,0.0,0.0,100.0,True,868.3833,1599.9684,60.39926,278.732,1.84246794999463,True,0.42620474,0.8084514989721262,0.7366185148574583,0.1616056995792031,0.5787923586234539,False,470,1581.0852,182.05055,1305.8726,1890.2153,712.701905078125,0.4262047248901315,0.8084514989721262,0.7366185148574583,0.1616056995792031,1.0,0.0,0.5943130403082886,0.47545043224663086,Low,333,True
CAND_00060,Al18.19Nb14.32Ni18.97Ti14.17W34.35,5,18.19,0.0,0.0,0.0,0.0,0.0,0.0,14.32,18.97,14.17,0.0,34.35,100.0,True,1184.5293,1368.6514,55.52749,324.4528,1.1554390453750254,True,0.6898615,0.6267929618764919,0.6494837369442127,0.2595814317949829,0.5963044953958163,False,349,1581.0852,182.05055,1305.8726,1890.2153,396.5559050781251,0.6898614552459449,0.6267929618764919,0.6494837369442127,0.2595814317949831,1.0,0.0,0.5942855882269451,0.47542847058155613,Low,334,True
CAND_00572,Al33.62Cu19.15Fe11.69Ti19.63W15.91,5,33.62,0.0,0.0,19.15,11.69,0.0,0.0,0.0,0.0,19.63,0.0,15.91,100.0,True,1065.1139,1488.9624,43.90172,507.3511333333333,1.3979372644939556,True,0.5902724,0.7212759452132672,0.4415492722587955,0.651516790086595,0.6015793540837001,False,323,1581.0852,182.05055,1305.8726,1890.2153,515.9713050781249,0.5902724238549687,0.7212759452132672,0.4415492722587955,0.651516790086595,1.0,0.0,0.5941431897183502,0.4753145517746802,Low,335,True
CAND_03956,Al21.03Co21.58Cr20.01V37.38,4,21.03,21.58,20.01,0.0,0.0,0.0,0.0,0.0,0.0,0.0,37.38,0.0,100.0,True,1210.819,1277.9336,54.724518,385.86966666666666,1.055429120249573,True,0.7117863,0.5555501961630585,0.6351220599991692,0.3911924815155828,0.5976603509603856,False,337,1581.0852,182.05055,1305.8726,1890.2153,370.26620507812504,0.7117863138367075,0.5555501961630585,0.6351220599991692,0.3911924815155828,1.0,0.0,0.5938271275351825,0.475061702028146,Low,336,True
CAND_01007,Al30.44Co22.57Cr17.66V29.33,4,30.44,22.57,17.66,0.0,0.0,0.0,0.0,0.0,0.0,0.0,29.33,0.0,100.0,True,1207.0919,1095.5669,54.428764,524.5163333333333,0.9076085116676478,False,0.70867807,0.4123334505846599,0.6298323071768983,0.6883003336516748,0.5970065969376848,True,72,1581.0852,182.05055,1305.8726,1890.2153,373.9933050781251,0.7086780189359049,0.4123334505846599,0.6298323071768983,0.6883003336516748,1.0,0.0,0.5930642821101949,0.47445142568815596,Low,337,True
CAND_04313,Al44.86Cu18.42Ni24.17W12.55,4,44.86,0.0,0.0,18.42,0.0,0.0,0.0,0.0,24.17,0.0,0.0,12.55,100.0,True,778.25714,1472.7538,53.795784,536.3518666666668,1.8923742837659736,True,0.3510421,0.7085469604677954,0.6185110478145872,0.7136628610899003,0.5795539097916426,False,461,1581.0852,182.05055,1305.8726,1890.2153,802.828065078125,0.3510420827402233,0.7085469604677954,0.6185110478145872,0.7136628610899003,1.0,0.0,0.5929273523332557,0.47434188186660453,Low,338,True
CAND_03950,Al43.96Cu31.15Fe16.21Nb8.68,4,43.96,0.0,0.0,31.15,16.21,0.0,0.0,8.68,0.0,0.0,0.0,0.0,100.0,True,970.31,1518.6327,42.962517,557.7256666666667,1.5651005388185697,True,0.5112087,0.7445767112321444,0.4247510151940215,0.7594650715768917,0.5968431448013117,False,343,1581.0852,182.05055,1305.8726,1890.2153,610.775205078125,0.5112086802081107,0.7445767112321444,0.4247510151940215,0.7594650715768917,1.0,0.0,0.5925202487164112,0.47401619897312897,Low,339,True
CAND_03700,Al17.36Cr15.95Fe8.84Mn30.88Ti26.97,5,17.36,0.0,15.95,0.0,8.84,30.88,0.0,0.0,0.0,26.97,0.0,0.0,100.0,True,1250.3542,1605.7208,42.872852,313.13633333333337,1.2842126961284996,True,0.7447576,0.8129689904180161,0.4231472982981928,0.235331219467943,0.6084044854037978,False,298,1581.0852,182.05055,1305.8726,1890.2153,330.731005078125,0.7447575409468502,0.8129689904180161,0.42314729829819286,0.23533121946794303,1.0,0.0,0.5923239547717667,0.4738591638174134,Low,340,True
CAND_04570,Al35.91Co21.41Mo17.79Ni24.89,4,35.91,21.41,0.0,0.0,0.0,0.0,17.79,0.0,24.89,0.0,0.0,0.0,100.0,True,757.2179,1326.9509,61.838875,520.6386,1.7524029844937934,True,0.33349597,0.5940446043145468,0.7623669663043816,0.6799906854681158,0.5708525210331221,False,540,1581.0852,182.05055,1305.8726,1890.2153,823.867305078125,0.33349595776134877,0.5940446043145468,0.7623669663043816,0.6799906854681158,1.0,0.0,0.592296063446233,0.4738368507569864,Low,341,True
CAND_00919,Cr34.59Ni36.51Ti19.10W9.80,4,0.0,0.0,34.59,0.0,0.0,0.0,0.0,0.0,36.51,19.1,0.0,9.8,100.0,True,1176.333,1418.724,56.80063,265.5916,1.2060564402917235,True,0.683026,0.6661161212836036,0.6722546746429278,0.1334469553838206,0.5928233679821017,False,366,1581.0852,182.05055,1305.8726,1890.2153,404.7522050781249,0.6830259752493126,0.6661161212836036,0.6722546746429278,0.1334469553838208,1.0,0.0,0.5922847758978608,0.47382782071828866,Low,342,True
CAND_03907,Al29.93Co27.83Mn21.94W20.30,4,29.93,27.83,0.0,0.0,0.0,21.94,0.0,0.0,0.0,0.0,0.0,20.3,100.0,True,596.7012,1546.9854,60.072495,492.9268,2.5925630330822784,True,0.1996296,0.7668427357989137,0.7307741101124023,0.6206066874624542,0.5657262358123061,False,589,1581.0852,182.05055,1305.8726,1890.2153,984.384005078125,0.19962961661040898,0.7668427357989137,0.7307741101124023,0.6206066874624544,1.0,0.0,0.5922834610453652,0.4738267688362922,Low,343,True
CAND_00360,Al36.19Fe14.32Nb14.13W35.36,4,36.19,0.0,0.0,0.0,14.32,0.0,0.0,14.13,0.0,0.0,0.0,35.36,100.0,True,1018.3706,1538.9116,42.33925,520.262,1.5111508440403658,True,0.55128986,0.7605021957746062,0.4136034791597557,0.6791836641396949,0.5988160380536678,False,333,1581.0852,182.05055,1305.8726,1890.2153,562.714605078125,0.5512898473110904,0.7605021957746062,0.41360347915975576,0.6791836641396949,1.0,0.0,0.5919317139290354,0.47354537114322837,Low,344,True
CAND_01161,Cr38.92Mo20.45Nb35.43Ti5.20,4,0.0,0.0,38.92,0.0,0.0,0.0,20.45,35.43,0.0,5.2,0.0,0.0,100.0,True,921.0995,1639.5333,53.92076,316.112,1.7799741749912237,True,0.47016853,0.8395227209503424,0.6207463249324491,0.2417078165637234,0.5843501322653085,False,424,1581.0852,182.05055,1305.8726,1890.2153,659.985705078125,0.47016852936269526,0.8395227209503424,0.6207463249324491,0.2417078165637234,1.0,0.0,0.5918790185900697,0.4735032148720558,Low,345,True
CAND_03303,Al32.94Mn35.56Mo8.06Nb23.44,4,32.94,0.0,0.0,0.0,0.0,35.56,8.06,23.44,0.0,0.0,0.0,0.0,100.0,True,852.99536,1526.2742,50.410553,500.62806666666665,1.7893112544288297,True,0.41337165,0.7505777561670878,0.5579639876352203,0.6371098379028587,0.5842423011142439,False,425,1581.0852,182.05055,1305.8726,1890.2153,728.089845078125,0.413371622629431,0.7505777561670878,0.5579639876352203,0.6371098379028587,1.0,0.0,0.5914719044834789,0.4731775235867831,Low,346,True
CAND_02034,Al14.87Co25.18Mo10.98Nb19.69V23.52W5.76,6,14.87,25.18,0.0,0.0,0.0,0.0,10.98,19.69,0.0,0.0,23.52,5.76,100.0,True,1140.2168,1198.9404,61.89493,362.4896,1.0515021382652352,True,0.6529061,0.4935150273146691,0.7633695464705075,0.3410910145482415,0.5859323918819972,False,410,1581.0852,182.05055,1305.8726,1890.2153,440.8684050781251,0.652906096443708,0.4935150273146691,0.7633695464705075,0.34109101454824153,1.0,0.0,0.5914555484287163,0.47316443874297304,Low,347,True
CAND_00077,Al34.26Cr13.69Fe25.01Nb27.04,4,34.26,0.0,13.69,0.0,25.01,0.0,0.0,27.04,0.0,0.0,0.0,0.0,100.0,True,1129.0393,1483.9136,42.914574,477.1688666666666,1.314315268983219,True,0.6435844,0.7173110069593195,0.4238935234287094,0.5868387950252969,0.6022678163629294,False,319,1581.0852,182.05055,1305.8726,1890.2153,452.0459050781251,0.6435843808327179,0.7173110069593195,0.4238935234287094,0.5868387950252969,1.0,0.0,0.5912832735783826,0.47302661886270614,Low,348,True
CAND_02909,Al40.91Co6.49Fe9.00Mn34.66Mo8.94,5,40.91,6.49,0.0,0.0,9.0,34.66,8.94,0.0,0.0,0.0,0.0,0.0,100.0,True,742.0615,1573.9443,48.46498,569.5203333333333,2.121042865433738,True,0.320856,0.7880141773086493,0.5231661479857689,0.7847400252720962,0.5811636014263313,False,447,1581.0852,182.05055,1305.8726,1890.2153,839.023705078125,0.32085595324455957,0.7880141773086493,0.5231661479857689,0.7847400252720962,1.0,0.0,0.5912790896902798,0.4730232717522238,Low,349,True
CAND_00961,Al27.83Co31.70Mn27.82Ti12.65,4,27.83,31.7,0.0,0.0,0.0,27.82,0.0,0.0,0.0,12.65,0.0,0.0,100.0,True,821.64514,1489.1849,55.45678,462.8530666666666,1.8124428960868184,True,0.38722646,0.7214506795583598,0.6482190425628592,0.5561612699764207,0.578082095204061,False,474,1581.0852,182.05055,1305.8726,1890.2153,759.440065078125,0.3872264349593816,0.7214506795583598,0.6482190425628592,0.5561612699764207,1.0,0.0,0.5911317158726742,0.47290537269813937,Low,350,True
CAND_02709,Al31.03Nb35.86Ni16.72Ti16.39,4,31.03,0.0,0.0,0.0,0.0,0.0,0.0,35.86,16.72,16.39,0.0,0.0,100.0,True,1111.3862,1380.2053,47.963623,479.2483333333334,1.2418772719704023,True,0.62886226,0.6358665041226272,0.5141990516634362,0.5912949127941239,0.596662635563877,False,345,1581.0852,182.05055,1305.8726,1890.2153,469.6990050781251,0.6288621998573324,0.6358665041226272,0.5141990516634362,0.5912949127941239,1.0,0.0,0.5909294536192706,0.4727435628954165,Low,351,True
CAND_01361,Al13.62Co9.16Cr31.53Cu28.67Mn17.02,5,13.62,9.16,31.53,28.67,0.0,17.02,0.0,0.0,0.0,0.0,0.0,0.0,100.0,True,887.7887,1513.0808,58.830418,345.128,1.704325371932133,True,0.44238827,0.7402166770275626,0.7085587543903237,0.3038866027173574,0.5775041739318814,False,477,1581.0852,182.05055,1305.8726,1890.2153,693.296505078125,0.4423882739948069,0.7402166770275626,0.7085587543903237,0.3038866027173574,1.0,0.0,0.5908126883316712,0.472650150665337,Low,352,True
CAND_04818,Al24.84Co36.77Cu25.79Mn12.60,4,24.84,36.77,0.0,25.79,0.0,12.6,0.0,0.0,0.0,0.0,0.0,0.0,100.0,True,755.66864,1486.6406,60.057953,429.6901333333333,1.9673181088089493,True,0.33220392,0.71945258250569,0.7305140169757364,0.4850959632504571,0.5708898523701,False,538,1581.0852,182.05055,1305.8726,1890.2153,825.416565078125,0.33220391919033715,0.71945258250569,0.7305140169757364,0.4850959632504571,1.0,0.0,0.5908053541295807,0.4726442833036646,Low,353,True
CAND_04114,Al41.48Cu12.97Nb29.84Ni15.71,4,41.48,0.0,0.0,12.97,0.0,0.0,0.0,29.84,15.71,0.0,0.0,0.0,100.0,True,982.24664,1362.9094,49.518486,548.0813333333334,1.387542945166226,True,0.5211636,0.6222836377887546,0.5420087886154112,0.7387980968068443,0.5893560808322837,False,383,1581.0852,182.05055,1305.8726,1890.2153,598.838565078125,0.5211634968872225,0.6222836377887546,0.5420087886154112,0.7387980968068443,1.0,0.0,0.590398316664082,0.47231865333126566,Low,354,True
CAND_03630,Al7.19Cr37.28Fe8.39Mo38.28Ti8.86,5,7.19,0.0,37.28,0.0,8.39,0.0,38.28,0.0,0.0,8.86,0.0,0.0,100.0,True,1087.9535,1468.3887,55.037952,310.06,1.3496796617340896,True,0.60932,0.705118947480094,0.6407280311309055,0.2287389023852772,0.5888245288188723,False,388,1581.0852,182.05055,1305.8726,1890.2153,493.1317050781249,0.6093199976298532,0.705118947480094,0.6407280311309055,0.2287389023852772,1.0,0.0,0.5903949283485547,0.47231594267884375,Low,355,True
CAND_03923,Al6.30Cr37.56Mn24.53Mo8.24Nb13.75Ti9.62,6,6.3,0.0,37.56,0.0,0.0,24.53,8.24,13.75,0.0,9.62,0.0,0.0,100.0,True,940.36194,1563.7943,58.330444,280.1623333333334,1.6629706456786542,True,0.48623285,0.7800431498808308,0.6996163939233072,0.1646707805849154,0.5794875265463403,False,463,1581.0852,182.05055,1305.8726,1890.2153,640.723265078125,0.4862328539123496,0.7800431498808308,0.6996163939233072,0.16467078058491544,1.0,0.0,0.5901566937070661,0.47212535496565294,Low,356,True
CAND_03125,Al26.61Co19.56Fe21.42Mn6.26Nb26.15,5,26.61,19.56,0.0,0.0,21.42,6.26,0.0,26.15,0.0,0.0,0.0,0.0,100.0,True,996.16016,1545.5864,49.232597,409.0854666666666,1.5515440868647972,True,0.532767,0.7657440690628035,0.5368954777401358,0.4409419391798209,0.5899184893157984,False,382,1581.0852,182.05055,1305.8726,1890.2153,584.925045078125,0.5327669749984124,0.7657440690628035,0.5368954777401358,0.44094193917982094,1.0,0.0,0.5901248986674581,0.4720999189339665,Low,357,True
CAND_01308,Co31.27Cr42.02Cu10.27W16.44,4,0.0,31.27,42.02,10.27,0.0,0.0,0.0,0.0,0.0,0.0,0.0,16.44,100.0,True,592.0663,1452.3546,74.939224,310.4086,2.4530270322895493,True,0.19576424,0.6925270015805486,0.996675236337862,0.2294859221279417,0.5500790739388794,True,111,1581.0852,182.05055,1305.8726,1890.2153,989.018905078125,0.19576424244933732,0.6925270015805486,0.9966752363378621,0.22948592212794178,1.0,0.0,0.5901246203070488,0.4720996962456391,Low,358,True
CAND_00526,Al13.42Co18.70Nb18.19Ni9.13Ti6.93W33.63,6,13.42,18.7,0.0,0.0,0.0,0.0,0.0,18.19,9.13,6.93,0.0,33.63,100.0,True,947.1933,1526.7341,54.662277,363.3096,1.6118506145217917,True,0.49193007,0.7509389261684722,0.6340088391960322,0.3428482038453872,0.5827901474288191,False,439,1581.0852,182.05055,1305.8726,1890.2153,633.891905078125,0.4919300129511593,0.7509389261684722,0.6340088391960322,0.3428482038453872,1.0,0.0,0.5898940634239492,0.4719152507391594,Low,359,True
CAND_02081,Al8.90Cr38.87Fe9.96Ti8.00W34.27,5,8.9,0.0,38.87,0.0,9.96,0.0,0.0,0.0,0.0,8.0,0.0,34.27,100.0,True,986.6215,1562.528,53.989563,321.87,1.5837157073387886,True,0.5248121,0.7790486954934567,0.6219769113773683,0.2540467140917294,0.5847594862224106,False,417,1581.0852,182.05055,1305.8726,1890.2153,594.463705078125,0.5248120051187497,0.7790486954934567,0.6219769113773683,0.25404671409172946,1.0,0.0,0.5896176904546944,0.4716941523637555,Low,360,True
CAND_01996,Al13.01Co27.77Nb39.75Ni7.98W11.49,5,13.01,27.77,0.0,0.0,0.0,0.0,0.0,39.75,7.98,0.0,0.0,11.49,100.0,True,842.02203,1444.8116,61.919434,369.1222,1.7158833643176503,True,0.4042202,0.6866033109511857,0.7638078164623144,0.3553041044656179,0.571494622648242,False,530,1581.0852,182.05055,1305.8726,1890.2153,739.063175078125,0.40422017896443013,0.6866033109511857,0.7638078164623144,0.35530410446561794,1.0,0.0,0.5894739986350002,0.47157919890800015,Low,361,True
CAND_02345,Al35.20Co15.95Fe13.86Nb14.34V20.65,5,35.2,15.95,0.0,0.0,13.86,0.0,0.0,14.34,0.0,0.0,20.65,0.0,100.0,True,1219.8193,1189.6802,49.196136,523.3634000000001,0.9752921313430924,False,0.71929234,0.4862427802026411,0.5362433490194667,0.6858296969277046,0.5985958346141226,True,70,1581.0852,182.05055,1305.8726,1890.2153,361.2659050781249,0.7192923068596193,0.4862427802026411,0.5362433490194667,0.6858296969277046,1.0,0.0,0.5894433700206928,0.47155469601655425,Low,362,True
CAND_00040,Cr36.43Mo21.89Nb23.45Ni18.23,4,0.0,0.0,36.43,0.0,0.0,0.0,21.89,23.45,18.23,0.0,0.0,0.0,100.0,True,989.1499,1420.3217,62.889618,275.344,1.435901370090222,True,0.5269206,0.6673708316798032,0.7811601888803442,0.1543455077027034,0.5767293197883834,False,483,1581.0852,182.05055,1305.8726,1890.2153,591.935305078125,0.5269206184715414,0.6673708316798032,0.7811601888803442,0.15434550770270342,1.0,0.0,0.589441286941335,0.47155302955306805,Low,363,True
CAND_04629,Al22.44Co17.50Cr11.86Ni27.95W20.25,5,22.44,17.5,11.86,0.0,0.0,0.0,0.0,0.0,27.95,0.0,0.0,20.25,100.0,True,733.1483,1595.0829,59.93724,362.5213333333333,2.175661958747249,True,0.31342262,0.8046148039476331,0.728354986388036,0.3411590163454318,0.5686738293022895,False,560,1581.0852,182.05055,1305.8726,1890.2153,847.936905078125,0.3134225991328281,0.8046148039476331,0.728354986388036,0.34115901634543183,1.0,0.0,0.5894204393357225,0.47153635146857803,Low,364,True
CAND_04374,Al11.61Co9.21Cr12.31Fe22.57Nb44.30,5,11.61,9.21,12.31,0.0,22.57,0.0,0.0,44.3,0.0,0.0,0.0,0.0,100.0,True,1186.3542,1523.0133,49.009514,303.5103333333334,1.28377615919307,True,0.6913834,0.748016896724785,0.5329054930608057,0.214703531450474,0.5972520014067556,False,341,1581.0852,182.05055,1305.8726,1890.2153,394.731005078125,0.6913833697007422,0.748016896724785,0.5329054930608057,0.21470353145047405,1.0,0.0,0.5893280890784338,0.4714624712627471,Low,365,True
CAND_03849,Al18.14Cr28.23Cu14.37Fe11.18W28.08,5,18.14,0.0,28.23,14.37,11.18,0.0,0.0,0.0,0.0,0.0,0.0,28.08,100.0,True,963.40643,1554.4646,52.999397,358.394,1.6135086362142086,True,0.5054514,0.7727163228273018,0.604267147881299,0.3323144968831318,0.5843642816536355,False,423,1581.0852,182.05055,1305.8726,1890.2153,617.678775078125,0.5054513000926499,0.7727163228273018,0.604267147881299,0.3323144968831318,1.0,0.0,0.5893050407682124,0.47144403261456996,Low,366,True
CAND_00251,Al21.78Cu9.51Fe14.10Ni18.58Ti11.85W24.18,6,21.78,0.0,0.0,9.51,14.1,0.0,0.0,0.0,18.58,11.85,0.0,24.18,100.0,True,1109.1819,1355.8918,56.72155,346.2016666666667,1.2224251212744122,True,0.6270239,0.61677255581068,0.6708402773628058,0.3061873778092706,0.5867771203704617,False,401,1581.0852,182.05055,1305.8726,1890.2153,471.90330507812496,0.6270238766436169,0.61677255581068,0.6708402773628058,0.30618737780927063,1.0,0.0,0.5889679257843405,0.47117434062747243,Low,367,True
CAND_04809,Cr28.32Mo14.02Nb28.13Ti11.18W18.35,5,0.0,0.0,28.32,0.0,0.0,0.0,14.02,28.13,0.0,11.18,0.0,18.35,100.0,True,905.6647,1565.8063,57.26295,315.194,1.7289029228333763,True,0.4572963,0.7816232195542071,0.6805235688076463,0.2397406217164309,0.5777678478624654,False,475,1581.0852,182.05055,1305.8726,1890.2153,675.420505078125,0.45729634720098544,0.7816232195542071,0.6805235688076463,0.23974062171643098,1.0,0.0,0.5889292165662671,0.4711433732530137,Low,368,True
CAND_03519,Cr44.34Fe18.97Nb20.69Ti6.87V9.13,5,0.0,0.0,44.34,0.0,18.97,0.0,0.0,20.69,0.0,6.87,9.13,0.0,100.0,True,1221.8088,1329.233,59.31373,249.226,1.087922233640768,True,0.72095156,0.595836789703022,0.71720310414058,0.0983768856748355,0.5890938278462653,False,385,1581.0852,182.05055,1305.8726,1890.2153,359.276405078125,0.7209514930110901,0.595836789703022,0.71720310414058,0.09837688567483556,1.0,0.0,0.5889063742570785,0.47112509940566283,Low,369,True
CAND_04148,Al13.89Cr24.53Mo16.95Nb21.38V23.25,5,13.89,0.0,24.53,0.0,0.0,0.0,16.95,21.38,0.0,0.0,23.25,0.0,100.0,True,1397.4514,1173.2389,52.966488,355.567,0.8395561280728503,False,0.8674324,0.473331050818504,0.6036785489929386,0.3262564796355331,0.6020871610056594,True,65,1581.0852,182.05055,1305.8726,1890.2153,183.63380507812508,0.8674324025503345,0.473331050818504,0.6036785489929386,0.3262564796355331,1.0,0.0,0.5888994525263463,0.4711195620210771,Low,370,True
CAND_02802,Al24.86Cr21.60Mo22.04Ni21.55W9.95,5,24.86,0.0,21.6,0.0,0.0,0.0,22.04,0.0,21.55,0.0,0.0,9.95,100.0,True,998.1867,1495.5133,53.004673,377.2397333333334,1.4982300307118177,True,0.5344571,0.7264205169942423,0.604361512575911,0.3726992784809313,0.5852585602101221,False,414,1581.0852,182.05055,1305.8726,1890.2153,582.898505078125,0.5344570514514917,0.7264205169942423,0.604361512575911,0.3726992784809313,1.0,0.0,0.5887537635060587,0.47100301080484697,Low,371,True
CAND_00213,Al34.41Cr15.80Cu10.43Nb12.29Ni19.86V7.21,6,34.41,0.0,15.8,10.43,0.0,0.0,0.0,12.29,19.86,0.0,7.21,0.0,100.0,True,1308.9872,1108.6866,52.529087,467.0986666666667,0.8469804859229356,False,0.7936558,0.4226366514265072,0.5958553473651869,0.5652592247080817,0.5986404746987202,True,69,1581.0852,182.05055,1305.8726,1890.2153,272.09800507812497,0.7936557875511167,0.4226366514265072,0.5958553473651869,0.5652592247080817,1.0,0.0,0.5887504302314996,0.47100034418519976,Low,372,True
CAND_01981,Al16.59Co41.46Cu8.82Mn16.07Ni17.06,5,16.59,41.46,0.0,8.82,0.0,16.07,0.0,0.0,17.06,0.0,0.0,0.0,100.0,True,769.7142,1505.3528,64.15165,331.3766,1.9557296124327044,True,0.34391752,0.7341477016618303,0.803732452767886,0.2744185382042238,0.5655154645477449,False,592,1581.0852,182.05055,1305.8726,1890.2153,811.371005078125,0.3439175148885791,0.7341477016618303,0.803732452767886,0.27441853820422385,1.0,0.0,0.5885062057816932,0.4708049646253546,Low,373,True
CAND_03617,Al11.83Co15.16Cr10.18Mn22.42Ti20.74W19.67,6,11.83,15.16,10.18,0.0,0.0,22.42,0.0,0.0,0.0,20.74,0.0,19.67,100.0,True,936.5819,1636.5481,51.30358,341.28926666666666,1.7473624932958434,True,0.48308042,0.8371783750313745,0.5739363568799777,0.2956605281711015,0.583910814971109,False,428,1581.0852,182.05055,1305.8726,1890.2153,644.503305078125,0.4830804085642694,0.8371783750313745,0.5739363568799777,0.29566052817110156,1.0,0.0,0.5884536009401382,0.4707628807521106,Low,374,True
CAND_00436,Al44.16Cr8.17Mn20.42Mo10.96Ni16.29,5,44.16,0.0,8.17,0.0,0.0,20.42,10.96,0.0,16.29,0.0,0.0,0.0,100.0,True,859.5918,1543.1562,46.720985,536.1353333333334,1.7952197840999202,True,0.4188729,0.7638355773529429,0.4919736620911534,0.713198848826719,0.5847857958305874,False,416,1581.0852,182.05055,1305.8726,1890.2153,721.493405078125,0.4188728651009103,0.7638355773529429,0.49197366209115345,0.713198848826719,1.0,0.0,0.5884408154324643,0.47075265234597147,Low,375,True
CAND_00980,Al12.58Cr21.87Fe22.04Mn5.24Mo17.81Nb20.46,6,12.58,0.0,21.87,0.0,22.04,5.24,17.81,20.46,0.0,0.0,0.0,0.0,100.0,True,1228.4645,1455.7502,50.960064,289.12533333333334,1.185016112892617,True,0.7265022,0.6951936440173861,0.5677923495952236,0.1838777167682287,0.5960384951293345,False,350,1581.0852,182.05055,1305.8726,1890.2153,352.62070507812496,0.7265021566292575,0.6951936440173861,0.5677923495952236,0.18387771676822878,1.0,0.0,0.5881029947563317,0.47048239580506535,Low,376,True
CAND_04975,Al15.20Co25.59Cu13.87Ni24.74Ti20.60,5,15.2,25.59,0.0,13.87,0.0,0.0,0.0,0.0,24.74,20.6,0.0,0.0,100.0,True,910.4151,1415.7191,62.521244,331.4404,1.5550259434934044,True,0.46125808,0.6637563045035197,0.7745715800833332,0.2745552561031969,0.5723305028421783,False,521,1581.0852,182.05055,1305.8726,1890.2153,670.670105078125,0.4612580450617279,0.6637563045035197,0.7745715800833332,0.2745552561031969,1.0,0.0,0.5879961650569674,0.4703969320455739,Low,377,True
CAND_02014,Al41.27Cr16.25Cu27.05Nb9.05Ti6.38,5,41.27,0.0,16.25,27.05,0.0,0.0,0.0,9.05,0.0,6.38,0.0,0.0,100.0,True,1015.59106,1546.4888,37.00809,592.867,1.5227475448819083,True,0.5489718,0.7664527444471252,0.3182522120391859,0.8347699189192855,0.5994059018004639,False,330,1581.0852,182.05055,1305.8726,1890.2153,565.494145078125,0.5489717903744434,0.7664527444471252,0.3182522120391859,0.8347699189192855,1.0,0.0,0.587869922377397,0.4702959379019176,Low,378,True
CAND_01237,Al12.12Co17.51Cr40.70Cu19.36W10.31,5,12.12,17.51,40.7,19.36,0.0,0.0,0.0,0.0,0.0,0.0,0.0,10.31,100.0,True,814.26794,1553.7183,57.84504,370.291,1.908116745608976,True,0.38107407,0.77213023634756,0.6909346273911842,0.3578087420881836,0.572366261834552,False,520,1581.0852,182.05055,1305.8726,1890.2153,766.817265078125,0.38107406095755675,0.77213023634756,0.6909346273911842,0.35780874208818364,1.0,0.0,0.58785928567424,0.470287428539392,Low,379,True
CAND_01906,Al7.38Cr33.62Fe23.79Nb35.21,4,7.38,0.0,33.62,0.0,23.79,0.0,0.0,35.21,0.0,0.0,0.0,0.0,100.0,True,1075.7083,1414.9814,60.339146,260.3956666666667,1.315395133792893,True,0.5991078,0.6631769718007116,0.7355433368339727,0.1223125182594111,0.5809181559828117,False,449,1581.0852,182.05055,1305.8726,1890.2153,505.376905078125,0.5991078507276212,0.6631769718007116,0.7355433368339727,0.12231251825941114,1.0,0.0,0.5877399330112222,0.47019194640897777,Low,380,True
CAND_04955,Al31.27Co8.07Mn25.87Nb15.30Ni6.96W12.53,6,31.27,8.07,0.0,0.0,0.0,25.87,0.0,15.3,6.96,0.0,0.0,12.53,100.0,True,779.8178,1562.7635,52.544594,474.0666666666666,2.0040110392997788,True,0.35234365,0.7792336390362401,0.5961327001550559,0.5801910479062659,0.5755350244976716,False,497,1581.0852,182.05055,1305.8726,1890.2153,801.267405078125,0.3523436285854881,0.7792336390362401,0.5961327001550559,0.5801910479062659,1.0,0.0,0.5877244660897006,0.47017957287176054,Low,381,True
CAND_03975,Al6.49Co24.09Cr30.56Mo16.62Nb9.75V12.49,6,6.49,24.09,30.56,0.0,0.0,0.0,16.62,9.75,0.0,0.0,12.49,0.0,100.0,True,1361.3279,1026.702,63.10224,313.445,0.7541915613686444,False,0.83730644,0.3582522676571745,0.78496307176469,0.2359926655204457,0.5903072919502876,True,80,1581.0852,182.05055,1305.8726,1890.2153,219.757305078125,0.8373064357533223,0.35825226765717455,0.78496307176469,0.23599266552044576,1.0,0.0,0.5876901105929568,0.4701520884743655,Low,382,True
CAND_01959,Al34.39Co17.26Nb28.91V19.44,4,34.39,17.26,0.0,0.0,0.0,0.0,0.0,28.91,0.0,0.0,19.44,0.0,100.0,True,1119.9506,1191.768,50.73712,554.6357333333334,1.0641255435229848,True,0.6360046,0.4878823773517839,0.5638048510213807,0.7528436108668587,0.5910438645568896,False,377,1581.0852,182.05055,1305.8726,1890.2153,461.1346050781251,0.6360046647357724,0.4878823773517839,0.5638048510213807,0.7528436108668587,1.0,0.0,0.5874338763259213,0.469947101060737,Low,383,True
CAND_01275,Al10.90Co39.94Cr10.25Mn6.67Nb32.24,5,10.9,39.94,10.25,0.0,0.0,6.67,0.0,32.24,0.0,0.0,0.0,0.0,100.0,True,958.5322,1568.0295,51.563335,369.634,1.635865186946595,True,0.50138634,0.7833691494239142,0.5785822441523356,0.3564008477366901,0.5835323452963077,False,432,1581.0852,182.05055,1305.8726,1890.2153,622.553005078125,0.5013863315502607,0.7833691494239142,0.5785822441523356,0.3564008477366901,1.0,0.0,0.5873921281209437,0.46991370249675496,Low,384,True
CAND_01541,Al14.71Mn12.11Mo10.40Ni25.36Ti27.47W9.95,6,14.71,0.0,0.0,0.0,0.0,12.11,10.4,0.0,25.36,27.47,0.0,9.95,100.0,True,1093.4014,1379.7695,57.89073,314.24940000000004,1.2619057753230272,True,0.61386335,0.6355242604031156,0.6917518227848205,0.2377164253626702,0.5834117082702677,False,433,1581.0852,182.05055,1305.8726,1890.2153,487.68380507812503,0.6138633905600355,0.6355242604031156,0.6917518227848205,0.23771642536267026,1.0,0.0,0.5873061364007901,0.4698449091206321,Low,385,True
CAND_01239,Al21.63Co13.09Cr18.63Cu23.99Ni12.93Ti9.73,6,21.63,13.09,18.63,23.99,0.0,0.0,0.0,0.0,12.93,9.73,0.0,0.0,100.0,True,1175.6182,1490.4307,46.7031,366.3936,1.2677846817623373,True,0.68242985,0.7224290348262983,0.4916537772232351,0.3494569499336767,0.5967896582346555,False,344,1581.0852,182.05055,1305.8726,1890.2153,405.4670050781251,0.6824298524742075,0.7224290348262983,0.49165377722323517,0.3494569499336767,1.0,0.0,0.5872508492234634,0.46980067937877074,Low,386,True
CAND_01965,Cr40.65Fe17.41Mo10.74Nb20.99V10.21,5,0.0,0.0,40.65,0.0,17.41,0.0,10.74,20.99,0.0,0.0,10.21,0.0,100.0,True,1347.615,1165.1855,59.12062,285.726,0.8646278858899847,False,0.8258703,0.467006531381342,0.7137492060783098,0.1765932385355897,0.5927893323437817,False,367,1581.0852,182.05055,1305.8726,1890.2153,233.470205078125,0.8258702689895605,0.46700653138134207,0.7137492060783098,0.17659323853558972,1.0,0.0,0.5871832742656241,0.4697466194124993,Low,387,True
CAND_00874,Al28.72Cr11.46Cu8.60Mn13.14Nb29.90Ni8.18,6,28.72,0.0,11.46,8.6,0.0,13.14,0.0,29.9,8.18,0.0,0.0,0.0,100.0,True,978.96576,1421.6141,50.83184,474.9593333333333,1.4521591654537662,True,0.5184274,0.6683857829948489,0.5654989798829531,0.5821039556045409,0.5847342907639664,False,418,1581.0852,182.05055,1305.8726,1890.2153,602.119445078125,0.5184273367160048,0.6683857829948489,0.5654989798829531,0.5821039556045409,1.0,0.0,0.587087856383023,0.4696702851064184,Low,388,True
CAND_00392,Al12.64Cr22.70Fe21.83Ni25.20Ti8.75V8.88,6,12.64,0.0,22.7,0.0,21.83,0.0,0.0,0.0,25.2,8.75,8.88,0.0,100.0,True,1459.3134,1190.5942,55.04424,262.1693333333334,0.8158591822208764,False,0.9190235,0.4869605653325944,0.6408404961043175,0.1261133329952291,0.6009223596342547,True,67,1581.0852,182.05055,1305.8726,1890.2153,121.771805078125,0.9190235428882523,0.4869605653325944,0.6408404961043175,0.12611333299522914,1.0,0.0,0.5870132041024211,0.4696105632819369,Low,389,True
CAND_04031,Co41.07Cr27.54Mn12.03Ti9.54W9.82,5,0.0,41.07,27.54,0.0,0.0,12.03,0.0,0.0,0.0,9.54,0.0,9.82,100.0,True,753.8487,1603.7605,61.461388,309.4966,2.127430229817578,True,0.33068615,0.8114295219385332,0.755615365569918,0.2275315847633114,0.5656682872434068,False,590,1581.0852,182.05055,1305.8726,1890.2153,827.236505078125,0.3306861412338115,0.8114295219385332,0.755615365569918,0.22753158476331148,1.0,0.0,0.5869147392754849,0.4695317914203879,Low,390,True
CAND_03392,Al17.13Co37.00Cr24.26Cu13.53Mn8.08,5,17.13,37.0,24.26,13.53,0.0,8.08,0.0,0.0,0.0,0.0,0.0,0.0,100.0,True,945.55945,1523.3319,54.5709,359.04973333333334,1.6110376802134465,True,0.49056742,0.7482671006004994,0.6323745020657122,0.3337196768771745,0.5798019379744233,False,458,1581.0852,182.05055,1305.8726,1890.2153,635.525755078125,0.4905674287372458,0.7482671006004994,0.6323745020657122,0.3337196768771745,1.0,0.0,0.5868922895157511,0.4695138316126009,Low,391,True
CAND_03613,Al40.86Cr5.87Cu18.13Nb13.69W21.45,5,40.86,0.0,5.87,18.13,0.0,0.0,0.0,13.69,0.0,0.0,0.0,21.45,100.0,True,952.45917,1495.3218,41.934822,585.684,1.5699589557792388,True,0.49632165,0.7262701276590277,0.4063700211020276,0.8193773692590445,0.591276649430326,False,376,1581.0852,182.05055,1305.8726,1890.2153,628.626035078125,0.49632159806271775,0.7262701276590277,0.4063700211020276,0.8193773692590445,1.0,0.0,0.5867790495328526,0.46942323962628213,Low,392,True
CAND_03138,Al19.12Cr36.12Fe23.15Mo21.61,4,19.12,0.0,36.12,0.0,23.15,0.0,21.61,0.0,0.0,0.0,0.0,0.0,100.0,True,1054.3243,1491.4252,55.220818,300.39566666666667,1.4145791216767347,True,0.5812743,0.7232100384496446,0.6439987085844561,0.2080290693396895,0.5835493333655989,False,431,1581.0852,182.05055,1305.8726,1890.2153,526.760905078125,0.5812742057600154,0.7232100384496446,0.6439987085844561,0.20802906933968957,1.0,0.0,0.5866855359511874,0.46934842876094995,Low,393,True
CAND_03933,Al8.14Co43.83Cr9.25Fe6.74Mo11.03Nb21.01,6,8.14,43.83,9.25,0.0,6.74,0.0,11.03,21.01,0.0,0.0,0.0,0.0,100.0,True,1042.3635,1511.464,53.338825,324.6474,1.4500353889815742,True,0.57129925,0.7389469669639864,0.6103380386248146,0.2599984428159886,0.5846581545570039,False,419,1581.0852,182.05055,1305.8726,1890.2153,538.7217050781251,0.5712992403312583,0.7389469669639864,0.6103380386248146,0.2599984428159886,1.0,0.0,0.5866100781818533,0.46928806254548266,Low,394,True
CAND_03135,Al31.85Mn29.34Ni22.00Ti16.81,4,31.85,0.0,0.0,0.0,0.0,29.34,0.0,0.0,22.0,16.81,0.0,0.0,100.0,True,1011.22174,1425.5746,51.829674,431.9582,1.409754698293207,True,0.54532796,0.6714960543374965,0.5833458905507978,0.4899562345576275,0.584377112556049,False,422,1581.0852,182.05055,1305.8726,1890.2153,569.863465078125,0.5453279023446146,0.6714960543374965,0.5833458905507978,0.48995623455762743,1.0,0.0,0.5862779942362861,0.4690223953890289,Low,395,True
CAND_00273,Al21.45Mn29.60Nb40.21Ti8.74,4,21.45,0.0,0.0,0.0,0.0,29.6,0.0,40.21,0.0,8.74,0.0,0.0,100.0,True,1086.8422,1554.575,48.20617,348.74933333333337,1.430359488065866,True,0.6083932,0.7728030224753838,0.5185371626535946,0.311646807808492,0.5907401792448977,False,379,1581.0852,182.05055,1305.8726,1890.2153,494.24300507812495,0.6083932051844501,0.7728030224753838,0.5185371626535946,0.311646807808492,1.0,0.0,0.5862473780060798,0.4689979024048639,Low,396,True
CAND_01758,Al18.67Cr25.20Ni18.69Ti5.65V31.79,5,18.67,0.0,25.2,0.0,0.0,0.0,0.0,0.0,18.69,5.65,31.79,0.0,100.0,True,1394.615,1228.4369,52.034184,324.013,0.8808430345306645,False,0.86506695,0.5166793042136492,0.58700368503433,0.2586389783158553,0.6000706429359033,False,327,1581.0852,182.05055,1305.8726,1890.2153,186.470205078125,0.8650669259984212,0.5166793042136492,0.58700368503433,0.2586389783158553,1.0,0.0,0.5861674750213772,0.4689339800171018,Low,397,True
CAND_04170,Al24.48Nb32.52Ni23.84W19.16,4,24.48,0.0,0.0,0.0,0.0,0.0,0.0,32.52,23.84,0.0,0.0,19.16,100.0,True,936.4376,1443.0557,57.63726,370.1334666666666,1.5410056857921155,True,0.48296008,0.685224362472318,0.6872183468289215,0.3574711617378457,0.5758805982120669,False,489,1581.0852,182.05055,1305.8726,1890.2153,644.647605078125,0.48296006648753786,0.685224362472318,0.6872183468289215,0.3574711617378457,1.0,0.0,0.5860935036729331,0.4688748029383465,Low,398,True
CAND_02322,Al36.30Mn17.99Nb39.91W5.80,4,36.3,0.0,0.0,0.0,0.0,17.99,0.0,39.91,0.0,0.0,0.0,5.8,100.0,True,825.5865,1490.4341,48.971794,551.683,1.8053034101216368,True,0.39051342,0.7224317049241559,0.5322308463055426,0.7465161579270307,0.5789186787346456,False,467,1581.0852,182.05055,1305.8726,1890.2153,755.498705078125,0.3905134165778591,0.7224317049241559,0.5322308463055426,0.7465161579270307,1.0,0.0,0.5860045432024289,0.46880363456194313,Low,399,True
CAND_01201,Al8.85Co39.20Cr25.37Cu5.57Mo11.17V9.84,6,8.85,39.2,25.37,5.57,0.0,0.0,11.17,0.0,0.0,0.0,9.84,0.0,100.0,True,1195.3912,1120.4866,64.336525,326.20059999999995,0.9373388116489468,False,0.69892,0.4319034616381582,0.8070390624942709,0.2633268164944357,0.580505838985993,False,451,1581.0852,182.05055,1305.8726,1890.2153,385.694005078125,0.6989199694749778,0.43190346163815824,0.8070390624942709,0.2633268164944357,1.0,0.0,0.5859117720826386,0.46872941766611087,Low,400,True
CAND_03483,Al28.54Co12.73Mo10.87Ni15.19Ti24.71W7.96,6,28.54,12.73,0.0,0.0,0.0,0.0,10.87,0.0,15.19,24.71,0.0,7.96,100.0,True,905.6897,1434.9258,54.8936,441.0203333333333,1.584345945782751,True,0.4573172,0.6788397658333603,0.6381462016395024,0.5093756049267015,0.5767899908245786,False,482,1581.0852,182.05055,1305.8726,1890.2153,675.395505078125,0.45731719648662855,0.6788397658333603,0.6381462016395024,0.5093756049267015,1.0,0.0,0.5858314301025211,0.4686651440820169,Low,401,True
CAND_03851,Al32.66Fe24.18Nb30.93Ti12.23,4,32.66,0.0,0.0,0.0,24.18,0.0,0.0,30.93,0.0,12.23,0.0,0.0,100.0,True,1165.9629,1421.8121,43.21537,476.52206666666666,1.2194316915505392,True,0.6743776,0.6685412769289087,0.429273455703261,0.5854527583943289,0.5980119498099248,False,336,1581.0852,182.05055,1305.8726,1890.2153,415.122305078125,0.6743776081674491,0.6685412769289087,0.42927345570326103,0.5854527583943289,1.0,0.0,0.5857567355906625,0.4686053884725301,Low,402,True
CAND_04632,Al29.80Mn24.43Ni29.24Ti16.53,4,29.8,0.0,0.0,0.0,0.0,24.43,0.0,0.0,29.24,16.53,0.0,0.0,100.0,True,973.884,1444.9073,53.39924,412.8852,1.4836544612018654,True,0.5141893,0.686678466352648,0.6114186002292474,0.4490844400887737,0.5804776468528109,False,453,1581.0852,182.05055,1305.8726,1890.2153,607.201205078125,0.5141892940836357,0.686678466352648,0.6114186002292474,0.4490844400887737,1.0,0.0,0.5853391095087935,0.46827128760703485,Low,403,True
CAND_00967,Co23.17Cr29.61Mn17.05Nb12.71Ni17.46,5,0.0,23.17,29.61,0.0,0.0,17.05,0.0,12.71,17.46,0.0,0.0,0.0,100.0,True,893.3347,1460.1548,63.71237,281.688,1.634499110518737,True,0.4470135,0.6986526772596098,0.7958756440019279,0.1679401527040356,0.567859795230447,False,570,1581.0852,182.05055,1305.8726,1890.2153,687.750505078125,0.4470134795218525,0.6986526772596098,0.7958756440019279,0.1679401527040356,1.0,0.0,0.5853028891645298,0.46824231133162386,Low,404,True
CAND_03018,Al29.17Cr19.77Mo34.49Nb16.57,4,29.17,0.0,19.77,0.0,0.0,0.0,34.49,16.57,0.0,0.0,0.0,0.0,100.0,True,995.14703,1459.4581,47.473797,486.53743333333335,1.4665753407175166,True,0.5319221,0.6981055427956727,0.5054381947826447,0.6069148256061053,0.5864050749083217,False,404,1581.0852,182.05055,1305.8726,1890.2153,585.938175078125,0.5319220535278721,0.6981055427956727,0.5054381947826447,0.6069148256061053,1.0,0.0,0.5850808584963791,0.46806468679710334,Low,405,True
CAND_02044,Al19.76Co28.84Cr6.23Cu11.03Mn12.38W21.76,6,19.76,28.84,6.23,11.03,0.0,12.38,0.0,0.0,0.0,0.0,0.0,21.76,100.0,True,777.7706,1456.797,62.563553,377.4912,1.8730419278232413,True,0.35063636,0.6960157200283655,0.7753283040909796,0.373238149865389,0.5638134249100231,False,602,1581.0852,182.05055,1305.8726,1890.2153,803.314605078125,0.3506363222827532,0.6960157200283655,0.7753283040909796,0.37323814986538917,1.0,0.0,0.5850480102863003,0.46803840822904025,Low,406,True
CAND_00608,Al28.34Co34.24Cu5.68Mn25.99W5.75,5,28.34,34.24,0.0,5.68,0.0,25.99,0.0,0.0,0.0,0.0,0.0,5.75,100.0,True,609.1721,1531.2812,60.394882,468.1584,2.513708608595249,True,0.21003002,0.754509867923845,0.7365402114774333,0.567530141868035,0.5586265432919377,False,650,1581.0852,182.05055,1305.8726,1890.2153,971.913105078125,0.21002999086342602,0.754509867923845,0.7365402114774333,0.567530141868035,1.0,0.0,0.5849520428164453,0.4679616342531563,Low,407,True
CAND_01254,Al8.77Cr40.77Cu11.03Mo12.48Nb5.59Ti21.36,6,8.77,0.0,40.77,11.03,0.0,0.0,12.48,5.59,0.0,21.36,0.0,0.0,100.0,True,1063.0879,1489.8494,53.4852,319.019,1.4014357732210672,True,0.5885828,0.7219725266249397,0.6129560507881661,0.2479372669134826,0.5835962167644078,False,430,1581.0852,182.05055,1305.8726,1890.2153,517.997305078125,0.588582797746459,0.7219725266249397,0.6129560507881661,0.2479372669134826,1.0,0.0,0.5848148626975689,0.4678518901580551,Low,408,True
CAND_02539,Al26.68Cu9.79Mn13.00Nb11.91Ni33.44Ti5.18,6,26.68,0.0,0.0,9.79,0.0,13.0,0.0,11.91,33.44,5.18,0.0,0.0,100.0,True,942.1554,1584.0931,48.981285,403.24736666666666,1.681350133484285,True,0.48772854,0.7959842623489886,0.5324005990190687,0.4284313942582767,0.5824787073776012,False,441,1581.0852,182.05055,1305.8726,1890.2153,638.929805078125,0.48772854830552226,0.7959842623489886,0.5324005990190687,0.4284313942582767,1.0,0.0,0.5847123046255392,0.4677698437004314,Low,409,True
CAND_04536,Co9.79Cr32.71Nb36.90V20.60,4,0.0,9.79,32.71,0.0,0.0,0.0,0.0,36.9,0.0,0.0,20.6,0.0,100.0,True,1163.7078,1211.817,61.82528,317.138,1.0413413382895418,True,0.6724969,0.5036273161596985,0.7621238108792011,0.2439064460989324,0.5799542008625546,False,457,1581.0852,182.05055,1305.8726,1890.2153,417.3774050781251,0.6724969192053069,0.5036273161596985,0.7621238108792011,0.24390644609893244,1.0,0.0,0.5844355348278365,0.46754842786226924,Low,410,True
CAND_02062,Cr28.80Nb19.70Ti30.90W20.60,4,0.0,0.0,28.8,0.0,0.0,0.0,0.0,19.7,0.0,30.9,0.0,20.6,100.0,True,969.99347,1505.5195,57.115227,306.098,1.5520924086038002,True,0.5109448,0.7342786149891425,0.6778814467867631,0.2202486780007756,0.5760746949207562,False,488,1581.0852,182.05055,1305.8726,1890.2153,611.091735078125,0.5109447032327277,0.7342786149891425,0.6778814467867631,0.22024867800077563,1.0,0.0,0.5844214960410699,0.4675371968328559,Low,411,True
CAND_00503,Al18.38Cr28.07Mn27.45Ni11.20V5.71W9.19,6,18.38,0.0,28.07,0.0,0.0,27.45,0.0,0.0,11.2,0.0,5.71,9.19,100.0,True,1046.3491,1317.8984,61.760162,316.2153333333334,1.259520721556491,True,0.57462317,0.5869354687687017,0.7609591330581721,0.2419292509873475,0.5749967707383926,False,500,1581.0852,182.05055,1305.8726,1890.2153,534.7361050781251,0.5746231168456096,0.5869354687687017,0.7609591330581721,0.2419292509873475,1.0,0.0,0.5843135474075667,0.46745083792605335,Low,412,True
CAND_02397,Al37.19Cu28.08Ni14.44Ti9.43W10.86,5,37.19,0.0,0.0,28.08,0.0,0.0,0.0,0.0,14.44,9.43,0.0,10.86,100.0,True,999.86945,1429.9677,48.577957,484.1994666666667,1.4301544126641044,True,0.5358605,0.6749460563663783,0.5251868151774272,0.6019047646259221,0.5848243880022617,False,415,1581.0852,182.05055,1305.8726,1890.2153,581.215755078125,0.5358604168681229,0.6749460563663783,0.5251868151774272,0.6019047646259221,1.0,0.0,0.5842906803740607,0.46743254429924863,Low,413,True
CAND_03370,Al33.39Co20.94Cu9.32V36.35,4,33.39,20.94,0.0,9.32,0.0,0.0,0.0,0.0,0.0,0.0,36.35,0.0,100.0,True,995.3512,1083.4736,60.883224,534.8253333333332,1.0885339808094687,True,0.53209233,0.4028363051666464,0.7452745260521588,0.7103916317788395,0.5733559736423138,True,95,1581.0852,182.05055,1305.8726,1890.2153,585.734005078125,0.5320923254738615,0.4028363051666464,0.7452745260521588,0.7103916317788395,1.0,0.0,0.5840150755009329,0.46721206040074637,Low,414,True
CAND_01707,Al10.09Cr25.35Fe14.11Mn26.04Nb24.41,5,10.09,0.0,25.35,0.0,14.11,26.04,0.0,24.41,0.0,0.0,0.0,0.0,100.0,True,993.8818,1647.4076,49.91545,305.333,1.6575488570175965,True,0.5308669,0.845706589056241,0.5491087481741657,0.2186093489613653,0.5830406453692594,False,436,1581.0852,182.05055,1305.8726,1890.2153,587.203405078125,0.530866887860908,0.845706589056241,0.5491087481741657,0.21860934896136533,1.0,0.0,0.5839527254785537,0.46716218038284296,Low,415,True
CAND_03838,Al24.72Cr21.90Cu8.42Fe29.64Ni15.32,5,24.72,0.0,21.9,8.42,29.64,0.0,0.0,0.0,15.32,0.0,0.0,0.0,100.0,True,981.5887,1570.4845,52.393383,328.27336666666656,1.5999415289395846,True,0.52061486,0.7852971171416772,0.5934281929835271,0.2677685767409564,0.5802959345925979,False,454,1581.0852,182.05055,1305.8726,1890.2153,599.496505078125,0.520614793727384,0.7852971171416772,0.5934281929835271,0.2677685767409564,1.0,0.0,0.5839365779805508,0.46714926238444066,Low,416,True
CAND_02451,Cr33.49Fe9.02Mo25.63Nb31.86,4,0.0,0.0,33.49,0.0,9.02,0.0,25.63,31.86,0.0,0.0,0.0,0.0,100.0,True,985.8291,1465.0039,57.59517,315.95,1.4860627442200955,True,0.52415115,0.7024607865305688,0.6864655397788414,0.2413606645318482,0.5758040734479236,False,491,1581.0852,182.05055,1305.8726,1890.2153,595.256105078125,0.524151166161009,0.7024607865305688,0.6864655397788414,0.2413606645318482,1.0,0.0,0.5839197891128525,0.467135831290282,Low,417,True
CAND_03567,Co26.51Cr13.09Nb15.03Ni31.52Ti6.08W7.77,6,0.0,26.51,13.09,0.0,0.0,0.0,0.0,15.03,31.52,6.08,0.0,7.77,100.0,True,973.5134,1444.1888,60.973675,282.33540000000005,1.4834811301586377,True,0.51388025,0.6861142118495063,0.746892301069664,0.16932747508327,0.5721205359361988,False,522,1581.0852,182.05055,1305.8726,1890.2153,607.571805078125,0.5138802242732637,0.6861142118495063,0.746892301069664,0.16932747508327003,1.0,0.0,0.5837711312065575,0.46701690496524606,Low,418,True
CAND_00720,Al30.51Mo6.81Nb29.40W33.28,4,30.51,0.0,0.0,0.0,0.0,0.0,6.81,29.4,0.0,0.0,0.0,33.28,100.0,True,859.8485,1526.9744,48.352394,505.8753333333333,1.775864446961681,True,0.41908696,0.7511276392611723,0.521152474083647,0.6483542779344881,0.5786056408709292,False,473,1581.0852,182.05055,1305.8726,1890.2153,721.236705078125,0.4190869455658927,0.7511276392611723,0.521152474083647,0.6483542779344881,1.0,0.0,0.5837089120850921,0.46696712966807374,Low,419,True
CAND_01210,Al25.95Co33.88Cu6.84Nb11.12Ni14.44V7.77,6,25.95,33.88,0.0,6.84,0.0,0.0,0.0,11.12,14.44,0.0,7.77,0.0,100.0,True,1095.3716,1182.178,57.714394,449.41739999999993,1.0792483750653608,True,0.6155065,0.4803511307475693,0.688597938632221,0.5273697947731474,0.580012234159318,False,456,1581.0852,182.05055,1305.8726,1890.2153,485.71360507812506,0.6155064810629899,0.4803511307475693,0.688597938632221,0.5273697947731474,1.0,0.0,0.5836668102956566,0.4669334482365253,Low,420,True
CAND_00790,Al43.35Co6.66Cu20.59Mn8.85Ni7.32W13.23,6,43.35,6.66,0.0,20.59,0.0,8.85,0.0,0.0,7.32,0.0,0.0,13.23,100.0,True,757.34467,1475.6036,48.20028,612.328,1.9483910921489465,True,0.33360168,0.7107849736661991,0.5184318161692759,0.8764731639336181,0.5743949331962679,False,504,1581.0852,182.05055,1305.8726,1890.2153,823.740535078125,0.33360168031898735,0.7107849736661991,0.5184318161692759,0.8764731639336181,1.0,0.0,0.5836364316204321,0.4669091452963457,Low,421,True
CAND_03364,Al27.05Co31.25Mn7.85Ti33.85,4,27.05,31.25,0.0,0.0,0.0,7.85,0.0,0.0,0.0,33.85,0.0,0.0,100.0,True,889.25226,1356.2725,56.20156,480.43573333333336,1.5251830820105194,True,0.44360888,0.6170715282384406,0.6615399177056159,0.5938394086129418,0.572665022143483,False,518,1581.0852,182.05055,1305.8726,1890.2153,691.832945078125,0.44360884121463423,0.6170715282384406,0.6615399177056159,0.5938394086129418,1.0,0.0,0.5835615553788167,0.4668492443030534,Low,422,True
CAND_03286,Cr32.33Cu5.75Fe10.21Mo21.34Nb20.83Ti9.54,6,0.0,0.0,32.33,5.75,10.21,0.0,21.34,20.83,0.0,9.54,0.0,0.0,100.0,True,1088.1407,1467.8038,53.77003,309.834,1.3489098758151317,True,0.60947615,0.7046596121162977,0.6180504207590451,0.2282546038716736,0.5829915300905213,False,437,1581.0852,182.05055,1305.8726,1890.2153,492.9445050781251,0.6094761170807479,0.7046596121162977,0.6180504207590451,0.22825460387167362,1.0,0.0,0.5834202297135408,0.46673618377083265,Low,423,True
CAND_01537,Al28.32Co5.99Cr16.60Nb10.96Ni38.13,5,28.32,5.99,16.6,0.0,0.0,0.0,0.0,10.96,38.13,0.0,0.0,0.0,100.0,True,992.9553,1598.8254,45.25137,417.57143333333335,1.610168518309527,True,0.5300942,0.8075538748982349,0.4656886411145937,0.459126634061043,0.5865855797572235,False,403,1581.0852,182.05055,1305.8726,1890.2153,588.129905078125,0.5300942133349779,0.8075538748982349,0.46568864111459374,0.459126634061043,1.0,0.0,0.5833653032467495,0.4666922425973996,Low,424,True
CAND_01901,Al14.73Cr21.61Mn10.22Ni11.99Ti41.45,5,14.73,0.0,21.61,0.0,0.0,10.22,0.0,0.0,11.99,41.45,0.0,0.0,100.0,True,1108.3761,1437.951,52.759037,334.831,1.297349339970178,True,0.6263519,0.6812155246682998,0.5999681528098509,0.2818210195555167,0.5845354283416544,False,421,1581.0852,182.05055,1305.8726,1890.2153,472.70910507812505,0.6263518624687713,0.6812155246682998,0.5999681528098509,0.28182101955551675,1.0,0.0,0.5832162217939656,0.4665729774351725,Low,425,True
CAND_00542,Al21.29Cr28.15Mo33.79Ni16.77,4,21.29,0.0,28.15,0.0,0.0,0.0,33.79,0.0,16.77,0.0,0.0,0.0,100.0,True,994.7689,1465.7489,55.35381,344.75533333333334,1.473456668385047,True,0.53160673,0.7030458520905417,0.6463773570806368,0.3030880101831261,0.5774533284854139,False,478,1581.0852,182.05055,1305.8726,1890.2153,586.316305078125,0.5316067039126645,0.7030458520905417,0.6463773570806368,0.30308801018312614,1.0,0.0,0.5831918402569887,0.46655347220559096,Low,426,True
CAND_01606,Al22.07Co10.58Cr13.91Cu9.41Ti44.03,5,22.07,10.58,13.91,9.41,0.0,0.0,0.0,0.0,0.0,44.03,0.0,0.0,100.0,True,1150.9288,1307.6002,53.750275,385.7267,1.1361260249104594,True,0.66183966,0.5788480564872082,0.6176970897237797,0.39088611627593,0.585263514953911,False,413,1581.0852,182.05055,1305.8726,1890.2153,430.1564050781251,0.6618395983560253,0.5788480564872082,0.6176970897237797,0.39088611627593,1.0,0.0,0.5830563608936922,0.46644508871495377,Low,427,True
CAND_04251,Al14.84Cr22.89Nb19.02V43.25,4,14.84,0.0,22.89,0.0,0.0,0.0,0.0,19.02,0.0,0.0,43.25,0.0,100.0,True,1349.7551,1185.0232,53.607872,348.64,0.8779542128319355,False,0.8276551,0.4825855314606361,0.6151501193661519,0.3114125159022058,0.5935715957197014,True,76,1581.0852,182.05055,1305.8726,1890.2153,231.33010507812492,0.827655051237745,0.48258553146063615,0.6151501193661519,0.31141251590220587,1.0,0.0,0.5829463354428036,0.4663570683542429,Low,428,True
CAND_03434,Co27.42Cr20.44Nb42.09W10.05,4,0.0,27.42,20.44,0.0,0.0,0.0,0.0,42.09,0.0,0.0,0.0,10.05,100.0,True,804.5251,1518.839,61.950512,318.2716,1.8878702820707365,True,0.37294883,0.7447387233462683,0.764363666723716,0.2463356531565475,0.5633475352265596,False,606,1581.0852,182.05055,1305.8726,1890.2153,776.560105078125,0.37294881079219067,0.7447387233462683,0.764363666723716,0.24633565315654754,1.0,0.0,0.5829182676925252,0.46633461415402017,Low,429,True
CAND_04753,Al24.24Co29.71Cr9.57Fe21.40Ni15.08,5,24.24,29.71,9.57,0.0,21.4,0.0,0.0,0.0,15.08,0.0,0.0,0.0,100.0,True,919.9898,1523.1508,54.918186,356.6357999999999,1.6556170385772333,True,0.46924314,0.7481248786234376,0.6385859382546906,0.3285468258803979,0.5741389256622573,False,506,1581.0852,182.05055,1305.8726,1890.2153,661.095405078125,0.4692430712715733,0.7481248786234376,0.6385859382546906,0.32854682588039796,1.0,0.0,0.5826060367633915,0.4660848294107132,Low,430,True
CAND_03786,Al37.47Co15.80Ni25.93W20.80,4,37.47,15.8,0.0,0.0,0.0,0.0,0.0,0.0,25.93,0.0,0.0,20.8,100.0,True,601.333,1486.5398,60.15844,502.47100000000006,2.472074176349744,True,0.20349242,0.7193734219574414,0.732311292386556,0.6410590851329644,0.5560964415585734,False,679,1581.0852,182.05055,1305.8726,1890.2153,979.752205078125,0.20349240546006092,0.7193734219574414,0.732311292386556,0.6410590851329644,1.0,0.0,0.5825373784381591,0.4660299027505273,Low,431,True
CAND_00020,Al10.46Cr37.76Mn16.57Ti35.21,4,10.46,0.0,37.76,0.0,0.0,16.57,0.0,0.0,0.0,35.21,0.0,0.0,100.0,True,991.82715,1469.6387,55.50145,339.131,1.4817488131023964,True,0.52915335,0.7061006011042095,0.649017994592488,0.2910355487966466,0.5764860154034961,False,485,1581.0852,182.05055,1305.8726,1890.2153,589.258055078125,0.5291533684710514,0.7061006011042095,0.649017994592488,0.2910355487966466,1.0,0.0,0.5824792531462691,0.4659834025170153,Low,432,True
CAND_03373,Al13.81Cr30.68Fe21.19Mo22.45Ni11.87,5,13.81,0.0,30.68,0.0,21.19,0.0,22.45,0.0,11.87,0.0,0.0,0.0,100.0,True,1037.9224,1414.8474,59.69543,279.1410000000001,1.3631534015002365,True,0.5675955,0.6630717385322066,0.7240300571226557,0.162482151313999,0.5745800120398901,False,502,1581.0852,182.05055,1305.8726,1890.2153,543.1628050781251,0.5675954898324913,0.6630717385322066,0.7240300571226557,0.16248215131399904,1.0,0.0,0.5824017338516814,0.4659213870813451,Low,433,True
CAND_04248,Al12.03Co30.35Cr12.13Mn30.16Ti15.33,5,12.03,30.35,12.13,0.0,0.0,30.16,0.0,0.0,0.0,15.33,0.0,0.0,100.0,True,919.1746,1557.5449,54.704548,334.70626666666664,1.6945038118211335,True,0.4685633,0.7751353529539925,0.6347648835489411,0.2815537267770646,0.5740338723250651,False,507,1581.0852,182.05055,1305.8726,1890.2153,661.910605078125,0.468563217765326,0.7751353529539925,0.6347648835489411,0.28155372677706464,1.0,0.0,0.5823439344087713,0.4658751475270171,Low,434,True
CAND_00399,Al30.66Co8.01Cr9.04Nb10.71Ti27.08W14.50,6,30.66,8.01,9.04,0.0,0.0,0.0,0.0,10.71,0.0,27.08,0.0,14.5,100.0,True,970.831,1551.7834,43.265,496.0063333333333,1.598407354262627,True,0.51164323,0.770610715069719,0.4301611205617897,0.6272058618692065,0.5862973461964972,False,406,1581.0852,182.05055,1305.8726,1890.2153,610.254205078125,0.5116431793209113,0.770610715069719,0.43016112056178973,0.6272058618692065,1.0,0.0,0.5822232248000615,0.4657785798400492,Low,435,True
CAND_03289,Al14.73Co24.85Cr28.25Fe25.11Nb7.06,5,14.73,24.85,28.25,0.0,25.11,0.0,0.0,7.06,0.0,0.0,0.0,0.0,100.0,True,938.74194,1485.4757,59.73933,290.2956666666667,1.5824111306714257,True,0.48488182,0.7185377598603042,0.7248152372010237,0.1863856401919193,0.5701875377161894,False,547,1581.0852,182.05055,1305.8726,1890.2153,642.343265078125,0.4848818202026826,0.7185377598603042,0.7248152372010237,0.1863856401919193,1.0,0.0,0.582184200197857,0.4657473601582856,Low,436,True
CAND_02215,Al31.20Mn22.19Ti16.25W30.36,4,31.2,0.0,0.0,0.0,0.0,22.19,0.0,0.0,0.0,16.25,0.0,30.36,100.0,True,917.8524,1530.5532,47.385025,475.2556666666666,1.6675373640303086,True,0.46746054,0.7539381528531601,0.5038504497731482,0.5827389723871272,0.5797930700127119,False,459,1581.0852,182.05055,1305.8726,1890.2153,663.232805078125,0.4674605407462384,0.7539381528531601,0.5038504497731482,0.5827389723871272,1.0,0.0,0.5816125618325212,0.465290049466017,Low,437,True
CAND_01926,Co8.52Cr31.70Nb20.20Ni10.13V29.45,5,0.0,8.52,31.7,0.0,0.0,0.0,0.0,20.2,10.13,0.0,29.45,0.0,100.0,True,1279.6014,1049.4783,64.77961,302.761,0.8201602990127828,False,0.76914895,0.3761390176083294,0.8149639261622379,0.2130977747269034,0.5792920427350815,True,90,1581.0852,182.05055,1305.8726,1890.2153,301.483805078125,0.769148870029181,0.3761390176083294,0.8149639261622379,0.21309777472690342,1.0,0.0,0.581582766847501,0.4652662134780008,Low,438,True
CAND_01041,Co22.02Cr22.07Mn13.65Mo20.57Nb21.69,5,0.0,22.02,22.07,0.0,0.0,13.65,20.57,21.69,0.0,0.0,0.0,0.0,100.0,True,922.5258,1562.1874,55.11651,318.964,1.6933806834859633,True,0.4713581,0.7787812145139578,0.6421330921012117,0.2478194066557472,0.5727479785498188,False,516,1581.0852,182.05055,1305.8726,1890.2153,658.559405078125,0.4713580228072004,0.7787812145139578,0.6421330921012117,0.2478194066557472,1.0,0.0,0.581286708684713,0.4650293669477704,Low,439,True
CAND_03476,Al32.60Co5.78Cu9.07Fe21.19Mn21.22Nb10.14,6,32.6,5.78,0.0,9.07,21.19,21.22,0.0,10.14,0.0,0.0,0.0,0.0,100.0,True,981.02484,1581.5499,45.12133,433.23599999999993,1.612140522242396,True,0.5201446,0.793987029151508,0.4633627910601292,0.4926944497818868,0.5839843544766538,False,427,1581.0852,182.05055,1305.8726,1890.2153,600.060365078125,0.5201445505992772,0.793987029151508,0.46336279106012923,0.49269444978188687,1.0,0.0,0.5811452511805935,0.4649162009444748,Low,440,True
CAND_03778,Al41.92Fe16.80Mo7.00Nb12.60V21.68,5,41.92,0.0,0.0,0.0,16.8,0.0,7.0,12.6,0.0,0.0,21.68,0.0,100.0,True,1275.6289,1185.5498,43.232178,563.517,0.9293845523500968,False,0.76583594,0.4829990824994035,0.4295740777250653,0.7718753995641313,0.5978253512682263,True,71,1581.0852,182.05055,1305.8726,1890.2153,305.45630507812507,0.7658359185405065,0.4829990824994035,0.42957407772506534,0.7718753995641313,1.0,0.0,0.5810122376370869,0.4648097901096695,Low,441,True
CAND_01073,Cr28.09Cu6.36Fe32.92Nb17.53Ti15.10,5,0.0,0.0,28.09,6.36,32.92,0.0,0.0,17.53,0.0,15.1,0.0,0.0,100.0,True,1283.7756,1353.4492,54.392235,248.7040000000001,1.0542723847902715,True,0.7726301,0.6148543260968682,0.6291789622319619,0.097258284683238,0.5881288186747952,False,393,1581.0852,182.05055,1305.8726,1890.2153,297.30960507812506,0.7726300335544232,0.6148543260968682,0.6291789622319619,0.09725828468323812,1.0,0.0,0.5809562375897405,0.4647649900717924,Low,442,True
CAND_01480,Al35.31Cu16.71Fe22.14Nb25.84,4,35.31,0.0,0.0,16.71,22.14,0.0,0.0,25.84,0.0,0.0,0.0,0.0,100.0,True,1076.6915,1417.7007,44.670647,497.74966666666666,1.3167194713714123,True,0.59992784,0.6653125003607577,0.4553020322159565,0.6309416748871219,0.5880388651606275,False,395,1581.0852,182.05055,1305.8726,1890.2153,504.3937050781251,0.5999278114333895,0.6653125003607577,0.45530203221595655,0.6309416748871219,1.0,0.0,0.58080756386443,0.464646051091544,Low,443,True
CAND_02382,Al14.91Co21.14Fe10.06Mn5.57Ni32.69Ti15.63,6,14.91,21.14,0.0,0.0,10.06,5.57,0.0,0.0,32.69,15.63,0.0,0.0,100.0,True,856.90625,1444.2081,62.039505,330.4338,1.685374683636629,True,0.41663322,0.6861293685814627,0.7659553644620807,0.2723981990952616,0.5631773530727646,False,607,1581.0852,182.05055,1305.8726,1890.2153,724.178955078125,0.4166331931385668,0.6861293685814627,0.7659553644620807,0.27239819909526175,1.0,0.0,0.580643448061994,0.4645147584495952,Low,444,True
CAND_03895,Al20.31Co14.36Mn40.34Ti24.99,4,20.31,14.36,0.0,0.0,0.0,40.34,0.0,0.0,0.0,24.99,0.0,0.0,100.0,True,930.98706,1543.8527,53.45309,352.28533333333337,1.658296624545049,True,0.47841448,0.7643825547523001,0.6123817425349453,0.3192241509239886,0.5738181734338339,False,508,1581.0852,182.05055,1305.8726,1890.2153,650.098145078125,0.47841447187279174,0.7643825547523001,0.6123817425349453,0.31922415092398865,1.0,0.0,0.5805165297929697,0.46441322383437583,Low,445,True
CAND_02105,Cr30.04Fe36.30Mo10.99V22.67,4,0.0,0.0,30.04,0.0,36.3,0.0,10.99,0.0,0.0,0.0,22.67,0.0,100.0,True,1388.7909,1272.7106,53.607224,251.02900000000005,0.9164162912549252,False,0.8602098,0.5514484546600539,0.6151385294643118,0.1022405592147792,0.5926182113636572,False,368,1581.0852,182.05055,1305.8726,1890.2153,192.29430507812503,0.8602097930178827,0.5514484546600539,0.6151385294643118,0.10224055921477923,1.0,0.0,0.5803646273739973,0.4642917018991979,Low,446,True
CAND_00158,Al26.95Mn17.27Mo14.19Nb17.73Ni23.86,5,26.95,0.0,0.0,0.0,0.0,17.27,14.19,17.73,23.86,0.0,0.0,0.0,100.0,True,974.49695,1275.7196,59.53071,417.7469666666666,1.3091057927899747,True,0.5147005,0.5538114912640247,0.7210839326919313,0.4595027868593667,0.5697500022084909,False,550,1581.0852,182.05055,1305.8726,1890.2153,606.588255078125,0.514700476869031,0.5538114912640247,0.7210839326919313,0.45950278685936674,1.0,0.0,0.5800691644329494,0.4640553315463596,Low,447,True
CAND_00106,Cr36.21Mo19.74Nb35.68Ni8.37,4,0.0,0.0,36.21,0.0,0.0,0.0,19.74,35.68,8.37,0.0,0.0,0.0,100.0,True,917.7982,1490.826,58.452396,314.551,1.624350506603421,True,0.46741536,0.7227394729683887,0.7017975848325816,0.2383627281578154,0.5682502680222168,False,565,1581.0852,182.05055,1305.8726,1890.2153,663.287005078125,0.4674153394949643,0.7227394729683887,0.7017975848325816,0.23836272815781545,1.0,0.0,0.5799693614377045,0.4639754891501636,Low,448,True
CAND_02849,Al29.06Cr7.38Cu13.81Fe8.10Ti16.64W25.01,6,29.06,0.0,7.38,13.81,8.1,0.0,0.0,0.0,0.0,16.64,0.0,25.01,100.0,True,1161.488,1396.454,43.549507,473.7953333333333,1.2022973594074984,True,0.6706457,0.6486269803163605,0.4352497134673997,0.5796096039681048,0.591535683159284,False,374,1581.0852,182.05055,1305.8726,1890.2153,419.59720507812494,0.6706456694344927,0.6486269803163605,0.43524971346739977,0.5796096039681048,1.0,0.0,0.579765866088967,0.4638126928711736,Low,449,True
CAND_04654,Al27.14Fe18.73Nb6.25Ni22.55Ti13.21W12.12,6,27.14,0.0,0.0,0.0,18.73,0.0,0.0,6.25,22.55,13.21,0.0,12.12,100.0,True,1167.9067,1424.7454,48.26957,368.9618333333333,1.2199136740119565,True,0.67599875,0.6708448645894033,0.5196711129262265,0.3549604525262451,0.5872149386326467,False,399,1581.0852,182.05055,1305.8726,1890.2153,413.178505078125,0.6759986818247644,0.6708448645894033,0.5196711129262265,0.35496045252624514,1.0,0.0,0.5793985315898168,0.46351882527185345,Low,450,True
CAND_00461,Al23.34Cr18.19Fe16.22Ni10.69Ti31.56,5,23.34,0.0,18.19,0.0,16.22,0.0,0.0,0.0,10.69,31.56,0.0,0.0,100.0,True,1208.2594,1500.7894,43.126255,372.6405,1.2421086074131085,True,0.7096517,0.730563959143199,0.4276795759154757,0.3628435180072614,0.5934111369049506,False,362,1581.0852,182.05055,1305.8726,1890.2153,372.8258050781251,0.7096516805754335,0.730563959143199,0.42767957591547573,0.36284351800726145,1.0,0.0,0.57931250836255,0.46345000669004,Low,451,True
CAND_04966,Al17.56Fe9.75Nb42.10Ti21.68W8.91,5,17.56,0.0,0.0,0.0,9.75,0.0,0.0,42.1,0.0,21.68,0.0,8.91,100.0,True,1229.0093,1455.6501,45.30934,354.869,1.1844093668243802,True,0.7269565,0.6951150331951671,0.4667254723023614,0.3247607258191823,0.5920169448385364,False,372,1581.0852,182.05055,1305.8726,1890.2153,352.07590507812506,0.72695650426199,0.6951150331951671,0.4667254723023614,0.3247607258191823,1.0,0.0,0.5790053865876333,0.4632043092701067,Low,452,True
CAND_02987,Cr21.92Nb22.58Ni26.72Ti28.78,4,0.0,0.0,21.92,0.0,0.0,0.0,0.0,22.58,26.72,28.78,0.0,0.0,100.0,True,1237.164,1449.0251,50.309883,270.0692,1.1712474415449985,True,0.73375726,0.6899122689873545,0.5561634391502699,0.1430420661117471,0.5875980306192324,False,398,1581.0852,182.05055,1305.8726,1890.2153,343.921205078125,0.7337572910473125,0.6899122689873545,0.5561634391502699,0.14304206611174716,1.0,0.0,0.5787183451198774,0.4629746760959019,Low,453,True
CAND_01305,Al18.27Cr14.30Fe28.51Mn6.00Mo10.78Ni22.14,6,18.27,0.0,14.3,0.0,28.51,6.0,10.78,0.0,22.14,0.0,0.0,0.0,100.0,True,1109.7799,1560.6598,50.99649,259.3743333333334,1.4062786592525591,True,0.6275226,0.7775815552529984,0.5684438523181082,0.1201238889884947,0.5816607982772527,False,443,1581.0852,182.05055,1305.8726,1890.2153,471.305305078125,0.6275225915561977,0.7775815552529984,0.5684438523181082,0.12012388898849476,1.0,0.0,0.5787068535086556,0.4629654828069245,Low,454,True
CAND_02437,Al26.37Cr6.42Ni24.19Ti43.02,4,26.37,0.0,6.42,0.0,0.0,0.0,0.0,0.0,24.19,43.02,0.0,0.0,100.0,True,1081.6864,1241.4192,57.584656,401.5835666666666,1.147670155075371,True,0.60409343,0.5268746016891338,0.6862774900443548,0.4248660143160924,0.5745896968141075,False,501,1581.0852,182.05055,1305.8726,1890.2153,499.39880507812495,0.6040934153077206,0.5268746016891338,0.6862774900443548,0.42486601431609244,1.0,0.0,0.5786988834943905,0.4629591067955124,Low,455,True
CAND_02290,Cr29.51Mo11.10Ni26.56Ti6.05V26.78,5,0.0,0.0,29.51,0.0,0.0,0.0,11.1,0.0,26.56,6.05,26.78,0.0,100.0,True,1413.4071,1165.3151,55.747944,271.8514,0.8244723663099722,False,0.88073903,0.4671083092290903,0.6534267002470955,0.1468611670451289,0.5897400707353233,True,84,1581.0852,182.05055,1305.8726,1890.2153,167.6781050781251,0.880739000427702,0.46710830922909036,0.6534267002470955,0.14686116704512894,1.0,0.0,0.5783744280065506,0.46269954240524047,Low,456,True
CAND_03535,Co22.62Nb23.11Ni32.86V21.41,4,0.0,22.62,0.0,0.0,0.0,0.0,0.0,23.11,32.86,0.0,21.41,0.0,100.0,True,1081.4628,1126.9869,69.4682,285.8302,1.042094959502076,True,0.6039069,0.4370082960804291,0.8988224105275228,0.1768165301511538,0.5635026587672644,False,604,1581.0852,182.05055,1305.8726,1890.2153,499.622405078125,0.6039069392969295,0.4370082960804291,0.8988224105275228,0.17681653015115384,1.0,0.0,0.5782484263292911,0.4625987410634329,Low,457,True
CAND_03481,Al14.62Co31.17Cu19.80Mn12.83Mo5.70Ni15.88,6,14.62,31.17,0.0,19.8,0.0,12.83,5.7,0.0,15.88,0.0,0.0,0.0,100.0,True,820.9519,1462.8604,62.115425,331.1924,1.7819075543200107,True,0.38664833,0.7007774468959355,0.767313243085081,0.274023813486499,0.5591596224472657,False,648,1581.0852,182.05055,1305.8726,1890.2153,760.133305078125,0.3866482926082152,0.7007774468959355,0.767313243085081,0.27402381348649923,1.0,0.0,0.5781928521693336,0.46255428173546687,Low,458,True
CAND_01809,Al34.73Cr17.39Fe20.18Mn9.55W18.15,5,34.73,0.0,17.39,0.0,20.18,9.55,0.0,0.0,0.0,0.0,0.0,18.15,100.0,True,917.8596,1613.5088,43.22392,473.1871333333333,1.7579036775914585,True,0.46746656,0.8190850851577057,0.4294263780192074,0.5783062838089289,0.5800680315193651,False,455,1581.0852,182.05055,1305.8726,1890.2153,663.225605078125,0.4674665453405036,0.8190850851577057,0.42942637801920747,0.5783062838089291,1.0,0.0,0.5781660178595392,0.46253281428763143,Low,459,True
CAND_02571,Co12.38Cr34.88Nb17.51Ni16.68W18.55,5,0.0,12.38,34.88,0.0,0.0,0.0,0.0,17.51,16.68,0.0,0.0,18.55,100.0,True,893.22644,1483.287,61.223713,283.986,1.660594596020314,True,0.4469232,0.7168189236306228,0.7513643934713724,0.1728645685635976,0.562893428576996,False,610,1581.0852,182.05055,1305.8726,1890.2153,687.858765078125,0.44692319377530404,0.7168189236306228,0.7513643934713724,0.1728645685635976,1.0,0.0,0.5781154788589642,0.4624923830871714,Low,460,True
CAND_02250,Al20.78Cr19.82Fe14.20Mo31.96Nb13.24,5,20.78,0.0,19.82,0.0,14.2,0.0,31.96,13.24,0.0,0.0,0.0,0.0,100.0,True,1231.2614,1463.9432,44.163666,363.244,1.188978438234181,True,0.7288347,0.7016277945312892,0.4462343469924679,0.3427076287016156,0.5921034849524877,False,371,1581.0852,182.05055,1305.8726,1890.2153,349.8238050781249,0.7288346913098551,0.7016277945312892,0.4462343469924679,0.34270762870161564,1.0,0.0,0.5779734595898333,0.46237876767186664,Low,461,True
CAND_01557,Al14.67Cr37.71Nb7.28Ni40.34,4,14.67,0.0,37.71,0.0,0.0,0.0,0.0,7.28,40.34,0.0,0.0,0.0,100.0,True,922.9008,1563.5789,55.107914,306.71259999999995,1.694200362295478,True,0.47167084,0.7798739913283231,0.6419793470453199,0.2215657128081239,0.5691931538650498,False,556,1581.0852,182.05055,1305.8726,1890.2153,658.184405078125,0.47167076209184555,0.7798739913283231,0.6419793470453199,0.22156571280812398,1.0,0.0,0.5777085489562729,0.46216683916501833,Low,462,True
CAND_02028,Al14.29Fe11.86Mn13.91Mo11.39Nb22.46Ti26.09,6,14.29,0.0,0.0,0.0,11.86,13.91,11.39,22.46,0.0,26.09,0.0,0.0,100.0,True,1204.8934,1380.5848,49.197647,356.197,1.145814860158369,True,0.70684457,0.6361645341629087,0.5362703742381093,0.3276065153150475,0.5861113045616583,False,408,1581.0852,182.05055,1305.8726,1890.2153,376.19180507812507,0.7068445327564584,0.6361645341629087,0.5362703742381093,0.32760651531504753,1.0,0.0,0.5775825830066771,0.4620660664053417,Low,463,True
CAND_02963,Cr30.80Cu13.72Fe16.51Nb18.03V20.94,5,0.0,0.0,30.8,13.72,16.51,0.0,0.0,18.03,0.0,0.0,20.94,0.0,100.0,True,1439.8153,1157.8617,53.86417,289.103,0.8041737672008747,False,0.9027627,0.4612549835315038,0.6197341759430447,0.1838298583605422,0.5917133311137316,True,79,1581.0852,182.05055,1305.8726,1890.2153,141.26990507812502,0.9027626846324126,0.46125498353150385,0.6197341759430447,0.18382985836054228,1.0,0.0,0.577561897754549,0.46204951820363926,Low,464,True
CAND_01771,Co5.49Cr40.97Mo14.56Nb27.62Ni11.36,5,0.0,5.49,40.97,0.0,0.0,0.0,14.56,27.62,11.36,0.0,0.0,0.0,100.0,True,871.56104,1463.3329,61.903027,298.824,1.67897925787568,True,0.42885485,0.7011485119658512,0.7635143665865562,0.2046611231868269,0.5605787755493259,False,636,1581.0852,182.05055,1305.8726,1890.2153,709.524165078125,0.4288548692485004,0.7011485119658512,0.7635143665865562,0.20466112318682697,1.0,0.0,0.5773117493558713,0.46184939948469705,Low,465,True
CAND_02440,Al18.63Cr20.23Cu27.00Fe18.84Nb15.30,5,18.63,0.0,20.23,27.0,18.84,0.0,0.0,15.3,0.0,0.0,0.0,0.0,100.0,True,1206.6943,1644.0834,42.195797,276.9106666666666,1.362468813382376,True,0.7083465,0.843096018674413,0.4110377288685907,0.1577027392866808,0.5918476034806546,False,373,1581.0852,182.05055,1305.8726,1890.2153,374.3909050781249,0.7083464318970386,0.843096018674413,0.41103772886859075,0.15770273928668088,1.0,0.0,0.5769821431301629,0.4615857145041304,Low,466,True
CAND_00525,Cr27.74Fe18.45Mo34.00Nb19.81,4,0.0,0.0,27.74,0.0,18.45,0.0,34.0,19.81,0.0,0.0,0.0,0.0,100.0,True,1140.6226,1490.2032,53.11087,250.3243333333333,1.306482314217282,True,0.6532445,0.7222503738667093,0.6062609150538713,0.1007305193065814,0.5793232704172537,False,465,1581.0852,182.05055,1305.8726,1890.2153,440.4626050781251,0.6532445220482653,0.7222503738667093,0.6062609150538713,0.10073051930658146,1.0,0.0,0.5769740950842277,0.4615792760673822,Low,467,True
CAND_00342,Cr35.13Mn14.04Nb33.09W17.74,4,0.0,0.0,35.13,0.0,0.0,14.04,0.0,33.09,0.0,0.0,0.0,17.74,100.0,True,820.54816,1530.7598,59.889874,314.872,1.865533165152481,True,0.3863116,0.754100400564154,0.7275078146433437,0.2390506034802347,0.5598581475140435,False,642,1581.0852,182.05055,1305.8726,1890.2153,760.537045078125,0.38631158498479484,0.754100400564154,0.7275078146433437,0.23905060348023474,1.0,0.0,0.5769179513304832,0.46153436106438656,Low,468,True
CAND_03035,Al24.52Cu11.07Mn17.41Nb8.89Ti18.64W19.47,6,24.52,0.0,0.0,11.07,0.0,17.41,0.0,8.89,0.0,18.64,0.0,19.47,100.0,True,1071.3647,1497.5183,45.374825,418.8050333333333,1.3977670120843786,True,0.59548545,0.7279950894073236,0.467896714157303,0.4617701324963587,0.5832838658476253,False,435,1581.0852,182.05055,1305.8726,1890.2153,509.7205050781249,0.595485412442862,0.7279950894073236,0.467896714157303,0.4617701324963587,1.0,0.0,0.5769044140545574,0.4615235312436459,Low,469,True
CAND_00058,Al23.90Co22.54Ti30.28W23.28,4,23.9,22.54,0.0,0.0,0.0,0.0,0.0,0.0,0.0,30.28,0.0,23.28,100.0,True,867.6741,1476.838,54.071625,420.88593333333336,1.7020653805452064,True,0.42561328,0.7117543762530857,0.6234446436687362,0.4662293217749326,0.5670058692135855,False,579,1581.0852,182.05055,1305.8726,1890.2153,713.411105078125,0.42561327235501056,0.7117543762530857,0.6234446436687362,0.4662293217749326,1.0,0.0,0.5768974223315391,0.46151793786523126,Low,470,True
CAND_03823,Al11.73Co34.56Cr16.44Cu10.15Nb12.18V14.94,6,11.73,34.56,16.44,10.15,0.0,0.0,0.0,12.18,0.0,0.0,14.94,0.0,100.0,True,1256.4695,1150.7754,56.395683,368.4026,0.9158801038142628,False,0.74985754,0.4556899498702477,0.6650119339323368,0.3537620637116836,0.5809815504113038,False,448,1581.0852,182.05055,1305.8726,1890.2153,324.6157050781251,0.7498575264065583,0.45568994987024775,0.6650119339323368,0.3537620637116837,1.0,0.0,0.5767392562991674,0.46139140503933396,Low,471,True
CAND_00699,Al30.82Co15.24Mn21.02Ni24.54W8.38,5,30.82,15.24,0.0,0.0,0.0,21.02,0.0,0.0,24.54,0.0,0.0,8.38,100.0,True,700.46454,1497.7582,57.966774,448.0647,2.1382355815594267,True,0.2861653,0.7281834883708639,0.6931119192285433,0.5244710753069902,0.5562532782139804,False,678,1581.0852,182.05055,1305.8726,1890.2153,880.620665078125,0.28616527720772356,0.7281834883708639,0.6931119192285433,0.5244710753069902,1.0,0.0,0.5766006028778016,0.4612804823022413,Low,472,True
CAND_02579,Al27.27Cu31.25Fe14.00Mo7.43Ni20.05,5,27.27,0.0,0.0,31.25,14.0,0.0,7.43,0.0,20.05,0.0,0.0,0.0,100.0,True,939.4844,1440.3616,54.69374,389.7270333333333,1.5331405591497995,True,0.485501,0.6831086240493341,0.6345715754330639,0.3994584856885501,0.5691445513296843,False,557,1581.0852,182.05055,1305.8726,1890.2153,641.600805078125,0.48550101062742296,0.6831086240493341,0.6345715754330639,0.39945848568855014,1.0,0.0,0.5765980853548577,0.4612784682838862,Low,473,True
CAND_04838,Al14.95Co32.62V39.93W12.50,4,14.95,32.62,0.0,0.0,0.0,0.0,0.0,0.0,0.0,0.0,39.93,12.5,100.0,True,962.0202,1209.6152,65.63021,361.567,1.2573698521971466,True,0.5042953,0.5018981922000363,0.8301774608925324,0.3391139622975749,0.5602695160036438,False,637,1581.0852,182.05055,1305.8726,1890.2153,619.065005078125,0.5042952238831737,0.5018981922000363,0.8301774608925324,0.3391139622975749,1.0,0.0,0.5765635962432002,0.4612508769945602,Low,474,True
CAND_04062,Al39.95Co16.07Cr9.40Fe23.35Ni11.23,5,39.95,16.07,9.4,0.0,23.35,0.0,0.0,0.0,11.23,0.0,0.0,0.0,100.0,True,863.15814,1495.4893,48.233368,506.4940666666666,1.732578570572458,True,0.4218471,0.7264016692446592,0.5190236165891631,0.6496801701187815,0.5716825619463792,False,526,1581.0852,182.05055,1305.8726,1890.2153,717.927065078125,0.4218470907553141,0.7264016692446592,0.5190236165891631,0.6496801701187815,1.0,0.0,0.5765413839567923,0.46123310716543386,Low,475,True
CAND_04572,Al23.18Co28.17Fe11.98Mn20.04Nb16.63,5,23.18,28.17,0.0,0.0,11.98,20.04,0.0,16.63,0.0,0.0,0.0,0.0,100.0,True,865.7678,1549.7078,52.477005,393.965,1.7899808241250807,True,0.4240235,0.7689806988599475,0.5949238268904359,0.4085400828450464,0.5679132344952545,False,568,1581.0852,182.05055,1305.8726,1890.2153,715.317405078125,0.4240234726261597,0.7689806988599475,0.5949238268904359,0.40854008284504645,1.0,0.0,0.5764582383084119,0.46116659064672955,Low,476,True
CAND_01800,Co43.52Cr5.10Ni41.93V9.45,4,0.0,43.52,5.1,0.0,0.0,0.0,0.0,0.0,41.93,0.0,9.45,0.0,100.0,True,992.8769,1113.2144,73.30124,283.3956,1.1212008345333382,True,0.5300289,0.4261924364499236,0.9673788261901236,0.1715993922696527,0.554451013195934,True,109,1581.0852,182.05055,1305.8726,1890.2153,588.208305078125,0.5300288299752014,0.42619243644992366,0.9673788261901235,0.1715993922696527,1.0,0.0,0.5763184951262623,0.46105479610100986,Low,477,True
CAND_02053,Cr35.15Fe30.61Mo5.58Nb28.66,4,0.0,0.0,35.15,0.0,30.61,0.0,5.58,28.66,0.0,0.0,0.0,0.0,100.0,True,1067.2802,1427.7222,58.090286,258.1296666666667,1.3377201835629433,True,0.59207904,0.6731826137960171,0.6953210117533587,0.1174566756407133,0.5710272574002262,False,535,1581.0852,182.05055,1305.8726,1890.2153,513.8050050781251,0.5920790561545067,0.6731826137960171,0.6953210117533587,0.11745667564071331,1.0,0.0,0.5761893530495463,0.4609514824396371,Low,478,True
CAND_04895,Al29.92Cu13.09Nb6.32Ni22.90Ti27.77,5,29.92,0.0,0.0,13.09,0.0,0.0,0.0,6.32,22.9,27.77,0.0,0.0,100.0,True,1012.05206,1400.8274,50.077507,447.0405666666667,1.384145590162411,True,0.54602045,0.6520615114841262,0.5520072431163092,0.5222764458774981,0.575767871528761,False,493,1581.0852,182.05055,1305.8726,1890.2153,569.033145078125,0.5460203654988188,0.6520615114841262,0.5520072431163092,0.5222764458774981,1.0,0.0,0.57606718463646,0.46085374770916804,Low,479,True
CAND_02320,Al43.97Cu20.19Fe24.38Ti11.46,4,43.97,0.0,0.0,20.19,24.38,0.0,0.0,0.0,0.0,11.46,0.0,0.0,100.0,True,1084.971,1451.624,39.775368,534.3930666666666,1.3379381297337265,True,0.6068326,0.6919532446703256,0.3677467805336367,0.7094653215834988,0.5879922627572535,False,396,1581.0852,182.05055,1305.8726,1890.2153,496.114205078125,0.6068326778526419,0.6919532446703256,0.3677467805336367,0.7094653215834988,1.0,0.0,0.576037975261874,0.4608303802094992,Low,480,True
CAND_03561,Al16.79Co25.56Fe20.72Mo7.50Ni29.43,5,16.79,25.56,0.0,0.0,20.72,0.0,7.5,0.0,29.43,0.0,0.0,0.0,100.0,True,793.3456,1447.3387,67.18663,268.67980000000006,1.824348347760232,True,0.36362544,0.6885879004499876,0.8580150458030953,0.1400647017099737,0.5511774753992235,False,731,1581.0852,182.05055,1305.8726,1890.2153,787.739605078125,0.36362542723834906,0.6885879004499876,0.8580150458030953,0.14006470170997376,1.0,0.0,0.5758969459420081,0.46071755675360654,Low,481,True
CAND_00625,Cr26.66Cu5.94Fe19.31Mn9.23Nb19.83Ti19.03,6,0.0,0.0,26.66,5.94,19.31,9.23,0.0,19.83,0.0,19.03,0.0,0.0,100.0,True,1058.743,1511.4332,55.26037,248.4766666666667,1.4275732071457172,True,0.5849593,0.7389227790186882,0.6447061218523289,0.096771128951265,0.572856834943988,False,513,1581.0852,182.05055,1305.8726,1890.2153,522.3422050781251,0.5849592752988463,0.7389227790186882,0.6447061218523289,0.09677112895126505,1.0,0.0,0.5758441584287064,0.46067532674296513,Low,482,True
CAND_00652,Al41.45Co17.81Mo22.77Ti6.24W11.73,5,41.45,17.81,0.0,0.0,0.0,0.0,22.77,0.0,0.0,6.24,0.0,11.73,100.0,True,719.7425,1365.8619,52.09282,627.4273333333333,1.8977091305560487,True,0.30224255,0.6246023036489158,0.5880524280656557,0.9088297333572386,0.5613910267671135,False,626,1581.0852,182.05055,1305.8726,1890.2153,861.342705078125,0.30224254499390507,0.6246023036489158,0.5880524280656557,0.9088297333572386,1.0,0.0,0.5756815157664334,0.4605452126131468,Low,483,True
CAND_00799,Al25.97Cr8.24Fe11.78Mn40.10Nb13.91,5,25.97,0.0,8.24,0.0,11.78,40.1,0.0,13.91,0.0,0.0,0.0,0.0,100.0,True,1041.545,1603.7831,43.03549,395.3106666666666,1.5398115610295282,True,0.57061666,0.8114472702360571,0.4260561848035604,0.4114237304843054,0.582846788575272,False,438,1581.0852,182.05055,1305.8726,1890.2153,539.5402050781249,0.5706166347193062,0.8114472702360571,0.42605618480356044,0.41142373048430536,1.0,0.0,0.5756187547643576,0.4604950038114861,Low,484,True
CAND_04865,Co33.38Cr15.51Mn9.46Mo15.57V26.08,5,0.0,33.38,15.51,0.0,0.0,9.46,15.57,0.0,0.0,0.0,26.08,0.0,100.0,True,1211.3232,1244.2863,57.011658,315.2696,1.0272124373284317,True,0.71220684,0.5291262009736951,0.676029047799599,0.2399026259979726,0.5773925742567098,False,479,1581.0852,182.05055,1305.8726,1890.2153,369.76200507812496,0.7122068022295558,0.5291262009736951,0.676029047799599,0.23990262599797274,1.0,0.0,0.5755836690890731,0.4604669352712585,Low,485,True
CAND_00324,Al19.43Cr6.96Cu11.37Fe15.69Nb25.39Ti21.16,6,19.43,0.0,6.96,11.37,15.69,0.0,0.0,25.39,0.0,21.16,0.0,0.0,100.0,True,1206.3882,1414.2021,47.665207,349.936,1.1722612333512636,True,0.70809114,0.6625649696652931,0.5088616872382358,0.3141897321572068,0.5855407204312112,False,412,1581.0852,182.05055,1305.8726,1890.2153,374.6970050781249,0.7080911532436255,0.6625649696652931,0.5088616872382358,0.31418973215720686,1.0,0.0,0.575579245205546,0.4604633961644369,Low,486,True
CAND_02729,Al36.20Fe9.50Mo9.71W44.59,4,36.2,0.0,0.0,0.0,9.5,0.0,9.71,0.0,0.0,0.0,0.0,44.59,100.0,True,800.00836,1519.279,47.581757,537.372,1.899078900313618,True,0.369182,0.745084265421957,0.5073691296632968,0.715848918864284,0.5684995015294445,False,563,1581.0852,182.05055,1305.8726,1890.2153,781.076845078125,0.3691819786947822,0.745084265421957,0.5073691296632968,0.715848918864284,1.0,0.0,0.5754088510289144,0.4603270808231315,Low,487,True
CAND_00207,Co33.77Cr25.47Nb12.97Ti8.03V19.76,5,0.0,33.77,25.47,0.0,0.0,0.0,0.0,12.97,0.0,8.03,19.76,0.0,100.0,True,1018.15894,1366.4902,59.450054,309.70059999999995,1.3421187520846427,True,0.5511133,0.6250957220265411,0.7196413476258524,0.2279687391738208,0.5669683655740083,False,580,1581.0852,182.05055,1305.8726,1890.2153,562.926265078125,0.5511133289191226,0.6250957220265411,0.7196413476258524,0.2279687391738208,1.0,0.0,0.5753947640015717,0.4603158112012574,Low,488,True
CAND_00853,Al13.76Cr25.66Cu40.95Nb19.63,4,13.76,0.0,25.66,40.95,0.0,0.0,0.0,19.63,0.0,0.0,0.0,0.0,100.0,True,1050.8407,1519.0409,50.43345,327.051,1.445548219193454,True,0.57836896,0.7448972800396355,0.5583735153858899,0.2651491503704025,0.5763456358781721,False,487,1581.0852,182.05055,1305.8726,1890.2153,530.244505078125,0.5783689829013756,0.7448972800396355,0.5583735153858899,0.2651491503704025,1.0,0.0,0.5753458569085619,0.4602766855268495,Low,489,True
CAND_03756,Al11.86Co25.58Mn6.88Nb29.28Ni12.56W13.84,6,11.86,25.58,0.0,0.0,0.0,6.88,0.0,29.28,12.56,0.0,0.0,13.84,100.0,True,812.6026,1428.5615,61.622837,360.9072,1.7580075424670307,True,0.37968522,0.6738417353053933,0.7585029860362608,0.3377000677875056,0.5563388486699283,False,677,1581.0852,182.05055,1305.8726,1890.2153,768.482605078125,0.37968521498344754,0.6738417353053933,0.7585029860362608,0.33770006778750566,1.0,0.0,0.5752797303164838,0.4602237842531871,Low,490,True
CAND_02648,Al18.42Co25.29Cr15.09Cu5.16Nb19.52V16.52,6,18.42,25.29,15.09,5.16,0.0,0.0,0.0,19.52,0.0,0.0,16.52,0.0,100.0,True,1322.1775,1116.3992,55.173275,366.6932,0.8443640950218433,False,0.80465615,0.4286935328195903,0.6431483710795389,0.3500989669012679,0.5833068569391677,False,434,1581.0852,182.05055,1305.8726,1890.2153,258.907705078125,0.8046561208477969,0.42869353281959033,0.6431483710795389,0.35009896690126796,1.0,0.0,0.5752314464168782,0.46018515713350255,Low,491,True
CAND_00346,Cr39.14Fe5.74Mn15.63Nb39.49,4,0.0,0.0,39.14,0.0,5.74,15.63,0.0,39.49,0.0,0.0,0.0,0.0,100.0,True,837.0195,1523.9412,59.245483,314.682,1.8206759271786583,True,0.4000482,0.7487455978430384,0.7159824621176099,0.2386434498626034,0.5594302787070147,False,646,1581.0852,182.05055,1305.8726,1890.2153,744.065705078125,0.40004821188812084,0.7487455978430384,0.7159824621176099,0.2386434498626034,1.0,0.0,0.5752269884396152,0.4601815907516922,Low,492,True
CAND_01721,Al5.71Cr30.64Nb13.11V26.66W23.88,5,5.71,0.0,30.64,0.0,0.0,0.0,0.0,13.11,0.0,0.0,26.66,23.88,100.0,True,1342.1393,1219.091,53.339405,308.826,0.9083192900647168,False,0.82130367,0.5093397549291517,0.6103484123023876,0.2260945467844506,0.5856943142436333,False,411,1581.0852,182.05055,1305.8726,1890.2153,238.94590507812495,0.8213036916537432,0.5093397549291517,0.6103484123023876,0.22609454678445065,1.0,0.0,0.5751465551005652,0.4601172440804522,Low,493,True
CAND_04859,Al22.26Cr20.39Mn40.38Nb6.31V10.66,5,22.26,0.0,20.39,0.0,0.0,40.38,0.0,6.31,0.0,0.0,10.66,0.0,100.0,True,1305.4417,1361.5789,45.56307,357.5761666666666,1.0430024961993338,True,0.79069895,0.621238765671246,0.4712635985275173,0.3305619505658361,0.5909815145155177,False,378,1581.0852,182.05055,1305.8726,1890.2153,275.6435050781249,0.7906989418612249,0.621238765671246,0.47126359852751737,0.33056195056583615,1.0,0.0,0.5750097373098106,0.4600077898478485,Low,494,True
CAND_03081,Al9.60Co24.98Cr38.07Ni19.25V8.10,5,9.6,24.98,38.07,0.0,0.0,0.0,0.0,0.0,19.25,0.0,8.1,0.0,100.0,True,1129.1442,997.06464,71.25105,310.1896,0.8830268719189696,False,0.6436719,0.3349773701746001,0.9307098433912728,0.2290166240107772,0.5606247355120001,True,103,1581.0852,182.05055,1305.8726,1890.2153,451.94100507812504,0.6436718644352759,0.33497737017460016,0.9307098433912727,0.22901662401077727,1.0,0.0,0.5749766237801974,0.45998129902415796,Low,495,True
CAND_01598,Al17.87Co22.84Cu5.90Mn5.41Mo23.14Ni24.84,6,17.87,22.84,0.0,5.9,0.0,5.41,23.14,0.0,24.84,0.0,0.0,0.0,100.0,True,923.1164,1238.0392,67.23536,334.14340000000004,1.3411517853970345,True,0.4718506,0.5242202102895251,0.858886613575735,0.2803475520424468,0.5555950393735231,True,107,1581.0852,182.05055,1305.8726,1890.2153,657.968805078125,0.47185056633123085,0.5242202102895251,0.858886613575735,0.2803475520424468,1.0,0.0,0.5749468215487528,0.4599574572390022,Low,496,True
CAND_03896,Al36.21Cr5.42Mn34.98Mo11.16Ni12.23,5,36.21,0.0,5.42,0.0,0.0,34.98,11.16,0.0,12.23,0.0,0.0,0.0,100.0,True,827.54474,1468.5724,52.001762,481.3287333333333,1.7746139044803872,True,0.39214656,0.705263211296694,0.5864237964580009,0.5957530306158091,0.5651918418173114,False,593,1581.0852,182.05055,1305.8726,1890.2153,753.540465078125,0.39214653278256195,0.705263211296694,0.5864237964580009,0.5957530306158089,1.0,0.0,0.5749056901144203,0.45992455209153627,Low,497,True
CAND_00676,Cr31.12Mn11.35Nb41.20V16.33,4,0.0,0.0,31.12,0.0,0.0,11.35,0.0,41.2,0.0,0.0,16.33,0.0,100.0,True,1218.6595,1188.3002,59.08082,314.804,0.9750879185244016,False,0.71832514,0.4851590346016174,0.7130373571689921,0.2389048853433981,0.5751403358227842,False,499,1581.0852,182.05055,1305.8726,1890.2153,362.425705078125,0.7183250668000687,0.4851590346016174,0.7130373571689921,0.23890488534339818,1.0,0.0,0.5748759170327098,0.45990073362616785,Low,498,True
CAND_00228,Al27.55Co13.33Cr11.96Cu26.88Nb9.81Ti10.47,6,27.55,13.33,11.96,26.88,0.0,0.0,0.0,9.81,0.0,10.47,0.0,0.0,100.0,True,1039.2281,1505.9144,43.232323,462.7966666666666,1.4490700630550322,True,0.56868446,0.734588739002073,0.4295766711444587,0.5560404096393974,0.5817821974931243,False,442,1581.0852,182.05055,1305.8726,1890.2153,541.857105078125,0.5686844063230545,0.734588739002073,0.4295766711444587,0.5560404096393974,1.0,0.0,0.5748267860706326,0.45986142885650616,Low,499,True
CAND_02735,Al37.68Cr14.07Mo16.60Nb26.18Ti5.47,5,37.68,0.0,14.07,0.0,0.0,0.0,16.6,26.18,0.0,5.47,0.0,0.0,100.0,True,852.9684,1441.5012,46.84268,570.179,1.689981982211993,True,0.41334915,0.6840035780253678,0.4941502563881241,0.7861514911465516,0.570666112620487,False,542,1581.0852,182.05055,1305.8726,1890.2153,728.116805078125,0.4133491387597935,0.6840035780253678,0.4941502563881241,0.7861514911465516,1.0,0.0,0.5747061586859786,0.4597649269487829,Low,500,True
CAND_03640,Cr27.40Mn11.88Mo8.90Nb22.50Ti29.32,5,0.0,0.0,27.4,0.0,0.0,11.88,8.9,22.5,0.0,29.32,0.0,0.0,100.0,True,991.3919,1522.7814,53.373432,311.527,1.536003461042981,True,0.5287904,0.7478347803444391,0.6109570073485522,0.2318825568961464,0.5705092056958238,False,544,1581.0852,182.05055,1305.8726,1890.2153,589.693305078125,0.5287903824080066,0.7478347803444391,0.6109570073485522,0.2318825568961464,1.0,0.0,0.574617515444321,0.45969401235545687,Low,501,True
CAND_04158,Co31.57Cr36.53Ni22.89Ti9.01,4,0.0,31.57,36.53,0.0,0.0,0.0,0.0,0.0,22.89,9.01,0.0,0.0,100.0,True,793.0801,1425.0275,67.45552,275.799,1.7968267509241311,True,0.363404,0.6710664041792936,0.8628243184972277,0.1553205334712415,0.5493452900791364,False,748,1581.0852,182.05055,1305.8726,1890.2153,788.005105078125,0.3634040078248203,0.6710664041792936,0.8628243184972277,0.15532053347124156,1.0,0.0,0.5743162987798477,0.4594530390238782,Low,502,True
CAND_02471,Al40.46Cr11.85Fe8.86Mn5.97Ni32.86,5,40.46,0.0,11.85,0.0,8.86,5.97,0.0,0.0,32.86,0.0,0.0,0.0,100.0,True,734.6007,1504.5676,51.47055,522.247,2.0481434112421235,True,0.31463388,0.733531066121306,0.5769227240254249,0.6834373479870537,0.561195771826855,False,628,1581.0852,182.05055,1305.8726,1890.2153,846.484505078125,0.31463385923154447,0.733531066121306,0.5769227240254249,0.6834373479870537,1.0,0.0,0.5743102040499635,0.4594481632399708,Low,503,True
CAND_02899,Co22.79Cr27.88Mn14.17Mo17.50V17.66,5,0.0,22.79,27.88,0.0,0.0,14.17,17.5,0.0,0.0,0.0,17.66,0.0,100.0,True,1210.5282,1154.6156,60.93925,311.806,0.953811403713372,False,0.7115438,0.4587057468681107,0.7462765875344061,0.2324804298399313,0.5725160779342532,False,519,1581.0852,182.05055,1305.8726,1890.2153,370.55700507812503,0.7115437949461081,0.4587057468681107,0.7462765875344061,0.23248042983993134,1.0,0.0,0.5742527135332717,0.4594021708266174,Low,504,True
CAND_01173,Al21.12Co32.17Fe15.34Ni31.37,4,21.12,32.17,0.0,0.0,15.34,0.0,0.0,0.0,31.37,0.0,0.0,0.0,100.0,True,677.76495,1453.8134,65.87965,355.377,2.145011175702537,True,0.26723447,0.6936726306260366,0.8346388576749502,0.3258493260179018,0.5458092507958625,False,790,1581.0852,182.05055,1305.8726,1890.2153,903.320255078125,0.26723446777215415,0.6936726306260366,0.8346388576749502,0.3258493260179018,1.0,0.0,0.5741794623360198,0.45934356986881586,Low,505,True
CAND_01097,Al27.56Cr19.67Cu7.82Ni8.46Ti36.49,5,27.56,0.0,19.67,7.82,0.0,0.0,0.0,0.0,8.46,36.49,0.0,0.0,100.0,True,1085.3,1355.1787,47.97676,462.1685,1.248667316898476,True,0.6071071,0.6162125420511944,0.514434015460464,0.5546943026351409,0.5788085516777245,False,469,1581.0852,182.05055,1305.8726,1890.2153,495.78520507812505,0.6071070544517039,0.6162125420511944,0.514434015460464,0.5546943026351409,1.0,0.0,0.5741748762616946,0.45933990100935573,Low,506,True
CAND_02312,Cr28.41Fe19.52Mn6.95Nb24.05W21.07,5,0.0,0.0,28.41,0.0,19.52,6.95,0.0,24.05,0.0,0.0,0.0,21.07,100.0,True,924.0183,1519.3363,59.186115,259.1673333333334,1.6442707711071107,True,0.47260273,0.7451292644240864,0.7149206267897613,0.1196803058366542,0.5620018053693264,False,619,1581.0852,182.05055,1305.8726,1890.2153,657.066905078125,0.472602725160088,0.7451292644240864,0.7149206267897613,0.1196803058366542,1.0,0.0,0.5741176945296744,0.45929415562373954,Low,507,True
CAND_03938,Al37.42Co29.16Mo17.90Ti10.11W5.41,5,37.42,29.16,0.0,0.0,0.0,0.0,17.9,0.0,0.0,10.11,0.0,5.41,100.0,True,817.28577,1294.8175,53.843338,581.3096,1.584289795458093,True,0.38359088,0.5688095094624225,0.6193615820616651,0.8100034072329054,0.5620610240460315,False,617,1581.0852,182.05055,1305.8726,1890.2153,763.799435078125,0.38359084494523865,0.5688095094624225,0.6193615820616651,0.8100034072329054,1.0,0.0,0.5738495497784717,0.4590796398227774,Low,508,True
CAND_00952,Al20.15Co31.69Cr14.56Cu27.59W6.01,5,20.15,31.69,14.56,27.59,0.0,0.0,0.0,0.0,0.0,0.0,0.0,6.01,100.0,True,862.7568,1448.3398,58.381947,363.21346666666665,1.678734774541688,True,0.4215124,0.6893740872044692,0.7005375586061362,0.3426421984009576,0.5597966730567678,False,643,1581.0852,182.05055,1305.8726,1890.2153,718.328405078125,0.4215123846633155,0.6893740872044692,0.7005375586061362,0.3426421984009576,1.0,0.0,0.5737479196691542,0.45899833573532334,Low,509,True
CAND_04390,Al34.45Cu13.18Nb22.61Ti29.76,4,34.45,0.0,0.0,13.18,0.0,0.0,0.0,22.61,0.0,29.76,0.0,0.0,100.0,True,1017.53625,1319.2301,47.726685,535.1747333333334,1.2964944429935157,True,0.55059403,0.5879812832736895,0.5099612612896689,0.711140365852526,0.5757339647256311,False,494,1581.0852,182.05055,1305.8726,1890.2153,563.548955078125,0.5505940232520408,0.5879812832736895,0.5099612612896689,0.711140365852526,1.0,0.0,0.5737023240598966,0.4589618592479173,Low,510,True
CAND_00895,Al16.80Mn44.57Mo6.96Nb31.67,4,16.8,0.0,0.0,0.0,0.0,44.57,6.96,31.67,0.0,0.0,0.0,0.0,100.0,True,961.8848,1564.5782,51.727062,324.4866666666667,1.6265754034529347,True,0.5041824,0.780658764501586,0.5815106081316288,0.2596540051415643,0.5697781105910877,False,549,1581.0852,182.05055,1305.8726,1890.2153,619.200405078125,0.5041823041521311,0.780658764501586,0.5815106081316288,0.25965400514156434,1.0,0.0,0.5736444885992318,0.45891559087938544,Low,511,True
CAND_03206,Al13.70Co19.59Cr23.46Nb12.12V31.13,5,13.7,19.59,23.46,0.0,0.0,0.0,0.0,12.12,0.0,0.0,31.13,0.0,100.0,True,1275.549,1208.3381,53.13632,358.55733333333336,0.9473082940603564,False,0.76576924,0.5008952563253498,0.6067161048715131,0.3326645061333763,0.5815780639285256,False,444,1581.0852,182.05055,1305.8726,1890.2153,305.536205078125,0.7657692842235915,0.5008952563253498,0.6067161048715131,0.33266450613337634,1.0,0.0,0.5736254053349632,0.45890032426797056,Low,512,True
CAND_03807,Al25.02Cr20.32Fe13.53Nb29.42V11.71,5,25.02,0.0,20.32,0.0,13.53,0.0,0.0,29.42,0.0,0.0,11.71,0.0,100.0,True,1381.5587,1275.4993,42.52534,417.5433333333333,0.9232320605662142,False,0.85417837,0.5536384846293106,0.4169318199520911,0.459066418183909,0.5954379738179796,True,75,1581.0852,182.05055,1305.8726,1890.2153,199.52650507812496,0.8541783448727874,0.5536384846293106,0.41693181995209116,0.459066418183909,1.0,0.0,0.5735756403202037,0.458860512256163,Low,513,True
CAND_03308,Co35.85Cr12.79Mn11.76Mo24.14Ti6.06W9.40,6,0.0,35.85,12.79,0.0,0.0,11.76,24.14,0.0,0.0,6.06,0.0,9.4,100.0,True,929.77014,1572.8606,52.891445,319.4976,1.6916660684442837,True,0.4773996,0.787163122882686,0.6023363560858547,0.248962865447158,0.5672973439136398,False,574,1581.0852,182.05055,1305.8726,1890.2153,651.315065078125,0.47739959536540394,0.787163122882686,0.6023363560858547,0.24896286544715807,1.0,0.0,0.5735441723489869,0.45883533787918956,Low,514,True
CAND_00445,Al35.44Cr14.93Mo22.85Ni17.12Ti9.66,5,35.44,0.0,14.93,0.0,0.0,0.0,22.85,0.0,17.12,9.66,0.0,0.0,100.0,True,1058.1088,1350.8938,47.680916,485.6978666666668,1.2767059919864117,True,0.58443034,0.6128475119600162,0.5091426529296045,0.6051157066293895,0.5772363768807095,False,480,1581.0852,182.05055,1305.8726,1890.2153,522.976405078125,0.5844303706206544,0.6128475119600162,0.5091426529296045,0.6051157066293897,1.0,0.0,0.5734719981164583,0.4587775984931667,Low,515,True
CAND_03262,Co18.68Cr29.96Mn16.62Mo8.60W26.14,5,0.0,18.68,29.96,0.0,0.0,16.62,8.6,0.0,0.0,0.0,0.0,26.14,100.0,True,727.1224,1485.5829,65.066635,311.289,2.043098864895188,True,0.30839717,0.7186219464751085,0.8200975551370354,0.2313725434172187,0.5478360108741818,False,762,1581.0852,182.05055,1305.8726,1890.2153,853.962805078125,0.30839717071857936,0.7186219464751085,0.8200975551370354,0.23137254341721875,1.0,0.0,0.5734210246758707,0.45873681974069663,Low,516,True
CAND_03665,Al35.94Co8.88Cu22.02Mo13.18Nb12.04Ti7.94,6,35.94,8.88,0.0,22.02,0.0,0.0,13.18,12.04,0.0,7.94,0.0,0.0,100.0,True,911.4757,1415.9739,47.383415,537.4514,1.5534960367675137,True,0.46214256,0.6639564047782595,0.5038216538750577,0.7160190662181786,0.5711879678671574,False,533,1581.0852,182.05055,1305.8726,1890.2153,669.609505078125,0.46214255515584685,0.6639564047782595,0.5038216538750577,0.7160190662181786,1.0,0.0,0.5732719163176837,0.458617533054147,Low,517,True
CAND_00128,Cr42.10Fe13.93Mo8.73Ti22.75W12.49,5,0.0,0.0,42.1,0.0,13.93,0.0,8.73,0.0,0.0,22.75,0.0,12.49,100.0,True,939.6496,1602.8617,52.28141,300.127,1.7058078935285037,True,0.48563883,0.8107236737166489,0.5914254829854607,0.207453339838267,0.5678831219627484,False,569,1581.0852,182.05055,1305.8726,1890.2153,641.435605078125,0.4856387827069519,0.8107236737166489,0.5914254829854607,0.20745333983826705,1.0,0.0,0.5731724436631108,0.45853795493048866,Low,518,True
CAND_00631,Cr36.55Fe21.66Nb29.98V11.81,4,0.0,0.0,36.55,0.0,21.66,0.0,0.0,29.98,0.0,0.0,11.81,0.0,100.0,True,1352.316,1062.1058,62.423313,259.1936666666668,0.7853976204921155,False,0.82979083,0.386055682519145,0.7728200203964386,0.1197367358994487,0.5759194843245864,True,92,1581.0852,182.05055,1305.8726,1890.2153,228.76920507812497,0.8297907686618724,0.386055682519145,0.7728200203964386,0.11973673589944889,1.0,0.0,0.5730709134250606,0.45845673074004845,Low,519,True
CAND_03411,Al32.16Co16.37Mn19.79Ni20.96Ti10.72,5,32.16,16.37,0.0,0.0,0.0,19.79,0.0,0.0,20.96,10.72,0.0,0.0,100.0,True,921.0277,1517.7792,46.664833,467.95613333333336,1.6479191489953888,True,0.47010866,0.7439064381375982,0.4909693470168818,0.5670967018414057,0.5720113798350073,False,524,1581.0852,182.05055,1305.8726,1890.2153,660.057505078125,0.47010865021432857,0.7439064381375982,0.49096934701688183,0.5670967018414057,1.0,0.0,0.573054403376137,0.4584435227009096,Low,520,True
CAND_00483,Al17.08Cu8.57Mn18.28Nb37.21Ni18.86,5,17.08,0.0,0.0,8.57,0.0,18.28,0.0,37.21,18.86,0.0,0.0,0.0,100.0,True,902.1237,1416.8495,62.560005,288.60240000000005,1.5705711659262152,True,0.45434332,0.66464403350888,0.7752648458012744,0.1827571157237726,0.5569259964642401,False,669,1581.0852,182.05055,1305.8726,1890.2153,678.961505078125,0.45434325438250944,0.66464403350888,0.7752648458012744,0.18275711572377268,1.0,0.0,0.5729720447472396,0.4583776357977917,Low,521,True
CAND_03873,Co35.68Nb18.79Ni29.63Ti15.90,4,0.0,35.68,0.0,0.0,0.0,0.0,0.0,18.79,29.63,15.9,0.0,0.0,100.0,True,987.52716,1389.0114,60.7275,283.9366,1.4065551362591702,True,0.52556735,0.6427821361060866,0.7424893009377214,0.1727587086230134,0.5620409871319327,False,618,1581.0852,182.05055,1305.8726,1890.2153,593.558045078125,0.5255672996801678,0.6427821361060866,0.7424893009377214,0.17275870862301348,1.0,0.0,0.5728870623266363,0.45830964986130907,Low,522,True
CAND_02538,Cr22.03Fe11.41Nb15.08Ni29.75V21.73,5,0.0,0.0,22.03,0.0,11.41,0.0,0.0,15.08,29.75,0.0,21.73,0.0,100.0,True,1342.3934,1145.7249,58.31024,271.3568,0.8534941189083783,False,0.8215156,0.4517236765673711,0.6992550322307479,0.1458012818910213,0.57865575413915,False,472,1581.0852,182.05055,1305.8726,1890.2153,238.69180507812507,0.8215156037930187,0.4517236765673711,0.6992550322307479,0.14580128189102132,1.0,0.0,0.5725427058713435,0.4580341646970748,Low,523,True
CAND_02379,Al20.11Co36.70Cr16.19Cu12.51Fe14.49,5,20.11,36.7,16.19,12.51,14.49,0.0,0.0,0.0,0.0,0.0,0.0,0.0,100.0,True,1002.2779,1423.3668,53.279182,372.2838,1.420131891411172,True,0.53786904,0.6697622184404387,0.609271284742944,0.3620791406630031,0.5689190686766168,False,559,1581.0852,182.05055,1305.8726,1890.2153,578.807305078125,0.5378689953483993,0.6697622184404387,0.609271284742944,0.3620791406630031,1.0,0.0,0.572489170891565,0.45799133671325204,Low,524,True
CAND_00183,Co31.51Cr31.29Mn5.12Ti32.08,4,0.0,31.51,31.29,0.0,0.0,5.12,0.0,0.0,0.0,32.08,0.0,0.0,100.0,True,796.85333,1425.7283,64.9898,308.2506,1.7891978885148914,True,0.3665508,0.6716167584671179,0.8187233111433813,0.2248615141971607,0.5498603249010238,False,743,1581.0852,182.05055,1305.8726,1890.2153,784.231875078125,0.3665507738274914,0.6716167584671179,0.8187233111433813,0.22486151419716086,1.0,0.0,0.5724689414695967,0.4579751531756774,Low,525,True
CAND_02658,Al28.88Co17.51Cr16.07Cu28.77Ni8.77,5,28.88,17.51,16.07,28.77,0.0,0.0,0.0,0.0,8.77,0.0,0.0,0.0,100.0,True,918.12964,1467.7573,49.082428,464.2560666666666,1.5986384037478538,True,0.46769175,0.7046230946014806,0.5342096074169362,0.5591677780055613,0.5691220276962775,False,558,1581.0852,182.05055,1305.8726,1890.2153,662.955565078125,0.4676917509843052,0.7046230946014806,0.5342096074169362,0.5591677780055613,1.0,0.0,0.5724479150524355,0.45795833204194847,Low,526,True
CAND_01548,Al40.25Cr7.75Mn31.20Mo8.31Ni7.36V5.13,6,40.25,0.0,7.75,0.0,0.0,31.2,8.31,0.0,7.36,0.0,5.13,0.0,100.0,True,1009.52673,1173.5056,53.17601,552.2833333333333,1.1624314257132642,True,0.5439143,0.4735404964357452,0.6074259863592221,0.7478026204978272,0.5692633399810827,False,555,1581.0852,182.05055,1305.8726,1890.2153,571.558475078125,0.5439143124383043,0.4735404964357452,0.6074259863592221,0.7478026204978272,1.0,0.0,0.5724389160227403,0.4579511328181923,Low,527,True
CAND_04452,Al30.88Cu22.55Mn29.99Ti16.58,4,30.88,0.0,0.0,22.55,0.0,29.99,0.0,0.0,0.0,16.58,0.0,0.0,100.0,True,994.6637,1500.8195,45.16899,454.86,1.5088712954934689,True,0.531519,0.7305875973624679,0.4642152211862118,0.5390328172958855,0.5755407088084699,False,495,1581.0852,182.05055,1305.8726,1890.2153,586.421505078125,0.5315189701186787,0.7305875973624679,0.46421522118621183,0.5390328172958856,1.0,0.0,0.5721755106886564,0.4577404085509251,Low,528,True
CAND_00988,Al34.06Nb24.89Ni17.15W23.90,4,34.06,0.0,0.0,0.0,0.0,0.0,0.0,24.89,17.15,0.0,0.0,23.9,100.0,True,893.9509,1442.741,49.071884,497.54640000000006,1.613892838230479,True,0.4475274,0.6849772213559107,0.5340210211129199,0.6305060919467157,0.5678325610371988,False,571,1581.0852,182.05055,1305.8726,1890.2153,687.134305078125,0.44752737271438137,0.6849772213559107,0.5340210211129199,0.6305060919467157,1.0,0.0,0.5721572297112519,0.4577257837690016,Low,529,True
CAND_03679,Al16.52Cr41.61Cu23.13Fe18.74,4,16.52,0.0,41.61,23.13,18.74,0.0,0.0,0.0,0.0,0.0,0.0,0.0,100.0,True,904.0199,1624.6814,53.975292,275.36799999999994,1.7971743814081282,True,0.45592463,0.8278591837823406,0.6217216652521204,0.1543969376333514,0.563725113063194,False,603,1581.0852,182.05055,1305.8726,1890.2153,677.065305078125,0.45592463099996045,0.8278591837823406,0.6217216652521204,0.15439693763335147,1.0,0.0,0.5720149531053311,0.45761196248426494,Low,530,True
CAND_01362,Co28.81Cu8.48Mn17.79Mo13.14Nb17.83W13.95,6,0.0,28.81,0.0,8.48,0.0,17.79,13.14,17.83,0.0,0.0,0.0,13.95,100.0,True,761.9594,1402.2317,66.445145,322.0826,1.840297105874322,True,0.33745027,0.6531643404316027,0.8447531038803439,0.254502297560721,0.546548006969343,False,781,1581.0852,182.05055,1305.8726,1890.2153,819.125805078125,0.3374502332764022,0.6531643404316027,0.8447531038803439,0.2545022975607212,1.0,0.0,0.5719131362467927,0.4575305089974342,Low,531,True
CAND_01463,Al42.51Cr5.71Cu19.34Mo12.26W20.18,5,42.51,0.0,5.71,19.34,0.0,0.0,12.26,0.0,0.0,0.0,0.0,20.18,100.0,True,735.1536,1431.2947,48.668716,614.198,1.946932791155521,True,0.315095,0.6759881798537394,0.5268100989754366,0.8804804126966211,0.561099544320466,False,629,1581.0852,182.05055,1305.8726,1890.2153,845.931605078125,0.31509496203282533,0.6759881798537394,0.5268100989754366,0.8804804126966211,1.0,0.0,0.5716852860614523,0.4573482288491619,Low,532,True
CAND_03463,Al12.98Co27.15Cr20.98Cu6.66W32.23,5,12.98,27.15,20.98,6.66,0.0,0.0,0.0,0.0,0.0,0.0,0.0,32.23,100.0,True,747.3774,1496.6611,60.437176,361.80893333333336,2.002550705049256,True,0.32528925,0.7273219106180502,0.7372966672003148,0.3396324045706921,0.5510523814576118,False,734,1581.0852,182.05055,1305.8726,1890.2153,833.707805078125,0.3252892619465468,0.7273219106180502,0.7372966672003148,0.33963240457069216,1.0,0.0,0.5716527495177499,0.45732219961419995,Low,533,True
CAND_04605,Co37.92Cu7.75Nb19.09V20.74W14.50,5,0.0,37.92,0.0,7.75,0.0,0.0,0.0,19.09,0.0,0.0,20.74,14.5,100.0,True,1033.6353,1339.6759,58.758804,318.927,1.2960818576351574,True,0.56402016,0.6040378382080432,0.7072778913804774,0.247740118845998,0.564397895153002,False,598,1581.0852,182.05055,1305.8726,1890.2153,547.4499050781251,0.5640201709332852,0.6040378382080432,0.7072778913804774,0.247740118845998,1.0,0.0,0.5715607794367772,0.45724862354942175,Low,534,True
CAND_00655,Al10.90Cr17.02Fe16.63Nb19.45Ti18.90W17.10,6,10.9,0.0,17.02,0.0,16.63,0.0,0.0,19.45,0.0,18.9,0.0,17.1,100.0,True,1215.229,1590.7988,39.374477,340.345,1.3090526928558428,True,0.7154641,0.801250402114774,0.3605765840234526,0.2936370461219331,0.589204070022361,False,384,1581.0852,182.05055,1305.8726,1890.2153,365.85620507812496,0.7154641278241347,0.801250402114774,0.36057658402345266,0.29363704612193314,1.0,0.0,0.5714596847157917,0.45716774777263336,Low,535,True
CAND_03521,Al39.39Co5.49Cu6.10Ti43.55W5.47,5,39.39,5.49,0.0,6.1,0.0,0.0,0.0,0.0,0.0,43.55,0.0,5.47,100.0,True,923.9532,1285.8411,50.45231,567.728,1.3916734304665022,True,0.47254848,0.5617601369892136,0.5587108387635212,0.7808992094791074,0.5671051836106488,False,577,1581.0852,182.05055,1305.8726,1890.2153,657.132005078125,0.47254843362027377,0.5617601369892136,0.5587108387635212,0.7808992094791074,1.0,0.0,0.571413282552755,0.45713062604220406,Low,536,True
CAND_01975,Al39.52Cr10.71Mo15.11Nb9.16Ni17.61Ti7.89,6,39.52,0.0,10.71,0.0,0.0,0.0,15.11,9.16,17.61,7.89,0.0,0.0,100.0,True,1004.5811,1430.145,43.764626,521.1113333333334,1.4236232172961063,True,0.53978986,0.6750852941164228,0.4390972568222624,0.6810037122409663,0.5763874278416246,False,486,1581.0852,182.05055,1305.8726,1890.2153,576.504105078125,0.5397897983361186,0.6750852941164228,0.43909725682226247,0.6810037122409663,1.0,0.0,0.5713527717017802,0.4570822173614242,Low,537,True
CAND_00293,Al26.84Fe21.53Mn41.34Ti10.29,4,26.84,0.0,0.0,0.0,21.53,41.34,0.0,0.0,0.0,10.29,0.0,0.0,100.0,True,1078.6743,1600.442,43.65996,349.8873333333333,1.483711974650597,True,0.60158145,0.8088234278972309,0.4372252372759645,0.3140854436867258,0.5795405994649776,False,462,1581.0852,182.05055,1305.8726,1890.2153,502.4109050781251,0.6015814099763079,0.8088234278972309,0.4372252372759645,0.3140854436867258,1.0,0.0,0.5713227685990445,0.45705821487923565,Low,538,True
CAND_01098,Co27.65Cr39.23Nb13.16Ti19.96,4,0.0,27.65,39.23,0.0,0.0,0.0,0.0,13.16,0.0,19.96,0.0,0.0,100.0,True,827.0172,1492.9819,60.495323,310.0236,1.805260977029266,True,0.39170662,0.7244325506069733,0.7383366641483075,0.2286609003237941,0.5537250539538952,False,703,1581.0852,182.05055,1305.8726,1890.2153,754.068005078125,0.39170657949663734,0.7244325506069733,0.7383366641483075,0.22866090032379413,1.0,0.0,0.5710565443493126,0.4568452354794501,Low,539,True
CAND_02376,Al13.64Co34.08Cu5.93Mn6.82Nb21.47V18.06,6,13.64,34.08,0.0,5.93,0.0,6.82,0.0,21.47,0.0,0.0,18.06,0.0,100.0,True,1013.7911,1190.1881,62.958977,369.297,1.173997411696469,True,0.5474707,0.4866416457031918,0.7824007197472127,0.3556786857938387,0.5591856861430344,False,647,1581.0852,182.05055,1305.8726,1890.2153,567.294105078125,0.5474706751670039,0.4866416457031918,0.7824007197472127,0.35567868579383877,1.0,0.0,0.5709321812959481,0.4567457450367585,Low,540,True
CAND_00781,Al23.94Co11.74Cr8.94Mn30.33Ni12.31Ti12.74,6,23.94,11.74,8.94,0.0,0.0,30.33,0.0,0.0,12.31,12.74,0.0,0.0,100.0,True,1029.1086,1459.2874,51.299614,356.7513666666667,1.4180110239325074,True,0.5602451,0.6979714881767635,0.5738654223881596,0.3287944752825609,0.5702505083079683,False,545,1581.0852,182.05055,1305.8726,1890.2153,551.976605078125,0.5602450324804765,0.6979714881767635,0.5738654223881596,0.32879447528256095,1.0,0.0,0.5709315025819802,0.4567452020655842,Low,541,True
CAND_02959,Al38.92Co8.75Cr15.41Nb11.48V14.14W11.30,6,38.92,8.75,15.41,0.0,0.0,0.0,0.0,11.48,0.0,0.0,14.14,11.3,100.0,True,1268.5579,1212.8925,40.1311,568.459,0.9561191783007472,False,0.7599389,0.5044719309378874,0.3741092789308588,0.7824656794500995,0.5902204226225367,True,81,1581.0852,182.05055,1305.8726,1890.2153,312.527305078125,0.7599389065892374,0.5044719309378874,0.3741092789308588,0.7824656794500995,1.0,0.0,0.5709289415254482,0.4567431532203585,Low,542,True
CAND_00466,Co7.02Cr26.94Fe13.52Nb28.15Ti24.37,5,0.0,7.02,26.94,0.0,13.52,0.0,0.0,28.15,0.0,24.37,0.0,0.0,100.0,True,943.1404,1583.459,52.10598,307.962,1.6789218573773468,True,0.48855,0.7954862890985472,0.5882878032326563,0.2242430692811165,0.5659193031131157,False,588,1581.0852,182.05055,1305.8726,1890.2153,637.944805078125,0.48855001015985683,0.7954862890985472,0.5882878032326563,0.22424306928111656,1.0,0.0,0.5709061906314927,0.4567249525051942,Low,543,True
CAND_04150,Al15.55Co10.47Cr19.91Fe10.46Ni8.97Ti34.64,6,15.55,10.47,19.91,0.0,10.46,0.0,0.0,0.0,8.97,34.64,0.0,0.0,100.0,True,1116.2816,1367.6326,52.395226,348.852,1.2251680759934382,True,0.6329448,0.6259928749066928,0.5934611562382978,0.3118668136229313,0.5728266292091391,False,514,1581.0852,182.05055,1305.8726,1890.2153,464.803605078125,0.6329448235748043,0.6259928749066928,0.5934611562382978,0.3118668136229313,1.0,0.0,0.570852437280638,0.4566819498245104,Low,544,True
CAND_03935,Co10.49Cr43.51Cu7.50Fe24.29Ni9.19Ti5.02,6,0.0,10.49,43.51,7.5,24.29,0.0,0.0,0.0,9.19,5.02,0.0,0.0,100.0,True,936.36743,1547.1346,57.121166,254.4633333333334,1.652272972896163,True,0.48290154,0.7669599059754882,0.6779876696679804,0.1096000394296135,0.5608953700586615,False,631,1581.0852,182.05055,1305.8726,1890.2153,644.717775078125,0.48290154671259505,0.7669599059754882,0.6779876696679804,0.1096000394296135,1.0,0.0,0.5706496652856314,0.45651973222850517,Low,545,True
CAND_02494,Al15.08Cr25.88Fe18.15Mn23.52Nb11.25V6.12,6,15.08,0.0,25.88,0.0,18.15,23.52,0.0,11.25,0.0,0.0,6.12,0.0,100.0,True,1200.4098,1404.0515,52.640553,262.56433333333337,1.16964349312272,True,0.70310533,0.654593471043735,0.5978489893382025,0.1269597839371468,0.5758158702795716,False,490,1581.0852,182.05055,1305.8726,1890.2153,380.6754050781251,0.7031053384720983,0.654593471043735,0.5978489893382025,0.12695978393714685,1.0,0.0,0.5705530403231779,0.4564424322585423,Low,546,True
CAND_04933,Al30.51Fe30.45Ti24.01W15.03,4,30.51,0.0,0.0,0.0,30.45,0.0,0.0,0.0,0.0,24.01,0.0,15.03,100.0,True,1058.4447,1496.6025,44.367027,424.2234,1.4139638064815168,True,0.58471054,0.7272758906961515,0.449871590863015,0.4733812250752339,0.5770710102020739,False,481,1581.0852,182.05055,1305.8726,1890.2153,522.640505078125,0.5847105016225539,0.7272758906961515,0.44987159086301504,0.4733812250752341,1.0,0.0,0.5703290536346736,0.4562632429077389,Low,547,True
CAND_00332,Co37.22Cr9.30Mn14.62Mo11.52W27.34,5,0.0,37.22,9.3,0.0,0.0,14.62,11.52,0.0,0.0,0.0,0.0,27.34,100.0,True,721.2095,1570.5769,60.48036,319.62940000000003,2.1776986569733867,True,0.30346596,0.7853696809775719,0.7380690411525755,0.2492453014829677,0.5485547515070848,False,752,1581.0852,182.05055,1305.8726,1890.2153,859.875705078125,0.30346598107543704,0.7853696809775719,0.7380690411525755,0.24924530148296772,1.0,0.0,0.5702849071303486,0.45622792570427895,Low,548,True
CAND_04913,Co32.10Mn16.25Mo10.22Ni41.43,4,0.0,32.1,0.0,0.0,0.0,16.25,10.22,0.0,41.43,0.0,0.0,0.0,100.0,True,640.0059,1409.3745,72.84948,283.1832,2.2021272851613367,True,0.23574454,0.6587737448366687,0.9592988044998368,0.1711442373834164,0.5338518224504897,False,952,1581.0852,182.05055,1305.8726,1890.2153,941.079305078125,0.23574449900980485,0.6587737448366687,0.9592988044998367,0.17114423738341644,1.0,0.0,0.5700295251609153,0.45602362012873227,Low,549,True
CAND_01165,Co38.06Cr19.98Fe20.92Nb14.42W6.62,5,0.0,38.06,19.98,0.0,20.92,0.0,0.0,14.42,0.0,0.0,0.0,6.62,100.0,True,899.6632,1531.4523,58.765728,260.0586666666667,1.7022506715498598,True,0.45229128,0.7546442366719139,0.7074017316279174,0.1215903563165596,0.5571696532863276,False,666,1581.0852,182.05055,1305.8726,1890.2153,681.422005078125,0.45229126768952416,0.7546442366719139,0.7074017316279174,0.12159035631655969,1.0,0.0,0.5699251608598144,0.4559401286878515,Low,550,True
CAND_02643,Al21.55Cr14.67Mn27.16Nb11.88Ti24.74,5,21.55,0.0,14.67,0.0,0.0,27.16,0.0,11.88,0.0,24.74,0.0,0.0,100.0,True,1077.8977,1672.6964,40.819572,340.0443333333334,1.5518136759357557,True,0.60093373,0.8655664627918684,0.3864230488377895,0.2929927433796465,0.5805047317346342,False,452,1581.0852,182.05055,1305.8726,1890.2153,503.187505078125,0.6009337477670935,0.8655664627918684,0.38642304883778955,0.2929927433796465,1.0,0.0,0.5697792019376178,0.45582336155009423,Low,551,True
CAND_04457,Co35.70Mo16.28Ni6.43V24.45W17.14,5,0.0,35.7,0.0,0.0,0.0,0.0,16.28,0.0,6.43,0.0,24.45,17.14,100.0,True,1083.7733,1285.6526,58.744225,320.26640000000003,1.1862744558259146,True,0.6058338,0.5616121036226968,0.7070171364747251,0.2506103375589211,0.5645796143741032,False,596,1581.0852,182.05055,1305.8726,1890.2153,497.31190507812494,0.6058338302760566,0.5616121036226968,0.7070171364747251,0.25061033755892115,1.0,0.0,0.5696387802320788,0.45571102418566306,Low,552,True
CAND_00964,Co12.03Cr39.30Cu6.63Nb27.79W14.25,5,0.0,12.03,39.3,6.63,0.0,0.0,0.0,27.79,0.0,0.0,0.0,14.25,100.0,True,780.21796,1444.2964,63.636868,319.108,1.8511447831827212,True,0.35267738,0.6861987125934701,0.7945252415810407,0.2481279862396362,0.5475133361228232,False,771,1581.0852,182.05055,1305.8726,1890.2153,800.867245078125,0.35267735059120436,0.6861987125934701,0.7945252415810407,0.24812798623963622,1.0,0.0,0.5696057218360997,0.4556845774688798,Low,553,True
CAND_02876,Al38.37Co11.13Mn18.04Ni32.46,4,38.37,11.13,0.0,0.0,0.0,18.04,0.0,0.0,32.46,0.0,0.0,0.0,100.0,True,601.8971,1468.728,58.529877,501.268,2.440164627588429,True,0.20396286,0.7053854075398239,0.703183382956774,0.6384811598592248,0.5443725037077389,False,810,1581.0852,182.05055,1305.8726,1890.2153,979.188105078125,0.20396284874130985,0.7053854075398239,0.703183382956774,0.6384811598592248,1.0,0.0,0.5693335233131905,0.45546681865055244,Low,554,True
CAND_03839,Al17.57Cr18.24Fe11.97Nb27.65V24.57,5,17.57,0.0,18.24,0.0,11.97,0.0,0.0,27.65,0.0,0.0,24.57,0.0,100.0,True,1502.2616,1217.4037,43.300552,355.659,0.8103806305710783,False,0.95484114,0.5080146796011756,0.4307969912257111,0.3264536277030177,0.595524048842874,True,74,1581.0852,182.05055,1305.8726,1890.2153,78.82360507812496,0.9548411144743788,0.5080146796011756,0.4307969912257111,0.3264536277030177,1.0,0.0,0.5693218240221133,0.45545745921769065,Low,555,True
CAND_04690,Al20.22Co29.45Cr17.72Fe13.00Mo11.95V7.66,6,20.22,29.45,17.72,0.0,13.0,0.0,11.95,0.0,0.0,0.0,7.66,0.0,100.0,True,1214.0083,1133.4835,56.222,387.4249333333333,0.9336703046186504,False,0.7144461,0.4421102248279724,0.6619055004118082,0.3945252838825025,0.5716220822988268,False,527,1581.0852,182.05055,1305.8726,1890.2153,367.07690507812504,0.7144460989047577,0.44211022482797246,0.6619055004118082,0.3945252838825024,1.0,0.0,0.568995034880499,0.45519602790439917,Low,556,True
CAND_01943,Co24.70Cr33.66Fe20.01Ti21.63,4,0.0,24.7,33.66,0.0,20.01,0.0,0.0,0.0,0.0,21.63,0.0,0.0,100.0,True,765.3732,1509.2809,64.81064,258.94100000000003,1.9719541275810168,True,0.34029728,0.7372325285425411,0.8155189179123921,0.1191952930184582,0.5450179709866063,False,800,1581.0852,182.05055,1305.8726,1890.2153,815.712005078125,0.3402972449295267,0.7372325285425411,0.8155189179123921,0.11919529301845827,1.0,0.0,0.5687790391216303,0.45502323129730426,Low,557,True
CAND_00746,Cr29.56Fe31.98Nb6.79Ti14.17W17.50,5,0.0,0.0,29.56,0.0,31.98,0.0,0.0,6.79,0.0,14.17,0.0,17.5,100.0,True,1345.7838,1436.1589,45.97682,250.24300000000005,1.0671542380123975,True,0.82434314,0.6798081475004777,0.4786637866237544,0.1005562289860517,0.5859947746825479,False,409,1581.0852,182.05055,1305.8726,1890.2153,235.30140507812507,0.8243431005147812,0.6798081475004777,0.4786637866237544,0.10055622898605175,1.0,0.0,0.5687107897138727,0.45496863177109814,Low,558,True
CAND_04459,Al38.18Fe20.39Mo9.95Ti31.48,4,38.18,0.0,0.0,0.0,20.39,0.0,9.95,0.0,0.0,31.48,0.0,0.0,100.0,True,921.5981,1432.598,47.836952,496.7284,1.5544715485577203,True,0.4705844,0.6770116911883872,0.5119334583671499,0.6287531884771238,0.5665751799050834,False,584,1581.0852,182.05055,1305.8726,1890.2153,659.487105078125,0.47058434751555955,0.6770116911883872,0.5119334583671499,0.628753188477124,1.0,0.0,0.5686426100171196,0.4549140880136957,Low,559,True
CAND_02817,Al33.49Co8.44Cu35.10Ni22.97,4,33.49,8.44,0.0,35.1,0.0,0.0,0.0,0.0,22.97,0.0,0.0,0.0,100.0,True,725.0628,1446.9584,57.717476,448.6326,1.9956318124044516,True,0.30667955,0.6882892421513866,0.6886530622085655,0.5256880360409524,0.5495071106338439,False,746,1581.0852,182.05055,1305.8726,1890.2153,856.022405078125,0.30667952317016556,0.6882892421513866,0.6886530622085655,0.5256880360409525,1.0,0.0,0.5686057775066699,0.4548846220053359,Low,560,True
CAND_02356,Al26.67Co19.30Nb17.31Ni11.37V18.47W6.88,6,26.67,19.3,0.0,0.0,0.0,0.0,0.0,17.31,11.37,0.0,18.47,6.88,100.0,True,1140.8474,1184.6332,52.997322,449.9496666666666,1.0383800562861136,True,0.653432,0.482279255529912,0.604230035155499,0.528510396346189,0.5710474632822307,False,534,1581.0852,182.05055,1305.8726,1890.2153,440.2378050781249,0.6534319988247674,0.482279255529912,0.604230035155499,0.5285103963461889,1.0,0.0,0.5685873463637435,0.45486987709099486,Low,561,True
CAND_04804,Al16.13Co25.67Cu30.37Mn13.98Ti13.85,5,16.13,25.67,0.0,30.37,0.0,13.98,0.0,0.0,0.0,13.85,0.0,0.0,100.0,True,886.41486,1388.5586,60.406338,341.3215333333333,1.5664884119082387,True,0.44124258,0.6424265418972869,0.7367451094951504,0.2957296728556396,0.5536464725056504,False,704,1581.0852,182.05055,1305.8726,1890.2153,694.670345078125,0.44124253069129515,0.6424265418972869,0.7367451094951504,0.2957296728556396,1.0,0.0,0.5684215790189009,0.45473726321512076,Low,562,True
CAND_01770,Al35.39Cr20.98Ti20.82V14.14W8.67,5,35.39,0.0,20.98,0.0,0.0,0.0,0.0,0.0,0.0,20.82,14.14,8.67,100.0,True,1185.7322,1237.351,43.41496,541.5058333333334,1.0435332895867389,True,0.6908646,0.5236797510702322,0.4328432527839329,0.7247073672661348,0.5812802452860121,False,446,1581.0852,182.05055,1305.8726,1890.2153,395.3530050781251,0.690864639473944,0.5236797510702322,0.43284325278393293,0.7247073672661348,1.0,0.0,0.5683791661146558,0.45470333289172465,Low,563,True
CAND_02113,Al20.32Co22.12Fe10.14Nb20.75V26.67,5,20.32,22.12,0.0,0.0,10.14,0.0,0.0,20.75,0.0,0.0,26.67,0.0,100.0,True,1194.5303,1235.0261,52.74218,381.6456,1.033901046681693,True,0.698202,0.5218539538616671,0.5996666543911481,0.3821406708605869,0.5732545664971305,False,511,1581.0852,182.05055,1305.8726,1890.2153,386.5549050781251,0.698202003474575,0.5218539538616671,0.5996666543911481,0.38214067086058695,1.0,0.0,0.5683277839735763,0.45466222717886107,Low,564,True
CAND_02956,Al17.47Co22.59Mn15.03Mo19.60Nb15.93W9.38,6,17.47,22.59,0.0,0.0,0.0,15.03,19.6,15.93,0.0,0.0,0.0,9.38,100.0,True,941.33167,1414.292,55.60775,366.219,1.5024375069134754,True,0.4870416,0.6626355701939394,0.6509192392925002,0.3490827971882113,0.5599953871796237,False,641,1581.0852,182.05055,1305.8726,1890.2153,639.753535078125,0.48704158102301354,0.6626355701939394,0.6509192392925002,0.3490827971882113,1.0,0.0,0.5681892576799169,0.4545514061439335,Low,565,True
CAND_00551,Al33.09Fe33.35Mn9.73Ti23.83,4,33.09,0.0,0.0,0.0,33.35,9.73,0.0,0.0,0.0,23.83,0.0,0.0,100.0,True,1042.3842,1502.429,42.911713,447.9370666666666,1.4413390614191406,True,0.5713165,0.7318515745688792,0.423842352581233,0.5241975680785848,0.5755406399187387,False,496,1581.0852,182.05055,1305.8726,1890.2153,538.701005078125,0.5713165035397707,0.7318515745688792,0.423842352581233,0.5241975680785848,1.0,0.0,0.568166939241764,0.45453355139341123,Low,566,True
CAND_00432,Al30.20Cu44.00Mn11.54Ti14.26,4,30.2,0.0,0.0,44.0,0.0,11.54,0.0,0.0,0.0,14.26,0.0,0.0,100.0,True,1003.7784,1419.1122,46.63067,471.8513333333333,1.4137704361541672,True,0.53912044,0.666420983633109,0.4903583195221827,0.5754437795856031,0.5705685726227353,False,543,1581.0852,182.05055,1305.8726,1890.2153,577.306805078125,0.5391203694726928,0.666420983633109,0.49035831952218273,0.5754437795856031,1.0,0.0,0.5681304502526012,0.454504360202081,Low,567,True
CAND_01375,Al10.35Cr31.63Ni8.68Ti6.39V20.94W22.01,6,10.35,0.0,31.63,0.0,0.0,0.0,0.0,0.0,8.68,6.39,20.94,22.01,100.0,True,1236.7125,1246.1029,53.084217,339.569,1.007593014059906,True,0.7333808,0.5305528185525499,0.6057842087980913,0.2919741450309757,0.5744222638379425,False,503,1581.0852,182.05055,1305.8726,1890.2153,344.3727050781249,0.7333807529485998,0.5305528185525499,0.6057842087980913,0.29197414503097574,1.0,0.0,0.5680424181969886,0.45443393455759096,Low,568,True
CAND_03788,Al36.87Cu21.23Mn24.21Ti7.29W10.40,5,36.87,0.0,0.0,21.23,0.0,24.21,0.0,0.0,0.0,7.29,0.0,10.4,100.0,True,785.8764,1551.1864,46.572433,516.5910666666666,1.9738299718409709,True,0.35739636,0.7701418772988414,0.4893167128656012,0.6713171705252208,0.5612882307187951,False,627,1581.0852,182.05055,1305.8726,1890.2153,795.208805078125,0.35739632786535797,0.7701418772988414,0.48931671286560124,0.6713171705252208,1.0,0.0,0.5678842345944554,0.45430738767556433,Low,569,True
CAND_01512,Al14.36Cr18.05Cu12.97Nb31.87Ni11.68Ti11.07,6,14.36,0.0,18.05,12.97,0.0,0.0,0.0,31.87,11.68,11.07,0.0,0.0,100.0,True,1205.1421,1433.1421,46.005886,339.98,1.1891893180710424,True,0.70705193,0.6774389853778923,0.4791836509553682,0.2928548825933256,0.5790714265451942,False,466,1581.0852,182.05055,1305.8726,1890.2153,375.943105078125,0.7070519414500352,0.6774389853778923,0.47918365095536825,0.2928548825933256,1.0,0.0,0.5676780086514858,0.4541424069211886,Low,570,True
CAND_03527,Cr30.81Fe33.24Ni23.01Ti12.94,4,0.0,0.0,30.81,0.0,33.24,0.0,0.0,0.0,23.01,12.94,0.0,0.0,100.0,True,1479.1033,1299.0769,48.083847,225.0900000000001,0.878286814075053,False,0.93552774,0.5721545138196686,0.5163493361678037,0.0466555187529956,0.5883903504944379,True,85,1581.0852,182.05055,1305.8726,1890.2153,101.98190507812501,0.9355277540061172,0.5721545138196686,0.5163493361678037,0.04665551875299566,1.0,0.0,0.5674314213107204,0.45394513704857636,Low,571,True
CAND_01680,Cr29.60Mn43.36Ti18.34W8.70,4,0.0,0.0,29.6,0.0,0.0,43.36,0.0,0.0,0.0,18.34,0.0,8.7,100.0,True,999.9235,1596.5387,50.618847,275.17533333333336,1.596660807909687,True,0.53590554,0.8057580770244228,0.5616894614220906,0.1539840695789816,0.5660190668570027,False,587,1581.0852,182.05055,1305.8726,1890.2153,581.161705078125,0.5359054930236831,0.8057580770244228,0.5616894614220906,0.15398406957898164,1.0,0.0,0.567308245226722,0.45384659618137757,Low,572,True
CAND_01084,Al20.45Co40.88Cu24.60Mn14.07,4,20.45,40.88,0.0,24.6,0.0,14.07,0.0,0.0,0.0,0.0,0.0,0.0,100.0,True,734.8575,1498.9624,59.276787,373.9434666666666,2.039800144735361,True,0.31484804,0.7291291742061917,0.7165423545361347,0.3656356632282422,0.5471741055226637,False,773,1581.0852,182.05055,1305.8726,1890.2153,846.227705078125,0.3148480230936695,0.7291291742061917,0.7165423545361347,0.3656356632282422,1.0,0.0,0.5672588138803516,0.4538070511042813,Low,573,True
CAND_03177,Al24.85Co16.94Cr7.46Fe19.02Mo23.62Ti8.11,6,24.85,16.94,7.46,0.0,19.02,0.0,23.62,0.0,0.0,8.11,0.0,0.0,100.0,True,1077.5876,1410.0262,49.511703,379.8267,1.308502565522354,True,0.60067517,0.6592855397701377,0.5418874702447602,0.3782429249915888,0.570196526877635,False,546,1581.0852,182.05055,1305.8726,1890.2153,503.49760507812493,0.6006751332279777,0.6592855397701377,0.5418874702447602,0.378242924991589,1.0,0.0,0.5672571250602022,0.4538057000481618,Low,574,True
CAND_02200,Al26.26Mn8.75Nb32.04Ti11.99W20.96,5,26.26,0.0,0.0,0.0,0.0,8.75,0.0,32.04,0.0,11.99,0.0,20.96,100.0,True,1077.4188,1403.1108,45.91082,444.8293333333333,1.3022891096126707,True,0.6005344,0.6538547177923706,0.4774833336585541,0.5175379635033209,0.5733182571225286,False,510,1581.0852,182.05055,1305.8726,1890.2153,503.6664050781251,0.600534358851316,0.6538547177923706,0.4774833336585541,0.5175379635033209,1.0,0.0,0.5671656996736045,0.45373255973888366,Low,575,True
CAND_01172,Co23.53Cr25.03Nb21.18V30.26,4,0.0,23.53,25.03,0.0,0.0,0.0,0.0,21.18,0.0,0.0,30.26,0.0,100.0,True,1089.5165,1085.513,67.027145,316.508,0.9963254530174216,False,0.6106235,0.4044378926874634,0.8551625527552927,0.242556410419418,0.5546925201655112,True,108,1581.0852,182.05055,1305.8726,1890.2153,491.56870507812505,0.6106234949682541,0.4044378926874634,0.8551625527552927,0.24255641041941806,1.0,0.0,0.5669194689378031,0.4535355751502425,Low,576,True
CAND_04289,Al33.75Cr16.05Cu40.86Mo9.34,4,33.75,0.0,16.05,40.86,0.0,0.0,9.34,0.0,0.0,0.0,0.0,0.0,100.0,True,963.69324,1472.0035,44.42255,492.17513333333335,1.527460651396687,True,0.5056905,0.7079577326964563,0.4508646558628154,0.6189959306067375,0.569660030858289,False,552,1581.0852,182.05055,1305.8726,1890.2153,617.391965078125,0.5056904914372609,0.7079577326964563,0.4508646558628154,0.6189959306067375,1.0,0.0,0.5669187290181074,0.45353498321448593,Low,577,True
CAND_00909,Al19.35Cr24.25Cu14.36Mo16.15Nb25.89,5,19.35,0.0,24.25,14.36,0.0,0.0,16.15,25.89,0.0,0.0,0.0,0.0,100.0,True,1073.6838,1455.2367,48.1552,370.733,1.3553679851034912,True,0.5974195,0.6947903807085994,0.5176255310227421,0.3587559099776207,0.5708827454911231,False,539,1581.0852,182.05055,1305.8726,1890.2153,507.401405078125,0.5974194755762502,0.6947903807085994,0.5176255310227421,0.35875590997762075,1.0,0.0,0.5668930289101082,0.45351442312808654,Low,578,True
CAND_03511,Al31.62Fe5.64Mn25.74Mo8.18Nb28.82,5,31.62,0.0,0.0,0.0,5.64,25.74,8.18,28.82,0.0,0.0,0.0,0.0,100.0,True,798.47455,1503.9421,49.367126,493.1746666666666,1.8835191467617047,True,0.36790285,0.7330398466477985,0.5393016164818849,0.621137844357315,0.558278894272154,False,656,1581.0852,182.05055,1305.8726,1890.2153,782.610655078125,0.3679028249822979,0.7330398466477985,0.5393016164818849,0.621137844357315,1.0,0.0,0.5668488218380767,0.4534790574704614,Low,579,True
CAND_03066,Al9.07Cr30.69Fe27.44Mn17.21Nb15.59,5,9.07,0.0,30.69,0.0,27.44,17.21,0.0,15.59,0.0,0.0,0.0,0.0,100.0,True,1180.395,1397.3842,52.60382,269.1453333333333,1.183827597438457,True,0.6864136,0.6493574876772824,0.5971919957204646,0.1410622995036295,0.5711886689809812,False,532,1581.0852,182.05055,1305.8726,1890.2153,400.690205078125,0.686413567180589,0.6493574876772824,0.5971919957204646,0.14106229950362958,1.0,0.0,0.5667275817400157,0.4533820653920126,Low,580,True
CAND_03745,Co12.68Cr22.37Mn11.18Mo8.81Nb44.96,5,0.0,12.68,22.37,0.0,0.0,11.18,8.81,44.96,0.0,0.0,0.0,0.0,100.0,True,973.9768,1514.0996,52.472443,319.208,1.5545540609147872,True,0.51426667,0.7410167639973617,0.5948422325506293,0.2483422776173369,0.5625469358649949,False,613,1581.0852,182.05055,1305.8726,1890.2153,607.108405078125,0.5142666866319426,0.7410167639973617,0.5948422325506293,0.24834227761733696,1.0,0.0,0.5665757122649835,0.4532605698119868,Low,581,True
CAND_03149,Al12.72Co21.43Fe8.76Nb14.33Ti9.55W33.21,6,12.72,21.43,0.0,0.0,8.76,0.0,0.0,14.33,0.0,9.55,0.0,33.21,100.0,True,893.39197,1610.658,48.389145,368.3556,1.8028570415896772,True,0.44706124,0.8168462866364027,0.5218097896431028,0.3536613467641643,0.5626739135787051,False,612,1581.0852,182.05055,1305.8726,1890.2153,687.693235078125,0.4470612410654035,0.8168462866364027,0.5218097896431028,0.35366134676416433,1.0,0.0,0.5664113351648271,0.4531290681318617,Low,582,True
CAND_00727,Al20.38Co39.28Nb11.07V29.27,4,20.38,39.28,0.0,0.0,0.0,0.0,0.0,11.07,0.0,0.0,29.27,0.0,100.0,True,1176.4597,1243.6976,52.418404,385.9852,1.0571527288551723,True,0.68313164,0.5286638813828817,0.593875709856895,0.3914400594872864,0.5707236002995948,False,541,1581.0852,182.05055,1305.8726,1890.2153,404.6255050781249,0.6831316394289514,0.5286638813828817,0.593875709856895,0.3914400594872864,1.0,0.0,0.5662607961522637,0.4530086369218109,Low,583,True
CAND_04934,Al27.73Co15.68Cu9.60Fe22.77Mn8.66W15.56,6,27.73,15.68,0.0,9.6,22.77,8.66,0.0,0.0,0.0,0.0,0.0,15.56,100.0,True,769.9357,1526.9656,54.337845,409.942,1.9832377438032849,True,0.3441023,0.7511207284196585,0.6282061616747309,0.4427774162602866,0.552035063829855,False,722,1581.0852,182.05055,1305.8726,1890.2153,811.149505078125,0.3441022395593762,0.7511207284196585,0.6282061616747309,0.44277741626028677,1.0,0.0,0.5662402393572039,0.45299219148576314,Low,584,True
CAND_01285,Al22.67Cr22.09Fe10.91Mn30.62V13.71,5,22.67,0.0,22.09,0.0,10.91,30.62,0.0,0.0,0.0,0.0,13.71,0.0,100.0,True,1182.6693,1334.4333,49.63985,361.7413666666667,1.1283232658511024,True,0.68831027,0.5999207043762126,0.5441794627619048,0.3394876150298257,0.573437313821298,False,509,1581.0852,182.05055,1305.8726,1890.2153,398.415905078125,0.688310268394105,0.5999207043762126,0.5441794627619048,0.3394876150298257,1.0,0.0,0.5662307594944352,0.4529846075955482,Low,585,True
CAND_01314,Al16.29Cr19.88Fe9.52Ni17.39Ti36.92,5,16.29,0.0,19.88,0.0,9.52,0.0,0.0,0.0,17.39,36.92,0.0,0.0,100.0,True,1166.0591,1417.8839,49.461567,314.275,1.2159623143023564,True,0.67445785,0.6654563715159081,0.5409907552468318,0.2377712839553615,0.5728876621825614,False,512,1581.0852,182.05055,1305.8726,1890.2153,415.02610507812506,0.6744578362186033,0.6654563715159081,0.5409907552468318,0.2377712839553615,1.0,0.0,0.566214289676777,0.4529714317414216,Low,586,True
CAND_03175,Cr38.94Nb33.98Ti5.94V21.14,4,0.0,0.0,38.94,0.0,0.0,0.0,0.0,33.98,0.0,5.94,21.14,0.0,100.0,True,1149.416,1307.4368,54.969982,314.07,1.1374791913692586,True,0.660578,0.5787197347254637,0.6395123434332592,0.2373319866310751,0.5672672229117056,False,575,1581.0852,182.05055,1305.8726,1890.2153,431.66920507812506,0.6605779663831954,0.5787197347254637,0.6395123434332592,0.2373319866310751,1.0,0.0,0.566213913038077,0.4529711304304616,Low,587,True
CAND_03968,Al6.59Co37.55Cr14.24Cu10.15V15.61W15.86,6,6.59,37.55,14.24,10.15,0.0,0.0,0.0,0.0,0.0,0.0,15.61,15.86,100.0,True,1073.1891,1003.3445,71.175964,315.51059999999995,0.9349186571446608,False,0.5970069,0.3399090880369509,0.9293668814011962,0.2404190682182312,0.5494793850742963,True,112,1581.0852,182.05055,1305.8726,1890.2153,507.89610507812495,0.5970069099119464,0.3399090880369509,0.9293668814011962,0.24041906821823125,1.0,0.0,0.5660973785421654,0.4528779028337323,Low,588,True
CAND_03179,Al15.71Co17.19Fe15.72Nb6.42Ti32.29W12.67,6,15.71,17.19,0.0,0.0,15.72,0.0,0.0,6.42,0.0,32.29,0.0,12.67,100.0,True,1054.0713,1482.5616,48.814568,349.107,1.4065098019305724,True,0.5810632,0.7162492503994761,0.5294187569433215,0.3124132566360681,0.5684104221008088,False,564,1581.0852,182.05055,1305.8726,1890.2153,527.0139050781249,0.5810632109893081,0.7162492503994761,0.5294187569433215,0.31241325663606817,1.0,0.0,0.5658281934455766,0.4526625547564613,Low,589,True
CAND_02868,Al23.45Co14.30Cu5.90Nb39.13V7.74W9.48,6,23.45,14.3,0.0,5.9,0.0,0.0,0.0,39.13,0.0,0.0,7.74,9.48,100.0,True,1170.7944,1114.2083,56.862755,408.8797,0.9516686004219724,False,0.67840695,0.4269729688795304,0.67336582071055,0.4405009989549723,0.5660305967293973,False,586,1581.0852,182.05055,1305.8726,1890.2153,410.290805078125,0.6784069411108173,0.4269729688795304,0.67336582071055,0.4405009989549723,1.0,0.0,0.5657785219979743,0.45262281759837947,Low,590,True
CAND_04020,Al19.27Fe12.99Mn13.11Mo5.66Nb23.39Ti25.58,6,19.27,0.0,0.0,0.0,12.99,13.11,5.66,23.39,0.0,25.58,0.0,0.0,100.0,True,1174.3647,1437.9976,45.00939,366.898,1.22448975480843,True,0.6813845,0.6812521207154068,0.4613606712885455,0.350537835642799,0.5767118454367595,False,484,1581.0852,182.05055,1305.8726,1890.2153,406.7205050781249,0.6813844692920671,0.6812521207154068,0.4613606712885455,0.35053783564279906,1.0,0.0,0.5657106302706223,0.45256850421649786,Low,591,True
CAND_04593,Al25.14Cr23.41Ni38.06V13.39,4,25.14,0.0,23.41,0.0,0.0,0.0,0.0,0.0,38.06,0.0,13.39,0.0,100.0,True,1112.3168,1186.4148,58.164143,371.7920333333333,1.06661594014727,True,0.62963825,0.4836783868072914,0.696641992278371,0.3610253270979303,0.5623092985099124,False,616,1581.0852,182.05055,1305.8726,1890.2153,468.76840507812494,0.6296382936661079,0.48367838680729147,0.696641992278371,0.3610253270979302,1.0,0.0,0.5656594862069152,0.4525275889655322,Low,592,True
CAND_04898,Al23.51Co10.00Fe5.58Nb32.20W28.71,5,23.51,10.0,0.0,0.0,5.58,0.0,0.0,32.2,0.0,0.0,0.0,28.71,100.0,True,946.09454,1505.5339,48.52069,406.4737,1.5913144309011404,True,0.49101374,0.7342899236388922,0.524162557602304,0.4353451484074935,0.5639335213341248,False,601,1581.0852,182.05055,1305.8726,1890.2153,634.990665078125,0.49101367850743466,0.7342899236388922,0.524162557602304,0.43534514840749355,1.0,0.0,0.5655909362603415,0.4524727490082732,Low,593,True
CAND_00335,Al13.66Co36.19V31.31W18.84,4,13.66,36.19,0.0,0.0,0.0,0.0,0.0,0.0,0.0,0.0,31.31,18.84,100.0,True,1041.849,1227.7781,59.5766,363.19,1.1784606993439937,True,0.57087016,0.5161619334875953,0.7219047052157653,0.3425919113576572,0.5579746003115207,False,657,1581.0852,182.05055,1305.8726,1890.2153,539.2362050781251,0.5708701620327251,0.5161619334875953,0.7219047052157653,0.3425919113576572,1.0,0.0,0.565526318822838,0.4524210550582704,Low,594,True
CAND_03129,Al38.65Co19.43Fe13.50Mo7.55Nb10.68V10.19,6,38.65,19.43,0.0,0.0,13.5,0.0,7.55,10.68,0.0,0.0,10.19,0.0,100.0,True,1175.9441,1256.1445,41.353546,559.3750666666666,1.0682008683598017,True,0.68270165,0.5384387169780851,0.3959735214383941,0.7629995935606867,0.5797854346320855,False,460,1581.0852,182.05055,1305.8726,1890.2153,405.14110507812507,0.6827016437618498,0.5384387169780851,0.39597352143839415,0.7629995935606867,1.0,0.0,0.5654490214995092,0.45235921719960737,Low,595,True
CAND_01228,Al14.46Cr34.54Mn9.63Mo20.51Ni20.86,5,14.46,0.0,34.54,0.0,0.0,9.63,20.51,0.0,20.86,0.0,0.0,0.0,100.0,True,937.1355,1443.3412,56.9298,316.894,1.5401627651584329,True,0.48354208,0.685448572160066,0.6745649641810328,0.2433835751373428,0.5558459743720521,False,680,1581.0852,182.05055,1305.8726,1890.2153,643.949705078125,0.48354209514554825,0.685448572160066,0.6745649641810328,0.2433835751373428,1.0,0.0,0.5653971209593182,0.45231769676745454,Low,596,True
CAND_04447,Al30.74Cr20.78Mo31.90W16.58,4,30.74,0.0,20.78,0.0,0.0,0.0,31.9,0.0,0.0,0.0,0.0,16.58,100.0,True,851.4378,1502.6195,46.434155,504.2142333333333,1.7648024211114055,True,0.4120727,0.7320011785811943,0.4868435208182985,0.6447946838595019,0.561652250310781,False,623,1581.0852,182.05055,1305.8726,1890.2153,729.647405078125,0.4120726620955859,0.7320011785811943,0.4868435208182985,0.6447946838595019,1.0,0.0,0.5653907779226697,0.45231262233813574,Low,597,True
CAND_02230,Al27.38Mn35.33Nb12.71Ni24.58,4,27.38,0.0,0.0,0.0,0.0,35.33,0.0,12.71,24.58,0.0,0.0,0.0,100.0,True,899.7885,1473.1576,52.672394,388.63053333333335,1.637226502022943,True,0.45239583,0.7088640738545298,0.5984184863513077,0.3971087807320621,0.5575489088274372,False,662,1581.0852,182.05055,1305.8726,1890.2153,681.296705078125,0.45239576430916706,0.7088640738545298,0.5984184863513077,0.3971087807320621,1.0,0.0,0.5648500262488523,0.45188002099908187,Low,598,True
CAND_03324,Al11.59Co43.02Cr19.26Cu16.68Fe9.45,5,11.59,43.02,19.26,16.68,9.45,0.0,0.0,0.0,0.0,0.0,0.0,0.0,100.0,True,919.8,1453.178,53.96094,368.76993333333337,1.5798847785232693,True,0.46908483,0.6931736364558262,0.6214649703891422,0.3545492273724376,0.5572261663675067,False,665,1581.0852,182.05055,1305.8726,1890.2153,661.285205078125,0.46908478349497146,0.6931736364558262,0.6214649703891422,0.35454922737243766,1.0,0.0,0.564845162033099,0.4518761296264792,Low,599,True
CAND_04495,Al33.07Co9.90Nb31.57Ti5.34V20.12,5,33.07,9.9,0.0,0.0,0.0,0.0,0.0,31.57,0.0,5.34,20.12,0.0,100.0,True,1081.705,1198.6829,48.656555,538.5167333333334,1.1081421909833595,True,0.60410887,0.4933128066681013,0.5265925915737729,0.7183019836952833,0.568619948457001,False,561,1581.0852,182.05055,1305.8726,1890.2153,499.3802050781251,0.6041089271762389,0.49331280666810134,0.5265925915737729,0.7183019836952833,1.0,0.0,0.5647441488209145,0.45179531905673165,Low,600,True
CAND_00261,Al19.07Co35.10Cu13.29Mn6.11Ni26.43,5,19.07,35.1,0.0,13.29,0.0,6.11,0.0,0.0,26.43,0.0,0.0,0.0,100.0,True,709.2274,1467.9178,62.95629,343.6467999999999,2.0697420387742422,True,0.29347327,0.7047491389268171,0.7823526610030084,0.3007125188308545,0.5401617682982519,False,865,1581.0852,182.05055,1305.8726,1890.2153,871.857805078125,0.2934732520553121,0.7047491389268171,0.7823526610030084,0.30071251883085454,1.0,0.0,0.5646057308174038,0.4516845846539231,Low,601,True
CAND_01193,Al21.47Co30.03Ti40.65W7.85,4,21.47,30.03,0.0,0.0,0.0,0.0,0.0,0.0,0.0,40.65,0.0,7.85,100.0,True,925.23193,1365.4614,56.20156,391.372,1.475804444725905,True,0.47361487,0.6242877818277489,0.6615399177056159,0.4029835074212675,0.5552033045187278,False,687,1581.0852,182.05055,1305.8726,1890.2153,655.853275078125,0.4736148579014853,0.6242877818277489,0.6615399177056159,0.4029835074212675,1.0,0.0,0.5645995504485709,0.45167964035885677,Low,602,True
CAND_04507,Al24.81Co20.89Cr24.26Mo18.68V11.36,5,24.81,20.89,24.26,0.0,0.0,0.0,18.68,0.0,0.0,0.0,11.36,0.0,100.0,True,1169.6222,1242.4614,49.430626,435.9247,1.0622758426537682,True,0.6774294,0.5276930652147762,0.5404373553196156,0.4984561020541256,0.5714144900924931,False,531,1581.0852,182.05055,1305.8726,1890.2153,411.463005078125,0.6774293598055878,0.5276930652147762,0.5404373553196156,0.49845610205412555,1.0,0.0,0.5645648814198333,0.45165190513586667,Low,603,True
CAND_04198,Al6.95Cr43.41Cu8.73Mn20.02Ti20.89,5,6.95,0.0,43.41,8.73,0.0,20.02,0.0,0.0,0.0,20.89,0.0,0.0,100.0,True,909.07306,1473.9844,58.548267,282.2603333333334,1.621414676493007,True,0.46013886,0.7095133788276649,0.7035123000784411,0.169166613689076,0.5521487409108997,False,720,1581.0852,182.05055,1305.8726,1890.2153,672.012145078125,0.4601388220495541,0.7095133788276649,0.7035123000784411,0.16916661368907607,1.0,0.0,0.5643174012375817,0.45145392099006537,Low,604,True
CAND_00636,Al43.83Cr17.10Nb10.03V12.57W16.47,5,43.83,0.0,17.1,0.0,0.0,0.0,0.0,10.03,0.0,0.0,12.57,16.47,100.0,True,1298.4084,1208.4036,33.996464,633.6466666666666,0.9306806363936015,False,0.78483343,0.5009466949752536,0.2643873204971474,0.9221572284410372,0.5901544671573487,True,82,1581.0852,182.05055,1305.8726,1890.2153,282.67680507812497,0.7848333706327053,0.5009466949752536,0.26438732049714747,0.9221572284410372,1.0,0.0,0.5641321315660522,0.4513057052528418,Low,605,True
CAND_02901,Co43.58Mo8.15Nb16.40Ni9.78V22.09,5,0.0,43.58,0.0,0.0,0.0,0.0,8.15,16.4,9.78,0.0,22.09,0.0,100.0,True,1133.664,1271.387,56.861748,312.645,1.1214849080567135,True,0.6474412,0.5504090012705503,0.6733478098600052,0.2342783344988401,0.5628337774506952,False,611,1581.0852,182.05055,1305.8726,1890.2153,447.421205078125,0.6474412484852472,0.5504090012705503,0.6733478098600052,0.23427833449884017,1.0,0.0,0.5641291056353044,0.45130328450824353,Low,606,True
CAND_01446,Al13.73Cr25.08Fe34.01Ti27.18,4,13.73,0.0,25.08,0.0,34.01,0.0,0.0,0.0,0.0,27.18,0.0,0.0,100.0,True,1170.486,1468.9452,48.612736,281.61833333333334,1.2549874563193186,True,0.6781497,0.7055559796735503,0.5258088602331348,0.1677908630442375,0.5717325514466552,False,525,1581.0852,182.05055,1305.8726,1890.2153,410.5992050781249,0.6781497443231252,0.7055559796735503,0.5258088602331348,0.1677908630442375,1.0,0.0,0.5641155175094225,0.451292414007538,Low,607,True
CAND_01715,Al22.91Cr9.58Nb26.92Ni33.22W7.37,5,22.91,0.0,9.58,0.0,0.0,0.0,0.0,26.92,33.22,0.0,0.0,7.37,100.0,True,882.5057,1502.461,54.110634,351.7605333333333,1.7024944319351036,True,0.43798244,0.7318767049016565,0.6241423450281225,0.3180995497738152,0.5547082741129724,False,691,1581.0852,182.05055,1305.8726,1890.2153,698.579505078125,0.43798240295272595,0.7318767049016565,0.6241423450281225,0.3180995497738152,1.0,0.0,0.5640162481831874,0.45121299854654995,Low,608,True
CAND_02380,Al39.31Cr6.31Cu15.62Ti38.76,4,39.31,0.0,6.31,15.62,0.0,0.0,0.0,0.0,0.0,38.76,0.0,0.0,100.0,True,1067.6495,1198.2828,47.8724,558.501,1.1223559412017925,True,0.5923871,0.4929985989760944,0.5125674689233684,0.7611265440586642,0.5679265645111687,False,567,1581.0852,182.05055,1305.8726,1890.2153,513.435705078125,0.5923870418020254,0.4929985989760944,0.5125674689233684,0.7611265440586642,1.0,0.0,0.5639355624291448,0.4511484499433158,Low,609,True
CAND_04399,Cr21.87Mo19.51Ni33.27V25.35,4,0.0,0.0,21.87,0.0,0.0,0.0,19.51,0.0,33.27,0.0,25.35,0.0,100.0,True,1385.4814,1219.3779,51.80064,270.99440000000004,0.8801113173514677,False,0.8574498,0.5095650640689587,0.5828265985600156,0.145024689938234,0.5775648331458755,False,476,1581.0852,182.05055,1305.8726,1890.2153,195.6038050781251,0.8574497645844609,0.5095650640689587,0.5828265985600156,0.14502468993823403,1.0,0.0,0.5638336434255427,0.45106691474043414,Low,610,True
CAND_04463,Al9.20Cr41.25Mo24.77Ti24.78,4,9.2,0.0,41.25,0.0,0.0,0.0,24.77,0.0,0.0,24.78,0.0,0.0,100.0,True,1098.5492,1405.5005,51.718773,321.88,1.279415166154313,True,0.6181565,0.6557314039248099,0.5813623539705904,0.2540681432294995,0.5656171789675495,False,591,1581.0852,182.05055,1305.8726,1890.2153,482.5360050781251,0.6181565086653591,0.6557314039248099,0.5813623539705904,0.2540681432294995,1.0,0.0,0.5637774760193848,0.4510219808155078,Low,611,True
CAND_00865,Al22.20Cu11.06Nb10.42Ni44.62W11.70,5,22.2,0.0,0.0,11.06,0.0,0.0,0.0,10.42,44.62,0.0,0.0,11.7,100.0,True,876.527,1583.3705,51.16255,344.4831333333333,1.8064138818014157,True,0.4329963,0.7954167880219598,0.5714139435211564,0.3025047090530247,0.556753119497759,False,673,1581.0852,182.05055,1305.8726,1890.2153,704.558205078125,0.43299633798977105,0.7954167880219598,0.5714139435211564,0.30250470905302473,1.0,0.0,0.5636740103183313,0.45093920825466505,Low,612,True
CAND_04853,Al22.61Co24.35Ti33.98W19.06,4,22.61,24.35,0.0,0.0,0.0,0.0,0.0,0.0,0.0,33.98,0.0,19.06,100.0,True,915.8326,1343.2703,56.485313,405.2805333333333,1.4667203684424943,True,0.46577612,0.6068606028372601,0.6666150248303809,0.432788295119228,0.5533630190036594,False,707,1581.0852,182.05055,1305.8726,1890.2153,665.252605078125,0.46577608526056824,0.6068606028372601,0.6666150248303809,0.432788295119228,1.0,0.0,0.5634049538833186,0.45072396310665486,Low,613,True
CAND_04460,Al26.21Cr16.06Ti37.64W20.09,4,26.21,0.0,16.06,0.0,0.0,0.0,0.0,0.0,0.0,37.64,0.0,20.09,100.0,True,1107.6571,1398.0167,44.758915,435.6303333333333,1.2621385213259926,True,0.6257523,0.6498542044110848,0.4568807628573551,0.497825299668634,0.5715759399754013,False,528,1581.0852,182.05055,1305.8726,1890.2153,473.4281050781251,0.6257522370136782,0.6498542044110848,0.4568807628573551,0.49782529966863387,1.0,0.0,0.5631323443842466,0.45050587550739735,Low,614,True
CAND_02961,Al25.26Nb18.32Ni21.30Ti13.51W21.61,5,25.26,0.0,0.0,0.0,0.0,0.0,0.0,18.32,21.3,13.51,0.0,21.61,100.0,True,1124.8546,1318.5782,50.754997,382.1177666666667,1.1722209993066597,True,0.64009446,0.5874693312756406,0.5641245928040911,0.3831524833156304,0.5667731637585803,False,582,1581.0852,182.05055,1305.8726,1890.2153,456.2306050781251,0.6400944606075055,0.5874693312756406,0.5641245928040911,0.3831524833156304,1.0,0.0,0.5629746648731404,0.4503797318985123,Low,615,True
CAND_04908,Al18.77Co23.71Mo11.61Ni17.90V28.01,5,18.77,23.71,0.0,0.0,0.0,0.0,11.61,0.0,17.9,0.0,28.01,0.0,100.0,True,1198.8767,961.1636,65.49412,349.8183333333333,0.8017201375229376,False,0.7018268,0.3067834613541855,0.827743402649591,0.3139375826361124,0.5566095846162691,True,106,1581.0852,182.05055,1305.8726,1890.2153,382.208505078125,0.7018267768793264,0.3067834613541855,0.827743402649591,0.3139375826361124,1.0,0.0,0.5629053908163814,0.45032431265310513,Low,616,True
CAND_01577,Co23.75Cr24.53Mo8.14Ni29.96Ti13.62,5,0.0,23.75,24.53,0.0,0.0,0.0,8.14,0.0,29.96,13.62,0.0,0.0,100.0,True,998.47955,1328.5621,61.595978,275.4076,1.3305851839549256,True,0.53470135,0.5953099165698867,0.7580225953363774,0.1544817970189211,0.5516812975632208,False,725,1581.0852,182.05055,1305.8726,1890.2153,582.605655078125,0.534701279983514,0.5953099165698867,0.7580225953363774,0.1544817970189211,1.0,0.0,0.5628473431205958,0.45027787449647666,Low,617,True
CAND_00646,Al29.52Cr12.67Fe11.11Nb11.21V22.75W12.74,6,29.52,0.0,12.67,0.0,11.11,0.0,0.0,11.21,0.0,0.0,22.75,12.74,100.0,True,1379.5664,1238.8062,38.7182,475.7453333333333,0.8979677921901412,False,0.85251683,0.5248225529532825,0.3488386426500769,0.5837882858332683,0.5879797362951372,True,86,1581.0852,182.05055,1305.8726,1890.2153,201.51880507812507,0.8525168236013245,0.5248225529532825,0.3488386426500769,0.5837882858332683,1.0,0.0,0.5627958074563292,0.45023664596506335,Low,618,True
CAND_01867,Al13.14Co25.68Mn37.29Nb23.89,4,13.14,25.68,0.0,0.0,0.0,37.29,0.0,23.89,0.0,0.0,0.0,0.0,100.0,True,683.68933,1511.3008,61.569828,345.60419999999993,2.2105080938861583,True,0.27217525,0.738818802266822,0.7575548855630442,0.304907058257968,0.5384230025012448,False,887,1581.0852,182.05055,1305.8726,1890.2153,897.395875078125,0.27217523140726385,0.738818802266822,0.7575548855630442,0.304907058257968,1.0,0.0,0.562691972939471,0.4501535783515769,Low,619,True
CAND_03579,Co23.36Nb29.35Ni30.14V17.15,4,0.0,23.36,0.0,0.0,0.0,0.0,0.0,29.35,30.14,0.0,17.15,0.0,100.0,True,1040.4954,1124.5541,68.23342,285.8052,1.0807872305788846,True,0.56974125,0.4350977625310304,0.8767375664007029,0.1767629573067287,0.5471505476215327,False,774,1581.0852,182.05055,1305.8726,1890.2153,540.589805078125,0.5697412983108701,0.4350977625310304,0.8767375664007029,0.17676295730672872,1.0,0.0,0.5625003668532468,0.45000029348259746,Low,620,True
CAND_03785,Al19.48Co28.30Cr19.09Ni12.90V20.23,5,19.48,28.3,19.09,0.0,0.0,0.0,0.0,0.0,12.9,0.0,20.23,0.0,100.0,True,1201.3671,1139.5754,56.559242,364.9349333333333,0.948565540701262,False,0.7039037,0.4468943333981721,0.6679372931222644,0.3463311530376158,0.564173401759696,False,600,1581.0852,182.05055,1305.8726,1890.2153,379.71810507812506,0.7039036993179405,0.44689433339817214,0.6679372931222644,0.34633115303761575,1.0,0.0,0.5623750857412584,0.44990006859300674,Low,621,True
CAND_00302,Al18.04Co21.61Cr22.60Mo12.27Ti19.69V5.79,6,18.04,21.61,22.6,0.0,0.0,0.0,12.27,0.0,0.0,19.69,5.79,0.0,100.0,True,1155.3218,1318.3351,50.428326,364.8873333333333,1.1410977667460238,True,0.6655032,0.5872784192788227,0.5582818693102278,0.3462291503418304,0.5673393387440671,False,573,1581.0852,182.05055,1305.8726,1890.2153,425.76340507812506,0.6655032348292153,0.5872784192788227,0.5582818693102278,0.34622915034183027,1.0,0.0,0.5619782678352935,0.4495826142682348,Low,622,True
CAND_04481,Al33.57Fe14.07Ni15.46Ti7.05W29.85,5,33.57,0.0,0.0,0.0,14.07,0.0,0.0,0.0,15.46,7.05,0.0,29.85,100.0,True,928.645,1488.251,46.36843,455.0752,1.6026048368312156,True,0.4764613,0.7207172665027106,0.4856679864071198,0.5394939723406975,0.5614946627778814,False,624,1581.0852,182.05055,1305.8726,1890.2153,652.440205078125,0.4764612607554688,0.7207172665027106,0.48566798640711983,0.5394939723406975,1.0,0.0,0.5619549869129209,0.4495639895303367,Low,623,True
CAND_04566,Co35.11Cr13.17Fe11.23Nb13.51V26.98,5,0.0,35.11,13.17,0.0,11.23,0.0,0.0,13.51,0.0,0.0,26.98,0.0,100.0,True,1186.5651,1362.1987,50.147343,316.1446,1.1480185469213475,True,0.69155926,0.6217255088042275,0.5532563054386992,0.2417776755528537,0.5685661598510449,False,562,1581.0852,182.05055,1305.8726,1890.2153,394.52010507812497,0.6915592542744267,0.6217255088042275,0.5532563054386992,0.24177767555285382,1.0,0.0,0.5616510091744127,0.44932080733953017,Low,624,True
CAND_02931,Al7.21Co18.84Mo14.13Nb40.89Ni18.93,5,7.21,18.84,0.0,0.0,0.0,0.0,14.13,40.89,18.93,0.0,0.0,0.0,100.0,True,958.4203,1204.5804,67.62926,287.761,1.2568394210494742,True,0.501293,0.4979442484666787,0.8659317714998627,0.1809540680717989,0.5433972406144019,False,825,1581.0852,182.05055,1305.8726,1890.2153,622.664905078125,0.5012930101477225,0.4979442484666787,0.8659317714998627,0.18095406807179895,1.0,0.0,0.5616291687376629,0.4493033349901303,Low,625,True
CAND_03960,Al16.70Co10.29Cu15.69Fe12.02Nb24.98W20.32,6,16.7,10.29,0.0,15.69,12.02,0.0,0.0,24.98,0.0,0.0,0.0,20.32,100.0,True,1005.5123,1442.6235,50.580727,367.271,1.434714879417741,True,0.54056644,0.6848849459152437,0.5610076604064326,0.3513371424816227,0.5605879035675164,False,635,1581.0852,182.05055,1305.8726,1890.2153,575.572905078125,0.5405663925277495,0.6848849459152437,0.5610076604064326,0.3513371424816227,1.0,0.0,0.5616099514006836,0.4492879611205469,Low,626,True
CAND_00826,Co38.37Cu26.63Mn13.12Mo11.29W10.59,5,0.0,38.37,0.0,26.63,0.0,13.12,11.29,0.0,0.0,0.0,0.0,10.59,100.0,True,702.24194,1527.2969,61.561806,318.56073333333336,2.174887037783216,True,0.2876476,0.7513809058961941,0.7574114068708192,0.2469552409599396,0.5381046955835989,False,892,1581.0852,182.05055,1305.8726,1890.2153,878.843265078125,0.28764757801979907,0.7513809058961941,0.7574114068708192,0.2469552409599396,1.0,0.0,0.5615928744790446,0.4492742995832357,Low,627,True
CAND_04361,Al27.55Cu24.38Fe16.67Nb8.56Ti22.84,5,27.55,0.0,0.0,24.38,16.67,0.0,0.0,8.56,0.0,22.84,0.0,0.0,100.0,True,1090.3967,1547.7225,39.197243,424.8893333333333,1.4194122740141932,True,0.61135757,0.7674215973079822,0.357406638556266,0.4748082627898021,0.5742066551187517,False,505,1581.0852,182.05055,1305.8726,1890.2153,490.688505078125,0.6113575566171733,0.7674215973079822,0.357406638556266,0.47480826278980215,1.0,0.0,0.5615090993320381,0.4492072794656305,Low,628,True
CAND_00116,Al27.51Co6.55Cu43.37Nb22.57,4,27.51,6.55,0.0,43.37,0.0,0.0,0.0,22.57,0.0,0.0,0.0,0.0,100.0,True,907.4288,1450.2144,48.960526,451.99266666666665,1.5981578332009287,True,0.4587676,0.690846253511483,0.5320293107902112,0.5328883691926143,0.5578247429624399,False,659,1581.0852,182.05055,1305.8726,1890.2153,673.656405078125,0.45876755619309895,0.690846253511483,0.5320293107902112,0.5328883691926143,1.0,0.0,0.5614878137176752,0.44919025097414017,Low,629,True
CAND_00927,Al18.72Co20.32Cr14.34Cu7.30Nb24.91V14.41,6,18.72,20.32,14.34,7.3,0.0,0.0,0.0,24.91,0.0,0.0,14.41,0.0,100.0,True,1290.7168,1114.3446,53.68705,370.598,0.8633532953921255,False,0.77841884,0.4270800083907038,0.6165662694400706,0.3584666166177248,0.5695612259841605,False,554,1581.0852,182.05055,1305.8726,1890.2153,290.3684050781251,0.7784187960146339,0.42708000839070387,0.6165662694400706,0.35846661661772483,1.0,0.0,0.5614685748455495,0.44917485987643957,Low,630,True
CAND_03712,Cr38.37Mo10.86Ti26.86W23.91,4,0.0,0.0,38.37,0.0,0.0,0.0,10.86,0.0,0.0,26.86,0.0,23.91,100.0,True,876.3556,1560.2731,54.09114,305.753,1.7804109614220716,True,0.43285337,0.7772778708878423,0.6237936821477648,0.2195093727477081,0.5519142079276235,False,723,1581.0852,182.05055,1305.8726,1890.2153,704.729605078125,0.43285339528740263,0.7772778708878423,0.6237936821477648,0.21950937274770818,1.0,0.0,0.561461220644689,0.44916897651575116,Low,631,True
CAND_03517,Al10.18Cr24.79Mn21.60Mo13.19Nb16.58Ti13.66,6,10.18,0.0,24.79,0.0,0.0,21.6,13.19,16.58,0.0,13.66,0.0,0.0,100.0,True,1041.5912,1507.1497,49.972755,306.1513333333333,1.4469685606984413,True,0.57065517,0.735558848379569,0.5501336854040264,0.2203629667355493,0.5624520710060538,False,614,1581.0852,182.05055,1305.8726,1890.2153,539.4940050781249,0.5706551641991745,0.735558848379569,0.5501336854040264,0.22036296673554923,1.0,0.0,0.5614259961952046,0.4491407969561637,Low,632,True
CAND_03862,Al9.05Cr26.54Fe21.82Mn5.66Nb14.11Ti22.82,6,9.05,0.0,26.54,0.0,21.82,5.66,0.0,14.11,0.0,22.82,0.0,0.0,100.0,True,1171.588,1537.6715,45.85891,268.062,1.31246776455359,True,0.6790688,0.7595283168471936,0.4765548895157731,0.1387408095785387,0.5715289829862837,False,529,1581.0852,182.05055,1305.8726,1890.2153,409.49720507812503,0.679068780834269,0.7595283168471936,0.4765548895157731,0.13874080957853877,1.0,0.0,0.561403278554238,0.44912262284339044,Low,633,True
CAND_01827,Al17.92Cr23.26Cu16.02Fe7.24Mn18.28Ti17.28,6,17.92,0.0,23.26,16.02,7.24,18.28,0.0,0.0,0.0,17.28,0.0,0.0,100.0,True,1157.974,1497.1229,44.456223,329.5653333333334,1.2928812747631462,True,0.66771513,0.7276845727329434,0.4514669193885304,0.2705371499103905,0.5720672257454473,False,523,1581.0852,182.05055,1305.8726,1890.2153,423.11120507812507,0.667715093844511,0.7276845727329434,0.4514669193885304,0.2705371499103905,1.0,0.0,0.5612547935841284,0.4490038348673028,Low,634,True
CAND_00400,Co33.86Cr33.40Ni20.75Ti11.99,4,0.0,33.86,33.4,0.0,0.0,0.0,0.0,0.0,20.75,11.99,0.0,0.0,100.0,True,874.81104,1421.4117,61.973377,275.99420000000003,1.6248214104273635,True,0.43156528,0.6682268336400321,0.764772622133554,0.1557388302405134,0.5444916185604085,False,809,1581.0852,182.05055,1305.8726,1890.2153,706.274165078125,0.4315652763820918,0.6682268336400321,0.764772622133554,0.15573883024051344,1.0,0.0,0.5611519803636758,0.44892158429094065,Low,635,True
CAND_01380,Al16.31Co20.34Cr12.36Ni27.89W23.10,5,16.31,20.34,12.36,0.0,0.0,0.0,0.0,0.0,27.89,0.0,0.0,23.1,100.0,True,646.62085,1623.1837,59.138115,323.3472,2.51025574102748,True,0.24126118,0.8266830056760703,0.7140621155423428,0.2572122263231241,0.5374806242718875,False,899,1581.0852,182.05055,1305.8726,1890.2153,934.464355078125,0.24126117829237428,0.8266830056760703,0.7140621155423428,0.2572122263231241,1.0,0.0,0.5611206648870861,0.44889653190966894,Low,636,True
CAND_00886,Al29.73Fe22.18Mo7.63Nb27.88Ti12.58,5,29.73,0.0,0.0,0.0,22.18,0.0,7.63,27.88,0.0,12.58,0.0,0.0,100.0,True,1119.635,1370.4811,44.90416,439.0154,1.224042735397212,True,0.6357415,0.6282298671853274,0.4594785642350903,0.505079205664721,0.5698229326780544,False,548,1581.0852,182.05055,1305.8726,1890.2153,461.450205078125,0.6357414633538152,0.6282298671853274,0.4594785642350903,0.5050792056647211,1.0,0.0,0.5610097761142873,0.44880782089142984,Low,637,True
CAND_03367,Al20.71Co28.95Mo13.79Nb17.32W19.23,5,20.71,28.95,0.0,0.0,0.0,0.0,13.79,17.32,0.0,0.0,0.0,19.23,100.0,True,886.0549,1274.475,61.290886,387.0408,1.4383702886584344,True,0.44094235,0.5528340783835654,0.7525658263051818,0.3937021192702948,0.5453297020968232,False,795,1581.0852,182.05055,1305.8726,1890.2153,695.030305078125,0.44094233433689284,0.5528340783835654,0.7525658263051818,0.39370211927029486,1.0,0.0,0.5609108728813915,0.44872869830511325,Low,638,True
CAND_02590,Co37.63Cu11.66Mo11.92Nb28.42Ni10.37,5,0.0,37.63,0.0,11.66,0.0,0.0,11.92,28.42,10.37,0.0,0.0,0.0,100.0,True,856.26794,1408.7802,60.978622,313.0874,1.6452562650731402,True,0.4161009,0.6583070274376193,0.746980781385101,0.2352263595537881,0.5443515258340508,False,811,1581.0852,182.05055,1305.8726,1890.2153,724.817265078125,0.4161008608378151,0.6583070274376193,0.746980781385101,0.2352263595537881,1.0,0.0,0.5608955117893382,0.44871640943147056,Low,639,True
CAND_01519,Al10.77Cr23.04Cu8.38Fe5.52Mo21.08Nb31.21,6,10.77,0.0,23.04,8.38,5.52,0.0,21.08,31.21,0.0,0.0,0.0,0.0,100.0,True,1074.5192,1455.2808,47.985825,354.267,1.3543553687542609,True,0.59811616,0.6948250134484583,0.5145961488866692,0.323470691725424,0.5650519958269767,False,595,1581.0852,182.05055,1305.8726,1890.2153,506.56600507812504,0.598116175305297,0.6948250134484583,0.5145961488866692,0.32347069172542403,1.0,0.0,0.5608759962856761,0.4487007970285409,Low,640,True
CAND_04108,Al31.89Cr7.00Mn8.01Mo8.73Nb36.38V7.99,6,31.89,0.0,7.0,0.0,0.0,8.01,8.73,36.38,0.0,0.0,7.99,0.0,100.0,True,1053.5037,1178.0896,51.017838,520.3513333333333,1.1182586661741385,True,0.58058983,0.4771404166061019,0.5688256751953976,0.6793750977704408,0.561431769629794,False,625,1581.0852,182.05055,1305.8726,1890.2153,527.581505078125,0.5805898488080692,0.4771404166061019,0.5688256751953976,0.6793750977704408,1.0,0.0,0.5608435544080332,0.4486748435264266,Low,641,True
CAND_01708,Al21.91Co25.69Fe13.16Mo14.07Nb25.17,5,21.91,25.69,0.0,0.0,13.16,0.0,14.07,25.17,0.0,0.0,0.0,0.0,100.0,True,975.2057,1212.5925,59.285873,407.7723333333333,1.243422299857865,True,0.5152916,0.5042363340680998,0.7167048635610106,0.438128007668774,0.550753794706601,False,737,1581.0852,182.05055,1305.8726,1890.2153,605.879505078125,0.5152915541170103,0.5042363340680998,0.7167048635610106,0.4381280076687739,1.0,0.0,0.5608244489683017,0.4486595591746414,Low,642,True
CAND_00317,Al32.42Mn25.82Ni20.98Ti12.90W7.88,5,32.42,0.0,0.0,0.0,0.0,25.82,0.0,0.0,20.98,12.9,0.0,7.88,100.0,True,946.5495,1371.6078,50.985542,447.90760000000006,1.449060826409553,True,0.49139315,0.6291146904959602,0.568248040211093,0.5241344235526225,0.5568345283844105,False,672,1581.0852,182.05055,1305.8726,1890.2153,634.535705078125,0.49139310214728044,0.6291146904959602,0.568248040211093,0.5241344235526225,1.0,0.0,0.5606772582818295,0.4485418066254636,Low,643,True
CAND_00506,Co20.87Cr22.68Mn6.84Nb22.20Ni15.37W12.04,6,0.0,20.87,22.68,0.0,0.0,6.84,0.0,22.2,15.37,0.0,0.0,12.04,100.0,True,753.6804,1573.7926,59.290905,285.999,2.088143141841387,True,0.3305458,0.7878950438248266,0.7167948641567816,0.1771782539967127,0.5413077156100676,False,853,1581.0852,182.05055,1305.8726,1890.2153,827.404805078125,0.3305457838428627,0.7878950438248266,0.7167948641567816,0.1771782539967127,1.0,0.0,0.560620156454705,0.448496125163764,Low,644,True
CAND_00313,Al16.87Cr38.65Cu6.63Mn18.66Mo19.19,5,16.87,0.0,38.65,6.63,0.0,18.66,19.19,0.0,0.0,0.0,0.0,0.0,100.0,True,852.2634,1497.5695,56.651978,321.50033333333334,1.757167386592057,True,0.41276124,0.7280352979397674,0.6695959368522768,0.2532545502988292,0.5476261299892158,False,765,1581.0852,182.05055,1305.8726,1890.2153,728.821805078125,0.4127611889046607,0.7280352979397674,0.6695959368522768,0.2532545502988292,1.0,0.0,0.5604678502086028,0.44837428016688224,Low,645,True
CAND_04725,Al18.80Co22.58Mn9.14Nb18.58V13.83W17.07,6,18.8,22.58,0.0,0.0,0.0,9.14,0.0,18.58,0.0,0.0,13.83,17.07,100.0,True,1152.5602,1184.7328,55.77855,370.3916,1.027914047245152,True,0.66320014,0.4823574736906815,0.6539741084812308,0.3580243192141505,0.5608644680501483,False,632,1581.0852,182.05055,1305.8726,1890.2153,428.5250050781251,0.6632001393399456,0.48235747369068155,0.6539741084812308,0.3580243192141505,1.0,0.0,0.5604031573686826,0.44832252589494614,Low,646,True
CAND_03580,Cr32.24Cu7.63Mo9.36Ni25.12Ti25.65,5,0.0,0.0,32.24,7.63,0.0,0.0,9.36,0.0,25.12,25.65,0.0,0.0,100.0,True,1146.4658,1336.5896,55.383045,269.24240000000003,1.165834668874539,True,0.6581176,0.601614096143957,0.6469002440872675,0.1412703050009178,0.5608351252364948,False,633,1581.0852,182.05055,1305.8726,1890.2153,434.61940507812506,0.6581175838830351,0.601614096143957,0.6469002440872675,0.1412703050009178,1.0,0.0,0.5602742437902638,0.4482193950322111,Low,647,True
CAND_04376,Al17.75Co22.67Cr20.42Cu5.01Ti34.15,5,17.75,22.67,20.42,5.01,0.0,0.0,0.0,0.0,0.0,34.15,0.0,0.0,100.0,True,1022.18866,1393.2529,52.38025,358.3883333333334,1.3630095450800264,True,0.55447406,0.6461130831834354,0.593193300729103,0.3323023537050621,0.5583198318441124,False,655,1581.0852,182.05055,1305.8726,1890.2153,558.896545078125,0.5544740002527767,0.6461130831834354,0.593193300729103,0.33230235370506217,1.0,0.0,0.5602557682927151,0.44820461463417205,Low,648,True
CAND_04075,Co35.78Ni23.80V28.98W11.44,4,0.0,35.78,0.0,0.0,0.0,0.0,0.0,0.0,23.8,0.0,28.98,11.44,100.0,True,1039.0011,1102.7578,68.78582,286.2608,1.0613634590483907,True,0.5684951,0.4179806290211821,0.8866176000064103,0.1777392688235329,0.5442580074643333,False,812,1581.0852,182.05055,1305.8726,1890.2153,542.084105078125,0.568495094809416,0.41798062902118216,0.8866176000064103,0.1777392688235331,1.0,0.0,0.5601641327341615,0.44813130618732927,Low,649,True
CAND_01751,Co44.29Cu7.62Mo17.25V30.84,4,0.0,44.29,0.0,7.62,0.0,0.0,17.25,0.0,0.0,0.0,30.84,0.0,100.0,True,1059.8063,1263.2598,58.928665,319.4544,1.1919723731569918,True,0.585846,0.5440265250034206,0.7103159659429303,0.2488702915719914,0.5538712947836384,False,701,1581.0852,182.05055,1305.8726,1890.2153,521.278905078125,0.5858460371158148,0.5440265250034206,0.7103159659429303,0.24887029157199148,1.0,0.0,0.5600948002986577,0.44807584023892616,Low,650,True
CAND_00288,Al36.73Cr7.80Cu40.85W14.62,4,36.73,0.0,7.8,40.85,0.0,0.0,0.0,0.0,0.0,0.0,0.0,14.62,100.0,True,823.59515,1471.203,47.007423,518.9994,1.7863181846039764,True,0.38885272,0.7073290817155727,0.4970967921888212,0.6764780212048461,0.554600444860627,False,693,1581.0852,182.05055,1305.8726,1890.2153,757.490055078125,0.3888526875792507,0.7073290817155727,0.4970967921888212,0.6764780212048461,1.0,0.0,0.5600126372468578,0.44801010979748623,Low,651,True
CAND_04473,Al26.92Cr15.89Nb15.50Ni8.02Ti33.67,5,26.92,0.0,15.89,0.0,0.0,0.0,0.0,15.5,8.02,33.67,0.0,0.0,100.0,True,1144.3999,1329.3846,44.87866,449.96373333333327,1.1616434056638754,True,0.6563947,0.5959558446545549,0.4590224801348994,0.5285405399999855,0.5697418823742725,False,551,1581.0852,182.05055,1305.8726,1890.2153,436.6853050781251,0.6563946823146392,0.5959558446545549,0.4590224801348994,0.5285405399999855,1.0,0.0,0.559873249015494,0.44789859921239517,Low,652,True
CAND_04407,Al17.27Cu10.86Nb31.00W40.87,4,17.27,0.0,0.0,10.86,0.0,0.0,0.0,31.0,0.0,0.0,0.0,40.87,100.0,True,935.1529,1481.4935,52.101776,353.466,1.5842259709448363,True,0.4818887,0.7154104470107419,0.5882126119559031,0.3217542177900415,0.5545060451173788,False,696,1581.0852,182.05055,1305.8726,1890.2153,645.932305078125,0.4818886633969149,0.7154104470107419,0.5882126119559031,0.3217542177900415,1.0,0.0,0.5598222162077284,0.4478577729661828,Low,653,True
CAND_03552,Cr41.33Fe22.13Ni11.09Ti18.36W7.09,5,0.0,0.0,41.33,0.0,22.13,0.0,0.0,0.0,11.09,18.36,0.0,7.09,100.0,True,1041.2131,1461.1718,55.62834,240.6703333333334,1.403335927306475,True,0.57033986,0.6994513506481902,0.6512875048463407,0.0800428297033564,0.5557656634211313,False,682,1581.0852,182.05055,1305.8726,1890.2153,539.8721050781251,0.5703398396031095,0.6994513506481902,0.6512875048463407,0.08004282970335642,1.0,0.0,0.5598130410046401,0.4478504328037121,Low,654,True
CAND_01948,Al19.08Co12.97Cu27.91Mn12.53Ti27.51,5,19.08,12.97,0.0,27.91,0.0,12.53,0.0,0.0,0.0,27.51,0.0,0.0,100.0,True,991.659,1445.3418,51.48208,353.6213333333333,1.4574988024932818,True,0.5290132,0.6870196891523904,0.5771289455813151,0.3220870837300699,0.5574051736294429,False,663,1581.0852,182.05055,1305.8726,1890.2153,589.426205078125,0.5290131361758166,0.6870196891523904,0.5771289455813151,0.3220870837300699,1.0,0.0,0.5598109370235763,0.44784874961886106,Low,655,True
CAND_03492,Co28.82Nb22.54Ni34.18V14.46,4,0.0,28.82,0.0,0.0,0.0,0.0,0.0,22.54,34.18,0.0,14.46,0.0,100.0,True,1037.9995,1046.3583,71.31049,284.9624,1.0080527863326345,True,0.5676598,0.373688810162537,0.9317729664859924,0.1749569095754672,0.5415913716127896,True,113,1581.0852,182.05055,1305.8726,1890.2153,543.0857050781251,0.5676597890294143,0.373688810162537,0.9317729664859925,0.17495690957546722,1.0,0.0,0.5597970166882325,0.447837613350586,Low,656,True
CAND_00382,Al17.64Co20.99Nb7.05Ni31.55V14.47W8.30,6,17.64,20.99,0.0,0.0,0.0,0.0,0.0,7.05,31.55,0.0,14.47,8.3,100.0,True,1162.3887,1140.1476,59.680954,329.5468,0.9808660627781894,False,0.6713968,0.4473436951611473,0.723771144438955,0.2704974345750565,0.5571395504050638,False,667,1581.0852,182.05055,1305.8726,1890.2153,418.696505078125,0.6713968274976391,0.44734369516114736,0.723771144438955,0.27049743457505654,1.0,0.0,0.559758273940699,0.4478066191525592,Low,657,True
CAND_04091,Al16.91Cr15.99Mn26.10Mo9.43Nb21.59V9.98,6,16.91,0.0,15.99,0.0,0.0,26.1,9.43,21.59,0.0,0.0,9.98,0.0,100.0,True,1262.965,1200.6185,53.66472,320.3966666666667,0.9506348414187265,False,0.7552746,0.4948328776719718,0.6161668828535112,0.2508894877936059,0.566707400234204,False,583,1581.0852,182.05055,1305.8726,1890.2153,318.1202050781251,0.7552745878023255,0.4948328776719718,0.6161668828535112,0.2508894877936059,1.0,0.0,0.5597519982772671,0.4478015986218137,Low,658,True
CAND_03647,Al25.77Co9.36Ni30.36Ti34.51,4,25.77,9.36,0.0,0.0,0.0,0.0,0.0,0.0,30.36,34.51,0.0,0.0,100.0,True,1005.1348,1235.9601,57.57727,396.1525666666666,1.229646080523173,True,0.5402517,0.5225874454496062,0.6861453866261583,0.4132278495931676,0.5523722623910029,False,715,1581.0852,182.05055,1305.8726,1890.2153,575.950405078125,0.5402515683145399,0.5225874454496062,0.6861453866261583,0.41322784959316755,1.0,0.0,0.5596669191403394,0.44773353531227156,Low,659,True
CAND_02198,Al28.24Co30.56Cr5.47Cu16.55Mo14.09Nb5.09,6,28.24,30.56,5.47,16.55,0.0,0.0,14.09,5.09,0.0,0.0,0.0,0.0,100.0,True,858.5239,1230.0884,57.27104,500.5271333333333,1.432794547782264,True,0.4179823,0.5179762649818308,0.6806682637241385,0.6368935464722996,0.5464886793541315,False,782,1581.0852,182.05055,1305.8726,1890.2153,722.561305078125,0.4179822670153835,0.5179762649818308,0.6806682637241385,0.6368935464722996,1.0,0.0,0.5596229573364816,0.4476983658691853,Low,660,True
CAND_04288,Al11.91Co14.45Cu6.61Fe27.47Mn16.86Ti22.70,6,11.91,14.45,0.0,6.61,27.47,16.86,0.0,0.0,0.0,22.7,0.0,0.0,100.0,True,971.99475,1452.4724,54.602806,308.1960000000001,1.4943212384024729,True,0.5126137,0.6926195126180854,0.6329451616461318,0.2247445111049364,0.5535179469060187,False,706,1581.0852,182.05055,1305.8726,1890.2153,609.090455078125,0.5126137135675933,0.6926195126180854,0.6329451616461318,0.2247445111049364,1.0,0.0,0.5595345073369039,0.44762760586952316,Low,661,True
CAND_01944,Co20.04Cr29.62Fe28.43Nb21.91,4,0.0,20.04,29.62,0.0,28.43,0.0,0.0,21.91,0.0,0.0,0.0,0.0,100.0,True,954.09357,1362.3218,62.091915,260.3866666666667,1.4278702291581384,True,0.4976847,0.6218221820531303,0.7668927514303558,0.122293232035418,0.5459192454125764,False,787,1581.0852,182.05055,1305.8726,1890.2153,626.991635078125,0.49768464096091514,0.6218221820531303,0.7668927514303558,0.12229323203541805,1.0,0.0,0.5593796250905874,0.4475037000724699,Low,662,True
CAND_00641,Al32.70Cu11.33Mn44.81Ni11.16,4,32.7,0.0,0.0,11.33,0.0,44.81,0.0,0.0,11.16,0.0,0.0,0.0,100.0,True,750.3226,1471.4784,53.428547,457.09406666666666,1.961127729943624,True,0.32774547,0.7075453596420378,0.6119427750027494,0.5438202295346376,0.5451459792810444,False,797,1581.0852,182.05055,1305.8726,1890.2153,830.762605078125,0.32774547458957864,0.7075453596420378,0.6119427750027494,0.5438202295346376,1.0,0.0,0.5593558434710264,0.44748467477682113,Low,663,True
CAND_01501,Al14.99Cu27.08Nb21.28Ti24.62W12.03,5,14.99,0.0,0.0,27.08,0.0,0.0,0.0,21.28,0.0,24.62,0.0,12.03,100.0,True,1024.3165,1438.8068,51.103058,342.132,1.4046505745244335,True,0.5562486,0.6818876040055143,0.5703498903725851,0.2974664330414445,0.5586483062868755,False,649,1581.0852,182.05055,1305.8726,1890.2153,556.7687050781251,0.5562485580112816,0.6818876040055143,0.5703498903725851,0.29746643304144454,1.0,0.0,0.5593533527724669,0.44748268221797355,Low,664,True
CAND_00996,Al25.07Cr10.08Mo6.17Nb37.41V21.27,5,25.07,0.0,10.08,0.0,0.0,0.0,6.17,37.41,0.0,0.0,21.27,0.0,100.0,True,1264.4738,1207.0043,47.151436,422.1533333333333,0.954550693787916,False,0.75653285,0.4998477926422736,0.4996725584445393,0.4689452506959111,0.57217413427376,True,98,1581.0852,182.05055,1305.8726,1890.2153,316.611405078125,0.7565328838894525,0.49984779264227364,0.4996725584445393,0.4689452506959111,1.0,0.0,0.5593311139027937,0.447464891122235,Low,665,True
CAND_00548,Al26.00Cu21.06Fe15.45Nb37.49,4,26.0,0.0,0.0,21.06,15.45,0.0,0.0,37.49,0.0,0.0,0.0,0.0,100.0,True,1017.1849,1474.3496,45.66066,410.8523333333333,1.44944113457474,True,0.550301,0.7098001787504864,0.4730090592074249,0.4447281821019554,0.5629918533356411,False,609,1581.0852,182.05055,1305.8726,1890.2153,563.900305078125,0.5503010073916137,0.7098001787504864,0.4730090592074249,0.4447281821019554,1.0,0.0,0.5591272505505701,0.4473018004404561,Low,666,True
CAND_02942,Co12.08Cr37.01Mo5.03Ni23.37Ti12.15W10.36,6,0.0,12.08,37.01,0.0,0.0,0.0,5.03,0.0,23.37,12.15,0.0,10.36,100.0,True,1023.6019,1417.2435,55.863983,278.05240000000003,1.3845650933706142,True,0.5556526,0.6649534507312012,0.6555021333020786,0.1601493753763491,0.5540797633540255,False,699,1581.0852,182.05055,1305.8726,1890.2153,557.483305078125,0.555652602030462,0.6649534507312012,0.6555021333020786,0.16014937537634918,1.0,0.0,0.5590722320240518,0.44725778561924145,Low,667,True
CAND_01330,Al29.78Cu21.93Mn13.31Nb5.86Ti29.12,5,29.78,0.0,0.0,21.93,0.0,13.31,0.0,5.86,0.0,29.12,0.0,0.0,100.0,True,997.9572,1457.1283,42.995384,480.1703333333333,1.460110993777511,True,0.5342657,0.6962758975049012,0.4253388628850403,0.5932706792965242,0.5644878078888612,False,597,1581.0852,182.05055,1305.8726,1890.2153,583.128005078125,0.5342656550092889,0.6962758975049012,0.4253388628850403,0.5932706792965242,1.0,0.0,0.5590414437637833,0.4472331550110267,Low,668,True
CAND_00819,Al16.83Cr30.24Cu26.52Mn26.41,4,16.83,0.0,30.24,26.52,0.0,26.41,0.0,0.0,0.0,0.0,0.0,0.0,100.0,True,877.25446,1590.7076,51.87689,312.2776666666667,1.8132795905527173,True,0.43360308,0.8011787806663585,0.5841903794478418,0.2334911708380863,0.5515058281256531,False,728,1581.0852,182.05055,1305.8726,1890.2153,703.830745078125,0.4336030188431257,0.8011787806663585,0.5841903794478418,0.23349117083808632,1.0,0.0,0.5590351783707544,0.4472281426966036,Low,669,True
CAND_04485,Cr29.33Mo9.71Nb31.11Ni20.87Ti8.98,5,0.0,0.0,29.33,0.0,0.0,0.0,9.71,31.11,20.87,8.98,0.0,0.0,100.0,True,1058.6447,1454.9635,53.140987,272.96,1.3743643775431924,True,0.58487725,0.6945758304925128,0.6067995772046734,0.1492368012583187,0.5579213483519874,False,658,1581.0852,182.05055,1305.8726,1890.2153,522.4405050781249,0.584877295907698,0.6945758304925128,0.6067995772046734,0.14923680125831879,1.0,0.0,0.5590174664748282,0.44721397317986256,Low,670,True
CAND_00881,Al13.28Co40.95Nb12.09Ni21.82V11.86,5,13.28,40.95,0.0,0.0,0.0,0.0,0.0,12.09,21.82,0.0,11.86,0.0,100.0,True,1104.8905,1172.2075,60.00341,335.4168,1.0609263966807727,True,0.623445,0.4725210687801737,0.7295384799139043,0.2830763384460873,0.5536358956271067,False,705,1581.0852,182.05055,1305.8726,1890.2153,476.194705078125,0.6234449716672802,0.4725210687801737,0.7295384799139043,0.2830763384460874,1.0,0.0,0.5589405582919565,0.44715244663356524,Low,671,True
CAND_01398,Co11.41Cr24.99Nb29.37Ni15.09W19.14,5,0.0,11.41,24.99,0.0,0.0,0.0,0.0,29.37,15.09,0.0,0.0,19.14,100.0,True,878.295,1450.1713,59.280857,290.207,1.6511210108419154,True,0.43447083,0.6908124060945234,0.7166151491356554,0.1861956351703579,0.5446681160131145,False,805,1581.0852,182.05055,1305.8726,1890.2153,702.790205078125,0.4344707994704448,0.6908124060945234,0.7166151491356554,0.18619563517035792,1.0,0.0,0.5587753117122185,0.4470202493697748,Low,672,True
CAND_00422,Co27.39Cu16.43Mo11.29Ni24.89V6.96W13.04,6,0.0,27.39,0.0,16.43,0.0,0.0,11.29,0.0,24.89,0.0,6.96,13.04,100.0,True,1015.81134,1058.1865,71.3209,287.0666,1.0417155804286629,True,0.54915553,0.382977766479948,0.9319591561127762,0.1794660287450452,0.5395496951989897,True,114,1581.0852,182.05055,1305.8726,1890.2153,565.273865078125,0.5491554976001012,0.382977766479948,0.9319591561127762,0.17946602874504528,1.0,0.0,0.5586898554895995,0.4469518843916796,Low,673,True
CAND_01273,Co23.65Cr37.23Mn16.82W22.30,4,0.0,23.65,37.23,0.0,0.0,16.82,0.0,0.0,0.0,0.0,0.0,22.3,100.0,True,582.681,1468.093,68.6628,311.873,2.5195483012567976,True,0.1879372,0.7048867274987732,0.8844173072218808,0.2326240050629908,0.5238451080705532,False,1101,1581.0852,182.05055,1305.8726,1890.2153,998.404205078125,0.18793717042752336,0.7048867274987732,0.8844173072218808,0.2326240050629908,1.0,0.0,0.5586691037825257,0.44693528302602054,Low,674,True
CAND_02757,Al6.76Cr31.28Cu15.90Fe20.97Nb18.99Ni6.10,6,6.76,0.0,31.28,15.9,20.97,0.0,0.0,18.99,6.1,0.0,0.0,0.0,100.0,True,1149.2632,1320.5549,56.388054,257.23900000000003,1.1490448131041842,True,0.6604505,0.5890216790506722,0.6648754843009503,0.1155480537699924,0.5583927502162439,False,654,1581.0852,182.05055,1305.8726,1890.2153,431.8220050781249,0.6604505355493455,0.5890216790506722,0.6648754843009503,0.11554805376999243,1.0,0.0,0.558613990958322,0.4468911927666576,Low,675,True
CAND_02676,Al17.10Co24.34Mn21.62Mo14.53Nb22.41,5,17.1,24.34,0.0,0.0,0.0,21.62,14.53,22.41,0.0,0.0,0.0,0.0,100.0,True,852.61475,1324.9344,62.637787,342.101,1.5539660861721898,True,0.41305423,0.5924610006881236,0.7766560275064143,0.2974000027143573,0.5404285832894687,False,860,1581.0852,182.05055,1305.8726,1890.2153,728.470455078125,0.4130542047650875,0.5924610006881236,0.7766560275064143,0.29740000271435735,1.0,0.0,0.5586086600567868,0.44688692804542945,Low,676,True
CAND_03433,Cr25.06Cu9.10Mn12.55Mo19.30Nb26.46W7.53,6,0.0,0.0,25.06,9.1,0.0,12.55,19.3,26.46,0.0,0.0,0.0,7.53,100.0,True,896.57227,1466.7721,56.278828,315.524,1.6359775516561557,True,0.44971353,0.7038493944810976,0.6629219061861475,0.2404477832628432,0.5478665327481057,False,761,1581.0852,182.05055,1305.8726,1890.2153,684.512935078125,0.44971352039062223,0.7038493944810976,0.6629219061861475,0.24044778326284325,1.0,0.0,0.5585269377872556,0.4468215502298045,Low,677,True
CAND_02753,Al43.13Cr12.65Fe23.52V20.70,4,43.13,0.0,12.65,0.0,23.52,0.0,0.0,0.0,0.0,0.0,20.7,0.0,100.0,True,1165.1384,1206.5304,42.865746,555.754,1.0355253687290291,True,0.67369,0.499475628120299,0.423020202862273,0.7552399599132262,0.570990745410523,False,537,1581.0852,182.05055,1305.8726,1890.2153,415.94680507812495,0.6736899987269426,0.499475628120299,0.423020202862273,0.7552399599132262,1.0,0.0,0.5584572429634912,0.446765794370793,Low,678,True
CAND_03002,Al21.72Cr10.58Nb11.24Ni24.48Ti5.34V26.64,6,21.72,0.0,10.58,0.0,0.0,0.0,0.0,11.24,24.48,5.34,26.64,0.0,100.0,True,1291.1849,1165.2966,52.624626,340.9615,0.9025016998243516,False,0.77880925,0.4670937807554534,0.5975641245749184,0.2949581524654579,0.567405674981441,False,572,1581.0852,182.05055,1305.8726,1890.2153,289.90030507812503,0.7788091780390136,0.4670937807554534,0.5975641245749184,0.2949581524654579,1.0,0.0,0.5583433889786836,0.44667471118294694,Low,679,True
CAND_01016,Al10.45Cr41.87Mo13.18W34.50,4,10.45,0.0,41.87,0.0,0.0,0.0,13.18,0.0,0.0,0.0,0.0,34.5,100.0,True,841.89404,1540.7228,53.368748,344.781,1.8300673497664712,True,0.40411347,0.7619245726098047,0.610873230959325,0.303143011636736,0.5480011757009231,False,759,1581.0852,182.05055,1305.8726,1890.2153,739.191165078125,0.4041134389616522,0.7619245726098047,0.610873230959325,0.303143011636736,1.0,0.0,0.5583391525566623,0.4466713220453299,Low,680,True
CAND_03198,Al15.91Cr22.92Cu16.67Fe17.40Mn13.78Ti13.32,6,15.91,0.0,22.92,16.67,17.4,13.78,0.0,0.0,0.0,13.32,0.0,0.0,100.0,True,1268.8463,1431.5128,42.361404,330.996,1.128200306684693,True,0.76017946,0.676159458778075,0.4139997178717413,0.2736029452206949,0.575442061800226,False,498,1581.0852,182.05055,1305.8726,1890.2153,312.2389050781251,0.7601794239484151,0.676159458778075,0.41399971787174134,0.27360294522069495,1.0,0.0,0.558133050765153,0.4465064406121224,Low,681,True
CAND_04387,Al24.24Nb21.99Ti13.85W39.92,4,24.24,0.0,0.0,0.0,0.0,0.0,0.0,21.99,0.0,13.85,0.0,39.92,100.0,True,1090.4309,1376.0247,46.35679,420.3940333333333,1.2619091128547455,True,0.6113861,0.632583383209845,0.4854597974296208,0.4651752224880227,0.5643320927300688,False,599,1581.0852,182.05055,1305.8726,1890.2153,490.65430507812493,0.611386078439933,0.632583383209845,0.48545979742962087,0.46517522248802273,1.0,0.0,0.5580357571750264,0.44642860574002113,Low,682,True
CAND_00481,Co31.42Cr34.28Ti28.75V5.55,4,0.0,31.42,34.28,0.0,0.0,0.0,0.0,0.0,0.0,28.75,5.55,0.0,100.0,True,935.1976,1203.8911,66.678604,307.9076,1.2873120478372764,True,0.48192596,0.4974029253921964,0.8489286700743246,0.2241264947716474,0.5396498205795568,False,869,1581.0852,182.05055,1305.8726,1890.2153,645.887605078125,0.4819259419196445,0.4974029253921964,0.8489286700743246,0.22412649477164742,1.0,0.0,0.5579999383356145,0.4463999506684916,Low,683,True
CAND_00250,Al44.29Fe6.85Mn21.71Ni27.15,4,44.29,0.0,0.0,0.0,6.85,21.71,0.0,0.0,27.15,0.0,0.0,0.0,100.0,True,592.7726,1476.8098,54.21943,537.718,2.491359827248516,True,0.19635327,0.7117322301473257,0.6260882323130006,0.7165903670311284,0.5364362673834827,False,912,1581.0852,182.05055,1305.8726,1890.2153,988.312605078125,0.19635327646732373,0.7117322301473257,0.6260882323130006,0.7165903670311284,1.0,0.0,0.5579230129095981,0.4463384103276785,Low,684,True
CAND_00361,Al12.33Cr26.16Ni32.02Ti18.22V11.27,5,12.33,0.0,26.16,0.0,0.0,0.0,0.0,0.0,32.02,18.22,11.27,0.0,100.0,True,1490.7823,1002.51025,53.72059,311.1756,0.6724725785218721,False,0.9452678,0.3392539324082161,0.6171661541742043,0.2311295369949061,0.5743175116120353,True,93,1581.0852,182.05055,1305.8726,1890.2153,90.30290507812492,0.9452677062871062,0.33925393240821616,0.6171661541742043,0.23112953699490613,1.0,0.0,0.5579123830957385,0.4463299064765909,Low,685,True
CAND_03480,Co32.11Cr23.77Cu7.02Mn22.84Mo8.05V6.21,6,0.0,32.11,23.77,7.02,0.0,22.84,8.05,0.0,0.0,0.0,6.21,0.0,100.0,True,877.1446,1249.8751,68.24567,285.4262666666667,1.4249362203143705,True,0.43351144,0.5335152135932608,0.8769566656253046,0.1759509358461616,0.5357398016568982,False,925,1581.0852,182.05055,1305.8726,1890.2153,703.940605078125,0.43351139874229605,0.5335152135932608,0.8769566656253046,0.17595093584616164,1.0,0.0,0.5579120538280679,0.4463296430624543,Low,686,True
CAND_02695,Cr28.23Mn39.13Ti23.63W9.01,4,0.0,0.0,28.23,0.0,0.0,39.13,0.0,0.0,0.0,23.63,0.0,9.01,100.0,True,888.70715,1635.5449,51.22052,279.2963333333334,1.8403642796048345,True,0.44315425,0.8363905390988046,0.5724507747089239,0.1628150172540274,0.5513983906201748,False,730,1581.0852,182.05055,1305.8726,1890.2153,692.378055078125,0.4431542350507598,0.8363905390988046,0.5724507747089239,0.16281501725402742,1.0,0.0,0.5578632054931126,0.4462905643944901,Low,687,True
CAND_03825,Al39.78Co8.12Cu7.01Fe37.59Nb7.50,5,39.78,8.12,0.0,7.01,37.59,0.0,0.0,7.5,0.0,0.0,0.0,0.0,100.0,True,888.1829,1521.0713,43.23874,496.528,1.7125653530386808,True,0.4427171,0.746491799654359,0.4296914433668479,0.6283237485562118,0.5584341005269827,False,653,1581.0852,182.05055,1305.8726,1890.2153,692.902305078125,0.44271702553082587,0.746491799654359,0.4296914433668479,0.6283237485562118,1.0,0.0,0.5577827915725002,0.4462262332580002,Low,688,True
CAND_01628,Al34.79Cr23.08Fe36.70V5.43,4,34.79,0.0,23.08,0.0,36.7,0.0,0.0,0.0,0.0,0.0,5.43,0.0,100.0,True,965.3343,1390.2802,47.653847,468.5567333333332,1.4402059628970263,True,0.50705916,0.6437785538007087,0.5086585062430133,0.5683837358558758,0.5576735120686814,False,660,1581.0852,182.05055,1305.8726,1890.2153,615.750905078125,0.5070590885851536,0.6437785538007087,0.5086585062430133,0.5683837358558758,1.0,0.0,0.5577534505377864,0.4462027604302291,Low,689,True
CAND_04512,Co17.94Cr26.04Nb19.15V36.87,4,0.0,17.94,26.04,0.0,0.0,0.0,0.0,19.15,0.0,0.0,36.87,0.0,100.0,True,1183.4669,1117.2993,60.543686,311.663,0.9440900139361056,False,0.68897545,0.4294004019612433,0.7392016678870345,0.2321739931698193,0.5551392874497968,False,688,1581.0852,182.05055,1305.8726,1890.2153,397.6183050781251,0.6889754440032595,0.4294004019612433,0.7392016678870345,0.23217399316981938,1.0,0.0,0.5576505809307711,0.4461204647446169,Low,690,True
CAND_01677,Cr36.06Mo21.12Nb34.21V8.61,4,0.0,0.0,36.06,0.0,0.0,0.0,21.12,34.21,0.0,0.0,8.61,0.0,100.0,True,1185.1854,1151.0972,58.686916,316.112,0.9712380661361026,False,0.69040865,0.45594266677924,0.7059921277022603,0.2417078165637234,0.5566596134631749,False,674,1581.0852,182.05055,1305.8726,1890.2153,395.8998050781249,0.6904086238983602,0.45594266677924,0.7059921277022603,0.2417078165637234,1.0,0.0,0.5574387668035986,0.4459510134428789,Low,691,True
CAND_01296,Al13.20Co20.95Ti20.95W44.90,4,13.2,20.95,0.0,0.0,0.0,0.0,0.0,0.0,0.0,20.95,0.0,44.9,100.0,True,801.17474,1604.9982,50.706017,365.0076,2.003306036187858,True,0.37015474,0.8124015160909873,0.5632485536187045,0.346486871438745,0.5475520499459949,False,770,1581.0852,182.05055,1305.8726,1890.2153,779.910465078125,0.370154706286314,0.8124015160909873,0.5632485536187045,0.3464868714387451,1.0,0.0,0.5572067282002977,0.4457653825602382,Low,692,True
CAND_01231,Al32.04Cu10.56Mn10.77Ni40.79W5.84,5,32.04,0.0,0.0,10.56,0.0,10.77,0.0,0.0,40.79,0.0,0.0,5.84,100.0,True,639.463,1497.1604,55.878532,462.522,2.341277556757388,True,0.23529176,0.7277140223416668,0.6557623516383014,0.555451822655313,0.5361600987425271,False,920,1581.0852,182.05055,1305.8726,1890.2153,941.622205078125,0.2352917359227812,0.7277140223416668,0.6557623516383014,0.555451822655313,1.0,0.0,0.5571836195729827,0.44574689565838616,Low,693,True
CAND_03619,Al20.51Co23.94Mn16.66Ti38.89,4,20.51,23.94,0.0,0.0,0.0,16.66,0.0,0.0,0.0,38.89,0.0,0.0,100.0,True,894.0326,1354.9999,56.943092,383.5092,1.5156045886387268,True,0.4475955,0.616072126316801,0.6748027002539637,0.3861342049754172,0.5457210987570288,False,792,1581.0852,182.05055,1305.8726,1890.2153,687.052605078125,0.4475955081798627,0.616072126316801,0.6748027002539637,0.3861342049754172,1.0,0.0,0.5570814557625076,0.44566516461000605,Low,694,True
CAND_00620,Al16.34Cr12.57Fe8.33Mn25.51Nb26.11Ni11.14,6,16.34,0.0,12.57,0.0,8.33,25.51,0.0,26.11,11.14,0.0,0.0,0.0,100.0,True,985.1559,1560.7866,49.049576,305.1206666666667,1.584304195592856,True,0.52358973,0.7776811341966288,0.5336220280106823,0.2181543369360475,0.5565099228413577,False,676,1581.0852,182.05055,1305.8726,1890.2153,595.929305078125,0.5235897365972139,0.7776811341966288,0.5336220280106823,0.21815433693604752,1.0,0.0,0.5570115333519038,0.44560922668152303,Low,695,True
CAND_00089,Cr32.89Cu11.61Nb16.24Ti24.75W14.51,5,0.0,0.0,32.89,11.61,0.0,0.0,0.0,16.24,0.0,24.75,0.0,14.51,100.0,True,957.2154,1489.2701,53.206753,306.262,1.5558359286609202,True,0.5002882,0.7215175890693795,0.6079758449275425,0.2206001158602047,0.5516257178294414,False,726,1581.0852,182.05055,1305.8726,1890.2153,623.869805078125,0.500288157976872,0.7215175890693795,0.6079758449275425,0.22060011586020475,1.0,0.0,0.5570100870723254,0.4456080696578603,Low,696,True
CAND_01205,Al26.13Cr15.44Cu16.21Nb28.29Ti13.93,5,26.13,0.0,15.44,16.21,0.0,0.0,0.0,28.29,0.0,13.93,0.0,0.0,100.0,True,1231.9904,1305.3605,42.15344,446.8283333333333,1.059554154113985,True,0.72944266,0.5770891687896628,0.410280146349697,0.5218216481435579,0.572802840198611,False,515,1581.0852,182.05055,1305.8726,1890.2153,349.0948050781251,0.7294426564792051,0.5770891687896628,0.410280146349697,0.5218216481435579,1.0,0.0,0.5568447058831429,0.4454757647065144,Low,697,True
CAND_02943,Al37.33Cu14.90Ni29.60W18.17,4,37.33,0.0,0.0,14.9,0.0,0.0,0.0,0.0,29.6,0.0,0.0,18.17,100.0,True,689.2087,1486.5831,52.603683,491.18,2.156941931908401,True,0.27677822,0.7194074264389807,0.5971895453862791,0.6168634456767786,0.5406826034293566,False,857,1581.0852,182.05055,1305.8726,1890.2153,891.876505078125,0.2767782282752424,0.7194074264389807,0.5971895453862791,0.6168634456767786,1.0,0.0,0.5567031654679053,0.44536253237432427,Low,698,True
CAND_03203,Al7.53Cr32.79Mo9.04Nb14.44Ni13.35V22.85,6,7.53,0.0,32.79,0.0,0.0,0.0,9.04,14.44,13.35,0.0,22.85,0.0,100.0,True,1352.5345,1036.8341,58.33212,294.783,0.766586038888397,False,0.82997304,0.3662092378050957,0.6996463702743629,0.1960016086139418,0.5631665267462858,False,608,1581.0852,182.05055,1305.8726,1890.2153,228.55070507812502,0.8299729914183922,0.3662092378050957,0.6996463702743629,0.19600160861394184,1.0,0.0,0.556650171570527,0.4453201372564216,Low,699,True
CAND_03911,Al18.12Co17.54Cu12.67Nb17.70Ni17.29V16.68,6,18.12,17.54,0.0,12.67,0.0,0.0,0.0,17.7,17.29,0.0,16.68,0.0,100.0,True,1326.0289,1147.2819,51.512283,344.7686,0.8652012587881113,False,0.8078681,0.4529464243215695,0.5776691458981021,0.3031164395059011,0.5681291225736973,False,566,1581.0852,182.05055,1305.8726,1890.2153,255.05630507812498,0.8078680783968166,0.4529464243215695,0.5776691458981021,0.3031164395059011,1.0,0.0,0.5566191565909907,0.4452953252727926,Low,700,True
CAND_04805,Al13.59Co9.24Mn9.88Mo10.25Nb34.44Ni22.60,6,13.59,9.24,0.0,0.0,0.0,9.88,10.25,34.44,22.6,0.0,0.0,0.0,100.0,True,786.8539,1424.5448,61.41272,325.6044,1.810431177738059,True,0.35821155,0.6706873288158052,0.7547449067076395,0.2620492113005842,0.5366632786082117,False,908,1581.0852,182.05055,1305.8726,1890.2153,794.231305078125,0.35821153493399965,0.6706873288158052,0.7547449067076395,0.26204921130058423,1.0,0.0,0.5564899360856209,0.4451919488684968,Low,701,True
CAND_02461,Cr30.96Fe17.22Mn5.34Mo8.58V37.90,5,0.0,0.0,30.96,0.0,17.22,5.34,8.58,0.0,0.0,0.0,37.9,0.0,100.0,True,1299.7837,1118.3911,57.2974,285.959,0.860444016488621,False,0.78598034,0.4302578175026909,0.6811397294841791,0.1770925374456323,0.561720270324993,False,621,1581.0852,182.05055,1305.8726,1890.2153,281.30150507812505,0.7859803315344985,0.43025781750269093,0.6811397294841791,0.17709253744563236,1.0,0.0,0.5564782275965305,0.44518258207722444,Low,702,True
CAND_04599,Al16.00Co9.52Cr11.00Cu12.99Ti22.01W28.48,6,16.0,9.52,11.0,12.99,0.0,0.0,0.0,0.0,0.0,22.01,0.0,28.48,100.0,True,1105.8667,1402.788,48.27581,353.856,1.26849646615728,True,0.6242591,0.653601215560479,0.5197827193883908,0.3225899541630742,0.5616922719193351,False,622,1581.0852,182.05055,1305.8726,1890.2153,475.21850507812496,0.6242590945730685,0.653601215560479,0.5197827193883908,0.3225899541630742,1.0,0.0,0.5564684472523892,0.4451747578019114,Low,703,True
CAND_03430,Al29.71Cu42.93Nb5.77Ni21.59,4,29.71,0.0,0.0,42.93,0.0,0.0,0.0,5.77,21.59,0.0,0.0,0.0,100.0,True,888.67694,1478.9667,49.372765,420.42856666666665,1.6642343599827003,True,0.4431291,0.7134260931088096,0.5394024736678057,0.4652492244437887,0.5516045577526357,False,727,1581.0852,182.05055,1305.8726,1890.2153,692.408265078125,0.44312904077398885,0.7134260931088096,0.5394024736678057,0.46524922444378874,1.0,0.0,0.5564182138930501,0.4451345711144401,Low,704,True
CAND_03894,Al21.28Cr11.83Fe25.10Mo6.51Nb35.28,5,21.28,0.0,11.83,0.0,25.1,0.0,6.51,35.28,0.0,0.0,0.0,0.0,100.0,True,1205.6207,1471.083,44.041573,309.62100000000004,1.2201872167566368,True,0.7074511,0.7072348429676577,0.4440506342064041,0.2277981632371712,0.5695881823639746,False,553,1581.0852,182.05055,1305.8726,1890.2153,375.46450507812506,0.707451080174385,0.7072348429676577,0.4440506342064041,0.22779816323717123,1.0,0.0,0.5564181376813904,0.4451345101451123,Low,705,True
CAND_01723,Cr41.19Nb17.47Ni27.12V14.22,4,0.0,0.0,41.19,0.0,0.0,0.0,0.0,17.47,27.12,0.0,14.22,0.0,100.0,True,1269.4404,1039.0248,62.780354,271.46520000000004,0.8184903960052526,False,0.76067495,0.3679296446805756,0.779205931110804,0.1460335737444489,0.5552879042422135,False,686,1581.0852,182.05055,1305.8726,1890.2153,311.64480507812505,0.7606748863724356,0.3679296446805756,0.779205931110804,0.14603357374444892,1.0,0.0,0.5562144303921902,0.4449715443137522,Low,706,True
CAND_03305,Co24.18Cu10.17Nb29.81Ni35.84,4,0.0,24.18,0.0,10.17,0.0,0.0,0.0,29.81,35.84,0.0,0.0,0.0,100.0,True,671.8937,1388.1261,69.84336,285.11920000000003,2.0659907184992856,True,0.262338,0.6420868897433428,0.9055323913521376,0.175292918455702,0.5240045092466931,False,1099,1581.0852,182.05055,1305.8726,1890.2153,909.191505078125,0.262338013038893,0.6420868897433428,0.9055323913521377,0.175292918455702,1.0,0.0,0.5561642253567227,0.4449313802853782,Low,707,True
CAND_00924,Al12.58Cr25.66Mn14.28Ti16.46V18.14W12.88,6,12.58,0.0,25.66,0.0,0.0,14.28,0.0,0.0,0.0,16.46,18.14,12.88,100.0,True,1241.4808,1195.014,52.224148,350.985,0.962571443994623,False,0.73735744,0.4904315354828871,0.5904013148385925,0.3164376487092872,0.5634026828452564,False,605,1581.0852,182.05055,1305.8726,1890.2153,339.60440507812496,0.7373573788978625,0.49043153548288715,0.5904013148385925,0.31643764870928726,1.0,0.0,0.5560548471273027,0.4448438777018422,Low,708,True
CAND_02595,Al27.70Cu38.97Mo8.97Ni24.36,4,27.7,0.0,0.0,38.97,0.0,0.0,8.97,0.0,24.36,0.0,0.0,0.0,100.0,True,823.8653,1444.9963,54.682793,397.40629999999993,1.7539230115047115,True,0.389078,0.686748360090685,0.6343757812116995,0.4159144920258604,0.5437290304686271,False,820,1581.0852,182.05055,1305.8726,1890.2153,757.219905078125,0.38907798495990914,0.686748360090685,0.6343757812116995,0.41591449202586045,1.0,0.0,0.5559939124345716,0.44479512994765735,Low,709,True
CAND_04262,Al17.05Cr16.59Cu21.36Fe8.78Mn10.93Ti25.29,6,17.05,0.0,16.59,21.36,8.78,10.93,0.0,0.0,0.0,25.29,0.0,0.0,100.0,True,1229.5946,1469.6401,41.115784,342.3763333333334,1.1952232830486025,True,0.72744465,0.7061017005562685,0.3917209932882127,0.2979900183076266,0.5726926677788094,False,517,1581.0852,182.05055,1305.8726,1890.2153,351.4906050781251,0.7274446277374641,0.7061017005562685,0.3917209932882127,0.29799001830762667,1.0,0.0,0.5559064678338543,0.44472517426708347,Low,710,True
CAND_02954,Al15.01Cr9.21Mn43.32Ti32.46,4,15.01,0.0,9.21,0.0,0.0,43.32,0.0,0.0,0.0,32.46,0.0,0.0,100.0,True,1069.1543,1496.151,47.73966,316.3066666666667,1.399377998454532,True,0.593642,0.7269213174071211,0.5101933276112367,0.2421249704456473,0.5600360716068927,False,640,1581.0852,182.05055,1305.8726,1890.2153,511.9309050781251,0.5936420020034494,0.7269213174071211,0.5101933276112367,0.24212497044564738,1.0,0.0,0.5558636395732167,0.4446909116585734,Low,711,True
CAND_01702,Al25.27Co16.97Ti41.81W15.95,4,25.27,16.97,0.0,0.0,0.0,0.0,0.0,0.0,0.0,41.81,0.0,15.95,100.0,True,904.6671,1364.1489,52.705986,436.5259333333333,1.5079015015585546,True,0.45646438,0.6232570455224276,0.5990193011392927,0.4997444932473214,0.5486329299166409,False,751,1581.0852,182.05055,1305.8726,1890.2153,676.418105078125,0.4564643773066868,0.6232570455224276,0.5990193011392927,0.49974449324732134,1.0,0.0,0.555760672312286,0.4446085378498288,Low,712,True
CAND_02790,Cr28.66Cu8.71Mn22.07Nb16.46Ni24.10,5,0.0,0.0,28.66,8.71,0.0,22.07,0.0,16.46,24.1,0.0,0.0,0.0,100.0,True,894.0433,1432.3663,61.512104,246.33553333333336,1.6021218902642371,True,0.44760445,0.6768297318726211,0.7565224542454194,0.0921828648328562,0.5402883001092695,False,861,1581.0852,182.05055,1305.8726,1890.2153,687.041905078125,0.44760443167411795,0.6768297318726211,0.7565224542454194,0.09218286483285622,1.0,0.0,0.5557341934788701,0.4445873547830961,Low,713,True
CAND_04619,Al11.62Mo9.58Nb11.11Ni21.93Ti16.88W28.88,6,11.62,0.0,0.0,0.0,0.0,0.0,9.58,11.11,21.93,16.88,0.0,28.88,100.0,True,1088.8954,1452.6125,48.223824,326.7844,1.3340239283040989,True,0.6101055,0.6927295363562762,0.5188529159361347,0.2645778495574525,0.5602504306231413,False,638,1581.0852,182.05055,1305.8726,1890.2153,492.1898050781249,0.6101055153157393,0.6927295363562762,0.5188529159361347,0.2645778495574525,1.0,0.0,0.555687791950276,0.4445502335602208,Low,714,True
CAND_00197,Al9.12Co28.78Cr13.97Mn18.42Mo5.16Ni24.55,6,9.12,28.78,13.97,0.0,0.0,18.42,5.16,0.0,24.55,0.0,0.0,0.0,100.0,True,765.3689,1425.6309,64.87457,278.0867333333333,1.8626715908478315,True,0.34029368,0.6715402680167268,0.8166623475800474,0.1602229487493596,0.5317492182712243,False,979,1581.0852,182.05055,1305.8726,1890.2153,815.716305078125,0.34029365885239615,0.6715402680167268,0.8166623475800474,0.16022294874935963,1.0,0.0,0.5555676417045351,0.4444541133636281,Low,715,True
CAND_03174,Cr24.93Fe11.83Mn16.46Mo12.89Nb9.25V24.64,6,0.0,0.0,24.93,0.0,11.83,16.46,12.89,9.25,0.0,0.0,24.64,0.0,100.0,True,1426.8809,1220.8749,46.265553,309.164,0.8556249752588073,False,0.89197576,0.5107406924491996,0.4838279642904392,0.2268188516410789,0.5757947546915015,False,492,1581.0852,182.05055,1305.8726,1890.2153,154.2043050781249,0.8919757646235743,0.5107406924491996,0.4838279642904392,0.22681885164107893,1.0,0.0,0.555387365923947,0.4443098927391576,Low,716,True
CAND_01993,Al24.74Co6.15Cu8.67Ni26.54Ti8.51V25.39,6,24.74,6.15,0.0,8.67,0.0,0.0,0.0,0.0,26.54,8.51,25.39,0.0,100.0,True,1172.7854,989.49225,61.954895,381.5908666666666,0.8437112618134787,False,0.68006736,0.3290305989052269,0.7644420595319957,0.3820233820465253,0.5511434189225886,False,732,1581.0852,182.05055,1305.8726,1890.2153,408.299805078125,0.6800673782194268,0.3290305989052269,0.7644420595319957,0.3820233820465253,1.0,0.0,0.5553621493930022,0.44428971951440177,Low,717,True
CAND_03204,Co39.13Cr8.78Cu6.37Fe13.06Mo13.20V19.46,6,0.0,39.13,8.78,6.37,13.06,0.0,13.2,0.0,0.0,0.0,19.46,0.0,100.0,True,1068.2585,1199.8336,60.55328,317.6874,1.1231678002517147,True,0.592895,0.4942164777283171,0.7393732628226123,0.2450837629280201,0.547739323815257,False,763,1581.0852,182.05055,1305.8726,1890.2153,512.8267050781251,0.5928949304002891,0.4942164777283171,0.7393732628226123,0.24508376292802017,1.0,0.0,0.5550632192045541,0.44405057536364334,Low,718,True
CAND_04889,Cr27.69Mo9.28Nb15.01Ni7.57V16.24W24.21,6,0.0,0.0,27.69,0.0,0.0,0.0,9.28,15.01,7.57,0.0,16.24,24.21,100.0,True,1254.0409,1154.6832,55.84917,308.594,0.9207699732398282,False,0.7478322,0.4587588346961028,0.6552371931539953,0.2255973907881849,0.5596262199771098,False,645,1581.0852,182.05055,1305.8726,1890.2153,327.04430507812503,0.7478321434020537,0.4587588346961028,0.6552371931539953,0.22559739078818497,1.0,0.0,0.5549964528237706,0.44399716225901653,Low,719,True
CAND_04505,Al33.28Co6.18Nb6.71Ni27.86V25.97,5,33.28,6.18,0.0,0.0,0.0,0.0,0.0,6.71,27.86,0.0,25.97,0.0,100.0,True,1028.5887,1063.4248,58.61077,475.1154,1.033867816508962,True,0.5598115,0.3870915234233117,0.704630206922137,0.5824383930146725,0.5475942155380215,False,766,1581.0852,182.05055,1305.8726,1890.2153,552.496505078125,0.5598114507362445,0.3870915234233117,0.704630206922137,0.5824383930146725,1.0,0.0,0.5548351407398966,0.4438681125919173,Low,720,True
CAND_02657,Al20.88Cr32.86Cu11.91Mo34.35,4,20.88,0.0,32.86,11.91,0.0,0.0,34.35,0.0,0.0,0.0,0.0,0.0,100.0,True,948.2761,1373.1609,54.086987,375.689,1.4480601869294585,True,0.49283305,0.6303343754908514,0.623719403039212,0.3693761906564672,0.5482865094173327,False,754,1581.0852,182.05055,1305.8726,1890.2153,632.809105078125,0.4928330372109293,0.6303343754908514,0.623719403039212,0.36937619065646726,1.0,0.0,0.5548308214602214,0.4438646571681772,Low,721,True
CAND_03929,Al16.17Fe15.05Mn9.21Ni20.77Ti19.30W19.50,6,16.17,0.0,0.0,0.0,15.05,9.21,0.0,0.0,20.77,19.3,0.0,19.5,100.0,True,1094.9679,1409.126,51.141815,302.9594,1.286910790518192,True,0.6151698,0.6585785920961946,0.5710430845479226,0.2135229288202615,0.5569137439804874,False,670,1581.0852,182.05055,1305.8726,1890.2153,486.1173050781249,0.6151698067984267,0.6585785920961946,0.5710430845479226,0.21352292882026158,1.0,0.0,0.5547073940158811,0.4437659152127049,Low,722,True
CAND_04252,Cr35.95Mn21.64Mo20.85Nb21.56,4,0.0,0.0,35.95,0.0,0.0,21.64,20.85,21.56,0.0,0.0,0.0,0.0,100.0,True,829.5131,1513.7604,57.673973,289.16333333333336,1.8248781831574623,True,0.39378813,0.7407503824699216,0.6878749827336396,0.183959147491755,0.5399241757458769,False,867,1581.0852,182.05055,1305.8726,1890.2153,751.572105078125,0.39378808877809296,0.7407503824699216,0.6878749827336396,0.18395914749175507,1.0,0.0,0.5546285038793549,0.443702803103484,Low,723,True
CAND_04428,Cr21.89Cu9.90Ni29.20Ti18.96V20.05,5,0.0,0.0,21.89,9.9,0.0,0.0,0.0,0.0,29.2,18.96,20.05,0.0,100.0,True,1421.952,1034.1333,56.970955,267.97720000000004,0.7272631430766413,False,0.88786525,0.3640882377186865,0.6753010481474391,0.1385590904902486,0.5651951943705373,True,100,1581.0852,182.05055,1305.8726,1890.2153,159.133205078125,0.8878652028633407,0.36408823771868654,0.6753010481474391,0.13855909049024862,1.0,0.0,0.5545669500492102,0.4436535600393682,Low,724,True
CAND_02991,Al39.33Co12.46Ni26.90V21.31,4,39.33,12.46,0.0,0.0,0.0,0.0,0.0,0.0,26.9,0.0,21.31,0.0,100.0,True,837.3393,1035.7572,64.11937,526.51,1.2369623722252558,True,0.40031493,0.3653635235748476,0.8031551039539971,0.6925725894184345,0.5343782070546399,True,115,1581.0852,182.05055,1305.8726,1890.2153,743.745905078125,0.40031491595006624,0.36536352357484764,0.8031551039539971,0.6925725894184345,1.0,0.0,0.5545202056589351,0.44361616452714814,Low,725,True
CAND_03195,Al14.69Co16.73Cu14.71Nb21.14Ni24.17V8.56,6,14.69,16.73,0.0,14.71,0.0,0.0,0.0,21.14,24.17,0.0,8.56,0.0,100.0,True,1104.1538,1040.7095,64.51105,343.20120000000003,0.9425403344172196,False,0.6228306,0.3692526781690136,0.8101605557329316,0.2997576364518204,0.5451287796365688,False,798,1581.0852,182.05055,1305.8726,1890.2153,476.93140507812495,0.622830584917952,0.36925267816901364,0.8101605557329316,0.29975763645182046,1.0,0.0,0.5544952618678447,0.4435962094942758,Low,726,True
CAND_04999,Cr25.84Fe23.56Nb14.34Ni13.49Ti22.77,5,0.0,0.0,25.84,0.0,23.56,0.0,0.0,14.34,13.49,22.77,0.0,0.0,100.0,True,1033.294,1453.7582,55.09257,243.4420000000001,1.4069164022444152,True,0.5637355,0.6936292808019956,0.6417049096165619,0.0859822723886274,0.5505330069668012,False,739,1581.0852,182.05055,1305.8726,1890.2153,547.7912050781249,0.563735536485687,0.6936292808019956,0.6417049096165619,0.08598227238862748,1.0,0.0,0.554431482105283,0.44354518568422646,Low,727,True
CAND_02085,Co22.48Cr38.83Mo26.25Nb12.44,4,0.0,22.48,38.83,0.0,0.0,0.0,26.25,12.44,0.0,0.0,0.0,0.0,100.0,True,857.18097,1532.8834,54.317818,312.518,1.7882844521876982,True,0.4168623,0.7557681122730914,0.6278479657423965,0.2340061844491602,0.5438520484588432,False,819,1581.0852,182.05055,1305.8726,1890.2153,723.904235078125,0.4168623017686407,0.7557681122730914,0.6278479657423965,0.23400618444916027,1.0,0.0,0.5544013265141806,0.4435210612113445,Low,728,True
CAND_01859,Co33.37Cr12.04Cu13.84Mo16.56Nb24.19,5,0.0,33.37,12.04,13.84,0.0,0.0,16.56,24.19,0.0,0.0,0.0,0.0,100.0,True,885.81445,1411.8956,57.79938,324.4756,1.5938954202192983,True,0.4407418,0.6607536223980751,0.6901179685670774,0.2596302902290988,0.5419226705227311,False,844,1581.0852,182.05055,1305.8726,1890.2153,695.270755078125,0.44074180590757833,0.6607536223980751,0.6901179685670774,0.2596302902290988,1.0,0.0,0.5543914723008051,0.4435131778406441,Low,729,True
CAND_03033,Al11.68Cr23.53Mn21.57Mo43.22,4,11.68,0.0,23.53,0.0,0.0,21.57,43.22,0.0,0.0,0.0,0.0,0.0,100.0,True,880.66815,1516.5712,53.328716,325.691,1.7220688596547464,True,0.43644997,0.742957768075253,0.610157232578978,0.262234787633673,0.5456968551054301,False,793,1581.0852,182.05055,1305.8726,1890.2153,700.417055078125,0.4364499387593932,0.742957768075253,0.610157232578978,0.262234787633673,1.0,0.0,0.5543822030311686,0.4435057624249349,Low,730,True
CAND_03572,Cr44.18Mn16.62Nb6.69Ti12.89W19.62,5,0.0,0.0,44.18,0.0,0.0,16.62,0.0,6.69,0.0,12.89,0.0,19.62,100.0,True,989.9785,1555.4485,48.443127,307.751,1.571194198106414,True,0.5276117,0.7734890020279157,0.5227752928547307,0.223790914474168,0.5545926628566622,False,694,1581.0852,182.05055,1305.8726,1890.2153,591.106705078125,0.5276116471948934,0.7734890020279157,0.5227752928547307,0.22379091447416807,1.0,0.0,0.5543508374346425,0.44348066994771407,Low,731,True
CAND_01783,Al15.33Co40.18Mn35.60Nb8.89,4,15.33,40.18,0.0,0.0,0.0,35.6,0.0,8.89,0.0,0.0,0.0,0.0,100.0,True,766.64465,1612.5002,53.04293,333.883,2.10332152323285,True,0.34135762,0.8182930084814793,0.6050457639257545,0.279789537294914,0.5411250656516824,False,855,1581.0852,182.05055,1305.8726,1890.2153,814.440555078125,0.3413575978987589,0.8182930084814793,0.6050457639257545,0.27978953729491407,1.0,0.0,0.5543094617910971,0.44344756943287766,Low,732,True
CAND_03883,Cr39.57Fe29.07Nb22.90Ni8.46,4,0.0,0.0,39.57,0.0,29.07,0.0,0.0,22.9,8.46,0.0,0.0,0.0,100.0,True,1090.4062,1377.5187,55.410812,256.39400000000006,1.2633077809302726,True,0.61136556,0.633756655621388,0.6473968749582482,0.1137372916284216,0.5524464851260141,False,714,1581.0852,182.05055,1305.8726,1890.2153,490.6790050781251,0.6113654793457176,0.633756655621388,0.6473968749582482,0.11373729162842161,1.0,0.0,0.5542480227545835,0.4433984182036668,Low,733,True
CAND_01280,Al12.91Co31.73Fe18.78Mn17.50Ni19.08,5,12.91,31.73,0.0,0.0,18.78,17.5,0.0,0.0,19.08,0.0,0.0,0.0,100.0,True,640.81604,1432.6727,68.718315,284.814,2.235700435826588,True,0.23642014,0.6770703548089645,0.8854102291364733,0.1746389011709594,0.5215955467640276,False,1137,1581.0852,182.05055,1305.8726,1890.2153,940.269165078125,0.23642013262063805,0.6770703548089645,0.8854102291364733,0.17463890117095943,1.0,0.0,0.5540450435144348,0.4432360348115479,Low,734,True
CAND_00690,Al16.04Co29.99Cr19.62Fe13.04Mn11.03V10.28,6,16.04,29.99,19.62,0.0,13.04,11.03,0.0,0.0,0.0,0.0,10.28,0.0,100.0,True,1067.5972,1248.2915,56.038013,354.69873333333334,1.169253289023842,True,0.5923434,0.5322715762499414,0.6586147731435003,0.3243958590334172,0.5506975679727182,False,738,1581.0852,182.05055,1305.8726,1890.2153,513.4880050781251,0.5923434250964601,0.5322715762499414,0.6586147731435003,0.3243958590334172,1.0,0.0,0.5540111399471601,0.4432089119577281,Low,735,True
CAND_01633,Cr31.51Cu19.60Mo11.95Nb18.17Ni11.38Ti7.39,6,0.0,0.0,31.51,19.6,0.0,0.0,11.95,18.17,11.38,7.39,0.0,0.0,100.0,True,1033.1792,1471.3853,50.62013,303.381,1.4241336847592403,True,0.5636398,0.7074722460801136,0.5617124087123081,0.2144263812686476,0.553925688019717,False,700,1581.0852,182.05055,1305.8726,1890.2153,547.906005078125,0.5636397965660142,0.7074722460801136,0.5617124087123081,0.21442638126864763,1.0,0.0,0.5538293027695272,0.4430634422156218,Low,736,True
CAND_00884,Al17.79Cr15.54Fe11.49Mn17.57Mo23.08Nb14.53,6,17.79,0.0,15.54,0.0,11.49,17.57,23.08,14.53,0.0,0.0,0.0,0.0,100.0,True,1194.8604,1422.4413,43.609455,351.408,1.1904665663563914,True,0.69847727,0.6690354020971435,0.4363219224728214,0.3173441012369611,0.5669358998788231,False,581,1581.0852,182.05055,1305.8726,1890.2153,386.224805078125,0.6984772974422054,0.6690354020971435,0.4363219224728214,0.31734410123696116,1.0,0.0,0.553828136917085,0.443062509533668,Low,737,True
CAND_01535,Al26.33Cr25.65Cu20.83Mn27.19,4,26.33,0.0,25.65,20.83,0.0,27.19,0.0,0.0,0.0,0.0,0.0,0.0,100.0,True,782.42487,1660.6768,45.449966,413.5277333333333,2.122474467201628,True,0.35451788,0.8561271956715326,0.4692406598581837,0.4504613336209598,0.5480728928001836,False,756,1581.0852,182.05055,1305.8726,1890.2153,798.660335078125,0.3545178504703411,0.8561271956715326,0.4692406598581837,0.4504613336209598,1.0,0.0,0.5538090193196441,0.4430472154557153,Low,738,True
CAND_03165,Al36.55Cr9.76Cu20.00Fe18.06W15.63,5,36.55,0.0,9.76,20.0,18.06,0.0,0.0,0.0,0.0,0.0,0.0,15.63,100.0,True,911.52704,1495.445,43.392265,484.5434666666667,1.640593132968526,True,0.4621854,0.7263668794402205,0.4324373379347629,0.6026419269652127,0.5550713200948375,False,689,1581.0852,182.05055,1305.8726,1890.2153,669.558165078125,0.4621853712488435,0.7263668794402205,0.4324373379347629,0.6026419269652127,1.0,0.0,0.5535838970694877,0.4428671176555902,Low,739,True
CAND_02505,Co28.22Cr27.04Mo6.08Ni30.07W8.59,5,0.0,28.22,27.04,0.0,0.0,0.0,6.08,0.0,30.07,0.0,0.0,8.59,100.0,True,682.5295,1431.0505,67.62276,275.7074,2.0966867248590506,True,0.27120796,0.6757964040017322,0.8658155147684414,0.1551242425692678,0.5238238253060925,False,1102,1581.0852,182.05055,1305.8726,1890.2153,898.555705078125,0.27120796632857047,0.6757964040017322,0.8658155147684414,0.1551242425692678,1.0,0.0,0.5535542035985849,0.44284336287886794,Low,740,True
CAND_00657,Co24.43Cr8.74Nb15.61Ni38.80V12.42,5,0.0,24.43,8.74,0.0,0.0,0.0,0.0,15.61,38.8,0.0,12.42,0.0,100.0,True,1076.45,1047.5049,68.60887,284.8142,0.9731106391519976,False,0.5997264,0.3745892613988656,0.8834527340641041,0.1746393297537148,0.5393537780542833,False,874,1581.0852,182.05055,1305.8726,1890.2153,504.63520507812495,0.5997264073340781,0.3745892613988656,0.8834527340641041,0.17463932975371485,1.0,0.0,0.5535400999354677,0.4428320799483742,Low,741,True
CAND_02109,Cr28.60Fe25.71Mn9.06Mo12.95Ti7.22V16.46,6,0.0,0.0,28.6,0.0,25.71,9.06,12.95,0.0,0.0,7.22,16.46,0.0,100.0,True,1456.1034,1155.7424,50.892136,254.9530000000001,0.7937227569936252,False,0.9163465,0.4595906487110335,0.5665774130949186,0.1106493528757545,0.5710229038938117,False,536,1581.0852,182.05055,1305.8726,1890.2153,124.98180507812503,0.9163464946116896,0.4595906487110335,0.5665774130949186,0.11064935287575463,1.0,0.0,0.5535344451260713,0.44282755610085706,Low,742,True
CAND_03432,Al22.16Mn43.20Nb27.50W7.14,4,22.16,0.0,0.0,0.0,0.0,43.2,0.0,27.5,0.0,0.0,0.0,7.14,100.0,True,882.7861,1538.7914,50.06091,359.5570333333333,1.7431079274981065,True,0.43821627,0.7604077999621114,0.5517103949668634,0.3348067770362501,0.5477358389708987,False,764,1581.0852,182.05055,1305.8726,1890.2153,698.299105078125,0.43821624854049784,0.7604077999621114,0.5517103949668634,0.3348067770362501,1.0,0.0,0.5534105371692544,0.4427284297354035,Low,743,True
CAND_04360,Cr27.09Fe8.45Mo26.92Nb20.50Ti17.04,5,0.0,0.0,27.09,0.0,8.45,0.0,26.92,20.5,0.0,17.04,0.0,0.0,100.0,True,1078.3933,1418.2301,50.838486,307.649,1.3151325088253625,True,0.6013471,0.6657282503036431,0.5656178479194186,0.2235723372689134,0.5550629143054192,False,690,1581.0852,182.05055,1305.8726,1890.2153,502.69190507812505,0.6013470640056806,0.6657282503036431,0.5656178479194186,0.2235723372689134,1.0,0.0,0.5532764460586757,0.44262115684694053,Low,744,True
CAND_02233,Co38.21Cr8.60Cu11.52Mo16.54V14.92W10.21,6,0.0,38.21,8.6,11.52,0.0,0.0,16.54,0.0,0.0,0.0,14.92,10.21,100.0,True,1088.7257,1082.1663,64.4187,320.56140000000005,0.9939751509865464,False,0.609964,0.4018096525404014,0.8085088158642005,0.2512424971231382,0.5433456841870068,False,826,1581.0852,182.05055,1305.8726,1890.2153,492.35950507812504,0.6099639903647944,0.40180965254040146,0.8085088158642005,0.25124249712313823,1.0,0.0,0.5532729126810499,0.44261833014484,Low,745,True
CAND_00027,Al24.41Cr13.39Mn25.90Mo6.82V15.59W13.89,6,24.41,0.0,13.39,0.0,0.0,25.9,6.82,0.0,0.0,0.0,15.59,13.89,100.0,True,1144.6024,1250.3501,51.369118,378.1543666666667,1.0923881353367213,True,0.6565636,0.5338882419704248,0.5751085466744217,0.374659258851841,0.5571115750785903,False,668,1581.0852,182.05055,1305.8726,1890.2153,436.482805078125,0.6565635615283476,0.5338882419704248,0.5751085466744217,0.37465925885184104,1.0,0.0,0.553038815803317,0.44243105264265364,Low,746,True
CAND_01393,Al16.72Co7.94Cr11.99Cu13.41Ni20.42Ti29.52,6,16.72,7.94,11.99,13.41,0.0,0.0,0.0,0.0,20.42,29.52,0.0,0.0,100.0,True,1156.4481,1345.1458,50.41916,316.787,1.1631700346952798,True,0.6664426,0.6083334759348831,0.5581179294332729,0.243154283363203,0.5584354514853503,False,652,1581.0852,182.05055,1305.8726,1890.2153,424.63710507812493,0.6664425368460043,0.6083334759348831,0.5581179294332729,0.243154283363203,1.0,0.0,0.5530191983264282,0.44241535866114257,Low,747,True
CAND_01937,Co34.74Cr38.18Mn20.89Nb6.19,4,0.0,34.74,38.18,0.0,0.0,20.89,0.0,6.19,0.0,0.0,0.0,0.0,100.0,True,576.40796,1621.5522,62.604897,286.8382666666667,2.8132023070208096,True,0.18270564,0.8254017513658748,0.7760677684454227,0.1789767300992954,0.5232956707639825,False,1108,1581.0852,182.05055,1305.8726,1890.2153,1004.677245078125,0.18270563431512202,0.8254017513658748,0.7760677684454227,0.1789767300992954,1.0,0.0,0.5529637740370641,0.4423710192296513,Low,748,True
CAND_03220,Al20.75Cu24.99Mo10.16Nb10.77Ti15.58W17.75,6,20.75,0.0,0.0,24.99,0.0,0.0,10.16,10.77,0.0,15.58,0.0,17.75,100.0,True,1096.5093,1503.7461,43.13555,360.798,1.3713938687712384,True,0.61645526,0.7328859233595373,0.4278458230414081,0.3374660616030565,0.5623837250508164,False,615,1581.0852,182.05055,1305.8726,1890.2153,484.57590507812506,0.616455290354032,0.7328859233595373,0.42784582304140817,0.33746606160305653,1.0,0.0,0.55295325574925,0.4423626045994,Low,749,True
CAND_00963,Al14.76Co8.46Mn33.32Ti27.03W16.43,5,14.76,8.46,0.0,0.0,0.0,33.32,0.0,0.0,0.0,27.03,0.0,16.43,100.0,True,902.2931,1530.6437,51.538887,326.5776666666667,1.6963930186015586,True,0.45448452,0.7540092245755462,0.5781449757569839,0.2641348378492859,0.5467045936921072,False,777,1581.0852,182.05055,1305.8726,1890.2153,678.792105078125,0.45448452914202647,0.7540092245755462,0.5781449757569839,0.26413483784928593,1.0,0.0,0.5528876180626585,0.4423100944501268,Low,750,True
CAND_00567,Al9.71Co29.21Mo7.63Nb16.17Ni11.81Ti25.47,6,9.71,29.21,0.0,0.0,0.0,0.0,7.63,16.17,11.81,25.47,0.0,0.0,100.0,True,948.16473,1362.5814,56.45611,337.83820000000003,1.437072431933324,True,0.4927402,0.6220260518777868,0.6660927101645818,0.2882651898657321,0.5441928387258742,False,814,1581.0852,182.05055,1305.8726,1890.2153,632.920475078125,0.49274015781324676,0.6220260518777868,0.6660927101645818,0.28826518986573213,1.0,0.0,0.5528604465458821,0.4422883572367057,Low,751,True
CAND_00841,Al22.44Co19.65Cr14.91Fe6.70Mn29.89Ni6.41,6,22.44,19.65,14.91,0.0,6.7,29.89,0.0,0.0,6.41,0.0,0.0,0.0,100.0,True,821.1742,1688.3284,45.568085,363.2027,2.055993005680492,True,0.3868337,0.8778426303536082,0.4713532950672216,0.3426191263626251,0.548634098545097,False,750,1581.0852,182.05055,1305.8726,1890.2153,759.911005078125,0.38683368445615285,0.8778426303536082,0.4713532950672216,0.34261912636262515,1.0,0.0,0.5528600676946809,0.44228805415574474,Low,752,True
CAND_00774,Al43.16Cu6.46Mo14.18Ni36.20,4,43.16,0.0,0.0,6.46,0.0,0.0,14.18,0.0,36.2,0.0,0.0,0.0,100.0,True,651.05865,1303.6826,57.966522,548.2712666666666,2.0024042233647967,True,0.2449622,0.57577147549694,0.6931074120444943,0.7392051075635568,0.5303777219514659,False,996,1581.0852,182.05055,1305.8726,1890.2153,930.026555078125,0.24496217668543638,0.57577147549694,0.6931074120444943,0.7392051075635568,1.0,0.0,0.5527849765683229,0.44222798125465834,Low,753,True
CAND_02442,Al33.13Mo8.34Nb26.89Ti31.64,4,33.13,0.0,0.0,0.0,0.0,0.0,8.34,26.89,0.0,31.64,0.0,0.0,100.0,True,871.0216,1355.0736,47.980835,534.1667333333334,1.555729031258054,True,0.428405,0.6161300046144788,0.5145068994882397,0.708980308765303,0.5483342745891738,False,753,1581.0852,182.05055,1305.8726,1890.2153,710.063605078125,0.42840499170260976,0.6161300046144788,0.5145068994882397,0.708980308765303,1.0,0.0,0.5526393654712634,0.4421114923770107,Low,754,True
CAND_03757,Co31.70Cr17.76Ni38.15Ti12.39,4,0.0,31.7,17.76,0.0,0.0,0.0,0.0,0.0,38.15,12.39,0.0,0.0,100.0,True,923.12103,1381.1023,60.13974,278.179,1.4961226654518538,True,0.47185448,0.6365709387632925,0.7319768307130826,0.1604206682605181,0.539584941923274,False,870,1581.0852,182.05055,1305.8726,1890.2153,657.964175078125,0.47185442761893187,0.6365709387632925,0.7319768307130826,0.16042066826051812,1.0,0.0,0.5525910379867233,0.4420728303893786,Low,755,True
CAND_00069,Co7.01Cr22.89Ni39.71Ti11.26W19.13,5,0.0,7.01,22.89,0.0,0.0,0.0,0.0,0.0,39.71,11.26,0.0,19.13,100.0,True,1076.0808,1498.2498,49.50839,270.5322,1.3923208975714143,True,0.5994185,0.7285695531081561,0.5418282150830375,0.1440342351905013,0.5554586142402423,False,685,1581.0852,182.05055,1305.8726,1890.2153,505.00440507812505,0.5994185050837021,0.7285695531081561,0.5418282150830375,0.14403423519050132,1.0,0.0,0.5525790920068588,0.4420632736054871,Low,756,True
CAND_01666,Al42.01Cu9.96Fe15.67Mo14.14W18.22,5,42.01,0.0,0.0,9.96,15.67,0.0,14.14,0.0,0.0,0.0,0.0,18.22,100.0,True,732.24854,1342.7458,52.358955,559.639,1.8337295816009789,True,0.31267223,0.6064487009765811,0.5928124257913162,0.7635651799368982,0.5384741635077778,False,885,1581.0852,182.05055,1305.8726,1890.2153,848.836665078125,0.312672225002822,0.6064487009765811,0.5928124257913162,0.7635651799368982,1.0,0.0,0.5524811712716095,0.4419849370172876,Low,757,True
CAND_01328,Al39.60Cr18.05Ni12.15Ti12.22V17.98,5,39.6,0.0,18.05,0.0,0.0,0.0,0.0,0.0,12.15,12.22,17.98,0.0,100.0,True,1276.2086,1051.8529,44.589046,549.6701333333333,0.824201376662996,False,0.7663194,0.3780038453649894,0.4538425452096942,0.7422027582157527,0.5680880337987022,True,99,1581.0852,182.05055,1305.8726,1890.2153,304.87660507812507,0.7663193717759966,0.3780038453649894,0.4538425452096942,0.7422027582157527,1.0,0.0,0.5524641738487671,0.4419713390790137,Low,758,True
CAND_00930,Cr25.73Mo43.47Nb20.34Ni10.46,4,0.0,0.0,25.73,0.0,0.0,0.0,43.47,20.34,10.46,0.0,0.0,0.0,100.0,True,1028.0151,1404.6299,53.59461,301.567,1.3663513793029745,True,0.55933315,0.6550477018086857,0.6149129198627507,0.210539135677157,0.549623360505863,False,745,1581.0852,182.05055,1305.8726,1890.2153,553.0701050781249,0.5593330847264513,0.6550477018086857,0.6149129198627507,0.21053913567715707,1.0,0.0,0.5524023280346172,0.44192186242769377,Low,759,True
CAND_00453,Co40.18Cr23.93Ni23.27Ti12.62,4,0.0,40.18,23.93,0.0,0.0,0.0,0.0,0.0,23.27,12.62,0.0,0.0,100.0,True,906.74243,1413.7921,59.435932,275.753,1.559199228651888,True,0.45819515,0.662242987276583,0.7193887664626015,0.1552219594374992,0.5392619296640411,False,876,1581.0852,182.05055,1305.8726,1890.2153,674.342775078125,0.4581951432256271,0.662242987276583,0.7193887664626015,0.15522195943749925,1.0,0.0,0.552321605843787,0.4418572846750296,Low,760,True
CAND_01989,Al17.62Co10.40Fe18.32Mn14.19Ni26.52Ti12.95,6,17.62,10.4,0.0,0.0,18.32,14.19,0.0,0.0,26.52,12.95,0.0,0.0,100.0,True,1111.7343,1368.7816,53.233932,278.938,1.2312129417555775,True,0.6291525,0.6268952109179798,0.6084619590357423,0.1620471398172664,0.5532368759838864,False,708,1581.0852,182.05055,1305.8726,1890.2153,469.3509050781249,0.6291525053106257,0.6268952109179798,0.6084619590357423,0.16204713981726646,1.0,0.0,0.552202348286363,0.44176187862909044,Low,761,True
CAND_02417,Co30.72Cr25.71Nb19.48Ti16.73V7.36,5,0.0,30.72,25.71,0.0,0.0,0.0,0.0,19.48,0.0,16.73,7.36,0.0,100.0,True,950.23956,1195.8142,65.26219,309.3806,1.2584344480874317,True,0.49447057,0.4910599508669011,0.8235951836159712,0.2272830067651785,0.5356504110728829,False,926,1581.0852,182.05055,1305.8726,1890.2153,630.845645078125,0.4944705067464743,0.4910599508669011,0.8235951836159712,0.2272830067651787,1.0,0.0,0.552106618046257,0.44168529443700566,Low,762,True
CAND_02289,Co30.47Mo16.51Nb17.08V35.94,4,0.0,30.47,0.0,0.0,0.0,0.0,16.51,17.08,0.0,0.0,35.94,0.0,100.0,True,1186.5208,1152.1302,57.372353,319.7384,0.9710156338213934,False,0.6915223,0.4567539053342092,0.6824803126826738,0.2494788790846614,0.552524774686876,False,712,1581.0852,182.05055,1305.8726,1890.2153,394.564405078125,0.6915223093402673,0.45675390533420923,0.6824803126826738,0.24947887908466143,1.0,0.0,0.5520726746028309,0.44165813968226475,Low,763,True
CAND_01495,Al19.43Co13.48Nb28.95Ni38.14,4,19.43,13.48,0.0,0.0,0.0,0.0,0.0,28.95,38.14,0.0,0.0,0.0,100.0,True,865.12476,1475.0753,54.88099,332.97780000000006,1.705043451836872,True,0.42348722,0.7103700875785028,0.6379206635805453,0.2778497717439675,0.5413148257807767,False,852,1581.0852,182.05055,1305.8726,1890.2153,715.960445078125,0.4234871956405645,0.7103700875785028,0.6379206635805453,0.2778497717439675,1.0,0.0,0.5520364900194507,0.44162919201556056,Low,764,True
CAND_04897,Al20.72Fe12.92Mo15.46Nb42.96Ti7.94,5,20.72,0.0,0.0,0.0,12.92,0.0,15.46,42.96,0.0,7.94,0.0,0.0,100.0,True,1168.0996,1336.1593,46.82074,372.38,1.143874451524662,True,0.67615956,0.6012761717003914,0.4937578452054499,0.3622852889683511,0.5610129892620106,False,630,1581.0852,182.05055,1305.8726,1890.2153,412.985605078125,0.6761595549127859,0.6012761717003914,0.4937578452054499,0.36228528896835116,1.0,0.0,0.5518928871452016,0.4415143097161613,Low,765,True
CAND_00883,Al24.29Cr19.67Cu6.53Nb20.98Ni13.30V15.23,6,24.29,0.0,19.67,6.53,0.0,0.0,0.0,20.98,13.3,0.0,15.23,0.0,100.0,True,1390.6168,1029.008,50.44402,392.6268333333333,0.7399651609608309,False,0.8617326,0.3600632222629429,0.5585625667168318,0.4056725070591149,0.5670302829341853,False,578,1581.0852,182.05055,1305.8726,1890.2153,190.468405078125,0.8617325414441057,0.36006322226294296,0.5585625667168318,0.40567250705911495,1.0,0.0,0.551871748113826,0.44149739849106084,Low,766,True
CAND_00487,Al29.62Co11.35Cr7.72Nb14.25V20.26W16.80,6,29.62,11.35,7.72,0.0,0.0,0.0,0.0,14.25,0.0,0.0,20.26,16.8,100.0,True,1132.1849,1190.9596,47.92813,483.3573333333333,1.0519125997710583,True,0.64620775,0.4872475223199958,0.5135642362529232,0.6001001455038454,0.5584426714785822,False,651,1581.0852,182.05055,1305.8726,1890.2153,448.90030507812503,0.646207721349464,0.4872475223199958,0.5135642362529232,0.6001001455038454,1.0,0.0,0.5518104797348184,0.4414483837878548,Low,767,True
CAND_04274,Co37.56Cr16.20Fe10.73Nb35.51,4,0.0,37.56,16.2,0.0,10.73,0.0,0.0,35.51,0.0,0.0,0.0,0.0,100.0,True,886.3231,1509.7682,53.16859,321.0386,1.7034060894184753,True,0.441166,0.7376152163913663,0.607293274828892,0.2522650955775258,0.5432974520050315,False,827,1581.0852,182.05055,1305.8726,1890.2153,694.762105078125,0.44116600547327106,0.7376152163913663,0.607293274828892,0.2522650955775258,1.0,0.0,0.5516038130710241,0.4412830504568193,Low,768,True
CAND_01014,Al37.15Fe11.66Ni23.63Ti7.98V19.58,5,37.15,0.0,0.0,0.0,11.66,0.0,0.0,0.0,23.63,7.98,19.58,0.0,100.0,True,1051.3558,1020.4061,57.323906,503.053,0.9705620742932508,False,0.5787986,0.3533079532155191,0.681613806549264,0.6423062609511822,0.5463813573520633,False,784,1581.0852,182.05055,1305.8726,1890.2153,529.729405078125,0.5787985615827643,0.35330795321551917,0.681613806549264,0.6423062609511822,1.0,0.0,0.5515221074678033,0.44121768597424266,Low,769,True
CAND_04487,Al28.91Cr29.86Cu21.06V14.44W5.73,5,28.91,0.0,29.86,21.06,0.0,0.0,0.0,0.0,0.0,0.0,14.44,5.73,100.0,True,1189.9355,1129.6332,48.353695,482.8407333333333,0.9493230141469716,False,0.69437015,0.4390864960688266,0.5211757433155823,0.5989931162466435,0.560179903216835,False,639,1581.0852,182.05055,1305.8726,1890.2153,391.14970507812495,0.6943700715676748,0.43908649606882666,0.5211757433155823,0.5989931162466435,1.0,0.0,0.5515201571442379,0.4412161257153903,Low,770,True
CAND_03230,Al33.99Co31.47Mn22.79V11.75,4,33.99,31.47,0.0,0.0,0.0,22.79,0.0,0.0,0.0,0.0,11.75,0.0,100.0,True,726.4908,1201.3837,60.379433,529.7837999999999,1.6536805792574454,True,0.30787045,0.4954338067545105,0.7362638960553214,0.6995880605415997,0.5299954623923508,False,1002,1581.0852,182.05055,1305.8726,1890.2153,854.594405078125,0.30787043436609435,0.4954338067545105,0.7362638960553214,0.6995880605415997,1.0,0.0,0.5514151285157131,0.4411321028125705,Low,771,True
CAND_02065,Al34.68Cr12.71Fe15.18Nb25.19V12.24,5,34.68,0.0,12.71,0.0,15.18,0.0,0.0,25.19,0.0,0.0,12.24,0.0,100.0,True,1330.7449,1153.32,39.461815,522.0979333333333,0.8666725105311562,False,0.8118011,0.4576882825197872,0.3621386810094326,0.6831179109733613,0.5738491733756044,True,94,1581.0852,182.05055,1305.8726,1890.2153,250.34030507812508,0.8118010876405142,0.45768828251978727,0.3621386810094326,0.6831179109733613,1.0,0.0,0.5513660476148986,0.4410928380919189,Low,772,True
CAND_02419,Cr27.27Mo8.33Nb32.77Ti9.64W21.99,5,0.0,0.0,27.27,0.0,0.0,0.0,8.33,32.77,0.0,9.64,0.0,21.99,100.0,True,899.81946,1547.216,51.39483,313.706,1.7194738191431358,True,0.45242158,0.7670238312594905,0.5755684225326222,0.2365519660162446,0.5452085315895411,False,796,1581.0852,182.05055,1305.8726,1890.2153,681.265745078125,0.45242158406450744,0.7670238312594905,0.5755684225326222,0.23655196601624462,1.0,0.0,0.5513658670561973,0.44109269364495785,Low,773,True
CAND_03500,Al27.85Cu11.90Fe16.67Mo10.44W33.14,5,27.85,0.0,0.0,11.9,16.67,0.0,10.44,0.0,0.0,0.0,0.0,33.14,100.0,True,877.95123,1487.4769,47.636726,434.1336666666666,1.694259139051996,True,0.43418416,0.7201093480463682,0.5083522860124497,0.4946180720490468,0.5475688388472589,False,767,1581.0852,182.05055,1305.8726,1890.2153,703.133975078125,0.4341841051134249,0.7201093480463682,0.5083522860124497,0.4946180720490468,1.0,0.0,0.5512772273033586,0.4410217818426869,Low,774,True
CAND_00508,Al38.85Nb28.66Ni20.63V11.86,4,38.85,0.0,0.0,0.0,0.0,0.0,0.0,28.66,20.63,0.0,11.86,0.0,100.0,True,1092.1825,1022.998,53.271347,541.3669333333333,0.9366548214913808,False,0.61284685,0.3553434316381952,0.6091311506674539,0.7244097165425085,0.5514013330245936,False,729,1581.0852,182.05055,1305.8726,1890.2153,488.9027050781251,0.6128468627892247,0.35534343163819526,0.6091311506674539,0.7244097165425085,1.0,0.0,0.5512155478703772,0.4409724382963018,Low,775,True
CAND_01441,Al14.13Cr27.45Cu5.13Mo23.03W30.26,5,14.13,0.0,27.45,5.13,0.0,0.0,23.03,0.0,0.0,0.0,0.0,30.26,100.0,True,863.5558,1436.7465,55.41665,350.218,1.663756439446788,True,0.42217875,0.680269603236102,0.6475012913887154,0.3147940338423229,0.5398289354555227,False,868,1581.0852,182.05055,1305.8726,1890.2153,717.529405078125,0.4221787278324661,0.680269603236102,0.6475012913887154,0.3147940338423229,1.0,0.0,0.5510950554219101,0.4408760443375281,Low,776,True
CAND_04784,Al34.94Co10.38Cr22.34Cu12.31V20.03,5,34.94,10.38,22.34,12.31,0.0,0.0,0.0,0.0,0.0,0.0,20.03,0.0,100.0,True,1223.6737,1147.7167,42.6817,540.6701333333333,0.9379270751027374,False,0.72250676,0.4532878827181819,0.4197284203405567,0.72291653422269,0.5661079874399649,False,585,1581.0852,182.05055,1305.8726,1890.2153,357.41150507812495,0.7225067663229161,0.4532878827181819,0.41972842034055674,0.72291653422269,1.0,0.0,0.5509690626317542,0.44077525010540336,Low,777,True
CAND_01376,Al10.99Co14.90Cr11.06Cu13.85Nb31.06Ni18.14,6,10.99,14.9,11.06,13.85,0.0,0.0,0.0,31.06,18.14,0.0,0.0,0.0,100.0,True,1032.1901,1320.1332,54.472916,341.5986,1.27896329049478,True,0.5628149,0.5886905083840405,0.6306219944393153,0.2963234028327889,0.5475556378921606,False,769,1581.0852,182.05055,1305.8726,1890.2153,548.895105078125,0.5628149154288341,0.5886905083840405,0.6306219944393153,0.29632340283278896,1.0,0.0,0.5509459901291337,0.440756792103307,Low,778,True
CAND_00522,Cr28.66Cu7.04Ni27.51Ti14.25V22.54,5,0.0,0.0,28.66,7.04,0.0,0.0,0.0,0.0,27.51,14.25,22.54,0.0,100.0,True,1505.4255,938.1738,57.119373,270.40540000000004,0.6231950879493006,False,0.9574798,0.2887290449640317,0.677955600695759,0.1437625137235769,0.5649159232072662,True,101,1581.0852,182.05055,1305.8726,1890.2153,75.65970507812494,0.9574797166682157,0.2887290449640317,0.677955600695759,0.14376251372357693,1.0,0.0,0.5509396999235276,0.44075175993882215,Low,779,True
CAND_02311,Al39.63Mn26.97Nb9.21W24.19,4,39.63,0.0,0.0,0.0,0.0,26.97,0.0,9.21,0.0,0.0,0.0,24.19,100.0,True,732.96356,1580.4634,42.32045,547.5543333333333,2.1562646247546087,True,0.31326854,0.7931337758214267,0.4132672289211835,0.7376687812463613,0.5458878228308305,False,789,1581.0852,182.05055,1305.8726,1890.2153,848.121645078125,0.31326853125164056,0.7931337758214267,0.41326722892118356,0.7376687812463613,1.0,0.0,0.5508877514226473,0.4407102011381179,Low,780,True
CAND_04214,Cr28.26Cu5.24Ni25.02Ti20.35W21.13,5,0.0,0.0,28.26,5.24,0.0,0.0,0.0,0.0,25.02,20.35,0.0,21.13,100.0,True,1173.0624,1361.0115,51.46522,269.57620000000003,1.1602209103338732,True,0.6802984,0.6207931734581875,0.5768273935056595,0.1419856096196827,0.555832164218579,False,681,1581.0852,182.05055,1305.8726,1890.2153,408.022805078125,0.6802983883043513,0.6207931734581875,0.5768273935056595,0.14198560961968273,1.0,0.0,0.5506586086081943,0.44052688688655545,Low,781,True
CAND_00541,Cr42.02Cu6.12Fe30.53Ti21.33,4,0.0,0.0,42.02,6.12,30.53,0.0,0.0,0.0,0.0,21.33,0.0,0.0,100.0,True,1146.3025,1387.8839,52.242905,253.5096666666667,1.210748394794319,True,0.6579814,0.6418966845371342,0.5907367959941722,0.1075564139909411,0.5537810970956841,False,702,1581.0852,182.05055,1305.8726,1890.2153,434.782705078125,0.6579813963492149,0.6418966845371342,0.5907367959941722,0.10755641399094114,1.0,0.0,0.5504188553453369,0.4403350842762695,Low,782,True
CAND_01369,Co28.09Cr20.16Fe12.23Mo11.71Ni8.78Ti19.03,6,0.0,28.09,20.16,0.0,12.23,0.0,11.71,0.0,8.78,19.03,0.0,0.0,100.0,True,854.80225,1516.1064,54.73551,306.14059999999995,1.7736340854604185,True,0.41487855,0.7425927499916617,0.6353186590748278,0.220339966127676,0.539122050332959,False,877,1581.0852,182.05055,1305.8726,1890.2153,726.282955078125,0.41487851725885094,0.7425927499916617,0.6353186590748278,0.220339966127676,1.0,0.0,0.5501440469538109,0.44011523756304877,Low,783,True
CAND_00721,Al24.71Cu24.38Mn6.79Ni28.47Ti15.65,5,24.71,0.0,0.0,24.38,0.0,6.79,0.0,0.0,28.47,15.65,0.0,0.0,100.0,True,1001.21326,1436.676,49.08532,363.0346666666667,1.4349350552351097,True,0.5369811,0.6802142379717019,0.5342613327195932,0.3422590454176288,0.5500627990858507,False,741,1581.0852,182.05055,1305.8726,1890.2153,579.871945078125,0.5369811160097202,0.6802142379717019,0.5342613327195932,0.3422590454176288,1.0,0.0,0.5499268070224629,0.43994144561797033,Low,784,True
CAND_00470,Al26.79Co16.07Mn24.06Ti11.87W21.21,5,26.79,16.07,0.0,0.0,0.0,24.06,0.0,0.0,0.0,11.87,0.0,21.21,100.0,True,831.3382,1445.2714,50.86094,436.639,1.738487906967695,True,0.3953102,0.6869644024202805,0.5660194523267005,0.4999867853650417,0.5411852610927057,False,854,1581.0852,182.05055,1305.8726,1890.2153,749.747005078125,0.3953101700271754,0.6869644024202805,0.5660194523267005,0.4999867853650417,1.0,0.0,0.5497207167356444,0.4397765733885155,Low,785,True
CAND_01695,Al20.65Nb5.02Ni5.99Ti28.76W39.58,5,20.65,0.0,0.0,0.0,0.0,0.0,0.0,5.02,5.99,28.76,0.0,39.58,100.0,True,1057.0,1491.7961,44.111443,368.715,1.4113491958372752,True,0.5835057,0.7235013147129923,0.4453003046409276,0.3544315099756206,0.5565919160207442,False,675,1581.0852,182.05055,1305.8726,1890.2153,524.085205078125,0.5835056631038156,0.7235013147129923,0.4453003046409276,0.3544315099756206,1.0,0.0,0.549681628078473,0.43974530246277843,Low,786,True
CAND_03059,Al28.72Cr8.67Cu19.40Mo7.91W35.30,5,28.72,0.0,8.67,19.4,0.0,0.0,7.91,0.0,0.0,0.0,0.0,35.3,100.0,True,902.3696,1480.113,44.678642,468.0903333333333,1.640251347769788,True,0.45454836,0.7143263087482686,0.4554450279956047,0.5673842808702799,0.5496313113500236,False,744,1581.0852,182.05055,1305.8726,1890.2153,678.715605078125,0.454548327956094,0.7143263087482686,0.4554450279956047,0.5673842808702799,1.0,0.0,0.5496761251427275,0.439740900114182,Low,787,True
CAND_02663,Al5.86Co25.68Ni38.81V29.65,4,5.86,25.68,0.0,0.0,0.0,0.0,0.0,0.0,38.81,0.0,29.65,0.0,100.0,True,1019.1617,990.4496,72.60117,284.5384,0.9718277456537316,False,0.5519496,0.3297824277828645,0.9548576185030352,0.1740483141340163,0.5293412721152513,True,116,1581.0852,182.05055,1305.8726,1890.2153,561.923505078125,0.551949602105978,0.32978242778286454,0.9548576185030351,0.17404831413401634,1.0,0.0,0.5494866615323668,0.43958932922589344,Low,788,True
CAND_04950,Al42.25Fe25.06Mo9.03W23.66,4,42.25,0.0,0.0,0.0,25.06,0.0,9.03,0.0,0.0,0.0,0.0,23.66,100.0,True,781.8085,1502.4084,44.227493,536.3116666666666,1.921709030310364,True,0.35400382,0.7318353969171537,0.4473759344380716,0.7135767159560643,0.5446322596013319,False,806,1581.0852,182.05055,1305.8726,1890.2153,799.276705078125,0.3540038155026698,0.7318353969171537,0.4473759344380716,0.7135767159560643,1.0,0.0,0.5493008606756447,0.43944068854051577,Low,789,True
CAND_00818,Al21.81Co36.51V15.77W25.91,4,21.81,36.51,0.0,0.0,0.0,0.0,0.0,0.0,0.0,0.0,15.77,25.91,100.0,True,981.48834,1224.3788,56.860542,399.6143333333333,1.2474715666508402,True,0.5205312,0.5134923853560305,0.6733262397649139,0.4206461170759512,0.5416355493458881,False,847,1581.0852,182.05055,1305.8726,1890.2153,599.596865078125,0.5205310963550988,0.5134923853560305,0.6733262397649139,0.4206461170759512,1.0,0.0,0.5492752791864507,0.4394202233491606,Low,790,True
CAND_03354,Co21.35Mo11.06Nb18.54Ni31.94W17.11,5,0.0,21.35,0.0,0.0,0.0,0.0,11.06,18.54,31.94,0.0,0.0,17.11,100.0,True,793.0477,1442.0372,61.485405,284.9284,1.8183485638668688,True,0.36337703,0.6844245110993886,0.756044925249694,0.174884050507049,0.5295843100681242,False,1005,1581.0852,182.05055,1305.8726,1890.2153,788.037505078125,0.3633769871506269,0.6844245110993886,0.756044925249694,0.174884050507049,1.0,0.0,0.5492176852684388,0.43937414821475107,Low,791,True
CAND_01271,Al10.17Cr31.39Ni26.54W31.90,4,10.17,0.0,31.39,0.0,0.0,0.0,0.0,0.0,26.54,0.0,0.0,31.9,100.0,True,835.11993,1529.423,54.99891,301.4312,1.831381263436312,True,0.39846405,0.7530505809123798,0.6400297395450366,0.2102481279862394,0.5369990519692638,False,904,1581.0852,182.05055,1305.8726,1890.2153,745.965275078125,0.3984640247869651,0.7530505809123798,0.6400297395450366,0.21024812798623949,1.0,0.0,0.549077321531902,0.43926185722552163,Low,792,True
CAND_01649,Co37.53Cr24.46Fe17.56Ti20.45,4,0.0,37.53,24.46,0.0,17.56,0.0,0.0,0.0,0.0,20.45,0.0,0.0,100.0,True,763.90106,1575.4108,56.61703,286.846,2.062323091751157,True,0.33906955,0.7891658533404617,0.6689708691215522,0.1789933019658375,0.5325623381185705,False,964,1581.0852,182.05055,1305.8726,1890.2153,817.184145078125,0.33906952223486664,0.7891658533404617,0.6689708691215522,0.17899330196583754,1.0,0.0,0.5490573925921964,0.4392459140737572,Low,793,True
CAND_00549,Al23.71Fe5.75Mn26.56Mo8.71Nb13.87Ti21.40,6,23.71,0.0,0.0,0.0,5.75,26.56,8.71,13.87,0.0,21.4,0.0,0.0,100.0,True,1021.08966,1511.6537,44.387283,370.8990333333333,1.4804318937534002,True,0.5535575,0.7390959427179823,0.4502338826094256,0.359111705095063,0.5542212667555472,False,698,1581.0852,182.05055,1305.8726,1890.2153,559.995545078125,0.55355746565591,0.7390959427179823,0.4502338826094256,0.35911170509506307,1.0,0.0,0.5490550697764593,0.4392440558211675,Low,794,True
CAND_00663,Co26.45Cr15.77Cu8.29Mo21.73Nb19.35Ni8.41,6,0.0,26.45,15.77,8.29,0.0,0.0,21.73,19.35,8.41,0.0,0.0,0.0,100.0,True,975.3585,1324.9373,57.618626,316.5076,1.3584105456014084,True,0.515419,0.5924632781245315,0.6868850656084131,0.2425555532539072,0.5404692966527747,False,859,1581.0852,182.05055,1305.8726,1890.2153,605.726705078125,0.5154189849508605,0.5924632781245315,0.6868850656084131,0.24255555325390735,1.0,0.0,0.5490425823456846,0.4392340658765477,Low,795,True
CAND_04157,Al12.31Mn6.48Nb36.34Ti29.73W15.14,5,12.31,0.0,0.0,0.0,0.0,6.48,0.0,36.34,0.0,29.73,0.0,15.14,100.0,True,998.9627,1442.7955,49.17524,355.727,1.444293654947866,True,0.5351043,0.685020021453922,0.5358696104564238,0.3265993458398541,0.5489945933511875,False,749,1581.0852,182.05055,1305.8726,1890.2153,582.122505078125,0.5351042132778508,0.685020021453922,0.5358696104564238,0.32659934583985417,1.0,0.0,0.5490328447685446,0.43922627581483575,Low,796,True
CAND_03270,Al20.76Co14.45Cu17.53Mn36.14Mo11.12,5,20.76,14.45,0.0,17.53,0.0,36.14,11.12,0.0,0.0,0.0,0.0,0.0,100.0,True,838.13464,1492.5461,53.217514,356.0633333333334,1.7807951401099826,True,0.40097824,0.7240903068874617,0.6081683124178232,0.327320079173521,0.5386606577342262,False,882,1581.0852,182.05055,1305.8726,1890.2153,742.950565078125,0.40097820678379875,0.7240903068874617,0.6081683124178232,0.327320079173521,1.0,0.0,0.5490201493635632,0.4392161194908506,Low,797,True
CAND_02831,Al5.65Co43.79Ti9.37W41.19,4,5.65,43.79,0.0,0.0,0.0,0.0,0.0,0.0,0.0,9.37,0.0,41.19,100.0,True,809.6655,1476.056,57.18254,319.821,1.8230441461951097,True,0.3772358,0.7111402537458391,0.6790853836117108,0.2496558837626422,0.5337325475796622,False,955,1581.0852,182.05055,1305.8726,1890.2153,771.419705078125,0.377235757508964,0.7111402537458391,0.6790853836117108,0.24965588376264222,1.0,0.0,0.5488250131489023,0.43906001051912186,Low,798,True
CAND_02780,Cr32.02Fe14.78Mn26.34Mo6.34Ti7.92W12.60,6,0.0,0.0,32.02,0.0,14.78,26.34,6.34,0.0,0.0,7.92,0.0,12.6,100.0,True,833.01965,1632.2135,52.553043,266.7103333333334,1.9593937471873568,True,0.39671248,0.8337743143921016,0.5962838160202528,0.1358443044566177,0.5385936430542013,False,883,1581.0852,182.05055,1305.8726,1890.2153,748.065555078125,0.39671245128095295,0.8337743143921016,0.5962838160202528,0.13584430445661774,1.0,0.0,0.5485721976124371,0.43885775808994976,Low,799,True
CAND_04397,Co5.93Cr34.43Mn17.14Mo7.63Nb11.82V23.05,6,0.0,5.93,34.43,0.0,0.0,17.14,7.63,11.82,0.0,0.0,23.05,0.0,100.0,True,1271.2933,1209.6594,51.483982,309.23,0.9515187146302224,False,0.7622202,0.501932903472185,0.5771629640894941,0.2269602839503614,0.5575807217799963,False,661,1581.0852,182.05055,1305.8726,1890.2153,309.79190507812496,0.7622201520271531,0.501932903472185,0.5771629640894941,0.22696028395036147,1.0,0.0,0.5483278408678463,0.43866227269427704,Low,800,True
CAND_03402,Cr21.27Ni34.76Ti17.31W26.66,4,0.0,0.0,21.27,0.0,0.0,0.0,0.0,0.0,34.76,17.31,0.0,26.66,100.0,True,1157.6409,1444.9482,48.048874,267.3412,1.2481834725415817,True,0.66743726,0.6867105860592291,0.5157238212958043,0.1371961973280721,0.5557547403359241,False,683,1581.0852,182.05055,1305.8726,1890.2153,423.4443050781249,0.6674372979626036,0.6867105860592291,0.5157238212958043,0.13719619732807214,1.0,0.0,0.5481690762963717,0.4385352610370974,Low,801,True
CAND_02032,Al16.74Cr5.51Cu21.04Mn21.37Ti24.71W10.63,6,16.74,0.0,5.51,21.04,0.0,21.37,0.0,0.0,0.0,24.71,0.0,10.63,100.0,True,999.8352,1570.4661,45.84603,314.3163333333333,1.5707249474950096,True,0.53583187,0.7852826672003302,0.476324522331049,0.2378598577248111,0.5510944789368385,False,733,1581.0852,182.05055,1305.8726,1890.2153,581.250005078125,0.5358318533467918,0.7852826672003302,0.47632452233104905,0.23785985772481114,1.0,0.0,0.5481190988548335,0.43849527908386676,Low,802,True
CAND_03963,Al37.94Fe13.65Mn8.05Nb15.36Ti16.21V8.79,6,37.94,0.0,0.0,0.0,13.65,8.05,0.0,15.36,0.0,16.21,8.79,0.0,100.0,True,1199.4382,1076.7366,46.389458,537.56,0.8977007493131856,False,0.70229506,0.397545584794113,0.4860440858760931,0.7162517866543613,0.5589009963041845,True,104,1581.0852,182.05055,1305.8726,1890.2153,381.64700507812495,0.7022950518348684,0.39754558479411306,0.4860440858760931,0.7162517866543613,1.0,0.0,0.5480884321579331,0.43847074572634653,Low,803,True
CAND_01511,Co21.19Cr31.60Fe27.94V19.27,4,0.0,21.19,31.6,0.0,27.94,0.0,0.0,0.0,0.0,0.0,19.27,0.0,100.0,True,1212.3833,1121.1562,60.74797,256.88866666666667,0.9247539118012726,False,0.7130909,0.4324293138515244,0.7428554202134434,0.1147973196434475,0.5465895310384302,False,780,1581.0852,182.05055,1305.8726,1890.2153,368.70190507812504,0.713090895337962,0.4324293138515244,0.7428554202134434,0.11479731964344758,1.0,0.0,0.548077742000498,0.4384621936003984,Low,804,True
CAND_02133,Al40.29Co10.19Cu21.98Mo6.15V21.39,5,40.29,10.19,0.0,21.98,0.0,0.0,6.15,0.0,0.0,0.0,21.39,0.0,100.0,True,1054.1318,1105.341,48.493393,575.48,1.0485794682568872,True,0.5811137,0.4200092751346342,0.5236743329872877,0.7975110770784656,0.5508821361784804,False,736,1581.0852,182.05055,1305.8726,1890.2153,526.9534050781249,0.5811136662605643,0.42000927513463426,0.5236743329872877,0.7975110770784656,1.0,0.0,0.5480101605634875,0.43840812845079,Low,805,True
CAND_00364,Al21.62Fe10.06Nb15.73Ti31.48W21.11,5,21.62,0.0,0.0,0.0,10.06,0.0,0.0,15.73,0.0,31.48,0.0,21.11,100.0,True,1122.1871,1409.662,44.447906,375.549,1.2561737321299338,True,0.6378699,0.6589995251702154,0.4513181644292642,0.3690761827276862,0.5572518063398267,False,664,1581.0852,182.05055,1305.8726,1890.2153,458.8981050781249,0.6378698418293964,0.6589995251702154,0.4513181644292642,0.3690761827276862,1.0,0.0,0.5479241947463459,0.4383393557970767,Low,806,True
CAND_04454,Al28.25Fe26.66Nb20.51Ni6.50Ti18.08,5,28.25,0.0,0.0,0.0,26.66,0.0,0.0,20.51,6.5,18.08,0.0,0.0,100.0,True,1117.4742,1357.8326,45.46318,398.38473333333326,1.2150907354744722,True,0.63393945,0.6182967104936267,0.4694770008503375,0.4180111902957432,0.5557417783908966,False,684,1581.0852,182.05055,1305.8726,1890.2153,463.6110050781249,0.6339394178971185,0.6182967104936267,0.46947700085033756,0.41801119029574324,1.0,0.0,0.5475186464218303,0.4380149171374643,Low,807,True
CAND_00716,Cr34.60Nb26.43Ni9.55V29.42,4,0.0,0.0,34.6,0.0,0.0,0.0,0.0,26.43,9.55,0.0,29.42,0.0,100.0,True,1205.2605,1066.3107,60.35081,306.513,0.8847138869380992,False,0.7071507,0.3893578867783798,0.7357519550670952,0.2211379872182334,0.5460612770966229,False,786,1581.0852,182.05055,1305.8726,1890.2153,375.8247050781249,0.7071506836668406,0.38935788677837985,0.7357519550670952,0.22113798721823344,1.0,0.0,0.5474913215530877,0.4379930572424702,Low,808,True
CAND_04636,Al26.08Cu31.60Ni13.77Ti16.56W11.99,5,26.08,0.0,0.0,31.6,0.0,0.0,0.0,0.0,13.77,16.56,0.0,11.99,100.0,True,997.84607,1375.21,49.480133,396.09366666666665,1.3781785009337129,True,0.53417295,0.6319435806437915,0.5413228202430729,0.4131016319717019,0.5471309097022031,False,775,1581.0852,182.05055,1305.8726,1890.2153,583.239135078125,0.5341729757647486,0.6319435806437915,0.5413228202430729,0.41310163197170197,1.0,0.0,0.5474884090030017,0.43799072720240134,Low,809,True
CAND_02118,Al31.17Cr5.30Nb9.14Ni19.89V34.50,5,31.17,0.0,5.3,0.0,0.0,0.0,0.0,9.14,19.89,0.0,34.5,0.0,100.0,True,1207.578,1007.14923,53.406876,463.99343333333337,0.8340241603909394,False,0.70908344,0.3428970296315758,0.6115551750601911,0.5586049774172603,0.5522736925639236,False,718,1581.0852,182.05055,1305.8726,1890.2153,373.507205078125,0.7090834124459476,0.34289702963157587,0.6115551750601911,0.5586049774172603,1.0,0.0,0.547397261131606,0.43791780890528487,Low,810,True
CAND_00904,Cr25.19Nb25.75Ti21.91W27.15,4,0.0,0.0,25.19,0.0,0.0,0.0,0.0,25.75,0.0,21.91,0.0,27.15,100.0,True,910.37177,1547.9303,50.267754,312.685,1.7003276675299055,True,0.46122196,0.7675847874064552,0.5554099345598013,0.2343640510499204,0.5426491224299965,False,836,1581.0852,182.05055,1305.8726,1890.2153,670.713435078125,0.4612219090798513,0.7675847874064552,0.5554099345598013,0.23436405104992047,1.0,0.0,0.5473585015173277,0.43788680121386214,Low,811,True
CAND_02112,Al19.81Co23.13Cu29.79Mo9.80Ni17.47,5,19.81,23.13,0.0,29.79,0.0,0.0,9.8,0.0,17.47,0.0,0.0,0.0,100.0,True,908.05786,1318.7344,59.653847,325.45273333333336,1.4522581171988531,True,0.45929217,0.5875919987125102,0.7232863180976264,0.2617242027110715,0.5341454645407387,False,950,1581.0852,182.05055,1305.8726,1890.2153,673.027345078125,0.45929217425816266,0.5875919987125102,0.7232863180976264,0.26172420271107155,1.0,0.0,0.5473451690142425,0.437876135211394,Low,812,True
CAND_03502,Cr25.77Mn9.14Nb34.99Ni11.15W18.95,5,0.0,0.0,25.77,0.0,0.0,9.14,0.0,34.99,11.15,0.0,0.0,18.95,100.0,True,820.93304,1472.2754,58.049397,296.107,1.7934171489171844,True,0.3866326,0.7081712619927739,0.6945896853701152,0.198838826454699,0.5319144058247073,False,975,1581.0852,182.05055,1305.8726,1890.2153,760.152165078125,0.3866325639071261,0.7081712619927739,0.6945896853701152,0.19883882645469908,1.0,0.0,0.5473122491538531,0.43784979932308254,Low,813,True
CAND_04773,Co35.60Mo13.01Ni32.68Ti18.71,4,0.0,35.6,0.0,0.0,0.0,0.0,13.01,0.0,32.68,18.71,0.0,0.0,100.0,True,895.4192,1269.7031,64.84773,282.68480000000005,1.417998536278263,True,0.4487519,0.5490865960404318,0.8161822967075325,0.1700762091569563,0.5289085533484951,False,1017,1581.0852,182.05055,1305.8726,1890.2153,685.666005078125,0.4487518929587667,0.5490865960404318,0.8161822967075325,0.1700762091569563,1.0,0.0,0.5472800724376243,0.4378240579500995,Low,814,True
CAND_03848,Co29.47Cr25.41Nb9.16V15.35W20.61,5,0.0,29.47,25.41,0.0,0.0,0.0,0.0,9.16,0.0,0.0,15.35,20.61,100.0,True,1046.2958,1239.8368,58.54092,311.4476,1.1849773534447403,True,0.57457864,0.5256319067332934,0.7033808942006332,0.231712409542252,0.5406652498550303,False,858,1581.0852,182.05055,1305.8726,1890.2153,534.7894050781249,0.574578666168619,0.5256319067332934,0.7033808942006332,0.2317124095422521,1.0,0.0,0.5471053682536705,0.43768429460293645,Low,815,True
CAND_02069,Al33.11Cu10.12Nb42.44V14.33,4,33.11,0.0,0.0,10.12,0.0,0.0,0.0,42.44,0.0,0.0,14.33,0.0,100.0,True,1160.6469,1014.0049,50.812897,531.6247333333334,0.8736549791076353,False,0.66994417,0.3482809442725682,0.5651601719962895,0.7035330219441515,0.5522875356740738,True,110,1581.0852,182.05055,1305.8726,1890.2153,420.43830507812504,0.6699442160683191,0.3482809442725682,0.5651601719962895,0.7035330219441515,1.0,0.0,0.5470483421893598,0.4376386737514879,Low,816,True
CAND_04924,Al18.86Co23.23Cu15.24Mn21.81Ni6.92Ti13.94,6,18.86,23.23,0.0,15.24,0.0,21.81,0.0,0.0,6.92,13.94,0.0,0.0,100.0,True,873.105,1421.847,55.17585,345.9286,1.6284948909999837,True,0.43014246,0.6685686846980939,0.6431944266308329,0.3056022194872292,0.5362522896267564,False,917,1581.0852,182.05055,1305.8726,1890.2153,707.980205078125,0.4301424877709557,0.6685686846980939,0.6431944266308329,0.3056022194872292,1.0,0.0,0.5469048882645013,0.4375239106116011,Low,817,True
CAND_02519,Al15.16Co11.21Cu35.96Fe12.27Ti25.40,5,15.16,11.21,0.0,35.96,12.27,0.0,0.0,0.0,0.0,25.4,0.0,0.0,100.0,True,991.8306,1417.7506,51.47322,333.696,1.429428130947444,True,0.5291563,0.6653516879734325,0.5769704787135624,0.2793888124186138,0.5445033461074983,False,808,1581.0852,182.05055,1305.8726,1890.2153,589.254605078125,0.5291562456724701,0.6653516879734325,0.5769704787135624,0.27938881241861385,1.0,0.0,0.546894033287008,0.43751522662960646,Low,818,True
CAND_00007,Cr43.15Mo24.06Nb9.18V23.61,4,0.0,0.0,43.15,0.0,0.0,0.0,24.06,9.18,0.0,0.0,23.61,0.0,100.0,True,1397.2544,1238.8632,45.01543,309.534,0.8866411190752511,False,0.86726815,0.5248673163585422,0.4614687006205123,0.2276117297385715,0.5671495730487908,False,576,1581.0852,182.05055,1305.8726,1890.2153,183.83080507812497,0.8672681101794677,0.5248673163585422,0.4614687006205123,0.22761172973857152,1.0,0.0,0.546859592099369,0.4374876736794952,Low,819,True
CAND_00212,Co40.35Mn6.11Nb44.62Ni8.92,4,0.0,40.35,0.0,0.0,0.0,6.11,0.0,44.62,8.92,0.0,0.0,0.0,100.0,True,809.8866,1466.0548,57.266243,319.155,1.810197632619705,True,0.37742016,0.7032860823654352,0.6805824662563497,0.2482287031871554,0.5315917954001487,False,982,1581.0852,182.05055,1305.8726,1890.2153,771.198605078125,0.37742014859119083,0.7032860823654352,0.6805824662563497,0.24822870318715548,1.0,0.0,0.5467499072124065,0.4373999257699252,Low,820,True
CAND_03036,Al24.63Cu21.54Fe27.42Mo6.68Nb19.73,5,24.63,0.0,0.0,21.54,27.42,0.0,6.68,19.73,0.0,0.0,0.0,0.0,100.0,True,1123.6202,1467.2523,43.388176,345.82769999999994,1.3058258019356856,True,0.639065,0.7042265065373381,0.4323642035078734,0.305385999487129,0.5568864198730173,False,671,1581.0852,182.05055,1305.8726,1890.2153,457.46500507812493,0.6390650062795963,0.7042265065373381,0.4323642035078734,0.305385999487129,1.0,0.0,0.5465513645065319,0.4372410916052255,Low,821,True
CAND_03539,Cr30.94Mn9.23Mo27.33Ti13.71W18.79,5,0.0,0.0,30.94,0.0,0.0,9.23,27.33,0.0,0.0,13.71,0.0,18.79,100.0,True,1013.6553,1427.9237,51.5578,309.407,1.4086876844803815,True,0.5473574,0.6733408563602246,0.5784832470741177,0.2273395796888916,0.5449312257074451,False,802,1581.0852,182.05055,1305.8726,1890.2153,567.429905078125,0.547357421847391,0.6733408563602246,0.5784832470741177,0.22733957968889162,1.0,0.0,0.5464875234454841,0.4371900187563873,Low,822,True
CAND_04778,Al17.64Co18.10Cr6.25Fe23.52Mo24.12Ti10.37,6,17.64,18.1,6.25,0.0,23.52,0.0,24.12,0.0,0.0,10.37,0.0,0.0,100.0,True,1176.1377,1363.1083,48.31009,305.4786666666667,1.1589699959729818,True,0.6828631,0.622439838513424,0.5203958395042556,0.218921500068216,0.5545280802603232,False,695,1581.0852,182.05055,1305.8726,1890.2153,404.947505078125,0.6828631006298693,0.622439838513424,0.5203958395042556,0.21892150006821604,1.0,0.0,0.5464047035730035,0.4371237628584028,Low,823,True
CAND_03673,Cr29.09Fe26.10Mo22.39V22.42,4,0.0,0.0,29.09,0.0,26.1,0.0,22.39,0.0,0.0,0.0,22.42,0.0,100.0,True,1459.6316,1150.6914,49.579,255.82700000000008,0.7883437207490451,False,0.91928893,0.4556239827467071,0.543091120899292,0.1125222595168586,0.5651250118408964,False,594,1581.0852,182.05055,1305.8726,1890.2153,121.45360507812507,0.9192889125959165,0.4556239827467071,0.543091120899292,0.11252225951685871,1.0,0.0,0.5463150981703077,0.43705207853624617,Low,824,True
CAND_02836,Al22.50Co10.05Nb15.43Ni24.39Ti22.45V5.18,6,22.5,10.05,0.0,0.0,0.0,0.0,0.0,15.43,24.39,22.45,5.18,0.0,100.0,True,1141.7184,1030.2915,60.73416,363.2057333333333,0.902404230875861,False,0.6541584,0.3610711842041848,0.7426084193733009,0.3426256265344155,0.5416148370484957,False,849,1581.0852,182.05055,1305.8726,1890.2153,439.366805078125,0.6541583879365699,0.3610711842041848,0.7426084193733009,0.34262562653441536,1.0,0.0,0.5460373220375505,0.43682985763004045,Low,825,True
CAND_03515,Co15.55Cr30.62Mo26.12Ni5.18Ti22.53,5,0.0,15.55,30.62,0.0,0.0,0.0,26.12,0.0,5.18,22.53,0.0,0.0,100.0,True,937.7906,1396.2894,55.523285,314.068,1.488913854865689,True,0.48408848,0.6484977161671369,0.6494085277818086,0.237327700803521,0.5377271549985875,False,895,1581.0852,182.05055,1305.8726,1890.2153,643.294605078125,0.48408842982653766,0.6484977161671369,0.6494085277818086,0.23732770080352109,1.0,0.0,0.5459931357618462,0.43679450860947694,Low,826,True
CAND_00457,Al20.08Cr34.26Cu27.39Mn18.27,4,20.08,0.0,34.26,27.39,0.0,18.27,0.0,0.0,0.0,0.0,0.0,0.0,100.0,True,738.8736,1607.379,52.704952,335.3163333333333,2.1754451753119706,True,0.31819734,0.8142712128496227,0.5990008073761711,0.2828610470419574,0.5319199306476411,False,973,1581.0852,182.05055,1305.8726,1890.2153,842.211605078125,0.3181973357365054,0.8142712128496227,0.5990008073761711,0.2828610470419574,1.0,0.0,0.5459600970581581,0.4367680776465265,Low,827,True
CAND_02819,Cr26.21Fe22.18Mn6.61Mo20.61Nb14.78W9.61,6,0.0,0.0,26.21,0.0,22.18,6.61,20.61,14.78,0.0,0.0,0.0,9.61,100.0,True,1050.7261,1378.6428,55.374832,255.65900000000005,1.312085836477473,True,0.5782734,0.6346394370924827,0.6467533492357042,0.1121622500023214,0.5423865365671308,False,839,1581.0852,182.05055,1305.8726,1890.2153,530.3591050781249,0.5782734097759882,0.6346394370924827,0.6467533492357042,0.11216225000232145,1.0,0.0,0.5458105258428013,0.4366484206742411,Low,828,True
CAND_03650,Al35.70Co8.97Fe37.91Mn10.67Nb6.75,5,35.7,8.97,0.0,0.0,37.91,10.67,0.0,6.75,0.0,0.0,0.0,0.0,100.0,True,828.66943,1535.1587,44.360146,468.6669999999999,1.852558617182689,True,0.39308453,0.7575549574658516,0.4497485196985674,0.5686200278150205,0.5429219821354861,False,830,1581.0852,182.05055,1305.8726,1890.2153,752.415775078125,0.39308449210535545,0.7575549574658516,0.44974851969856744,0.5686200278150205,1.0,0.0,0.5457551703479175,0.43660413627833405,Low,829,True
CAND_00122,Al32.76Cu30.75Fe23.84Nb12.65,4,32.76,0.0,0.0,30.75,23.84,0.0,0.0,12.65,0.0,0.0,0.0,0.0,100.0,True,1014.6396,1454.9307,42.326233,440.4068,1.4339384329807976,True,0.5481783,0.6945500719014159,0.4133706616408464,0.5080608558940485,0.5523703218344703,False,716,1581.0852,182.05055,1305.8726,1890.2153,566.445605078125,0.5481782999217275,0.6945500719014159,0.41337066164084646,0.5080608558940485,1.0,0.0,0.5456299234272179,0.4365039387417744,Low,830,True
CAND_00885,Cr31.94Mo31.33Ti19.56W17.17,4,0.0,0.0,31.94,0.0,0.0,0.0,31.33,0.0,0.0,19.56,0.0,17.17,100.0,True,1018.1668,1398.6906,52.565998,307.831,1.3737342324692798,True,0.5511199,0.6503834335129179,0.5965155246288008,0.2239623475763287,0.5431742463854735,False,828,1581.0852,182.05055,1305.8726,1890.2153,562.918405078125,0.5511198839345286,0.6503834335129179,0.5965155246288008,0.2239623475763287,1.0,0.0,0.5454440105625971,0.4363552084500777,Low,831,True
CAND_02438,Cr24.03Cu5.78Nb17.00Ni37.56V15.63,5,0.0,0.0,24.03,5.78,0.0,0.0,0.0,17.0,37.56,0.0,15.63,0.0,100.0,True,1262.4005,1044.8726,60.866734,270.1202,0.8276870846393468,False,0.75480384,0.372522055931058,0.7449795916673685,0.1431513547143744,0.5459153777477143,False,788,1581.0852,182.05055,1305.8726,1890.2153,318.68470507812503,0.7548038109325063,0.372522055931058,0.7449795916673685,0.14315135471437448,1.0,0.0,0.5454241502198107,0.4363393201758486,Low,832,True
CAND_00642,Al9.29Cr33.94Mn15.59Mo17.13Nb5.83Ti18.22,6,9.29,0.0,33.94,0.0,0.0,15.59,17.13,5.83,0.0,18.22,0.0,0.0,100.0,True,1121.1617,1408.0376,47.153667,323.957,1.2558737475525494,True,0.63701475,0.6577238466526047,0.4997124613318933,0.2585189751443429,0.5521275425804248,False,721,1581.0852,182.05055,1305.8726,1890.2153,459.9235050781249,0.6370146875294627,0.6577238466526047,0.4997124613318933,0.25851897514434297,1.0,0.0,0.5452624105493665,0.43620992843949324,Low,833,True
CAND_00182,Al22.36Cu30.72Ni20.07Ti26.85,4,22.36,0.0,0.0,30.72,0.0,0.0,0.0,0.0,20.07,26.85,0.0,0.0,100.0,True,1010.2226,1377.0524,52.448624,330.0271333333333,1.3631177985156258,True,0.5444947,0.633390459553448,0.5944162142297488,0.2715267474926122,0.5426986101006318,False,834,1581.0852,182.05055,1305.8726,1890.2153,570.862605078125,0.5444946481343204,0.633390459553448,0.5944162142297488,0.2715267474926122,1.0,0.0,0.5451946762924309,0.4361557410339447,Low,834,True
CAND_02338,Al21.36Co29.44Cu12.55Ti36.65,4,21.36,29.44,0.0,12.55,0.0,0.0,0.0,0.0,0.0,36.65,0.0,0.0,100.0,True,915.60004,1261.054,57.5598,391.0642,1.3772978916140726,True,0.4655822,0.5422942597521614,0.6858329243033999,0.4023239185607046,0.5341697603293053,False,948,1581.0852,182.05055,1305.8726,1890.2153,665.485165078125,0.46558213686580274,0.5422942597521614,0.6858329243033999,0.40232391856070476,1.0,0.0,0.5451822772172248,0.43614582177377986,Low,835,True
CAND_00376,Al25.42Cr14.84Mo21.25Ti9.83W28.66,5,25.42,0.0,14.84,0.0,0.0,0.0,21.25,0.0,0.0,9.83,0.0,28.66,100.0,True,1082.1702,1361.6099,44.537987,426.6285333333333,1.2582216205545813,True,0.6044969,0.621263110681124,0.4529293217559038,0.4785352184307727,0.5527406152880102,False,711,1581.0852,182.05055,1305.8726,1890.2153,498.915005078125,0.6044968906834841,0.621263110681124,0.4529293217559038,0.4785352184307726,1.0,0.0,0.5451622351665952,0.4361297881332762,Low,836,True
CAND_00719,Al18.11Cr10.73Cu20.24Fe14.86Ti28.69W7.37,6,18.11,0.0,10.73,20.24,14.86,0.0,0.0,0.0,0.0,28.69,0.0,7.37,100.0,True,1223.9186,1439.6239,41.0203,336.1913333333333,1.1762415609842116,True,0.722711,0.6825292913465262,0.3900131997892855,0.2847360965968384,0.5617858128216018,False,620,1581.0852,182.05055,1305.8726,1890.2153,357.16660507812503,0.722711005925075,0.6825292913465262,0.39001319978928556,0.28473609659683846,1.0,0.0,0.545150913311538,0.4361207306492304,Low,837,True
CAND_00127,Al33.10Mn26.27Nb5.42Ni35.21,4,33.1,0.0,0.0,0.0,0.0,26.27,0.0,5.42,35.21,0.0,0.0,0.0,100.0,True,707.90704,1511.1782,51.61035,441.6356,2.1347127620319064,True,0.29237214,0.7387225216793687,0.579423138033531,0.5106940683432347,0.5307882984165793,False,992,1581.0852,182.05055,1305.8726,1890.2153,873.178165078125,0.29237210954364795,0.7387225216793687,0.579423138033531,0.5106940683432347,1.0,0.0,0.545140835551267,0.43611266844101365,Low,838,True
CAND_04776,Al17.71Cu6.72Fe26.57Mn9.65Ti22.60W16.75,6,17.71,0.0,0.0,6.72,26.57,9.65,0.0,0.0,0.0,22.6,0.0,16.75,100.0,True,1134.1743,1457.4679,46.510445,289.62800000000004,1.2850475265725816,True,0.64786685,0.6965425931615009,0.4882080171321643,0.184954888093471,0.5531180779254848,False,709,1581.0852,182.05055,1305.8726,1890.2153,446.9109050781251,0.6478668241037923,0.6965425931615009,0.4882080171321643,0.184954888093471,1.0,0.0,0.5451351223280683,0.43610809786245464,Low,839,True
CAND_01911,Al33.14Cu14.60Mo9.32Ni17.58W25.36,5,33.14,0.0,0.0,14.6,0.0,0.0,9.32,0.0,17.58,0.0,0.0,25.36,100.0,True,847.55005,1378.0051,50.1426,472.78626666666673,1.625868704633213,True,0.4088304,0.6341386366796039,0.5531714737960637,0.5774472611061864,0.5378006743736582,False,894,1581.0852,182.05055,1305.8726,1890.2153,733.535155078125,0.40883038968524127,0.6341386366796039,0.5531714737960637,0.5774472611061864,1.0,0.0,0.5450177197299385,0.43601417578395085,Low,840,True
CAND_03827,Co42.28Cr6.35Cu24.40Mo15.02W11.95,5,0.0,42.28,6.35,24.4,0.0,0.0,15.02,0.0,0.0,0.0,0.0,11.95,100.0,True,753.5939,1451.9031,59.628067,320.9667333333333,1.926638676096524,True,0.33047363,0.6921724282915181,0.7228252260151588,0.2521110915074182,0.5253167956540605,False,1080,1581.0852,182.05055,1305.8726,1890.2153,827.491305078125,0.3304736453145379,0.6921724282915181,0.7228252260151588,0.25211109150741823,1.0,0.0,0.5449343713467502,0.43594749707740016,Low,841,True
CAND_02139,Al15.15Co15.42Cr12.61Fe17.18W39.64,5,15.15,15.42,12.61,0.0,17.18,0.0,0.0,0.0,0.0,0.0,0.0,39.64,100.0,True,844.77997,1602.3163,47.972725,346.036,1.89672620113974,True,0.40652025,0.8102953586073748,0.5143618468587279,0.3058323684268797,0.5395100047592143,False,871,1581.0852,182.05055,1305.8726,1890.2153,736.305235078125,0.4065202221182816,0.8102953586073748,0.5143618468587279,0.3058323684268797,1.0,0.0,0.5449020724334332,0.43592165794674664,Low,842,True
CAND_01969,Al21.73Co7.33Cu33.93Nb22.97Ti14.04,5,21.73,7.33,0.0,33.93,0.0,0.0,0.0,22.97,0.0,14.04,0.0,0.0,100.0,True,1091.2377,1370.9207,47.5542,362.532,1.2562989132067754,True,0.61205894,0.6285750951318563,0.5068762547790236,0.3411818740923866,0.5500865546130481,False,740,1581.0852,182.05055,1305.8726,1890.2153,489.8475050781251,0.6120589265862041,0.6285750951318563,0.5068762547790236,0.3411818740923866,1.0,0.0,0.5448274177336729,0.43586193418693836,Low,843,True
CAND_01100,Al15.24Co19.37Fe21.57Mn7.45Ti19.05W17.32,6,15.24,19.37,0.0,0.0,21.57,7.45,0.0,0.0,0.0,19.05,0.0,17.32,100.0,True,889.3388,1585.8374,50.04609,293.9186666666667,1.7831645139392984,True,0.44368106,0.7973541010822243,0.5514453296192229,0.1941494168060155,0.5392942995911956,False,875,1581.0852,182.05055,1305.8726,1890.2153,691.746405078125,0.4436810131018161,0.7973541010822243,0.5514453296192229,0.19414941680601552,1.0,0.0,0.5446824950067904,0.4357459960054324,Low,844,True
CAND_01159,Al16.42Co20.89Ni13.78Ti7.26W41.65,5,16.42,20.89,0.0,0.0,0.0,0.0,0.0,0.0,13.78,7.26,0.0,41.65,100.0,True,774.9531,1579.3453,51.493324,348.5606,2.0379881686392323,True,0.34828666,0.7922557062877278,0.5773300518410229,0.3112423685483114,0.5331815836469254,False,960,1581.0852,182.05055,1305.8726,1890.2153,806.132105078125,0.34828660779078585,0.7922557062877278,0.5773300518410229,0.31124236854831155,1.0,0.0,0.5446337346685683,0.4357069877348547,Low,845,True
CAND_03815,Cr13.05Mo7.88Ni44.81Ti28.63W5.63,5,0.0,0.0,13.05,0.0,0.0,0.0,7.88,0.0,44.81,28.63,0.0,5.63,100.0,True,1107.7864,1416.144,50.287483,272.1344,1.2783547707952387,True,0.62586004,0.6640899882034291,0.5557628005681413,0.1474676116440219,0.5480458519557387,False,757,1581.0852,182.05055,1305.8726,1890.2153,473.29880507812504,0.625860069519024,0.6640899882034291,0.5557628005681413,0.14746761164402195,1.0,0.0,0.5445409957578304,0.43563279660626436,Low,846,True
CAND_04294,Co27.73Fe35.42Mo11.23Nb15.44Ni10.18,5,0.0,27.73,0.0,0.0,35.42,0.0,11.23,15.44,10.18,0.0,0.0,0.0,100.0,True,894.87396,1479.2955,56.46205,260.8643333333334,1.653076927200721,True,0.44829723,0.713684307278097,0.6661989509314498,0.123316830516235,0.5336417331512585,False,956,1581.0852,182.05055,1305.8726,1890.2153,686.211245078125,0.44829717837860694,0.713684307278097,0.6661989509314498,0.12331683051623503,1.0,0.0,0.544536796634951,0.43562943730796083,Low,847,True
CAND_03793,Cr21.17Fe11.55Mn11.03Mo15.79Nb21.07Ti19.39,6,0.0,0.0,21.17,0.0,11.55,11.03,15.79,21.07,0.0,19.39,0.0,0.0,100.0,True,1132.7339,1469.4297,44.47071,313.903,1.29724175927726,True,0.6466656,0.7059364686182573,0.4517260288143918,0.236974120030315,0.554258243690122,False,697,1581.0852,182.05055,1305.8726,1890.2153,448.35130507812505,0.6466655716621845,0.7059364686182573,0.45172602881439183,0.236974120030315,1.0,0.0,0.544511260149888,0.43560900811991043,Low,848,True
CAND_00680,Cr25.83Fe17.26Ti23.06W33.85,4,0.0,0.0,25.83,0.0,17.26,0.0,0.0,0.0,0.0,23.06,0.0,33.85,100.0,True,930.0842,1599.9564,48.410007,282.971,1.7202274277389509,True,0.47766155,0.8084420750973346,0.522182920094012,0.1706895110799355,0.5419802561491267,False,843,1581.0852,182.05055,1305.8726,1890.2153,651.001005078125,0.4776615124313656,0.8084420750973346,0.522182920094012,0.17068951107993557,1.0,0.0,0.5442063033272356,0.43536504266178855,Low,849,True
CAND_03109,Co31.36Cr21.06V39.52W8.06,4,0.0,31.36,21.06,0.0,0.0,0.0,0.0,0.0,0.0,0.0,39.52,8.06,100.0,True,1053.7928,1184.8479,60.15446,310.7626,1.1243651005349329,True,0.580831,0.4824478643563901,0.7322401074956242,0.2302445136050022,0.5365803695427175,False,910,1581.0852,182.05055,1305.8726,1890.2153,527.2924050781251,0.5808309499472449,0.4824478643563901,0.7322401074956242,0.23024451360500234,1.0,0.0,0.5441508060831659,0.43532064486653277,Low,850,True
CAND_04568,Cr26.80Cu10.92Mn33.71Ti8.11W20.46,5,0.0,0.0,26.8,10.92,0.0,33.71,0.0,0.0,0.0,8.11,0.0,20.46,100.0,True,806.92224,1597.3676,53.43582,280.22333333333336,1.9795805821424028,True,0.37494797,0.8064090311756463,0.6120728573423843,0.1648014983253128,0.5321455439410846,False,971,1581.0852,182.05055,1305.8726,1890.2153,774.162965078125,0.37494795705564216,0.8064090311756463,0.6120728573423843,0.1648014983253128,1.0,0.0,0.5440017805681165,0.4352014244544933,Low,851,True
CAND_00577,Al9.37Cr27.03Cu5.62Fe21.56Ti24.21W12.21,6,9.37,0.0,27.03,5.62,21.56,0.0,0.0,0.0,0.0,24.21,0.0,12.21,100.0,True,1081.011,1446.7695,50.019684,269.776,1.3383485628709924,True,0.60353017,0.6881408946557105,0.5509730411192368,0.1424137637923286,0.5466066557262981,False,779,1581.0852,182.05055,1305.8726,1890.2153,500.07420507812503,0.603530151006789,0.6881408946557105,0.5509730411192368,0.14241376379232867,1.0,0.0,0.5439787830530307,0.43518302644242457,Low,852,True
CAND_00125,Al38.90Cr11.56Cu17.88Mn10.80Mo14.42Ti6.44,6,38.9,0.0,11.56,17.88,0.0,10.8,14.42,0.0,0.0,6.44,0.0,0.0,100.0,True,938.3349,1312.0768,43.923363,562.7834,1.3983033138131735,True,0.4845424,0.5823636329781807,0.4419363714031263,0.770303358017319,0.5461014063402891,False,785,1581.0852,182.05055,1305.8726,1890.2153,642.750305078125,0.4845423604735573,0.5823636329781807,0.4419363714031263,0.770303358017319,1.0,0.0,0.5439710951353793,0.43517687610830347,Low,853,True
CAND_03828,Al37.95Cu16.04Fe8.45Ti37.56,4,37.95,0.0,0.0,16.04,8.45,0.0,0.0,0.0,0.0,37.56,0.0,0.0,100.0,True,977.2797,1230.8828,46.78975,548.865,1.259498963929679,True,0.5170213,0.5186001254930287,0.4932035688813353,0.7404774269034252,0.5450589393867732,False,799,1581.0852,182.05055,1305.8726,1890.2153,603.805505078125,0.5170212108539546,0.5186001254930287,0.4932035688813353,0.7404774269034252,1.0,0.0,0.5438680250613116,0.4350944200490493,Low,854,True
CAND_01694,Al9.76Co38.01Cr8.75Mo8.01Nb11.55Ni23.92,6,9.76,38.01,8.75,0.0,0.0,0.0,8.01,11.55,23.92,0.0,0.0,0.0,100.0,True,995.9826,1425.5308,51.45891,316.11240000000004,1.4312808204395846,True,0.53261894,0.6714616571945076,0.5767145350479259,0.2417086737292342,0.5416591199031503,False,846,1581.0852,182.05055,1305.8726,1890.2153,585.102605078125,0.5326188950320614,0.6714616571945076,0.5767145350479259,0.24170867372923424,1.0,0.0,0.5438638824901305,0.43509110599210443,Low,855,True
CAND_00465,Co12.67Cr26.87Cu6.85Mn9.93Ni28.53Ti15.15,6,0.0,12.67,26.87,6.85,0.0,9.93,0.0,0.0,28.53,15.15,0.0,0.0,100.0,True,1128.2019,1289.832,54.712723,275.2934,1.1432634487564148,True,0.64288604,0.5648942821479999,0.6349110987457669,0.1542370762655869,0.5441974395096172,False,813,1581.0852,182.05055,1305.8726,1890.2153,452.883305078125,0.6428860131608196,0.5648942821479999,0.6349110987457669,0.15423707626558694,1.0,0.0,0.543798678998173,0.4350389431985384,Low,856,True
CAND_01733,Al22.16Fe13.48Mn14.27Nb24.40W25.69,5,22.16,0.0,0.0,0.0,13.48,14.27,0.0,24.4,0.0,0.0,0.0,25.69,100.0,True,964.96606,1499.0488,45.35074,383.8427,1.553473075604535,True,0.506752,0.7291970261046907,0.4674659382532598,0.386848866720049,0.5456785326112408,False,794,1581.0852,182.05055,1305.8726,1890.2153,616.119145078125,0.5067519869473464,0.7291970261046907,0.4674659382532598,0.38684886672004887,1.0,0.0,0.543714216052229,0.4349713728417832,Low,857,True
CAND_00645,Al16.84Cr12.71Fe25.08Nb22.52Ti22.85,5,16.84,0.0,12.71,0.0,25.08,0.0,0.0,22.52,0.0,22.85,0.0,0.0,100.0,True,1275.8934,1409.872,43.00036,286.70700000000005,1.1050076471574808,True,0.76605654,0.6591644429790668,0.425427861884356,0.1786954369508336,0.5607275871168153,False,634,1581.0852,182.05055,1305.8726,1890.2153,305.19180507812507,0.7660565039826096,0.6591644429790668,0.425427861884356,0.17869543695083367,1.0,0.0,0.5436961329973043,0.4349569063978435,Low,858,True
CAND_02004,Al17.36Cu8.57Mn37.22Mo8.63W28.22,5,17.36,0.0,0.0,8.57,0.0,37.22,8.63,0.0,0.0,0.0,0.0,28.22,100.0,True,843.9568,1546.0818,51.651527,321.4863333333334,1.8319442696769628,True,0.40583372,0.766133118027113,0.5801596154842592,0.2532245495059512,0.5346136455039386,False,940,1581.0852,182.05055,1305.8726,1890.2153,737.128405078125,0.4058337218597713,0.766133118027113,0.5801596154842592,0.25322454950595125,1.0,0.0,0.5433299329442471,0.43466394635539773,Low,859,True
CAND_04680,Al36.32Co6.06Cu25.88Ni6.70W25.04,5,36.32,6.06,0.0,25.88,0.0,0.0,0.0,0.0,6.7,0.0,0.0,25.04,100.0,True,708.74146,1472.5143,47.74105,528.2944,2.077646636089156,True,0.293068,0.7083588756334149,0.5102181886661098,0.6963964047621257,0.5324420680909361,False,968,1581.0852,182.05055,1305.8726,1890.2153,872.343745078125,0.2930679919806975,0.7083588756334149,0.5102181886661098,0.6963964047621257,1.0,0.0,0.5432995779993507,0.4346396623994806,Low,860,True
CAND_02263,Al33.95Cu7.88Fe14.84Mn43.33,4,33.95,0.0,0.0,7.88,14.84,43.33,0.0,0.0,0.0,0.0,0.0,0.0,100.0,True,732.8722,1523.4017,48.729664,458.48606666666666,2.0786730835657874,True,0.31319234,0.74832191613887,0.5279001936318461,0.5468031655122313,0.5324498053623382,False,967,1581.0852,182.05055,1305.8726,1890.2153,848.213005078125,0.31319233962218673,0.74832191613887,0.5279001936318461,0.5468031655122313,1.0,0.0,0.5431851926635962,0.434548154130877,Low,861,True
CAND_03888,Co40.53Mo23.00Ni7.56Ti5.24W23.67,5,0.0,40.53,0.0,0.0,0.0,0.0,23.0,0.0,7.56,5.24,0.0,23.67,100.0,True,834.13464,1460.159,55.729546,321.9664,1.7505075604790763,True,0.39764234,0.6986559756157869,0.6530976400402206,0.2542532909798329,0.5303019025929105,False,998,1581.0852,182.05055,1305.8726,1890.2153,746.950565078125,0.397642321080917,0.6986559756157869,0.6530976400402206,0.25425329097983296,1.0,0.0,0.5430746586140064,0.43445972689120516,Low,862,True
CAND_01950,Co33.63Cu10.77Mo5.32Nb15.96V9.09W25.23,6,0.0,33.63,0.0,10.77,0.0,0.0,5.32,15.96,0.0,0.0,9.09,25.23,100.0,True,939.0539,1168.8265,64.55606,319.903,1.244685217126119,True,0.48514202,0.4698658920576658,0.8109655888838964,0.2498316026923568,0.526718511953515,False,1053,1581.0852,182.05055,1305.8726,1890.2153,642.031305078125,0.4851419859286503,0.4698658920576658,0.8109655888838964,0.2498316026923568,1.0,0.0,0.5430096811684848,0.43440774493478784,Low,863,True
CAND_02738,Al11.57Co40.35Mo17.98Nb30.10,4,11.57,40.35,0.0,0.0,0.0,0.0,17.98,30.1,0.0,0.0,0.0,0.0,100.0,True,819.0206,1379.0295,56.672104,375.2854,1.6837542910211127,True,0.3850377,0.6349431214576391,0.6699559034640588,0.3685113106560673,0.5287599219825042,False,1021,1581.0852,182.05055,1305.8726,1890.2153,762.064605078125,0.3850376435937212,0.6349431214576391,0.6699559034640588,0.3685113106560672,1.0,0.0,0.5430058149733497,0.4344046519786797,Low,864,True
CAND_02404,Al17.84Cr6.54Fe24.73Nb26.14Ni24.75,5,17.84,0.0,6.54,0.0,24.73,0.0,0.0,26.14,24.75,0.0,0.0,0.0,100.0,True,1106.2397,1345.4088,53.82765,260.7803333333334,1.2162000188031403,True,0.6245702,0.6085400158573969,0.619080991968967,0.1231368257589664,0.5431738368654955,False,829,1581.0852,182.05055,1305.8726,1890.2153,474.8455050781249,0.6245701659148623,0.6085400158573969,0.619080991968967,0.12313682575896644,1.0,0.0,0.5428993676904696,0.43431949415237575,Low,865,True
CAND_02794,Co8.21Cr21.32Mn17.24Ni22.35Ti10.88W20.00,6,0.0,8.21,21.32,0.0,0.0,17.24,0.0,0.0,22.35,10.88,0.0,20.0,100.0,True,1032.9203,1513.4868,48.483,274.3132,1.4652503367947014,True,0.5634239,0.7405355181246752,0.5234884474165706,0.1521365921813646,0.5448804206971877,False,803,1581.0852,182.05055,1305.8726,1890.2153,548.164905078125,0.5634238813638951,0.7405355181246752,0.5234884474165706,0.15213659218136466,1.0,0.0,0.5428836488305522,0.43430691906444174,Low,866,True
CAND_03692,Al22.64Cr10.71Cu14.07Mn34.87Nb17.71,5,22.64,0.0,10.71,14.07,0.0,34.87,0.0,17.71,0.0,0.0,0.0,0.0,100.0,True,1008.6503,1500.7614,44.93895,358.4690333333333,1.487890655436823,True,0.54318345,0.730541970102019,0.4601008060329588,0.3324752868468665,0.5470141312659487,False,776,1581.0852,182.05055,1305.8726,1890.2153,572.434905078125,0.5431833948616601,0.730541970102019,0.46010080603295883,0.3324752868468665,1.0,0.0,0.5428599745829383,0.4342879796663507,Low,867,True
CAND_00430,Al15.47Mn29.46Nb35.78Ti19.29,4,15.47,0.0,0.0,0.0,0.0,29.46,0.0,35.78,0.0,19.29,0.0,0.0,100.0,True,1011.2765,1474.4065,48.292725,320.03766666666667,1.4579657647159223,True,0.54537356,0.7098448636234561,0.5200852551748509,0.2501201817476604,0.5441048678423309,False,816,1581.0852,182.05055,1305.8726,1890.2153,569.808705078125,0.5453735706198872,0.7098448636234561,0.5200852551748509,0.2501201817476604,1.0,0.0,0.542840455556613,0.4342723644452904,Low,868,True
CAND_04524,Co20.71Cr23.13Fe14.38Nb13.56Ni14.78W13.44,6,0.0,20.71,23.13,0.0,14.38,0.0,0.0,13.56,14.78,0.0,0.0,13.44,100.0,True,813.39026,1599.5817,52.798122,281.391,1.9665611712407065,True,0.38034213,0.8081478146069698,0.6006672134787123,0.1673037073122646,0.5318093431065166,False,976,1581.0852,182.05055,1305.8726,1890.2153,767.694945078125,0.3803421009166305,0.8081478146069698,0.6006672134787123,0.1673037073122646,1.0,0.0,0.5428255897517019,0.43426047180136157,Low,869,True
CAND_00274,Al29.57Cr10.71Nb24.26V35.46,4,29.57,0.0,10.71,0.0,0.0,0.0,0.0,24.26,0.0,0.0,35.46,0.0,100.0,True,1172.5056,1096.7545,48.077843,495.6663333333333,0.9353938145368856,False,0.67983407,0.4132661000598596,0.5162419507192724,0.626477271185024,0.5509621346824448,False,735,1581.0852,182.05055,1305.8726,1890.2153,408.57960507812504,0.6798340330145101,0.41326610005985964,0.5162419507192724,0.626477271185024,1.0,0.0,0.5427825141651207,0.4342260113320966,Low,870,True
CAND_02336,Al14.60Co29.34Cr22.90Cu26.67Mn6.49,5,14.6,29.34,22.9,26.67,0.0,6.49,0.0,0.0,0.0,0.0,0.0,0.0,100.0,True,734.2408,1467.8789,57.598305,348.5656,1.9991791965303496,True,0.3143337,0.7047185898660346,0.6865216112946885,0.3112530831171964,0.5240340558694359,False,1097,1581.0852,182.05055,1305.8726,1890.2153,846.844405078125,0.3143337129154278,0.7047185898660346,0.6865216112946885,0.31125308311719657,1.0,0.0,0.5426434510446533,0.43411476083572265,Low,871,True
CAND_03721,Al30.46Nb13.31Ni20.04V16.38W19.81,5,30.46,0.0,0.0,0.0,0.0,0.0,0.0,13.31,20.04,0.0,16.38,19.81,100.0,True,1124.1825,1068.3428,53.926025,449.6677666666666,0.9503286207001768,False,0.63953394,0.3909537414420319,0.6208404928849003,0.5279063089524507,0.5435423760701504,False,823,1581.0852,182.05055,1305.8726,1890.2153,456.9027050781251,0.6395339484122787,0.39095374144203193,0.6208404928849003,0.5279063089524506,1.0,0.0,0.5426077037440169,0.4340861629952135,Low,872,True
CAND_01515,Cr33.63Fe24.73Nb15.28W26.36,4,0.0,0.0,33.63,0.0,24.73,0.0,0.0,15.28,0.0,0.0,0.0,26.36,100.0,True,997.77435,1388.6097,56.4412,254.87100000000007,1.3917071488025563,True,0.5341132,0.6424666718974407,0.6658260351083524,0.11047363394604,0.5360015298950134,False,923,1581.0852,182.05055,1305.8726,1890.2153,583.310855078125,0.5341131633340961,0.6424666718974407,0.6658260351083524,0.11047363394604001,1.0,0.0,0.5425871480271679,0.43406971842173436,Low,873,True
CAND_04385,Cr33.37Mo9.23Nb18.17Ti39.23,4,0.0,0.0,33.37,0.0,0.0,0.0,9.23,18.17,0.0,39.23,0.0,0.0,100.0,True,904.90717,1383.6849,57.287952,304.014,1.5290904445359803,True,0.45666462,0.6385991136830051,0.6809707458536455,0.2157828456894931,0.5311892458916618,False,986,1581.0852,182.05055,1305.8726,1890.2153,676.178035078125,0.45666458882685934,0.6385991136830051,0.6809707458536455,0.21578284568949313,1.0,0.0,0.542404531921134,0.4339236255369072,Low,874,True
CAND_04604,Al21.32Co19.54Ni9.00Ti13.82W36.32,5,21.32,19.54,0.0,0.0,0.0,0.0,0.0,0.0,9.0,13.82,0.0,36.32,100.0,True,943.8735,1432.1943,48.866707,383.2764,1.5173583528593342,True,0.48916143,0.676694656333943,0.5303512969001788,0.3856353346481299,0.5401899597999632,False,864,1581.0852,182.05055,1305.8726,1890.2153,637.211705078125,0.4891613946120526,0.676694656333943,0.5303512969001788,0.38563533464812993,1.0,0.0,0.5422494348204692,0.43379954785637537,Low,875,True
CAND_03142,Co39.54Cr13.72Mo14.77W31.97,4,0.0,39.54,13.72,0.0,0.0,0.0,14.77,0.0,0.0,0.0,0.0,31.97,100.0,True,750.76953,1474.4802,58.366993,318.8746,1.9639584967507295,True,0.32811823,0.7099027419211339,0.7002700965812633,0.2476278301640827,0.5236179976685782,False,1104,1581.0852,182.05055,1305.8726,1890.2153,830.315675078125,0.32811820143887593,0.7099027419211339,0.7002700965812633,0.24762783016408277,1.0,0.0,0.5422255764350505,0.4337804611480405,Low,876,True
CAND_01174,Al32.36Co11.48Cr14.75Ni6.83Ti20.64V13.94,6,32.36,11.48,14.75,0.0,0.0,0.0,0.0,0.0,6.83,20.64,13.94,0.0,100.0,True,1150.9758,1100.2576,47.61641,513.0173333333333,0.955934582853332,False,0.6618788,0.416017164708371,0.5079889211269799,0.6636589681298719,0.5499148751641719,False,742,1581.0852,182.05055,1305.8726,1890.2153,430.10940507812506,0.6618787950130343,0.416017164708371,0.5079889211269799,0.6636589681298719,1.0,0.0,0.5422203697233446,0.4337762957786757,Low,877,True
CAND_00769,Al31.13Cr12.33Mo37.09Nb19.45,4,31.13,0.0,12.33,0.0,0.0,0.0,37.09,19.45,0.0,0.0,0.0,0.0,100.0,True,936.8672,1330.68,46.443787,502.5043333333333,1.4203507367473045,True,0.48331833,0.5969731519382983,0.4870157954086139,0.6411305155921976,0.5420109823506281,False,842,1581.0852,182.05055,1305.8726,1890.2153,644.218005078125,0.4833183406120275,0.5969731519382983,0.4870157954086139,0.6411305155921976,1.0,0.0,0.5421958466959101,0.4337566773567281,Low,878,True
CAND_02763,Al20.09Fe16.95Mn12.71Nb21.30W28.95,5,20.09,0.0,0.0,0.0,16.95,12.71,0.0,21.3,0.0,0.0,0.0,28.95,100.0,True,975.46954,1524.1106,45.720467,347.411,1.5624379153844243,True,0.51551163,0.7488786315421785,0.4740787463360573,0.3087788748702643,0.5441535968668987,False,815,1581.0852,182.05055,1305.8726,1890.2153,605.615665078125,0.5155115891379725,0.7488786315421785,0.47407874633605734,0.30877887487026434,1.0,0.0,0.5420819418785036,0.4336655535028029,Low,879,True
CAND_03011,Al29.93Mn6.09Nb6.11Ti32.96W24.91,5,29.93,0.0,0.0,0.0,0.0,6.09,0.0,6.11,0.0,32.96,0.0,24.91,100.0,True,923.6293,1426.982,43.834282,483.5343333333333,1.5449726882279498,True,0.4722783,0.6726013177859608,0.4403430997274746,0.6004794412423756,0.543621575538257,False,822,1581.0852,182.05055,1305.8726,1890.2153,657.455905078125,0.47227831027548284,0.6726013177859608,0.4403430997274746,0.6004794412423754,1.0,0.0,0.5420248190092577,0.4336198552074062,Low,880,True
CAND_01669,Al17.44Co19.62Nb20.31Ti42.63,4,17.44,19.62,0.0,0.0,0.0,0.0,0.0,20.31,0.0,42.63,0.0,0.0,100.0,True,986.95215,1375.7655,50.854042,362.7976,1.3939535996532886,True,0.5250878,0.6323798275143484,0.5658960771061861,0.3417510319915596,0.5399769663904829,False,866,1581.0852,182.05055,1305.8726,1890.2153,594.133055078125,0.5250877577706643,0.6323798275143484,0.5658960771061861,0.34175103199155965,1.0,0.0,0.5420173656275603,0.4336138925020483,Low,881,True
CAND_01819,Al23.14Cr14.73Fe12.87Mn7.26Nb27.54V14.46,6,23.14,0.0,14.73,0.0,12.87,7.26,0.0,27.54,0.0,0.0,14.46,0.0,100.0,True,1384.6542,1154.7108,42.961784,398.4567,0.8339344372127271,False,0.8567599,0.4587805096081233,0.4247379050118474,0.4181654086572287,0.5635714240994494,True,102,1581.0852,182.05055,1305.8726,1890.2153,196.43100507812505,0.856759903421105,0.45878050960812333,0.4247379050118474,0.41816540865722873,1.0,0.0,0.5419703115398518,0.4335762492318814,Low,882,True
CAND_00282,Al38.32Cu13.70Fe16.79Ni31.19,4,38.32,0.0,0.0,13.7,16.79,0.0,0.0,0.0,31.19,0.0,0.0,0.0,100.0,True,711.4098,1502.4413,48.982674,479.6838,2.111921034875698,True,0.29529333,0.7318612340405404,0.5324254421882909,0.592228080313551,0.5300869421501395,False,1000,1581.0852,182.05055,1305.8726,1890.2153,869.675405078125,0.2952933112948044,0.7318612340405404,0.5324254421882909,0.592228080313551,1.0,0.0,0.5419435427393832,0.43355483419150653,Low,883,True
CAND_04833,Al15.35Co24.36Cu37.38Nb12.16W10.75,5,15.35,24.36,0.0,37.38,0.0,0.0,0.0,12.16,0.0,0.0,0.0,10.75,100.0,True,795.81146,1507.9541,53.997887,336.9882666666667,1.894863508811354,True,0.36568192,0.7361905621197599,0.6221257915361915,0.2864438560161946,0.52905977135511,False,1015,1581.0852,182.05055,1305.8726,1890.2153,785.273745078125,0.36568188401817603,0.7361905621197599,0.6221257915361915,0.2864438560161946,1.0,0.0,0.5418819555037586,0.4335055644030069,Low,884,True
CAND_03637,Al23.27Nb14.97Ni40.69V21.07,4,23.27,0.0,0.0,0.0,0.0,0.0,0.0,14.97,40.69,0.0,21.07,0.0,100.0,True,1101.0173,1089.912,59.345657,356.0381333333333,0.9899135702576208,False,0.6202149,0.407892528121451,0.7177741393196704,0.3272660777463402,0.5369656717623723,False,906,1581.0852,182.05055,1305.8726,1890.2153,480.067905078125,0.6202148335411798,0.407892528121451,0.7177741393196704,0.32726607774634026,1.0,0.0,0.5418436202795824,0.433474896223666,Low,885,True
CAND_02911,Al18.39Cr15.80Fe25.38Mn17.84Ti22.59,5,18.39,0.0,15.8,0.0,25.38,17.84,0.0,0.0,0.0,22.59,0.0,0.0,100.0,True,1229.8112,1516.6909,39.83653,285.27700000000004,1.2332713775506812,True,0.72762525,0.7430517712262983,0.3688407027193577,0.1756310702497137,0.5597579547510185,False,644,1581.0852,182.05055,1305.8726,1890.2153,351.2740050781249,0.7276252659482754,0.7430517712262983,0.3688407027193577,0.1756310702497137,1.0,0.0,0.5418187192082228,0.43345497536657823,Low,886,True
CAND_03346,Al27.54Cr30.73Cu26.02V15.71,4,27.54,0.0,30.73,26.02,0.0,0.0,0.0,0.0,0.0,0.0,15.71,0.0,100.0,True,1137.9125,1129.6771,49.45863,467.7520666666667,0.9927627337228228,False,0.65098435,0.4391209717441057,0.5409382250898803,0.5666594045699778,0.547265077442342,False,772,1581.0852,182.05055,1305.8726,1890.2153,443.1727050781251,0.6509843760874204,0.4391209717441057,0.5409382250898803,0.5666594045699778,1.0,0.0,0.5417627637575476,0.4334102110060381,Low,887,True
CAND_02491,Co33.51Cu17.57Mo6.82Nb24.79Ti17.31,5,0.0,33.51,0.0,17.57,0.0,0.0,6.82,24.79,0.0,17.31,0.0,0.0,100.0,True,910.89215,1463.8011,51.948563,328.432,1.6069971605174114,True,0.46165594,0.7015162001472998,0.5854722977110963,0.2681085142964491,0.5355359979724037,False,928,1581.0852,182.05055,1305.8726,1890.2153,670.193055078125,0.4616558911303678,0.7015162001472998,0.5854722977110963,0.26810851429644916,1.0,0.0,0.5417267992845781,0.4333814394276625,Low,888,True
CAND_00155,Cr37.34Mo20.87Nb19.12Ti14.72W7.95,5,0.0,0.0,37.34,0.0,0.0,0.0,20.87,19.12,0.0,14.72,0.0,7.95,100.0,True,1031.1531,1348.2947,53.531048,308.472,1.307560178170155,True,0.5619501,0.6108063792124651,0.6137760721146587,0.2253359553073901,0.5390713573131679,False,878,1581.0852,182.05055,1305.8726,1890.2153,549.932105078125,0.561950087060362,0.6108063792124651,0.6137760721146587,0.2253359553073901,1.0,0.0,0.5416626504593361,0.43333012036746893,Low,889,True
CAND_04972,Al16.61Cu12.34Fe20.62Mn9.78Ni20.65Ti20.00,6,16.61,0.0,0.0,12.34,20.62,9.78,0.0,0.0,20.65,20.0,0.0,0.0,100.0,True,1129.739,1450.0596,48.085182,260.79400000000004,1.2835350310573237,True,0.64416796,0.6907246855266725,0.5163732135118725,0.1231661122472522,0.548036028681247,False,758,1581.0852,182.05055,1305.8726,1890.2153,451.34620507812497,0.6441679106392945,0.6907246855266725,0.5163732135118725,0.1231661122472522,1.0,0.0,0.541646264208475,0.43331701136677997,Low,890,True
CAND_01688,Co9.75Cr36.73Fe19.24Mo10.49V14.72W9.07,6,0.0,9.75,36.73,0.0,19.24,0.0,10.49,0.0,0.0,0.0,14.72,9.07,100.0,True,1176.9229,1131.6083,60.47144,256.81533333333334,0.9614974324762752,False,0.68351793,0.4406375873272193,0.7379095011457638,0.1146401726331337,0.538920063207595,False,880,1581.0852,182.05055,1305.8726,1890.2153,404.162305078125,0.683517934993345,0.4406375873272193,0.7379095011457638,0.11464017263313375,1.0,0.0,0.5416396361852012,0.43331170894816096,Low,891,True
CAND_04647,Co39.67Cr13.63Mn6.61Mo19.11W20.98,5,0.0,39.67,13.63,0.0,0.0,6.61,19.11,0.0,0.0,0.0,0.0,20.98,100.0,True,744.3519,1520.8773,56.43308,319.1986,2.043223428780312,True,0.32276613,0.7463394470118963,0.6656808036223307,0.248322134227833,0.5244001941940963,False,1092,1581.0852,182.05055,1305.8726,1890.2153,836.733305078125,0.32276608139802965,0.7463394470118963,0.6656808036223307,0.24832213422783303,1.0,0.0,0.5415459156739504,0.43323673253916034,Low,892,True
CAND_02527,Al8.10Co38.05Ni28.06Ti6.73V10.95W8.11,6,8.1,38.05,0.0,0.0,0.0,0.0,0.0,0.0,28.06,6.73,10.95,8.11,100.0,True,1186.4948,1013.9309,63.408646,287.4398,0.8545599541552702,False,0.6915006,0.3482228303780205,0.7904433425412837,0.1802657641666242,0.5365677455206858,False,911,1581.0852,182.05055,1305.8726,1890.2153,394.59040507812506,0.6915006260831984,0.34822283037802054,0.7904433425412837,0.18026576416662426,1.0,0.0,0.5415148730215844,0.43321189841726754,Low,893,True
CAND_01015,Co19.83Cr42.61Mo30.45W7.11,4,0.0,19.83,42.61,0.0,0.0,0.0,30.45,0.0,0.0,0.0,0.0,7.11,100.0,True,745.03375,1427.592,60.891235,312.137,1.916144061019939,True,0.32333475,0.6730803647545293,0.7454178080022227,0.2331897343001206,0.5202574491160494,False,1161,1581.0852,182.05055,1305.8726,1890.2153,836.051455078125,0.3233347248146572,0.6730803647545293,0.7454178080022227,0.23318973430012066,1.0,0.0,0.5413615931757079,0.43308927454056634,Low,894,True
CAND_02273,Al24.32Co36.49Mo18.42Ni9.90Ti10.87,5,24.32,36.49,0.0,0.0,0.0,0.0,18.42,0.0,9.9,10.87,0.0,0.0,100.0,True,945.55536,1281.4012,52.551712,428.4002666666666,1.3551836896241598,True,0.49056408,0.558273381848645,0.5962600102187878,0.482331890199955,0.5360660330077529,False,922,1581.0852,182.05055,1305.8726,1890.2153,635.529845078125,0.4905640177941147,0.558273381848645,0.5962600102187878,0.48233189019995504,1.0,0.0,0.5413508055987517,0.4330806444790014,Low,895,True
CAND_03750,Al29.26Cr15.57Mn34.93Nb5.72V5.52W9.00,6,29.26,0.0,15.57,0.0,0.0,34.93,0.0,5.72,0.0,0.0,5.52,9.0,100.0,True,1163.4044,1261.3633,44.40682,437.36066666666665,1.0842001968184825,True,0.6722439,0.5425371601249125,0.450583314572776,0.5015332548074484,0.5523101447666684,False,717,1581.0852,182.05055,1305.8726,1890.2153,417.6808050781251,0.6722438922747432,0.5425371601249125,0.450583314572776,0.5015332548074484,1.0,0.0,0.5412271036991096,0.43298168295928774,Low,896,True
CAND_04340,Al11.56Co8.69Cr26.81Mn21.78Ti13.23V17.93,6,11.56,8.69,26.81,0.0,0.0,21.78,0.0,0.0,0.0,13.23,17.93,0.0,100.0,True,1053.9559,1171.3433,59.093544,328.9966666666667,1.1113778705067068,True,0.580967,0.4718423927306051,0.7132649341921617,0.2693185462758659,0.5345568390090947,False,942,1581.0852,182.05055,1305.8726,1890.2153,527.1293050781251,0.5809669706867799,0.47184239273060513,0.7132649341921617,0.2693185462758659,1.0,0.0,0.5411717226899049,0.4329373781519239,Low,897,True
CAND_00908,Al36.95Fe26.09Mn10.65Mo5.35W20.96,5,36.95,0.0,0.0,0.0,26.09,10.65,5.35,0.0,0.0,0.0,0.0,20.96,100.0,True,772.54694,1532.7001,45.356613,475.62799999999993,1.983957256844588,True,0.34627995,0.7556241625856511,0.4675709806815117,0.583536850616766,0.5349945106938807,False,935,1581.0852,182.05055,1305.8726,1890.2153,808.538265078125,0.3462799391050744,0.7556241625856511,0.4675709806815117,0.583536850616766,1.0,0.0,0.5410590553489323,0.43284724427914584,Low,898,True
CAND_00420,Al18.74Cu10.59Fe17.53Mn30.68Nb9.98Ni12.48,6,18.74,0.0,0.0,10.59,17.53,30.68,0.0,9.98,12.48,0.0,0.0,0.0,100.0,True,990.3301,1594.1184,45.498955,286.7703333333334,1.6096839177278726,True,0.52790487,0.8038573600112653,0.4701168600144291,0.1788311548233774,0.5438825596485003,False,818,1581.0852,182.05055,1305.8726,1890.2153,590.755105078125,0.5279048715481767,0.8038573600112653,0.47011686001442915,0.17883115482337744,1.0,0.0,0.540993157118259,0.43279452569460725,Low,899,True
CAND_04673,Co12.09Cr39.10Cu13.90Nb17.24W17.67,5,0.0,12.09,39.1,13.9,0.0,0.0,0.0,17.24,0.0,0.0,0.0,17.67,100.0,True,835.2215,1415.9004,57.66344,314.866,1.6952394134900446,True,0.39854875,0.6638986835451615,0.6876865931717843,0.2390377459975726,0.5265115453473207,False,1056,1581.0852,182.05055,1305.8726,1890.2153,745.863705078125,0.3985487312646755,0.6638986835451615,0.6876865931717843,0.23903774599757263,1.0,0.0,0.5409684277308885,0.4327747421847108,Low,900,True
CAND_01992,Al18.95Co35.90Cu16.83Mo11.84V16.48,5,18.95,35.9,0.0,16.83,0.0,0.0,11.84,0.0,0.0,0.0,16.48,0.0,100.0,True,1086.1045,1075.746,59.17433,376.0612,0.9904627112197676,False,0.607778,0.3967676439300741,0.714709844392869,0.3701737831642692,0.5355672315381043,False,927,1581.0852,182.05055,1305.8726,1890.2153,494.9807050781251,0.607777984463696,0.3967676439300741,0.714709844392869,0.3701737831642692,1.0,0.0,0.5409138100874473,0.4327310480699579,Low,901,True
CAND_04321,Al26.98Co5.10Fe22.60Mn38.85Nb6.47,5,26.98,5.1,0.0,0.0,22.6,38.85,0.0,6.47,0.0,0.0,0.0,0.0,100.0,True,962.8144,1564.5525,43.845055,353.2233333333333,1.624978306155197,True,0.5049576,0.7806385817030743,0.4405357818455671,0.321234204046821,0.5439979414385596,False,817,1581.0852,182.05055,1305.8726,1890.2153,618.270805078125,0.5049575639894807,0.7806385817030743,0.4405357818455671,0.32123420404682107,1.0,0.0,0.5407768306689857,0.4326214645351886,Low,902,True
CAND_04272,Al23.70Co15.82Cu19.38Nb26.85V6.03W8.22,6,23.7,15.82,0.0,19.38,0.0,0.0,0.0,26.85,0.0,0.0,6.03,8.22,100.0,True,1178.744,1105.1721,51.883057,415.4381,0.9375844819599616,False,0.6850367,0.4198766340969438,0.5843006802574839,0.4545550846700947,0.5457324416278109,False,791,1581.0852,182.05055,1305.8726,1890.2153,402.3412050781251,0.6850366803567245,0.41987663409694387,0.5843006802574839,0.4545550846700948,1.0,0.0,0.5406956270960237,0.43255650167681897,Low,903,True
CAND_03743,Al27.62Co14.38Fe21.18Mn25.19Ti11.63,5,27.62,14.38,0.0,0.0,21.18,25.19,0.0,0.0,0.0,11.63,0.0,0.0,100.0,True,898.832,1484.305,48.038162,383.238,1.651370944944485,True,0.4515981,0.7176183823421026,0.5155322302024221,0.3855530467590927,0.5374809645917691,False,898,1581.0852,182.05055,1305.8726,1890.2153,682.253205078125,0.4515980706404655,0.7176183823421026,0.5155322302024221,0.3855530467590928,1.0,0.0,0.5406776584373377,0.4325421267498702,Low,904,True
CAND_02920,Al5.85Cr21.87Fe15.72Nb19.48W37.08,5,5.85,0.0,21.87,0.0,15.72,0.0,0.0,19.48,0.0,0.0,0.0,37.08,100.0,True,1005.3423,1562.8058,46.007706,290.198,1.5545012112537466,True,0.5404246,0.7792668581948802,0.4792162028401662,0.1861763489463648,0.5436379361131825,False,821,1581.0852,182.05055,1305.8726,1890.2153,575.742905078125,0.540424617385377,0.7792668581948802,0.47921620284016625,0.18617634894636484,1.0,0.0,0.5405775249988128,0.4324620199990503,Low,905,True
CAND_01168,Co42.89Mn16.36Ni18.45W22.30,4,0.0,42.89,0.0,0.0,0.0,16.36,0.0,0.0,18.45,0.0,0.0,22.3,100.0,True,600.8379,1424.0961,67.92809,288.1666,2.370183575670694,True,0.2030795,0.6703349544308926,0.8712765405845722,0.1818232338997528,0.5071169623121267,False,1413,1581.0852,182.05055,1305.8726,1890.2153,980.247305078125,0.20307950620718673,0.6703349544308926,0.8712765405845722,0.18182323389975297,1.0,0.0,0.5405268101413991,0.43242144811311933,Low,906,True
CAND_03041,Al33.77Fe25.90Nb8.75Ni14.34W17.24,5,33.77,0.0,0.0,0.0,25.9,0.0,0.0,8.75,14.34,0.0,0.0,17.24,100.0,True,1015.3616,1462.0406,41.631073,430.4334666666666,1.439921147239873,True,0.5487804,0.7001336391830955,0.4009372725001087,0.4866888624913656,0.5479118626982179,False,760,1581.0852,182.05055,1305.8726,1890.2153,565.723605078125,0.5487804272910977,0.7001336391830955,0.40093727250010874,0.48668886249136567,1.0,0.0,0.5405197097014405,0.4324157677611524,Low,907,True
CAND_04759,Al16.16Cu32.01Mo8.33Nb43.50,4,16.16,0.0,0.0,32.01,0.0,0.0,8.33,43.5,0.0,0.0,0.0,0.0,100.0,True,938.95746,1426.6715,51.948914,333.538,1.5194208077169613,True,0.48506162,0.6723574750257304,0.5854785755745932,0.2790502320418467,0.5354529178402203,False,929,1581.0852,182.05055,1305.8726,1890.2153,642.127745078125,0.48506155772435383,0.6723574750257304,0.5854785755745932,0.2790502320418467,1.0,0.0,0.5404737394174625,0.43237899153396997,Low,908,True
CAND_04855,Cr40.90Mo16.44Nb12.81Ti21.46W8.39,5,0.0,0.0,40.9,0.0,0.0,0.0,16.44,12.81,0.0,21.46,0.0,8.39,100.0,True,1014.8154,1464.8634,48.865738,307.791,1.4434776582487383,True,0.54832494,0.7023504486632182,0.5303339657043715,0.2238766310252484,0.5413676153764163,False,851,1581.0852,182.05055,1305.8726,1890.2153,566.269805078125,0.5483249120983692,0.7023504486632182,0.5303339657043715,0.2238766310252484,1.0,0.0,0.5404680469886565,0.4323744375909252,Low,909,True
CAND_03449,Co27.44Mn9.30Ni41.01Ti22.25,4,0.0,27.44,0.0,0.0,0.0,9.3,0.0,0.0,41.01,22.25,0.0,0.0,100.0,True,738.989,1347.8259,66.22786,282.62940000000003,1.8238781295312465,True,0.3182936,0.6104382198372769,0.8408668202054416,0.16995749173371,0.5143298811054114,False,1267,1581.0852,182.05055,1305.8726,1890.2153,842.096205078125,0.3182935760390335,0.6104382198372769,0.8408668202054416,0.16995749173371005,1.0,0.0,0.5404585297826303,0.43236682382610425,Low,910,True
CAND_01454,Al17.74Cu8.17Ni34.56Ti39.53,4,17.74,0.0,0.0,8.17,0.0,0.0,0.0,0.0,34.56,39.53,0.0,0.0,100.0,True,1089.5287,1268.1091,54.410248,310.6582,1.1639061143460043,True,0.6106337,0.5478347913389595,0.6295011364632066,0.2300207934066828,0.5394189478740731,False,873,1581.0852,182.05055,1305.8726,1890.2153,491.5565050781249,0.610633669419648,0.5478347913389595,0.6295011364632066,0.23002079340668283,1.0,0.0,0.5403623147065643,0.4322898517652514,Low,911,True
CAND_00770,Al10.44Co39.43Mo13.26Nb13.60Ni18.05V5.22,6,10.44,39.43,0.0,0.0,0.0,0.0,13.26,13.6,18.05,0.0,5.22,0.0,100.0,True,1113.1008,1090.0425,60.07483,331.0942,0.9792845989733864,False,0.6302922,0.4079950127598086,0.7308158731074589,0.273813379353597,0.5352621381284066,False,933,1581.0852,182.05055,1305.8726,1890.2153,467.98440507812506,0.6302921272638726,0.40799501275980865,0.7308158731074589,0.27381337935359706,1.0,0.0,0.540288304479188,0.4322306435833504,Low,912,True
CAND_03032,Co34.04Cr32.04Cu7.34Mn19.11W7.47,5,0.0,34.04,32.04,7.34,0.0,19.11,0.0,0.0,0.0,0.0,0.0,7.47,100.0,True,479.2037,1510.8539,68.76589,288.2529333333334,3.152842694576873,True,0.10164007,0.7384678414631282,0.8862611389822217,0.1820082387891679,0.5008988937737765,False,1542,1581.0852,182.05055,1305.8726,1890.2153,1101.881505078125,0.10164005901682191,0.7384678414631282,0.8862611389822217,0.18200823878916797,1.0,0.0,0.5401299447061856,0.4321039557649485,Low,913,True
CAND_00854,Al20.68Co13.55Cu12.64Mo12.05Nb27.76Ni13.32,6,20.68,13.55,0.0,12.64,0.0,0.0,12.05,27.76,13.32,0.0,0.0,0.0,100.0,True,963.63153,1287.2723,55.05278,366.5072,1.335855312852262,True,0.5056391,0.5628840911226809,0.640993239563754,0.3497003849387447,0.5332603297593564,False,958,1581.0852,182.05055,1305.8726,1890.2153,617.453675078125,0.5056390270605797,0.5628840911226809,0.640993239563754,0.3497003849387447,1.0,0.0,0.5400280137118871,0.4320224109695097,Low,914,True
CAND_02285,Al12.52Co18.80Ni27.05V41.63,4,12.52,18.8,0.0,0.0,0.0,0.0,0.0,0.0,27.05,0.0,41.63,0.0,100.0,True,1018.449,1022.3328,66.29557,337.3652,1.0038134707653024,True,0.55135524,0.3548210348455859,0.842077857633831,0.2872515916492077,0.5254600983491997,True,118,1581.0852,182.05055,1305.8726,1890.2153,562.636205078125,0.551355230670867,0.3548210348455859,0.842077857633831,0.28725159164920777,1.0,0.0,0.539996214158923,0.4319969713271384,Low,915,True
CAND_04365,Al36.44Co12.26Cr14.64Cu13.95Mo22.71,5,36.44,12.26,14.64,13.95,0.0,0.0,22.71,0.0,0.0,0.0,0.0,0.0,100.0,True,889.42816,1225.5538,50.067238,542.538,1.3779120707919517,True,0.4437556,0.514415139762699,0.5518235753663148,0.7269192114363021,0.534445008469606,False,945,1581.0852,182.05055,1305.8726,1890.2153,691.657045078125,0.4437555367884186,0.514415139762699,0.5518235753663148,0.7269192114363021,1.0,0.0,0.5398483804512542,0.43187870436100334,Low,916,True
CAND_02986,Al37.86Mn27.71Nb18.71V15.72,4,37.86,0.0,0.0,0.0,0.0,27.71,0.0,18.71,0.0,0.0,15.72,0.0,100.0,True,958.5538,1131.3059,52.449554,526.8573333333333,1.1802216350073178,True,0.50140435,0.4404001056824732,0.5944328478851675,0.6933168948036481,0.5351470843874792,False,934,1581.0852,182.05055,1305.8726,1890.2153,622.531405078125,0.5014043453330563,0.44040010568247323,0.5944328478851675,0.6933168948036481,1.0,0.0,0.5397985066241036,0.43183880529928287,Low,917,True
CAND_02778,Co27.47Cu8.45Mn10.89Nb35.58W17.61,5,0.0,27.47,0.0,8.45,0.0,10.89,0.0,35.58,0.0,0.0,0.0,17.61,100.0,True,685.4789,1391.0411,63.679054,326.03520000000003,2.0292982568249736,True,0.2736677,0.6443761059947803,0.7952797656536156,0.2629723785557189,0.5136789394267487,False,1282,1581.0852,182.05055,1305.8726,1890.2153,895.606305078125,0.2736676816515903,0.6443761059947803,0.7952797656536156,0.2629723785557189,1.0,0.0,0.5397595386907742,0.43180763095261937,Low,918,True
CAND_03720,Al22.09Co11.98Nb16.37Ni23.56Ti19.76V6.24,6,22.09,11.98,0.0,0.0,0.0,0.0,0.0,16.37,23.56,19.76,6.24,0.0,100.0,True,1094.7731,1028.3776,61.647827,359.86740000000003,0.9393522977224096,False,0.61500734,0.3595681547072289,0.7589499484544481,0.3354718660421739,0.532430927625451,False,969,1581.0852,182.05055,1305.8726,1890.2153,486.3121050781249,0.6150073491646963,0.35956815470722897,0.7589499484544481,0.33547186604217394,1.0,0.0,0.5396280481460033,0.4317024385168027,Low,919,True
CAND_00063,Al7.15Co10.72Cr13.89Ni35.47Ti17.43W15.34,6,7.15,10.72,13.89,0.0,0.0,0.0,0.0,0.0,35.47,17.43,0.0,15.34,100.0,True,1067.1305,1345.1487,53.742683,277.4202,1.2605287812661112,True,0.59195423,0.608335753371291,0.6175613018614796,0.1587946252865253,0.5382965176286303,False,888,1581.0852,182.05055,1305.8726,1890.2153,513.954705078125,0.5919542106320764,0.608335753371291,0.6175613018614796,0.15879462528652535,1.0,0.0,0.5395768630208291,0.4316614904166633,Low,920,True
CAND_02671,Co16.56Cr38.22Cu15.72Nb23.16W6.34,5,0.0,16.56,38.22,15.72,0.0,0.0,0.0,23.16,0.0,0.0,0.0,6.34,100.0,True,824.0398,1366.538,59.512444,322.859,1.6583398137095524,True,0.38922352,0.6251332604611273,0.7207572333909866,0.2561660558171892,0.5229212511449982,False,1114,1581.0852,182.05055,1305.8726,1890.2153,757.045405078125,0.38922351297369734,0.6251332604611273,0.7207572333909866,0.25616605581718926,1.0,0.0,0.5394979347716369,0.43159834781730955,Low,921,True
CAND_03448,Al17.89Cu21.53Fe17.41Nb36.62Ni6.55,5,17.89,0.0,0.0,21.53,17.41,0.0,0.0,36.62,6.55,0.0,0.0,0.0,100.0,True,1040.346,1495.7937,45.414978,323.0373333333333,1.4377849060030878,True,0.5696167,0.7266407215352038,0.4686148767014195,0.2565482087740889,0.5445131785057937,False,807,1581.0852,182.05055,1305.8726,1890.2153,540.739205078125,0.5696167029798674,0.7266407215352038,0.4686148767014195,0.2565482087740889,1.0,0.0,0.5394630865320671,0.4315704692256537,Low,922,True
CAND_03927,Al8.45Cr37.99Mo33.11Ti20.45,4,8.45,0.0,37.99,0.0,0.0,0.0,33.11,0.0,0.0,20.45,0.0,0.0,100.0,True,1030.4863,1352.3588,52.670044,313.439,1.3123500652945648,True,0.56139404,0.6139980100074796,0.5983764550714861,0.2359798080377838,0.5376087017008729,False,897,1581.0852,182.05055,1305.8726,1890.2153,550.598905078125,0.5613939949136916,0.6139980100074796,0.5983764550714861,0.2359798080377838,1.0,0.0,0.5394578094577801,0.4315662475662241,Low,923,True
CAND_00879,Co29.16Cr21.02Fe8.82Ni6.03Ti18.00W16.97,6,0.0,29.16,21.02,0.0,8.82,0.0,0.0,0.0,6.03,18.0,0.0,16.97,100.0,True,808.2518,1515.9005,54.25884,311.1126,1.875530071481772,True,0.37605676,0.7424310520066975,0.626793105818433,0.2309945334269547,0.5268938061959887,False,1050,1581.0852,182.05055,1305.8726,1890.2153,772.833405078125,0.37605677210442306,0.7424310520066975,0.626793105818433,0.2309945334269547,1.0,0.0,0.5394306203876881,0.43154449631015046,Low,924,True
CAND_04949,Al32.00Mn9.99Nb15.62Ni17.14V9.41W15.84,6,32.0,0.0,0.0,0.0,0.0,9.99,0.0,15.62,17.14,0.0,9.41,15.84,100.0,True,1080.3247,1110.7113,51.910797,470.4390666666667,1.0281272776332708,True,0.6029578,0.4242266947007046,0.584796828215888,0.5724174138887955,0.5402171690468313,False,863,1581.0852,182.05055,1305.8726,1890.2153,500.7605050781251,0.602957796417317,0.4242266947007046,0.584796828215888,0.5724174138887955,1.0,0.0,0.5393091180626263,0.43144729445010105,Low,925,True
CAND_04712,Al19.75Co17.38Fe20.45Nb9.56Ti32.86,5,19.75,17.38,0.0,0.0,20.45,0.0,0.0,9.56,0.0,32.86,0.0,0.0,100.0,True,1067.4144,1465.4062,45.934433,318.5323333333334,1.3728559035591237,True,0.592191,0.7027767219329542,0.477905667535331,0.2468943822086726,0.5450008969893253,False,801,1581.0852,182.05055,1305.8726,1890.2153,513.6708050781251,0.5921909751198384,0.7027767219329542,0.477905667535331,0.24689438220867263,1.0,0.0,0.539286617951746,0.4314292943613969,Low,926,True
CAND_03737,Al16.89Mn34.46Nb35.25W13.40,4,16.89,0.0,0.0,0.0,0.0,34.46,0.0,35.25,0.0,0.0,0.0,13.4,100.0,True,831.5553,1558.2384,50.64444,324.0946666666667,1.873884279284761,True,0.39549124,0.7756799743846517,0.5621472088878237,0.2588139829409776,0.53071026619124,False,993,1581.0852,182.05055,1305.8726,1890.2153,749.529905078125,0.3954912252236992,0.7756799743846517,0.5621472088878237,0.2588139829409776,1.0,0.0,0.5390430587288141,0.4312344469830513,Low,927,True
CAND_03840,Al31.52Cr13.43Fe10.95V23.19W20.91,5,31.52,0.0,13.43,0.0,10.95,0.0,0.0,0.0,0.0,0.0,23.19,20.91,100.0,True,1149.472,1184.462,44.42041,495.3733333333333,1.0304400217703549,True,0.66062474,0.4821448082495531,0.4508263805697012,0.625849397448361,0.549414872967158,False,747,1581.0852,182.05055,1305.8726,1890.2153,431.613205078125,0.6606246687830358,0.48214480824955314,0.4508263805697012,0.625849397448361,1.0,0.0,0.5389249334587894,0.4311399467670316,Low,928,True
CAND_02268,Al24.78Cu13.41Nb30.26Ni16.08W15.47,5,24.78,0.0,0.0,13.41,0.0,0.0,0.0,30.26,16.08,0.0,0.0,15.47,100.0,True,996.5075,1362.9094,49.518486,378.5932333333333,1.3676860334546086,True,0.53305674,0.6222836377887546,0.5420087886154112,0.3755997122781101,0.5384442720903897,False,886,1581.0852,182.05055,1305.8726,1890.2153,584.577705078125,0.5330566466334221,0.6222836377887546,0.5420087886154112,0.37559971227810995,1.0,0.0,0.5388918464213217,0.4311134771370574,Low,929,True
CAND_04677,Al12.07Mn26.79Nb33.12Ti28.02,4,12.07,0.0,0.0,0.0,0.0,26.79,0.0,33.12,0.0,28.02,0.0,0.0,100.0,True,947.7258,1471.8947,49.730827,326.8016666666667,1.55308070465766,True,0.49237412,0.7078722895650134,0.5458066456318295,0.2646148505353354,0.5362178214412959,False,918,1581.0852,182.05055,1305.8726,1890.2153,633.359405078125,0.4923741027353554,0.7078722895650134,0.5458066456318295,0.26461485053533546,1.0,0.0,0.538889433823192,0.4311115470585536,Low,930,True
CAND_02100,Co31.02Mo14.20Nb37.41V17.37,4,0.0,31.02,0.0,0.0,0.0,0.0,14.2,37.41,0.0,0.0,17.37,0.0,100.0,True,1080.7235,1169.2872,57.874405,325.61440000000005,1.081948517245629,True,0.6032904,0.4702276903173699,0.6914598395324433,0.2620706404383544,0.5342309827187576,False,947,1581.0852,182.05055,1305.8726,1890.2153,500.36170507812494,0.6032903842218944,0.47022769031736994,0.6914598395324433,0.26207064043835443,1.0,0.0,0.5386394510761707,0.4309115608609366,Low,931,True
CAND_00762,Co24.47Mo6.37Nb15.15Ti28.44W25.57,5,0.0,24.47,0.0,0.0,0.0,0.0,6.37,15.15,0.0,28.44,0.0,25.57,100.0,True,888.18384,1467.376,52.647232,319.0316,1.6521084232797076,True,0.44271782,0.7043236509799804,0.5979684476011506,0.2479642676270728,0.5307991934601307,False,991,1581.0852,182.05055,1305.8726,1890.2153,692.901365078125,0.44271780946396616,0.7043236509799804,0.5979684476011506,0.24796426762707294,1.0,0.0,0.5385617220843918,0.43084937766751347,Low,932,True
CAND_04803,Al11.53Cr42.87Cu23.33Fe22.27,4,11.53,0.0,42.87,23.33,22.27,0.0,0.0,0.0,0.0,0.0,0.0,0.0,100.0,True,942.76373,1509.5339,50.5972,286.7973333333333,1.6011794337275975,True,0.48823592,0.737431215236062,0.5613022907351559,0.1788890134953565,0.5348590744199023,False,937,1581.0852,182.05055,1305.8726,1890.2153,638.321475078125,0.4882358781429308,0.737431215236062,0.5613022907351559,0.1788890134953565,1.0,0.0,0.5385123733514016,0.4308098986811213,Low,933,True
CAND_04408,Al37.10Co16.92Cr8.97Mo21.07Ni15.94,5,37.1,16.92,8.97,0.0,0.0,0.0,21.07,0.0,15.94,0.0,0.0,0.0,100.0,True,823.10443,1318.2036,50.462128,506.6699333333334,1.6015022518521969,True,0.38844347,0.5871751493175658,0.5588864400849204,0.6500570372216982,0.5299157588507013,False,1003,1581.0852,182.05055,1305.8726,1890.2153,757.980775078125,0.38844344112122114,0.5871751493175658,0.5588864400849204,0.6500570372216982,1.0,0.0,0.5384378926843059,0.4307503141474447,Low,934,True
CAND_03084,Al32.00Co7.25Cu20.01Mn35.26Ni5.48,5,32.0,7.25,0.0,20.01,0.0,35.26,0.0,0.0,5.48,0.0,0.0,0.0,100.0,True,697.96826,1544.322,47.310127,474.6154,2.212596309461264,True,0.28408346,0.7647511067889381,0.5025108502854577,0.581366936126169,0.5274831232573903,False,1037,1581.0852,182.05055,1305.8726,1890.2153,883.116945078125,0.2840834510171261,0.7647511067889381,0.5025108502854577,0.581366936126169,1.0,0.0,0.5384044902955256,0.43072359223642054,Low,935,True
CAND_04441,Al36.23Cr13.58Mo12.78Nb27.49V9.92,5,36.23,0.0,13.58,0.0,0.0,0.0,12.78,27.49,0.0,0.0,9.92,0.0,100.0,True,1049.5453,1006.97577,52.03099,561.526,0.959440036967274,False,0.5772886,0.3427608075214646,0.5869465582650748,0.7676088582341103,0.5378928107661071,False,893,1581.0852,182.05055,1305.8726,1890.2153,531.539905078125,0.5772886563164974,0.3427608075214646,0.5869465582650748,0.7676088582341103,1.0,0.0,0.5383757025502027,0.4307005620401622,Low,936,True
CAND_02169,Al24.69Co31.34Cu20.85Nb8.80V14.32,5,24.69,31.34,0.0,20.85,0.0,0.0,0.0,8.8,0.0,0.0,14.32,0.0,100.0,True,1135.5121,1119.6776,51.649773,428.9407999999999,0.9860552034886688,False,0.6489825,0.4312681354126306,0.5801282440524264,0.4834902065268865,0.5416308049786378,False,848,1581.0852,182.05055,1305.8726,1890.2153,445.5731050781251,0.648982511077121,0.43126813541263065,0.5801282440524264,0.4834902065268865,1.0,0.0,0.5381880725878303,0.43055045807026426,Low,937,True
CAND_01459,Co11.19Cr34.24Mn13.71Ti13.04W27.82,5,0.0,11.19,34.24,0.0,0.0,13.71,0.0,0.0,0.0,13.04,0.0,27.82,100.0,True,800.3051,1492.301,55.265663,312.838,1.8646650789848445,True,0.36942947,0.7238978242448451,0.6448007906030079,0.2346919168578026,0.5244021791459148,False,1091,1581.0852,182.05055,1305.8726,1890.2153,780.780105078125,0.3694294513756505,0.7238978242448451,0.6448007906030079,0.2346919168578026,1.0,0.0,0.5381707348269389,0.43053658786155113,Low,938,True
CAND_03176,Cr23.19Mo13.47Nb38.42Ti10.94W13.98,5,0.0,0.0,23.19,0.0,0.0,0.0,13.47,38.42,0.0,10.94,0.0,13.98,100.0,True,943.2648,1571.4314,46.10529,314.796,1.665949422826435,True,0.48865372,0.7860407393950172,0.4809615562061679,0.2388877420331821,0.5384818909828171,False,884,1581.0852,182.05055,1305.8726,1890.2153,637.820405078125,0.48865375620521656,0.7860407393950172,0.48096155620616793,0.23888774203318217,1.0,0.0,0.5380972890366369,0.43047783122930955,Low,939,True
CAND_01055,Al25.64Co15.61Cr11.17Fe26.51Nb9.61W11.46,6,25.64,15.61,11.17,0.0,26.51,0.0,0.0,9.61,0.0,0.0,0.0,11.46,100.0,True,1071.9753,1472.7421,41.872063,374.084,1.3738581873826954,True,0.59599465,0.7085377721898737,0.4052475355316789,0.3659368140443709,0.5475621449627454,False,768,1581.0852,182.05055,1305.8726,1890.2153,509.10990507812494,0.5959946353954069,0.7085377721898737,0.4052475355316789,0.36593681404437106,1.0,0.0,0.5380247732719731,0.4304198186175785,Low,940,True
CAND_03244,Co31.47Fe13.92Mn10.97Mo16.17Nb16.29Ni11.18,6,0.0,31.47,0.0,0.0,13.92,10.97,16.17,16.29,11.18,0.0,0.0,0.0,100.0,True,886.0893,1361.1326,58.187737,304.0976,1.5361122276847543,True,0.44097108,0.6208882760612917,0.6970639863277792,0.2159619932812508,0.5252181102797652,False,1084,1581.0852,182.05055,1305.8726,1890.2153,694.995905078125,0.44097102295393764,0.6208882760612917,0.6970639863277792,0.21596199328125087,1.0,0.0,0.5380227334473933,0.43041818675791466,Low,941,True
CAND_02095,Co29.58Cr12.42Mo12.65Nb17.75V13.70W13.90,6,0.0,29.58,12.42,0.0,0.0,0.0,12.65,17.75,0.0,0.0,13.7,13.9,100.0,True,1203.4235,1086.5297,56.993618,319.3686,0.9028656448760428,False,0.7056187,0.4052363304791741,0.6757063906557776,0.2486864295699241,0.5394860740409224,False,872,1581.0852,182.05055,1305.8726,1890.2153,377.6617050781249,0.7056186781577921,0.4052363304791741,0.6757063906557776,0.24868642956992426,1.0,0.0,0.5379904503154221,0.43039236025233774,Low,942,True
CAND_01023,Co39.56Cr13.91Nb15.89Ni12.46Ti18.18,5,0.0,39.56,13.91,0.0,0.0,0.0,0.0,15.89,12.46,18.18,0.0,0.0,100.0,True,872.56836,1492.3997,52.873905,304.7666,1.7103527579993507,True,0.42969495,0.7239753356150052,0.6020226417675273,0.2173956025980685,0.5292160866902728,False,1011,1581.0852,182.05055,1305.8726,1890.2153,708.516845078125,0.42969494534505703,0.7239753356150052,0.6020226417675273,0.2173956025980685,1.0,0.0,0.5378324699407343,0.4302659759525875,Low,943,True
CAND_04290,Al9.61Cr42.27Mo15.06W33.06,4,9.61,0.0,42.27,0.0,0.0,0.0,15.06,0.0,0.0,0.0,0.0,33.06,100.0,True,894.9863,1438.308,52.704056,332.577,1.6070725940733208,True,0.4483909,0.6814958849433472,0.5989847818328861,0.276990891902143,0.5302608769740905,False,999,1581.0852,182.05055,1305.8726,1890.2153,686.098905078125,0.4483908667285723,0.6814958849433472,0.5989847818328861,0.276990891902143,1.0,0.0,0.5377905505003345,0.43023244040026765,Low,944,True
CAND_03987,Al17.29Co23.01Cu13.08Mn16.04Ti30.58,5,17.29,23.01,0.0,13.08,0.0,16.04,0.0,0.0,0.0,30.58,0.0,0.0,100.0,True,856.3333,1386.9762,54.679672,361.6696,1.619668625479458,True,0.4161554,0.6411838469414465,0.6343199600949664,0.3393338252510958,0.5266818402416716,False,1054,1581.0852,182.05055,1305.8726,1890.2153,724.751905078125,0.41615536921020024,0.6411838469414465,0.6343199600949664,0.3393338252510958,1.0,0.0,0.5375900582011383,0.43007204656091064,Low,945,True
CAND_00008,Al18.46Co8.14Cr14.18Cu37.90Mn15.98W5.34,6,18.46,8.14,14.18,37.9,0.0,15.98,0.0,0.0,0.0,0.0,0.0,5.34,100.0,True,913.95416,1517.3396,48.471878,332.012,1.6601922307431602,True,0.4642096,0.7435612101910692,0.5232895232062833,0.2757801456181341,0.5345206505568821,False,943,1581.0852,182.05055,1305.8726,1890.2153,667.131045078125,0.464209519975638,0.7435612101910692,0.5232895232062833,0.2757801456181341,1.0,0.0,0.5374746218558354,0.42997969748466836,Low,946,True
CAND_04552,Al37.71Co16.51Fe13.11Mo16.03W16.64,5,37.71,16.51,0.0,0.0,13.11,0.0,16.03,0.0,0.0,0.0,0.0,16.64,100.0,True,666.23517,1370.6368,51.937675,542.1918666666667,2.057286773339104,True,0.25761896,0.6283521419607472,0.5852775587431402,0.7261774775476207,0.5210373460019088,False,1144,1581.0852,182.05055,1305.8726,1890.2153,914.850035078125,0.2576189607073112,0.6283521419607472,0.5852775587431402,0.7261774775476207,1.0,0.0,0.5374202720201371,0.4299362176161097,Low,947,True
CAND_04574,Co19.10Cr20.66Mo8.25Nb18.24Ni11.68W22.07,6,0.0,19.1,20.66,0.0,0.0,0.0,8.25,18.24,11.68,0.0,0.0,22.07,100.0,True,850.18286,1480.4302,54.552452,298.652,1.741307978953287,True,0.4110261,0.7145754131719241,0.6320445475762878,0.2042925420171817,0.5263354737336337,False,1060,1581.0852,182.05055,1305.8726,1890.2153,730.902345078125,0.41102607799459223,0.7145754131719241,0.6320445475762878,0.20429254201718172,1.0,0.0,0.5373863890256888,0.4299091112205511,Low,948,True
CAND_01638,Cr33.15Cu8.83Nb34.46Ni23.56,4,0.0,0.0,33.15,8.83,0.0,0.0,0.0,34.46,23.56,0.0,0.0,0.0,100.0,True,846.50665,1360.779,61.536404,272.0442,1.6075231014989009,True,0.40796024,0.620610585884102,0.756957075564425,0.1472743208213358,0.5199016650914154,False,1166,1581.0852,182.05055,1305.8726,1890.2153,734.578555078125,0.40796022389964454,0.620610585884102,0.756957075564425,0.14727432082133585,1.0,0.0,0.5373515025326696,0.4298812020261357,Low,949,True
CAND_04212,Al12.64Co17.88Cu28.44Fe16.49Mn11.49Ti13.06,6,12.64,17.88,0.0,28.44,16.49,11.49,0.0,0.0,0.0,13.06,0.0,0.0,100.0,True,913.1178,1434.3966,51.653107,339.7473333333333,1.5708779342325088,True,0.463512,0.6784241729550547,0.5801878748128199,0.2923562979878752,0.5314812782353667,False,983,1581.0852,182.05055,1305.8726,1890.2153,667.967405078125,0.4635120196340224,0.6784241729550547,0.5801878748128199,0.2923562979878752,1.0,0.0,0.5373150639370493,0.4298520511496395,Low,950,True
CAND_03941,Al17.62Fe22.85Mn16.88Nb19.99W22.66,5,17.62,0.0,0.0,0.0,22.85,16.88,0.0,19.99,0.0,0.0,0.0,22.66,100.0,True,1078.1483,1472.675,46.715073,286.6923333333333,1.365929880818927,True,0.60114276,0.7084850770233312,0.491867922122513,0.1786640075487708,0.5426549429380875,False,835,1581.0852,182.05055,1305.8726,1890.2153,502.93690507812494,0.6011427410063791,0.7084850770233312,0.49186792212251307,0.1786640075487707,1.0,0.0,0.5371911861276636,0.4297529489021309,Low,951,True
CAND_00948,Al10.76Cr33.20Mn16.00Mo26.90W13.14,5,10.76,0.0,33.2,0.0,0.0,16.0,26.9,0.0,0.0,0.0,0.0,13.14,100.0,True,845.05,1474.3156,51.868435,350.581,1.7446489808851364,True,0.40674543,0.7097734777719104,0.584039156268739,0.3155719115433764,0.5283012537428247,False,1024,1581.0852,182.05055,1305.8726,1890.2153,736.035205078125,0.4067454194223688,0.7097734777719104,0.584039156268739,0.31557191154337644,1.0,0.0,0.5371659317992935,0.42973274543943485,Low,952,True
CAND_01291,Al13.35Cu27.87Nb29.33Ti9.79W19.66,5,13.35,0.0,0.0,27.87,0.0,0.0,0.0,29.33,0.0,9.79,0.0,19.66,100.0,True,1028.6884,1451.1226,46.02014,345.661,1.4106532786757826,True,0.55989456,0.6915594837686203,0.4794385930245496,0.3050287757605021,0.541050187221769,False,856,1581.0852,182.05055,1305.8726,1890.2153,552.396805078125,0.5598945976873888,0.6915594837686203,0.4794385930245496,0.30502877576050214,1.0,0.0,0.5370273888238735,0.4296219110590988,Low,953,True
CAND_01753,Co38.26Mo17.16Nb19.51Ni7.50V17.57,5,0.0,38.26,0.0,0.0,0.0,0.0,17.16,19.51,7.5,0.0,17.57,0.0,100.0,True,1173.6725,1217.0676,52.156006,320.73040000000003,1.036973785438481,True,0.6808072,0.5077507325747235,0.589182550808976,0.2516046495514524,0.5416037098632429,False,850,1581.0852,182.05055,1305.8726,1890.2153,407.4127050781251,0.6808071942711832,0.5077507325747235,0.589182550808976,0.2516046495514524,1.0,0.0,0.5370224810156234,0.4296179848124988,Low,954,True
CAND_02641,Al19.25Co21.05Mn24.99Mo9.64W25.07,5,19.25,21.05,0.0,0.0,0.0,24.99,9.64,0.0,0.0,0.0,0.0,25.07,100.0,True,694.451,1610.0181,52.19603,342.74926666666664,2.3184042157571465,True,0.28115016,0.8163437585131457,0.589898406104115,0.2987891822855316,0.5215411565789188,False,1138,1581.0852,182.05055,1305.8726,1890.2153,886.634205078125,0.2811501566802967,0.8163437585131457,0.589898406104115,0.29878918228553164,1.0,0.0,0.5369785658980821,0.42958285271846575,Low,955,True
CAND_01422,Co24.41Cr19.98Mo14.07V19.91W21.63,5,0.0,24.41,19.98,0.0,0.0,0.0,14.07,0.0,0.0,0.0,19.91,21.63,100.0,True,1164.58,1135.861,56.496113,313.389,0.9753396442164604,False,0.6732243,0.4439773300210403,0.6668081898610501,0.2358726623489334,0.537243429907281,False,901,1581.0852,182.05055,1305.8726,1890.2153,416.5052050781251,0.6732243090828202,0.44397733002104034,0.6668081898610501,0.2358726623489334,1.0,0.0,0.5369226325876721,0.42953810607013776,Low,956,True
CAND_00586,Al32.26Co28.26Mn26.25V13.23,4,32.26,28.26,0.0,0.0,0.0,26.25,0.0,0.0,0.0,0.0,13.23,0.0,100.0,True,744.56683,1109.4574,61.903397,514.8706,1.4900709380117998,True,0.32294536,0.4232419783172818,0.7635209842774218,0.6676303588023396,0.5148810032758288,False,1251,1581.0852,182.05055,1305.8726,1890.2153,836.518375078125,0.32294532687655975,0.42324197831728183,0.7635209842774218,0.6676303588023396,1.0,0.0,0.536909774317902,0.4295278194543216,Low,957,True
CAND_01839,Al17.95Cu18.96Fe18.13Ti25.03W19.93,5,17.95,0.0,0.0,18.96,18.13,0.0,0.0,0.0,0.0,25.03,0.0,19.93,100.0,True,1120.1432,1479.7687,43.67417,303.5758,1.3210531610807204,True,0.63616526,0.7140559220740422,0.4374793923765023,0.2148438208724087,0.546662785168481,False,778,1581.0852,182.05055,1305.8726,1890.2153,460.942005078125,0.6361652876323662,0.7140559220740422,0.43747939237650235,0.2148438208724087,1.0,0.0,0.5367284893741162,0.429382791499293,Low,958,True
CAND_03830,Co31.20Cu17.31Mo11.69Nb26.53Ti13.27,5,0.0,31.2,0.0,17.31,0.0,0.0,11.69,26.53,0.0,13.27,0.0,0.0,100.0,True,871.27734,1475.2085,52.03785,328.61940000000004,1.6931560433451245,True,0.42861828,0.7104746925886887,0.5870692538308515,0.2685100963382603,0.5287717232891997,False,1020,1581.0852,182.05055,1305.8726,1890.2153,709.807865078125,0.4286182715550235,0.7104746925886887,0.5870692538308515,0.26851009633826034,1.0,0.0,0.536694266265357,0.42935541301228564,Low,959,True
CAND_02244,Al25.32Cu36.05Fe6.04Mn8.98Nb23.61,5,25.32,0.0,0.0,36.05,6.04,8.98,0.0,23.61,0.0,0.0,0.0,0.0,100.0,True,935.5725,1441.3018,46.382477,405.8333333333333,1.5405559536599336,True,0.48223862,0.683846984639249,0.4859192261465467,0.4339728978551574,0.5364014257428086,False,914,1581.0852,182.05055,1305.8726,1890.2153,645.512705078125,0.4822385978071471,0.683846984639249,0.48591922614654676,0.43397289785515747,1.0,0.0,0.536585447365799,0.4292683578926393,Low,960,True
CAND_04306,Co9.92Cr24.41Mn15.82Nb24.00Ni16.87Ti8.98,6,0.0,9.92,24.41,0.0,0.0,15.82,0.0,24.0,16.87,8.98,0.0,0.0,100.0,True,918.3035,1498.8185,51.95562,281.537,1.6321602330533047,True,0.46783683,0.7290161662409838,0.5855985167501179,0.1676165727237075,0.530598022020993,False,995,1581.0852,182.05055,1305.8726,1890.2153,662.781705078125,0.46783674525638086,0.7290161662409838,0.5855985167501179,0.16761657272370753,1.0,0.0,0.5364860771199819,0.4291888616959855,Low,961,True
CAND_02999,Cr28.64Fe14.54Mo41.72W15.10,4,0.0,0.0,28.64,0.0,14.54,0.0,41.72,0.0,0.0,0.0,0.0,15.1,100.0,True,871.0791,1449.2246,54.791664,300.761,1.663711822956664,True,0.42845294,0.6900689409057633,0.6363230099204016,0.2088119471728895,0.5259591084662897,False,1068,1581.0852,182.05055,1305.8726,1890.2153,710.006105078125,0.42845294505958875,0.6900689409057633,0.6363230099204016,0.2088119471728895,1.0,0.0,0.5363526135886801,0.4290820908709441,Low,962,True
CAND_04766,Al14.83Cu21.15Fe15.91Ti24.63W23.48,5,14.83,0.0,0.0,21.15,15.91,0.0,0.0,0.0,0.0,24.63,0.0,23.48,100.0,True,1025.1438,1518.9143,44.34091,324.0973333333333,1.481659745429197,True,0.5569385,0.7447978581605851,0.4494044713161645,0.2588196973777162,0.5416949945487148,False,845,1581.0852,182.05055,1305.8726,1890.2153,555.941405078125,0.5569385025717802,0.7447978581605851,0.4494044713161645,0.25881969737771626,1.0,0.0,0.5363182790926274,0.42905462327410193,Low,963,True
CAND_02632,Al27.86Co24.12Cu17.94Ti5.11V12.67W12.30,6,27.86,24.12,0.0,17.94,0.0,0.0,0.0,0.0,0.0,5.11,12.67,12.3,100.0,True,1024.1422,1085.9136,53.042778,496.7946666666666,1.0603152446675257,True,0.5561032,0.4047524930409201,0.6050430453068043,0.6288951922300803,0.5338517599105329,False,953,1581.0852,182.05055,1305.8726,1890.2153,556.943005078125,0.5561031967917786,0.4047524930409201,0.6050430453068043,0.6288951922300803,1.0,0.0,0.536298739536774,0.4290389916294192,Low,964,True
CAND_01796,Co27.60Cu12.05Ni24.23V36.12,4,0.0,27.6,0.0,12.05,0.0,0.0,0.0,0.0,24.23,0.0,36.12,0.0,100.0,True,982.1964,969.8255,72.30391,287.3874,0.987404849994774,False,0.5211216,0.3135858497755669,0.9495409298903766,0.1801534754847091,0.5148204950675397,True,119,1581.0852,182.05055,1305.8726,1890.2153,598.888805078125,0.5211215981627942,0.3135858497755669,0.9495409298903766,0.18015347548470914,1.0,0.0,0.5362414547631881,0.42899316381055047,Low,965,True
CAND_04983,Co31.38Cu10.24Fe10.48Mn11.09Mo6.78Ni30.03,6,0.0,31.38,0.0,10.24,10.48,11.09,6.78,0.0,30.03,0.0,0.0,0.0,100.0,True,573.503,1394.974,69.712746,283.5368,2.4323744122802733,True,0.18028298,0.6474647024254077,0.903196274934006,0.1719019716949661,0.4999086722566895,False,1567,1581.0852,182.05055,1305.8726,1890.2153,1007.582205078125,0.1802829806822612,0.6474647024254077,0.903196274934006,0.17190197169496615,1.0,0.0,0.5360543341326344,0.4288434673061075,Low,966,True
CAND_03670,Al42.99Co9.44Mo12.78Nb12.92V8.08W13.79,6,42.99,9.44,0.0,0.0,0.0,0.0,12.78,12.92,0.0,0.0,8.08,13.79,100.0,True,946.8166,988.0982,52.423462,627.842,1.0436004302297166,True,0.4916159,0.3279358195174682,0.5939661754795917,0.909718328270104,0.5308148183235641,False,990,1581.0852,182.05055,1305.8726,1890.2153,634.268605078125,0.4916158559150904,0.32793581951746825,0.5939661754795917,0.9097183282701041,1.0,0.0,0.5359323117184063,0.42874584937472504,Low,967,True
CAND_02229,Al5.91Co29.73Cu18.43Fe17.29Mo11.91W16.73,6,5.91,29.73,0.0,18.43,17.29,0.0,11.91,0.0,0.0,0.0,0.0,16.73,100.0,True,714.15826,1473.8306,59.71988,300.745,2.063731071897924,True,0.29758546,0.7093925961657536,0.7244673612893094,0.2087776605524573,0.5145269114844065,False,1261,1581.0852,182.05055,1305.8726,1890.2153,866.926945078125,0.29758544839954004,0.7093925961657536,0.7244673612893094,0.20877766055245733,1.0,0.0,0.5358709984192724,0.428696798735418,Low,968,True
CAND_03583,Co34.38Mn16.51Ni38.61V10.50,4,0.0,34.38,0.0,0.0,0.0,16.51,0.0,0.0,38.61,0.0,10.5,0.0,100.0,True,857.2187,1116.1144,70.90639,283.3436,1.3020182765121375,True,0.41689378,0.4284698728578717,0.9245453749217885,0.1714879607532483,0.5104686427109354,False,1349,1581.0852,182.05055,1305.8726,1890.2153,723.866505078125,0.41689376751053314,0.4284698728578717,0.9245453749217883,0.17148796075324832,1.0,0.0,0.5358512103245187,0.42868096825961494,Low,969,True
CAND_03856,Co11.24Cr30.36Fe10.80Mo25.61Nb11.22V10.77,6,0.0,11.24,30.36,0.0,10.8,0.0,25.61,11.22,0.0,0.0,10.77,0.0,100.0,True,1416.3363,1113.2222,47.35356,315.225,0.7859871960375869,False,0.88318187,0.426198561968538,0.5032876777648145,0.2398070520435182,0.5546071127938592,False,692,1581.0852,182.05055,1305.8726,1890.2153,164.74890507812506,0.8831818695279224,0.42619856196853806,0.5032876777648145,0.2398070520435182,1.0,0.0,0.535612397108514,0.4284899176868113,Low,970,True
CAND_02592,Al21.36Cu6.68Fe10.81Ni5.97Ti12.55W42.63,6,21.36,0.0,0.0,6.68,10.81,0.0,0.0,0.0,5.97,12.55,0.0,42.63,100.0,True,1078.4211,1385.5215,44.81098,376.642,1.2847684872791962,True,0.6013703,0.6400414377198458,0.4578119792760393,0.3714183874859548,0.5425892697442688,False,837,1581.0852,182.05055,1305.8726,1890.2153,502.664105078125,0.6013702484113157,0.6400414377198458,0.45781197927603934,0.37141838748595485,1.0,0.0,0.5354113453244876,0.42832907625959016,Low,971,True
CAND_00249,Cr31.87Mn6.59Mo9.29Nb10.25Ni10.38V31.62,6,0.0,0.0,31.87,0.0,0.0,6.59,9.29,10.25,10.38,0.0,31.62,0.0,100.0,True,1360.1448,1041.3695,53.555832,300.003,0.7656313642795307,False,0.83631974,0.3697709912825467,0.6142193500887423,0.2071876185299181,0.5464602249043786,False,783,1581.0852,182.05055,1305.8726,1890.2153,220.94040507812497,0.8363197641595526,0.3697709912825467,0.6142193500887423,0.20718761852991813,1.0,0.0,0.5353551862307626,0.4282841489846101,Low,972,True
CAND_03272,Al7.36Co18.56Cu25.90Ni18.28Ti18.13W11.77,6,7.36,18.56,0.0,25.9,0.0,0.0,0.0,0.0,18.28,18.13,0.0,11.77,100.0,True,780.30884,1320.937,64.660904,285.5696,1.6928387016233617,True,0.35275316,0.5893217509304917,0.8128407920760701,0.1762580868208658,0.5122713895068531,False,1310,1581.0852,182.05055,1305.8726,1890.2153,800.776365078125,0.3527531419143739,0.5893217509304917,0.8128407920760701,0.1762580868208658,1.0,0.0,0.5352757614036918,0.42822060912295346,Low,973,True
CAND_00469,Al6.99Co37.34Cr26.12Cu23.18Ni6.37,5,6.99,37.34,26.12,23.18,0.0,0.0,0.0,0.0,6.37,0.0,0.0,0.0,100.0,True,742.3011,1419.2833,60.192417,312.0819333333333,1.9120048804372949,True,0.32105577,0.666555352381178,0.7329189931501712,0.2330717311814668,0.5144738461453371,False,1263,1581.0852,182.05055,1305.8726,1890.2153,838.784105078125,0.32105577279816216,0.666555352381178,0.7329189931501712,0.2330717311814668,1.0,0.0,0.5350670065361652,0.4280536052289322,Low,974,True
CAND_00596,Al41.61Ni20.89Ti20.00V17.50,4,41.61,0.0,0.0,0.0,0.0,0.0,0.0,0.0,20.89,20.0,17.5,0.0,100.0,True,1026.5913,990.9345,53.805603,548.1392666666666,0.9652667928363882,False,0.5581457,0.3301632308567314,0.6186866670216371,0.7389222429449918,0.5320026949406734,False,972,1581.0852,182.05055,1305.8726,1890.2153,554.493905078125,0.5581456762105105,0.3301632308567314,0.6186866670216371,0.7389222429449918,1.0,0.0,0.5350297248578869,0.4280237798863096,Low,975,True
CAND_02806,Al15.97Co20.34Fe15.51Ni26.16V6.49W15.53,6,15.97,20.34,0.0,0.0,15.51,0.0,0.0,0.0,26.16,0.0,6.49,15.53,100.0,True,901.1989,1186.2488,63.985428,316.3154,1.316300743523151,True,0.45357206,0.483548023206009,0.8007594640893778,0.2421436852259665,0.5176474481397157,False,1204,1581.0852,182.05055,1305.8726,1890.2153,679.886305078125,0.45357199760800315,0.483548023206009,0.8007594640893778,0.24214368522596658,1.0,0.0,0.5350067983745118,0.4280054386996095,Low,976,True
CAND_02398,Al16.33Cr19.98Ni28.57Ti11.75V10.39W12.98,6,16.33,0.0,19.98,0.0,0.0,0.0,0.0,0.0,28.57,11.75,10.39,12.98,100.0,True,1472.5594,983.2659,51.17722,308.2572,0.6677257758073786,False,0.9300704,0.3241409036712172,0.5716763260211486,0.224875657428089,0.5529138451341348,False,710,1581.0852,182.05055,1305.8726,1890.2153,108.5258050781249,0.9300703283933452,0.32414090367121723,0.5716763260211486,0.22487565742808907,1.0,0.0,0.5349940996202593,0.4279952796962075,Low,977,True
CAND_02789,Al29.16Cr18.88Cu38.37Ni13.59,4,29.16,0.0,18.88,38.37,0.0,0.0,0.0,0.0,13.59,0.0,0.0,0.0,100.0,True,910.089,1483.5359,43.33395,437.14886666666666,1.630099822666616,True,0.46098608,0.7170143905002567,0.4313943361974044,0.5010793856694783,0.5364106383459619,False,913,1581.0852,182.05055,1305.8726,1890.2153,670.996205078125,0.4609860869798005,0.7170143905002567,0.4313943361974044,0.5010793856694783,1.0,0.0,0.5349310476046703,0.42794483808373623,Low,978,True
CAND_01870,Al13.04Co30.42Cu27.37Mo9.49V19.68,5,13.04,30.42,0.0,27.37,0.0,0.0,9.49,0.0,0.0,0.0,19.68,0.0,100.0,True,1000.4777,1108.0469,61.486427,350.6896666666667,1.1075178141887418,True,0.5363678,0.4221342803678298,0.7560632043850035,0.3158047748404779,0.5239371395960474,False,1100,1581.0852,182.05055,1305.8726,1890.2153,580.607505078125,0.5363676799878174,0.42213428036782985,0.7560632043850035,0.3158047748404779,1.0,0.0,0.534921881648876,0.4279375053191008,Low,979,True
CAND_04608,Al33.95Co23.98Fe10.21Mn8.84Mo23.02,5,33.95,23.98,0.0,0.0,10.21,8.84,23.02,0.0,0.0,0.0,0.0,0.0,100.0,True,674.18835,1215.7794,57.904724,543.0687333333334,1.8033230504489357,True,0.2642517,0.5067390796158548,0.6920021145847451,0.7280565272082191,0.5135062502679526,False,1288,1581.0852,182.05055,1305.8726,1890.2153,906.896855078125,0.26425168557092243,0.5067390796158548,0.6920021145847451,0.7280565272082191,1.0,0.0,0.5348937587341435,0.42791500698731477,Low,980,True
CAND_03191,Al11.74Cr10.44Nb36.65Ni10.36W30.81,5,11.74,0.0,10.44,0.0,0.0,0.0,0.0,36.65,10.36,0.0,0.0,30.81,100.0,True,921.8265,1483.6765,48.067085,349.957,1.6094965125614067,True,0.47077486,0.7171248068998972,0.5160495368859447,0.314234733346524,0.5325174970306623,False,965,1581.0852,182.05055,1305.8726,1890.2153,659.258705078125,0.47077482658919406,0.7171248068998972,0.5160495368859447,0.314234733346524,1.0,0.0,0.5347812197850297,0.42782497582802376,Low,981,True
CAND_02292,Al20.51Cr8.28Cu40.85Fe21.13Ti9.23,5,20.51,0.0,8.28,40.85,21.13,0.0,0.0,0.0,0.0,9.23,0.0,0.0,100.0,True,1165.751,1502.6084,41.767868,282.8063333333334,1.288961733860868,True,0.6742009,0.7319924614970122,0.4033839401269963,0.1703366446113218,0.5482544908873109,False,755,1581.0852,182.05055,1305.8726,1890.2153,415.334205078125,0.6742008896223388,0.7319924614970122,0.40338394012699635,0.17033664461132186,1.0,0.0,0.5347136395844856,0.4277709116675885,Low,982,True
CAND_02661,Cr22.67Fe9.97Nb23.34Ni44.02,4,0.0,0.0,22.67,0.0,9.97,0.0,0.0,23.34,44.02,0.0,0.0,0.0,100.0,True,877.3024,1464.0029,55.425243,270.20340000000004,1.668755096616235,True,0.43364307,0.701674678308377,0.6476549827876543,0.1433296451406215,0.5240085297345144,False,1098,1581.0852,182.05055,1305.8726,1890.2153,703.782805078125,0.43364299943327467,0.701674678308377,0.6476549827876543,0.14332964514062155,1.0,0.0,0.5347090949582214,0.42776727596657715,Low,983,True
CAND_01574,Al44.78Co6.92Ni20.27V28.03,4,44.78,6.92,0.0,0.0,0.0,0.0,0.0,0.0,20.27,0.0,28.03,0.0,100.0,True,977.88055,934.1343,57.49128,558.6920666666666,0.9552642150297772,False,0.51752234,0.2855567331123398,0.6846073994977102,0.7615359834509909,0.5263059708217575,True,117,1581.0852,182.05055,1305.8726,1890.2153,603.204655078125,0.5175223025850988,0.2855567331123398,0.6846073994977102,0.7615359834509909,1.0,0.0,0.5346602129469383,0.4277281703575507,Low,984,True
CAND_01215,Co22.05Cr21.37Mo7.46V39.21W9.91,5,0.0,22.05,21.37,0.0,0.0,0.0,7.46,0.0,0.0,0.0,39.21,9.91,100.0,True,1176.0491,1174.1477,54.046246,311.736,0.9983832543127116,False,0.6827892,0.4740447522693809,0.6229907237323147,0.2323304258755408,0.5376474413873673,False,896,1581.0852,182.05055,1305.8726,1890.2153,405.03610507812505,0.6827892107615505,0.4740447522693809,0.6229907237323147,0.23233042587554084,1.0,0.0,0.5346575093722274,0.427726007497782,Low,985,True
CAND_01938,Co26.19Cr12.69Mo14.80Ni28.58W17.74,5,0.0,26.19,12.69,0.0,0.0,0.0,14.8,0.0,28.58,0.0,0.0,17.74,100.0,True,712.8906,1338.3965,66.61648,281.814,1.8774219397260277,True,0.29652828,0.6030330960906886,0.847817541892353,0.1682101598399385,0.5070543251909203,False,1414,1581.0852,182.05055,1305.8726,1890.2153,868.194605078125,0.2965282561820112,0.6030330960906886,0.847817541892353,0.16821015983993853,1.0,0.0,0.5346187794164061,0.42769502353312494,Low,986,True
CAND_00591,Co35.61Nb15.68Ti9.01W39.70,4,0.0,35.61,0.0,0.0,0.0,0.0,0.0,15.68,0.0,9.01,0.0,39.7,100.0,True,842.3606,1546.4276,50.090202,320.793,1.835826138934223,True,0.40450254,0.7664046826856884,0.5522343014556005,0.251738795953893,0.5270915647909621,False,1043,1581.0852,182.05055,1305.8726,1890.2153,738.724605078125,0.4045025366700363,0.7664046826856884,0.5522343014556005,0.251738795953893,1.0,0.0,0.5344781488029796,0.4275825190423837,Low,987,True
CAND_01105,Al29.91Co6.85Cu26.42Fe23.01Nb7.83W5.98,6,29.91,6.85,0.0,26.42,23.01,0.0,0.0,7.83,0.0,0.0,0.0,5.98,100.0,True,989.8078,1514.0255,39.926125,417.96066666666655,1.5296156481610574,True,0.52746934,0.7409585715705241,0.3704431676196171,0.459960727533513,0.5421332825427477,False,840,1581.0852,182.05055,1305.8726,1890.2153,591.277405078125,0.5274692882725228,0.7409585715705241,0.37044316761961715,0.459960727533513,1.0,0.0,0.5342819529552001,0.42742556236416007,Low,988,True
CAND_04403,Co25.10Mo30.00Ni35.44Ti9.46,4,0.0,25.1,0.0,0.0,0.0,0.0,30.0,0.0,35.44,9.46,0.0,0.0,100.0,True,896.3194,1328.5095,59.673336,284.2222,1.4821831419548408,True,0.44950268,0.5952686085853839,0.7236348915497292,0.1733707247977266,0.5203457291212517,False,1158,1581.0852,182.05055,1305.8726,1890.2153,684.765805078125,0.4495026340362003,0.5952686085853839,0.7236348915497292,0.17337072479772664,1.0,0.0,0.534052317269243,0.42724185381539437,Low,989,True
CAND_03680,Co29.43Cr35.23Cu12.48Mn11.75Ni11.11,5,0.0,29.43,35.23,12.48,0.0,11.75,0.0,0.0,11.11,0.0,0.0,0.0,100.0,True,612.6121,1336.0149,69.388466,300.45059999999995,2.180849599498338,True,0.21289888,0.6011627710737335,0.8973963160316548,0.2081467867365063,0.4997895983739646,False,1568,1581.0852,182.05055,1305.8726,1890.2153,968.473105078125,0.21289885256790436,0.6011627710737335,0.8973963160316548,0.20814678673650638,1.0,0.0,0.5340144572840685,0.42721156582725484,Low,990,True
CAND_02378,Al33.74Cr8.89Cu9.49Mo11.20V16.37W20.31,6,33.74,0.0,8.89,9.49,0.0,0.0,11.2,0.0,0.0,0.0,16.37,20.31,100.0,True,1135.2443,1017.4338,50.66941,507.33973333333336,0.8962245689613922,False,0.6487591,0.3509737379619521,0.562593813592991,0.6514923608695372,0.5382921758569231,False,889,1581.0852,182.05055,1305.8726,1890.2153,445.84090507812493,0.6487591735293132,0.35097373796195214,0.562593813592991,0.6514923608695372,1.0,0.0,0.5339839129792419,0.4271871303833935,Low,991,True
CAND_03037,Co26.36Cr10.76Ni29.26Ti12.53W21.09,5,0.0,26.36,10.76,0.0,0.0,0.0,0.0,0.0,29.26,12.53,0.0,21.09,100.0,True,908.4353,1288.1395,61.04967,282.76140000000004,1.417976047521185,True,0.45960695,0.5635651231409473,0.7482515211164881,0.1702403563522749,0.5195505543286512,False,1173,1581.0852,182.05055,1305.8726,1890.2153,672.649905078125,0.4596069484330865,0.5635651231409473,0.7482515211164881,0.17024035635227497,1.0,0.0,0.5339827838383435,0.42718622707067483,Low,992,True
CAND_00624,Al28.45Co23.10Cu17.72Ti10.61V20.12,5,28.45,23.1,0.0,17.72,0.0,0.0,0.0,0.0,0.0,10.61,20.12,0.0,100.0,True,950.0993,1128.4437,53.48806,498.8893333333333,1.1877113213456114,True,0.4943536,0.4381523544801183,0.6130072037499913,0.6333838822883174,0.5280111762842123,False,1027,1581.0852,182.05055,1305.8726,1890.2153,630.985905078125,0.49435353391430287,0.4381523544801183,0.6130072037499913,0.6333838822883174,1.0,0.0,0.5339438332908562,0.42715506663268493,Low,993,True
CAND_03446,Al27.51Co22.27Fe30.03Mn11.60W8.59,5,27.51,22.27,0.0,0.0,30.03,11.6,0.0,0.0,0.0,0.0,0.0,8.59,100.0,True,714.8388,1553.1158,49.280113,410.4148,2.1726797519006067,True,0.298153,0.7716570793007362,0.5377453323324761,0.4437905858940555,0.5219479486547337,False,1130,1581.0852,182.05055,1305.8726,1890.2153,866.246405078125,0.2981529993135998,0.7716570793007362,0.5377453323324761,0.4437905858940557,1.0,0.0,0.533927561202472,0.4271420489619776,Low,994,True
CAND_04359,Al28.23Co12.97Ni25.74Ti24.55V8.51,5,28.23,12.97,0.0,0.0,0.0,0.0,0.0,0.0,25.74,24.55,8.51,0.0,100.0,True,958.907,1033.4763,61.17771,434.3305666666666,1.077764912494211,True,0.5016989,0.3635722805738515,0.7505415998689767,0.4950400117717395,0.5214727711830994,False,1140,1581.0852,182.05055,1305.8726,1890.2153,622.178205078125,0.5016989040406208,0.3635722805738515,0.7505415998689767,0.4950400117717394,1.0,0.0,0.5339148919087645,0.42713191352701163,Low,995,True
CAND_04016,Al20.64Fe15.51Nb24.70Ni39.15,4,20.64,0.0,0.0,0.0,15.51,0.0,0.0,24.7,39.15,0.0,0.0,0.0,100.0,True,895.3815,1475.2622,51.366173,315.283,1.6476353932704515,True,0.44872043,0.7105168644283806,0.5750558734322625,0.2399313410425846,0.5275248653938708,False,1034,1581.0852,182.05055,1305.8726,1890.2153,685.703705078125,0.448720452236017,0.7105168644283806,0.5750558734322625,0.2399313410425846,1.0,0.0,0.5338416355735849,0.42707330845886793,Low,996,True
CAND_00456,Al9.27Co36.68Cu10.25Fe14.99Nb18.23V10.58,6,9.27,36.68,0.0,10.25,14.99,0.0,0.0,18.23,0.0,0.0,10.58,0.0,100.0,True,1320.3395,1020.5587,54.16056,326.19640000000004,0.7729517426095491,False,0.8031233,0.3534277934899512,0.6250353040393436,0.2633178162565724,0.5427218310479195,False,833,1581.0852,182.05055,1305.8726,1890.2153,260.74570507812496,0.8031232813673228,0.3534277934899512,0.6250353040393436,0.26331781625657247,1.0,0.0,0.533817422039105,0.427053937631284,Low,997,True
CAND_01982,Co23.39Nb18.09Ni28.36Ti30.16,4,0.0,23.39,0.0,0.0,0.0,0.0,0.0,18.09,28.36,30.16,0.0,0.0,100.0,True,873.16235,1264.4047,63.34098,284.1622,1.448075143080907,True,0.43019032,0.5449256411908207,0.7892330920815377,0.1732421499711062,0.515829397229223,False,1236,1581.0852,182.05055,1305.8726,1890.2153,707.922855078125,0.4301903160322208,0.5449256411908207,0.7892330920815377,0.1732421499711062,1.0,0.0,0.5337815214854286,0.42702521718834285,Low,998,True
CAND_04791,Al19.20Co28.71Mn25.15V26.94,4,19.2,28.71,0.0,0.0,0.0,25.15,0.0,0.0,0.0,0.0,26.94,0.0,100.0,True,843.64264,1194.8333,63.765762,347.13866666666667,1.4162789367657531,True,0.40557173,0.490289627634985,0.7968305946794731,0.3081952880183261,0.5141953503366624,False,1271,1581.0852,182.05055,1305.8726,1890.2153,737.442565078125,0.405571721396667,0.49028962763498507,0.7968305946794731,0.3081952880183261,1.0,0.0,0.5337582902462531,0.4270066321970025,Low,999,True
CAND_01610,Al18.72Cr7.55Fe16.13Mo9.93Nb24.10V23.57,6,18.72,0.0,7.55,0.0,16.13,0.0,9.93,24.1,0.0,0.0,23.57,0.0,100.0,True,1348.2208,1189.857,44.682877,341.903,0.8825386596647691,False,0.82637554,0.4863816252912359,0.4555207737275383,0.29697570578651,0.5522537120295201,False,719,1581.0852,182.05055,1305.8726,1890.2153,232.86440507812495,0.826375488879262,0.48638162529123596,0.4555207737275383,0.29697570578651,1.0,0.0,0.5337109477934243,0.42696875823473945,Low,1000,True
CAND_00823,Al15.64Cr22.99Cu24.72Mn12.85Nb8.68Ti15.12,6,15.64,0.0,22.99,24.72,0.0,12.85,0.0,8.68,0.0,15.12,0.0,0.0,100.0,True,1204.7606,1475.0629,37.72056,342.0873333333334,1.2243618154256404,True,0.7067338,0.7103603495745516,0.3309952017985238,0.2973707162260717,0.5524826715236073,False,713,1581.0852,182.05055,1305.8726,1890.2153,376.32460507812493,0.706733781351123,0.7103603495745516,0.3309952017985238,0.2973707162260717,1.0,0.0,0.5336957181836142,0.42695657454689134,Low,1001,True
CAND_03836,Al20.07Co21.86Mn13.28Ni16.79W28.00,5,20.07,21.86,0.0,0.0,0.0,13.28,0.0,0.0,16.79,0.0,0.0,28.0,100.0,True,691.9596,1538.166,54.059456,354.02259999999995,2.222913030937634,True,0.2790724,0.7599166590208938,0.6232269931818647,0.3229469635983235,0.5159455176742801,False,1234,1581.0852,182.05055,1305.8726,1890.2153,889.125605078125,0.27907240027025676,0.7599166590208938,0.6232269931818647,0.3229469635983235,1.0,0.0,0.5331532402681403,0.4265225922145122,Low,1002,True
CAND_01033,Al11.72Co10.03Fe27.73Mo22.94Nb17.45Ti10.13,6,11.72,10.03,0.0,0.0,27.73,0.0,22.94,17.45,0.0,10.13,0.0,0.0,100.0,True,1083.9844,1361.0524,49.525787,305.16333333333336,1.2556014933333333,True,0.60600984,0.6208252931647686,0.5421393717532738,0.2182457679238665,0.5363222543263748,False,916,1581.0852,182.05055,1305.8726,1890.2153,497.10080507812495,0.6060098816440261,0.6208252931647686,0.5421393717532738,0.2182457679238665,1.0,0.0,0.5331287350749992,0.4265029880599994,Low,1003,True
CAND_00244,Al5.26Cr34.32Mn16.41Mo9.61Ni24.45V9.95,6,5.26,0.0,34.32,0.0,0.0,16.41,9.61,0.0,24.45,0.0,9.95,0.0,100.0,True,1163.69,1100.8162,59.85429,271.5174,0.9459703661868292,False,0.672482,0.4164558460799158,0.7268713716385908,0.1461454338436086,0.5303210278418106,False,997,1581.0852,182.05055,1305.8726,1890.2153,417.39520507812495,0.672482074513929,0.4164558460799158,0.7268713716385908,0.14614543384360862,1.0,0.0,0.5330404990205756,0.4264323992164605,Low,1004,True
CAND_03155,Cr43.14Cu7.19Mo14.96V34.71,4,0.0,0.0,43.14,7.19,0.0,0.0,14.96,0.0,0.0,0.0,34.71,0.0,100.0,True,1250.2653,1042.703,56.766857,309.246,0.8339854224294004,False,0.7446834,0.3708182193687532,0.671650622552114,0.2269945705707935,0.5366123254831031,False,909,1581.0852,182.05055,1305.8726,1890.2153,330.819905078125,0.7446834008871037,0.3708182193687532,0.671650622552114,0.2269945705707935,1.0,0.0,0.5329606883836551,0.4263685507069241,Low,1005,True
CAND_04176,Al32.10Fe14.63Mn20.21Ti5.25W27.81,5,32.1,0.0,0.0,0.0,14.63,20.21,0.0,0.0,0.0,5.25,0.0,27.81,100.0,True,828.1932,1598.4054,39.011528,471.3476666666666,1.929991028421378,True,0.39268732,0.807224039280532,0.354085004883051,0.574364465346584,0.5346493364702591,False,939,1581.0852,182.05055,1305.8726,1890.2153,752.892005078125,0.3926873298932846,0.807224039280532,0.354085004883051,0.574364465346584,1.0,0.0,0.5327192155243836,0.4261753724195069,Low,1006,True
CAND_01923,Cr23.23Cu9.46Ni30.13Ti10.87V10.33W15.98,6,0.0,0.0,23.23,9.46,0.0,0.0,0.0,0.0,30.13,10.87,10.33,15.98,100.0,True,1380.8628,1023.014,54.863247,269.9782,0.7408513034090792,False,0.853598,0.3553559968045839,0.6376033184750673,0.1428470609580395,0.5435140933500363,False,824,1581.0852,182.05055,1305.8726,1890.2153,200.2224050781249,0.8535979841576286,0.35535599680458396,0.6376033184750673,0.1428470609580395,1.0,0.0,0.5327143497670085,0.4261714798136068,Low,1007,True
CAND_01238,Al15.71Cr13.48Nb6.75Ni20.88Ti33.38W9.80,6,15.71,0.0,13.48,0.0,0.0,0.0,0.0,6.75,20.88,33.38,0.0,9.8,100.0,True,1118.4333,1305.1885,50.125916,312.217,1.16697923971585,True,0.63473934,0.5769540932509845,0.5528730695949817,0.2333611674022812,0.5367304752701113,False,907,1581.0852,182.05055,1305.8726,1890.2153,462.6519050781251,0.6347392798915269,0.5769540932509845,0.5528730695949817,0.2333611674022812,1.0,0.0,0.5326371439370137,0.42610971514961093,Low,1008,True
CAND_00327,Al33.45Co9.53Cr17.70Mo39.32,4,33.45,9.53,17.7,0.0,0.0,0.0,39.32,0.0,0.0,0.0,0.0,0.0,100.0,True,855.076,1335.3146,45.97512,530.1831333333333,1.5616326707074772,True,0.41510683,0.600612809447359,0.478633381017075,0.700443797443218,0.5294408090894082,False,1007,1581.0852,182.05055,1305.8726,1890.2153,726.009205078125,0.415106816936642,0.600612809447359,0.47863338101707503,0.700443797443218,1.0,0.0,0.5326171309899734,0.4260937047919788,Low,1009,True
CAND_03728,Al19.81Co38.14Fe16.67Mn25.38,4,19.81,38.14,0.0,0.0,16.67,25.38,0.0,0.0,0.0,0.0,0.0,0.0,100.0,True,661.6535,1576.8267,54.896652,329.67646666666667,2.383160811292362,True,0.253798,0.7902777920335698,0.6382007886463177,0.270775299061475,0.5133892350006303,False,1293,1581.0852,182.05055,1305.8726,1890.2153,919.431705078125,0.2537979788452306,0.7902777920335698,0.6382007886463177,0.27077529906147507,1.0,0.0,0.5326093637744952,0.4260874910195962,Low,1010,True
CAND_02898,Co40.67Nb37.67Ni13.05Ti8.61,4,0.0,40.67,0.0,0.0,0.0,0.0,0.0,37.67,13.05,8.61,0.0,0.0,100.0,True,857.6992,1473.7443,53.077446,308.355,1.7182530516325016,True,0.41729453,0.7093248227995447,0.6056631050552522,0.2250852343954803,0.5231643738416499,False,1111,1581.0852,182.05055,1305.8726,1890.2153,723.386005078125,0.41729449078059183,0.7093248227995447,0.6056631050552522,0.22508523439548037,1.0,0.0,0.532582786210909,0.42606622896872726,Low,1011,True
CAND_01263,Al41.99Co6.43Mn16.64Ni8.80V18.76W7.38,6,41.99,6.43,0.0,0.0,0.0,16.64,0.0,0.0,8.8,0.0,18.76,7.38,100.0,True,950.44196,1089.9119,48.73909,601.899,1.146742200948482,True,0.49463934,0.4078924495891611,0.5280687837780579,0.8541247161532125,0.5308954512840243,False,988,1581.0852,182.05055,1305.8726,1890.2153,630.643245078125,0.49463930256304023,0.4078924495891611,0.5280687837780579,0.8541247161532125,1.0,0.0,0.5325669030739075,0.42605352245912603,Low,1012,True
CAND_01232,Al18.82Co21.40Cu29.95Fe7.02Nb7.32Ti15.49,6,18.82,21.4,0.0,29.95,7.02,0.0,0.0,7.32,0.0,15.49,0.0,0.0,100.0,True,963.1729,1523.6624,44.205864,351.2779333333333,1.5819199025133668,True,0.5052566,0.7485266498187156,0.4469890856928546,0.3170653795850318,0.5354420542550313,False,930,1581.0852,182.05055,1305.8726,1890.2153,617.912305078125,0.5052565427456015,0.7485266498187156,0.4469890856928546,0.31706537958503167,1.0,0.0,0.5325286632776262,0.42602293062210095,Low,1013,True
CAND_03591,Cr28.24Cu11.56Fe7.13Ti9.74W43.33,5,0.0,0.0,28.24,11.56,7.13,0.0,0.0,0.0,0.0,9.74,0.0,43.33,100.0,True,944.9438,1461.5065,50.17291,309.016,1.5466597280098726,True,0.49005404,0.6997141982225833,0.5537135878775065,0.2265017004020819,0.5293341238406335,False,1009,1581.0852,182.05055,1305.8726,1890.2153,636.141405078125,0.4900539942290011,0.6997141982225833,0.5537135878775065,0.22650170040208198,1.0,0.0,0.5325170894475895,0.42601367155807157,Low,1014,True
CAND_03136,Al9.31Co26.79Nb23.31W40.59,4,9.31,26.79,0.0,0.0,0.0,0.0,0.0,23.31,0.0,0.0,0.0,40.59,100.0,True,857.31775,1385.4073,54.65923,346.62420000000003,1.6159787915018724,True,0.4169764,0.6399517538447466,0.633954341617472,0.3070928303105153,0.521630959745574,False,1134,1581.0852,182.05055,1305.8726,1890.2153,723.767455078125,0.41697637238025076,0.6399517538447466,0.633954341617472,0.3070928303105153,1.0,0.0,0.5324798462803055,0.42598387702424445,Low,1015,True
CAND_03140,Co38.14Fe13.88Mo15.74Ni13.14W19.10,5,0.0,38.14,0.0,0.0,13.88,0.0,15.74,0.0,13.14,0.0,0.0,19.1,100.0,True,775.75433,1405.3137,59.542732,303.4116,1.811544762717173,True,0.34895483,0.6555847056072219,0.7212989539881076,0.214491954430224,0.5138603972822112,False,1276,1581.0852,182.05055,1305.8726,1890.2153,805.330875078125,0.34895481071621587,0.6555847056072219,0.7212989539881076,0.21449195443022415,1.0,0.0,0.5324775937221864,0.42598207497774915,Low,1016,True
CAND_03217,Al11.56Co22.44Cu5.05Fe13.63Ni38.53Ti8.79,6,11.56,22.44,0.0,5.05,13.63,0.0,0.0,0.0,38.53,8.79,0.0,0.0,100.0,True,768.4051,1472.1521,55.037086,334.1508,1.9158541744743995,True,0.34282577,0.7080744316792912,0.6407125421571502,0.2803634096043966,0.5175027090872844,False,1207,1581.0852,182.05055,1305.8726,1890.2153,812.680105078125,0.3428257628951684,0.7080744316792912,0.6407125421571502,0.2803634096043966,1.0,0.0,0.532397044315384,0.42591763545230726,Low,1017,True
CAND_02553,Al15.81Co22.22Fe11.49Nb8.78W41.70,5,15.81,22.22,0.0,0.0,11.49,0.0,0.0,8.78,0.0,0.0,0.0,41.7,100.0,True,844.63495,1583.6005,45.557198,361.1556,1.874893410911111,True,0.4063993,0.7955974122887971,0.4711585739849164,0.3382323675697142,0.5291235181891063,False,1014,1581.0852,182.05055,1305.8726,1890.2153,736.450255078125,0.4063992795821236,0.7955974122887971,0.47115857398491645,0.3382323675697142,1.0,0.0,0.5323614709131022,0.42588917673048177,Low,1018,True
CAND_00855,Al42.58Fe6.95Mo11.00Nb8.17Ti23.64V7.66,6,42.58,0.0,0.0,0.0,6.95,0.0,11.0,8.17,0.0,23.64,7.66,0.0,100.0,True,1034.6382,1110.2349,43.65518,616.592,1.0730658481438116,True,0.5648565,0.4238525668714816,0.4371397438642425,0.8856105482787758,0.5387392470400735,False,881,1581.0852,182.05055,1305.8726,1890.2153,546.4470050781249,0.5648565608761403,0.42385256687148165,0.43713974386424254,0.8856105482787758,1.0,0.0,0.5323534156815687,0.425882732545255,Low,1019,True
CAND_03880,Al14.56Cu39.89Mn21.57Nb17.42Ti6.56,5,14.56,0.0,0.0,39.89,0.0,21.57,0.0,17.42,0.0,6.56,0.0,0.0,100.0,True,879.17737,1556.4341,48.847305,303.4396666666667,1.7703300339159267,True,0.43520668,0.7742630162774583,0.5300042794997119,0.2145520988768988,0.5275247970169159,False,1035,1581.0852,182.05055,1305.8726,1890.2153,701.907835078125,0.43520667083735776,0.7742630162774583,0.5300042794997119,0.21455209887689886,1.0,0.0,0.5322646712740253,0.42581173701922026,Low,1020,True
CAND_01319,Al14.47Co33.34Cu44.96Ni7.23,4,14.47,33.34,0.0,44.96,0.0,0.0,0.0,0.0,7.23,0.0,0.0,0.0,100.0,True,648.482,1450.1244,60.365448,338.7116666666667,2.236182981194156,True,0.24281333,0.6907755744505466,0.736013765226256,0.2901369536194885,0.5076006628058098,False,1401,1581.0852,182.05055,1305.8726,1890.2153,932.603205078125,0.24281332421135382,0.6907755744505466,0.736013765226256,0.2901369536194885,1.0,0.0,0.5322606759988026,0.42580854079904207,Low,1021,True
CAND_00587,Al32.56Cu5.97Fe20.90W40.57,4,32.56,0.0,0.0,5.97,20.9,0.0,0.0,0.0,0.0,0.0,0.0,40.57,100.0,True,770.53937,1511.745,46.222374,450.1866666666666,1.9619309063467536,True,0.3446057,0.7391676426986876,0.4830556797664335,0.5290182669113396,0.525248668502847,False,1083,1581.0852,182.05055,1305.8726,1890.2153,810.545835078125,0.3446056830899408,0.7391676426986876,0.4830556797664335,0.5290182669113396,1.0,0.0,0.5321711575487225,0.425736926038978,Low,1022,True
CAND_03000,Co22.65Cr12.20Mo29.67Ni28.71V6.77,5,0.0,22.65,12.2,0.0,0.0,0.0,29.67,0.0,28.71,0.0,6.77,0.0,100.0,True,1174.3298,1012.5657,62.487167,282.52840000000003,0.8622498302410263,False,0.6813554,0.3471507075559065,0.7739620907546191,0.1697410574422323,0.5275035275448832,False,1036,1581.0852,182.05055,1305.8726,1890.2153,406.755405078125,0.6813553636893094,0.3471507075559065,0.7739620907546191,0.16974105744223233,1.0,0.0,0.5321338390318199,0.4257070712254559,Low,1023,True
CAND_03376,Al32.72Co13.75Cu14.62Mo6.42V32.49,5,32.72,13.75,0.0,14.62,0.0,0.0,6.42,0.0,0.0,0.0,32.49,0.0,100.0,True,1107.291,988.4552,51.992966,518.0477333333333,0.8926787863821651,False,0.6254469,0.3282161797925156,0.5862664742719114,0.6744386815937277,0.5338313553932139,False,954,1581.0852,182.05055,1305.8726,1890.2153,473.79420507812506,0.625446920074722,0.3282161797925156,0.5862664742719114,0.6744386815937277,1.0,0.0,0.5318723284770678,0.42549786278165425,Low,1024,True
CAND_02415,Al16.07Cu22.35Mn11.86Ni7.53Ti10.44W31.75,6,16.07,0.0,0.0,22.35,0.0,11.86,0.0,0.0,7.53,10.44,0.0,31.75,100.0,True,1030.172,1464.2012,44.57531,343.0513333333334,1.421317220972823,True,0.5611319,0.7018304078393067,0.4535968679077246,0.2994364851071064,0.5372033923922592,False,902,1581.0852,182.05055,1305.8726,1890.2153,550.913205078125,0.5611318776945877,0.7018304078393067,0.45359686790772463,0.2994364851071064,1.0,0.0,0.5318266249138223,0.42546129993105786,Low,1025,True
CAND_02475,Cr31.43Cu6.17Fe8.62Ti16.41V18.87W18.50,6,0.0,0.0,31.43,6.17,8.62,0.0,0.0,0.0,0.0,16.41,18.87,18.5,100.0,True,1208.4318,1120.006,54.950775,306.427,0.926826019122432,False,0.7097954,0.4315260354527583,0.6391688137347348,0.2209536966334109,0.5353317051058895,False,932,1581.0852,182.05055,1305.8726,1890.2153,372.65340507812493,0.7097954572492278,0.43152603545275836,0.6391688137347348,0.22095369663341094,1.0,0.0,0.5318003735635665,0.4254402988508532,Low,1026,True
CAND_03646,Al14.95Cu35.85Fe15.93Mn10.45Nb22.82,5,14.95,0.0,0.0,35.85,15.93,10.45,0.0,22.82,0.0,0.0,0.0,0.0,100.0,True,931.20056,1440.4448,51.39659,310.555,1.5468684830295232,True,0.47859251,0.6831739629145553,0.5755999012783609,0.2297996447048956,0.5268998653972192,False,1049,1581.0852,182.05055,1305.8726,1890.2153,649.884645078125,0.4785925247721829,0.6831739629145553,0.5755999012783609,0.22979964470489567,1.0,0.0,0.5317502371566549,0.42540018972532395,Low,1027,True
CAND_01514,Al24.75Co15.38Cr12.80Fe16.84Ni11.34V18.89,6,24.75,15.38,12.8,0.0,16.84,0.0,0.0,0.0,11.34,0.0,18.89,0.0,100.0,True,1233.7213,1142.2766,47.766197,393.4548333333333,0.9258789546085768,False,0.7308862,0.4490156476137409,0.5106679591315021,0.4074468396664768,0.5427545882175002,False,832,1581.0852,182.05055,1305.8726,1890.2153,347.3639050781251,0.7308861776199846,0.4490156476137409,0.5106679591315021,0.4074468396664767,1.0,0.0,0.5317436523785406,0.4253949219028325,Low,1028,True
CAND_02346,Al42.72Mo17.13Nb26.72Ni13.43,4,42.72,0.0,0.0,0.0,0.0,0.0,17.13,26.72,13.43,0.0,0.0,0.0,100.0,True,777.75696,1251.817,49.48285,580.136,1.6095220841308444,True,0.35062498,0.5350402321313968,0.5413714155568069,0.8074884836242099,0.522165694105299,False,1127,1581.0852,182.05055,1305.8726,1890.2153,803.328245078125,0.35062494691250645,0.5350402321313968,0.5413714155568069,0.8074884836242099,1.0,0.0,0.5317030035782192,0.4253624028625754,Low,1029,True
CAND_04132,Co24.66Mo12.36Nb40.01W22.97,4,0.0,24.66,0.0,0.0,0.0,0.0,12.36,40.01,0.0,0.0,0.0,22.97,100.0,True,734.9015,1424.3766,58.652374,328.29,1.9381871187096087,True,0.31488472,0.6705552375041443,0.7053743215458368,0.2678042205401142,0.5121462043687974,False,1314,1581.0852,182.05055,1305.8726,1890.2153,846.183705078125,0.31488471783640126,0.6705552375041443,0.7053743215458368,0.2678042205401142,1.0,0.0,0.5316706802551117,0.42533654420408934,Low,1030,True
CAND_04331,Co30.94Cr20.05Cu10.82Mn26.64Ni11.55,5,0.0,30.94,20.05,10.82,0.0,26.64,0.0,0.0,11.55,0.0,0.0,0.0,100.0,True,513.84174,1506.371,67.02731,271.5952666666667,2.931585534868876,True,0.1305272,0.7349473174378901,0.8551655038877056,0.1463122953963782,0.4953805772423243,False,1659,1581.0852,182.05055,1305.8726,1890.2153,1067.2434650781252,0.1305271946197834,0.7349473174378901,0.8551655038877056,0.14631229539637827,1.0,0.0,0.5316124893620813,0.42528999148966506,Low,1031,True
CAND_01070,Al13.44Fe18.79Nb30.80Ni21.26W15.71,5,13.44,0.0,0.0,0.0,18.79,0.0,0.0,30.8,21.26,0.0,0.0,15.71,100.0,True,993.44257,1449.907,51.541283,260.304,1.4594774270219086,True,0.53050065,0.6906048452522404,0.5781878297767508,0.1221160844965186,0.529196021796335,False,1013,1581.0852,182.05055,1305.8726,1890.2153,587.642635078125,0.5305005825915888,0.6906048452522404,0.5781878297767508,0.12211608449651865,1.0,0.0,0.5315803608310724,0.42526428866485794,Low,1032,True
CAND_01517,Al19.67Cr7.97Fe8.77Ni29.48Ti8.45V25.66,6,19.67,0.0,7.97,0.0,8.77,0.0,0.0,0.0,29.48,8.45,25.66,0.0,100.0,True,1284.4567,1028.4825,54.727165,326.6116,0.8007140513134573,False,0.773198,0.3596505350793648,0.6351694033173341,0.2642075540567857,0.5382780619240097,False,890,1581.0852,182.05055,1305.8726,1890.2153,296.62850507812504,0.7731980514924814,0.3596505350793648,0.6351694033173341,0.2642075540567857,1.0,0.0,0.5313766275006478,0.4251013020005183,Low,1033,True
CAND_04640,Al6.74Cr22.80Mn15.82Mo17.75Ni18.66W18.23,6,6.74,0.0,22.8,0.0,0.0,15.82,17.75,0.0,18.66,0.0,0.0,18.23,100.0,True,861.34357,1402.9613,57.852467,273.944,1.6288056867461205,True,0.4203338,0.6537373120189264,0.691067464121071,0.1513454284148937,0.5176900266291216,False,1202,1581.0852,182.05055,1305.8726,1890.2153,719.741635078125,0.4203337912253446,0.6537373120189264,0.691067464121071,0.15134542841489373,1.0,0.0,0.5312266949105694,0.42498135592845554,Low,1034,True
CAND_01554,Cr26.41Nb27.06Ni10.38Ti30.27W5.88,5,0.0,0.0,26.41,0.0,0.0,0.0,0.0,27.06,10.38,30.27,0.0,5.88,100.0,True,876.4881,1438.1626,54.291927,297.66,1.640823877750876,True,0.43296394,0.6813816989937902,0.6273848883526693,0.2021667715503909,0.521474937715854,False,1139,1581.0852,182.05055,1305.8726,1890.2153,704.597105078125,0.4329638965013105,0.6813816989937902,0.6273848883526693,0.2021667715503909,1.0,0.0,0.5311959660618241,0.42495677284945926,Low,1035,True
CAND_02327,Co20.94Cr29.24Ni6.45Ti23.08V13.47W6.82,6,0.0,20.94,29.24,0.0,0.0,0.0,0.0,0.0,6.45,23.08,13.47,6.82,100.0,True,942.7226,1231.4772,60.009926,310.306,1.3062985932986468,True,0.48820162,0.519066921424368,0.7296550228157412,0.2292660591744209,0.5189842294460152,False,1179,1581.0852,182.05055,1305.8726,1890.2153,638.362605078125,0.4882015768981909,0.519066921424368,0.7296550228157412,0.2292660591744209,1.0,0.0,0.5310568863727436,0.4248455090981949,Low,1036,True
CAND_02761,Al16.53Co15.61Cu8.58Mn14.95Ni12.59W31.74,6,16.53,15.61,0.0,8.58,0.0,14.95,0.0,0.0,12.59,0.0,0.0,31.74,100.0,True,698.1204,1467.4526,56.451912,355.2386,2.10200497362958,True,0.28421035,0.7043838067140663,0.6660176262017345,0.3255527467511639,0.5119155712745975,False,1321,1581.0852,182.05055,1305.8726,1890.2153,882.964805078125,0.28421033142983526,0.7043838067140663,0.6660176262017345,0.3255527467511641,1.0,0.0,0.5310059247448736,0.42480473979589894,Low,1037,True
CAND_00677,Cr35.45Fe11.65Mn14.34Nb9.12W29.44,5,0.0,0.0,35.45,0.0,11.65,14.34,0.0,9.12,0.0,0.0,0.0,29.44,100.0,True,870.5185,1579.1168,47.57838,309.53,1.813995695111156,True,0.42798546,0.7920762600052395,0.5073087298199107,0.2276031580834634,0.5269861809796006,False,1047,1581.0852,182.05055,1305.8726,1890.2153,710.566705078125,0.4279854206783299,0.7920762600052395,0.5073087298199107,0.22760315808346346,1.0,0.0,0.530952325829647,0.4247618606637176,Low,1038,True
CAND_01257,Al18.14Co24.90Cu28.33Mn9.91Ni10.83W7.89,6,18.14,24.9,0.0,28.33,0.0,9.91,0.0,0.0,10.83,0.0,0.0,7.89,100.0,True,691.9256,1400.6781,60.46213,341.06146666666666,2.024318949546108,True,0.27904406,0.6519442627752619,0.7377429857350667,0.2951723724126993,0.5080080996980056,False,1389,1581.0852,182.05055,1305.8726,1890.2153,889.159605078125,0.2790440452417823,0.6519442627752619,0.7377429857350667,0.29517237241269934,1.0,0.0,0.530943041725449,0.42475443338035923,Low,1039,True
CAND_04034,Al25.89Mn20.17Mo6.53Ni34.23W13.18,5,25.89,0.0,0.0,0.0,0.0,20.17,6.53,0.0,34.23,0.0,0.0,13.18,100.0,True,745.8311,1552.0433,49.938957,370.7905,2.080958097995392,True,0.32399973,0.7708148204912451,0.5495291861719379,0.3588791275197985,0.519658536108508,False,1171,1581.0852,182.05055,1305.8726,1890.2153,835.254105078125,0.3239996919309553,0.7708148204912451,0.5495291861719379,0.35887912751979867,1.0,0.0,0.5309349941096635,0.42474799528773083,Low,1040,True
CAND_02055,Al16.94Mn11.92Ni26.96Ti44.18,4,16.94,0.0,0.0,0.0,0.0,11.92,0.0,0.0,26.96,44.18,0.0,0.0,100.0,True,1026.7339,1252.5061,55.830368,309.6706,1.2198936026186649,True,0.5582646,0.5355813981412993,0.654900907144121,0.2279044517605106,0.5260647098588906,False,1064,1581.0852,182.05055,1305.8726,1890.2153,554.351305078125,0.5582646005358182,0.5355813981412993,0.654900907144121,0.22790445176051063,1.0,0.0,0.5308965094836573,0.4247172075869259,Low,1041,True
CAND_03039,Al30.79Co9.57Fe8.91Nb10.13Ni28.82V11.78,6,30.79,9.57,0.0,0.0,8.91,0.0,0.0,10.13,28.82,0.0,11.78,0.0,100.0,True,1101.3107,1077.6057,51.55538,460.8403666666666,0.9784756748356812,False,0.6204595,0.3982281089258882,0.5784399637987271,0.5518482274174388,0.5329935127930121,False,961,1581.0852,182.05055,1305.8726,1890.2153,479.774505078125,0.6204595207574861,0.3982281089258882,0.5784399637987271,0.5518482274174388,1.0,0.0,0.5308925361193719,0.4247140288954976,Low,1042,True
CAND_04820,Al32.65Nb13.66Ni15.37Ti38.32,4,32.65,0.0,0.0,0.0,0.0,0.0,0.0,13.66,15.37,38.32,0.0,0.0,100.0,True,999.94293,1247.55,47.165573,475.1025333333334,1.2476211990857633,True,0.53592175,0.5316892593201159,0.4999254078925551,0.5824108208574085,0.5326262786336399,False,963,1581.0852,182.05055,1305.8726,1890.2153,581.142275078125,0.5359216970884849,0.5316892593201159,0.4999254078925551,0.5824108208574085,1.0,0.0,0.5308264475645338,0.4246611580516271,Low,1043,True
CAND_04162,Al6.46Co33.58Cr15.30Mn16.80Nb7.72V20.14,6,6.46,33.58,15.3,0.0,0.0,16.8,0.0,7.72,0.0,0.0,20.14,0.0,100.0,True,1173.599,1125.9658,55.36359,314.5816,0.959412713317689,False,0.6807459,0.4362064028679615,0.6465522787472984,0.2384283013193918,0.5324880175692338,False,966,1581.0852,182.05055,1305.8726,1890.2153,407.48620507812507,0.6807458973713928,0.4362064028679615,0.6465522787472984,0.23842830131939186,1.0,0.0,0.530778324025335,0.424622659220268,Low,1044,True
CAND_00284,Al20.37Co8.70Cr14.48Fe16.43Ni15.28V24.74,6,20.37,8.7,14.48,0.0,16.43,0.0,0.0,0.0,15.28,0.0,24.74,0.0,100.0,True,1275.5685,1171.7334,48.39527,331.0168,0.918597015404724,False,0.7657856,0.4721487471936192,0.5219193392554035,0.2736475178272567,0.5429072740210937,False,831,1581.0852,182.05055,1305.8726,1890.2153,305.5167050781249,0.7657855466663931,0.4721487471936192,0.5219193392554035,0.2736475178272567,1.0,0.0,0.5307139402753935,0.42457115222031483,Low,1045,True
CAND_04940,Cr17.17Mn10.81Ni37.17Ti13.98W20.87,5,0.0,0.0,17.17,0.0,0.0,10.81,0.0,0.0,37.17,13.98,0.0,20.87,100.0,True,1136.5465,1423.3279,46.259594,272.4072,1.2523270178503207,True,0.6498452,0.6697316693796562,0.4837213836962025,0.1480521985223893,0.5390112373454685,False,879,1581.0852,182.05055,1305.8726,1890.2153,444.5387050781251,0.6498451711198863,0.6697316693796562,0.4837213836962025,0.14805219852238938,1.0,0.0,0.5307050384810876,0.42456403078487015,Low,1046,True
CAND_03664,Co26.81Cr22.86V8.13W42.20,4,0.0,26.81,22.86,0.0,0.0,0.0,0.0,0.0,0.0,0.0,8.13,42.2,100.0,True,912.5225,1178.2479,63.354233,311.9836,1.2911987064745634,True,0.46301562,0.4772647332210599,0.78947013061408,0.2328610113267277,0.5143807950613398,False,1264,1581.0852,182.05055,1305.8726,1890.2153,668.562705078125,0.46301555644429104,0.47726473322105994,0.78947013061408,0.23286101132672785,1.0,0.0,0.5307034999606239,0.42456279996849916,Low,1047,True
CAND_03444,Al14.19Co32.01Cu21.72W32.08,4,14.19,32.01,0.0,21.72,0.0,0.0,0.0,0.0,0.0,0.0,0.0,32.08,100.0,True,627.55096,1479.6378,58.608337,354.99,2.357797030110014,True,0.22535746,0.7139531233065247,0.7045866911332832,0.3250200183862001,0.5066928514219488,False,1418,1581.0852,182.05055,1305.8726,1890.2153,953.534245078125,0.22535743494074237,0.7139531233065247,0.7045866911332832,0.3250200183862001,1.0,0.0,0.530654305825058,0.42452344466004643,Low,1048,True
CAND_01964,Cr35.81Mn13.12Mo41.83V9.24,4,0.0,0.0,35.81,0.0,0.0,13.12,41.83,0.0,0.0,0.0,9.24,0.0,100.0,True,1122.6929,1117.7512,57.904377,310.582,0.9955983767057006,False,0.63829166,0.4297552893794336,0.6919959082638523,0.2298575033768748,0.5278916954183144,False,1029,1581.0852,182.05055,1305.8726,1890.2153,458.392305078125,0.6382916645765258,0.4297552893794336,0.6919959082638523,0.22985750337687483,1.0,0.0,0.5305769009436484,0.4244615207549187,Low,1049,True
CAND_01729,Al20.43Co25.77Cu44.30Ni9.50,4,20.43,25.77,0.0,44.3,0.0,0.0,0.0,0.0,9.5,0.0,0.0,0.0,100.0,True,712.9106,1375.2584,59.84682,354.52286666666663,1.929075583722956,True,0.29654494,0.6319815902721172,0.7267377658257114,0.3240189919305008,0.5088452535818533,False,1378,1581.0852,182.05055,1305.8726,1890.2153,868.174605078125,0.2965449356105257,0.6319815902721172,0.7267377658257114,0.3240189919305008,1.0,0.0,0.5303548895215551,0.4242839116172441,Low,1050,True
CAND_02276,Al9.42Cr30.08Mo20.04Nb11.33V15.15W13.98,6,9.42,0.0,30.08,0.0,0.0,0.0,20.04,11.33,0.0,0.0,15.15,13.98,100.0,True,1530.2106,1091.4968,42.00132,329.88,0.7132984312613353,False,0.9781498,0.4091371078522496,0.40755938112142,0.2712114534455552,0.5587576271599737,True,105,1581.0852,182.05055,1305.8726,1890.2153,50.87460507812489,0.9781497818518394,0.4091371078522496,0.40755938112142,0.2712114534455552,1.0,0.0,0.530228110171894,0.4241824881375152,Low,1051,True
CAND_01164,Al22.39Fe33.04Nb20.05Ni8.94Ti15.58,5,22.39,0.0,0.0,0.0,33.04,0.0,0.0,20.05,8.94,15.58,0.0,0.0,100.0,True,1237.4598,1324.2821,43.91205,317.2287,1.0701616799235218,True,0.734004,0.5919487345609149,0.4417340310335004,0.244100808378507,0.5448344585709333,False,804,1581.0852,182.05055,1305.8726,1890.2153,343.6254050781249,0.7340039797950406,0.5919487345609149,0.4417340310335004,0.24410080837850703,1.0,0.0,0.5302209458838608,0.42417675670708865,Low,1052,True
CAND_02975,Co25.10Cr30.81Cu16.14V27.95,4,0.0,25.1,30.81,16.14,0.0,0.0,0.0,0.0,0.0,0.0,27.95,0.0,100.0,True,1118.1239,938.8852,65.55972,315.397,0.839696923437534,False,0.63448125,0.2892877236745884,0.8289167013543963,0.2401756332131633,0.5203862157751153,False,1157,1581.0852,182.05055,1305.8726,1890.2153,462.96130507812495,0.6344812491324091,0.2892877236745884,0.8289167013543963,0.24017563321316335,1.0,0.0,0.5301079847737722,0.42408638781901775,Low,1053,True
CAND_02160,Co38.66Cr18.10Cu15.23Mn10.25Mo17.76,5,0.0,38.66,18.1,15.23,0.0,10.25,17.76,0.0,0.0,0.0,0.0,0.0,100.0,True,822.5987,1404.077,56.548447,316.5416,1.7068796856855115,True,0.3880217,0.654613496777667,0.66774421751985,0.2426284123223254,0.5161208805022807,False,1231,1581.0852,182.05055,1305.8726,1890.2153,758.486505078125,0.3880216767520916,0.654613496777667,0.66774421751985,0.24262841232232557,1.0,0.0,0.5301069953256269,0.4240855962605015,Low,1054,True
CAND_01206,Co24.67Cr41.97Ti13.32V20.04,4,0.0,24.67,41.97,0.0,0.0,0.0,0.0,0.0,0.0,13.32,20.04,0.0,100.0,True,930.3635,1143.2024,64.20034,310.115,1.2287695817825746,True,0.47789446,0.4497426995539059,0.804603305114486,0.2288567626430126,0.5137704990205161,False,1278,1581.0852,182.05055,1305.8726,1890.2153,650.721705078125,0.47789444065056946,0.4497426995539059,0.804603305114486,0.2288567626430126,1.0,0.0,0.5301059259596118,0.4240847407676895,Low,1055,True
CAND_00702,Cr27.90Cu9.76Fe6.67Ni28.28V27.39,5,0.0,0.0,27.9,9.76,6.67,0.0,0.0,0.0,28.28,0.0,27.39,0.0,100.0,True,1226.0034,935.95056,64.140656,270.8604,0.7634159467113791,False,0.7244497,0.2869830836814087,0.8035358179209252,0.144737539492115,0.5260244217356975,False,1066,1581.0852,182.05055,1305.8726,1890.2153,355.08180507812494,0.724449669553417,0.28698308368140873,0.8035358179209252,0.14473753949211507,1.0,0.0,0.5299787187928717,0.4239829750342974,Low,1056,True
CAND_04918,Al16.64Cr12.21Fe14.43Mn23.58Nb27.07V6.07,6,16.64,0.0,12.21,0.0,14.43,23.58,0.0,27.07,0.0,0.0,6.07,0.0,100.0,True,1137.4072,1279.0232,50.06401,311.2976666666667,1.1245077137987731,True,0.650563,0.5564058839941275,0.5517658404849258,0.2313911153366196,0.5347408050306987,False,938,1581.0852,182.05055,1305.8726,1890.2153,443.6780050781249,0.6505629703260041,0.5564058839941275,0.5517658404849258,0.2313911153366196,1.0,0.0,0.5298009272257099,0.42384074178056796,Low,1057,True
CAND_03320,Co23.38Cr29.36Cu21.54Ti25.72,4,0.0,23.38,29.36,21.54,0.0,0.0,0.0,0.0,0.0,25.72,0.0,0.0,100.0,True,821.9159,1404.9714,56.794155,311.1703333333333,1.7093858520288097,True,0.38745224,0.655315889578794,0.6721388650527813,0.2311182509823472,0.515532901662348,False,1243,1581.0852,182.05055,1305.8726,1890.2153,759.169305078125,0.3874522410626096,0.655315889578794,0.6721388650527813,0.2311182509823472,1.0,0.0,0.5297672243024771,0.42381377944198173,Low,1058,True
CAND_04711,Al13.79Cu7.56Fe13.26Mn7.10Nb24.26W34.03,6,13.79,0.0,0.0,7.56,13.26,7.1,0.0,24.26,0.0,0.0,0.0,34.03,100.0,True,908.9866,1444.9723,48.888763,357.074,1.589651975164435,True,0.4600667,0.6867295123411019,0.5307457828183676,0.3294858506974826,0.5261482007151199,False,1063,1581.0852,182.05055,1305.8726,1890.2153,672.098605078125,0.4600667168800861,0.6867295123411019,0.5307457828183676,0.32948585069748265,1.0,0.0,0.5296821453724848,0.42374571629798785,Low,1059,True
CAND_04066,Al17.53Co20.61Mn27.57Ti11.25W23.04,5,17.53,20.61,0.0,0.0,0.0,27.57,0.0,0.0,0.0,11.25,0.0,23.04,100.0,True,765.55963,1620.8867,48.20611,332.27860000000004,2.117257276414464,True,0.34045273,0.8248791189763955,0.5185360895145353,0.2763514464310842,0.5206862972131485,False,1153,1581.0852,182.05055,1305.8726,1890.2153,815.525575078125,0.34045272222242373,0.8248791189763955,0.5185360895145353,0.2763514464310842,1.0,0.0,0.5295904600675478,0.4236723680540383,Low,1060,True
CAND_01529,Cr44.01Mn33.22Mo11.79W10.98,4,0.0,0.0,44.01,0.0,0.0,33.22,11.79,0.0,0.0,0.0,0.0,10.98,100.0,True,663.7694,1623.9485,55.031967,282.05733333333336,2.4465552005581874,True,0.2555626,0.8272836206294492,0.6406209855097431,0.1687316021923436,0.5103188569174533,False,1353,1581.0852,182.05055,1305.8726,1890.2153,917.315805078125,0.25556257898491247,0.8272836206294492,0.6406209855097431,0.1687316021923436,1.0,0.0,0.5295717669168374,0.4236574135334699,Low,1061,True
CAND_01974,Co18.49Cr25.47Fe32.08Nb16.45Ti7.51,5,0.0,18.49,25.47,0.0,32.08,0.0,0.0,16.45,0.0,7.51,0.0,0.0,100.0,True,879.2195,1441.0916,56.338146,254.32933333333335,1.6390578562140214,True,0.4352418,0.6836819097658177,0.663982847231447,0.1093128889834945,0.5180697606333109,False,1195,1581.0852,182.05055,1305.8726,1890.2153,701.865705078125,0.4352418060535234,0.6836819097658177,0.663982847231447,0.10931288898349446,1.0,0.0,0.5295068119600843,0.42360544956806745,Low,1062,True
CAND_00847,Cr16.87Fe13.09Ni40.63Ti11.19W18.22,5,0.0,0.0,16.87,0.0,13.09,0.0,0.0,0.0,40.63,11.19,0.0,18.22,100.0,True,1190.0251,1433.3428,43.610073,270.8688,1.2044642957625262,True,0.69444484,0.6775965996837802,0.436332975805132,0.1447555399678419,0.5424090173283236,False,838,1581.0852,182.05055,1305.8726,1890.2153,391.06010507812493,0.6944447954074194,0.6775965996837802,0.436332975805132,0.14475553996784193,1.0,0.0,0.5295034024937048,0.42360272199496385,Low,1063,True
CAND_03588,Al25.72Cr18.11Mo15.60Ni40.57,4,25.72,0.0,18.11,0.0,0.0,0.0,15.6,0.0,40.57,0.0,0.0,0.0,100.0,True,899.5768,1373.7653,50.3196,390.84616666666665,1.527124006690972,True,0.4522192,0.6308090246511837,0.5563372340209192,0.4018566919268579,0.5242712791338503,False,1094,1581.0852,182.05055,1305.8726,1890.2153,681.508405078125,0.452219212558342,0.6308090246511837,0.5563372340209192,0.4018566919268579,1.0,0.0,0.5294771845302451,0.4235817476241961,Low,1064,True
CAND_01646,Co19.79Cr24.11Cu7.27Mo28.66V20.17,5,0.0,19.79,24.11,7.27,0.0,0.0,28.66,0.0,0.0,0.0,20.17,0.0,100.0,True,1221.9679,1115.4486,53.87858,311.517,0.9128297102572024,False,0.7210842,0.4279470048715228,0.6199919081737801,0.2318611277583763,0.5344865158180343,False,944,1581.0852,182.05055,1305.8726,1890.2153,359.1173050781249,0.7210841778649222,0.4279470048715228,0.6199919081737801,0.23186112775837633,1.0,0.0,0.5294318875435778,0.4235455100348623,Low,1065,True
CAND_04245,Al14.19Co32.37Mo12.49Nb24.69Ti8.16V8.10,6,14.19,32.37,0.0,0.0,0.0,0.0,12.49,24.69,0.0,8.16,8.1,0.0,100.0,True,950.95435,1123.3263,60.46254,371.5364,1.1812620711769557,True,0.4950666,0.434133543075279,0.7377503188519715,0.3604775269060681,0.517269264499856,False,1211,1581.0852,182.05055,1305.8726,1890.2153,630.130855078125,0.495066621181865,0.434133543075279,0.7377503188519715,0.36047752690606816,1.0,0.0,0.5294034429095515,0.42352275432764125,Low,1066,True
CAND_00011,Co37.48Nb30.37Ni23.54W8.61,4,0.0,37.48,0.0,0.0,0.0,0.0,0.0,30.37,23.54,0.0,0.0,8.61,100.0,True,710.76587,1391.5787,63.109436,286.2148,1.9578580801615224,True,0.2947563,0.64479829558544,0.785091776909199,0.1776406947897906,0.5047854251104446,False,1461,1581.0852,182.05055,1305.8726,1890.2153,870.319335078125,0.2947562920746402,0.64479829558544,0.785091776909199,0.1776406947897908,1.0,0.0,0.5293021989855203,0.4234417591884163,Low,1067,True
CAND_04719,Al21.41Mn11.37Mo7.13Ti39.73W20.36,5,21.41,0.0,0.0,0.0,0.0,11.37,7.13,0.0,0.0,39.73,0.0,20.36,100.0,True,1002.86285,1333.2863,49.085983,373.54,1.329480192308336,True,0.5383569,0.5990199390107241,0.5342731909061982,0.3647710689496793,0.5294970098367634,False,1006,1581.0852,182.05055,1305.8726,1890.2153,578.222355078125,0.5383568269338743,0.5990199390107241,0.5342731909061982,0.3647710689496793,1.0,0.0,0.5292928060509972,0.4234342448407977,Low,1068,True
CAND_02927,Al16.32Co22.73Cu7.91Mn20.43Ni19.48W13.13,6,16.32,22.73,0.0,7.91,0.0,20.43,0.0,0.0,19.48,0.0,0.0,13.13,100.0,True,637.5572,1535.4014,58.489243,305.2033333333334,2.408256740295108,True,0.23370236,0.7577455553335098,0.7024566174145324,0.2183314844749468,0.5057982521000409,False,1442,1581.0852,182.05055,1305.8726,1890.2153,943.528005078125,0.2337023531796432,0.7577455553335098,0.7024566174145324,0.2183314844749468,1.0,0.0,0.5292359627905654,0.42338877023245236,Low,1069,True
CAND_01030,Cr29.39Mn26.01Nb21.56Ni5.71Ti6.14V11.19,6,0.0,0.0,29.39,0.0,0.0,26.01,0.0,21.56,5.71,6.14,11.19,0.0,100.0,True,1031.6973,1232.2875,57.47837,288.42033333333336,1.1944274168968383,True,0.5624039,0.5197032685696646,0.6843764957434566,0.1823669625554388,0.5230813330245627,False,1112,1581.0852,182.05055,1305.8726,1890.2153,549.387905078125,0.562403934310239,0.5197032685696646,0.6843764957434566,0.18236696255543888,1.0,0.0,0.5291799572548119,0.4233439658038496,Low,1070,True
CAND_01402,Al11.62Cr11.15Mo10.54Nb36.07V30.62,5,11.62,0.0,11.15,0.0,0.0,0.0,10.54,36.07,0.0,0.0,30.62,0.0,100.0,True,1253.138,1139.1252,48.59836,361.189,0.9090182047294164,False,0.74707913,0.4465407810289107,0.525551736114533,0.3383039408898663,0.5402195056274789,False,862,1581.0852,182.05055,1305.8726,1890.2153,327.9472050781251,0.7470791506017707,0.4465407810289107,0.525551736114533,0.3383039408898663,1.0,0.0,0.5291431339269558,0.42331450714156466,Low,1071,True
CAND_01003,Co30.54Cr20.62Mn23.06Mo6.64W19.14,5,0.0,30.54,20.62,0.0,0.0,23.06,6.64,0.0,0.0,0.0,0.0,19.14,100.0,True,603.9519,1586.0219,58.669968,286.20426666666674,2.6260731835036726,True,0.20567651,0.7974989931571438,0.7056890016893177,0.1776181227646731,0.5040176222983661,False,1472,1581.0852,182.05055,1305.8726,1890.2153,977.133305078125,0.20567649322688022,0.7974989931571438,0.7056890016893177,0.1776181227646731,1.0,0.0,0.5290182401753595,0.4232145921402876,Low,1072,True
CAND_00311,Al21.35Cu11.26Mn6.91Mo40.11Ni10.94Ti9.43,6,21.35,0.0,0.0,11.26,0.0,6.91,40.11,0.0,10.94,9.43,0.0,0.0,100.0,True,1019.1932,1251.6079,52.27368,368.7288,1.228037951138132,True,0.5519759,0.5348760211131548,0.5912872269033244,0.3544610821857433,0.5270465501364412,False,1046,1581.0852,182.05055,1305.8726,1890.2153,561.892005078125,0.5519758722058883,0.5348760211131548,0.5912872269033244,0.35446108218574335,1.0,0.0,0.5290121047842773,0.42320968382742186,Low,1073,True
CAND_04822,Co44.56Ni17.92Ti25.78W11.74,4,0.0,44.56,0.0,0.0,0.0,0.0,0.0,0.0,17.92,25.78,0.0,11.74,100.0,True,747.0399,1370.6906,62.480614,287.4796,1.8348291287014784,True,0.32500783,0.6283943923327291,0.7738448860836955,0.1803510521349491,0.506534547848175,False,1420,1581.0852,182.05055,1305.8726,1890.2153,834.045305078125,0.32500779659036616,0.6283943923327291,0.7738448860836955,0.18035105213494917,1.0,0.0,0.5289763904927612,0.423181112394209,Low,1074,True
CAND_04907,Co35.90Cr14.72Mn11.39W37.99,4,0.0,35.9,14.72,0.0,0.0,11.39,0.0,0.0,0.0,0.0,0.0,37.99,100.0,True,646.30475,1535.8213,57.357624,316.4246,2.376311335296429,True,0.24099757,0.7580753124189228,0.6822168749292735,0.2423776914104157,0.5066327379915333,False,1419,1581.0852,182.05055,1305.8726,1890.2153,934.780455078125,0.24099755992470404,0.7580753124189228,0.6822168749292735,0.2423776914104157,1.0,0.0,0.5286936998971973,0.42295495991775783,Low,1075,True
CAND_00486,Al31.72Cu16.15Fe14.56W37.57,4,31.72,0.0,0.0,16.15,14.56,0.0,0.0,0.0,0.0,0.0,0.0,37.57,100.0,True,781.60175,1452.9003,45.643272,484.936,1.8588754543715984,True,0.3538314,0.6929555522866926,0.4726980635080476,0.6034830920531471,0.522733072963746,False,1118,1581.0852,182.05055,1305.8726,1890.2153,799.483455078125,0.35383139191040214,0.6929555522866926,0.47269806350804766,0.6034830920531471,1.0,0.0,0.5286763965239947,0.42294111721919575,Low,1076,True
CAND_01700,Al12.66Co25.08Fe26.42Nb9.34Ti10.03W16.47,6,12.66,25.08,0.0,0.0,26.42,0.0,0.0,9.34,0.0,10.03,0.0,16.47,100.0,True,917.1792,1530.3906,48.00422,300.7723333333334,1.6685840687442337,True,0.4668991,0.7538104593497351,0.5149251554365913,0.2088362335290289,0.5262695997238563,False,1061,1581.0852,182.05055,1305.8726,1890.2153,663.906005078125,0.4668991111824434,0.7538104593497351,0.5149251554365913,0.20883623352902897,1.0,0.0,0.5286708972608631,0.4229367178086905,Low,1077,True
CAND_01440,Al23.55Cu36.65Nb21.50W18.30,4,23.55,0.0,0.0,36.65,0.0,0.0,0.0,21.5,0.0,0.0,0.0,18.3,100.0,True,892.48016,1444.3406,48.025284,378.6237,1.61834476434264,True,0.44630086,0.6862334238656189,0.5153018987890001,0.3756649997178495,0.5249355230014418,False,1087,1581.0852,182.05055,1305.8726,1890.2153,688.605045078125,0.44630081757971735,0.6862334238656189,0.5153018987890001,0.37566499971784956,1.0,0.0,0.5283855511489924,0.42270844091919396,Low,1078,True
CAND_02080,Al42.77Cr6.98Cu41.91V8.34,4,42.77,0.0,6.98,41.91,0.0,0.0,0.0,0.0,0.0,0.0,8.34,0.0,100.0,True,1020.6033,1049.1132,46.859726,604.588,1.027934388721055,True,0.55315185,0.3758522962177977,0.4944551351948636,0.8598870112995841,0.5312980840990593,False,984,1581.0852,182.05055,1305.8726,1890.2153,560.481905078125,0.5531518553132965,0.37585229621779775,0.4944551351948636,0.8598870112995841,1.0,0.0,0.5283632449470601,0.42269059595764813,Low,1079,True
CAND_02526,Al27.11Cr7.04Ni27.14V23.84W14.87,5,27.11,0.0,7.04,0.0,0.0,0.0,0.0,0.0,27.14,0.0,23.84,14.87,100.0,True,951.8397,1042.5317,61.2241,414.0443666666666,1.0952807245323517,True,0.495805,0.3706836935561044,0.7513713152183048,0.4515684343086208,0.5155247006072163,False,1244,1581.0852,182.05055,1305.8726,1890.2153,629.245505078125,0.4958049777836266,0.3706836935561044,0.7513713152183048,0.4515684343086207,1.0,0.0,0.5283030122245225,0.422642409779618,Low,1080,True
CAND_04012,Cr32.35Nb19.08Ni11.01Ti11.62V19.45W6.49,6,0.0,0.0,32.35,0.0,0.0,0.0,0.0,19.08,11.01,11.62,19.45,6.49,100.0,True,1140.7363,1132.8661,56.939117,296.555,0.9931007473585626,False,0.6533394,0.4416253664699492,0.6747316047912869,0.1997988518267981,0.5271421666296535,False,1041,1581.0852,182.05055,1305.8726,1890.2153,440.348905078125,0.6533393445993698,0.44162536646994927,0.6747316047912869,0.19979885182679816,1.0,0.0,0.528211755302233,0.4225694042417864,Low,1081,True
CAND_01386,Al7.99Co20.31Cr40.07Fe6.99Mn18.93Mo5.71,6,7.99,20.31,40.07,0.0,6.99,18.93,5.71,0.0,0.0,0.0,0.0,0.0,100.0,True,577.068,1622.2041,57.836437,288.4013333333333,2.811114321391243,True,0.18325609,0.8259137033639234,0.6907807571357352,0.1823262471936757,0.5027950657684825,False,1498,1581.0852,182.05055,1305.8726,1890.2153,1004.017205078125,0.1832560888149545,0.8259137033639234,0.6907807571357352,0.18232624719367563,1.0,0.0,0.5281712974326875,0.42253703794615005,Low,1082,True
CAND_01928,Cr26.24Cu11.45Mo21.97Nb5.89V18.29W16.16,6,0.0,0.0,26.24,11.45,0.0,0.0,21.97,5.89,0.0,0.0,18.29,16.16,100.0,True,1338.6536,1112.9178,49.311058,309.776,0.831371035458794,False,0.8183967,0.4259595096779934,0.5382988038022963,0.2281303148726072,0.5421011132976165,False,841,1581.0852,182.05055,1305.8726,1890.2153,242.4316050781249,0.8183967174551096,0.42595950967799345,0.5382988038022963,0.22813031487260724,1.0,0.0,0.5280962206387554,0.42247697651100435,Low,1083,True
CAND_04749,Al19.66Co34.63Mn28.66Ni17.05,4,19.66,34.63,0.0,0.0,0.0,28.66,0.0,0.0,17.05,0.0,0.0,0.0,100.0,True,649.65045,1506.6017,57.682228,328.3508,2.319095901726749,True,0.2437878,0.7351284914307566,0.6880226287825446,0.2679345096977562,0.5058707256315667,False,1440,1581.0852,182.05055,1305.8726,1890.2153,931.434755078125,0.2437877781237369,0.7351284914307566,0.6880226287825446,0.2679345096977562,1.0,0.0,0.528082457049588,0.4224659656396704,Low,1084,True
CAND_04192,Co35.90Mn18.90Ni40.12V5.08,4,0.0,35.9,0.0,0.0,0.0,18.9,0.0,0.0,40.12,0.0,5.08,0.0,100.0,True,811.8262,1119.1047,72.23979,264.1136,1.3785028603048202,True,0.3790377,0.430818223923626,0.9483941019490334,0.1302797288214043,0.499597271851353,True,120,1581.0852,182.05055,1305.8726,1890.2153,769.259005078125,0.37903771956851817,0.43081822392362606,0.9483941019490334,0.13027972882140448,1.0,0.0,0.528065086977138,0.42245206958171044,Low,1085,True
CAND_01656,Co36.03Cr19.66Cu13.00Nb19.04Ni12.27,5,0.0,36.03,19.66,13.0,0.0,0.0,0.0,19.04,12.27,0.0,0.0,0.0,100.0,True,898.79913,1394.7242,54.546,300.7376,1.5517640686612215,True,0.45157072,0.6472685287651645,0.6319291493561138,0.2087618029905074,0.518948341202005,False,1180,1581.0852,182.05055,1305.8726,1890.2153,682.286075078125,0.45157065799970203,0.6472685287651645,0.6319291493561138,0.20876180299050745,1.0,0.0,0.5279662383848851,0.4223729907079081,Low,1086,True
CAND_04400,Cr24.88Fe17.47Nb16.03Ni41.62,4,0.0,0.0,24.88,0.0,17.47,0.0,0.0,16.03,41.62,0.0,0.0,0.0,100.0,True,901.8628,1435.117,55.618305,251.1674,1.5912808591159249,True,0.45412567,0.678989919571705,0.6511080223386773,0.1025371384815168,0.5180922629427486,False,1193,1581.0852,182.05055,1305.8726,1890.2153,679.222405078125,0.45412567123753894,0.678989919571705,0.6511080223386773,0.10253713848151684,1.0,0.0,0.527941371154727,0.4223530969237816,Low,1087,True
CAND_00518,Co11.98Cr43.68Cu21.96Nb22.38,4,0.0,11.98,43.68,21.96,0.0,0.0,0.0,22.38,0.0,0.0,0.0,0.0,100.0,True,822.3389,1407.222,55.66591,322.385,1.7112433228005728,True,0.38780504,0.6570833372959417,0.6519594687539555,0.255150314686888,0.5147289319558462,False,1255,1581.0852,182.05055,1305.8726,1890.2153,758.746305078125,0.38780501097568937,0.6570833372959417,0.6519594687539555,0.25515031468688804,1.0,0.0,0.5279366417619247,0.42234931340953974,Low,1088,True
CAND_02039,Co5.30Cr31.80Mo6.54Nb10.70Ti32.10W13.56,6,0.0,5.3,31.8,0.0,0.0,0.0,6.54,10.7,0.0,32.1,0.0,13.56,100.0,True,894.8191,1585.0122,46.054165,305.498,1.7713213928160123,True,0.44825143,0.7967060526257281,0.4800471522994123,0.2189629297345714,0.5263434831096683,False,1059,1581.0852,182.05055,1305.8726,1890.2153,686.266105078125,0.44825142670619195,0.7967060526257281,0.48004715229941236,0.2189629297345714,1.0,0.0,0.5279332576142758,0.42234660609142066,Low,1089,True
CAND_03597,Al10.04Co19.24Cr22.63Cu10.34Ti5.33V32.42,6,10.04,19.24,22.63,10.34,0.0,0.0,0.0,0.0,0.0,5.33,32.42,0.0,100.0,True,1212.8429,1110.5155,52.10518,345.896,0.9156301315802584,False,0.7134742,0.4240729284770231,0.5882734947118657,0.3055323604980988,0.534162382439816,False,949,1581.0852,182.05055,1305.8726,1890.2153,368.2423050781249,0.7134741886052233,0.42407292847702316,0.5882734947118657,0.3055323604980988,1.0,0.0,0.5279023281826873,0.4223218625461499,Low,1090,True
CAND_01979,Al33.95Co8.73Cu5.35Nb12.20V26.14W13.63,6,33.95,8.73,0.0,5.35,0.0,0.0,0.0,12.2,0.0,0.0,26.14,13.63,100.0,True,1120.0225,1122.1245,44.551804,523.5007333333333,1.0018767829537458,True,0.6360646,0.4331897420149093,0.4531764477956033,0.6861239904197466,0.536989015783877,False,905,1581.0852,182.05055,1305.8726,1890.2153,461.06270507812496,0.6360646272812819,0.4331897420149093,0.45317644779560334,0.6861239904197466,1.0,0.0,0.5278446123264362,0.422275689861149,Low,1091,True
CAND_04598,Al17.84Co25.69Cu5.80Nb12.32V14.97W23.38,6,17.84,25.69,0.0,5.8,0.0,0.0,0.0,12.32,0.0,0.0,14.97,23.38,100.0,True,1082.1263,1102.6818,56.476597,363.177,1.0189954318770948,True,0.6044603,0.4179209444808359,0.6664591334963706,0.3425640534785562,0.5247137763655694,False,1089,1581.0852,182.05055,1305.8726,1890.2153,498.9589050781251,0.6044602793378949,0.4179209444808359,0.6664591334963706,0.3425640534785562,1.0,0.0,0.5278137012494192,0.42225096099953535,Low,1092,True
CAND_02091,Al28.33Co23.62Mn9.06V8.15W30.84,5,28.33,23.62,0.0,0.0,0.0,9.06,0.0,0.0,0.0,0.0,8.15,30.84,100.0,True,817.19476,1121.9087,58.10502,493.6903333333333,1.372877985205527,True,0.38351497,0.433020269333242,0.6955845389350143,0.6222428735616583,0.5121931422006234,False,1312,1581.0852,182.05055,1305.8726,1890.2153,763.890445078125,0.3835149452057839,0.43302026933324206,0.6955845389350143,0.6222428735616583,1.0,0.0,0.5277966098161716,0.4222372878529373,Low,1093,True
CAND_01197,Al28.70Cu35.53Mn5.86Mo8.73Ni9.06W12.12,6,28.7,0.0,0.0,35.53,0.0,5.86,8.73,0.0,9.06,0.0,0.0,12.12,100.0,True,762.8219,1452.7922,49.046738,437.1213333333333,1.9044972373183264,True,0.33816954,0.6928706588812792,0.5335712685331786,0.5010203841101514,0.5178579403651173,False,1199,1581.0852,182.05055,1305.8726,1890.2153,818.263305078125,0.33816953363108615,0.6928706588812792,0.5335712685331786,0.5010203841101514,1.0,0.0,0.5276280192486316,0.42210241539890525,Low,1094,True
CAND_04368,Al16.48Cu27.03Fe8.10Nb39.11W9.28,5,16.48,0.0,0.0,27.03,8.1,0.0,0.0,39.11,0.0,0.0,0.0,9.28,100.0,True,951.42175,1455.3486,47.39361,340.273,1.529656638098282,True,0.49545643,0.6948782583410303,0.5040039980868792,0.2934827563299886,0.5271238276149457,False,1042,1581.0852,182.05055,1305.8726,1890.2153,629.663455078125,0.49545641942624674,0.6948782583410303,0.5040039980868792,0.29348275632998866,1.0,0.0,0.5275511952344328,0.4220409561875463,Low,1095,True
CAND_04873,Al10.55Co29.13Cr12.45Mn26.48Ni21.39,5,10.55,29.13,12.45,0.0,0.0,26.48,0.0,0.0,21.39,0.0,0.0,0.0,100.0,True,701.2208,1531.8469,56.0097,302.61073333333337,2.184542793025765,True,0.286796,0.7549541250879748,0.6581083767070803,0.2127757662166785,0.5089685021800406,False,1375,1581.0852,182.05055,1305.8726,1890.2153,879.864405078125,0.2867959764381389,0.7549541250879748,0.6581083767070803,0.21277576621667854,1.0,0.0,0.527534109580553,0.4220272876644424,Low,1096,True
CAND_03197,Al5.25Co33.44Ni29.97Ti31.34,4,5.25,33.44,0.0,0.0,0.0,0.0,0.0,0.0,29.97,31.34,0.0,0.0,100.0,True,800.0924,1272.6395,64.787094,281.6536,1.5906156445247033,True,0.3692521,0.5513926182019141,0.8150977823742311,0.1678664364701065,0.5051478237204831,False,1455,1581.0852,182.05055,1305.8726,1890.2153,780.992805078125,0.3692520656533997,0.5513926182019141,0.8150977823742311,0.16786643647010654,1.0,0.0,0.5274401020567094,0.42195208164536757,Low,1097,True
CAND_03752,Co11.21Mn5.24Nb16.50Ni41.78Ti17.29W7.98,6,0.0,11.21,0.0,0.0,0.0,5.24,0.0,16.5,41.78,17.29,0.0,7.98,100.0,True,1013.2475,1371.022,52.09378,283.0656,1.353096852746697,True,0.5470174,0.6286546483415546,0.5880695982906039,0.1708922307232403,0.5253528503127461,False,1079,1581.0852,182.05055,1305.8726,1890.2153,567.837705078125,0.5470173282999821,0.6286546483415546,0.5880695982906039,0.17089223072324045,1.0,0.0,0.5274054406731292,0.4219243525385034,Low,1098,True
CAND_03048,Al44.48Co8.75Fe13.54Mo21.81Ni11.42,5,44.48,8.75,0.0,0.0,13.54,0.0,21.81,0.0,11.42,0.0,0.0,0.0,100.0,True,711.8423,1233.4097,51.651154,586.684,1.7327008042649017,True,0.295654,0.5205845579272507,0.5801529441364406,0.8215202830360515,0.5131378499935743,False,1298,1581.0852,182.05055,1305.8726,1890.2153,869.242905078125,0.29565400393642854,0.5205845579272507,0.5801529441364406,0.8215202830360515,1.0,0.0,0.5273627940586222,0.4218902352468978,Low,1099,True
CAND_02952,Al29.81Cu9.37Mn27.54Ni33.28,4,29.81,0.0,0.0,9.37,0.0,27.54,0.0,0.0,33.28,0.0,0.0,0.0,100.0,True,588.4046,1485.9379,55.988434,408.7422,2.525367569901771,True,0.1927105,0.7189007361043571,0.657728020453172,0.4402063483106339,0.5039463308620555,False,1473,1581.0852,182.05055,1305.8726,1890.2153,992.680605078125,0.1927104892797768,0.7189007361043571,0.657728020453172,0.4402063483106339,1.0,0.0,0.527197201533798,0.42175776122703845,Low,1100,True
CAND_03406,Co42.73Fe9.80Ni21.17V20.01W6.29,5,0.0,42.73,0.0,0.0,9.8,0.0,0.0,0.0,21.17,0.0,20.01,6.29,100.0,True,945.14685,1219.5345,61.05857,287.768,1.2903121871949927,True,0.49022335,0.509688045634988,0.7484107034102805,0.1809690684682379,0.5142214602159817,False,1270,1581.0852,182.05055,1305.8726,1890.2153,635.938355078125,0.49022333212699365,0.509688045634988,0.7484107034102805,0.1809690684682379,1.0,0.0,0.5271308180155647,0.4217046544124518,Low,1101,True
CAND_04743,Co36.16Cu18.28Mn11.54Nb18.95W15.07,5,0.0,36.16,0.0,18.28,0.0,11.54,0.0,18.95,0.0,0.0,0.0,15.07,100.0,True,733.68066,1480.5875,55.6389,323.926,2.018027150670381,True,0.3138666,0.7146989444639829,0.6514763773207727,0.2584525448172557,0.5102066424904833,False,1358,1581.0852,182.05055,1305.8726,1890.2153,847.404545078125,0.31386657216102465,0.7146989444639829,0.6514763773207727,0.2584525448172557,1.0,0.0,0.5270871212982712,0.42166969703861695,Low,1102,True
CAND_00547,Al16.26Cu23.84Nb34.90Ti25.00,4,16.26,0.0,0.0,23.84,0.0,0.0,0.0,34.9,0.0,25.0,0.0,0.0,100.0,True,1048.5673,1395.8534,46.180374,339.44933333333336,1.3312006318145004,True,0.576473,0.6481553153830455,0.4823044824249423,0.2917177096823272,0.5317222799138166,False,980,1581.0852,182.05055,1305.8726,1890.2153,532.5179050781251,0.5764730322621427,0.6481553153830455,0.4823044824249423,0.29171770968232724,1.0,0.0,0.5270138538602811,0.4216110830882249,Low,1103,True
CAND_00756,Co16.30Cr28.88Fe33.44Mn7.90Ti13.48,5,0.0,16.3,28.88,0.0,33.44,7.9,0.0,0.0,0.0,13.48,0.0,0.0,100.0,True,1065.1969,1343.004,52.76409,257.3883333333334,1.2608035197424552,True,0.5903416,0.6066514713491784,0.6000585290042928,0.1158680622273588,0.5264927742495054,False,1057,1581.0852,182.05055,1305.8726,1890.2153,515.8883050781251,0.5903416434833033,0.6066514713491784,0.6000585290042928,0.11586806222735882,1.0,0.0,0.526978620310971,0.4215828962487768,Low,1104,True
CAND_00613,Al27.28Cr19.28Mn10.79Mo18.53Nb10.75Ti13.37,6,27.28,0.0,19.28,0.0,0.0,10.79,18.53,10.75,0.0,13.37,0.0,0.0,100.0,True,1008.71747,1403.879,39.52844,470.30176666666665,1.3917464941092443,True,0.5432395,0.654458002843607,0.3633303125065004,0.5721231918272125,0.535960311963689,False,924,1581.0852,182.05055,1305.8726,1890.2153,572.367735078125,0.5432394127223258,0.654458002843607,0.3633303125065004,0.5721231918272125,1.0,0.0,0.5269648265596955,0.42157186124775636,Low,1105,True
CAND_01093,Al23.49Cr15.41Cu17.16Fe23.41Mo10.25Nb10.28,6,23.49,0.0,15.41,17.16,23.41,0.0,10.25,10.28,0.0,0.0,0.0,0.0,100.0,True,1311.9116,1408.7614,35.81568,331.92336666666665,1.073823401934275,True,0.7960947,0.6582922633671127,0.2969251829447226,0.275590212027032,0.5518859271894073,False,724,1581.0852,182.05055,1305.8726,1890.2153,269.1736050781251,0.7960946535884934,0.6582922633671127,0.2969251829447226,0.275590212027032,1.0,0.0,0.5269274290947288,0.42154194327578304,Low,1106,True
CAND_00162,Co8.07Cr35.72Mn16.00Nb8.76Ti25.99W5.46,6,0.0,8.07,35.72,0.0,0.0,16.0,0.0,8.76,0.0,25.99,0.0,5.46,100.0,True,863.7448,1571.9757,47.544098,307.065,1.819953854586709,True,0.42233637,0.7864681906491021,0.506695573932744,0.2223208756231413,0.522663404868182,False,1119,1581.0852,182.05055,1305.8726,1890.2153,717.340405078125,0.42233634843192736,0.7864681906491021,0.506695573932744,0.22232087562314135,1.0,0.0,0.5268813478260068,0.42150507826080547,Low,1107,True
CAND_04613,Co43.87Ni13.97V22.51W19.65,4,0.0,43.87,0.0,0.0,0.0,0.0,0.0,0.0,13.97,0.0,22.51,19.65,100.0,True,938.3912,1227.2065,59.945953,304.07559999999995,1.3077771121344872,True,0.48458934,0.5157130429183597,0.7285108240650935,0.2159148491781566,0.5146056477592885,False,1258,1581.0852,182.05055,1305.8726,1890.2153,642.694005078125,0.48458931306482533,0.5157130429183597,0.7285108240650935,0.21591484917815662,1.0,0.0,0.5268017157379659,0.42144137259037273,Low,1108,True
CAND_02017,Cr33.50Fe38.18Mo18.97V9.35,4,0.0,0.0,33.5,0.0,38.18,0.0,18.97,0.0,0.0,0.0,9.35,0.0,100.0,True,1149.3217,1228.5938,54.772377,252.4950000000001,1.0689729845103308,True,0.6604993,0.5168025213765483,0.6359780493697981,0.1053820708118714,0.5279923647766317,False,1028,1581.0852,182.05055,1305.8726,1890.2153,431.76350507812504,0.66049932287775,0.5168025213765483,0.6359780493697981,0.10538207081187151,1.0,0.0,0.5267663125651222,0.4214130500520978,Low,1109,True
CAND_04241,Al9.26Co34.99Cu10.42Fe9.81Mo35.52,5,9.26,34.99,0.0,10.42,9.81,0.0,35.52,0.0,0.0,0.0,0.0,0.0,100.0,True,854.594,1299.5286,57.855965,339.9434,1.5206385826602946,True,0.41470486,0.5725092441732791,0.6911300281282268,0.2927764519490871,0.5128632118138912,False,1299,1581.0852,182.05055,1305.8726,1890.2153,726.491205078125,0.41470484270944474,0.5725092441732791,0.6911300281282268,0.2927764519490871,1.0,0.0,0.526684460160176,0.42134756812814084,Low,1110,True
CAND_02114,Al25.22Mn22.87Nb20.48Ti31.43,4,25.22,0.0,0.0,0.0,0.0,22.87,0.0,20.48,0.0,31.43,0.0,0.0,100.0,True,901.3782,1389.943,48.931343,392.2056666666666,1.5420198096177051,True,0.4537215,0.6435137429190674,0.5315073538374316,0.4047699832066988,0.5227629187817888,False,1116,1581.0852,182.05055,1305.8726,1890.2153,679.707005078125,0.45372152868463483,0.6435137429190674,0.5315073538374316,0.4047699832066988,1.0,0.0,0.5266522086791132,0.4213217669432906,Low,1111,True
CAND_02431,Cr6.63Nb31.34Ni33.38Ti17.42W11.23,5,0.0,0.0,6.63,0.0,0.0,0.0,0.0,31.34,33.38,17.42,0.0,11.23,100.0,True,1112.5707,1368.8232,48.6276,275.6366,1.2303247121216294,True,0.62985003,0.6269278803505904,0.5260747125494187,0.1549725242738556,0.5317979447683834,False,977,1581.0852,182.05055,1305.8726,1890.2153,468.514505078125,0.6298500390110983,0.6269278803505904,0.5260747125494187,0.15497252427385566,1.0,0.0,0.5266091662638556,0.42128733301108445,Low,1112,True
CAND_01528,Cr34.35Fe14.39Mn10.74Mo12.83V13.84W13.85,6,0.0,0.0,34.35,0.0,14.39,10.74,12.83,0.0,0.0,0.0,13.84,13.85,100.0,True,1143.4004,1085.4088,58.21601,302.817,0.9492814668418113,False,0.65556115,0.4043560620413571,0.6975696673381596,0.2132177778984157,0.5243502587887375,False,1093,1581.0852,182.05055,1305.8726,1890.2153,437.684805078125,0.6555611278746316,0.4043560620413571,0.6975696673381596,0.21321777789841578,1.0,0.0,0.5264506674672752,0.4211605339738202,Low,1113,True
CAND_01916,Co30.86Cr12.11Fe10.32Nb15.31Ni14.21Ti17.19,6,0.0,30.86,12.11,0.0,10.32,0.0,0.0,15.31,14.21,17.19,0.0,0.0,100.0,True,907.24023,1444.1951,51.7916,300.0152,1.591855216821275,True,0.4586103,0.6861191593837718,0.5826649122750851,0.2072137620779976,0.5201671320506516,False,1164,1581.0852,182.05055,1305.8726,1890.2153,673.844975078125,0.4586102942013508,0.6861191593837718,0.5826649122750851,0.20721376207799763,1.0,0.0,0.5263698593596944,0.4210958874877555,Low,1114,True
CAND_04850,Co25.69Cr14.68Fe7.11Mn6.31Nb23.64V22.57,6,0.0,25.69,14.68,0.0,7.11,6.31,0.0,23.64,0.0,0.0,22.57,0.0,100.0,True,1077.9896,1207.8058,54.261227,321.15959999999995,1.120424327918893,True,0.60101044,0.5004772289460566,0.626835798867341,0.2525243881445436,0.5250339180970576,False,1086,1581.0852,182.05055,1305.8726,1890.2153,503.0956050781249,0.6010103897411173,0.5004772289460566,0.626835798867341,0.2525243881445436,1.0,0.0,0.5263251640009802,0.42106013120078417,Low,1115,True
CAND_00049,Al17.70Cr7.18Nb15.68Ni17.21Ti42.23,5,17.7,0.0,7.18,0.0,0.0,0.0,0.0,15.68,17.21,42.23,0.0,0.0,100.0,True,1134.3284,1303.5463,47.763863,322.868,1.149178963925213,True,0.6479953,0.5756644359857663,0.5106262140220964,0.2561853420411824,0.5331822824902515,False,959,1581.0852,182.05055,1305.8726,1890.2153,446.7568050781249,0.6479953391004959,0.5756644359857663,0.5106262140220964,0.2561853420411824,1.0,0.0,0.5263138310836601,0.4210510648669281,Low,1116,True
CAND_01879,Cr25.21Fe5.92Mn32.23Nb36.64,4,0.0,0.0,25.21,0.0,5.92,32.23,0.0,36.64,0.0,0.0,0.0,0.0,100.0,True,774.7729,1574.3031,51.962067,287.2073333333334,2.031954297847017,True,0.34813634,0.7882959511649155,0.5857138255420367,0.1797676081439295,0.5143232881103246,False,1268,1581.0852,182.05055,1305.8726,1890.2153,806.312305078125,0.3481363261398711,0.7882959511649155,0.5857138255420367,0.17976760814392953,1.0,0.0,0.5262021557686428,0.42096172461491427,Low,1117,True
CAND_03819,Al18.24Cu42.82Ni9.87Ti19.14W9.93,5,18.24,0.0,0.0,42.82,0.0,0.0,0.0,0.0,9.87,19.14,0.0,9.93,100.0,True,1048.5986,1435.4883,45.154175,324.781,1.3689587751509873,True,0.57649916,0.6792815099642122,0.4639502452668263,0.2602847360965967,0.5317644858727272,False,978,1581.0852,182.05055,1305.8726,1890.2153,532.486605078125,0.5764991355677679,0.6792815099642122,0.4639502452668263,0.26028473609659675,1.0,0.0,0.526137020875743,0.4209096167005944,Low,1118,True
CAND_02150,Co35.76Mo7.92Nb9.30Ni18.13Ti8.58W20.31,6,0.0,35.76,0.0,0.0,0.0,0.0,7.92,9.3,18.13,8.58,0.0,20.31,100.0,True,841.37134,1523.8406,51.503723,288.3748,1.8111391859632056,True,0.40367755,0.7486665943593696,0.5775160447256458,0.1822693885481257,0.5174226696134441,False,1209,1581.0852,182.05055,1305.8726,1890.2153,739.713865078125,0.40367752209742813,0.7486665943593696,0.5775160447256458,0.18226938854812577,1.0,0.0,0.5261145805320805,0.4208916644256644,Low,1119,True
CAND_00491,Al22.62Mn20.15Nb14.18Ni28.78Ti14.27,5,22.62,0.0,0.0,0.0,0.0,20.15,0.0,14.18,28.78,14.27,0.0,0.0,100.0,True,1139.7561,1370.1742,44.436043,325.4426666666667,1.2021643891825986,True,0.6525219,0.6279888515875345,0.4511059869515948,0.261702630712383,0.5361851312269155,False,919,1581.0852,182.05055,1305.8726,1890.2153,441.32910507812494,0.6525218858078787,0.6279888515875345,0.4511059869515948,0.26170263071238303,1.0,0.0,0.5261143176205659,0.4208914540964528,Low,1120,True
CAND_01148,Al17.81Co22.10Fe16.34Mn30.51Mo13.24,5,17.81,22.1,0.0,0.0,16.34,30.51,13.24,0.0,0.0,0.0,0.0,0.0,100.0,True,744.03064,1499.8728,54.666794,315.53066666666666,2.015875046098513,True,0.32249817,0.7298441321737078,0.6340896286815444,0.2404620693546899,0.5102944119624115,False,1354,1581.0852,182.05055,1305.8726,1890.2153,837.054565078125,0.32249815973780266,0.7298441321737078,0.6340896286815444,0.24046206935468994,1.0,0.0,0.5258739785942298,0.4206991828753839,Low,1121,True
CAND_04631,Al28.37Fe35.90Nb22.14W13.59,4,28.37,0.0,0.0,0.0,35.9,0.0,0.0,22.14,0.0,0.0,0.0,13.59,100.0,True,940.0918,1459.4479,43.613167,402.43933333333325,1.5524525422425917,True,0.48600757,0.6980975325020998,0.4363883140092884,0.4266998484959957,0.528333589873703,False,1023,1581.0852,182.05055,1305.8726,1890.2153,640.993405078125,0.4860075648714056,0.6980975325020998,0.43638831400928846,0.4266998484959957,1.0,0.0,0.5258526224456672,0.4206820979565338,Low,1122,True
CAND_04070,Al6.77Cr36.77Fe18.65Mn10.20Mo18.03W9.58,6,6.77,0.0,36.77,0.0,18.65,10.2,18.03,0.0,0.0,0.0,0.0,9.58,100.0,True,795.05444,1480.5067,57.476505,249.5183333333333,1.8621450548019784,True,0.36505058,0.7146354903737199,0.6843431390043643,0.0990033308023138,0.5098421141574853,False,1362,1581.0852,182.05055,1305.8726,1890.2153,786.030765078125,0.36505055096947714,0.7146354903737199,0.6843431390043643,0.09900333080231383,1.0,0.0,0.5258067261761417,0.42064538094091336,Low,1123,True
CAND_00343,Al18.39Co25.84Mn6.64Ni12.84V36.29,5,18.39,25.84,0.0,0.0,0.0,6.64,0.0,0.0,12.84,0.0,36.29,0.0,100.0,True,969.4233,1053.7717,62.819134,359.9134,1.0870088670607014,True,0.51046926,0.3795107229441516,0.779899536656114,0.3355704400759162,0.512304450368598,False,1307,1581.0852,182.05055,1305.8726,1890.2153,611.661905078125,0.5104691977449246,0.37951072294415167,0.779899536656114,0.33557044007591624,1.0,0.0,0.5257759433276983,0.42062075466215865,Low,1124,True
CAND_00725,Mo6.45Nb37.39Ni34.20Ti21.96,4,0.0,0.0,0.0,0.0,0.0,0.0,6.45,37.39,34.2,21.96,0.0,0.0,100.0,True,1090.81,1401.4825,47.978294,274.0024,1.2848089261358322,True,0.6117023,0.6525759765154527,0.5144614520490794,0.1514705745794709,0.5306194479824929,False,994,1581.0852,182.05055,1305.8726,1890.2153,490.27520507812505,0.6117022370074235,0.6525759765154527,0.5144614520490794,0.15147057457947094,1.0,0.0,0.5257573740081362,0.4206058992065089,Low,1125,True
CAND_00123,Co35.64Cr7.72Mo7.83Ti25.14W23.67,5,0.0,35.64,7.72,0.0,0.0,0.0,7.83,0.0,0.0,25.14,0.0,23.67,100.0,True,763.6907,1487.4138,54.307934,317.511,1.9476652668076904,True,0.3388941,0.720059794171423,0.6276711839680323,0.2447057529377561,0.5113098283733494,False,1328,1581.0852,182.05055,1305.8726,1890.2153,817.394505078125,0.33889408800575205,0.720059794171423,0.6276711839680323,0.24470575293775615,1.0,0.0,0.525748678383938,0.4205989427071504,Low,1126,True
CAND_01558,Cr34.80Fe9.05Mo14.53W41.62,4,0.0,0.0,34.8,0.0,9.05,0.0,14.53,0.0,0.0,0.0,0.0,41.62,100.0,True,725.7555,1468.2827,57.043076,310.43,2.0231093168840597,True,0.30725724,0.7050357032527689,0.6765909791823365,0.2295317804827698,0.5072653978292391,False,1409,1581.0852,182.05055,1305.8726,1890.2153,855.329705078125,0.3072572151767621,0.7050357032527689,0.6765909791823365,0.2295317804827698,1.0,0.0,0.5257320755971376,0.4205856604777101,Low,1127,True
CAND_03667,Cr34.77Fe15.75Ni22.71Ti20.79V5.98,5,0.0,0.0,34.77,0.0,15.75,0.0,0.0,0.0,22.71,20.79,5.98,0.0,100.0,True,1334.713,1100.9736,52.876236,254.127,0.8248766510312953,False,0.8151104,0.4165794559042645,0.60206433321998,0.1088793060959467,0.5363549375765123,False,915,1581.0852,182.05055,1305.8726,1890.2153,246.37220507812503,0.8151103696549155,0.4165794559042645,0.60206433321998,0.1088793060959467,1.0,0.0,0.5257026250653942,0.4205621000523154,Low,1128,True
CAND_04261,Al30.97Co7.64Cr11.62Mn34.71Mo15.06,5,30.97,7.64,11.62,0.0,0.0,34.71,15.06,0.0,0.0,0.0,0.0,0.0,100.0,True,759.071,1455.1307,46.98139,466.0196666666666,1.9169889653128396,True,0.3350414,0.6947071364812745,0.4966311750366535,0.562947020742691,0.5175244104361995,False,1206,1581.0852,182.05055,1305.8726,1890.2153,822.014205078125,0.33504139021035134,0.6947071364812745,0.4966311750366535,0.5629470207426908,1.0,0.0,0.5256038941193698,0.42048311529549587,Low,1129,True
CAND_03342,Co34.33Cr28.58Fe27.48Ni9.61,4,0.0,34.33,28.58,0.0,27.48,0.0,0.0,0.0,9.61,0.0,0.0,0.0,100.0,True,725.552,1407.348,63.07727,253.908,1.939692807974532,True,0.3070875,0.6571822879812526,0.7845164670595226,0.1084100079787822,0.5016715620736831,False,1516,1581.0852,182.05055,1305.8726,1890.2153,855.533205078125,0.307087501991628,0.6571822879812526,0.7845164670595226,0.10841000797878213,1.0,0.0,0.5255430032069569,0.4204344025655655,Low,1130,True
CAND_02130,Al13.30Co14.18Fe9.16Mo12.73Nb23.06W27.57,6,13.3,14.18,0.0,0.0,9.16,0.0,12.73,23.06,0.0,0.0,0.0,27.57,100.0,True,859.0315,1338.124,53.640045,375.496,1.557712387877768,True,0.41840562,0.6028190956006313,0.6157255544153851,0.3689626082975049,0.5156431981820581,False,1239,1581.0852,182.05055,1305.8726,1890.2153,722.053705078125,0.4184055909110792,0.6028190956006313,0.6157255544153851,0.3689626082975049,1.0,0.0,0.5255091839772005,0.4204073471817604,Low,1131,True
CAND_03914,Co36.36Cr18.20Cu12.50Mo32.94,4,0.0,36.36,18.2,12.5,0.0,0.0,32.94,0.0,0.0,0.0,0.0,0.0,100.0,True,876.15936,1335.6091,56.784687,313.7016,1.5243906037166852,True,0.4326898,0.6008440870412006,0.6719695237092278,0.2365425371956257,0.513533923406212,False,1287,1581.0852,182.05055,1305.8726,1890.2153,704.925845078125,0.43268973673481925,0.6008440870412006,0.6719695237092278,0.23654253719562573,1.0,0.0,0.5254978979881773,0.4203983183905418,Low,1132,True
CAND_01559,Co7.28Cr28.90Cu7.49Mn17.04Mo20.76Ni18.53,6,0.0,7.28,28.9,7.49,0.0,17.04,20.76,0.0,18.53,0.0,0.0,0.0,100.0,True,835.8266,1361.8805,59.43244,276.39,1.6293816222552306,True,0.3990534,0.6214756190576727,0.7193263097693519,0.1565869955134527,0.5094783383755775,False,1370,1581.0852,182.05055,1305.8726,1890.2153,745.258605078125,0.39905336737437896,0.6214756190576727,0.7193263097693519,0.1565869955134527,1.0,0.0,0.5254919698187199,0.42039357585497594,Low,1133,True
CAND_00225,Al13.93Cu17.64Fe19.11Mn16.96Nb22.12W10.24,6,13.93,0.0,0.0,17.64,19.11,16.96,0.0,22.12,0.0,0.0,0.0,10.24,100.0,True,998.40515,1465.0245,47.64528,292.0646666666667,1.4673647246249053,True,0.53463924,0.7024769641822942,0.5085052798710001,0.1901764546634446,0.526787655175785,False,1051,1581.0852,182.05055,1305.8726,1890.2153,582.680055078125,0.5346392325094405,0.7024769641822942,0.5085052798710001,0.19017645466344466,1.0,0.0,0.5254809495428651,0.42038475963429206,Low,1134,True
CAND_03562,Al26.60Co14.47Fe9.29Mn21.81W27.83,5,26.6,14.47,0.0,0.0,9.29,21.81,0.0,0.0,0.0,0.0,0.0,27.83,100.0,True,639.35425,1546.1346,49.640106,431.91426666666666,2.4182753218942303,True,0.23520105,0.7661745830761958,0.5441840414885577,0.4898620892123576,0.509938012438086,False,1360,1581.0852,182.05055,1305.8726,1890.2153,941.730955078125,0.2352010415302341,0.7661745830761958,0.5441840414885577,0.48986208921235763,1.0,0.0,0.5253871611338382,0.4203097289070706,Low,1135,True
CAND_04625,Al14.62Co33.94Cu17.74Ti15.55V18.15,5,14.62,33.94,0.0,17.74,0.0,0.0,0.0,0.0,0.0,15.55,18.15,0.0,100.0,True,1015.13885,1177.9403,55.0038,368.468,1.1603735727588356,True,0.5485947,0.4770231678972375,0.6401172003783674,0.3539022102726999,0.5208000049086827,False,1148,1581.0852,182.05055,1305.8726,1890.2153,565.946355078125,0.5485946601560185,0.47702316789723753,0.6401172003783674,0.35390221027269997,1.0,0.0,0.5253761070625911,0.4203008856500729,Low,1136,True
CAND_04734,Cr21.34Mo26.14Ni35.68Ti16.84,4,0.0,0.0,21.34,0.0,0.0,0.0,26.14,0.0,35.68,16.84,0.0,0.0,100.0,True,1250.5447,1302.2815,46.38669,268.1104,1.0413714305348587,True,0.7449164,0.5746711595827413,0.4859945783941587,0.1388445266053459,0.538201591260154,False,891,1581.0852,182.05055,1305.8726,1890.2153,330.5405050781251,0.7449164125034499,0.5746711595827413,0.4859945783941587,0.13884452660534594,1.0,0.0,0.5252555035097344,0.42020440280778754,Low,1137,True
CAND_02522,Cr39.01Mo11.33Ni30.23W19.43,4,0.0,0.0,39.01,0.0,0.0,0.0,11.33,0.0,30.23,0.0,0.0,19.43,100.0,True,735.7574,1465.189,59.067345,270.7636,1.991402368994734,True,0.31559852,0.7026061497992279,0.7127963480219303,0.1445301054385007,0.5053400045480401,False,1450,1581.0852,182.05055,1305.8726,1890.2153,845.327805078125,0.3155985139796753,0.7026061497992279,0.7127963480219303,0.14453010543850073,1.0,0.0,0.5251998936570413,0.4201599149256331,Low,1138,True
CAND_01267,Co21.89Cr8.00Fe11.95Mn16.14Nb42.02,5,0.0,21.89,8.0,0.0,11.95,16.14,0.0,42.02,0.0,0.0,0.0,0.0,100.0,True,798.20386,1497.0458,51.922295,326.0146,1.8755181224447104,True,0.3676771,0.727624024337408,0.5850024774309465,0.2629282345319124,0.5142801955648659,False,1269,1581.0852,182.05055,1305.8726,1890.2153,782.881345078125,0.3676770772570696,0.727624024337408,0.5850024774309465,0.26292823453191244,1.0,0.0,0.5251464550245606,0.4201171640196485,Low,1139,True
CAND_03814,Al21.19Cr8.92Nb40.69V9.01W20.19,5,21.19,0.0,8.92,0.0,0.0,0.0,0.0,40.69,0.0,0.0,9.01,20.19,100.0,True,1143.0719,1182.6744,49.404243,374.695,1.034645677674552,True,0.6552872,0.480740965034778,0.5399654781896023,0.3672461343621223,0.5308867559651964,False,989,1581.0852,182.05055,1305.8726,1890.2153,438.0133050781251,0.6552871682612824,0.48074096503477803,0.5399654781896023,0.3672461343621223,1.0,0.0,0.5251206451869531,0.4200965161495625,Low,1140,True
CAND_04767,Al7.45Cr13.27Nb17.80Ti29.64W31.84,5,7.45,0.0,13.27,0.0,0.0,0.0,0.0,17.8,0.0,29.64,0.0,31.84,100.0,True,1019.50696,1445.9675,46.377632,311.696,1.4183007665053322,True,0.5522376,0.6875110656904778,0.4858325701675103,0.2322447093244606,0.5282194427136614,False,1025,1581.0852,182.05055,1305.8726,1890.2153,561.578245078125,0.5522375390804223,0.6875110656904778,0.48583257016751036,0.23224470932446065,1.0,0.0,0.5248991819261711,0.4199193455409369,Low,1141,True
CAND_02678,Al20.65Co12.75Nb31.55Ti5.88V17.54W11.63,6,20.65,12.75,0.0,0.0,0.0,0.0,0.0,31.55,0.0,5.88,17.54,11.63,100.0,True,1150.02,1170.545,49.249702,380.893,1.0178474984088677,True,0.66108173,0.4712154694601,0.5372014118002836,0.3805279139520114,0.5310687121976598,False,987,1581.0852,182.05055,1305.8726,1890.2153,431.065205078125,0.6610816851243306,0.47121546946010007,0.5372014118002836,0.3805279139520114,1.0,0.0,0.5248746727519994,0.41989973820159954,Low,1142,True
CAND_00351,Al12.51Cr24.92Mn8.32Mo20.29V24.23W9.73,6,12.51,0.0,24.92,0.0,0.0,8.32,20.29,0.0,0.0,0.0,24.23,9.73,100.0,True,1251.9902,1094.6951,50.293144,352.918,0.8743639286823011,False,0.74612194,0.4116488060810567,0.5558640512383837,0.3205799010402417,0.534384225669275,False,946,1581.0852,182.05055,1305.8726,1890.2153,329.09500507812504,0.7461219181993288,0.4116488060810567,0.5558640512383837,0.3205799010402417,1.0,0.0,0.5248713219017006,0.41989705752136053,Low,1143,True
CAND_03054,Cr36.53Cu5.05Mo39.75Ti18.67,4,0.0,0.0,36.53,5.05,0.0,0.0,39.75,0.0,0.0,18.67,0.0,0.0,100.0,True,980.2625,1360.0437,51.86167,308.379,1.387428044083725,True,0.51950884,0.6200331379562523,0.583918159839806,0.2251366643261285,0.5216126415325125,False,1135,1581.0852,182.05055,1305.8726,1890.2153,600.822705078125,0.5195087808225936,0.6200331379562523,0.583918159839806,0.22513666432612853,1.0,0.0,0.5248330841933851,0.4198664673547081,Low,1144,True
CAND_04503,Al24.55Co22.72Fe37.46Ni15.27,4,24.55,22.72,0.0,0.0,37.46,0.0,0.0,0.0,15.27,0.0,0.0,0.0,100.0,True,738.4554,1516.1079,52.425682,340.446,2.0530798939039925,True,0.31784856,0.7425939279760108,0.5940058816247847,0.2938534804134108,0.5107122427995258,False,1341,1581.0852,182.05055,1305.8726,1890.2153,842.629805078125,0.3178485688862691,0.7425939279760108,0.5940058816247847,0.29385348041341086,1.0,0.0,0.5245201071638176,0.4196160857310541,Low,1145,True
CAND_00368,Cr7.67Nb35.14Ni30.83Ti26.36,4,0.0,0.0,7.67,0.0,0.0,0.0,0.0,35.14,30.83,26.36,0.0,0.0,100.0,True,1146.8461,1352.3136,47.709488,274.20059999999995,1.1791587695662027,True,0.65843475,0.6139625134124316,0.5096536817496302,0.1518953000900735,0.531916903010224,False,974,1581.0852,182.05055,1305.8726,1890.2153,434.239105078125,0.6584347432162365,0.6139625134124316,0.5096536817496302,0.15189530009007357,1.0,0.0,0.5244778393661886,0.4195822714929509,Low,1146,True
CAND_01618,Co28.73Fe12.50Nb17.67Ni41.10,4,0.0,28.73,0.0,0.0,12.5,0.0,0.0,17.67,41.1,0.0,0.0,0.0,100.0,True,681.125,1314.5692,66.84767,284.337,1.9299969902734448,True,0.27003667,0.5843209717723772,0.851952525544242,0.173616731299327,0.4953379373586329,False,1660,1581.0852,182.05055,1305.8726,1890.2153,899.960205078125,0.2700366534611461,0.5843209717723772,0.851952525544242,0.17361673129932703,1.0,0.0,0.5244337222551713,0.419546977804137,Low,1147,True
CAND_02013,Al14.89Cr26.67Fe27.78Mo30.66,4,14.89,0.0,26.67,0.0,27.78,0.0,30.66,0.0,0.0,0.0,0.0,0.0,100.0,True,899.1419,1403.7906,54.393,285.36966666666666,1.5612558924012092,True,0.45185658,0.6543885802993097,0.6291926447549676,0.1758296469263829,0.5155461632850139,False,1242,1581.0852,182.05055,1305.8726,1890.2153,681.943305078125,0.4518565183852962,0.6543885802993097,0.6291926447549676,0.17582964692638292,1.0,0.0,0.5244129441515646,0.4195303553212517,Low,1148,True
CAND_03740,Cu10.20Nb37.82Ni38.81Ti13.17,4,0.0,0.0,0.0,10.2,0.0,0.0,0.0,37.82,38.81,13.17,0.0,0.0,100.0,True,1076.973,1371.1036,49.47132,276.1186,1.2731085843422143,True,0.6001626,0.6287187306901368,0.5411651940009166,0.1560054087143729,0.5273565225687322,False,1038,1581.0852,182.05055,1305.8726,1890.2153,504.11220507812504,0.6001625743897299,0.6287187306901368,0.5411651940009166,0.15600540871437307,1.0,0.0,0.5244066323119044,0.4195253058495236,Low,1149,True
CAND_03171,Al28.92Cr19.06Cu7.90Mn27.48Mo16.64,5,28.92,0.0,19.06,7.9,0.0,27.48,16.64,0.0,0.0,0.0,0.0,0.0,100.0,True,770.12256,1442.4355,48.067772,446.24976666666674,1.872994738180244,True,0.3442581,0.6847373052101768,0.5160618243281734,0.5205818296626411,0.5158013594833895,False,1237,1581.0852,182.05055,1305.8726,1890.2153,810.962645078125,0.3442580754599863,0.6847373052101768,0.5160618243281734,0.5205818296626411,1.0,0.0,0.5243915321758977,0.4195132257407182,Low,1150,True
CAND_03382,Al15.61Cu10.08Mo11.48Ni29.12V20.89W12.82,6,15.61,0.0,0.0,10.08,0.0,0.0,11.48,0.0,29.12,0.0,20.89,12.82,100.0,True,1101.8359,951.2204,64.827896,311.1154,0.8633049328180948,False,0.6208976,0.2989748387019407,0.8158275527058387,0.2310005335855304,0.5145687031195492,False,1260,1581.0852,182.05055,1305.8726,1890.2153,479.24930507812496,0.6208975225502745,0.29897483870194075,0.8158275527058387,0.2310005335855304,1.0,0.0,0.524315178097732,0.41945214247818563,Low,1151,True
CAND_04869,Co16.49Cr25.11Cu14.27Fe9.75Nb16.58W17.80,6,0.0,16.49,25.11,14.27,9.75,0.0,0.0,16.58,0.0,0.0,0.0,17.8,100.0,True,910.4472,1400.8186,52.206234,315.847,1.5386049766950172,True,0.46128488,0.6520546006426124,0.5900809112867955,0.2411399444128164,0.5176930743582593,False,1201,1581.0852,182.05055,1305.8726,1890.2153,670.638005078125,0.46128481554449347,0.6520546006426124,0.5900809112867955,0.24113994441281647,1.0,0.0,0.5241328491268682,0.41930627930149456,Low,1152,True
CAND_01339,Al17.57Cu12.48Mn37.95Nb32.00,4,17.57,0.0,0.0,12.48,0.0,37.95,0.0,32.0,0.0,0.0,0.0,0.0,100.0,True,904.7328,1476.4996,48.46801,326.3043333333334,1.6319731300152156,True,0.45651916,0.7114886229839652,0.5232203415082622,0.2635491080835707,0.520739791453579,False,1150,1581.0852,182.05055,1305.8726,1890.2153,676.352405078125,0.45651916922935654,0.7114886229839652,0.5232203415082622,0.26354910808357074,1.0,0.0,0.524074847867543,0.41925987829403444,Low,1153,True
CAND_01185,Al20.78Co16.37Mn14.41Ni13.24W35.20,5,20.78,16.37,0.0,0.0,0.0,14.41,0.0,0.0,13.24,0.0,0.0,35.2,100.0,True,731.5352,1495.4064,51.866837,367.9856,2.0442028827397967,True,0.31207734,0.7263365659763079,0.5840105749984604,0.3528684686666717,0.5104570898619097,False,1350,1581.0852,182.05055,1305.8726,1890.2153,849.550005078125,0.3120773198259985,0.7263365659763079,0.5840105749984604,0.35286846866667176,1.0,0.0,0.5240537425489309,0.4192429940391447,Low,1154,True
CAND_04067,Al36.64Co5.55Fe11.70Mo10.28V22.71W13.12,6,36.64,5.55,0.0,0.0,11.7,0.0,10.28,0.0,0.0,0.0,22.71,13.12,100.0,True,1007.3385,1117.9106,47.515198,538.351,1.1097665768917235,True,0.5420894,0.4298804698495808,0.5061786786191941,0.7179468314519739,0.5258276680510864,False,1069,1581.0852,182.05055,1305.8726,1890.2153,573.746705078125,0.5420893911454001,0.42988046984958084,0.5061786786191941,0.7179468314519739,1.0,0.0,0.5240321170447786,0.4192256936358229,Low,1155,True
CAND_02147,Co16.13Cr37.61Mo28.60V9.93W7.73,5,0.0,16.13,37.61,0.0,0.0,0.0,28.6,0.0,0.0,0.0,9.93,7.73,100.0,True,1057.8312,1077.845,60.661755,315.489,1.0189196761089314,True,0.58419883,0.3984160366956888,0.741313408813523,0.2403727812806479,0.5161687301577552,False,1229,1581.0852,182.05055,1305.8726,1890.2153,523.2540050781249,0.5841988601528745,0.39841603669568887,0.741313408813523,0.24037278128064796,1.0,0.0,0.5240244658830794,0.41921957270646354,Low,1156,True
CAND_03383,Al13.51Cr19.00Cu23.35Nb21.73Ni22.41,5,13.51,0.0,19.0,23.35,0.0,0.0,0.0,21.73,22.41,0.0,0.0,0.0,100.0,True,953.18536,1442.8585,49.28816,305.6055333333333,1.5137228862746843,True,0.49692726,0.6850694967965776,0.5378892581659757,0.2191933643960588,0.5219503585665667,False,1129,1581.0852,182.05055,1305.8726,1890.2153,627.899845078125,0.49692721977236154,0.6850694967965776,0.5378892581659757,0.21919336439605888,1.0,0.0,0.5239984360912652,0.4191987488730122,Low,1157,True
CAND_04845,Co36.75Fe14.24Mo5.82W43.19,4,0.0,36.75,0.0,0.0,14.24,0.0,5.82,0.0,0.0,0.0,0.0,43.19,100.0,True,694.56616,1509.8398,55.918045,313.5222,2.1737883046514463,True,0.28124622,0.7376714455109556,0.6564690673657857,0.2361580984640307,0.5052162842662031,False,1454,1581.0852,182.05055,1305.8726,1890.2153,886.519045078125,0.2812461968296826,0.7376714455109556,0.6564690673657857,0.2361580984640307,1.0,0.0,0.5239774178400477,0.4191819342720382,Low,1158,True
CAND_00696,Cr24.73Fe39.85Nb16.38Ti7.71W11.33,5,0.0,0.0,24.73,0.0,39.85,0.0,0.0,16.38,0.0,7.71,0.0,11.33,100.0,True,944.6155,1545.3887,48.448517,249.91500000000005,1.6359976468186124,True,0.4897802,0.7655888107256135,0.5228716965135555,0.0998533532671934,0.5223066325786598,False,1125,1581.0852,182.05055,1305.8726,1890.2153,636.469705078125,0.4897802014099371,0.7655888107256135,0.5228716965135555,0.09985335326719345,1.0,0.0,0.5239612055143139,0.41916896441145113,Low,1159,True
CAND_01986,Co17.76Cr11.93Fe21.81Nb15.35Ni18.37W14.78,6,0.0,17.76,11.93,0.0,21.81,0.0,0.0,15.35,18.37,0.0,0.0,14.78,100.0,True,931.7017,1336.1929,58.334312,246.03666666666675,1.4341423543699736,True,0.47901052,0.6013025585498076,0.6996855756213283,0.0915424193353681,0.5127466870407151,False,1300,1581.0852,182.05055,1305.8726,1890.2153,649.383505078125,0.4790104612124685,0.6013025585498076,0.6996855756213283,0.09154241933536818,1.0,0.0,0.5237804184547631,0.4190243347638105,Low,1160,True
CAND_01693,Al20.02Cr13.21Mn44.00Mo22.77,4,20.02,0.0,13.21,0.0,0.0,44.0,22.77,0.0,0.0,0.0,0.0,0.0,100.0,True,953.5181,1438.3165,47.66785,335.00933333333336,1.5084312071333794,True,0.49720478,0.6815025601879912,0.5089089590137967,0.2822031725124163,0.5231699268009897,False,1110,1581.0852,182.05055,1305.8726,1890.2153,627.567105078125,0.4972047154245558,0.6815025601879912,0.5089089590137967,0.28220317251241633,1.0,0.0,0.5237551104935377,0.4190040883948302,Low,1161,True
CAND_02213,Al30.36Mn35.31Mo10.94Nb13.18V10.21,5,30.36,0.0,0.0,0.0,0.0,35.31,10.94,13.18,0.0,0.0,10.21,0.0,100.0,True,1029.3785,1173.3607,48.83046,460.5626666666666,1.1398728984144877,True,0.56047016,0.4734267031476377,0.529702995708821,0.551253140261564,0.5252827830376157,False,1081,1581.0852,182.05055,1305.8726,1890.2153,551.706705078125,0.5604701213682786,0.47342670314763774,0.529702995708821,0.5512531402615637,1.0,0.0,0.5237444110382418,0.41899552883059343,Low,1162,True
CAND_01995,Co28.11Cr22.22Mn22.93Mo14.14V12.60,5,0.0,28.11,22.22,0.0,0.0,22.93,14.14,0.0,0.0,0.0,12.6,0.0,100.0,True,970.05286,1153.7042,62.406754,286.8012666666667,1.1893209656921833,True,0.51099426,0.4579900035776954,0.7725238519017302,0.1788974422895462,0.5106608689759287,False,1343,1581.0852,182.05055,1305.8726,1890.2153,611.032345078125,0.5109942327957011,0.4579900035776954,0.7725238519017302,0.1788974422895462,1.0,0.0,0.5237373311861849,0.41898986494894797,Low,1163,True
CAND_00196,Cr35.72Fe19.83Mn17.85Mo11.31V15.29,5,0.0,0.0,35.72,0.0,19.83,17.85,11.31,0.0,0.0,0.0,15.29,0.0,100.0,True,1109.5226,1217.0962,56.37352,250.4890000000001,1.096954869274103,True,0.627308,0.5077731928096432,0.6646155342494925,0.1010833857751954,0.5218407615287399,False,1132,1581.0852,182.05055,1305.8726,1890.2153,471.562605078125,0.6273080107083598,0.5077731928096432,0.6646155342494925,0.10108338577519554,1.0,0.0,0.52370612866111,0.418964902928888,Low,1164,True
CAND_01960,Al12.63Co12.76Fe27.28Mn10.98Nb15.81W20.54,6,12.63,12.76,0.0,0.0,27.28,10.98,0.0,15.81,0.0,0.0,0.0,20.54,100.0,True,913.28796,1452.421,50.45498,304.05933333333337,1.5903209693577156,True,0.46365392,0.6925791470210617,0.5587585934516589,0.2158799911140508,0.5189415767013358,False,1181,1581.0852,182.05055,1305.8726,1890.2153,667.797245078125,0.4636539282118231,0.6925791470210617,0.5587585934516589,0.21587999111405082,1.0,0.0,0.5236968028618796,0.4189574422895037,Low,1165,True
CAND_00911,Co28.37Cr5.65Fe15.80Mo16.33Ni33.85,5,0.0,28.37,5.65,0.0,15.8,0.0,16.33,0.0,33.85,0.0,0.0,0.0,100.0,True,707.53467,1312.6324,66.60154,270.431,1.8552199057163028,True,0.29206157,0.5827999583810276,0.8475503302665941,0.1438173723162681,0.4959186461203526,False,1649,1581.0852,182.05055,1305.8726,1890.2153,873.550535078125,0.2920615636038524,0.5827999583810276,0.8475503302665941,0.14381737231626818,1.0,0.0,0.5236930833426898,0.41895446667415187,Low,1166,True
CAND_03555,Co14.04Cr27.06Mn18.63Mo15.20Nb25.07,5,0.0,14.04,27.06,0.0,0.0,18.63,15.2,25.07,0.0,0.0,0.0,0.0,100.0,True,666.0241,1478.8014,59.29229,297.5733333333334,2.2203421471812264,True,0.25744295,0.7132962792335565,0.7168196357833998,0.2019810523563836,0.5007238404004406,False,1550,1581.0852,182.05055,1305.8726,1890.2153,915.061105078125,0.2574429343584843,0.7132962792335565,0.7168196357833998,0.20198105235638367,1.0,0.0,0.5236926659481654,0.4189541327585324,Low,1167,True
CAND_00117,Cr22.48Mn9.68Nb26.02Ni11.84Ti29.98,5,0.0,0.0,22.48,0.0,0.0,9.68,0.0,26.02,11.84,29.98,0.0,0.0,100.0,True,907.9593,1509.8102,48.74659,293.774,1.6628611187479434,True,0.45921,0.7376481999531366,0.528202926160467,0.1938394086129418,0.5201841112933027,False,1162,1581.0852,182.05055,1305.8726,1890.2153,673.125905078125,0.4592099780344435,0.7376481999531366,0.528202926160467,0.1938394086129418,1.0,0.0,0.5236337436346332,0.4189069949077066,Low,1168,True
CAND_00609,Al26.79Nb31.20Ni31.28V10.73,4,26.79,0.0,0.0,0.0,0.0,0.0,0.0,31.2,31.28,0.0,10.73,0.0,100.0,True,1033.8323,1052.078,56.96113,410.4665666666666,1.0176486312564397,True,0.5641844,0.37818062154962,0.6751253216264832,0.4439015173972452,0.5180760756397316,False,1194,1581.0852,182.05055,1305.8726,1890.2153,547.252905078125,0.5641844633041522,0.37818062154962,0.6751253216264832,0.44390151739724526,1.0,0.0,0.5236231263884558,0.41889850111076465,Low,1169,True
CAND_04884,Al14.41Cr16.16Nb11.78Ni27.88W29.77,5,14.41,0.0,16.16,0.0,0.0,0.0,0.0,11.78,27.88,0.0,0.0,29.77,100.0,True,861.78674,1561.4333,47.190033,311.78020000000004,1.8118557895972909,True,0.4207034,0.7781890025156012,0.5003628909157187,0.2324251426644846,0.5196222271546679,False,1172,1581.0852,182.05055,1305.8726,1890.2153,719.298465078125,0.42070338234208116,0.7781890025156012,0.5003628909157187,0.23242514266448466,1.0,0.0,0.523605185014589,0.4188841480116712,Low,1170,True
CAND_00086,Cr30.64Fe18.50V34.35W16.51,4,0.0,0.0,30.64,0.0,18.5,0.0,0.0,0.0,0.0,0.0,34.35,16.51,100.0,True,1247.4104,1115.5349,55.480755,249.7483333333333,0.8942805829185582,False,0.74230254,0.4280147782377319,0.6486478510452939,0.0994962009710254,0.528181602368783,False,1026,1581.0852,182.05055,1305.8726,1890.2153,333.674805078125,0.7423024958638144,0.4280147782377319,0.6486478510452939,0.09949620097102546,1.0,0.0,0.5234988428965152,0.41879907431721214,Low,1171,True
CAND_02798,Co21.86Fe6.61Mo17.61Nb23.75V22.66W7.51,6,0.0,21.86,0.0,0.0,6.61,0.0,17.61,23.75,0.0,0.0,22.66,7.51,100.0,True,1168.9667,1300.8317,45.79094,326.032,1.1128047771056817,True,0.6768827,0.573532598443347,0.4753392018181265,0.2629655212316324,0.5334042223822186,False,957,1581.0852,182.05055,1305.8726,1890.2153,412.11850507812505,0.6768826915360281,0.573532598443347,0.4753392018181265,0.2629655212316324,1.0,0.0,0.5233270411471939,0.4186616329177551,Low,1172,True
CAND_03556,Al10.85Co20.22Cu10.27Nb21.19Ni9.75W27.72,6,10.85,20.22,0.0,10.27,0.0,0.0,0.0,21.19,9.75,0.0,0.0,27.72,100.0,True,848.494,1428.1311,50.23256,366.3026,1.6831363200799672,True,0.40961766,0.6735037323295379,0.5547804669589337,0.349261944779969,0.5160208298647653,False,1232,1581.0852,182.05055,1305.8726,1890.2153,732.591205078125,0.40961761701255006,0.6735037323295379,0.5547804669589337,0.349261944779969,1.0,0.0,0.5232789557566743,0.41862316460533944,Low,1173,True
CAND_02718,Al27.61Fe36.06Nb21.02W15.31,4,27.61,0.0,0.0,0.0,36.06,0.0,0.0,21.02,0.0,0.0,0.0,15.31,100.0,True,940.0918,1459.4479,43.613167,394.16766666666655,1.5524525422425917,True,0.48600757,0.6980975325020998,0.4363883140092884,0.4089743800371863,0.5256747696048817,False,1072,1581.0852,182.05055,1305.8726,1890.2153,640.993405078125,0.4860075648714056,0.6980975325020998,0.43638831400928846,0.40897438003718634,1.0,0.0,0.5231938021768459,0.41855504174147673,Low,1174,True
CAND_01543,Al16.38Cu34.39Mn21.00Nb22.36Ti5.87,5,16.38,0.0,0.0,34.39,0.0,21.0,0.0,22.36,0.0,5.87,0.0,0.0,100.0,True,875.6711,1529.5176,48.321846,305.9566666666667,1.746680497093642,True,0.43228257,0.7531248724586528,0.5206061032172692,0.2199458128536253,0.5187656355376906,False,1186,1581.0852,182.05055,1305.8726,1890.2153,705.414105078125,0.4322825418464969,0.7531248724586528,0.5206061032172692,0.21994581285362538,1.0,0.0,0.5231818000924445,0.41854544007395567,Low,1175,True
CAND_00380,Al9.81Mn43.54Nb23.06Ni7.69Ti15.90,5,9.81,0.0,0.0,0.0,0.0,43.54,0.0,23.06,7.69,15.9,0.0,0.0,100.0,True,1040.9084,1457.6198,44.540394,314.1356666666667,1.400334298207531,True,0.57008576,0.6966618837099033,0.4529723725178315,0.2374727046357652,0.5288883020578727,False,1018,1581.0852,182.05055,1305.8726,1890.2153,540.176805078125,0.5700857285096926,0.6966618837099033,0.45297237251783157,0.23747270463576528,1.0,0.0,0.5230326146911084,0.41842609175288675,Low,1176,True
CAND_01067,Cr37.59Mn41.82Nb12.41W8.18,4,0.0,0.0,37.59,0.0,0.0,41.82,0.0,12.41,0.0,0.0,0.0,8.18,100.0,True,838.6274,1639.1083,46.35207,282.05733333333336,1.9545132181049136,True,0.40138915,0.8391889587181434,0.485375377156958,0.1687316021923436,0.5188270252275946,False,1183,1581.0852,182.05055,1305.8726,1890.2153,742.457805078125,0.40138915454353674,0.8391889587181434,0.48537537715695805,0.1687316021923436,1.0,0.0,0.5230263297272661,0.41842106378181293,Low,1177,True
CAND_03732,Co44.75Cr19.40Fe16.39Ti9.34W10.12,5,0.0,44.75,19.4,0.0,16.39,0.0,0.0,0.0,0.0,9.34,0.0,10.12,100.0,True,744.47314,1588.6099,51.6529,291.64,2.133871331248963,True,0.3228672,0.7995314088205127,0.5801841724830655,0.1892664306128089,0.5101556007232214,False,1359,1581.0852,182.05055,1305.8726,1890.2153,836.612065078125,0.3228671920936839,0.7995314088205127,0.5801841724830655,0.1892664306128089,1.0,0.0,0.5230214370064157,0.41841714960513254,Low,1178,True
CAND_01338,Cr5.39Mo8.86Nb19.40Ni35.18V31.17,5,0.0,0.0,5.39,0.0,0.0,0.0,8.86,19.4,35.18,0.0,31.17,0.0,100.0,True,1276.9331,1022.6594,56.597984,278.10040000000004,0.8008715535843136,False,0.7669236,0.3550775213044948,0.6686302190128369,0.1602522352376455,0.5277957343093854,False,1031,1581.0852,182.05055,1305.8726,1890.2153,304.15210507812503,0.7669235840739311,0.3550775213044948,0.6686302190128369,0.1602522352376455,1.0,0.0,0.5228810533993291,0.41830484271946333,Low,1179,True
CAND_02675,Cr27.53Nb18.40Ti19.05V18.64W16.38,5,0.0,0.0,27.53,0.0,0.0,0.0,0.0,18.4,0.0,19.05,18.64,16.38,100.0,True,1132.4067,1215.9421,52.084396,305.258,1.07376798361827,True,0.64639276,0.5068668516515697,0.5879017593417337,0.2184486304280897,0.5257206306143408,False,1070,1581.0852,182.05055,1305.8726,1890.2153,448.678505078125,0.6463926962116889,0.5068668516515697,0.5879017593417337,0.2184486304280897,1.0,0.0,0.5227960519151267,0.4182368415321014,Low,1180,True
CAND_01415,Al17.42Co25.64Cu11.62Mo31.29Nb14.03,5,17.42,25.64,0.0,11.62,0.0,0.0,31.29,14.03,0.0,0.0,0.0,0.0,100.0,True,983.3145,1191.3594,55.43475,363.8314,1.2115751195003297,True,0.52205414,0.487561494415133,0.6478250216715962,0.3439663762542295,0.5164359009203957,False,1221,1581.0852,182.05055,1305.8726,1890.2153,597.770705078125,0.5220540616138922,0.487561494415133,0.6478250216715962,0.34396637625422943,1.0,0.0,0.5227244266676262,0.41817954133410096,Low,1181,True
CAND_04416,Cr29.63Fe26.19Mo9.15Ti9.22W25.81,5,0.0,0.0,29.63,0.0,26.19,0.0,9.15,0.0,0.0,9.22,0.0,25.81,100.0,True,1093.5433,1382.2546,49.363976,253.75400000000005,1.2640144709485843,True,0.6139818,0.6374758663401472,0.5392452766812731,0.1080799992571232,0.5264606139779444,False,1058,1581.0852,182.05055,1305.8726,1890.2153,487.54190507812496,0.6139817311053453,0.6374758663401472,0.5392452766812731,0.1080799992571232,1.0,0.0,0.5227237755713309,0.41817902045706473,Low,1182,True
CAND_00795,Co12.27Cr26.98Cu7.47Mn10.81Ni13.75Ti28.72,6,0.0,12.27,26.98,7.47,0.0,10.81,0.0,0.0,13.75,28.72,0.0,0.0,100.0,True,804.70166,1420.3024,56.351936,296.559,1.765004933286975,True,0.37309608,0.6673556749478469,0.6642294903585699,0.1998074234819062,0.5081640166569095,False,1385,1581.0852,182.05055,1305.8726,1890.2153,776.383545078125,0.3730960567871158,0.6673556749478469,0.6642294903585699,0.19980742348190625,1.0,0.0,0.5227206773109899,0.41817654184879194,Low,1183,True
CAND_03872,Al13.53Fe22.83Mn18.07Mo11.47Nb23.11W10.99,6,13.53,0.0,0.0,0.0,22.83,18.07,11.47,23.11,0.0,0.0,0.0,10.99,100.0,True,999.943,1407.0634,50.89836,270.09633333333335,1.4071436168053038,True,0.53592175,0.656958785084114,0.5666887333866671,0.1431002105055632,0.5210013761835905,False,1145,1581.0852,182.05055,1305.8726,1890.2153,581.142205078125,0.5359217554664846,0.656958785084114,0.5666887333866671,0.14310021050556326,1.0,0.0,0.5225397259836899,0.41803178078695197,Low,1184,True
CAND_01266,Al13.81Cr19.77Fe24.58Mo23.07Ni18.77,5,13.81,0.0,19.77,0.0,24.58,0.0,23.07,0.0,18.77,0.0,0.0,0.0,100.0,True,938.79144,1348.3246,56.25981,263.01800000000014,1.436234437625929,True,0.48492315,0.6108298603671539,0.6625817568756602,0.1279319524873159,0.5135611423973262,False,1286,1581.0852,182.05055,1305.8726,1890.2153,642.293765078125,0.48492310178825565,0.6108298603671539,0.6625817568756602,0.1279319524873159,1.0,0.0,0.5224440534930056,0.4179552427944045,Low,1185,True
CAND_02914,Al23.71Cu24.17Mo10.16Ni10.51Ti6.30W25.15,6,23.71,0.0,0.0,24.17,0.0,0.0,10.16,0.0,10.51,6.3,0.0,25.15,100.0,True,880.0001,1439.2803,47.556908,379.0481,1.6355455685777742,True,0.43589282,0.6822594543983291,0.5069246891218988,0.3765744523248113,0.5186630285166426,False,1187,1581.0852,182.05055,1305.8726,1890.2153,701.085105078125,0.43589280414844067,0.6822594543983291,0.5069246891218988,0.3765744523248113,1.0,0.0,0.5222146119419003,0.4177716895535203,Low,1186,True
CAND_03677,Al11.57Fe18.52Nb20.40Ni27.87Ti7.74V13.90,6,11.57,0.0,0.0,0.0,18.52,0.0,0.0,20.4,27.87,7.74,13.9,0.0,100.0,True,1375.1176,986.0445,54.984818,266.098,0.7170619685124576,False,0.8488066,0.3263230018791913,0.6397776949513152,0.134532126920497,0.5326631530747682,False,962,1581.0852,182.05055,1305.8726,1890.2153,205.96760507812496,0.8488066515225795,0.3263230018791913,0.6397776949513152,0.13453212692049707,1.0,0.0,0.5222116909678713,0.4177693527742971,Low,1187,True
CAND_03279,Co13.70Cr8.85Mn16.58Ni32.23Ti19.03W9.61,6,0.0,13.7,8.85,0.0,0.0,16.58,0.0,0.0,32.23,19.03,0.0,9.61,100.0,True,1030.7172,1374.301,50.249985,283.7686,1.3333444413454631,True,0.56158656,0.6312297221283346,0.5550921244273976,0.1723986991084763,0.5224777232374986,False,1121,1581.0852,182.05055,1305.8726,1890.2153,550.368005078125,0.5615865589158905,0.6312297221283346,0.5550921244273976,0.1723986991084763,1.0,0.0,0.5221529985619637,0.417722398849571,Low,1188,True
CAND_03805,Al9.36Co41.76Mn9.01Mo20.95W18.92,5,9.36,41.76,0.0,0.0,0.0,9.01,20.95,0.0,0.0,0.0,0.0,18.92,100.0,True,849.8033,1388.9623,53.09706,342.6834,1.6344515567962683,True,0.41070953,0.6427435767517311,0.6060139142137286,0.2986480356980862,0.5123366234187833,False,1305,1581.0852,182.05055,1305.8726,1890.2153,731.281905078125,0.41070953580024583,0.6427435767517311,0.6060139142137286,0.2986480356980862,1.0,0.0,0.5221018365944122,0.4176814692755298,Low,1189,True
CAND_03196,Al27.09Co31.27Mo32.13Nb9.51,4,27.09,31.27,0.0,0.0,0.0,0.0,32.13,9.51,0.0,0.0,0.0,0.0,100.0,True,856.63574,1226.4994,51.399002,485.6151333333333,1.431763046528993,True,0.41640761,0.51515774109627,0.5756430414685436,0.6049384162295717,0.5141211355748267,False,1272,1581.0852,182.05055,1305.8726,1890.2153,724.449465078125,0.4164075955281952,0.51515774109627,0.5756430414685436,0.6049384162295717,1.0,0.0,0.5220828960859286,0.4176663168687429,Low,1190,True
CAND_01690,Al43.13Mn12.50Mo15.17W29.20,4,43.13,0.0,0.0,0.0,0.0,12.5,15.17,0.0,0.0,0.0,0.0,29.2,100.0,True,598.79315,1333.296,48.48458,622.953,2.2266386912885383,True,0.20137426,0.5990275566428473,0.5235167067451315,0.8992416228143171,0.5058859673628011,False,1439,1581.0852,182.05055,1305.8726,1890.2153,982.292055078125,0.20137424313444485,0.5990275566428473,0.5235167067451315,0.8992416228143171,1.0,0.0,0.5219930832221524,0.417594466577722,Low,1191,True
CAND_02696,Co35.25Cr8.68Cu22.66Ni33.41,4,0.0,35.25,8.68,22.66,0.0,0.0,0.0,0.0,33.41,0.0,0.0,0.0,100.0,True,634.173,1448.1549,62.734478,277.93593333333337,2.2835329795029784,True,0.23088002,0.6892288810003901,0.7783854089860838,0.159899797351787,0.4946139957443233,False,1675,1581.0852,182.05055,1305.8726,1890.2153,946.912205078125,0.2308800270807201,0.6892288810003901,0.7783854089860838,0.15989979735178708,1.0,0.0,0.5219892633688903,0.41759141069511224,Low,1192,True
CAND_04774,Co24.41Cu7.14Mn16.79Ni43.49W8.17,5,0.0,24.41,0.0,7.14,0.0,16.79,0.0,0.0,43.49,0.0,0.0,8.17,100.0,True,522.9089,1342.0916,71.24599,285.7292,2.566587918885899,True,0.13808893,0.605934942735864,0.930619341997274,0.1766000958596761,0.482352013681142,False,1920,1581.0852,182.05055,1305.8726,1890.2153,1058.176305078125,0.13808894697221877,0.605934942735864,0.930619341997274,0.17660009585967615,1.0,0.0,0.5219785365419475,0.417582829233558,Low,1193,True
CAND_04965,Al30.64Nb22.18V32.17W15.01,4,30.64,0.0,0.0,0.0,0.0,0.0,0.0,22.18,0.0,0.0,32.17,15.01,100.0,True,1115.0472,1043.1732,48.188812,505.6073333333333,0.935541707512874,False,0.6319154,0.3711874781960004,0.5182267035237469,0.6477799770422503,0.5276545449644491,False,1032,1581.0852,182.05055,1305.8726,1890.2153,466.038005078125,0.631915369246895,0.37118747819600045,0.5182267035237469,0.6477799770422503,1.0,0.0,0.5219700933839855,0.4175760747071884,Low,1194,True
CAND_00353,Co21.59Cr17.68Fe7.77Mo21.23Nb23.19W8.54,6,0.0,21.59,17.68,0.0,7.77,0.0,21.23,23.19,0.0,0.0,0.0,8.54,100.0,True,1013.49774,1453.406,45.00359,323.718,1.434049569329317,True,0.5472261,0.6933526900768647,0.4612569345128157,0.2580068187516383,0.5261888848713272,False,1062,1581.0852,182.05055,1305.8726,1890.2153,567.587465078125,0.5472260213095544,0.6933526900768647,0.46125693451281574,0.25800681875163833,1.0,0.0,0.5218904155170385,0.41751233241363084,Low,1195,True
CAND_02559,Al42.10Nb8.86V25.14W23.90,4,42.1,0.0,0.0,0.0,0.0,0.0,0.0,8.86,0.0,0.0,25.14,23.9,100.0,True,1059.4282,1132.5347,40.271873,608.024,1.0690055973404728,True,0.58553076,0.4413651104611237,0.3766270956773762,0.8672500630373802,0.532313055805433,False,970,1581.0852,182.05055,1305.8726,1890.2153,521.6570050781249,0.58553071251975,0.4413651104611237,0.3766270956773762,0.8672500630373802,1.0,0.0,0.5218678494270944,0.41749427954167556,Low,1196,True
CAND_03654,Co15.75Cr36.70Mn34.58Ti12.97,4,0.0,15.75,36.7,0.0,0.0,34.58,0.0,0.0,0.0,12.97,0.0,0.0,100.0,True,730.8273,1533.2334,54.831966,284.2616666666667,2.097942238710713,True,0.31148693,0.7560429752878438,0.6370438374265152,0.1734552984614593,0.5055382300790717,False,1447,1581.0852,182.05055,1305.8726,1890.2153,850.257905078125,0.31148695145373106,0.7560429752878438,0.6370438374265152,0.1734552984614593,1.0,0.0,0.5218160764469594,0.4174528611575675,Low,1197,True
CAND_04425,Cr10.59Nb37.41Ni35.50Ti16.50,4,0.0,0.0,10.59,0.0,0.0,0.0,0.0,37.41,35.5,16.5,0.0,0.0,100.0,True,1135.6571,1376.1975,46.62471,273.3986,1.211807238783903,True,0.64910346,0.6327190870068428,0.4902517210422949,0.150176683240914,0.5296362006378185,False,1004,1581.0852,182.05055,1305.8726,1890.2153,445.4281050781251,0.6491034369338505,0.6327190870068428,0.4902517210422949,0.15017668324091407,1.0,0.0,0.521693604134341,0.4173548833074728,Low,1198,True
CAND_00417,Co21.14Cr32.24Cu5.25Ni15.86V25.51,5,0.0,21.14,32.24,5.25,0.0,0.0,0.0,0.0,15.86,0.0,25.51,0.0,100.0,True,1047.4489,1088.1912,62.03722,284.407,1.0388967416997748,True,0.5755403,0.4065411444763485,0.7659144957495733,0.1737667352637175,0.5121680718052758,False,1313,1581.0852,182.05055,1305.8726,1890.2153,533.6363050781249,0.5755403186196172,0.4065411444763485,0.7659144957495733,0.17376673526371753,1.0,0.0,0.5216867820122384,0.4173494256097907,Low,1199,True
CAND_00891,Co38.97Mo5.05Ni23.82W32.16,4,0.0,38.97,0.0,0.0,0.0,0.0,5.05,0.0,23.82,0.0,0.0,32.16,100.0,True,621.6286,1411.3025,64.30022,285.919,2.270330704798924,True,0.22041836,0.6602878473865047,0.8063897239351558,0.177006820894552,0.4923603204570311,False,1710,1581.0852,182.05055,1305.8726,1890.2153,959.456605078125,0.22041835592791265,0.6602878473865047,0.8063897239351558,0.17700682089455205,1.0,0.0,0.5216588835126591,0.4173271068101273,Low,1200,True
CAND_04326,Al5.52Co35.93Cu15.77Mn9.80Ni12.89V20.09,6,5.52,35.93,0.0,15.77,0.0,9.8,0.0,0.0,12.89,0.0,20.09,0.0,100.0,True,977.65155,1187.5546,58.813675,310.353,1.2147012907043726,True,0.51733136,0.484573497847905,0.7082592949358336,0.2293667761219402,0.51204129803781,False,1318,1581.0852,182.05055,1305.8726,1890.2153,603.433655078125,0.5173313231286087,0.484573497847905,0.7082592949358336,0.22936677612194026,1.0,0.0,0.5215876850355649,0.4172701480284519,Low,1201,True
CAND_04646,Al31.66Co10.46Mo12.20Nb12.74Ti32.94,5,31.66,10.46,0.0,0.0,0.0,0.0,12.2,12.74,0.0,32.94,0.0,0.0,100.0,True,750.42676,1326.639,49.642395,508.7813333333333,1.7678460771670286,True,0.32783237,0.5937996621022573,0.544224981743669,0.6545815853704704,0.5107330946612237,False,1340,1581.0852,182.05055,1305.8726,1890.2153,830.658445078125,0.32783234105328163,0.5937996621022573,0.544224981743669,0.6545815853704704,1.0,0.0,0.5215527162226689,0.4172421729781351,Low,1202,True
CAND_01108,Al25.04Cu30.59Fe8.65Ni30.58Ti5.14,5,25.04,0.0,0.0,30.59,8.65,0.0,0.0,0.0,30.58,5.14,0.0,0.0,100.0,True,822.5894,1502.981,48.36109,354.04016666666666,1.827133889453418,True,0.38801396,0.7322850728092886,0.5213080077046376,0.3229846074503396,0.51486440554602,False,1252,1581.0852,182.05055,1305.8726,1890.2153,758.495805078125,0.38801392081783237,0.7322850728092886,0.5213080077046376,0.32298460745033963,1.0,0.0,0.5215290954761869,0.4172232763809495,Low,1203,True
CAND_04653,Co15.67Cr25.97Mo15.36Ni8.95V34.05,5,0.0,15.67,25.97,0.0,0.0,0.0,15.36,0.0,8.95,0.0,34.05,0.0,100.0,True,1187.5627,1046.911,56.904533,308.682,0.881562683879573,False,0.6923913,0.3741228581289759,0.674113047437522,0.2257859672005616,0.5223504032464894,False,1123,1581.0852,182.05055,1305.8726,1890.2153,393.52250507812505,0.6923912241687253,0.3741228581289759,0.674113047437522,0.22578596720056163,1.0,0.0,0.521436472792215,0.41714917823377196,Low,1204,True
CAND_00821,Al25.94Cu23.17Mo16.56Nb24.69Ti9.64,5,25.94,0.0,0.0,23.17,0.0,0.0,16.56,24.69,0.0,9.64,0.0,0.0,100.0,True,955.70966,1320.7732,46.366234,434.2263333333333,1.3819816426855276,True,0.49903247,0.5891931150395877,0.4856287095175505,0.4948166487257161,0.5220973554416908,False,1128,1581.0852,182.05055,1305.8726,1890.2153,625.375545078125,0.4990324138423077,0.5891931150395877,0.4856287095175505,0.4948166487257161,1.0,0.0,0.5214271481365758,0.41714171850926063,Low,1205,True
CAND_01316,Al27.53Cu22.55Nb14.63Ti35.29,4,27.53,0.0,0.0,22.55,0.0,0.0,0.0,14.63,0.0,35.29,0.0,0.0,100.0,True,966.5719,1279.0154,46.46698,456.0726666666666,1.3232491041539085,True,0.5080912,0.5563997584755129,0.4874306173119759,0.5416314574028026,0.5224496757976881,False,1122,1581.0852,182.05055,1305.8726,1890.2153,614.513305078125,0.5080912116216254,0.5563997584755129,0.4874306173119759,0.5416314574028025,1.0,0.0,0.5214166342520733,0.41713330740165866,Low,1206,True
CAND_01504,Al34.36Nb16.91Ti6.40V18.22W24.11,5,34.36,0.0,0.0,0.0,0.0,0.0,0.0,16.91,0.0,6.4,18.22,24.11,100.0,True,997.02295,1206.4575,44.403442,523.3727333333334,1.2100599097998288,True,0.53348655,0.4994183780809405,0.4505228968437388,0.6858496974562899,0.5253796587596646,False,1077,1581.0852,182.05055,1305.8726,1890.2153,584.062255078125,0.5334865172048097,0.4994183780809405,0.4505228968437388,0.6858496974562899,1.0,0.0,0.5212314663970496,0.4169851731176397,Low,1207,True
CAND_02893,Co39.28Cr7.65Cu11.25Fe19.79Ni22.03,5,0.0,39.28,7.65,11.25,19.79,0.0,0.0,0.0,22.03,0.0,0.0,0.0,100.0,True,667.65295,1474.2184,61.86842,249.12200000000007,2.20806092587998,True,0.25880137,0.7096971443860992,0.7628953978628186,0.0981540226420269,0.4959965104158145,False,1647,1581.0852,182.05055,1305.8726,1890.2153,913.432255078125,0.2588013487152691,0.7096971443860992,0.7628953978628186,0.09815402264202698,1.0,0.0,0.5212012032497966,0.4169609625998373,Low,1208,True
CAND_03050,Co21.59Cr22.59Mn16.24Mo20.47Ni11.06V8.05,6,0.0,21.59,22.59,0.0,0.0,16.24,20.47,0.0,11.06,0.0,8.05,0.0,100.0,True,1107.529,1168.4971,55.09006,300.649,1.0550487114672986,True,0.62564546,0.469607206694639,0.6416600166325822,0.2085719408298646,0.520276597880731,False,1160,1581.0852,182.05055,1305.8726,1890.2153,473.556205078125,0.6256454052740436,0.469607206694639,0.6416600166325822,0.20857194082986466,1.0,0.0,0.5210773094411569,0.41686184755292555,Low,1209,True
CAND_01295,Cr37.96Mn7.33Mo8.81Ti28.22V17.68,5,0.0,0.0,37.96,0.0,0.0,7.33,8.81,0.0,0.0,28.22,17.68,0.0,100.0,True,1137.1853,1184.2225,52.96804,305.141,1.041362825524146,True,0.6503779,0.4819567234151727,0.6037063075232719,0.2181979095161799,0.5233566710169246,False,1107,1581.0852,182.05055,1305.8726,1890.2153,443.8999050781249,0.6503779120666366,0.4819567234151727,0.6037063075232719,0.21819790951617998,1.0,0.0,0.5210230737256195,0.41681845898049563,Low,1210,True
CAND_02826,Al44.72Cu28.58Mn19.14W7.56,4,44.72,0.0,0.0,28.58,0.0,19.14,0.0,0.0,0.0,0.0,0.0,7.56,100.0,True,614.78296,1484.5201,42.22747,602.817,2.414706000394734,True,0.2147093,0.7177873052977403,0.4116042210923299,0.8560919110005049,0.5110638285197091,False,1336,1581.0852,182.05055,1305.8726,1890.2153,966.302245078125,0.2147092877771438,0.7177873052977403,0.41160422109232997,0.8560919110005049,1.0,0.0,0.5209085665113827,0.4167268532091062,Low,1211,True
CAND_03461,Al10.08Cr41.02Fe27.85Mn15.73Ni5.32,5,10.08,0.0,41.02,0.0,27.85,15.73,0.0,0.0,5.32,0.0,0.0,0.0,100.0,True,896.57764,1506.2661,49.624485,280.4853333333333,1.6800174779203254,True,0.449718,0.7348649370657543,0.5439046497344759,0.1653629417348885,0.5161554962858991,False,1230,1581.0852,182.05055,1305.8726,1890.2153,684.507565078125,0.4497179988171782,0.7348649370657543,0.5439046497344759,0.1653629417348885,1.0,0.0,0.5208648170045969,0.4166918536036775,Low,1212,True
CAND_00330,Al12.27Co8.32Cr24.84Fe31.05Mn14.38W9.14,6,12.27,8.32,24.84,0.0,31.05,14.38,0.0,0.0,0.0,0.0,0.0,9.14,100.0,True,765.2324,1539.3673,52.56048,292.1833333333334,2.0116336631793343,True,0.34017986,0.7608600674198137,0.5964168316066496,0.1904307470983161,0.5079808028402688,False,1390,1581.0852,182.05055,1305.8726,1890.2153,815.852805078125,0.3401798217527852,0.7608600674198137,0.5964168316066496,0.19043074709831617,1.0,0.0,0.5207926372108828,0.41663410976870624,Low,1213,True
CAND_01385,Al28.39Cu13.09Nb8.16Ni29.27W21.09,5,28.39,0.0,0.0,13.09,0.0,0.0,0.0,8.16,29.27,0.0,0.0,21.09,100.0,True,803.5025,1505.3231,44.925636,419.5257,1.8734516637174663,True,0.372096,0.7341243775717214,0.4598626764757061,0.4633144590249883,0.5163289593253413,False,1226,1581.0852,182.05055,1305.8726,1890.2153,777.582705078125,0.372095991612249,0.7341243775717214,0.4598626764757061,0.46331445902498836,1.0,0.0,0.5207172829710387,0.416573826376831,Low,1214,True
CAND_01924,Al25.19Mn13.80Mo14.12Nb38.35Ni8.54,5,25.19,0.0,0.0,0.0,0.0,13.8,14.12,38.35,8.54,0.0,0.0,0.0,100.0,True,876.8507,1288.4432,51.516212,420.7803333333333,1.469398596857289,True,0.4332663,0.5638036257054624,0.5777394186208336,0.4660030300800805,0.5134562904440371,False,1291,1581.0852,182.05055,1305.8726,1890.2153,704.234505078125,0.4332662945402767,0.5638036257054624,0.5777394186208336,0.46600303008008054,1.0,0.0,0.5206799414449701,0.4165439531559761,Low,1215,True
CAND_02185,Al12.40Co14.34Cu23.57Fe23.57Nb16.98W9.14,6,12.4,14.34,0.0,23.57,23.57,0.0,0.0,16.98,0.0,0.0,0.0,9.14,100.0,True,922.42566,1430.227,50.911896,297.339,1.5505065213297513,True,0.4712745,0.6751496905941649,0.5669308335584391,0.2014788962279716,0.5158818015197323,False,1235,1581.0852,182.05055,1305.8726,1890.2153,658.659545078125,0.4712745089086287,0.6751496905941649,0.5669308335584391,0.2014788962279716,1.0,0.0,0.520664618907134,0.4165316951257072,Low,1216,True
CAND_01241,Al21.02Fe19.91Mn32.98Nb11.10Ti14.99,5,21.02,0.0,0.0,0.0,19.91,32.98,0.0,11.1,0.0,14.99,0.0,0.0,100.0,True,1173.7305,1525.5881,38.50096,271.53333333333336,1.2997771981030035,True,0.6808556,0.7500389461258831,0.3449531638294688,0.1461795776031222,0.5374335950236284,False,900,1581.0852,182.05055,1305.8726,1890.2153,407.3547050781251,0.680855564613875,0.7500389461258831,0.34495316382946883,0.14617957760312228,1.0,0.0,0.5206384607805427,0.41651076862443415,Low,1217,True
CAND_03544,Al20.77Co15.07Cr39.45Cu12.89V11.82,5,20.77,15.07,39.45,12.89,0.0,0.0,0.0,0.0,0.0,0.0,11.82,0.0,100.0,True,1152.4874,1079.8591,52.045998,385.867,0.936981241554946,False,0.66313946,0.3999977555471537,0.5872149861151009,0.3911867670788441,0.5244229299762827,False,1090,1581.0852,182.05055,1305.8726,1890.2153,428.597805078125,0.6631394262201533,0.3999977555471537,0.5872149861151009,0.39118676707884414,1.0,0.0,0.5206266941155413,0.41650135529243304,Low,1218,True
CAND_02758,Co41.46Nb13.64Ni31.22W13.68,4,0.0,41.46,0.0,0.0,0.0,0.0,0.0,13.64,31.22,0.0,0.0,13.68,100.0,True,734.3559,1432.7698,58.883156,284.2746,1.9510564398159629,True,0.31442973,0.6771466096624857,0.7095020078521228,0.1734830134796417,0.5008708618972648,False,1545,1581.0852,182.05055,1305.8726,1890.2153,846.729305078125,0.3144297030265282,0.6771466096624857,0.7095020078521228,0.17348301347964187,1.0,0.0,0.5206244630329608,0.4164995704263687,Low,1219,True
CAND_03726,Co27.39Mn7.97Ni33.79Ti30.85,4,0.0,27.39,0.0,0.0,0.0,7.97,0.0,0.0,33.79,30.85,0.0,0.0,100.0,True,760.18384,1277.3876,64.81153,282.3844,1.6803666907001384,True,0.33596948,0.5551214098600447,0.8155348361417712,0.1694324778583433,0.4966258544903649,False,1633,1581.0852,182.05055,1305.8726,1890.2153,820.901365078125,0.3359694669717501,0.5551214098600447,0.8155348361417712,0.16943247785834334,1.0,0.0,0.5206041122222338,0.41648328977778704,Low,1220,True
CAND_04206,Al24.37Cr10.63Cu28.57Fe14.33Mn10.60Nb11.50,6,24.37,0.0,10.63,28.57,14.33,10.6,0.0,11.5,0.0,0.0,0.0,0.0,100.0,True,1037.1488,1489.6719,38.57894,384.9330333333333,1.4363145333340082,True,0.5669503,0.7218331318103153,0.3463478868935041,0.3891853570415787,0.5315998171424248,False,981,1581.0852,182.05055,1305.8726,1890.2153,543.9364050781251,0.566950329537554,0.7218331318103153,0.34634788689350415,0.38918535704157875,1.0,0.0,0.5205696915517711,0.4164557532414169,Low,1221,True
CAND_00871,Cr19.94Fe11.22Mn26.65Mo17.79Nb18.59Ti5.81,6,0.0,0.0,19.94,0.0,11.22,26.65,17.79,18.59,0.0,5.81,0.0,0.0,100.0,True,1088.1975,1604.8123,37.618446,283.40333333333336,1.4747435879959356,True,0.6095235,0.8122555245640088,0.329168826433547,0.1716159641361949,0.534568310089756,False,941,1581.0852,182.05055,1305.8726,1890.2153,492.887705078125,0.6095234866577289,0.8122555245640088,0.329168826433547,0.17161596413619495,1.0,0.0,0.5205505715841282,0.4164404572673026,Low,1222,True
CAND_02470,Al15.67Fe9.81Nb21.98Ni21.34Ti5.96V25.24,6,15.67,0.0,0.0,0.0,9.81,0.0,0.0,21.98,21.34,5.96,25.24,0.0,100.0,True,1229.1407,1054.6555,54.232063,317.7266,0.8580429072209979,False,0.72706616,0.3802047913225463,0.6263141817419304,0.2451677651480787,0.5255350072998929,False,1074,1581.0852,182.05055,1305.8726,1890.2153,351.9445050781251,0.7270660881073296,0.38020479132254636,0.6263141817419304,0.24516776514807884,1.0,0.0,0.5204973787183873,0.41639790297470985,Low,1223,True
CAND_04205,Co29.67Cr26.69Cu12.11Ni7.63V23.90,5,0.0,29.67,26.69,12.11,0.0,0.0,0.0,0.0,7.63,0.0,23.9,0.0,100.0,True,989.43665,1037.778,64.63209,311.82559999999995,1.0488574530887491,True,0.52715975,0.3669505040897378,0.8123254349285052,0.2325224309499605,0.5061928057004798,False,1432,1581.0852,182.05055,1305.8726,1890.2153,591.648555078125,0.5271597597778667,0.36695050408973784,0.8123254349285052,0.23252243094996058,1.0,0.0,0.5204510862924336,0.4163608690339469,Low,1224,True
CAND_00418,Al6.99Co31.94Cu34.58Ti19.51W6.98,5,6.99,31.94,0.0,34.58,0.0,0.0,0.0,0.0,0.0,19.51,0.0,6.98,100.0,True,743.8915,1372.389,59.501,311.399,1.8448779665238968,True,0.32238212,0.6297281847448873,0.7205525500010811,0.2316082639326895,0.50051247068722,False,1555,1581.0852,182.05055,1305.8726,1890.2153,837.193705078125,0.3223821209536279,0.6297281847448873,0.7205525500010811,0.23160826393268952,1.0,0.0,0.5204209902521009,0.41633679220168074,Low,1225,True
CAND_01954,Co36.37Mn9.64Nb27.25W26.74,4,0.0,36.37,0.0,0.0,0.0,9.64,0.0,27.25,0.0,0.0,0.0,26.74,100.0,True,707.6181,1481.6993,55.205826,325.945,2.09392508990509,True,0.29213116,0.7155720664634162,0.6437305669048459,0.2627790877330328,0.5026604715439794,False,1501,1581.0852,182.05055,1305.8726,1890.2153,873.467105078125,0.29213114183990024,0.7155720664634162,0.6437305669048459,0.2627790877330328,1.0,0.0,0.5202404386304087,0.416192350904327,Low,1226,True
CAND_03374,Cr42.89Mn18.76Mo9.17Ni13.13Ti16.05,5,0.0,0.0,42.89,0.0,0.0,18.76,9.17,0.0,13.13,16.05,0.0,0.0,100.0,True,794.0862,1478.0565,55.739643,263.4673333333334,1.8613300850371872,True,0.36424306,0.7127112922058735,0.6532782314582453,0.1288948350777841,0.5057400903832325,False,1443,1581.0852,182.05055,1305.8726,1890.2153,786.999005078125,0.36424306647623755,0.7127112922058735,0.6532782314582453,0.12889483507778418,1.0,0.0,0.5201918489799626,0.4161534791839701,Low,1227,True
CAND_02509,Co22.89Mo12.56Ni28.00Ti8.68V27.87,5,0.0,22.89,0.0,0.0,0.0,0.0,12.56,0.0,28.0,8.68,27.87,0.0,100.0,True,1057.537,936.05347,67.90176,286.7944,0.8851259873053623,False,0.5839535,0.2870639012609748,0.8708056113940611,0.1788827276149439,0.5058390352874835,False,1441,1581.0852,182.05055,1305.8726,1890.2153,523.548205078125,0.5839535057594275,0.28706390126097486,0.8708056113940611,0.17888272761494398,1.0,0.0,0.5201816393786092,0.41614531150288736,Low,1228,True
CAND_02321,Cr20.37Fe13.64Mo36.36Nb29.63,4,0.0,0.0,20.37,0.0,13.64,0.0,36.36,29.63,0.0,0.0,0.0,0.0,100.0,True,1056.9288,1500.3464,41.70335,310.84,1.4195339867210433,True,0.5834463,0.7302160610988125,0.40222999369656,0.2304103751313425,0.529217770184969,False,1010,1581.0852,182.05055,1305.8726,1890.2153,524.1564050781251,0.5834462843383041,0.7302160610988125,0.40222999369656004,0.23041037513134258,1.0,0.0,0.5201569437928891,0.4161255550343113,Low,1229,True
CAND_00777,Cr28.77Cu14.22Fe13.74Mo13.00Ti11.59W18.68,6,0.0,0.0,28.77,14.22,13.74,0.0,13.0,0.0,0.0,11.59,0.0,18.68,100.0,True,1038.7192,1378.042,48.161232,304.402,1.3266741860680478,True,0.56826,0.6341676150945877,0.5177334172695011,0.2166142962349717,0.5226537994190741,False,1120,1581.0852,182.05055,1305.8726,1890.2153,542.366005078125,0.5682599982645054,0.6341676150945877,0.5177334172695011,0.21661429623497178,1.0,0.0,0.5201274537105987,0.41610196296847896,Low,1230,True
CAND_04514,Al24.59Co7.55Ni28.31Ti22.73V16.82,5,24.59,7.55,0.0,0.0,0.0,0.0,0.0,0.0,28.31,22.73,16.82,0.0,100.0,True,1086.6584,986.52136,58.80922,382.5026666666667,0.9078486091765068,False,0.60823995,0.3266974909569479,0.7081796143606826,0.3839772908284004,0.5151227350868423,False,1247,1581.0852,182.05055,1305.8726,1890.2153,494.42680507812497,0.6082399212364026,0.3266974909569479,0.7081796143606826,0.38397729082840043,1.0,0.0,0.5201197055286498,0.4160957644229199,Low,1231,True
CAND_03645,Al37.41Cr10.95Mn6.99Mo27.03Nb5.28Ti12.34,6,37.41,0.0,10.95,0.0,0.0,6.99,27.03,5.28,0.0,12.34,0.0,0.0,100.0,True,964.53467,1250.644,41.802635,551.595,1.2966293919054028,True,0.50639224,0.5341190483705268,0.4040057705548922,0.7463275815146543,0.5251039754750635,False,1085,1581.0852,182.05055,1305.8726,1890.2153,616.550535078125,0.5063922200140049,0.5341190483705268,0.4040057705548922,0.7463275815146543,1.0,0.0,0.519984637908325,0.41598771032666004,Low,1232,True
CAND_03231,Co24.48Cu29.68Mo8.84Nb30.28Ni6.72,5,0.0,24.48,0.0,29.68,0.0,0.0,8.84,30.28,6.72,0.0,0.0,0.0,100.0,True,799.50696,1329.2427,58.395966,323.96493333333336,1.662578025977619,True,0.36876383,0.5958444073351452,0.7007882975473354,0.2585359755936406,0.5033599491583036,False,1483,1581.0852,182.05055,1305.8726,1890.2153,781.578245078125,0.368763825421926,0.5958444073351452,0.7007882975473354,0.2585359755936406,1.0,0.0,0.5199611641592717,0.4159689313274174,Low,1233,True
CAND_03086,Al20.97Cu34.54Mn17.61Ti26.88,4,20.97,0.0,0.0,34.54,0.0,17.61,0.0,0.0,0.0,26.88,0.0,0.0,100.0,True,961.17114,1428.8901,46.50437,344.566,1.4866136078194403,True,0.5035871,0.6740997924101008,0.4880993618024129,0.3026822851746794,0.5207332589693972,False,1151,1581.0852,182.05055,1305.8726,1890.2153,619.914065078125,0.5035871321044515,0.6740997924101008,0.4880993618024129,0.30268228517467943,1.0,0.0,0.5199588720660688,0.4159670976528551,Low,1234,True
CAND_04989,Al32.62Co13.82Cu18.93Mn11.91Mo14.84Ni7.88,6,32.62,13.82,0.0,18.93,0.0,11.91,14.84,0.0,7.88,0.0,0.0,0.0,100.0,True,706.7827,1287.9158,52.163406,518.4221333333334,1.8222231146169476,True,0.29143447,0.5633894464083755,0.5893149046262863,0.6752409885118391,0.5050620513877433,False,1458,1581.0852,182.05055,1305.8726,1890.2153,874.302505078125,0.29143444211085334,0.5633894464083755,0.5893149046262863,0.6752409885118391,1.0,0.0,0.5199560641148877,0.4159648512919102,Low,1235,True
CAND_00944,Co25.17Cr14.75Fe14.25Nb19.71W26.12,5,0.0,25.17,14.75,0.0,14.25,0.0,0.0,19.71,0.0,0.0,0.0,26.12,100.0,True,804.79535,1462.6898,53.20575,309.301,1.8174680079816368,True,0.37317422,0.7006434708093162,0.6079579056196017,0.2271124308285289,0.5082016498591595,False,1384,1581.0852,182.05055,1305.8726,1890.2153,776.289855078125,0.3731741915699916,0.7006434708093162,0.6079579056196017,0.2271124308285289,1.0,0.0,0.5199408254454526,0.41595266035636214,Low,1236,True
CAND_00544,Co42.52Cr16.58Ni15.25Ti6.35V13.61W5.69,6,0.0,42.52,16.58,0.0,0.0,0.0,0.0,0.0,15.25,6.35,13.61,5.69,100.0,True,1113.0895,1246.5991,51.747566,291.9392,1.119945094401678,True,0.6302827,0.5309424957751787,0.5818773355194845,0.1899075904148894,0.5223230341734297,False,1124,1581.0852,182.05055,1305.8726,1890.2153,467.99570507812496,0.6302827033867621,0.5309424957751787,0.5818773355194845,0.18990759041488947,1.0,0.0,0.5199027637973229,0.41592221103785837,Low,1237,True
CAND_03281,Al6.30Fe38.31Ni29.16Ti26.23,4,6.3,0.0,0.0,0.0,38.31,0.0,0.0,0.0,29.16,26.23,0.0,0.0,100.0,True,1132.4883,1208.6676,55.96883,236.3813333333334,1.067267202682147,True,0.6464608,0.5011540202206668,0.6573773901512054,0.0708518725137735,0.5192565748899649,False,1176,1581.0852,182.05055,1305.8726,1890.2153,448.596905078125,0.6464607482800276,0.5011540202206668,0.6573773901512054,0.07085187251377359,1.0,0.0,0.5198023910586347,0.41584191284690775,Low,1238,True
CAND_00107,Al19.34Co19.99Cu18.72Mo8.85V25.49W7.61,6,19.34,19.99,0.0,18.72,0.0,0.0,8.85,0.0,0.0,0.0,25.49,7.61,100.0,True,1143.7693,1145.1335,50.248383,371.0857333333333,1.0011927343267564,True,0.65586877,0.4512592366047295,0.555063471614515,0.3595117870972303,0.5248310464979339,False,1088,1581.0852,182.05055,1305.8726,1890.2153,437.31590507812507,0.6558687799335798,0.45125923660472955,0.555063471614515,0.3595117870972302,1.0,0.0,0.5197907755137529,0.41583262041100233,Low,1239,True
CAND_03404,Al15.82Cr13.27Fe9.84Mn43.43Mo17.64,5,15.82,0.0,13.27,0.0,9.84,43.43,17.64,0.0,0.0,0.0,0.0,0.0,100.0,True,945.66364,1488.7709,46.12109,316.35266666666666,1.574313365238235,True,0.49065438,0.7211255558780527,0.4812441494917766,0.2422235444793896,0.520178558487788,False,1163,1581.0852,182.05055,1305.8726,1890.2153,635.421565078125,0.49065432022009164,0.7211255558780527,0.48124414949177663,0.24222354447938968,1.0,0.0,0.5197080233378801,0.4157664186703041,Low,1240,True
CAND_00585,Al27.98Fe25.17Nb8.65Ni38.20,4,27.98,0.0,0.0,0.0,25.17,0.0,0.0,8.65,38.2,0.0,0.0,0.0,100.0,True,854.4715,1472.3616,46.855244,374.8514999999999,1.7231254709953334,True,0.4146027,0.7082389568266929,0.4943749717071358,0.3675815003682236,0.5155834670789374,False,1241,1581.0852,182.05055,1305.8726,1890.2153,726.613705078125,0.41460268120979393,0.7082389568266929,0.49437497170713585,0.3675815003682236,1.0,0.0,0.5195720739178307,0.41565765913426456,Low,1241,True
CAND_02070,Al12.98Cr5.59Cu11.39Nb13.92Ni11.53Ti44.59,6,12.98,0.0,5.59,11.39,0.0,0.0,0.0,13.92,11.53,44.59,0.0,0.0,100.0,True,1021.974,1245.4249,52.21763,342.715,1.218646365944813,True,0.554295,0.5300203696268295,0.5902847361654535,0.2987157517734395,0.5176731676603711,False,1203,1581.0852,182.05055,1305.8726,1890.2153,559.111205078125,0.5542949799465317,0.5300203696268295,0.5902847361654535,0.29871575177343956,1.0,0.0,0.5194726394903337,0.415578111592267,Low,1242,True
CAND_00827,Al19.99Mn16.15Mo6.46Ni30.01V17.11W10.28,6,19.99,0.0,0.0,0.0,0.0,16.15,6.46,0.0,30.01,0.0,17.11,10.28,100.0,True,1031.146,1061.788,60.534325,332.4106,1.0297164553053884,True,0.5619442,0.3858061069017498,0.7390342403081368,0.276634311049649,0.5105787977914795,False,1346,1581.0852,182.05055,1305.8726,1890.2153,549.939205078125,0.5619441658632394,0.3858061069017498,0.7390342403081368,0.27663431104964903,1.0,0.0,0.5194332922862231,0.41554663382897855,Low,1243,True
CAND_01065,Al24.71Cu24.49Nb22.04Ni28.76,4,24.71,0.0,0.0,24.49,0.0,0.0,0.0,22.04,28.76,0.0,0.0,0.0,100.0,True,815.1965,1436.168,50.78309,360.6426666666667,1.761744621122553,True,0.38184845,0.6798152939388613,0.5646270543972938,0.3371331956630282,0.5102258704532892,False,1357,1581.0852,182.05055,1305.8726,1890.2153,765.888705078125,0.38184845346462376,0.6798152939388613,0.5646270543972938,0.3371331956630282,1.0,0.0,0.5193647972164567,0.41549183777316534,Low,1244,True
CAND_04382,Co40.54Cr8.02Fe13.02Mn16.81Ti21.61,5,0.0,40.54,8.02,0.0,13.02,16.81,0.0,0.0,0.0,21.61,0.0,0.0,100.0,True,748.6004,1517.9055,52.427044,316.357,2.027657872287551,True,0.32630923,0.7440056244197789,0.5940302418814303,0.2422328304390901,0.5059369484937848,False,1438,1581.0852,182.05055,1305.8726,1890.2153,832.484805078125,0.32630920900020294,0.7440056244197789,0.5940302418814303,0.2422328304390901,1.0,0.0,0.519322986706277,0.4154583893650216,Low,1245,True
CAND_00621,Al29.40Co15.26Mn8.30Nb13.89Ni19.43V13.72,6,29.4,15.26,0.0,0.0,0.0,8.3,0.0,13.89,19.43,0.0,13.72,0.0,100.0,True,1090.833,1038.1752,51.9047,454.32543333333336,0.9517269761408328,False,0.61172146,0.3672624343453367,0.5846877794018147,0.537887287021157,0.5205502109829546,False,1156,1581.0852,182.05055,1305.8726,1890.2153,490.2522050781249,0.6117214183502152,0.36726243434533673,0.5846877794018147,0.537887287021157,1.0,0.0,0.5191985117648727,0.41535880941189823,Low,1246,True
CAND_03479,Al20.38Co16.44Cu16.97Nb28.61V17.60,5,20.38,16.44,0.0,16.97,0.0,0.0,0.0,28.61,0.0,0.0,17.6,0.0,100.0,True,1184.6649,1094.5126,49.503937,392.1206,0.9239005766954927,False,0.68997455,0.4115054846519358,0.5417485702791884,0.4045876926747348,0.5265693147370333,False,1055,1581.0852,182.05055,1305.8726,1890.2153,396.420305078125,0.6899745417712726,0.41150548465193587,0.5417485702791884,0.40458769267473493,1.0,0.0,0.5191580058233656,0.41532640465869247,Low,1247,True
CAND_02974,Al17.64Co11.08Cu7.15Mo11.03Ni16.63V36.47,6,17.64,11.08,0.0,7.15,0.0,0.0,11.03,0.0,16.63,0.0,36.47,0.0,100.0,True,1212.7328,979.44507,56.95636,333.787,0.8076346905288702,False,0.71338236,0.3211403183779136,0.6750400070712709,0.2795838175723213,0.5210543938140203,False,1143,1581.0852,182.05055,1305.8726,1890.2153,368.352405078125,0.7133823683512514,0.3211403183779136,0.6750400070712709,0.27958381757232137,1.0,0.0,0.5191372623584164,0.41530980988673316,Low,1248,True
CAND_04234,Al19.80Co41.56Mo22.59Nb9.21W6.84,5,19.8,41.56,0.0,0.0,0.0,0.0,22.59,9.21,0.0,0.0,0.0,6.84,100.0,True,889.51556,1308.5007,52.278282,380.3308,1.4710262001123522,True,0.4438285,0.579555239758021,0.5913695366691705,0.3793231678265782,0.5117559822559293,False,1323,1581.0852,182.05055,1305.8726,1890.2153,691.569645078125,0.4438284258910265,0.579555239758021,0.5913695366691705,0.3793231678265782,1.0,0.0,0.5191330145749008,0.41530641165992066,Low,1249,True
CAND_04947,Al29.58Ni32.56Ti11.68V26.18,4,29.58,0.0,0.0,0.0,0.0,0.0,0.0,0.0,32.56,11.68,26.18,0.0,100.0,True,1088.7454,935.38165,57.239227,441.67356666666666,0.8591372080418863,False,0.6099804,0.2865363056307722,0.680099267509261,0.5107754276363017,0.5155961499855517,False,1240,1581.0852,182.05055,1305.8726,1890.2153,492.339805078125,0.6099804196018812,0.28653630563077226,0.680099267509261,0.5107754276363017,1.0,0.0,0.5191020909879255,0.4152816727903404,Low,1250,True
