candidate_id,composition,n_elements,Al,Co,Cr,Cu,Fe,Mn,Mo,Nb,Ni,Ti,V,W,composition_sum,valid_composition,Predicted_YS_MPa,Predicted_UTS_MPa,Predicted_Elongation_pct,Predicted_Hardness_HV,UTS_to_YS_Ratio,UTS_YS_Consistency,YS_Score,UTS_Score,Elongation_Score,Hardness_Score,Balanced_Score,Pareto_Optimal,Overall_Rank,YS_Ensemble_Mean_MPa,YS_Uncertainty_STD_MPa,YS_Relative_Uncertainty,Uncertainty_Risk,Predicted_YS_MPa_Normalized,Predicted_UTS_MPa_Normalized,Predicted_Elongation_pct_Normalized,Predicted_Hardness_HV_Normalized,Performance_Score,Uncertainty_Penalty,Uncertainty_Aware_Score,Final_Rank,Nearest_Experimental_Distance,Nearest_Experimental_Record_ID,Nearest_Experimental_Alloy,Nearest_Experimental_Composition,Novelty_Percentile,Novelty_Score,Discovery_Score,Discovery_Rank,Novelty_Category
CAND_00345,Al22.04Cr11.66Nb18.71Ti8.18W39.41,5,22.04,0.0,11.66,0.0,0.0,0.0,0.0,18.71,0.0,8.18,0.0,39.41,100.0,True,1174.6176,1603.441,45.691566,381.3767,1.3650749513612257,True,0.6815953,0.8111786112722092,0.4735618331368565,0.3815644413459498,0.6234573144494573,False,235,1464.9487386067708,170.50245469173024,0.1163880006162436,Low,0.6815953806656317,0.8111786112722092,0.4735618331368565,0.3815644413459498,0.5869750666051619,0.1163880006162436,0.5257805227941835,180,10.090557409765015,R01773,Cr1 Nb1 Ti1 W1,Cr:25.0000;Nb:25.0000;Ti:25.0000;W:25.0000,96.96000000000001,0.6479389808021669,0.6849266304247889,4,Extreme
CAND_02592,Al21.36Cu6.68Fe10.81Ni5.97Ti12.55W42.63,6,21.36,0.0,0.0,6.68,10.81,0.0,0.0,0.0,5.97,12.55,0.0,42.63,100.0,True,1078.4211,1385.5215,44.81098,376.642,1.2847684872791962,True,0.6013703,0.6400414377198458,0.4578119792760393,0.3714183874859548,0.5425892697442688,False,837,1530.949462890625,185.48104012022424,0.1211542540209085,Low,0.6013702484113157,0.6400414377198458,0.4578119792760393,0.3714183874859548,0.5176605132232889,0.1211542540209085,0.4617210445099332,614,12.864986144924904,R01773,Cr1 Nb1 Ti1 W1,Cr:25.0000;Nb:25.0000;Ti:25.0000;W:25.0000,99.18,0.8353663760245501,0.6680627799180829,7,Extreme
CAND_03278,Al44.26Co7.90Fe5.77Ti11.73W30.34,5,44.26,7.9,0.0,0.0,5.77,0.0,0.0,0.0,0.0,11.73,0.0,30.34,100.0,True,1004.5146,1442.4021,44.239113,623.022,1.4359195158429956,True,0.53973436,0.6847110754253405,0.4475837657025509,0.8993894838649307,0.6141379956997519,False,272,1454.7879150390625,202.5838864878641,0.1392532096215719,Low,0.5397343392363081,0.6847110754253405,0.4475837657025509,0.8993894838649307,0.6428546660572825,0.1392532096215719,0.5642772481376821,54,7.4633862470910355,R01773,Cr1 Nb1 Ti1 W1,Cr:25.0000;Nb:25.0000;Ti:25.0000;W:25.0000,92.58,0.47045961664219077,0.6659293519033748,8,Extreme
CAND_00360,Al36.19Fe14.32Nb14.13W35.36,4,36.19,0.0,0.0,0.0,14.32,0.0,0.0,14.13,0.0,0.0,0.0,35.36,100.0,True,1018.3706,1538.9116,42.33925,520.262,1.5111508440403658,True,0.55128986,0.7605021957746062,0.4136034791597557,0.6791836641396949,0.5988160380536678,False,333,1374.7161743164063,185.7520728657753,0.135120307985132,Low,0.5512898473110904,0.7605021957746062,0.4136034791597557,0.6791836641396949,0.6011447965962868,0.135120307985132,0.5295868573291006,167,8.99457717640783,R01773,Cr1 Nb1 Ti1 W1,Cr:25.0000;Nb:25.0000;Ti:25.0000;W:25.0000,95.67999999999999,0.5738996956152224,0.6602604005381105,10,Extreme
CAND_00186,Al23.48Cu10.65Mn21.02W44.85,4,23.48,0.0,0.0,10.65,0.0,21.02,0.0,0.0,0.0,0.0,0.0,44.85,100.0,True,648.13727,1539.9425,51.693375,374.4050333333333,2.375951169409104,True,0.24252585,0.7613117851514869,0.5809080942068002,0.3666247607972495,0.5013720314169021,False,1524,1459.837996419271,198.31256767947724,0.1358455994198695,Low,0.2425258292417652,0.7613117851514869,0.5809080942068002,0.3666247607972494,0.4878426173493254,0.1358455994198695,0.4294972992794882,1036,14.640349264500218,R01773,Cr1 Nb1 Ti1 W1,Cr:25.0000;Nb:25.0000;Ti:25.0000;W:25.0000,99.94,0.9553015831751166,0.6583302309188476,13,Extreme
CAND_01908,Al40.59Cu17.92Nb19.50W21.99,4,40.59,0.0,0.0,17.92,0.0,0.0,0.0,19.5,0.0,0.0,0.0,21.99,100.0,True,930.7706,1483.8318,45.463417,581.232,1.59419705818051,True,0.47823396,0.7172467675461572,0.4694812397496216,0.8098371171238096,0.5974901056858549,False,338,1358.0233805338542,155.05257102200025,0.1141751852321182,Low,0.4782339504179801,0.7172467675461572,0.4694812397496216,0.8098371171238096,0.6186997687093921,0.1141751852321182,0.5552984637514586,74,6.644296651452747,R01773,Cr1 Nb1 Ti1 W1,Cr:25.0000;Nb:25.0000;Ti:25.0000;W:25.0000,88.34,0.4151257645166315,0.6559182742759426,15,Very High
CAND_04637,Al27.06Co5.31Cu5.12Fe19.02W43.49,5,27.06,5.31,0.0,5.12,19.02,0.0,0.0,0.0,0.0,0.0,0.0,43.49,100.0,True,773.5752,1548.0615,45.203125,394.54733333333326,2.001177790317633,True,0.34713748,0.7676878217708424,0.4648257478826832,0.4097879729678567,0.5121222296998257,False,1316,1426.9951171875,192.0050697501672,0.1345520159372336,Low,0.3471374785632857,0.7676878217708424,0.4648257478826832,0.4097879729678567,0.4973597552961669,0.1345520159372336,0.4383754541966123,904,13.794017776663587,R01773,Cr1 Nb1 Ti1 W1,Cr:25.0000;Nb:25.0000;Ti:25.0000;W:25.0000,99.52,0.8981273965580067,0.6534079287573296,18,Extreme
CAND_03366,Al24.06Co9.19Cr21.43Fe7.19W38.13,5,24.06,9.19,21.43,0.0,7.19,0.0,0.0,0.0,0.0,0.0,0.0,38.13,100.0,True,907.7528,1730.1254,50.037045,418.4280333333333,1.9059433201220333,True,0.45903778,0.9106667715753348,0.5512835539060374,0.460962254002427,0.6178766041989183,False,263,1397.399287923177,223.2370180966239,0.159751776049922,Medium,0.4590377629350322,0.9106667715753348,0.5512835539060374,0.460962254002427,0.5954875856047079,0.159751776049922,0.5134612405017562,232,10.180971614686918,R01773,Cr1 Nb1 Ti1 W1,Cr:25.0000;Nb:25.0000;Ti:25.0000;W:25.0000,97.06,0.6540469405074785,0.6514987558616664,20,Extreme
CAND_03613,Al40.86Cr5.87Cu18.13Nb13.69W21.45,5,40.86,0.0,5.87,18.13,0.0,0.0,0.0,13.69,0.0,0.0,0.0,21.45,100.0,True,952.45917,1495.3218,41.934822,585.684,1.5699589557792388,True,0.49632165,0.7262701276590277,0.4063700211020276,0.8193773692590445,0.591276649430326,False,376,1383.1501953125,153.1969172215096,0.1107594227587823,Low,0.4963215980627177,0.7262701276590277,0.4063700211020276,0.8193773692590445,0.6120847790207044,0.1107594227587823,0.5510507194262421,89,6.369383555802748,R00957,Cr1 Fe1 Ni1 V0.5 W1,Cr:22.2222;Fe:22.2222;Ni:22.2222;V:11.1111;W:22.2222,85.94000000000001,0.3965539249241355,0.6489618677280815,21,Very High
CAND_00587,Al32.56Cu5.97Fe20.90W40.57,4,32.56,0.0,0.0,5.97,20.9,0.0,0.0,0.0,0.0,0.0,0.0,40.57,100.0,True,770.53937,1511.745,46.222374,450.1866666666666,1.9619309063467536,True,0.3446057,0.7391676426986876,0.4830556797664335,0.5290182669113396,0.525248668502847,False,1083,1363.2426595052084,189.03066539257824,0.1386625220935994,Low,0.3446056830899408,0.7391676426986876,0.4830556797664335,0.5290182669113396,0.5239618181166004,0.1386625220935994,0.4601554964268246,636,12.280728127934204,R01773,Cr1 Nb1 Ti1 W1,Cr:25.0000;Nb:25.0000;Ti:25.0000;W:25.0000,98.6,0.7958966441570091,0.646523669372653,22,Extreme
CAND_02706,Al20.22Co7.02Cr6.73Cu24.50W41.53,5,20.22,7.02,6.73,24.5,0.0,0.0,0.0,0.0,0.0,0.0,0.0,41.53,100.0,True,831.15314,1486.8602,46.86783,361.297,1.7889124560082594,True,0.39515585,0.7196250394143747,0.4946000805104693,0.338535375577783,0.5088645998609582,False,1377,1409.5520670572917,162.5567796531835,0.1153251330350298,Low,0.3951558352751315,0.7196250394143747,0.4946000805104693,0.338535375577783,0.4869790826944397,0.1153251330350298,0.4366252209965619,935,12.724539429268113,R01773,Cr1 Nb1 Ti1 W1,Cr:25.0000;Nb:25.0000;Ti:25.0000;W:25.0000,99.1,0.8258784545113763,0.6452131794351302,23,Extreme
CAND_03678,Al43.29Ni6.76Ti27.82W22.13,4,43.29,0.0,0.0,0.0,0.0,0.0,0.0,0.0,6.76,27.82,0.0,22.13,100.0,True,954.20514,1476.86,47.24704,616.808,1.547738467746944,True,0.49777773,0.7117716533568701,0.501382498221585,0.8860734176546093,0.6211214612193003,False,249,1370.98544921875,210.288852113032,0.153385181609961,Low,0.4977776871528828,0.7117716533568701,0.501382498221585,0.8860734176546093,0.6492513140964867,0.153385181609961,0.5629093597251047,59,6.567443390577587,R01773,Cr1 Nb1 Ti1 W1,Cr:25.0000;Nb:25.0000;Ti:25.0000;W:25.0000,87.56,0.4099339185998009,0.6424940287889236,24,Very High
CAND_04407,Al17.27Cu10.86Nb31.00W40.87,4,17.27,0.0,0.0,10.86,0.0,0.0,0.0,31.0,0.0,0.0,0.0,40.87,100.0,True,935.1529,1481.4935,52.101776,353.466,1.5842259709448363,True,0.4818887,0.7154104470107419,0.5882126119559031,0.3217542177900415,0.5545060451173788,False,696,1357.794344075521,181.1207304217873,0.1333933457685056,Low,0.4818886633969149,0.7154104470107419,0.5882126119559031,0.3217542177900415,0.5268164850384003,0.1333933457685056,0.464813462162325,576,11.537819934544132,R01773,Cr1 Nb1 Ti1 W1,Cr:25.0000;Nb:25.0000;Ti:25.0000;W:25.0000,98.2,0.74570925032999,0.641539090487917,25,Extreme
CAND_00486,Al31.72Cu16.15Fe14.56W37.57,4,31.72,0.0,0.0,16.15,14.56,0.0,0.0,0.0,0.0,0.0,0.0,37.57,100.0,True,781.60175,1452.9003,45.643272,484.936,1.8588754543715984,True,0.3538314,0.6929555522866926,0.4726980635080476,0.6034830920531471,0.522733072963746,False,1118,1440.9541422526042,188.0163187367195,0.1304804318358103,Low,0.3538313919104021,0.6929555522866926,0.4726980635080476,0.6034830920531471,0.5307420249395723,0.1304804318358103,0.4694836018326204,528,10.782298946336603,R01773,Cr1 Nb1 Ti1 W1,Cr:25.0000;Nb:25.0000;Ti:25.0000;W:25.0000,97.74000000000001,0.6946697952302657,0.6349606657755689,27,Extreme
CAND_04845,Co36.75Fe14.24Mo5.82W43.19,4,0.0,36.75,0.0,0.0,14.24,0.0,5.82,0.0,0.0,0.0,0.0,43.19,100.0,True,694.56616,1509.8398,55.918045,313.5222,2.1737883046514463,True,0.28124622,0.7376714455109556,0.6564690673657857,0.2361580984640307,0.5052162842662031,False,1454,1056.5375854492188,147.4809561971052,0.1395889348644414,Low,0.2812461968296826,0.7376714455109556,0.6564690673657857,0.2361580984640307,0.4778862020426137,0.1395889348644414,0.4193496333829005,1212,13.772169589655276,R01773,Cr1 Nb1 Ti1 W1,Cr:25.0000;Nb:25.0000;Ti:25.0000;W:25.0000,99.5,0.8966514354963998,0.6315374185816678,30,Extreme
CAND_00187,Al42.89Co17.82Mo6.98Ni19.95W12.36,5,42.89,17.82,0.0,0.0,0.0,0.0,6.98,0.0,19.95,0.0,0.0,12.36,100.0,True,925.708,1551.5797,61.154396,567.3333999999999,1.676100548883087,True,0.4740119,0.7704507447951331,0.7501246138018453,0.7800536157027003,0.6778779886566377,False,138,1364.726611328125,257.5201922860682,0.1886972747131051,High,0.4740118866781279,0.7704507447951331,0.7501246138018453,0.7800536157027003,0.6936602152444515,0.1886972747131051,0.583546568163764,26,5.550389799405771,R01366,Co1 Cr1 Fe1 Ni1 W0.5,Co:22.2222;Cr:22.2222;Fe:22.2222;Ni:22.2222;W:11.1111,75.22,0.3412265472483005,0.6287966539448979,32,Very High
CAND_03591,Cr28.24Cu11.56Fe7.13Ti9.74W43.33,5,0.0,0.0,28.24,11.56,7.13,0.0,0.0,0.0,0.0,9.74,0.0,43.33,100.0,True,944.9438,1461.5065,50.17291,309.016,1.5466597280098726,True,0.49005404,0.6997141982225833,0.5537135878775065,0.2265017004020819,0.5293341238406335,False,1009,1130.249072265625,157.63144669244687,0.1394661146471626,Low,0.4900539942290011,0.6997141982225833,0.5537135878775065,0.2265017004020819,0.4924958701827931,0.1394661146471626,0.432216336977511,998,12.863808922400088,R01773,Cr1 Nb1 Ti1 W1,Cr:25.0000;Nb:25.0000;Ti:25.0000;W:25.0000,99.16,0.8352868483911216,0.628768573193432,33,Extreme
CAND_04418,Al18.78Mn15.45V26.44W39.33,4,18.78,0.0,0.0,0.0,0.0,15.45,0.0,0.0,0.0,0.0,26.44,39.33,100.0,True,997.9002,1158.1072,45.70211,358.032,1.160544101778166,True,0.5342182,0.4614477803032801,0.4737504194408727,0.3315387620958552,0.4668682138759702,False,2251,1637.6724853515625,141.78611230284852,0.0865778191739058,Low,0.5342181186380228,0.4614477803032801,0.4737504194408727,0.3315387620958552,0.4502387701195077,0.0865778191739058,0.4143640355752995,1299,11.932236056960052,R01773,Cr1 Nb1 Ti1 W1,Cr:25.0000;Nb:25.0000;Ti:25.0000;W:25.0000,98.38,0.7723541540254055,0.6284988555900304,34,Extreme
CAND_01296,Al13.20Co20.95Ti20.95W44.90,4,13.2,20.95,0.0,0.0,0.0,0.0,0.0,0.0,0.0,20.95,0.0,44.9,100.0,True,801.17474,1604.9982,50.706017,365.0076,2.003306036187858,True,0.37015474,0.8124015160909873,0.5632485536187045,0.346486871438745,0.5475520499459949,False,770,1094.7140340169271,209.06206842326984,0.1909741374705325,Low,0.370154706286314,0.8124015160909873,0.5632485536187045,0.3464868714387451,0.5230729118586878,0.1909741374705325,0.4391975404013589,898,14.122778922689855,R01773,Cr1 Nb1 Ti1 W1,Cr:25.0000;Nb:25.0000;Ti:25.0000;W:25.0000,99.72,0.9203369579243317,0.6259555573857685,37,Extreme
CAND_01159,Al16.42Co20.89Ni13.78Ti7.26W41.65,5,16.42,20.89,0.0,0.0,0.0,0.0,0.0,0.0,13.78,7.26,0.0,41.65,100.0,True,774.9531,1579.3453,51.493324,348.5606,2.0379881686392323,True,0.34828666,0.7922557062877278,0.5773300518410229,0.3112423685483114,0.5331815836469254,False,960,1305.4050008138022,196.7442979841475,0.1507151404058473,Low,0.3482866077907858,0.7922557062877278,0.5773300518410229,0.3112423685483115,0.507278683616962,0.1507151404058473,0.4408377588897016,879,12.428877799367404,R01773,Cr1 Nb1 Ti1 W1,Cr:25.0000;Nb:25.0000;Ti:25.0000;W:25.0000,98.82,0.8059049412409767,0.6230735402513311,41,Extreme
CAND_01695,Al20.65Nb5.02Ni5.99Ti28.76W39.58,5,20.65,0.0,0.0,0.0,0.0,0.0,0.0,5.02,5.99,28.76,0.0,39.58,100.0,True,1057.0,1491.7961,44.111443,368.715,1.4113491958372752,True,0.5835057,0.7235013147129923,0.4453003046409276,0.3544315099756206,0.5565919160207442,False,675,1408.911376953125,194.23159878619947,0.137859344429626,Low,0.5835056631038156,0.7235013147129923,0.4453003046409276,0.3544315099756206,0.5266846981083391,0.137859344429626,0.4628732898197975,603,10.669764742994378,R01773,Cr1 Nb1 Ti1 W1,Cr:25.0000;Nb:25.0000;Ti:25.0000;W:25.0000,97.7,0.6870675121589568,0.6224190889496851,43,Extreme
CAND_00060,Al18.19Nb14.32Ni18.97Ti14.17W34.35,5,18.19,0.0,0.0,0.0,0.0,0.0,0.0,14.32,18.97,14.17,0.0,34.35,100.0,True,1184.5293,1368.6514,55.52749,324.4528,1.1554390453750254,True,0.6898615,0.6267929618764919,0.6494837369442127,0.2595814317949829,0.5963044953958163,False,349,1545.3094075520833,170.10892340876842,0.1100808178462053,Low,0.6898614552459449,0.6267929618764919,0.6494837369442127,0.2595814317949831,0.5564298964654082,0.1100808178462053,0.501251699443831,289,7.509676312373935,R01773,Cr1 Nb1 Ti1 W1,Cr:25.0000;Nb:25.0000;Ti:25.0000;W:25.0000,92.84,0.4735867563847612,0.6214424465227814,44,Extreme
CAND_03857,Al18.41Cu11.04Mn5.46Mo14.46Ti12.93W37.70,6,18.41,0.0,0.0,11.04,0.0,5.46,14.46,0.0,0.0,12.93,0.0,37.7,100.0,True,1009.0049,1220.8262,49.903404,361.038,1.2099309139090282,True,0.5434791,0.510702447224004,0.5488932976223657,0.3379803609095382,0.5041748501207224,False,1467,1569.3667805989585,153.16472863781104,0.0975965150602683,Low,0.5434791211292207,0.510702447224004,0.5488932976223657,0.3379803609095382,0.4852638067212821,0.0975965150602683,0.442114930270744,855,10.33912103133895,R01773,Cr1 Nb1 Ti1 W1,Cr:25.0000;Nb:25.0000;Ti:25.0000;W:25.0000,97.18,0.6647307734866382,0.6207213904788257,45,Extreme
CAND_00720,Al30.51Mo6.81Nb29.40W33.28,4,30.51,0.0,0.0,0.0,0.0,0.0,6.81,29.4,0.0,0.0,0.0,33.28,100.0,True,859.8485,1526.9744,48.352394,505.8753333333333,1.775864446961681,True,0.41908696,0.7511276392611723,0.521152474083647,0.6483542779344881,0.5786056408709292,False,473,1288.9090576171875,178.60195589337184,0.1385683146827706,Low,0.4190869455658927,0.7511276392611723,0.521152474083647,0.6483542779344881,0.5849303342113,0.1385683146827706,0.5137419746080621,231,7.627350804520146,R01773,Cr1 Nb1 Ti1 W1,Cr:25.0000;Nb:25.0000;Ti:25.0000;W:25.0000,93.30000000000001,0.481536293263318,0.6199926191002197,47,Extreme
CAND_04387,Al24.24Nb21.99Ti13.85W39.92,4,24.24,0.0,0.0,0.0,0.0,0.0,0.0,21.99,0.0,13.85,0.0,39.92,100.0,True,1090.4309,1376.0247,46.35679,420.3940333333333,1.2619091128547455,True,0.6113861,0.632583383209845,0.4854597974296208,0.4651752224880227,0.5643320927300688,False,599,1320.4860270182292,212.70155395087937,0.1610782314987291,Medium,0.611386078439933,0.632583383209845,0.4854597974296208,0.4651752224880227,0.5486511203918554,0.1610782314987291,0.4725358770043015,494,10.61783249273055,R01773,Cr1 Nb1 Ti1 W1,Cr:25.0000;Nb:25.0000;Ti:25.0000;W:25.0000,97.6,0.6835592128569654,0.6176639507730024,49,Extreme
CAND_01888,Cr34.09Mn8.50Nb6.91Ni5.69W44.81,5,0.0,0.0,34.09,0.0,0.0,8.5,0.0,6.91,5.69,0.0,0.0,44.81,100.0,True,772.60394,1542.2523,47.722687,309.958,1.9961745137732485,True,0.34632748,0.7631257239842727,0.5098897544570193,0.2285203251800225,0.494586454153095,False,1676,1092.8442016601562,152.19241909690095,0.1392626861776849,Low,0.3463274754763404,0.7631257239842727,0.5098897544570193,0.2285203251800225,0.4619658197744137,0.1392626861776849,0.4054954361090725,1461,13.719084062526052,R01773,Cr1 Nb1 Ti1 W1,Cr:25.0000;Nb:25.0000;Ti:25.0000;W:25.0000,99.44,0.893065226217442,0.6173884870895767,50,Extreme
CAND_03059,Al28.72Cr8.67Cu19.40Mo7.91W35.30,5,28.72,0.0,8.67,19.4,0.0,0.0,7.91,0.0,0.0,0.0,0.0,35.3,100.0,True,902.3696,1480.113,44.678642,468.0903333333333,1.640251347769788,True,0.45454836,0.7143263087482686,0.4554450279956047,0.5673842808702799,0.5496313113500236,False,744,1336.7986328125,188.7882684178391,0.1412241632987357,Low,0.454548327956094,0.7143263087482686,0.4554450279956047,0.5673842808702799,0.5479259863925618,0.1412241632987357,0.4801212627752016,430,9.450640960992382,R01773,Cr1 Nb1 Ti1 W1,Cr:25.0000;Nb:25.0000;Ti:25.0000;W:25.0000,96.22,0.6047092262824495,0.6166594754759581,51,Extreme
CAND_01922,Al18.91Cu8.45Mo8.02Ni18.23Ti17.95W28.44,6,18.91,0.0,0.0,8.45,0.0,0.0,8.02,0.0,18.23,17.95,0.0,28.44,100.0,True,1128.9224,1451.3527,59.73941,331.10873333333336,1.2856089552355006,True,0.64348686,0.6917401865677475,0.7248166680531026,0.273844523033823,0.6228489646234115,False,238,1479.9170572916669,172.55552820643626,0.1165981075467991,Low,0.6434868895730511,0.6917401865677475,0.7248166680531026,0.273844523033823,0.5834720668069311,0.1165981075467991,0.522544380886367,192,6.091402905875294,R01773,Cr1 Nb1 Ti1 W1,Cr:25.0000;Nb:25.0000;Ti:25.0000;W:25.0000,82.74000000000001,0.37777485574933284,0.6141952504738606,54,Very High
CAND_04510,Al41.95Ni40.08Ti8.33W9.64,4,41.95,0.0,0.0,0.0,0.0,0.0,0.0,0.0,40.08,8.33,0.0,9.64,100.0,True,1042.5347,1532.4498,51.591995,540.9416666666667,1.4699269454374972,True,0.571442,0.7554275962639583,0.5790948469096484,0.7234984067436068,0.6513593659446175,False,174,1286.3376749674478,230.3745670927687,0.1790933839348199,Medium,0.5714420162393417,0.7554275962639583,0.5790948469096484,0.7234984067436068,0.6573657165391388,0.1790933839348199,0.5575179417472483,69,5.930967938825297,R01647,Al1 Cr1 Cu1 Fe1 Mn1 W0.5,Al:18.1818;Cr:18.1818;Cu:18.1818;Fe:18.1818;Mn:18.1818;W:9.0909,80.60000000000001,0.366936621702915,0.6136365675098262,55,Very High
CAND_01690,Al43.13Mn12.50Mo15.17W29.20,4,43.13,0.0,0.0,0.0,0.0,12.5,15.17,0.0,0.0,0.0,0.0,29.2,100.0,True,598.79315,1333.296,48.48458,622.953,2.2266386912885383,True,0.20137426,0.5990275566428473,0.5235167067451315,0.8992416228143171,0.5058859673628011,False,1439,1365.3983235677083,173.49577012980544,0.127066048884893,Low,0.2013742431344448,0.5990275566428473,0.5235167067451315,0.8992416228143171,0.5557900323341852,0.127066048884893,0.4931299570988567,334,8.05500249915883,R00957,Cr1 Fe1 Ni1 V0.5 W1,Cr:22.2222;Fe:22.2222;Ni:22.2222;V:11.1111;W:22.2222,94.34,0.5104264363665783,0.6135734182789512,56,Extreme
CAND_01558,Cr34.80Fe9.05Mo14.53W41.62,4,0.0,0.0,34.8,0.0,9.05,0.0,14.53,0.0,0.0,0.0,0.0,41.62,100.0,True,725.7555,1468.2827,57.043076,310.43,2.02310931688406,True,0.30725724,0.7050357032527689,0.6765909791823365,0.2295317804827698,0.5072653978292391,False,1409,1106.072928873698,151.507079619319,0.1369774774016004,Low,0.3072572151767621,0.7050357032527689,0.6765909791823365,0.2295317804827698,0.4796039195236593,0.1369774774016004,0.4218235884669638,1171,12.286405805681785,R01773,Cr1 Nb1 Ti1 W1,Cr:25.0000;Nb:25.0000;Ti:25.0000;W:25.0000,98.61999999999999,0.7962802014413088,0.6104507419848827,60,Extreme
CAND_04521,Al29.05Fe11.64Nb30.34Ti9.81W19.16,5,29.05,0.0,0.0,0.0,11.64,0.0,0.0,30.34,0.0,9.81,0.0,19.16,100.0,True,1196.6796,1528.4584,44.508965,483.6743333333333,1.2772495195496898,True,0.69999444,0.7522930584437223,0.4524102443929334,0.6007794491711567,0.6389057354216201,False,199,1423.64990234375,214.92815024638128,0.1509698064759782,Medium,0.6999944582598759,0.7522930584437223,0.4524102443929334,0.6007794491711567,0.6263693025669221,0.1509698064759782,0.5442100210123931,108,5.625140455225787,R01497,Cr1 Mo1 Nb1 Ti1 W1,Cr:20.0000;Mo:20.0000;Nb:20.0000;Ti:20.0000;W:20.0000,76.44,0.3462763510273487,0.6094269906990988,61,Very High
CAND_02139,Al15.15Co15.42Cr12.61Fe17.18W39.64,5,15.15,15.42,12.61,0.0,17.18,0.0,0.0,0.0,0.0,0.0,0.0,39.64,100.0,True,844.77997,1602.3163,47.972725,346.036,1.89672620113974,True,0.40652025,0.8102953586073748,0.5143618468587279,0.3058323684268797,0.5395100047592143,False,871,1348.9163208007812,195.6966784930991,0.145076959538101,Low,0.4065202221182816,0.8102953586073748,0.5143618468587279,0.3058323684268797,0.509252449002816,0.145076959538101,0.4447320721641603,822,11.152481859404467,R01773,Cr1 Nb1 Ti1 W1,Cr:25.0000;Nb:25.0000;Ti:25.0000;W:25.0000,97.92,0.7196776169388833,0.6086873222605553,62,Extreme
CAND_02712,Al32.79Cu6.27Mn6.88Ni18.69Ti10.30W25.07,6,32.79,0.0,0.0,6.27,0.0,6.88,0.0,0.0,18.69,10.3,0.0,25.07,100.0,True,1015.84656,1474.9929,56.744392,471.7985333333334,1.4519839526353324,True,0.54918486,0.7103053769716012,0.671248821402671,0.5753306337381775,0.6319588771030334,False,215,1415.5148274739583,213.8085015806629,0.1510464584551279,Medium,0.5491848700737151,0.7103053769716012,0.671248821402671,0.5753306337381775,0.6265174255465412,0.1510464584551279,0.5443024657644305,106,5.552865495667533,R00957,Cr1 Fe1 Ni1 V0.5 W1,Cr:22.2222;Fe:22.2222;Ni:22.2222;V:11.1111;W:22.2222,75.28,0.34139379367846595,0.6082579923650135,63,Very High
CAND_04343,Al33.74Fe6.51Nb38.07W21.68,4,33.74,0.0,0.0,0.0,6.51,0.0,0.0,38.07,0.0,0.0,0.0,21.68,100.0,True,980.22955,1484.4209,46.539078,531.6547333333334,1.5143604833375377,True,0.51948136,0.7177094012661306,0.4887201369769005,0.7035973093574617,0.5988768712223094,False,332,1327.4972330729167,193.85315814724325,0.1460290487374562,Low,0.519481301464116,0.7177094012661306,0.4887201369769005,0.7035973093574617,0.6073770372661522,0.1460290487374562,0.5299839807160911,165,6.10329593641578,R01773,Cr1 Nb1 Ti1 W1,Cr:25.0000;Nb:25.0000;Ti:25.0000;W:25.0000,82.86,0.37857829312267555,0.6061235339656117,69,Very High
CAND_00636,Al43.83Cr17.10Nb10.03V12.57W16.47,5,43.83,0.0,17.1,0.0,0.0,0.0,0.0,10.03,0.0,0.0,12.57,16.47,100.0,True,1298.4084,1208.4036,33.996464,633.6466666666666,0.9306806363936015,False,0.78483343,0.5009466949752536,0.2643873204971474,0.9221572284410372,0.5901544671573487,False,82,1435.0464680989585,233.80261247397692,0.1629233740310173,High,0.7848333706327053,0.5009466949752536,0.2643873204971474,0.9221572284410372,0.6180811536365359,0.1629233740310173,0.5314891483297768,154,6.483123129418156,R00957,Cr1 Fe1 Ni1 V0.5 W1,Cr:22.2222;Fe:22.2222;Ni:22.2222;V:11.1111;W:22.2222,86.86,0.4042376371587595,0.6052171045259669,71,Very High
CAND_01949,Al41.17Cu15.95Mo16.95W25.93,4,41.17,0.0,0.0,15.95,0.0,0.0,16.95,0.0,0.0,0.0,0.0,25.93,100.0,True,664.64777,1282.9698,48.161583,595.554,1.9303003265963483,True,0.2562951,0.5595052393484751,0.5177396951329978,0.8405279282381033,0.500254223720545,False,1559,1369.2460367838542,154.4873547017508,0.1128265852531642,Low,0.2562951144661226,0.5595052393484751,0.5177396951329978,0.8405279282381033,0.5435169942964246,0.1128265852531642,0.4884112237242933,365,7.317235565197125,R00957,Cr1 Fe1 Ni1 V0.5 W1,Cr:22.2222;Fe:22.2222;Ni:22.2222;V:11.1111;W:22.2222,92.10000000000001,0.4605863619176385,0.6045131113395515,72,Extreme
CAND_03719,Al44.21Nb22.54Ni19.20W14.05,4,44.21,0.0,0.0,0.0,0.0,0.0,0.0,22.54,19.2,0.0,0.0,14.05,100.0,True,946.58954,1432.7888,60.284164,555.9249333333333,1.5136326164750449,True,0.49142656,0.6771615307975722,0.7345599479713566,0.7556062553081759,0.6475573606597764,False,178,1311.8421061197917,259.3676929142292,0.1977125842388114,High,0.4914264943631663,0.6771615307975722,0.7345599479713566,0.7556062553081759,0.6646885571100678,0.1977125842388114,0.5549649939868511,75,5.905461018116945,R01592,Al1 Co1 Cr0.091 Nb0.727 W0.212,Al:33.0033;Co:33.0033;Cr:3.0033;Nb:23.9934;W:6.9967,80.17999999999999,0.3652134937494285,0.6013234378503152,76,Very High
CAND_02732,Al18.14Cr34.49V38.64W8.73,4,18.14,0.0,34.49,0.0,0.0,0.0,0.0,0.0,0.0,0.0,38.64,8.73,100.0,True,1311.042,1207.789,60.377052,356.902,0.9212435659553356,False,0.79536945,0.5004640355213484,0.7362213103203192,0.3291172695278374,0.6221729774501067,False,57,1513.5394083658855,239.66086938010804,0.1583446509918505,High,0.7953694320366869,0.5004640355213484,0.7362213103203192,0.3291172695278374,0.590293011851548,0.1583446509918505,0.5096004987342071,249,7.209557746772403,R01647,Al1 Cr1 Cu1 Fe1 Mn1 W0.5,Al:18.1818;Cr:18.1818;Cu:18.1818;Fe:18.1818;Mn:18.1818;W:9.0909,91.62,0.45331215343831666,0.5982571003413351,81,Extreme
CAND_03878,Al29.05Co44.43Fe7.76W18.76,4,29.05,44.43,0.0,0.0,7.76,0.0,0.0,0.0,0.0,0.0,0.0,18.76,100.0,True,838.9322,1528.125,56.27668,501.1485333333333,1.8215119390122927,True,0.40164337,0.7520312317890981,0.6628834878078258,0.6382251530933317,0.6075570315897363,False,302,1228.2775756835938,210.5664625530468,0.1714323103520446,Medium,0.4016433490340963,0.7520312317890981,0.6628834878078258,0.6382251530933317,0.613695805431088,0.1714323103520446,0.5238849910556567,188,6.740730106656368,R00957,Cr1 Fe1 Ni1 V0.5 W1,Cr:22.2222;Fe:22.2222;Ni:22.2222;V:11.1111;W:22.2222,89.18,0.42164035654491355,0.5975472112999725,82,Very High
CAND_03500,Al27.85Cu11.90Fe16.67Mo10.44W33.14,5,27.85,0.0,0.0,11.9,16.67,0.0,10.44,0.0,0.0,0.0,0.0,33.14,100.0,True,877.95123,1487.4769,47.636726,434.1336666666666,1.694259139051996,True,0.43418416,0.7201093480463682,0.5083522860124497,0.4946180720490468,0.5475688388472589,False,767,1396.2497477213542,196.82018672360107,0.140963453740856,Low,0.4341841051134249,0.7201093480463682,0.5083522860124497,0.4946180720490468,0.5393159528053224,0.140963453740856,0.4726846868206664,491,8.727622333045774,R01773,Cr1 Nb1 Ti1 W1,Cr:25.0000;Nb:25.0000;Ti:25.0000;W:25.0000,95.34,0.5558654782286778,0.5973634370959395,85,Extreme
CAND_02553,Al15.81Co22.22Fe11.49Nb8.78W41.70,5,15.81,22.22,0.0,0.0,11.49,0.0,0.0,8.78,0.0,0.0,0.0,41.7,100.0,True,844.63495,1583.6005,45.557198,361.1556,1.874893410911111,True,0.4063993,0.7955974122887971,0.4711585739849164,0.3382323675697142,0.5291235181891063,False,1014,1153.0171305338542,199.9968452278981,0.1734552244989615,Low,0.4063992795821236,0.7955974122887971,0.4711585739849164,0.3382323675697142,0.5028469083563878,0.1734552244989615,0.4285181895807672,1059,12.345337340438688,R01773,Cr1 Nb1 Ti1 W1,Cr:25.0000;Nb:25.0000;Ti:25.0000;W:25.0000,98.66,0.8002613395819168,0.5957497879355909,89,Extreme
CAND_01666,Al42.01Cu9.96Fe15.67Mo14.14W18.22,5,42.01,0.0,0.0,9.96,15.67,0.0,14.14,0.0,0.0,0.0,0.0,18.22,100.0,True,732.24854,1342.7458,52.358955,559.639,1.8337295816009789,True,0.31267223,0.6064487009765811,0.5928124257913162,0.7635651799368982,0.5384741635077778,False,885,1443.0444173177084,192.51264593214577,0.1334072906016178,Low,0.312672225002822,0.6064487009765811,0.5928124257913162,0.7635651799368982,0.5688746329269043,0.1334072906016178,0.501915452321595,286,6.543494117736657,R01497,Cr1 Mo1 Nb1 Ti1 W1,Cr:20.0000;Mo:20.0000;Nb:20.0000;Ti:20.0000;W:20.0000,87.33999999999999,0.40831601803196127,0.5930260368086318,95,Very High
CAND_04816,Al17.92Cu29.96Ni11.63Ti5.18W35.31,5,17.92,0.0,0.0,29.96,0.0,0.0,0.0,0.0,11.63,5.18,0.0,35.31,100.0,True,901.42535,1466.665,45.855797,322.422,1.6270509737555532,True,0.4537609,0.7037652863985835,0.4764992114842478,0.2552296024966373,0.5046671057516652,False,1462,1488.2499348958331,159.21048916919847,0.1069783276559269,Low,0.4537608504373575,0.7037652863985835,0.4764992114842478,0.2552296024966373,0.4723137377042066,0.1069783276559269,0.4266693628088914,1087,9.808949589975077,R01773,Cr1 Nb1 Ti1 W1,Cr:25.0000;Nb:25.0000;Ti:25.0000;W:25.0000,96.72,0.6289148770403377,0.5915969239208136,100,Extreme
CAND_03686,Al31.14Co16.44Nb23.91Ni11.06W17.45,5,31.14,16.44,0.0,0.0,0.0,0.0,0.0,23.91,11.06,0.0,0.0,17.45,100.0,True,916.1326,1477.2856,53.671608,503.3867333333334,1.612523724841383,True,0.46602637,0.712105886782809,0.6162900792175156,0.6430214227090287,0.6039654089726724,False,314,1369.5548990885416,228.5830766723357,0.1669031864472618,Medium,0.4660262766882845,0.712105886782809,0.6162900792175156,0.6430214227090287,0.6093609163494095,0.1669031864472618,0.5222034899096143,194,6.291377167259665,R01497,Cr1 Mo1 Nb1 Ti1 W1,Cr:20.0000;Mo:20.0000;Nb:20.0000;Ti:20.0000;W:20.0000,85.04,0.39128417910942,0.5906719491085322,103,Very High
CAND_02831,Al5.65Co43.79Ti9.37W41.19,4,5.65,43.79,0.0,0.0,0.0,0.0,0.0,0.0,0.0,9.37,0.0,41.19,100.0,True,809.6655,1476.056,57.18254,319.821,1.8230441461951097,True,0.3772358,0.7111402537458391,0.6790853836117108,0.2496558837626422,0.5337325475796622,False,955,1045.5023478190103,191.8592117947877,0.1835091161631719,Low,0.377235757508964,0.7111402537458391,0.6790853836117108,0.2496558837626422,0.504279319657289,0.1835091161631719,0.4260882428114422,1098,12.514498686838728,R01773,Cr1 Nb1 Ti1 W1,Cr:25.0000;Nb:25.0000;Ti:25.0000;W:25.0000,98.86,0.8116890868966243,0.590041126174276,106,Extreme
CAND_04203,Al17.22Co34.32Mo11.13Ni16.32W21.01,5,17.22,34.32,0.0,0.0,0.0,0.0,11.13,0.0,16.32,0.0,0.0,21.01,100.0,True,928.675,1481.3026,62.657234,336.318,1.5950710630425955,True,0.47648633,0.7152605288692668,0.7770038497611756,0.285007532341926,0.5945261515117882,False,356,1261.4939412434896,148.08390248474845,0.1173877239067656,Low,0.4764862798982404,0.7152605288692668,0.7770038497611756,0.285007532341926,0.5634395477176521,0.1173877239067656,0.5042471253824741,271,5.711404498676063,R00957,Cr1 Fe1 Ni1 V0.5 W1,Cr:22.2222;Fe:22.2222;Ni:22.2222;V:11.1111;W:22.2222,77.56,0.3521039452849839,0.5899339171064659,108,Very High
CAND_01016,Al10.45Cr41.87Mo13.18W34.50,4,10.45,0.0,41.87,0.0,0.0,0.0,13.18,0.0,0.0,0.0,0.0,34.5,100.0,True,841.89404,1540.7228,53.368748,344.781,1.8300673497664712,True,0.40411347,0.7619245726098047,0.610873230959325,0.303143011636736,0.5480011757009231,False,759,1085.3320353190104,140.23509996835404,0.1292093989717486,Low,0.4041134389616522,0.7619245726098047,0.610873230959325,0.303143011636736,0.5200135635418796,0.1292093989717486,0.4605111895237507,631,8.496377187276885,R01773,Cr1 Nb1 Ti1 W1,Cr:25.0000;Nb:25.0000;Ti:25.0000;W:25.0000,94.96,0.5402436405580895,0.5884468115782026,111,Extreme
CAND_04713,Al22.32Fe15.39Mo20.15W42.14,4,22.32,0.0,0.0,0.0,15.39,0.0,20.15,0.0,0.0,0.0,0.0,42.14,100.0,True,741.858,1305.7775,45.585175,368.6797,1.760144866952029,True,0.32068622,0.5774166484386677,0.4716589608426044,0.3543558651192924,0.4404989823370839,False,2859,1298.6347819010416,176.74766681209837,0.1361026743434066,Low,0.3206862400594254,0.5774166484386677,0.4716589608426044,0.3543558651192924,0.4310294286149975,0.1361026743434066,0.3793930234906844,2028,13.358837823035266,R01773,Cr1 Nb1 Ti1 W1,Cr:25.0000;Nb:25.0000;Ti:25.0000;W:25.0000,99.3,0.8687286795796615,0.5880112803100405,114,Extreme
CAND_03670,Al42.99Co9.44Mo12.78Nb12.92V8.08W13.79,6,42.99,9.44,0.0,0.0,0.0,0.0,12.78,12.92,0.0,0.0,8.08,13.79,100.0,True,946.8166,988.0982,52.423462,627.842,1.0436004302297166,True,0.4916159,0.3279358195174682,0.5939661754795917,0.909718328270104,0.5308148183235641,False,990,1387.8115234375,193.1236856123469,0.1391569981592275,Low,0.4916158559150904,0.3279358195174682,0.5939661754795917,0.909718328270104,0.5808090447955636,0.1391569981592275,0.509858646116468,247,5.939016146533757,R01592,Al1 Co1 Cr0.091 Nb0.727 W0.212,Al:33.0033;Co:33.0033;Cr:3.0033;Nb:23.9934;W:6.9967,80.72,0.3674803208752488,0.5873927605861164,116,Very High
CAND_03091,Al34.37Cr19.94Ti39.26W6.43,4,34.37,0.0,19.94,0.0,0.0,0.0,0.0,0.0,0.0,39.26,0.0,6.43,100.0,True,1068.4475,1488.3003,46.76954,526.9548333333333,1.392955935033696,True,0.59305257,0.7207559829216458,0.4928420998748702,0.6935258288969064,0.6213819759161212,False,246,1231.0798624674478,211.4691203247756,0.1717753061941318,Medium,0.5930525509997503,0.7207559829216458,0.4928420998748702,0.6935258288969064,0.6250441156732931,0.1717753061941318,0.5334163575296748,143,5.581426393011092,R00100,AlCoCrFeNiTi1.5,Al:15.3846;Co:15.3846;Cr:15.3846;Fe:15.3846;Ni:15.3846;Ti:23.0769,75.86,0.3433232339724184,0.5873069408969742,117,Very High
CAND_02215,Al31.20Mn22.19Ti16.25W30.36,4,31.2,0.0,0.0,0.0,0.0,22.19,0.0,0.0,0.0,16.25,0.0,30.36,100.0,True,917.8524,1530.5532,47.385025,475.2556666666666,1.6675373640303086,True,0.46746054,0.7539381528531601,0.5038504497731482,0.5827389723871272,0.5797930700127119,False,459,1407.096309407552,220.4605965451184,0.1566776879956011,Medium,0.4674605407462384,0.7539381528531601,0.5038504497731482,0.5827389723871272,0.5769970289399184,0.1566776879956011,0.4988399403984291,306,7.086043936772446,R01773,Cr1 Nb1 Ti1 W1,Cr:25.0000;Nb:25.0000;Ti:25.0000;W:25.0000,90.9,0.4449681396278664,0.5864607212052254,121,Extreme
CAND_03344,Al36.59Ni21.67Ti24.74W17.00,4,36.59,0.0,0.0,0.0,0.0,0.0,0.0,0.0,21.67,24.74,0.0,17.0,100.0,True,1001.8916,1464.6234,52.761986,494.0912,1.461858146845274,True,0.5375468,0.702161971167388,0.6000208975946142,0.6231018962644013,0.6153831472151643,False,270,1337.969356282552,251.20184784053325,0.18774858083333,High,0.5375468321866436,0.702161971167388,0.6000208975946142,0.6231018962644013,0.6157078993032618,0.18774858083333,0.5183823489574522,210,6.818180527086569,R01497,Cr1 Mo1 Nb1 Ti1 W1,Cr:20.0000;Mo:20.0000;Nb:20.0000;Ti:20.0000;W:20.0000,89.75999999999999,0.42687254376102324,0.5846879131906061,126,Very High
CAND_00572,Al33.62Cu19.15Fe11.69Ti19.63W15.91,5,33.62,0.0,0.0,19.15,11.69,0.0,0.0,0.0,0.0,19.63,0.0,15.91,100.0,True,1065.1139,1488.9624,43.90172,507.3511333333333,1.3979372644939556,True,0.5902724,0.7212759452132672,0.4415492722587955,0.651516790086595,0.6015793540837001,False,323,1434.0561971028646,233.2530932693619,0.1626526866524399,High,0.5902724238549687,0.7212759452132672,0.4415492722587955,0.651516790086595,0.6011536078534065,0.1626526866524399,0.5170534715610335,215,6.073332381002882,R01647,Al1 Cr1 Cu1 Fe1 Mn1 W0.5,Al:18.1818;Cr:18.1818;Cu:18.1818;Fe:18.1818;Mn:18.1818;W:9.0909,82.54,0.3765540958270412,0.5841312868490387,128,Very High
CAND_03170,Al18.00Cr41.21V25.46W15.33,4,18.0,0.0,41.21,0.0,0.0,0.0,0.0,0.0,0.0,0.0,25.46,15.33,100.0,True,1299.3933,1252.0944,57.40705,354.354,0.9635992349945464,False,0.7856548,0.5352580807036605,0.6831008911150006,0.3236571252240236,0.6155976656492835,False,269,1428.0339477539062,217.1960826453057,0.1520944813580406,Medium,0.7856547490898973,0.5352580807036605,0.6831008911150006,0.3236571252240236,0.5819177115331454,0.1520944813580406,0.5050954769327645,266,6.432035683470901,R00957,Cr1 Fe1 Ni1 V0.5 W1,Cr:22.2222;Fe:22.2222;Ni:22.2222;V:11.1111;W:22.2222,86.42,0.40078640887485606,0.584070826307607,129,Very High
CAND_04481,Al33.57Fe14.07Ni15.46Ti7.05W29.85,5,33.57,0.0,0.0,0.0,14.07,0.0,0.0,0.0,15.46,7.05,0.0,29.85,100.0,True,928.645,1488.251,46.36843,455.0752,1.6026048368312156,True,0.4764613,0.7207172665027106,0.4856679864071198,0.5394939723406975,0.5614946627778814,False,624,1472.755948893229,203.00354480970748,0.1378392292098795,Low,0.4764612607554688,0.7207172665027106,0.4856679864071198,0.5394939723406975,0.5555851215014992,0.1378392292098795,0.4882808636219194,366,6.854195667585997,R00957,Cr1 Fe1 Ni1 V0.5 W1,Cr:22.2222;Fe:22.2222;Ni:22.2222;V:11.1111;W:22.2222,89.94,0.42930555776741364,0.5826318454988444,133,Very High
CAND_03308,Co35.85Cr12.79Mn11.76Mo24.14Ti6.06W9.40,6,0.0,35.85,12.79,0.0,0.0,11.76,24.14,0.0,0.0,6.06,0.0,9.4,100.0,True,929.77014,1572.8606,52.891445,319.4976,1.6916660684442837,True,0.4773996,0.787163122882686,0.6023363560858547,0.248962865447158,0.5672973439136398,False,574,1196.2759440104169,111.28334268264746,0.0930248102369919,Low,0.4773995953654039,0.787163122882686,0.6023363560858547,0.248962865447158,0.5289654849452756,0.0930248102369919,0.4839464575653907,399,5.56978357835438,R01594,Al0.947 Co0.158 Mo1 Ni0.289 W0.237,Al:35.9939;Co:6.0053;Mo:38.0084;Ni:10.9844;W:9.0080,75.62,0.34253670001084635,0.5818727175155356,134,Very High
CAND_03537,Mo11.15Nb21.06Ti23.74W44.05,4,0.0,0.0,0.0,0.0,0.0,0.0,11.15,21.06,0.0,23.74,0.0,44.05,100.0,True,969.1214,1429.7683,42.250572,320.866,1.4753242489380802,True,0.5102175,0.6747894629802593,0.4120174154014521,0.2518952286596144,0.4962907263672279,False,1641,1090.2999959309896,179.40782567375203,0.1645490473661412,Low,0.5102174217714995,0.6747894629802593,0.4120174154014521,0.2518952286596144,0.4622298822032064,0.1645490473661412,0.396917487716495,1648,13.059257674983334,R01773,Cr1 Nb1 Ti1 W1,Cr:25.0000;Nb:25.0000;Ti:25.0000;W:25.0000,99.24,0.8484904495980673,0.5818559362435074,135,Extreme
CAND_03980,Al29.64Cr23.54Ti5.41V24.17W17.24,5,29.64,0.0,23.54,0.0,0.0,0.0,0.0,0.0,0.0,5.41,24.17,17.24,100.0,True,1226.9988,1387.8925,49.728493,489.54673333333335,1.1311278571893315,True,0.7252798,0.641903438314068,0.5457649005224238,0.6133634960352522,0.6386007353643732,False,48,1381.2388264973958,252.9855184437363,0.1831584180740616,High,0.7252798047105792,0.641903438314068,0.5457649005224238,0.6133634960352522,0.6315779098955808,0.1831584180740616,0.5338067161992218,140,5.560873662166805,R00957,Cr1 Fe1 Ni1 V0.5 W1,Cr:22.2222;Fe:22.2222;Ni:22.2222;V:11.1111;W:22.2222,75.38,0.34193478785447207,0.5814485902293816,137,Very High
CAND_01079,Al18.52Cr13.24Mo39.47W28.77,4,18.52,0.0,13.24,0.0,0.0,0.0,39.47,0.0,0.0,0.0,0.0,28.77,100.0,True,960.045,1364.4406,45.953133,358.386,1.421225697012666,True,0.502648,0.6234861242121512,0.4782401292088045,0.3322973535729158,0.5072448743666536,False,1411,1437.207421875,138.060788531952,0.0960618393911687,Low,0.5026479635230906,0.6234861242121512,0.4782401292088045,0.3322973535729158,0.4841678926292405,0.0960618393911687,0.4417341022457109,866,7.973944325617271,R01497,Cr1 Mo1 Nb1 Ti1 W1,Cr:20.0000;Mo:20.0000;Nb:20.0000;Ti:20.0000;W:20.0000,94.16,0.5049505262680971,0.581336076368461,138,Extreme
CAND_01185,Al20.78Co16.37Mn14.41Ni13.24W35.20,5,20.78,16.37,0.0,0.0,0.0,14.41,0.0,0.0,13.24,0.0,0.0,35.2,100.0,True,731.5352,1495.4064,51.866837,367.9856,2.0442028827397967,True,0.31207734,0.7263365659763079,0.5840105749984604,0.3528684686666717,0.5104570898619097,False,1350,1507.8671712239584,192.39695392878548,0.1275954259105024,Low,0.3120773198259985,0.7263365659763079,0.5840105749984604,0.3528684686666717,0.4938232323668596,0.1275954259105024,0.4379436285564133,910,9.288564473284904,R01773,Cr1 Nb1 Ti1 W1,Cr:25.0000;Nb:25.0000;Ti:25.0000;W:25.0000,95.98,0.5937600987979929,0.5810732983706663,139,Extreme
CAND_00257,Al32.96Co30.70Cu12.31W24.03,4,32.96,30.7,0.0,12.31,0.0,0.0,0.0,0.0,0.0,0.0,0.0,24.03,100.0,True,750.31134,1454.7909,57.38807,542.5459333333333,1.9389163162004444,True,0.3277361,0.6944402837600949,0.6827614214592506,0.7269362118855996,0.586383706614346,False,405,1138.295536295573,202.71904541484497,0.1780899941631734,Low,0.327736084071325,0.6944402837600949,0.6827614214592506,0.7269362118855996,0.6079685002940676,0.1780899941631734,0.5160628672734995,218,6.365415075333389,R00957,Cr1 Fe1 Ni1 V0.5 W1,Cr:22.2222;Fe:22.2222;Ni:22.2222;V:11.1111;W:22.2222,85.84,0.39628583299301584,0.579846195382058,143,Very High
CAND_03522,Al30.27Co31.54Fe12.08Nb9.64W16.47,5,30.27,31.54,0.0,0.0,12.08,0.0,0.0,9.64,0.0,0.0,0.0,16.47,100.0,True,946.6822,1572.7203,50.68959,512.5741333333334,1.6612970189048784,True,0.4915038,0.7870529420799153,0.5629547460299266,0.6627092287439026,0.6237121008801372,False,233,1198.2768920898438,222.9246885045568,0.1860377096280034,Medium,0.4915037701554734,0.7870529420799153,0.5629547460299266,0.6627092287439026,0.6260551717523044,0.1860377096280034,0.5278543562907999,172,5.897265581258932,R01366,Co1 Cr1 Fe1 Ni1 W0.5,Co:22.2222;Cr:22.2222;Fe:22.2222;Ni:22.2222;W:11.1111,79.97999999999999,0.3646598484661524,0.579619751177809,144,Very High
CAND_00397,Al43.55Ni23.29Ti19.65W13.51,4,43.55,0.0,0.0,0.0,0.0,0.0,0.0,0.0,23.29,19.65,0.0,13.51,100.0,True,932.6546,1404.6022,54.462334,549.8408666666667,1.5060261289779409,True,0.4798052,0.6550259483643754,0.6304327284805616,0.7425686250279471,0.6094428267317209,False,292,1247.9507080078124,246.12392927348665,0.1972224765723245,High,0.4798051525840375,0.6550259483643754,0.6304327284805616,0.7425686250279471,0.6269581136142304,0.1972224765723245,0.5236771994201327,189,6.433249825375401,R01366,Co1 Cr1 Fe1 Ni1 W0.5,Co:22.2222;Cr:22.2222;Fe:22.2222;Ni:22.2222;W:11.1111,86.46000000000001,0.40086843060845,0.5785541952317024,147,Very High
CAND_00288,Al36.73Cr7.80Cu40.85W14.62,4,36.73,0.0,7.8,40.85,0.0,0.0,0.0,0.0,0.0,0.0,0.0,14.62,100.0,True,823.59515,1471.203,47.007423,518.9994,1.7863181846039764,True,0.38885272,0.7073290817155727,0.4970967921888212,0.6764780212048461,0.554600444860627,False,693,1419.9754150390625,194.61086058694056,0.1370522746561686,Low,0.3888526875792507,0.7073290817155727,0.4970967921888212,0.6764780212048461,0.5674391456721227,0.1370522746561686,0.499044026664218,302,5.938318126086023,R01647,Al1 Cr1 Cu1 Fe1 Mn1 W0.5,Al:18.1818;Cr:18.1818;Cu:18.1818;Fe:18.1818;Mn:18.1818;W:9.0909,80.7,0.36743316588702624,0.5780337120420864,150,Very High
CAND_02559,Al42.10Nb8.86V25.14W23.90,4,42.1,0.0,0.0,0.0,0.0,0.0,0.0,8.86,0.0,0.0,25.14,23.9,100.0,True,1059.4282,1132.5347,40.271873,608.024,1.0690055973404728,True,0.58553076,0.4413651104611237,0.3766270956773762,0.8672500630373802,0.532313055805433,False,970,1408.0400146484376,199.72938382626552,0.1418492242751598,Low,0.58553071251975,0.4413651104611237,0.3766270956773762,0.8672500630373802,0.5676932454239075,0.1418492242751598,0.4971700583185808,315,6.197661924183283,R00957,Cr1 Fe1 Ni1 V0.5 W1,Cr:22.2222;Fe:22.2222;Ni:22.2222;V:11.1111;W:22.2222,84.04,0.38495321674594574,0.5779609233206396,151,Very High
CAND_00321,Co10.49Cr17.67Nb18.76Ti10.19W42.89,5,0.0,10.49,17.67,0.0,0.0,0.0,0.0,18.76,0.0,10.19,0.0,42.89,100.0,True,904.6597,1549.3406,36.512283,318.564,1.712622492554115,True,0.45645827,0.7686923282913273,0.3093843810798357,0.2469622411449444,0.4819356140742633,False,1930,1149.4470703125,155.95177339361854,0.1356754716432658,Low,0.4564582059181365,0.7686923282913273,0.3093843810798357,0.2469622411449444,0.445374289108561,0.1356754716432658,0.3921668647682657,1730,12.014277198757584,R01773,Cr1 Nb1 Ti1 W1,Cr:25.0000;Nb:25.0000;Ti:25.0000;W:25.0000,98.42,0.7778964688498284,0.5779461048485366,153,Extreme
CAND_00376,Al25.42Cr14.84Mo21.25Ti9.83W28.66,5,25.42,0.0,14.84,0.0,0.0,0.0,21.25,0.0,0.0,9.83,0.0,28.66,100.0,True,1082.1702,1361.6099,44.537987,426.6285333333333,1.2582216205545813,True,0.6044969,0.621263110681124,0.4529293217559038,0.4785352184307727,0.5527406152880102,False,711,1370.0979329427084,171.66917790861942,0.1252970125572752,Low,0.6044968906834841,0.621263110681124,0.4529293217559038,0.4785352184307726,0.5393061353878211,0.1252970125572752,0.47925670233695,440,6.652750734176951,R01773,Cr1 Nb1 Ti1 W1,Cr:25.0000;Nb:25.0000;Ti:25.0000;W:25.0000,88.48,0.4156968827017598,0.5775627516938093,154,Very High
CAND_03852,Co20.24Mn15.35Mo9.84Ni11.34W43.23,5,0.0,20.24,0.0,0.0,0.0,15.35,9.84,0.0,11.34,0.0,0.0,43.23,100.0,True,643.1455,1404.0864,53.38511,308.0796,2.183155107116664,True,0.23836285,0.6546208788129203,0.6111658759807888,0.2244950759412925,0.4543608486578764,False,2534,1156.0257202148437,177.07474767901184,0.1531754394237033,Low,0.2383628356979967,0.6546208788129203,0.6111658759807888,0.2244950759412926,0.4321611666082496,0.1531754394237033,0.3747575189636549,2125,13.623972449125842,R01773,Cr1 Nb1 Ti1 W1,Cr:25.0000;Nb:25.0000;Ti:25.0000;W:25.0000,99.42,0.8866399316228875,0.5768349877024127,156,Extreme
CAND_00646,Al29.52Cr12.67Fe11.11Nb11.21V22.75W12.74,6,29.52,0.0,12.67,0.0,11.11,0.0,0.0,11.21,0.0,0.0,22.75,12.74,100.0,True,1379.5664,1238.8062,38.7182,475.7453333333333,0.8979677921901412,False,0.85251683,0.5248225529532825,0.3488386426500769,0.5837882858332683,0.5879797362951372,False,86,1433.2241455078124,207.64023182987367,0.1448763143439114,Low,0.8525168236013245,0.5248225529532825,0.3488386426500769,0.5837882858332683,0.5774915762594881,0.1448763143439114,0.5044139432567686,268,5.738561234885647,R01647,Al1 Cr1 Cu1 Fe1 Mn1 W0.5,Al:18.1818;Cr:18.1818;Cu:18.1818;Fe:18.1818;Mn:18.1818;W:9.0909,77.94,0.353938527037256,0.5756123978505376,160,Very High
CAND_02004,Al17.36Cu8.57Mn37.22Mo8.63W28.22,5,17.36,0.0,0.0,8.57,0.0,37.22,8.63,0.0,0.0,0.0,0.0,28.22,100.0,True,843.9568,1546.0818,51.651527,321.4863333333334,1.8319442696769628,True,0.40583372,0.766133118027113,0.5801596154842592,0.2532245495059512,0.5346136455039386,False,940,1439.7144124348958,156.01897701181582,0.1083680038653992,Low,0.4058337218597713,0.766133118027113,0.5801596154842592,0.2532245495059512,0.5013377512192737,0.1083680038653992,0.4523206637785228,720,7.471094415109083,R00957,Cr1 Fe1 Ni1 V0.5 W1,Cr:22.2222;Fe:22.2222;Ni:22.2222;V:11.1111;W:22.2222,92.64,0.4709803443275879,0.5754995780301031,161,Extreme
CAND_03142,Co39.54Cr13.72Mo14.77W31.97,4,0.0,39.54,13.72,0.0,0.0,0.0,14.77,0.0,0.0,0.0,0.0,31.97,100.0,True,750.76953,1474.4802,58.366993,318.8746,1.9639584967507293,True,0.32811823,0.7099027419211339,0.7002700965812633,0.2476278301640827,0.5236179976685782,False,1104,1070.8868326822917,124.64287989596237,0.1163922051256943,Low,0.3281182014388759,0.7099027419211339,0.7002700965812633,0.2476278301640827,0.496479717526339,0.1163922051256943,0.4447180079248587,823,8.131559427169789,R01773,Cr1 Nb1 Ti1 W1,Cr:25.0000;Nb:25.0000;Ti:25.0000;W:25.0000,94.52000000000001,0.5155982634246967,0.5747024296428551,164,Extreme
CAND_04457,Co35.70Mo16.28Ni6.43V24.45W17.14,5,0.0,35.7,0.0,0.0,0.0,0.0,16.28,0.0,6.43,0.0,24.45,17.14,100.0,True,1083.7733,1285.6526,58.744225,320.26640000000003,1.1862744558259146,True,0.6058338,0.5616121036226968,0.7070171364747251,0.2506103375589211,0.5645796143741032,False,596,1175.0597981770834,148.8888378715688,0.1267074561673762,Low,0.6058338302760566,0.5616121036226968,0.7070171364747251,0.2506103375589211,0.5312683519830999,0.1267074561673762,0.4715228865088633,510,6.968899629103099,R00957,Cr1 Fe1 Ni1 V0.5 W1,Cr:22.2222;Fe:22.2222;Ni:22.2222;V:11.1111;W:22.2222,90.44,0.43705441952637314,0.5746780866357806,165,Extreme
CAND_00778,Al41.91Mo26.37Ni6.45W25.27,4,41.91,0.0,0.0,0.0,0.0,0.0,26.37,0.0,6.45,0.0,0.0,25.27,100.0,True,637.50977,1229.418,48.101967,604.78,1.9284692820269296,True,0.23366281,0.517449784510145,0.5166734241637041,0.8602984507447695,0.4835469061564875,False,1899,1283.1312174479167,165.80304526753466,0.1292175289736217,Low,0.2336627979149213,0.517449784510145,0.5166734241637041,0.8602984507447695,0.5320211143333851,0.1292175289736217,0.4711413883354736,513,7.03665677065423,R01497,Cr1 Mo1 Nb1 Ti1 W1,Cr:20.0000;Mo:20.0000;Nb:20.0000;Ti:20.0000;W:20.0000,90.74,0.4416317742760928,0.5740207287259165,168,Extreme
CAND_00601,Al17.53Co10.25Cr10.51V30.39W31.32,5,17.53,10.25,10.51,0.0,0.0,0.0,0.0,0.0,0.0,0.0,30.39,31.32,100.0,True,1214.5757,1096.8762,48.866592,358.479,0.903094154457716,False,0.71491927,0.4133616738567034,0.5303492400503151,0.3324966445541774,0.5209461044793567,False,1146,1503.767911783854,164.9962840816867,0.1097219077417065,Low,0.7149192942917116,0.4133616738567034,0.5303492400503151,0.3324966445541774,0.4977817131882269,0.1097219077417065,0.4485643742955539,762,7.615160182441005,R00957,Cr1 Fe1 Ni1 V0.5 W1,Cr:22.2222;Fe:22.2222;Ni:22.2222;V:11.1111;W:22.2222,93.26,0.4807127520011193,0.5735837428734243,170,Extreme
CAND_04067,Al36.64Co5.55Fe11.70Mo10.28V22.71W13.12,6,36.64,5.55,0.0,0.0,11.7,0.0,10.28,0.0,0.0,0.0,22.71,13.12,100.0,True,1007.3385,1117.9106,47.515198,538.351,1.1097665768917235,True,0.5420894,0.4298804698495808,0.5061786786191941,0.7179468314519739,0.5258276680510864,False,1069,1461.0632649739584,199.3117025836202,0.1364155183158154,Low,0.5420893911454001,0.4298804698495808,0.5061786786191941,0.7179468314519739,0.5490238427665373,0.1364155183158154,0.4831189242999767,402,6.430776808560462,R01647,Al1 Cr1 Cu1 Fe1 Mn1 W0.5,Al:18.1818;Cr:18.1818;Cu:18.1818;Fe:18.1818;Mn:18.1818;W:9.0909,86.4,0.40070136518914723,0.571274053993233,179,Very High
CAND_00399,Al30.66Co8.01Cr9.04Nb10.71Ti27.08W14.50,6,30.66,8.01,9.04,0.0,0.0,0.0,0.0,10.71,0.0,27.08,0.0,14.5,100.0,True,970.831,1551.7834,43.265,496.0063333333333,1.598407354262627,True,0.51164323,0.770610715069719,0.4301611205617897,0.6272058618692065,0.5862973461964972,False,406,1371.770104980469,225.61658931585023,0.1644711373259316,Medium,0.5116431793209113,0.770610715069719,0.4301611205617897,0.6272058618692065,0.5849052192054066,0.1644711373259316,0.5022925862710271,282,6.229067016007678,R01366,Co1 Cr1 Fe1 Ni1 W0.5,Co:22.2222;Cr:22.2222;Fe:22.2222;Ni:22.2222;W:11.1111,84.46000000000001,0.3870747974817461,0.5711418359761723,180,Very High
CAND_03582,Co18.43Mn20.50Mo10.82Ni6.74W43.51,5,0.0,18.43,0.0,0.0,0.0,20.5,10.82,0.0,6.74,0.0,0.0,43.51,100.0,True,559.09906,1467.6846,47.95713,298.901,2.625088655749459,True,0.16827051,0.7045660016267021,0.5140829201315719,0.2048261275476565,0.4210956051677691,False,3329,1214.576765950521,162.58367859347828,0.1338603562585368,Low,0.1682705063044695,0.7045660016267021,0.5140829201315719,0.2048261275476565,0.3979363889025999,0.1338603562585368,0.350957140979594,2716,13.843690863417228,R01773,Cr1 Nb1 Ti1 W1,Cr:25.0000;Nb:25.0000;Ti:25.0000;W:25.0000,99.58,0.9014830773671423,0.57017527123037,183,Extreme
CAND_04624,Al8.95Co6.27Fe15.10Mo13.97Ni11.17W44.54,6,8.95,6.27,0.0,0.0,15.1,0.0,13.97,0.0,11.17,0.0,0.0,44.54,100.0,True,715.99927,1219.1396,44.026352,308.563,1.7027106803108227,True,0.2991208,0.5093779216220574,0.4437783967127175,0.2255309604610977,0.3873238653065283,False,4069,1247.85205078125,147.81260418785803,0.1184536292546188,Low,0.2991207981340056,0.5093779216220574,0.4437783967127175,0.2255309604610977,0.3694520192324696,0.1184536292546188,0.3303239486814369,3302,14.391278469956161,R01773,Cr1 Nb1 Ti1 W1,Cr:25.0000;Nb:25.0000;Ti:25.0000;W:25.0000,99.83999999999999,0.9384755282630695,0.5701413718584736,184,Extreme
CAND_01102,Al32.46Co27.93Mn14.36W25.25,4,32.46,27.93,0.0,0.0,0.0,14.36,0.0,0.0,0.0,0.0,0.0,25.25,100.0,True,667.4169,1491.359,58.38758,542.4725333333332,2.234523978601472,True,0.25860447,0.7231580500737115,0.700638308478151,0.7267789220143671,0.5787051764788099,False,471,1120.460917154948,208.4802186484467,0.1860664798356515,Low,0.2586044897602278,0.7231580500737115,0.700638308478151,0.7267789220143671,0.6022949425816143,0.1860664798356515,0.5078087550919337,254,6.370720817676089,R00957,Cr1 Fe1 Ni1 V0.5 W1,Cr:22.2222;Fe:22.2222;Ni:22.2222;V:11.1111;W:22.2222,85.98,0.3966442640654781,0.5673354988262018,197,Very High
CAND_04725,Al18.80Co22.58Mn9.14Nb18.58V13.83W17.07,6,18.8,22.58,0.0,0.0,0.0,9.14,0.0,18.58,0.0,0.0,13.83,17.07,100.0,True,1152.5602,1184.7328,55.77855,370.3916,1.027914047245152,True,0.66320014,0.4823574736906815,0.6539741084812308,0.3580243192141505,0.5608644680501483,False,632,1370.5582885742188,181.8845400124296,0.1327083579944948,Low,0.6632001393399456,0.4823574736906815,0.6539741084812308,0.3580243192141505,0.5393890101815021,0.1327083579944948,0.4761940762373395,466,6.430027457876134,R01497,Cr1 Mo1 Nb1 Ti1 W1,Cr:20.0000;Mo:20.0000;Nb:20.0000;Ti:20.0000;W:20.0000,86.38,0.40065074257084327,0.5666575968064158,199,Very High
CAND_03775,Al14.21Cr43.51Mn14.27W28.01,4,14.21,0.0,43.51,0.0,0.0,14.27,0.0,0.0,0.0,0.0,0.0,28.01,100.0,True,803.0081,1664.4427,58.61843,349.32,2.072759494409031,True,0.37168372,0.8590846431779781,0.7047672110087039,0.3128696972705705,0.5923527712888155,False,369,1114.4559041341147,161.57544186985098,0.1449814580105691,Low,0.3716836761393728,0.8590846431779781,0.7047672110087039,0.3128696972705705,0.5621013068991564,0.1449814580105691,0.4909261219616779,345,5.952452969597216,R01773,Cr1 Nb1 Ti1 W1,Cr:25.0000;Nb:25.0000;Ti:25.0000;W:25.0000,80.94,0.36838804963213934,0.5660043276424133,202,Very High
CAND_04290,Al9.61Cr42.27Mo15.06W33.06,4,9.61,0.0,42.27,0.0,0.0,0.0,15.06,0.0,0.0,0.0,0.0,33.06,100.0,True,894.9863,1438.308,52.704056,332.577,1.6070725940733208,True,0.4483909,0.6814958849433472,0.5989847818328861,0.276990891902143,0.5302608769740905,False,999,1096.9943888346354,139.24384462242713,0.1269321393433464,Low,0.4483908667285723,0.6814958849433472,0.5989847818328861,0.276990891902143,0.5014656063517371,0.1269321393433464,0.444982966449015,815,7.937179135775186,R01773,Cr1 Nb1 Ti1 W1,Cr:25.0000;Nb:25.0000;Ti:25.0000;W:25.0000,94.1,0.5024668424453222,0.5654097127299715,205,Extreme
CAND_00464,Al25.41Cu14.50Fe11.84Mo16.12W32.13,5,25.41,0.0,0.0,14.5,11.84,0.0,16.12,0.0,0.0,0.0,0.0,32.13,100.0,True,758.1519,1284.597,46.75769,426.1433333333333,1.6943794139883064,True,0.33427492,0.5607831167702038,0.4926301549106637,0.4774954766661689,0.4632992780615202,False,2317,1413.6877360026042,151.562357021887,0.1072106329863555,Low,0.3342748870729716,0.5607831167702038,0.4926301549106637,0.4774954766661689,0.466295908855002,0.1072106329863555,0.4211447171504433,1179,8.560666231276961,R01773,Cr1 Nb1 Ti1 W1,Cr:25.0000;Nb:25.0000;Ti:25.0000;W:25.0000,95.1,0.5445867069002053,0.5651593762210254,207,Extreme
CAND_01979,Al33.95Co8.73Cu5.35Nb12.20V26.14W13.63,6,33.95,8.73,0.0,5.35,0.0,0.0,0.0,12.2,0.0,0.0,26.14,13.63,100.0,True,1120.0225,1122.1245,44.551804,523.5007333333333,1.0018767829537458,True,0.6360646,0.4331897420149093,0.4531764477956033,0.6861239904197466,0.536989015783877,False,905,1398.7065104166666,207.8224739149793,0.1485819021840902,Low,0.6360646272812819,0.4331897420149093,0.4531764477956033,0.6861239904197466,0.5521387018778853,0.1485819021840902,0.4807133917293698,416,6.608969696221965,R01592,Al1 Co1 Cr0.091 Nb0.727 W0.212,Al:33.0033;Co:33.0033;Cr:3.0033;Nb:23.9934;W:6.9967,88.02,0.41273924107988463,0.5650956656365513,208,Very High
CAND_04950,Al42.25Fe25.06Mo9.03W23.66,4,42.25,0.0,0.0,0.0,25.06,0.0,9.03,0.0,0.0,0.0,0.0,23.66,100.0,True,781.8085,1502.4084,44.227493,536.3116666666666,1.921709030310364,True,0.35400382,0.7318353969171537,0.4473759344380716,0.7135767159560643,0.5446322596013319,False,806,1125.4677734375,159.91512761646348,0.1420877002351093,Low,0.3540038155026698,0.7318353969171537,0.4473759344380716,0.7135767159560643,0.5616979657034898,0.1420877002351093,0.4918168417257791,341,5.733263782754441,R00957,Cr1 Fe1 Ni1 V0.5 W1,Cr:22.2222;Fe:22.2222;Ni:22.2222;V:11.1111;W:22.2222,77.88000000000001,0.353580656012607,0.5647754914888423,211,Very High
CAND_00238,Al26.90Mo17.14Ni8.27Ti14.96W32.73,5,26.9,0.0,0.0,0.0,0.0,0.0,17.14,0.0,8.27,14.96,0.0,32.73,100.0,True,907.1605,1172.2876,47.4746,452.1413333333333,1.2922603783725377,True,0.4585438,0.4725839731444071,0.505452556960388,0.5332069490407959,0.4856825276409102,False,1856,1381.1325236002604,170.37834752931013,0.1233613318185985,Low,0.458543801659578,0.4725839731444071,0.505452556960388,0.5332069490407959,0.4924468202012922,0.1233613318185985,0.4383690325214194,905,8.12906921059676,R01773,Cr1 Nb1 Ti1 W1,Cr:25.0000;Nb:25.0000;Ti:25.0000;W:25.0000,94.5,0.5154300360703923,0.5644390782376428,214,Extreme
CAND_04843,Cr29.77Cu21.62Mo6.96W41.65,4,0.0,0.0,29.77,21.62,0.0,0.0,6.96,0.0,0.0,0.0,0.0,41.65,100.0,True,747.59357,1447.5453,47.923992,313.171,1.9362730821949623,True,0.32546955,0.6887501481609815,0.5134902254291354,0.2354055071455458,0.4679492988790581,False,2227,981.4149373372396,149.78076862276652,0.1526171682582593,Low,0.3254695415496448,0.6887501481609815,0.5134902254291354,0.2354055071455458,0.4407788555713268,0.1526171682582593,0.3824156603856558,1970,12.403960693382643,R01773,Cr1 Nb1 Ti1 W1,Cr:25.0000;Nb:25.0000;Ti:25.0000;W:25.0000,98.78,0.8042216584043986,0.5641192479128092,215,Extreme
CAND_02415,Al16.07Cu22.35Mn11.86Ni7.53Ti10.44W31.75,6,16.07,0.0,0.0,22.35,0.0,11.86,0.0,0.0,7.53,10.44,0.0,31.75,100.0,True,1030.172,1464.2012,44.57531,343.0513333333334,1.421317220972823,True,0.5611319,0.7018304078393067,0.4535968679077246,0.2994364851071064,0.5372033923922592,False,902,1342.9814615885416,172.30525856942594,0.1283005488144379,Low,0.5611318776945877,0.7018304078393067,0.4535968679077246,0.2994364851071064,0.5039989096371814,0.1283005488144379,0.4466885265337842,789,7.7238271414724915,R01773,Cr1 Nb1 Ti1 W1,Cr:25.0000;Nb:25.0000;Ti:25.0000;W:25.0000,93.62,0.48805378218145845,0.5626337227597478,220,Extreme
CAND_03035,Al24.52Cu11.07Mn17.41Nb8.89Ti18.64W19.47,6,24.52,0.0,0.0,11.07,0.0,17.41,0.0,8.89,0.0,18.64,0.0,19.47,100.0,True,1071.3647,1497.5183,45.374825,418.8050333333333,1.3977670120843786,True,0.59548545,0.7279950894073236,0.467896714157303,0.4617701324963587,0.5832838658476253,False,435,1500.24794921875,218.75884499494333,0.1458151268321089,Medium,0.595485412442862,0.7279950894073236,0.467896714157303,0.4617701324963587,0.5632868371259618,0.1458151268321089,0.4916035963701304,342,5.7266299349147305,R01497,Cr1 Mo1 Nb1 Ti1 W1,Cr:20.0000;Mo:20.0000;Nb:20.0000;Ti:20.0000;W:20.0000,77.75999999999999,0.35313250436065013,0.5623894444781334,223,Very High
CAND_00755,Co33.21Fe6.45Mo6.54V15.66W38.14,5,0.0,33.21,0.0,0.0,6.45,0.0,6.54,0.0,0.0,0.0,15.66,38.14,100.0,True,930.2413,1194.6327,56.058174,320.013,1.284218122752906,True,0.47779256,0.490132091861387,0.658975365753067,0.2500673232078275,0.4926313387743581,False,1708,1046.6016764322917,164.3554443159019,0.1570372454171533,Low,0.4777925293423464,0.490132091861387,0.658975365753067,0.2500673232078275,0.469241827541157,0.1570372454171533,0.40555464346524,1459,11.108876872807302,R01773,Cr1 Nb1 Ti1 W1,Cr:25.0000;Nb:25.0000;Ti:25.0000;W:25.0000,97.84,0.7167318685211851,0.5622050613780406,225,Extreme
CAND_03136,Al9.31Co26.79Nb23.31W40.59,4,9.31,26.79,0.0,0.0,0.0,0.0,0.0,23.31,0.0,0.0,0.0,40.59,100.0,True,857.31775,1385.4073,54.65923,346.62420000000003,1.6159787915018724,True,0.4169764,0.6399517538447466,0.633954341617472,0.3070928303105153,0.521630959745574,False,1134,958.1049235026042,183.662457284156,0.1916934698683413,Low,0.4169763723802507,0.6399517538447466,0.633954341617472,0.3070928303105153,0.4994938245382461,0.1916934698683413,0.4191462294355195,1216,11.429657151634947,R01773,Cr1 Nb1 Ti1 W1,Cr:25.0000;Nb:25.0000;Ti:25.0000;W:25.0000,98.14,0.7384022799242411,0.5596737319069596,231,Extreme
CAND_03134,Al17.95Cr17.38Mo22.83Ni10.52W31.32,5,17.95,0.0,17.38,0.0,0.0,0.0,22.83,0.0,10.52,0.0,0.0,31.32,100.0,True,1019.05884,1328.3192,46.81458,347.961,1.3034764535770285,True,0.55186385,0.5951191616376486,0.4936476695953645,0.3099574774476181,0.5140004452364273,False,1273,1392.0085042317708,169.93487633045635,0.1220789067120254,Low,0.5518638198051284,0.5951191616376486,0.4936476695953645,0.3099574774476181,0.4876470321214399,0.1220789067120254,0.4345924597677082,963,7.806457863066488,R01773,Cr1 Nb1 Ti1 W1,Cr:25.0000;Nb:25.0000;Ti:25.0000;W:25.0000,93.82000000000001,0.4936359262522147,0.5561477090428391,246,Extreme
CAND_00487,Al29.62Co11.35Cr7.72Nb14.25V20.26W16.80,6,29.62,11.35,7.72,0.0,0.0,0.0,0.0,14.25,0.0,0.0,20.26,16.8,100.0,True,1132.1849,1190.9596,47.92813,483.3573333333333,1.0519125997710583,True,0.64620775,0.4872475223199958,0.5135642362529232,0.6001001455038454,0.5584426714785822,False,651,1397.731339518229,225.21721133646616,0.1611305441674465,Medium,0.646207721349464,0.4872475223199958,0.5135642362529232,0.6001001455038454,0.5617799063565571,0.1611305441674465,0.4838214868935037,400,6.240199329180733,R00957,Cr1 Fe1 Ni1 V0.5 W1,Cr:22.2222;Fe:22.2222;Ni:22.2222;V:11.1111;W:22.2222,84.61999999999999,0.3878268443569762,0.5548704345167783,249,Very High
CAND_01911,Al33.14Cu14.60Mo9.32Ni17.58W25.36,5,33.14,0.0,0.0,14.6,0.0,0.0,9.32,0.0,17.58,0.0,0.0,25.36,100.0,True,847.55005,1378.0051,50.1426,472.78626666666673,1.625868704633213,True,0.4088304,0.6341386366796039,0.5531714737960637,0.5774472611061864,0.5378006743736582,False,894,1403.432702636719,199.6606364234292,0.1422659141748043,Low,0.4088303896852412,0.6341386366796039,0.5531714737960637,0.5774472611061864,0.5433969403167738,0.1422659141748043,0.4757184238569655,468,6.009165064689132,R00957,Cr1 Fe1 Ni1 V0.5 W1,Cr:22.2222;Fe:22.2222;Ni:22.2222;V:11.1111;W:22.2222,81.76,0.37221925283659624,0.5536625406114728,252,Very High
CAND_01009,Al21.70Mn18.58Mo9.74V16.81W33.17,5,21.7,0.0,0.0,0.0,0.0,18.58,9.74,0.0,0.0,0.0,16.81,33.17,100.0,True,902.65155,1102.8506,47.660034,356.211,1.2217899583089995,True,0.45478353,0.4180535069862364,0.5087691647656755,0.3276365161079256,0.4381888823966701,False,2904,1567.7033203125,140.74337479917872,0.089776791932241,Low,0.4547834661995759,0.4180535069862364,0.5087691647656755,0.3276365161079256,0.4273106635148533,0.089776791932241,0.3921084268616194,1732,8.837318497857408,R01773,Cr1 Nb1 Ti1 W1,Cr:25.0000;Nb:25.0000;Ti:25.0000;W:25.0000,95.56,0.5632760367252704,0.5535723419140848,255,Extreme
CAND_00818,Al21.81Co36.51V15.77W25.91,4,21.81,36.51,0.0,0.0,0.0,0.0,0.0,0.0,0.0,0.0,15.77,25.91,100.0,True,981.48834,1224.3788,56.860542,399.6143333333333,1.2474715666508402,True,0.5205312,0.5134923853560305,0.6733262397649139,0.4206461170759512,0.5416355493458881,False,847,1284.0245564778645,173.20645258990217,0.1348934112794657,Low,0.5205310963550988,0.5134923853560305,0.6733262397649139,0.4206461170759512,0.5319989596379986,0.1348934112794657,0.4687655724762989,534,6.125401331754076,R00957,Cr1 Fe1 Ni1 V0.5 W1,Cr:22.2222;Fe:22.2222;Ni:22.2222;V:11.1111;W:22.2222,83.12,0.3800716299729296,0.5530868623405834,258,Very High
CAND_04176,Al32.10Fe14.63Mn20.21Ti5.25W27.81,5,32.1,0.0,0.0,0.0,14.63,20.21,0.0,0.0,0.0,5.25,0.0,27.81,100.0,True,828.1932,1598.4054,39.011528,471.3476666666666,1.929991028421378,True,0.39268732,0.807224039280532,0.354085004883051,0.574364465346584,0.5346493364702591,False,939,1449.7431925455728,204.2242184262396,0.1408692377217834,Low,0.3926873298932846,0.807224039280532,0.354085004883051,0.574364465346584,0.5320902098508629,0.1408692377217834,0.4663901806252579,559,6.4498707910861555,R00957,Cr1 Fe1 Ni1 V0.5 W1,Cr:22.2222;Fe:22.2222;Ni:22.2222;V:11.1111;W:22.2222,86.64,0.40199126511119593,0.5528276351407104,263,Very High
CAND_02914,Al23.71Cu24.17Mo10.16Ni10.51Ti6.30W25.15,6,23.71,0.0,0.0,24.17,0.0,0.0,10.16,0.0,10.51,6.3,0.0,25.15,100.0,True,880.0001,1439.2803,47.556908,379.0481,1.6355455685777742,True,0.43589282,0.6822594543983291,0.5069246891218988,0.3765744523248113,0.5186630285166426,False,1187,1423.8905029296875,159.32149085997946,0.1118916732235883,Low,0.4358928041484406,0.6822594543983291,0.5069246891218988,0.3765744523248113,0.50041284999837,0.1118916732235883,0.450055398425259,746,6.3400336103954995,R00957,Cr1 Fe1 Ni1 V0.5 W1,Cr:22.2222;Fe:22.2222;Ni:22.2222;V:11.1111;W:22.2222,85.52,0.3945711802430822,0.5521789687928532,266,Very High
CAND_00988,Al34.06Nb24.89Ni17.15W23.90,4,34.06,0.0,0.0,0.0,0.0,0.0,0.0,24.89,17.15,0.0,0.0,23.9,100.0,True,893.9509,1442.741,49.071884,497.54640000000006,1.613892838230479,True,0.4475274,0.6849772213559107,0.5340210211129199,0.6305060919467157,0.5678325610371988,False,571,1284.6915771484375,209.8066539305199,0.1633128586366361,Low,0.4475273727143813,0.6849772213559107,0.5340210211129199,0.6305060919467157,0.5742579267824819,0.1633128586366361,0.4936401437662204,330,5.576794493090547,R01773,Cr1 Nb1 Ti1 W1,Cr:25.0000;Nb:25.0000;Ti:25.0000;W:25.0000,75.76,0.34301032453414854,0.552177831917633,267,Very High
CAND_00526,Al13.42Co18.70Nb18.19Ni9.13Ti6.93W33.63,6,13.42,18.7,0.0,0.0,0.0,0.0,0.0,18.19,9.13,6.93,0.0,33.63,100.0,True,947.1933,1526.7341,54.662277,363.3096,1.6118506145217917,True,0.49193007,0.7509389261684722,0.6340088391960322,0.3428482038453872,0.5827901474288191,False,439,1202.9855712890626,211.060792829132,0.1754474848796142,Medium,0.4919300129511593,0.7509389261684722,0.6340088391960322,0.3428482038453872,0.5549314955402628,0.1754474848796142,0.4721023292649243,501,7.2350596107483005,R01773,Cr1 Nb1 Ti1 W1,Cr:25.0000;Nb:25.0000;Ti:25.0000;W:25.0000,91.74,0.4550349397826711,0.5518989056480196,269,Extreme
CAND_04310,Al24.72Cu37.47Ni8.05W29.76,4,24.72,0.0,0.0,37.47,0.0,0.0,0.0,0.0,8.05,0.0,0.0,29.76,100.0,True,693.1095,1438.3546,46.975227,390.6648333333333,2.075219869414206,True,0.28003138,0.6815324809904542,0.4965209457696151,0.4014681102286273,0.4728196136752203,False,2112,1410.9494791666666,172.78402771751726,0.1224594007572594,Low,0.2800313840126927,0.6815324809904542,0.4965209457696151,0.4014681102286273,0.4648882302503473,0.1224594007572594,0.4141693053100305,1301,8.647646619474607,R00957,Cr1 Fe1 Ni1 V0.5 W1,Cr:22.2222;Fe:22.2222;Ni:22.2222;V:11.1111;W:22.2222,95.22,0.5504626940498182,0.5505852541529132,273,Extreme
CAND_04447,Al30.74Cr20.78Mo31.90W16.58,4,30.74,0.0,20.78,0.0,0.0,0.0,31.9,0.0,0.0,0.0,0.0,16.58,100.0,True,851.4378,1502.6195,46.434155,504.2142333333333,1.7648024211114055,True,0.4120727,0.7320011785811943,0.4868435208182985,0.6447946838595019,0.561652250310781,False,623,1231.7548177083331,200.12694104955187,0.1624730329221572,Low,0.4120726620955859,0.7320011785811943,0.4868435208182985,0.6447946838595019,0.5689280113386452,0.1624730329221572,0.489411792984571,359,5.696411260962796,R01497,Cr1 Mo1 Nb1 Ti1 W1,Cr:20.0000;Mo:20.0000;Nb:20.0000;Ti:20.0000;W:20.0000,77.42,0.35109107245284543,0.5504724863917874,276,Very High
CAND_00323,Cr16.56Cu16.71Mo8.65Ti16.72W41.36,5,0.0,0.0,16.56,16.71,0.0,0.0,8.65,0.0,0.0,16.72,0.0,41.36,100.0,True,943.2166,1371.8213,35.38587,317.954,1.45440748177406,True,0.48861364,0.6292823569349592,0.2892377512936199,0.2456550637409701,0.4445264980357475,False,2757,1302.5050699869792,173.19119066794462,0.1329677670042973,Low,0.4886135587824967,0.6292823569349592,0.2892377512936199,0.2456550637409701,0.4131971826880115,0.1329677670042973,0.364703387617597,2376,11.801345242202425,R01773,Cr1 Nb1 Ti1 W1,Cr:25.0000;Nb:25.0000;Ti:25.0000;W:25.0000,98.32,0.7635117843665057,0.5495590440360885,283,Extreme
CAND_00246,Al35.55Co6.22Ti11.51V30.26W16.46,5,35.55,6.22,0.0,0.0,0.0,0.0,0.0,0.0,0.0,11.51,30.26,16.46,100.0,True,1028.4761,1021.6156,46.439964,535.6884,0.9933294761144916,False,0.55971754,0.3542578012622133,0.4869474185648872,0.7122411092293152,0.5027656311367583,False,1499,1477.668859863281,226.9042714407444,0.1535555614684458,Medium,0.5597175455537085,0.3542578012622133,0.4869474185648872,0.7122411092293152,0.528290968652531,0.1535555614684458,0.4579675104509318,655,7.179024205490515,R00957,Cr1 Fe1 Ni1 V0.5 W1,Cr:22.2222;Fe:22.2222;Ni:22.2222;V:11.1111;W:22.2222,91.44,0.4512494505702073,0.5495548843405296,284,Extreme
CAND_00611,Al19.63Cr10.06Nb17.91V31.69W20.71,5,19.63,0.0,10.06,0.0,0.0,0.0,0.0,17.91,0.0,0.0,31.69,20.71,100.0,True,1261.5193,1112.3094,47.075424,361.653,0.8817220722393615,False,0.7540689,0.425481719226064,0.4983130343416482,0.3392982528823975,0.5293381945489652,False,1008,1429.7045491536458,150.26248718414405,0.105100377048598,Low,0.7540689153121614,0.425481719226064,0.4983130343416482,0.3392982528823975,0.5042904804405678,0.105100377048598,0.4563300229680321,673,5.574378397970459,R00957,Cr1 Fe1 Ni1 V0.5 W1,Cr:22.2222;Fe:22.2222;Ni:22.2222;V:11.1111;W:22.2222,75.7,0.34284710447762706,0.5491637990393718,286,Very High
CAND_00114,Al18.31Mn24.13Nb22.35V18.62W16.59,5,18.31,0.0,0.0,0.0,0.0,24.13,0.0,22.35,0.0,0.0,18.62,16.59,100.0,True,1018.93427,1179.071,52.570892,334.3533333333333,1.1571610066933948,True,0.55175996,0.4779111324994674,0.5966030570047356,0.2807974210746997,0.5001717165633216,False,1562,1543.0161295572916,160.8349707569382,0.1042341474441252,Low,0.5517599319846263,0.4779111324994674,0.5966030570047356,0.2807974210746996,0.4767678856408822,0.1042341474441252,0.4317633961460215,1004,6.878042136722502,R01497,Cr1 Mo1 Nb1 Ti1 W1,Cr:20.0000;Mo:20.0000;Nb:20.0000;Ti:20.0000;W:20.0000,90.12,0.43091651339905956,0.5485650915755712,290,Extreme
CAND_04126,Al15.28Cr37.26Mn31.43W16.03,4,15.28,0.0,37.26,0.0,0.0,31.43,0.0,0.0,0.0,0.0,0.0,16.03,100.0,True,816.22406,1717.99,58.724052,318.926,2.104801958271938,True,0.38270542,0.9011365640632614,0.7066563292373464,0.2477379759322209,0.5989773769750787,False,331,1184.903145345052,195.59535341337173,0.165072862015581,Low,0.382705409142837,0.9011365640632614,0.7066563292373464,0.2477379759322209,0.5595590695939164,0.165072862015581,0.4802781764445846,427,6.171453916200116,R01647,Al1 Cr1 Cu1 Fe1 Mn1 W0.5,Al:18.1818;Cr:18.1818;Cu:18.1818;Fe:18.1818;Mn:18.1818;W:9.0909,83.78,0.3831827266237804,0.5479789631830094,292,Very High
CAND_02761,Al16.53Co15.61Cu8.58Mn14.95Ni12.59W31.74,6,16.53,15.61,0.0,8.58,0.0,14.95,0.0,0.0,12.59,0.0,0.0,31.74,100.0,True,698.1204,1467.4526,56.451912,355.2386,2.10200497362958,True,0.28421035,0.7043838067140663,0.6660176262017345,0.3255527467511639,0.5119155712745975,False,1321,1407.576436360677,192.63064007314827,0.1368527030554727,Low,0.2842103314298352,0.7043838067140663,0.6660176262017345,0.3255527467511641,0.4950411277742,0.1368527030554727,0.4354487845643487,953,7.800053013494233,R01773,Cr1 Nb1 Ti1 W1,Cr:25.0000;Nb:25.0000;Ti:25.0000;W:25.0000,93.8,0.4932032446493659,0.547961071289351,293,Extreme
CAND_01366,Al19.59Mn20.12Mo7.86Ti19.94W32.49,5,19.59,0.0,0.0,0.0,0.0,20.12,7.86,0.0,0.0,19.94,0.0,32.49,100.0,True,941.433,1548.4237,41.93177,338.0053333333334,1.644751912568873,True,0.48712608,0.7679722657249661,0.4063154340952126,0.2886233421883293,0.5214018731648183,False,1141,1453.0569173177084,183.92576188439608,0.1265784978498409,Low,0.4871260873475817,0.7679722657249661,0.4063154340952126,0.2886233421883293,0.4875092823390224,0.1265784978498409,0.4327344106686487,989,7.551245655004635,R01773,Cr1 Nb1 Ti1 W1,Cr:25.0000;Nb:25.0000;Ti:25.0000;W:25.0000,92.96,0.4763949862418276,0.5473401253582494,296,Extreme
CAND_01629,Co6.62Mo11.02V43.22W39.14,4,0.0,6.62,0.0,0.0,0.0,0.0,11.02,0.0,0.0,0.0,43.22,39.14,100.0,True,997.99854,1005.6012,42.7911,317.705,1.0076179118264534,True,0.53430015,0.3416813262237841,0.4216851105586313,0.2451214782104954,0.4049839447647269,False,3726,1236.1845662434896,160.29271206669878,0.1296672976219039,Low,0.5343001313880282,0.3416813262237841,0.4216851105586313,0.2451214782104954,0.3856970115952347,0.1296672976219039,0.3414253138133474,2967,12.861303683445222,R01773,Cr1 Nb1 Ti1 W1,Cr:25.0000;Nb:25.0000;Ti:25.0000;W:25.0000,99.14,0.8351176061951445,0.5472330602260218,297,Extreme
CAND_04907,Co35.90Cr14.72Mn11.39W37.99,4,0.0,35.9,14.72,0.0,0.0,11.39,0.0,0.0,0.0,0.0,0.0,37.99,100.0,True,646.30475,1535.8213,57.357624,316.4246,2.376311335296429,True,0.24099757,0.7580753124189228,0.6822168749292735,0.2423776914104157,0.5066327379915333,False,1419,1054.0083658854169,181.10663999403263,0.1718265678488182,Low,0.240997559924704,0.7580753124189228,0.6822168749292735,0.2423776914104157,0.480916859670829,0.1718265678488182,0.4103993482189712,1376,10.480777526875507,R01773,Cr1 Nb1 Ti1 W1,Cr:25.0000;Nb:25.0000;Ti:25.0000;W:25.0000,97.36,0.6743004220554698,0.5471525330198869,298,Extreme
CAND_04949,Al32.00Mn9.99Nb15.62Ni17.14V9.41W15.84,6,32.0,0.0,0.0,0.0,0.0,9.99,0.0,15.62,17.14,0.0,9.41,15.84,100.0,True,1080.3247,1110.7113,51.910797,470.4390666666667,1.0281272776332708,True,0.6029578,0.4242266947007046,0.584796828215888,0.5724174138887955,0.5402171690468313,False,863,1464.9136474609377,237.14726202294767,0.161884806270993,High,0.602957796417317,0.4242266947007046,0.584796828215888,0.5724174138887955,0.5460996833056763,0.161884806270993,0.4700118982176502,525,6.603046399111786,R01366,Co1 Cr1 Fe1 Ni1 W0.5,Co:22.2222;Cr:22.2222;Fe:22.2222;Ni:22.2222;W:11.1111,87.9,0.4123390909032303,0.5468990426052559,299,Very High
CAND_02920,Al5.85Cr21.87Fe15.72Nb19.48W37.08,5,5.85,0.0,21.87,0.0,15.72,0.0,0.0,19.48,0.0,0.0,0.0,37.08,100.0,True,1005.3423,1562.8058,46.007706,290.198,1.5545012112537466,True,0.5404246,0.7792668581948802,0.4792162028401662,0.1861763489463648,0.5436379361131825,False,821,1067.7606770833331,165.3627494873325,0.1548687388816687,Low,0.540424617385377,0.7792668581948802,0.4792162028401662,0.1861763489463648,0.496271006841697,0.1548687388816687,0.4297207034301293,1033,8.704224232017898,R01773,Cr1 Nb1 Ti1 W1,Cr:25.0000;Nb:25.0000;Ti:25.0000;W:25.0000,95.3,0.5542848122439189,0.5467428226079519,300,Extreme
CAND_00656,Cr31.56Cu6.06Mn11.71V13.97W36.70,5,0.0,0.0,31.56,6.06,0.0,11.71,0.0,0.0,0.0,0.0,13.97,36.7,100.0,True,1063.0238,1041.3201,58.431816,309.048,0.9795830501300428,False,0.58852935,0.3697321963313216,0.701429498135251,0.2265702736429461,0.4968213819719073,False,1631,1141.2157063802083,168.2132673774894,0.1473983107987889,Low,0.5885293401780702,0.3697321963313216,0.701429498135251,0.2265702736429461,0.4715653270718972,0.1473983107987889,0.4109865969243111,1363,9.4391571251748,R01773,Cr1 Nb1 Ti1 W1,Cr:25.0000;Nb:25.0000;Ti:25.0000;W:25.0000,96.16,0.6039334321857498,0.5453685297268331,306,Extreme
CAND_04898,Al23.51Co10.00Fe5.58Nb32.20W28.71,5,23.51,10.0,0.0,0.0,5.58,0.0,0.0,32.2,0.0,0.0,0.0,28.71,100.0,True,946.09454,1505.5339,48.52069,406.4737,1.5913144309011404,True,0.49101374,0.7342899236388922,0.524162557602304,0.4353451484074935,0.5639335213341248,False,601,1345.1204020182292,196.86014558419592,0.1463513193977471,Low,0.4910136785074346,0.7342899236388922,0.524162557602304,0.4353451484074935,0.5462028270390311,0.1463513193977471,0.4764707099791947,463,5.606930477062415,R01773,Cr1 Nb1 Ti1 W1,Cr:25.0000;Nb:25.0000;Ti:25.0000;W:25.0000,76.1,0.34504617029465795,0.5452841411659188,307,Very High
CAND_03907,Al29.93Co27.83Mn21.94W20.30,4,29.93,27.83,0.0,0.0,0.0,21.94,0.0,0.0,0.0,0.0,0.0,20.3,100.0,True,596.7012,1546.9854,60.072495,492.9268,2.5925630330822784,True,0.1996296,0.7668427357989137,0.7307741101124023,0.6206066874624542,0.5657262358123061,False,589,1119.472810872396,210.9412875834009,0.188429129796387,Medium,0.1996296166104089,0.7668427357989137,0.7307741101124023,0.6206066874624544,0.5794632874960449,0.188429129796387,0.4875875834475078,369,6.314352298621171,R00957,Cr1 Fe1 Ni1 V0.5 W1,Cr:22.2222;Fe:22.2222;Ni:22.2222;V:11.1111;W:22.2222,85.32,0.3928362712469501,0.5446228109122,314,Very High
CAND_00591,Co35.61Nb15.68Ti9.01W39.70,4,0.0,35.61,0.0,0.0,0.0,0.0,0.0,15.68,0.0,9.01,0.0,39.7,100.0,True,842.3606,1546.4276,50.090202,320.793,1.835826138934223,True,0.40450254,0.7664046826856884,0.5522343014556005,0.251738795953893,0.5270915647909621,False,1043,1034.6164713541666,200.3781548556589,0.1936738495892997,Low,0.4045025366700363,0.7664046826856884,0.5522343014556005,0.251738795953893,0.4937200791913045,0.1936738495892997,0.413613885703516,1316,10.928009878970999,R01773,Cr1 Nb1 Ti1 W1,Cr:25.0000;Nb:25.0000;Ti:25.0000;W:25.0000,97.8,0.7045133425569607,0.5443524515205362,315,Extreme
CAND_03814,Al21.19Cr8.92Nb40.69V9.01W20.19,5,21.19,0.0,8.92,0.0,0.0,0.0,0.0,40.69,0.0,0.0,9.01,20.19,100.0,True,1143.0719,1182.6744,49.404243,374.695,1.034645677674552,True,0.6552872,0.480740965034778,0.5399654781896023,0.3672461343621223,0.5308867559651964,False,989,1421.4602457682292,171.720502457525,0.1208057017202887,Low,0.6552871682612824,0.480740965034778,0.5399654781896023,0.3672461343621223,0.5108099364619463,0.1208057017202887,0.4557524427988905,679,5.835270079631473,R01773,Cr1 Nb1 Ti1 W1,Cr:25.0000;Nb:25.0000;Ti:25.0000;W:25.0000,79.12,0.36047172309162556,0.5438392188092145,317,Very High
CAND_04083,Co14.09Cr9.24Cu9.87Mn17.00Ti8.82W40.98,6,0.0,14.09,9.24,9.87,0.0,17.0,0.0,0.0,0.0,8.82,0.0,40.98,100.0,True,807.3001,1446.9861,45.399315,323.59,1.7923769392835232,True,0.37526312,0.6883109955956972,0.4683347337499963,0.2577325257881813,0.4748158043562082,False,2069,1240.097794596354,210.0104272271539,0.1693498917119768,Low,0.3752630814985649,0.6883109955956972,0.4683347337499963,0.2577325257881813,0.4474103341581099,0.1693498917119768,0.3826145940827707,1965,11.758587354168604,R01773,Cr1 Nb1 Ti1 W1,Cr:25.0000;Nb:25.0000;Ti:25.0000;W:25.0000,98.3,0.7606232619554489,0.5425843201690439,322,Extreme
CAND_03237,Al21.49Fe19.47Mn19.69W39.35,4,21.49,0.0,0.0,0.0,19.47,19.69,0.0,0.0,0.0,0.0,0.0,39.35,100.0,True,675.7061,1570.7238,41.050987,282.7560000000001,2.3245664993280952,True,0.26551747,0.7854850449114779,0.3905620567611508,0.1702287846178792,0.4384755903028927,False,2896,1470.3885009765625,186.20918043268875,0.1266394427792501,Low,0.2655174457023096,0.7854850449114779,0.3905620567611508,0.1702287846178792,0.4029483329982043,0.1266394427792501,0.3576550915030911,2543,11.522473653268344,R01773,Cr1 Nb1 Ti1 W1,Cr:25.0000;Nb:25.0000;Ti:25.0000;W:25.0000,98.18,0.7446725275302944,0.5422735231779032,324,Extreme
CAND_04603,Al32.11Fe19.50Nb16.57V13.46W18.36,5,32.11,0.0,0.0,0.0,19.5,0.0,0.0,16.57,0.0,0.0,13.46,18.36,100.0,True,1264.3438,1082.7976,43.35035,450.4119999999999,0.8564107664549298,False,0.7564244,0.4023054268867247,0.4316876608736056,0.5295011368157584,0.5349660538374528,False,936,1438.4347493489583,196.8553186804502,0.1368538397515408,Low,0.756424467604109,0.4023054268867247,0.4316876608736056,0.5295011368157584,0.5299796730450494,0.1368538397515408,0.4661810115897364,560,5.669255120384611,R00957,Cr1 Fe1 Ni1 V0.5 W1,Cr:22.2222;Fe:22.2222;Ni:22.2222;V:11.1111;W:22.2222,76.94,0.3492565309386376,0.5417536256819591,326,Very High
CAND_01383,Al38.66Cu21.96Nb6.45V24.63W8.30,5,38.66,0.0,0.0,21.96,0.0,0.0,0.0,6.45,0.0,0.0,24.63,8.3,100.0,True,1116.651,1085.9623,40.91529,549.6924,0.9725171956594102,False,0.6332529,0.4047907382661155,0.3881350275790478,0.7422504737625207,0.5197844369759773,False,1168,1391.0164225260417,203.30500149104543,0.1461557162077569,Low,0.6332528926194655,0.4047907382661155,0.3881350275790478,0.7422504737625207,0.5421072830567873,0.1461557162077569,0.4729787369995742,489,5.556709345587388,R01647,Al1 Cr1 Cu1 Fe1 Mn1 W0.5,Al:18.1818;Cr:18.1818;Cu:18.1818;Fe:18.1818;Mn:18.1818;W:9.0909,75.3,0.3416534661540909,0.5411354747107631,330,Very High
CAND_00873,Al7.26Co6.70Mn29.70Ti12.15W44.19,5,7.26,6.7,0.0,0.0,0.0,29.7,0.0,0.0,0.0,12.15,0.0,44.19,100.0,True,800.48224,1389.5549,45.63656,290.523,1.7358972288204262,True,0.3695772,0.643208959101852,0.4725780150186169,0.1868727959238922,0.4500112736202231,False,2634,1111.6067260742188,203.92876755576825,0.183454060480516,Low,0.3695771810740026,0.643208959101852,0.4725780150186169,0.1868727959238922,0.418059237779591,0.183454060480516,0.3532534567584711,2646,13.965883408202183,R01773,Cr1 Nb1 Ti1 W1,Cr:25.0000;Nb:25.0000;Ti:25.0000;W:25.0000,99.64,0.9097378326954743,0.5411160570407936,331,Extreme
CAND_04304,Al23.01Co14.75Mo27.35W34.89,4,23.01,14.75,0.0,0.0,0.0,0.0,27.35,0.0,0.0,0.0,0.0,34.89,100.0,True,680.63226,1237.7157,51.07875,403.5687,1.8184793271636883,True,0.26962575,0.5239661583316041,0.5699151259683716,0.4291199838852884,0.4449243540137709,False,2750,1299.500174967448,188.55778545526096,0.1451002386051885,Low,0.2696257223808366,0.5239661583316041,0.5699151259683716,0.4291199838852882,0.4481567476415251,0.1451002386051885,0.3913690107928115,1751,10.227178197132325,R01773,Cr1 Nb1 Ti1 W1,Cr:25.0000;Nb:25.0000;Ti:25.0000;W:25.0000,97.11999999999999,0.6571684405410239,0.5409616248187739,332,Extreme
CAND_02763,Al20.09Fe16.95Mn12.71Nb21.30W28.95,5,20.09,0.0,0.0,0.0,16.95,12.71,0.0,21.3,0.0,0.0,0.0,28.95,100.0,True,975.46954,1524.1106,45.720467,347.411,1.5624379153844243,True,0.51551163,0.7488786315421785,0.4740787463360573,0.3087788748702643,0.5441535968668987,False,815,1372.5613037109374,170.52930259615763,0.1242416656619304,Low,0.5155115891379725,0.7488786315421785,0.4740787463360573,0.3087788748702643,0.5118119604716181,0.1242416656619304,0.4552508380573795,684,5.78455313256801,R01773,Cr1 Nb1 Ti1 W1,Cr:25.0000;Nb:25.0000;Ti:25.0000;W:25.0000,78.52,0.3570455239749311,0.5404921645791425,334,Very High
CAND_03808,Al7.39Mn10.05Ti37.65W44.91,4,7.39,0.0,0.0,0.0,0.0,10.05,0.0,0.0,0.0,37.65,0.0,44.91,100.0,True,866.3245,1186.6326,47.405144,312.363,1.3697322045354676,True,0.4244878,0.4838494301347573,0.5042102911853735,0.2336740328137242,0.4336048585015737,False,3013,1064.4622517903647,191.8636097967268,0.1802446347665435,Low,0.4244877445188582,0.4838494301347573,0.5042102911853735,0.2336740328137242,0.4115553746631784,0.1802446347665435,0.3487034488782789,2763,14.06856180039357,R01773,Cr1 Nb1 Ti1 W1,Cr:25.0000;Nb:25.0000;Ti:25.0000;W:25.0000,99.68,0.916674303382275,0.5404305985413052,335,Extreme
CAND_01440,Al23.55Cu36.65Nb21.50W18.30,4,23.55,0.0,0.0,36.65,0.0,0.0,0.0,21.5,0.0,0.0,0.0,18.3,100.0,True,892.48016,1444.3406,48.025284,378.6237,1.61834476434264,True,0.44630086,0.6862334238656189,0.5153018987890001,0.3756649997178495,0.5249355230014418,False,1087,1338.7617838541669,202.6672948362982,0.1513841351617003,Low,0.4463008175797173,0.6862334238656189,0.5153018987890001,0.3756649997178495,0.5058752849880465,0.1513841351617003,0.4393627370217338,896,7.6336112980123225,R01497,Cr1 Mo1 Nb1 Ti1 W1,Cr:20.0000;Mo:20.0000;Nb:20.0000;Ti:20.0000;W:20.0000,93.32000000000001,0.48195922284632553,0.5402397004245656,337,Extreme
CAND_03854,Al24.29Fe10.60Mn5.09Nb9.80V38.71W11.51,6,24.29,0.0,0.0,0.0,10.6,5.09,0.0,9.8,0.0,0.0,38.71,11.51,100.0,True,1256.2465,1113.414,41.70205,413.0220333333333,0.886302199040323,False,0.7496715,0.4263491869006224,0.4022067423502758,0.4493776621239274,0.5207645585380666,False,1149,1501.2970377604167,220.6006710364153,0.1469400561567082,Medium,0.7496715507786227,0.4263491869006224,0.4022067423502758,0.4493776621239274,0.5069012855383621,0.1469400561567082,0.4419597020937102,858,7.314326279077913,R01647,Al1 Cr1 Cu1 Fe1 Mn1 W0.5,Al:18.1818;Cr:18.1818;Cu:18.1818;Fe:18.1818;Mn:18.1818;W:9.0909,92.06,0.4603898241899362,0.5400477760122426,340,Extreme
CAND_03483,Al28.54Co12.73Mo10.87Ni15.19Ti24.71W7.96,6,28.54,12.73,0.0,0.0,0.0,0.0,10.87,0.0,15.19,24.71,0.0,7.96,100.0,True,905.6897,1434.9258,54.8936,441.0203333333333,1.584345945782751,True,0.4573172,0.6788397658333603,0.6381462016395024,0.5093756049267015,0.5767899908245786,False,482,1417.8269287109374,247.5093729334765,0.1745695246164548,High,0.4573171964866285,0.6788397658333603,0.6381462016395024,0.5093756049267015,0.5709196922215481,0.1745695246164548,0.4860671763197474,384,5.550585717521536,R01592,Al1 Co1 Cr0.091 Nb0.727 W0.212,Al:33.0033;Co:33.0033;Cr:3.0033;Nb:23.9934;W:6.9967,75.24,0.34123978255748305,0.5379324840760242,355,Very High
CAND_00470,Al26.79Co16.07Mn24.06Ti11.87W21.21,5,26.79,16.07,0.0,0.0,0.0,24.06,0.0,0.0,0.0,11.87,0.0,21.21,100.0,True,831.3382,1445.2714,50.86094,436.639,1.738487906967695,True,0.3953102,0.6869644024202805,0.5660194523267005,0.4999867853650417,0.5411852610927057,False,854,1392.8611775716147,212.48152168617463,0.1525503941868964,Medium,0.3953101700271754,0.6869644024202805,0.5660194523267005,0.4999867853650417,0.5370702025347995,0.1525503941868964,0.4659841385188999,565,5.977213652336771,R00957,Cr1 Fe1 Ni1 V0.5 W1,Cr:22.2222;Fe:22.2222;Ni:22.2222;V:11.1111;W:22.2222,81.28,0.37006076524778664,0.5377192485461632,357,Very High
CAND_03919,Al28.85Ti9.76V34.87W26.52,4,28.85,0.0,0.0,0.0,0.0,0.0,0.0,0.0,0.0,9.76,34.87,26.52,100.0,True,1032.9143,1076.7595,46.590096,472.4653333333333,1.042448045377524,True,0.56341887,0.3975635686885068,0.4896326271190003,0.5767595286446854,0.4972168162441621,False,1620,1440.6572387695312,201.12451682546973,0.1396060849263845,Low,0.5634188775353407,0.3975635686885068,0.4896326271190003,0.5767595286446854,0.5068436504968833,0.1396060849263845,0.4447533732935658,821,6.705503476639565,R00957,Cr1 Fe1 Ni1 V0.5 W1,Cr:22.2222;Fe:22.2222;Ni:22.2222;V:11.1111;W:22.2222,88.94,0.41926061060916814,0.5368552892802025,362,Very High
CAND_03888,Co40.53Mo23.00Ni7.56Ti5.24W23.67,5,0.0,40.53,0.0,0.0,0.0,0.0,23.0,0.0,7.56,5.24,0.0,23.67,100.0,True,834.13464,1460.159,55.729546,321.9664,1.7505075604790763,True,0.39764234,0.6986559756157869,0.6530976400402206,0.2542532909798329,0.5303019025929105,False,998,1131.7272094726563,144.14490064502206,0.1273671777425837,Low,0.397642321080917,0.6986559756157869,0.6530976400402206,0.2542532909798329,0.5009123069291894,0.1273671777425837,0.4443204634821865,831,6.204294863139484,R01497,Cr1 Mo1 Nb1 Ti1 W1,Cr:20.0000;Mo:20.0000;Nb:20.0000;Ti:20.0000;W:20.0000,84.2,0.3854013069979948,0.5352482470141193,373,Very High
CAND_00387,Al19.02Co16.57Cu28.88Ni14.58W20.95,5,19.02,16.57,0.0,28.88,0.0,0.0,0.0,0.0,14.58,0.0,0.0,20.95,100.0,True,721.10974,1459.1931,53.627876,332.1801333333333,2.023538189277019,True,0.3033828,0.6978974322273601,0.6155079039285136,0.276140440854508,0.4956821189378983,False,1653,1538.0866129557292,159.6449457518353,0.1037945096245567,Low,0.3033827840860071,0.6978974322273601,0.6155079039285136,0.276140440854508,0.4732321402740972,0.1037945096245567,0.4287321019879522,1049,6.204608710467293,R00957,Cr1 Fe1 Ni1 V0.5 W1,Cr:22.2222;Fe:22.2222;Ni:22.2222;V:11.1111;W:22.2222,84.22,0.3854225090517377,0.5346057970936606,375,Very High
CAND_03090,Al8.42Co32.25Mo17.00Ti8.30W34.03,5,8.42,32.25,0.0,0.0,0.0,0.0,17.0,0.0,0.0,8.3,0.0,34.03,100.0,True,744.7781,1398.5349,52.32112,329.29740000000004,1.877787417143648,True,0.32312152,0.6502611587374983,0.5921357221861896,0.2699629918790711,0.4805431838087693,False,1961,1008.4283528645832,140.85922774890386,0.139681939077549,Low,0.3231215200196717,0.6502611587374983,0.5921357221861896,0.2699629918790711,0.4588703482056077,0.139681939077549,0.4026301834501425,1529,8.991808399825072,R01773,Cr1 Nb1 Ti1 W1,Cr:25.0000;Nb:25.0000;Ti:25.0000;W:25.0000,95.66,0.5737126500529116,0.5345037722748681,376,Extreme
CAND_04605,Co37.92Cu7.75Nb19.09V20.74W14.50,5,0.0,37.92,0.0,7.75,0.0,0.0,0.0,19.09,0.0,0.0,20.74,14.5,100.0,True,1033.6353,1339.6759,58.758804,318.927,1.2960818576351574,True,0.56402016,0.6040378382080432,0.7072778913804774,0.247740118845998,0.564397895153002,False,598,1121.4613810221354,177.36048629105895,0.1581512206237605,Low,0.5640201709332852,0.6040378382080432,0.7072778913804774,0.247740118845998,0.5307690048419509,0.1581512206237605,0.4582898980636464,653,6.411832668938755,R01366,Co1 Cr1 Fe1 Ni1 W0.5,Co:22.2222;Cr:22.2222;Fe:22.2222;Ni:22.2222;W:11.1111,86.24000000000001,0.3994215879510337,0.534236657052291,378,Very High
CAND_03336,Al22.96Fe18.65V21.80W36.59,4,22.96,0.0,0.0,0.0,18.65,0.0,0.0,0.0,0.0,0.0,21.8,36.59,100.0,True,988.267,1142.7325,43.348267,328.29470000000003,1.1562993266886807,True,0.5261844,0.4493736763235285,0.4316504050625979,0.2678142922348661,0.4407521649945123,False,2855,1434.138338216146,185.1330934696494,0.1290901222959616,Low,0.5261843050997728,0.4493736763235285,0.4316504050625979,0.2678142922348661,0.4187556696801913,0.1290901222959616,0.3708788708811549,2219,10.356837899941059,R00957,Cr1 Fe1 Ni1 V0.5 W1,Cr:22.2222;Fe:22.2222;Ni:22.2222;V:11.1111;W:22.2222,97.2,0.6659276420497081,0.5336753881310066,382,Extreme
CAND_04719,Al21.41Mn11.37Mo7.13Ti39.73W20.36,5,21.41,0.0,0.0,0.0,0.0,11.37,7.13,0.0,0.0,39.73,0.0,20.36,100.0,True,1002.86285,1333.2863,49.085983,373.54,1.329480192308336,True,0.5383569,0.5990199390107241,0.5342731909061982,0.3647710689496793,0.5294970098367634,False,1006,1383.862548828125,174.24284486184638,0.1259105140242416,Low,0.5383568269338743,0.5990199390107241,0.5342731909061982,0.3647710689496793,0.5091052564501191,0.1259105140242416,0.4521720421905196,721,5.564786363582877,R01497,Cr1 Mo1 Nb1 Ti1 W1,Cr:20.0000;Mo:20.0000;Nb:20.0000;Ti:20.0000;W:20.0000,75.46000000000001,0.3421991116143163,0.5328489963602943,385,Very High
CAND_03805,Al9.36Co41.76Mn9.01Mo20.95W18.92,5,9.36,41.76,0.0,0.0,0.0,9.01,20.95,0.0,0.0,0.0,0.0,18.92,100.0,True,849.8033,1388.9623,53.09706,342.6834,1.6344515567962683,True,0.41070953,0.6427435767517311,0.6060139142137286,0.2986480356980862,0.5123366234187833,False,1305,1078.1092244466147,129.64184133069577,0.1202492645374033,Low,0.4107095358002458,0.6427435767517311,0.6060139142137286,0.2986480356980862,0.4895287656159479,0.1202492645374033,0.4369820013388666,930,6.1482384264839895,R01497,Cr1 Mo1 Nb1 Ti1 W1,Cr:20.0000;Mo:20.0000;Nb:20.0000;Ti:20.0000;W:20.0000,83.44,0.38161439700292427,0.5315272350318103,395,Very High
CAND_03485,Cr17.89Mo19.11Nb22.37W40.63,4,0.0,0.0,17.89,0.0,0.0,0.0,19.11,22.37,0.0,0.0,0.0,40.63,100.0,True,968.07904,1422.8619,38.46803,320.23,1.4697786445463394,True,0.50934815,0.669365708908586,0.3443641893424378,0.2505323354974381,0.4772850595334311,False,2030,1027.0765177408855,174.02700151959317,0.1694391785943813,Low,0.5093481233161856,0.669365708908586,0.3443641893424378,0.2505323354974381,0.4434025892661619,0.1694391785943813,0.3791583156971994,2032,11.293930662468554,R01773,Cr1 Nb1 Ti1 W1,Cr:25.0000;Nb:25.0000;Ti:25.0000;W:25.0000,98.08,0.7292332347782068,0.5312338455552832,398,Extreme
CAND_02268,Al24.78Cu13.41Nb30.26Ni16.08W15.47,5,24.78,0.0,0.0,13.41,0.0,0.0,0.0,30.26,16.08,0.0,0.0,15.47,100.0,True,996.5075,1362.9094,49.518486,378.5932333333333,1.3676860334546086,True,0.53305674,0.6222836377887546,0.5420087886154112,0.3755997122781101,0.5384442720903897,False,886,1433.04404296875,225.5905532083507,0.157420530314622,Medium,0.5330566466334221,0.6222836377887546,0.5420087886154112,0.3755997122781099,0.5182371963289245,0.157420530314622,0.4477518609316977,776,6.822531543142855,R01497,Cr1 Mo1 Nb1 Ti1 W1,Cr:20.0000;Mo:20.0000;Nb:20.0000;Ti:20.0000;W:20.0000,89.78,0.42716647800257207,0.5312024833510037,399,Very High
CAND_01010,Co11.30Cr24.62Ni15.19Ti11.95W36.94,5,0.0,11.3,24.62,0.0,0.0,0.0,0.0,0.0,15.19,11.95,0.0,36.94,100.0,True,838.71075,1449.8802,52.931477,289.695,1.7287010955841082,True,0.40145868,0.6905837985985395,0.6030523544662019,0.1850984633165303,0.5061406048627431,False,1433,1152.6586954752604,176.09344691361332,0.1527715425258706,Low,0.4014586660618705,0.6905837985985395,0.6030523544662019,0.1850984633165303,0.4700483206107855,0.1527715425258706,0.4077549655509792,1423,8.950093506592983,R01773,Cr1 Nb1 Ti1 W1,Cr:25.0000;Nb:25.0000;Ti:25.0000;W:25.0000,95.62,0.5708945874797458,0.5305854335654951,403,Extreme
CAND_02455,Al17.64Fe39.75Mo7.15W35.46,4,17.64,0.0,0.0,0.0,39.75,0.0,7.15,0.0,0.0,0.0,0.0,35.46,100.0,True,813.1851,1527.4104,42.498055,283.9013333333333,1.878305890172988,True,0.38017103,0.7514700400452637,0.4164438099648867,0.1726831351971444,0.4695057469925481,False,2186,1251.982039388021,167.3111374585257,0.1336370109113616,Low,0.3801710033389297,0.7514700400452637,0.4164438099648867,0.1726831351971443,0.4301919971365561,0.1336370109113616,0.3794794921089539,2025,9.821892516277424,R00957,Cr1 Fe1 Ni1 V0.5 W1,Cr:22.2222;Fe:22.2222;Ni:22.2222;V:11.1111;W:22.2222,96.74000000000001,0.629789240448077,0.5299627198352014,405,Extreme
CAND_01362,Co28.81Cu8.48Mn17.79Mo13.14Nb17.83W13.95,6,0.0,28.81,0.0,8.48,0.0,17.79,13.14,17.83,0.0,0.0,0.0,13.95,100.0,True,761.9594,1402.2317,66.445145,322.0826,1.840297105874322,True,0.33745027,0.6531643404316027,0.8447531038803439,0.254502297560721,0.546548006969343,False,781,1113.572871907552,166.24843224960077,0.1492928181384456,Low,0.3374502332764022,0.6531643404316027,0.8447531038803439,0.2545022975607212,0.5224674937872675,0.1492928181384456,0.4545991113331139,693,6.026718595499125,R01366,Co1 Cr1 Fe1 Ni1 W0.5,Co:22.2222;Cr:22.2222;Fe:22.2222;Ni:22.2222;W:11.1111,81.92,0.3734050870643704,0.5292794626526978,408,Very High
CAND_00018,Co17.80Mo17.82V23.90W40.48,4,0.0,17.8,0.0,0.0,0.0,0.0,17.82,0.0,0.0,0.0,23.9,40.48,100.0,True,960.46265,1146.3706,43.039307,322.827,1.1935608367447836,True,0.50299627,0.4522307595634443,0.4261244543333811,0.2560974825763251,0.4315138525459882,False,3076,1182.4625162760417,196.4446082358392,0.166131784755856,Low,0.5029962716890428,0.4522307595634443,0.4261244543333811,0.2560974825763251,0.4093622420405483,0.166131784755856,0.3510428644445648,2711,12.705302636907973,R01773,Cr1 Nb1 Ti1 W1,Cr:25.0000;Nb:25.0000;Ti:25.0000;W:25.0000,99.02,0.8245789070265904,0.5292749575186984,409,Extreme
CAND_03387,Cr23.68Fe20.50V11.85W43.97,4,0.0,0.0,23.68,0.0,20.5,0.0,0.0,0.0,0.0,0.0,11.85,43.97,100.0,True,1064.4318,1092.5099,47.893917,253.82100000000003,1.026378522596497,True,0.58970356,0.4099327184815229,0.5129523144756748,0.1082235744801826,0.4443625012782817,False,2760,1056.786356608073,188.6716606499413,0.1785333993670333,Low,0.5897035719454847,0.4099327184815229,0.5129523144756748,0.1082235744801826,0.4052030448457162,0.1785333993670333,0.3438197382130559,2895,13.617443905270806,R01773,Cr1 Nb1 Ti1 W1,Cr:25.0000;Nb:25.0000;Ti:25.0000;W:25.0000,99.4,0.8861988938143333,0.5290629817229104,411,Extreme
CAND_00664,Al14.55Mo15.10V30.15W40.20,4,14.55,0.0,0.0,0.0,0.0,0.0,15.1,0.0,0.0,0.0,30.15,40.2,100.0,True,953.9348,851.41187,47.904335,353.702,0.8925262576647863,False,0.49755225,0.2205929145482221,0.5131386471876666,0.3222599454414151,0.3920672047144272,False,3997,1278.3817952473958,189.78716651676933,0.148458908928722,Low,0.4975522313176535,0.2205929145482221,0.5131386471876666,0.3222599454414151,0.3883859346237394,0.148458908928722,0.338180087771729,3061,12.716579648279442,R01773,Cr1 Nb1 Ti1 W1,Cr:25.0000;Nb:25.0000;Ti:25.0000;W:25.0000,99.06,0.8253407290335723,0.5287888851159414,415,Extreme
CAND_04910,Mo18.59Ni28.59Ti8.23W44.59,4,0.0,0.0,0.0,0.0,0.0,0.0,18.59,0.0,28.59,8.23,0.0,44.59,100.0,True,1013.9107,1244.8396,44.425674,279.8706,1.2277605840098007,True,0.54757047,0.5295607201338737,0.4509205306365015,0.1640456212057031,0.4604763379391792,False,2387,1220.2976033528646,255.2488710931744,0.2091693619588024,High,0.54757041814952,0.5295607201338737,0.4509205306365015,0.1640456212057032,0.4230243225313995,0.2091693619588024,0.349847040323713,2738,14.45944095553325,R01773,Cr1 Nb1 Ti1 W1,Cr:25.0000;Nb:25.0000;Ti:25.0000;W:25.0000,99.86,0.9430802661544035,0.5286522546619044,416,Extreme
CAND_02108,Al16.10Mo34.79Nb8.32Ti9.84W30.95,5,16.1,0.0,0.0,0.0,0.0,0.0,34.79,8.32,0.0,9.84,0.0,30.95,100.0,True,983.46466,1348.0182,40.99475,351.306,1.370682907016254,True,0.52217937,0.6105892374308107,0.3895562214065452,0.3171255240317064,0.4847884766539888,False,1878,1405.2336018880208,192.9167626669773,0.1372844788281331,Low,0.5221792907631785,0.6105892374308107,0.3895562214065452,0.3171255240317064,0.4598625684080601,0.1372844788281331,0.4043513975341563,1487,8.455493519904197,R01497,Cr1 Mo1 Nb1 Ti1 W1,Cr:20.0000;Mo:20.0000;Nb:20.0000;Ti:20.0000;W:20.0000,94.88,0.5374817317061183,0.5286254807410482,417,Extreme
CAND_03562,Al26.60Co14.47Fe9.29Mn21.81W27.83,5,26.6,14.47,0.0,0.0,9.29,21.81,0.0,0.0,0.0,0.0,0.0,27.83,100.0,True,639.35425,1546.1346,49.640106,431.91426666666666,2.4182753218942303,True,0.23520105,0.7661745830761958,0.5441840414885577,0.4898620892123576,0.509938012438086,False,1360,1438.8654703776042,210.16700813454207,0.1460643906336758,Low,0.2352010415302341,0.7661745830761958,0.5441840414885577,0.4898620892123576,0.5088554388268363,0.1460643906336758,0.4440024862350732,834,6.484407387936896,R00957,Cr1 Fe1 Ni1 V0.5 W1,Cr:22.2222;Fe:22.2222;Ni:22.2222;V:11.1111;W:22.2222,86.88,0.4043243956420138,0.5285494471265425,418,Very High
CAND_01732,Cr29.59Fe16.94Nb38.87W14.60,4,0.0,0.0,29.59,0.0,16.94,0.0,0.0,38.87,0.0,0.0,0.0,14.6,100.0,True,983.17944,1544.4943,59.254337,291.717,1.5709180154567688,True,0.5219414,0.7648864179244863,0.7161408216714565,0.1894314349736384,0.5934982760463293,False,361,1202.4997151692708,219.81004618451948,0.1827942604989122,Medium,0.5219414254331346,0.7648864179244863,0.7161408216714565,0.1894314349736384,0.5481000250006789,0.1827942604989122,0.4633942210452441,593,6.55497003889531,R01497,Cr1 Mo1 Nb1 Ti1 W1,Cr:20.0000;Mo:20.0000;Nb:20.0000;Ti:20.0000;W:20.0000,87.46000000000001,0.40909127745141793,0.5274386876532997,424,Very High
CAND_01248,Al5.98Cr12.88Nb14.86Ni14.06Ti12.73W39.49,6,5.98,0.0,12.88,0.0,0.0,0.0,0.0,14.86,14.06,12.73,0.0,39.49,100.0,True,1041.3877,1434.3817,43.993507,299.636,1.3773753103252964,True,0.5704855,0.6784124716438551,0.4431909425060205,0.2064011691737566,0.5164273002599311,False,1222,1174.6139689127604,209.08157149621687,0.1780002426582291,Low,0.5704854510140404,0.6784124716438551,0.4431909425060205,0.2064011691737566,0.4746225085844181,0.1780002426582291,0.4029052723396759,1524,9.95134452739951,R01773,Cr1 Nb1 Ti1 W1,Cr:25.0000;Nb:25.0000;Ti:25.0000;W:25.0000,96.86,0.6385344112803396,0.5268364540462037,430,Extreme
CAND_04838,Al14.95Co32.62V39.93W12.50,4,14.95,32.62,0.0,0.0,0.0,0.0,0.0,0.0,0.0,0.0,39.93,12.5,100.0,True,962.0202,1209.6152,65.63021,361.567,1.2573698521971466,True,0.5042953,0.5018981922000363,0.8301774608925324,0.3391139622975749,0.5602695160036438,False,637,1142.7195922851563,223.51120672643577,0.1955958471662052,Medium,0.5042952238831737,0.5018981922000363,0.8301774608925324,0.3391139622975749,0.5438712098183293,0.1955958471662052,0.4548955327232106,689,7.459615867424549,R01366,Co1 Cr1 Fe1 Ni1 W0.5,Co:22.2222;Cr:22.2222;Fe:22.2222;Ni:22.2222;W:11.1111,92.52,0.4702049074723594,0.5266514470343673,432,Extreme
CAND_00684,Al35.65Nb7.49Ni12.55V26.70W17.61,5,35.65,0.0,0.0,0.0,0.0,0.0,0.0,7.49,12.55,0.0,26.7,17.61,100.0,True,1097.3823,1075.4365,42.92135,504.512,0.9800016605567492,False,0.6171834,0.3965245864927429,0.4240147165998032,0.6454327721518355,0.5069309900846344,False,1416,1473.822705078125,229.2940378625169,0.1555777618790059,Medium,0.617183347408686,0.3965245864927429,0.4240147165998032,0.6454327721518355,0.5207888556632669,0.1555777618790059,0.4506740029476231,736,6.314368354111452,R00957,Cr1 Fe1 Ni1 V0.5 W1,Cr:22.2222;Fe:22.2222;Ni:22.2222;V:11.1111;W:22.2222,85.34,0.3928373558805845,0.5265889086287266,433,Very High
CAND_01472,Al36.12Ni19.93V17.18W26.77,4,36.12,0.0,0.0,0.0,0.0,0.0,0.0,0.0,19.93,0.0,17.18,26.77,100.0,True,928.7405,1023.6422,54.991074,491.2534,1.1021832510585232,True,0.4765409,0.3558493366499194,0.6398895875838956,0.6170207355480106,0.5022425851587287,False,1508,1387.4343017578126,205.4216186212955,0.1480586276128795,Low,0.4765409050266251,0.3558493366499194,0.6398895875838956,0.6170207355480108,0.5223251412021128,0.1480586276128795,0.4549638220899626,688,5.779001439712459,R00957,Cr1 Fe1 Ni1 V0.5 W1,Cr:22.2222;Fe:22.2222;Ni:22.2222;V:11.1111;W:22.2222,78.44,0.35667047763915616,0.5261758444796909,434,Very High
CAND_02665,Cu12.93Mn18.79Mo10.98Ti13.34W43.96,5,0.0,0.0,0.0,12.93,0.0,18.79,10.98,0.0,0.0,13.34,0.0,43.96,100.0,True,771.4523,1396.1064,38.87063,292.632,1.809711959342612,True,0.34536704,0.6483540020765665,0.35156495243016,0.1913922010795998,0.4147163896061607,False,3485,1226.1861775716145,204.572677225614,0.1668365546500919,Low,0.3453670406236238,0.6483540020765665,0.35156495243016,0.1913922010795998,0.3841695490524875,0.1668365546500919,0.3292402415072533,3326,13.829367855479747,R01773,Cr1 Nb1 Ti1 W1,Cr:25.0000;Nb:25.0000;Ti:25.0000;W:25.0000,99.53999999999999,0.9005154821157484,0.5260997420547102,435,Extreme
CAND_00680,Cr25.83Fe17.26Ti23.06W33.85,4,0.0,0.0,25.83,0.0,17.26,0.0,0.0,0.0,0.0,23.06,0.0,33.85,100.0,True,930.0842,1599.9564,48.410007,282.971,1.7202274277389509,True,0.47766155,0.8084420750973346,0.522182920094012,0.1706895110799355,0.5419802561491267,False,843,1023.5524698893228,149.94442576191778,0.1464941272411089,Low,0.4776615124313656,0.8084420750973346,0.522182920094012,0.1706895110799355,0.4947440046756619,0.1464941272411089,0.4315277269375988,1007,7.074196468139416,R01773,Cr1 Nb1 Ti1 W1,Cr:25.0000;Nb:25.0000;Ti:25.0000;W:25.0000,90.86,0.4441677802033379,0.5260639136060827,436,Extreme
CAND_00606,Al20.33Nb13.65Ni8.34Ti14.17V9.35W34.16,6,20.33,0.0,0.0,0.0,0.0,0.0,0.0,13.65,8.34,14.17,9.35,34.16,100.0,True,1146.2659,992.99066,45.28913,368.6908,0.8662830210101798,False,0.6579509,0.3317779803893406,0.4663640032958962,0.354379651462217,0.4666666090833342,False,2258,1461.147509765625,171.01882096003845,0.1170441860366792,Low,0.6579508729950336,0.3317779803893406,0.4663640032958962,0.3543796514622171,0.4526181270356219,0.1170441860366792,0.405192679657132,1467,7.48591658687654,R01773,Cr1 Nb1 Ti1 W1,Cr:25.0000;Nb:25.0000;Ti:25.0000;W:25.0000,92.7,0.4719816607466067,0.5257776188843871,437,Extreme
CAND_02861,Al12.52Co10.86Mo28.88Nb10.92W36.82,5,12.52,10.86,0.0,0.0,0.0,0.0,28.88,10.92,0.0,0.0,0.0,36.82,100.0,True,767.0674,1328.4559,44.721603,367.448,1.731863366591256,True,0.34171015,0.5952265152779818,0.4562134134476951,0.3517164382201528,0.4478918262014774,False,2676,1130.6381225585938,177.1687355779083,0.1566980026969034,Low,0.3417101593189822,0.5952265152779818,0.4562134134476951,0.3517164382201528,0.436216631566203,0.1566980026969034,0.377122317622353,2081,10.593977625712842,R01773,Cr1 Nb1 Ti1 W1,Cr:25.0000;Nb:25.0000;Ti:25.0000;W:25.0000,97.56,0.6819476899038456,0.5256897678697332,438,Extreme
CAND_04099,Al17.89Co13.51Mo11.63V36.08W20.89,5,17.89,13.51,0.0,0.0,0.0,0.0,11.63,0.0,0.0,0.0,36.08,20.89,100.0,True,1021.547,1016.9525,53.66632,363.157,0.9955024124357577,False,0.55393887,0.3505957620505227,0.6161954998950918,0.3425211952030159,0.4767874515085652,False,2037,1506.0113932291667,162.93015728865666,0.108186536981838,Low,0.5539388741477489,0.3505957620505227,0.6161954998950918,0.3425211952030159,0.4658128328240948,0.108186536981838,0.4203379280285634,1197,6.250768105575489,R00957,Cr1 Fe1 Ni1 V0.5 W1,Cr:22.2222;Fe:22.2222;Ni:22.2222;V:11.1111;W:22.2222,84.74000000000001,0.38854082133005663,0.5247861961946985,440,Very High
CAND_04063,Al13.62Co42.25Mo22.14W21.99,4,13.62,42.25,0.0,0.0,0.0,0.0,22.14,0.0,0.0,0.0,0.0,21.99,100.0,True,695.7814,1309.4586,59.871635,365.4934,1.881997208553712,True,0.28225967,0.5803075005632531,0.7271815982549757,0.347527898951615,0.4926947394197461,False,1707,1091.9284830729166,136.56390520227876,0.1250667120780283,Low,0.2822596722650751,0.5803075005632531,0.7271815982549757,0.347527898951615,0.4843191675087298,0.1250667120780283,0.4304803993482123,1022,6.280929767671356,R01497,Cr1 Mo1 Nb1 Ti1 W1,Cr:20.0000;Mo:20.0000;Nb:20.0000;Ti:20.0000;W:20.0000,84.94,0.39057840178421105,0.5246384255557622,443,Very High
CAND_00172,Al29.03Ni17.55Ti15.60V6.03W31.79,5,29.03,0.0,0.0,0.0,0.0,0.0,0.0,0.0,17.55,15.6,6.03,31.79,100.0,True,1007.4367,1079.5869,48.558403,442.6163333333334,1.0716175944239867,True,0.54217136,0.3997839906539664,0.52483707915801,0.5127956953148047,0.4907152409225006,False,1743,1418.4997965494792,218.3173076766741,0.1539071829320906,Medium,0.5421712871394058,0.3997839906539664,0.52483707915801,0.5127956953148047,0.4948970130665467,0.1539071829320906,0.4288880599642408,1045,7.349019781838247,R01773,Cr1 Nb1 Ti1 W1,Cr:25.0000;Nb:25.0000;Ti:25.0000;W:25.0000,92.24,0.46273355454822745,0.5236198518792697,453,Extreme
CAND_02342,Co24.00Fe15.13Mo25.26W35.61,4,0.0,24.0,0.0,0.0,15.13,0.0,25.26,0.0,0.0,0.0,0.0,35.61,100.0,True,682.4053,1273.6726,54.191208,307.289,1.866446010277869,True,0.27110437,0.5522039352891732,0.6255834634708205,0.2228008883091908,0.4368084923572383,False,2942,1048.797224934896,147.08167156407106,0.1402384255671549,Low,0.271104387077496,0.5522039352891732,0.6255834634708205,0.2228008883091908,0.4179231685366702,0.1402384255671549,0.3665226141881643,2324,10.393703081124544,R01773,Cr1 Nb1 Ti1 W1,Cr:25.0000;Nb:25.0000;Ti:25.0000;W:25.0000,97.24000000000001,0.6684180808186188,0.5227365621522937,463,Extreme
CAND_00895,Al16.80Mn44.57Mo6.96Nb31.67,4,16.8,0.0,0.0,0.0,0.0,44.57,6.96,31.67,0.0,0.0,0.0,0.0,100.0,True,961.8848,1564.5782,51.727062,324.4866666666667,1.6265754034529347,True,0.5041824,0.780658764501586,0.5815106081316288,0.2596540051415643,0.5697781105910877,False,549,1370.1261759440104,220.22724476393563,0.1607350101257646,Medium,0.5041823041521311,0.780658764501586,0.5815106081316288,0.2596540051415643,0.5315014204817275,0.1607350101257646,0.457900740345671,657,5.811502916711507,R02937,BBC15,Al:4.0000;Co:16.0000;Fe:20.0000;Mn:44.0000;Ni:4.0000;V:12.0000,78.86,0.3588661250160784,0.5222069955435255,465,Very High
CAND_04602,Al17.91Cu18.53Mn22.58Ti17.48W23.50,5,17.91,0.0,0.0,18.53,0.0,22.58,0.0,0.0,0.0,17.48,0.0,23.5,100.0,True,931.8894,1548.614,43.33103,325.3301333333333,1.6618002016757056,True,0.479167,0.7681217126727015,0.4313421100965197,0.2614614814820104,0.5212413797772992,False,1142,1485.0591634114585,189.2098087107319,0.1274089365410073,Low,0.4791669976490761,0.7681217126727015,0.4313421100965197,0.2614614814820104,0.4850230754750769,0.1274089365410073,0.4302104229927178,1025,6.228448545773038,R00957,Cr1 Fe1 Ni1 V0.5 W1,Cr:22.2222;Fe:22.2222;Ni:22.2222;V:11.1111;W:22.2222,84.44,0.38703301653288547,0.5220721257916814,466,Very High
CAND_03128,Al7.16Mo16.35Nb23.33Ni11.56W41.60,5,7.16,0.0,0.0,0.0,0.0,0.0,16.35,23.33,11.56,0.0,0.0,41.6,100.0,True,850.4126,1175.7378,46.15164,307.298,1.3825498390314903,True,0.4112177,0.475293494211546,0.4817905561294564,0.2228201745331839,0.419824026290518,False,3367,1098.9155517578124,169.01150088241394,0.1537984430305542,Low,0.4112176745899372,0.475293494211546,0.4817905561294564,0.2228201745331839,0.3977804748660309,0.1537984430305542,0.3447573337169923,2863,12.146440926579043,R01773,Cr1 Nb1 Ti1 W1,Cr:25.0000;Nb:25.0000;Ti:25.0000;W:25.0000,98.52,0.7868248305462512,0.5219699307185353,467,Extreme
CAND_00538,Co13.04Cr41.02Mo13.82W32.12,4,0.0,13.04,41.02,0.0,0.0,0.0,13.82,0.0,0.0,0.0,0.0,32.12,100.0,True,628.7478,1435.341,59.661327,315.549,2.282856486746855,True,0.22635558,0.6791658319011464,0.7234201027670158,0.2405013561072684,0.4885866564011191,False,1793,1079.3525227864584,144.2690350956663,0.1336625727461322,Low,0.2263555653019015,0.6791658319011464,0.7234201027670158,0.2405013561072684,0.467360714019333,0.1336625727461322,0.4122573376372653,1341,7.4657248930210764,R01773,Cr1 Nb1 Ti1 W1,Cr:25.0000;Nb:25.0000;Ti:25.0000;W:25.0000,92.62,0.47061760459461505,0.5218261848673269,468,Extreme
CAND_03455,Al6.40Cu28.11Mo9.46Ni18.26W37.77,5,6.4,0.0,0.0,28.11,0.0,0.0,9.46,0.0,18.26,0.0,0.0,37.77,100.0,True,721.5852,1241.1575,58.295364,278.153,1.7200428878882317,True,0.30377933,0.5266690826863889,0.6989889652866521,0.160364952502316,0.4479365121321233,False,2673,1092.9053344726562,172.53696074647488,0.1578699959678819,Low,0.3037793041400801,0.5266690826863889,0.6989889652866521,0.160364952502316,0.4224505761538593,0.1578699959678819,0.3648514752303656,2372,11.120574535778857,R01773,Cr1 Nb1 Ti1 W1,Cr:25.0000;Nb:25.0000;Ti:25.0000;W:25.0000,97.88,0.7175221077777078,0.5217088626838902,469,Extreme
CAND_01390,Al31.36Mn6.01Mo14.75Ni8.89V8.58W30.41,6,31.36,0.0,0.0,0.0,0.0,6.01,14.75,0.0,8.89,0.0,8.58,30.41,100.0,True,769.1138,913.5055,50.841454,492.6703333333333,1.1877378044560978,True,0.34341678,0.2693564640874155,0.5656709325315505,0.6200571015091112,0.4182582791060745,False,3393,1396.5640055338542,170.6617543995957,0.1222011692434806,Low,0.3434167984445765,0.2693564640874155,0.5656709325315505,0.6200571015091112,0.4496253241431634,0.1222011692434806,0.4006637459184554,1580,7.643760172561412,R00957,Cr1 Fe1 Ni1 V0.5 W1,Cr:22.2222;Fe:22.2222;Ni:22.2222;V:11.1111;W:22.2222,93.36,0.4826448332197579,0.5208726100007406,473,Extreme
CAND_04785,Al18.20Cu13.87Fe17.82Mn12.05Ni10.50W27.56,6,18.2,0.0,0.0,13.87,17.82,12.05,0.0,0.0,10.5,0.0,0.0,27.56,100.0,True,773.8581,1470.9769,44.54489,321.8196,1.9008354539525576,True,0.34737343,0.7071515202080426,0.4530527864046731,0.2539387112373683,0.4677114901175807,False,2236,1667.138671875,132.76280553727997,0.0796351304045776,Low,0.347373409079622,0.7071515202080426,0.4530527864046731,0.2539387112373683,0.4403791067324265,0.0796351304045776,0.4078962367289779,1419,5.656172443574488,R00957,Cr1 Fe1 Ni1 V0.5 W1,Cr:22.2222;Fe:22.2222;Ni:22.2222;V:11.1111;W:22.2222,76.82,0.3483727266419248,0.520857547338767,474,Very High
CAND_00012,Al6.49Cu9.60Nb20.66V20.88W42.37,5,6.49,0.0,0.0,9.6,0.0,0.0,0.0,20.66,0.0,0.0,20.88,42.37,100.0,True,1099.115,979.9816,53.514015,316.612,0.8916097120930258,False,0.6186284,0.321561667673071,0.613471425821382,0.2427792734522268,0.4718417715206376,False,2137,1090.035624186198,228.5909365032913,0.2097096016232986,Medium,0.6186283696980318,0.321561667673071,0.613471425821382,0.2427792734522268,0.4491101841611779,0.2097096016232986,0.3712545420475467,2207,12.710977757057144,R01773,Cr1 Nb1 Ti1 W1,Cr:25.0000;Nb:25.0000;Ti:25.0000;W:25.0000,99.03999999999999,0.8249622915315349,0.5208315229018586,476,Extreme
CAND_03899,Al17.20Co13.88Nb10.36V33.38W25.18,5,17.2,13.88,0.0,0.0,0.0,0.0,0.0,10.36,0.0,0.0,33.38,25.18,100.0,True,1158.0146,1122.4202,46.387314,361.178,0.9692625231593336,False,0.667749,0.4334219619962302,0.4860057390403751,0.3382803688383192,0.5025947779673569,False,1503,1433.93740234375,176.22107788816305,0.1228931455446606,Low,0.6677489530843953,0.4334219619962302,0.4860057390403751,0.3382803688383192,0.4813642557398299,0.1228931455446606,0.4286821570242497,1052,6.078114693955337,R00957,Cr1 Fe1 Ni1 V0.5 W1,Cr:22.2222;Fe:22.2222;Ni:22.2222;V:11.1111;W:22.2222,82.58,0.3768771664644152,0.5208102238952494,477,Very High
CAND_03106,Al7.84Cr24.61Nb16.76V12.16W38.63,5,7.84,0.0,24.61,0.0,0.0,0.0,0.0,16.76,0.0,0.0,12.16,38.63,100.0,True,1201.6602,1032.2439,46.43389,308.638,0.859014834295002,False,0.7041481,0.3626044486327633,0.4868387811207867,0.2256916789943732,0.4755892307386138,False,2051,1084.7820393880208,167.68954813578938,0.1545836325151468,Low,0.7041481363428193,0.3626044486327633,0.4868387811207867,0.2256916789943732,0.4448207612726856,0.1545836325151468,0.3852650849585382,1898,9.745833587649155,R01773,Cr1 Nb1 Ti1 W1,Cr:25.0000;Nb:25.0000;Ti:25.0000;W:25.0000,96.64,0.6246510558929852,0.5207575989344279,478,Extreme
CAND_00826,Co38.37Cu26.63Mn13.12Mo11.29W10.59,5,0.0,38.37,0.0,26.63,0.0,13.12,11.29,0.0,0.0,0.0,0.0,10.59,100.0,True,702.24194,1527.2969,61.561806,318.56073333333336,2.174887037783216,True,0.2876476,0.7513809058961941,0.7574114068708192,0.2469552409599396,0.5381046955835989,False,892,1126.8436401367187,157.58080941058927,0.1398426576658587,Low,0.287647578019799,0.7513809058961941,0.7574114068708192,0.2469552409599396,0.5108487829366879,0.1398426576658587,0.4481748243944399,770,5.543684189217652,R01647,Al1 Cr1 Cu1 Fe1 Mn1 W0.5,Al:18.1818;Cr:18.1818;Cu:18.1818;Fe:18.1818;Mn:18.1818;W:9.0909,75.1,0.3407735476686002,0.5204170704029468,480,Very High
CAND_04933,Al30.51Fe30.45Ti24.01W15.03,4,30.51,0.0,0.0,0.0,30.45,0.0,0.0,0.0,0.0,24.01,0.0,15.03,100.0,True,1058.4447,1496.6025,44.367027,424.2234,1.4139638064815168,True,0.58471054,0.7272758906961515,0.449871590863015,0.4733812250752339,0.5770710102020739,False,481,1186.421651204427,230.4363645602133,0.1942280506481652,High,0.5847105016225539,0.7272758906961515,0.449871590863015,0.4733812250752341,0.5588098020642387,0.1942280506481652,0.4679255371375221,540,6.233923911843421,R01366,Co1 Cr1 Fe1 Ni1 W0.5,Co:22.2222;Cr:22.2222;Fe:22.2222;Ni:22.2222;W:11.1111,84.48,0.38740290658897364,0.5200154803697108,483,Very High
CAND_04357,Mo12.15Nb23.74Ti22.41W41.70,4,0.0,0.0,0.0,0.0,0.0,0.0,12.15,23.74,0.0,22.41,0.0,41.7,100.0,True,880.0897,1428.8679,41.57624,321.61,1.6235479915308484,True,0.43596753,0.6740823582417365,0.39995654859949,0.2534895565097076,0.4710275415132325,False,2148,1056.5667846679687,196.16223480438288,0.1856600431235663,Low,0.4359675279881852,0.6740823582417365,0.39995654859949,0.2534895565097076,0.4408739978347799,0.1856600431235663,0.371838454362785,2185,11.60624327914693,R01773,Cr1 Nb1 Ti1 W1,Cr:25.0000;Nb:25.0000;Ti:25.0000;W:25.0000,98.24000000000001,0.7503316106338552,0.518563649245803,490,Extreme
CAND_01183,Mn15.39Mo14.76V28.16W41.69,4,0.0,0.0,0.0,0.0,0.0,15.39,14.76,0.0,0.0,0.0,28.16,41.69,100.0,True,992.7585,921.7697,41.29048,317.814,0.9284933999165712,False,0.5299301,0.2758465295917481,0.3948455449731922,0.2453550558121892,0.3772476468571757,False,4262,1231.519873046875,182.1547226967682,0.1479105020417603,Low,0.5299300877583962,0.2758465295917481,0.3948455449731922,0.2453550558121892,0.3614943045338815,0.1479105020417603,0.3149150599205255,3738,13.418831569762066,R01773,Cr1 Nb1 Ti1 W1,Cr:25.0000;Nb:25.0000;Ti:25.0000;W:25.0000,99.32,0.8727815757799265,0.5182614773509946,493,Extreme
CAND_03444,Al14.19Co32.01Cu21.72W32.08,4,14.19,32.01,0.0,21.72,0.0,0.0,0.0,0.0,0.0,0.0,0.0,32.08,100.0,True,627.55096,1479.6378,58.608337,354.99,2.357797030110014,True,0.22535746,0.7139531233065247,0.7045866911332832,0.3250200183862001,0.5066928514219488,False,1418,979.012626139323,176.52166838458547,0.1803058139103762,Low,0.2253574349407423,0.7139531233065247,0.7045866911332832,0.3250200183862001,0.4922293169416876,0.1803058139103762,0.417035408231128,1247,8.584317975124977,R01773,Cr1 Nb1 Ti1 W1,Cr:25.0000;Nb:25.0000;Ti:25.0000;W:25.0000,95.12,0.5461845078044858,0.516512117875801,507,Extreme
CAND_01436,Al15.12Mn20.49Mo23.96W40.43,4,15.12,0.0,0.0,0.0,0.0,20.49,23.96,0.0,0.0,0.0,0.0,40.43,100.0,True,604.95917,1293.6139,44.61747,326.9336666666667,2.1383491143503743,True,0.20651653,0.567864294820834,0.4543509269533737,0.2648977151539004,0.3856366414099816,False,4110,1208.853291829427,177.70225832287633,0.1470006819884233,Low,0.2065165276248656,0.567864294820834,0.4543509269533737,0.2648977151539004,0.3734073661382434,0.1470006819884233,0.3255511282616763,3440,12.643487697590038,R01773,Cr1 Nb1 Ti1 W1,Cr:25.0000;Nb:25.0000;Ti:25.0000;W:25.0000,98.94,0.8204029795949843,0.5162067123692455,512,Extreme
CAND_03326,Al15.27Mn42.64Mo10.66Nb6.81W24.62,5,15.27,0.0,0.0,0.0,0.0,42.64,10.66,6.81,0.0,0.0,0.0,24.62,100.0,True,858.74927,1578.3174,44.6786,322.5846666666667,1.837925759693777,True,0.41817024,0.791448472879545,0.4554442767982632,0.2555781831376971,0.5150834115845828,False,1248,1292.4512247721354,183.2391599162167,0.1417764604219571,Low,0.4181702191555981,0.791448472879545,0.4554442767982632,0.2555781831376971,0.4801602879927758,0.1417764604219571,0.4205379114361202,1188,6.911718898796698,R00957,Cr1 Fe1 Ni1 V0.5 W1,Cr:22.2222;Fe:22.2222;Ni:22.2222;V:11.1111;W:22.2222,90.22,0.43319155752439614,0.5154814430506796,519,Extreme
CAND_03341,Cr18.38Cu5.56V36.61W39.45,4,0.0,0.0,18.38,5.56,0.0,0.0,0.0,0.0,0.0,0.0,36.61,39.45,100.0,True,1091.4109,992.126,42.319157,308.956,0.9090306962278032,False,0.61220336,0.3310989430912384,0.4132441027744561,0.2263731255754615,0.4202576912989338,False,3352,1146.8618408203124,179.93678757026768,0.1568949119813462,Low,0.612203370437139,0.3310989430912384,0.4132441027744561,0.2263731255754615,0.3957298854695737,0.1568949119813462,0.3420620847850651,2945,12.040262260191106,R01773,Cr1 Nb1 Ti1 W1,Cr:25.0000;Nb:25.0000;Ti:25.0000;W:25.0000,98.44000000000001,0.7796518977485628,0.5154147239206766,520,Extreme
CAND_00905,Al18.51Co10.32Nb8.94Ti29.80V20.80W11.63,6,18.51,10.32,0.0,0.0,0.0,0.0,0.0,8.94,0.0,29.8,20.8,11.63,100.0,True,1103.2587,1122.2047,42.428543,365.386,1.0171727932665735,True,0.6220841,0.4332527249114326,0.4152005425934169,0.3472977500119645,0.4724958429556938,False,2122,1585.473291015625,180.8168078760828,0.1140459501277721,Low,0.6220840970947896,0.4332527249114326,0.4152005425934169,0.3472977500119645,0.4544587786529009,0.1140459501277721,0.4079353985361,1417,6.606213043109691,R01592,Al1 Co1 Cr0.091 Nb0.727 W0.212,Al:33.0033;Co:33.0033;Cr:3.0033;Nb:23.9934;W:6.9967,87.94,0.41255301452238924,0.5154078668545952,521,Very High
CAND_01929,Co44.74Mo30.96Ti11.46W12.84,4,0.0,44.74,0.0,0.0,0.0,0.0,30.96,0.0,0.0,11.46,0.0,12.84,100.0,True,770.87195,1481.065,50.918114,321.32840000000004,1.921285374798317,True,0.34488305,0.715073936148395,0.5670420465362819,0.2528861119901026,0.4976805330761422,False,1611,1185.2052734375,138.38003099441354,0.1167561721971285,Low,0.3448830453067069,0.715073936148395,0.5670420465362819,0.2528861119901026,0.4699712849953716,0.1167561721971285,0.4208360756768783,1182,5.961901050867427,R01594,Al0.947 Co0.158 Mo1 Ni0.289 W0.237,Al:35.9939;Co:6.0053;Mo:38.0084;Ni:10.9844;W:9.0080,81.06,0.3690263176978797,0.5151103356941482,523,Very High
CAND_01044,Co5.02Cu8.06Mo44.75Ti6.69W35.48,5,0.0,5.02,0.0,8.06,0.0,0.0,44.75,0.0,0.0,6.69,0.0,35.48,100.0,True,802.4554,1348.0353,41.29145,318.98,1.6798881633207527,True,0.37122273,0.6106026664523887,0.3948628940546504,0.2478536932761793,0.4304414007564264,False,3108,1194.316056315104,195.29560839859388,0.1635208765434765,Low,0.3712227401323771,0.6106026664523887,0.3948628940546504,0.2478536932761793,0.4061354984788989,0.1635208765434765,0.3490573368012302,2755,11.867048276888651,R01773,Cr1 Nb1 Ti1 W1,Cr:25.0000;Nb:25.0000;Ti:25.0000;W:25.0000,98.34,0.767950373288753,0.5149089434409766,525,Extreme
CAND_03140,Co38.14Fe13.88Mo15.74Ni13.14W19.10,5,0.0,38.14,0.0,0.0,13.88,0.0,15.74,0.0,13.14,0.0,0.0,19.1,100.0,True,775.75433,1405.3137,59.542732,303.4116,1.811544762717173,True,0.34895483,0.6555847056072219,0.7212989539881076,0.214491954430224,0.5138603972822112,False,1276,1195.1230753580728,157.0198775869277,0.1313838556249804,Low,0.3489548107162158,0.6555847056072219,0.7212989539881076,0.2144919544302241,0.4850826061854424,0.1313838556249804,0.4287515716029738,1048,6.022629784059583,R00957,Cr1 Fe1 Ni1 V0.5 W1,Cr:22.2222;Fe:22.2222;Ni:22.2222;V:11.1111;W:22.2222,81.89999999999999,0.37312886613717305,0.5147776139108986,526,Very High
CAND_02091,Al28.33Co23.62Mn9.06V8.15W30.84,5,28.33,23.62,0.0,0.0,0.0,9.06,0.0,0.0,0.0,0.0,8.15,30.84,100.0,True,817.19476,1121.9087,58.10502,493.6903333333333,1.372877985205527,True,0.38351497,0.433020269333242,0.6955845389350143,0.6222428735616583,0.5121931422006234,False,1312,1090.421504720052,223.58798058424185,0.2050472955791938,Medium,0.3835149452057839,0.433020269333242,0.6955845389350143,0.6222428735616583,0.5335906567589246,0.2050472955791938,0.4427964435225421,846,7.778282128219411,R00957,Cr1 Fe1 Ni1 V0.5 W1,Cr:22.2222;Fe:22.2222;Ni:22.2222;V:11.1111;W:22.2222,93.72,0.4917325057303826,0.5140704679796687,534,Extreme
CAND_02258,Mo14.73Ti20.08V21.16W44.03,4,0.0,0.0,0.0,0.0,0.0,0.0,14.73,0.0,0.0,20.08,21.16,44.03,100.0,True,990.6534,958.0217,39.43637,314.781,0.9670604451950034,False,0.5281745,0.3043160553368985,0.3616835806200457,0.238855598326527,0.3759964133271883,False,4286,1135.7247029622397,181.9537199363584,0.1602093530780653,Low,0.5281744945101121,0.3043160553368985,0.3616835806200457,0.238855598326527,0.3582574321983958,0.1602093530780653,0.3087868850978745,3883,14.027637836511248,R01773,Cr1 Nb1 Ti1 W1,Cr:25.0000;Nb:25.0000;Ti:25.0000;W:25.0000,99.66000000000001,0.9139096722870753,0.5138127158276429,537,Extreme
CAND_04926,Al15.98Mn15.89Mo34.31W33.82,4,15.98,0.0,0.0,0.0,0.0,15.89,34.31,0.0,0.0,0.0,0.0,33.82,100.0,True,660.55835,1241.7837,49.3263,351.079,1.879900088666408,True,0.25288466,0.5271608518859258,0.5385714168946536,0.3166390826043259,0.4161523749978161,False,3445,1316.9566243489585,186.69907686659133,0.1417655474863393,Low,0.2528846550383529,0.5271608518859258,0.5385714168946536,0.3166390826043259,0.4088140016058145,0.1417655474863393,0.3580542454673303,2526,10.40330557920646,R01773,Cr1 Nb1 Ti1 W1,Cr:25.0000;Nb:25.0000;Ti:25.0000;W:25.0000,97.26,0.6690667805600513,0.5136479041133464,542,Extreme
CAND_04461,Co8.28Cu18.67Mo19.73Ni8.75W44.57,5,0.0,8.28,0.0,18.67,0.0,0.0,19.73,0.0,8.75,0.0,0.0,44.57,100.0,True,685.86365,1287.702,42.344803,325.688,1.8774897966484505,True,0.27398857,0.5632215443725068,0.4137027981796914,0.262228358892342,0.3939229950739719,False,3958,1161.4958414713542,222.35275456767667,0.1914365481377924,Medium,0.2739885521576362,0.5632215443725068,0.4137027981796914,0.262228358892342,0.3782853134005441,0.1914365481377924,0.3175035330180206,3674,14.766622637117091,R01773,Cr1 Nb1 Ti1 W1,Cr:25.0000;Nb:25.0000;Ti:25.0000;W:25.0000,99.98,0.9638320200955525,0.5129675507151179,552,Extreme
CAND_00647,Cr14.23Cu22.56Mn11.53V7.82W43.86,5,0.0,0.0,14.23,22.56,0.0,11.53,0.0,0.0,0.0,0.0,7.82,43.86,100.0,True,908.69073,1070.3041,36.86351,316.552,1.1778529910520488,True,0.45982003,0.3924939952444143,0.3156663046193574,0.2426506986256064,0.3710083891579299,False,4373,1148.1767985026042,175.9934733878638,0.1532808132139456,Low,0.4598199697543582,0.3924939952444143,0.3156663046193574,0.2426506986256064,0.3526577420609341,0.1532808132139456,0.305786533531372,3970,13.834464393700769,R01773,Cr1 Nb1 Ti1 W1,Cr:25.0000;Nb:25.0000;Ti:25.0000;W:25.0000,99.56,0.9008597803387706,0.5125215643175867,561,Extreme
CAND_00514,Al17.42Fe21.26Nb12.94V32.63W15.75,5,17.42,0.0,0.0,0.0,21.26,0.0,0.0,12.94,0.0,0.0,32.63,15.75,100.0,True,1392.5264,1031.1367,44.792366,284.1743333333334,0.7404791207527348,False,0.86332506,0.3617349391186668,0.4574790557685508,0.1732681506582673,0.5078779980215797,False,1391,1483.6597086588542,190.1038224456088,0.1281316877017925,Low,0.8633250932786614,0.3617349391186668,0.4574790557685508,0.1732681506582673,0.4639518097060366,0.1281316877017925,0.4112567839054233,1357,6.745852987821662,R00957,Cr1 Fe1 Ni1 V0.5 W1,Cr:22.2222;Fe:22.2222;Ni:22.2222;V:11.1111;W:22.2222,89.22,0.4219864343737209,0.5121465718748897,567,Very High
CAND_03031,Al9.59Cu33.01Ti22.25W35.15,4,9.59,0.0,0.0,33.01,0.0,0.0,0.0,0.0,0.0,22.25,0.0,35.15,100.0,True,921.4976,1396.8153,40.373764,319.957,1.51580999261019,True,0.4705006,0.6489107174798749,0.3784494825421827,0.2499473200363151,0.4679278604100714,False,2229,1097.6282307942708,167.37438343487608,0.1524873165058444,Low,0.4705005333872746,0.6489107174798749,0.3784494825421827,0.2499473200363151,0.4369520133614119,0.1524873165058444,0.3791382404850926,2034,9.49402794981339,R01773,Cr1 Nb1 Ti1 W1,Cr:25.0000;Nb:25.0000;Ti:25.0000;W:25.0000,96.32,0.6076402477926471,0.5118384334688129,569,Extreme
CAND_03041,Al33.77Fe25.90Nb8.75Ni14.34W17.24,5,33.77,0.0,0.0,0.0,25.9,0.0,0.0,8.75,14.34,0.0,0.0,17.24,100.0,True,1015.3616,1462.0406,41.631073,430.4334666666666,1.439921147239873,True,0.5487804,0.7001336391830955,0.4009372725001087,0.4866888624913656,0.5479118626982179,False,760,1203.2621541341146,208.45487427688383,0.1732414449841074,Low,0.5487804272910977,0.7001336391830955,0.4009372725001087,0.4866888624913656,0.5341350503664168,0.1732414449841074,0.4552643896531052,683,5.758508884537255,R00957,Cr1 Fe1 Ni1 V0.5 W1,Cr:22.2222;Fe:22.2222;Ni:22.2222;V:11.1111;W:22.2222,78.14,0.3552860967072313,0.5113829407417103,572,Very High
CAND_01356,Co11.89Ni42.01V7.54W38.56,4,0.0,11.89,0.0,0.0,0.0,0.0,0.0,0.0,42.01,0.0,7.54,38.56,100.0,True,914.02734,1038.6495,55.189095,284.0566,1.136344013231278,True,0.46427056,0.3676349129964712,0.6434313220781674,0.1730158582762543,0.4363818517399766,False,2955,923.2946980794272,149.51455149702156,0.1619358930664621,Low,0.4642705500045722,0.3676349129964712,0.6434313220781674,0.1730158582762543,0.4120881608388663,0.1619358930664621,0.3546565376781033,2609,11.18996938722211,R01773,Cr1 Nb1 Ti1 W1,Cr:25.0000;Nb:25.0000;Ti:25.0000;W:25.0000,97.98,0.7222100985280283,0.5100905414465515,579,Extreme
CAND_02811,Al12.21Co29.37Cu5.38Mo14.54Ni8.82W29.68,6,12.21,29.37,0.0,5.38,0.0,0.0,14.54,0.0,8.82,0.0,0.0,29.68,100.0,True,658.62146,1303.6427,59.419098,368.1936,1.9793504755786708,True,0.25126937,0.5757401411132582,0.7190876794138714,0.3533141947322892,0.4808719084529909,False,1955,1011.804960123698,154.83211244645506,0.1530256507415481,Low,0.2512693441235891,0.5757401411132582,0.7190876794138714,0.3533141947322892,0.474852839845752,0.1530256507415481,0.4118319826973136,1352,7.504156828008704,R00957,Cr1 Fe1 Ni1 V0.5 W1,Cr:22.2222;Fe:22.2222;Ni:22.2222;V:11.1111;W:22.2222,92.80000000000001,0.473213885903557,0.5100131039586818,581,Extreme
CAND_00891,Co38.97Mo5.05Ni23.82W32.16,4,0.0,38.97,0.0,0.0,0.0,0.0,5.05,0.0,23.82,0.0,0.0,32.16,100.0,True,621.6286,1411.3025,64.30022,285.919,2.270330704798924,True,0.22041836,0.6602878473865047,0.8063897239351558,0.177006820894552,0.4923603204570311,False,1710,1027.49609375,166.66928126824914,0.1622091629175589,Low,0.2204183559279126,0.6602878473865047,0.8063897239351558,0.177006820894552,0.4660256870360313,0.1622091629175589,0.4009826302402752,1569,8.464085877179572,R01773,Cr1 Nb1 Ti1 W1,Cr:25.0000;Nb:25.0000;Ti:25.0000;W:25.0000,94.89999999999999,0.538062191071513,0.5097619380401628,583,Extreme
CAND_02641,Al19.25Co21.05Mn24.99Mo9.64W25.07,5,19.25,21.05,0.0,0.0,0.0,24.99,9.64,0.0,0.0,0.0,0.0,25.07,100.0,True,694.451,1610.0181,52.19603,342.74926666666664,2.3184042157571465,True,0.28115016,0.8163437585131457,0.589898406104115,0.2987891822855316,0.5215411565789188,False,1138,1286.8047159830728,193.2037980838932,0.1501422831950786,Low,0.2811501566802967,0.8163437585131457,0.589898406104115,0.2987891822855316,0.4965453758957723,0.1501422831950786,0.4317251727467808,1005,6.225631239578773,R00957,Cr1 Fe1 Ni1 V0.5 W1,Cr:22.2222;Fe:22.2222;Ni:22.2222;V:11.1111;W:22.2222,84.42,0.3868426925375911,0.5097169222935823,586,Very High
CAND_01334,Co9.64Mn5.83V42.09W42.44,4,0.0,9.64,0.0,0.0,0.0,5.83,0.0,0.0,0.0,0.0,42.09,42.44,100.0,True,877.7287,1004.6722,43.39653,319.875,1.144627265182442,True,0.43399855,0.3409517612503414,0.4325136202362261,0.2497716011066005,0.3780792400836466,False,4253,1155.1231282552085,203.0710882742348,0.1758003829262512,Low,0.4339985214520593,0.3409517612503414,0.4325136202362261,0.2497716011066005,0.3643088760113068,0.1758003829262512,0.3098390520205819,3865,14.325284133925422,R01773,Cr1 Nb1 Ti1 W1,Cr:25.0000;Nb:25.0000;Ti:25.0000;W:25.0000,99.8,0.9340172603879858,0.5088212169039339,594,Extreme
CAND_00724,Cr33.01Cu15.79Mn15.96W35.24,4,0.0,0.0,33.01,15.79,0.0,15.96,0.0,0.0,0.0,0.0,0.0,35.24,100.0,True,647.9668,1399.0876,51.88403,312.626,2.1591964383784616,True,0.24238367,0.6506952067039372,0.5843180829958952,0.234237619137077,0.4491388292569677,False,2651,1078.9541300455728,145.6763732253104,0.1350162802742664,Low,0.2423836621328227,0.6506952067039372,0.5843180829958952,0.234237619137077,0.427908642742433,0.1350162802742664,0.3770066123095897,2082,8.758723999173096,R01773,Cr1 Nb1 Ti1 W1,Cr:25.0000;Nb:25.0000;Ti:25.0000;W:25.0000,95.36,0.5579665609472376,0.5087182109563971,596,Extreme
CAND_04738,Al14.99Cr6.03Cu36.74Ni13.25W28.99,5,14.99,0.0,6.03,36.74,0.0,0.0,0.0,0.0,13.25,0.0,0.0,28.99,100.0,True,776.04974,1378.9551,50.871895,315.934,1.7768900914910255,True,0.3492012,0.6348846934339316,0.5662153896332729,0.2413263779114161,0.4729785758232158,False,2100,1247.4416951497396,170.2905002122886,0.1365117911918499,Low,0.349201174215088,0.6348846934339316,0.5662153896332729,0.2413263779114161,0.4479069087984271,0.1365117911918499,0.3941066975897462,1698,7.8284170849386525,R00957,Cr1 Fe1 Ni1 V0.5 W1,Cr:22.2222;Fe:22.2222;Ni:22.2222;V:11.1111;W:22.2222,93.88,0.4951193883085479,0.5085964674631035,597,Extreme
CAND_02526,Al27.11Cr7.04Ni27.14V23.84W14.87,5,27.11,0.0,7.04,0.0,0.0,0.0,0.0,0.0,27.14,0.0,23.84,14.87,100.0,True,951.8397,1042.5317,61.2241,414.0443666666666,1.0952807245323517,True,0.495805,0.3706836935561044,0.7513713152183048,0.4515684343086208,0.5155247006072163,False,1244,1128.5626708984375,191.27728882758305,0.169487520507221,Low,0.4958049777836266,0.3706836935561044,0.7513713152183048,0.4515684343086207,0.5173571052166641,0.169487520507221,0.4423793295308358,852,6.193604438336912,R01366,Co1 Cr1 Fe1 Ni1 W0.5,Co:22.2222;Cr:22.2222;Fe:22.2222;Ni:22.2222;W:11.1111,83.94,0.384679112028928,0.5080843854885744,602,Very High
CAND_02994,Co36.17Cu13.62V36.47W13.74,4,0.0,36.17,0.0,13.62,0.0,0.0,0.0,0.0,0.0,0.0,36.47,13.74,100.0,True,966.0558,1167.9972,58.613266,319.155,1.2090370108703274,True,0.5076608,0.4692146237772827,0.7046748495070025,0.2482287031871554,0.5064656468417227,False,1426,1129.2822916666669,180.8171911952838,0.1601169101203405,Low,0.507660798968811,0.4692146237772827,0.7046748495070025,0.2482287031871554,0.4824447438600629,0.1601169101203405,0.4158587291086191,1269,7.365916755198602,R01366,Co1 Cr1 Fe1 Ni1 W0.5,Co:22.2222;Cr:22.2222;Fe:22.2222;Ni:22.2222;W:11.1111,92.30000000000001,0.46387503483349807,0.507246767627231,611,Extreme
CAND_02830,Al22.43Mn16.47Ti40.15W20.95,4,22.43,0.0,0.0,0.0,0.0,16.47,0.0,0.0,0.0,40.15,0.0,20.95,100.0,True,946.1648,1318.4459,48.250282,383.5497,1.3934632815300048,True,0.49107227,0.5873654330560643,0.5193261344899721,0.3862209929833859,0.5112959986354637,False,1330,1366.40009765625,211.51554531932183,0.1547976655462253,Medium,0.4910722733398057,0.5873654330560643,0.5193261344899721,0.3862209929833858,0.4959962084673069,0.1547976655462253,0.4295091887224227,1035,6.355375248004684,R01773,Cr1 Nb1 Ti1 W1,Cr:25.0000;Nb:25.0000;Ti:25.0000;W:25.0000,85.68,0.39560758933843765,0.506908472107154,615,Very High
CAND_01140,Al11.96Co13.97Mn21.60Ni15.60W36.87,5,11.96,13.97,0.0,0.0,0.0,21.6,0.0,0.0,15.6,0.0,0.0,36.87,100.0,True,615.6541,1518.033,52.635735,322.3876666666667,2.465723798555291,True,0.21543582,0.7441057530894386,0.5977628162717429,0.2551560291236268,0.475576581204742,False,2052,1208.674190266927,220.6590331807052,0.1825628734009569,Medium,0.2154357936449459,0.7441057530894386,0.5977628162717429,0.2551560291236268,0.4531150980324385,0.1825628734009569,0.3831636424787424,1950,10.118315843474122,R01773,Cr1 Nb1 Ti1 W1,Cr:25.0000;Nb:25.0000;Ti:25.0000;W:25.0000,97.0,0.6498142104159675,0.5068829739586818,616,Extreme
CAND_01839,Al17.95Cu18.96Fe18.13Ti25.03W19.93,5,17.95,0.0,0.0,18.96,18.13,0.0,0.0,0.0,0.0,25.03,0.0,19.93,100.0,True,1120.1432,1479.7687,43.67417,303.5758,1.3210531610807204,True,0.63616526,0.7140559220740422,0.4374793923765023,0.2148438208724087,0.546662785168481,False,778,1561.4038899739585,236.9977926731893,0.1517850661158158,High,0.6361652876323662,0.7140559220740422,0.4374793923765023,0.2148438208724087,0.5006361057388299,0.1517850661158158,0.4346610495889945,961,5.925166403227251,R00957,Cr1 Fe1 Ni1 V0.5 W1,Cr:22.2222;Fe:22.2222;Ni:22.2222;V:11.1111;W:22.2222,80.44,0.3665446971630443,0.5065301148568382,620,Very High
CAND_00493,Co15.21Cu5.86Mo7.35Ni27.14W44.44,5,0.0,15.21,0.0,5.86,0.0,0.0,7.35,0.0,27.14,0.0,0.0,44.44,100.0,True,573.3329,1295.8623,53.24901,287.042,2.260226706379293,True,0.18014112,0.5696300148276031,0.6087316388813377,0.1794133130661308,0.4040262504534861,False,3754,1054.2284545898438,206.04389788309825,0.1954452063839059,Low,0.1801411221427461,0.5696300148276031,0.6087316388813377,0.1794133130661308,0.3844790222294544,0.1954452063839059,0.3216199455870189,3575,14.297016115131802,R01773,Cr1 Nb1 Ti1 W1,Cr:25.0000;Nb:25.0000;Ti:25.0000;W:25.0000,99.78,0.9321076055954722,0.5064136801318324,622,Extreme
CAND_03469,Mo16.34Nb22.08Ni19.76W41.82,4,0.0,0.0,0.0,0.0,0.0,0.0,16.34,22.08,19.76,0.0,0.0,41.82,100.0,True,861.38806,1214.407,47.35103,284.1702,1.4098256688770665,True,0.4203709,0.5056613024688659,0.5032424270678152,0.1732592932813223,0.4296091753981654,False,3131,1066.5225056966146,187.244886942506,0.1755658093874018,Low,0.4203708946140749,0.5056613024688659,0.5032424270678152,0.1732592932813223,0.4006334793580196,0.1755658093874018,0.3408005542172015,2985,12.33095911356593,R01773,Cr1 Nb1 Ti1 W1,Cr:25.0000;Nb:25.0000;Ti:25.0000;W:25.0000,98.64,0.7992900139981937,0.5063295054948878,623,Extreme
CAND_00726,Al14.97Ni27.63Ti9.85V11.27W36.28,5,14.97,0.0,0.0,0.0,0.0,0.0,0.0,0.0,27.63,9.85,11.27,36.28,100.0,True,1197.1926,991.56415,57.09323,315.6336,0.8282411098066542,False,0.70042235,0.3306577094202709,0.6774880161219826,0.2406826466128032,0.514798426766779,False,1254,1214.274365234375,246.86193604862493,0.2032999650791249,High,0.7004222856012706,0.3306577094202709,0.6774880161219826,0.2406826466128032,0.4873126644390819,0.2032999650791249,0.4049802032588257,1471,9.524879390628914,R01773,Cr1 Nb1 Ti1 W1,Cr:25.0000;Nb:25.0000;Ti:25.0000;W:25.0000,96.39999999999999,0.6097244264625231,0.5058236431970611,627,Extreme
CAND_02283,Al24.27Fe18.98Ti17.08V8.34W31.33,5,24.27,0.0,0.0,0.0,18.98,0.0,0.0,0.0,0.0,17.08,8.34,31.33,100.0,True,1104.651,1086.8777,45.682106,351.5217,0.9839104830748806,False,0.62324524,0.4055096228481278,0.4733926348785111,0.3175877505334069,0.4746127799314209,False,2070,1450.319677734375,195.2168268460554,0.1346026188867646,Low,0.6232452355108202,0.4055096228481278,0.4733926348785111,0.3175877505334069,0.4549338109427165,0.1346026188867646,0.4009631243307748,1570,7.134664495341211,R01773,Cr1 Nb1 Ti1 W1,Cr:25.0000;Nb:25.0000;Ti:25.0000;W:25.0000,91.18,0.4482527165684507,0.5047276768014469,634,Extreme
CAND_02374,Al13.90Co17.30Cu35.10Mn5.84W27.86,5,13.9,17.3,0.0,35.1,0.0,5.84,0.0,0.0,0.0,0.0,0.0,27.86,100.0,True,622.2967,1480.4875,51.919777,346.1839333333333,2.3790701755022625,True,0.22097553,0.7146204121740535,0.5849574413617591,0.3061493768049582,0.4728405564121994,False,2110,1178.7062052408853,176.6107224301186,0.1498343876063889,Low,0.2209755322374364,0.7146204121740535,0.5849574413617591,0.3061493768049582,0.4566756906445518,0.1498343876063889,0.3971664924678534,1639,7.850604577562897,R00957,Cr1 Fe1 Ni1 V0.5 W1,Cr:22.2222;Fe:22.2222;Ni:22.2222;V:11.1111;W:22.2222,93.94,0.4966182712664619,0.5034770620360722,643,Extreme
CAND_02681,Al7.75Cr20.66V30.84W40.75,4,7.75,0.0,20.66,0.0,0.0,0.0,0.0,0.0,0.0,0.0,30.84,40.75,100.0,True,1121.4038,990.73065,40.65095,308.734,0.88347359123239,False,0.6372166,0.3300031427837106,0.3834071345969105,0.2258973987169659,0.4199023364921573,False,3359,1078.556066894531,187.57800874475083,0.1739158626077187,Low,0.6372165920116295,0.3300031427837106,0.3834071345969105,0.2258973987169659,0.3941310670273041,0.1739158626077187,0.3357404730453062,3123,12.350496628527434,R01773,Cr1 Nb1 Ti1 W1,Cr:25.0000;Nb:25.0000;Ti:25.0000;W:25.0000,98.68,0.8006098768917497,0.502723123139025,650,Extreme
CAND_02196,Al18.31Cr7.20Mn33.67Mo19.66W21.16,5,18.31,0.0,7.2,0.0,0.0,33.67,19.66,0.0,0.0,0.0,0.0,21.16,100.0,True,862.1318,1478.5996,46.189026,328.5673333333333,1.7150505793241242,True,0.42099115,0.7131378010724794,0.4824592290772894,0.2683985219609374,0.501113280583388,False,1530,1415.4815673828125,180.18053555355613,0.1272927459498502,Low,0.4209911525222402,0.7131378010724794,0.4824592290772894,0.2683985219609373,0.4712466761582366,0.1272927459498502,0.4180339826112931,1231,5.7591783243889365,R01497,Cr1 Mo1 Nb1 Ti1 W1,Cr:20.0000;Mo:20.0000;Nb:20.0000;Ti:20.0000;W:20.0000,78.16,0.35533132092440756,0.5025173033134265,653,Very High
CAND_03698,Al5.02Cr9.61Mn22.41Mo6.18Ti23.22W33.56,6,5.02,0.0,9.61,0.0,0.0,22.41,6.18,0.0,0.0,23.22,0.0,33.56,100.0,True,871.93097,1606.5663,45.144287,287.251,1.8425384080617024,True,0.42916343,0.8136329809293678,0.463773391949858,0.1798611820455253,0.5157614474213473,False,1238,1164.114306640625,183.2645042260745,0.1574282724476904,Low,0.4291633802980172,0.8136329809293678,0.463773391949858,0.1798611820455253,0.4716077338056921,0.1574282724476904,0.4074617365345258,1426,7.457302941180333,R01773,Cr1 Nb1 Ti1 W1,Cr:25.0000;Nb:25.0000;Ti:25.0000;W:25.0000,92.5,0.4700486570213021,0.5021702419019034,660,Extreme
CAND_04714,Co8.73Cr17.55Cu18.48Mn13.50W41.74,5,0.0,8.73,17.55,18.48,0.0,13.5,0.0,0.0,0.0,0.0,0.0,41.74,100.0,True,654.60425,1413.1378,37.833214,322.223,2.1587666200094806,True,0.24791911,0.6617291505035761,0.3330100919249129,0.2548031626550129,0.3943674762637301,False,3946,1136.2250528971354,179.95515783141562,0.1583798538613171,Low,0.2479191057724707,0.6617291505035761,0.3330100919249129,0.2548031626550129,0.3743653777139931,0.1583798538613171,0.3231801524051822,3521,12.419429913562176,R01773,Cr1 Nb1 Ti1 W1,Cr:25.0000;Nb:25.0000;Ti:25.0000;W:25.0000,98.8,0.805266686379934,0.5021626417782852,661,Extreme
CAND_04476,Cu17.61Fe17.34Mo6.59Ni9.61Ti10.94W37.91,6,0.0,0.0,0.0,17.61,17.34,0.0,6.59,0.0,9.61,10.94,0.0,37.91,100.0,True,881.40094,1430.5068,31.44077,289.756,1.6229921425941494,True,0.4370611,0.675369423941387,0.2186770695813171,0.1852291810569277,0.4161828140166724,False,3444,1266.2244303385417,161.99313359255393,0.127933982089765,Low,0.4370610646804468,0.675369423941387,0.2186770695813171,0.1852291810569277,0.3790841848150197,0.127933982089765,0.3360872097431415,3115,10.419848832789933,R01773,Cr1 Nb1 Ti1 W1,Cr:25.0000;Nb:25.0000;Ti:25.0000;W:25.0000,97.28,0.6701843651958935,0.5020504404245494,662,Extreme
CAND_03827,Co42.28Cr6.35Cu24.40Mo15.02W11.95,5,0.0,42.28,6.35,24.4,0.0,0.0,15.02,0.0,0.0,0.0,0.0,11.95,100.0,True,753.5939,1451.9031,59.628067,320.9667333333333,1.926638676096524,True,0.33047363,0.6921724282915181,0.7228252260151588,0.2521110915074182,0.5253167956540605,False,1080,1089.3016438802083,168.93424107703075,0.1550849041917067,Low,0.3304736453145379,0.6921724282915181,0.7228252260151588,0.2521110915074182,0.4993955977821582,0.1550849041917067,0.4323453591765361,994,5.90428746353459,R01366,Co1 Cr1 Fe1 Ni1 W0.5,Co:22.2222;Cr:22.2222;Fe:22.2222;Ni:22.2222;W:11.1111,80.16,0.36513421390499257,0.5019080432282559,664,Very High
CAND_01941,Al34.76Mo12.37Ni25.14V13.79W13.94,5,34.76,0.0,0.0,0.0,0.0,0.0,12.37,0.0,25.14,0.0,13.79,13.94,100.0,True,871.1161,936.3789,60.071533,483.91533333333336,1.0749186152877526,True,0.42848378,0.2873194688920917,0.730756904116152,0.6012958913914153,0.4876245856650061,False,1807,1135.652189127604,193.59885992956052,0.1704737258317453,Low,0.4284838020023402,0.2873194688920917,0.730756904116152,0.6012958913914153,0.5119640166004998,0.1704737258317453,0.4373989823963757,922,6.142014661770715,R01594,Al0.947 Co0.158 Mo1 Ni0.289 W0.237,Al:35.9939;Co:6.0053;Mo:38.0084;Ni:10.9844;W:9.0080,83.39999999999999,0.38119394864398715,0.5016562433081091,666,Very High
CAND_01077,Al32.88Fe28.55Mo13.43Nb8.51W16.63,5,32.88,0.0,0.0,0.0,28.55,0.0,13.43,8.51,0.0,0.0,0.0,16.63,100.0,True,877.3392,1367.5265,42.209755,445.4846666666666,1.5587204391162717,True,0.4336737,0.6259095521470779,0.4112873767850796,0.5189422863318528,0.498538165679461,False,1592,1168.6477905273437,185.70039884980463,0.1589019380817968,Low,0.4336736895817412,0.6259095521470779,0.4112873767850796,0.5189422863318528,0.4974532262114379,0.1589019380817968,0.4292453139174291,1042,6.180473858390446,R01497,Cr1 Mo1 Nb1 Ti1 W1,Cr:20.0000;Mo:20.0000;Nb:20.0000;Ti:20.0000;W:20.0000,83.8,0.383792071620956,0.5012013716564064,673,Very High
CAND_03737,Al16.89Mn34.46Nb35.25W13.40,4,16.89,0.0,0.0,0.0,0.0,34.46,0.0,35.25,0.0,0.0,0.0,13.4,100.0,True,831.5553,1558.2384,50.64444,324.0946666666667,1.873884279284761,True,0.39549124,0.7756799743846517,0.5621472088878237,0.2588139829409776,0.53071026619124,False,993,1371.7535970052083,234.19035691667884,0.1707233408594369,High,0.3954912252236992,0.7756799743846517,0.5621472088878237,0.2588139829409776,0.498033097859288,0.1707233408594369,0.4254063111902067,1110,6.780761938823548,R01592,Al1 Co1 Cr0.091 Nb0.727 W0.212,Al:33.0033;Co:33.0033;Cr:3.0033;Nb:23.9934;W:6.9967,89.52,0.42434471940491025,0.5003267527749871,676,Very High
CAND_01373,Al21.58Mo18.47V24.14W35.81,4,21.58,0.0,0.0,0.0,0.0,0.0,18.47,0.0,0.0,0.0,24.14,35.81,100.0,True,922.0476,942.02734,45.29635,377.428,1.0216688730791137,True,0.47095922,0.2917553181693711,0.4664931376960287,0.3731027177146823,0.4014030613796008,False,3809,1347.15419921875,202.9831850538131,0.1506755389780385,Low,0.4709592176714208,0.2917553181693711,0.4664931376960287,0.3731027177146823,0.4005775978128758,0.1506755389780385,0.3481238492030907,2779,10.520439173105444,R01773,Cr1 Nb1 Ti1 W1,Cr:25.0000;Nb:25.0000;Ti:25.0000;W:25.0000,97.44,0.6769797768894589,0.49993269094833226,677,Extreme
CAND_04855,Cr40.90Mo16.44Nb12.81Ti21.46W8.39,5,0.0,0.0,40.9,0.0,0.0,0.0,16.44,12.81,0.0,21.46,0.0,8.39,100.0,True,1014.8154,1464.8634,48.865738,307.791,1.4434776582487383,True,0.54832494,0.7023504486632182,0.5303339657043715,0.2238766310252484,0.5413676153764163,False,851,1072.758076985677,177.82774964107105,0.1657668708873728,Low,0.5483249120983692,0.7023504486632182,0.5303339657043715,0.2238766310252484,0.5012214893728019,0.1657668708873728,0.429950019930894,1027,6.2833103077947,R01366,Co1 Cr1 Fe1 Ni1 W0.5,Co:22.2222;Cr:22.2222;Fe:22.2222;Ni:22.2222;W:11.1111,84.96000000000001,0.3907392199118805,0.49946771140883894,684,Very High
CAND_00385,Al40.25Cu12.10Mo41.04V6.61,4,40.25,0.0,0.0,12.1,0.0,0.0,41.04,0.0,0.0,0.0,6.61,0.0,100.0,True,856.18427,823.8119,49.217857,580.777,0.962189955533054,False,0.4160311,0.1989180260874372,0.5366318432445745,0.8088620913552715,0.4399720145326096,False,2868,1353.3567423502604,198.27638801782004,0.1465071121406541,Low,0.4160310824486251,0.1989180260874372,0.5366318432445745,0.8088620913552715,0.4901107607839771,0.1465071121406541,0.4274816576313135,1073,5.710761311558588,R01832,AlCrMoTi,Al:25.0000;Cr:25.0000;Mo:25.0000;Ti:25.0000,77.53999999999999,0.35206049457942373,0.49907524481289645,688,Very High
CAND_01118,Al24.41Cu39.69Mo17.64W18.26,4,24.41,0.0,0.0,39.69,0.0,0.0,17.64,0.0,0.0,0.0,0.0,18.26,100.0,True,681.4048,1329.0627,47.111916,393.3990333333333,1.950474562187347,True,0.27027,0.5957030492132724,0.4989657175174981,0.4073272650777197,0.4456324368556825,False,2725,1394.248457845052,195.32886318061333,0.1400961658458732,Low,0.2702699986660627,0.5957030492132724,0.4989657175174981,0.4073272650777197,0.4430665076186382,0.1400961658458732,0.3886220486408822,1813,7.692615194778733,R01497,Cr1 Mo1 Nb1 Ti1 W1,Cr:20.0000;Mo:20.0000;Nb:20.0000;Ti:20.0000;W:20.0000,93.56,0.48594524942496864,0.49868809444781437,698,Extreme
CAND_00089,Cr32.89Cu11.61Nb16.24Ti24.75W14.51,5,0.0,0.0,32.89,11.61,0.0,0.0,0.0,16.24,0.0,24.75,0.0,14.51,100.0,True,957.2154,1489.2701,53.206753,306.262,1.5558359286609202,True,0.5002882,0.7215175890693795,0.6079758449275425,0.2206001158602047,0.5516257178294414,False,726,1097.6808308919271,181.4014191381921,0.1652588020424783,Low,0.500288157976872,0.7215175890693795,0.6079758449275425,0.2206001158602047,0.5125954269584997,0.1652588020424783,0.4398983522458846,889,5.632701677631845,R01497,Cr1 Mo1 Nb1 Ti1 W1,Cr:20.0000;Mo:20.0000;Nb:20.0000;Ti:20.0000;W:20.0000,76.53999999999999,0.3467871517562717,0.49866898117815894,699,Very High
CAND_03747,Al19.28Cr16.13Nb12.94Ti22.97V13.32W15.36,6,19.28,0.0,16.13,0.0,0.0,0.0,0.0,12.94,0.0,22.97,13.32,15.36,100.0,True,1283.7958,1134.5786,37.528362,362.551,0.8837687589303076,False,0.7726469,0.4429702319349876,0.3275576154499545,0.3412225894541497,0.4977579360388494,False,1608,1579.3622884114584,202.12980328325173,0.127981910652404,Low,0.7726468797772229,0.4429702319349876,0.3275576154499545,0.3412225894541497,0.4710993291540787,0.127981910652404,0.4176479469263859,1237,5.570300776185022,R01497,Cr1 Mo1 Nb1 Ti1 W1,Cr:20.0000;Mo:20.0000;Nb:20.0000;Ti:20.0000;W:20.0000,75.64,0.34257163947098945,0.49853095165157046,705,Very High
CAND_03313,Co9.38Mo25.34V22.61W42.67,4,0.0,9.38,0.0,0.0,0.0,0.0,25.34,0.0,0.0,0.0,22.61,42.67,100.0,True,956.91785,948.927,40.270546,320.894,0.9916493911076965,False,0.50004,0.2971737791647034,0.3766033614185153,0.2519552302453706,0.3711082600360709,False,4371,1135.6577026367188,200.9170505077072,0.1769169090661975,Low,0.5000400097791489,0.2971737791647034,0.3766033614185153,0.2519552302453706,0.3564430951519345,0.1769169090661975,0.302861733403718,4064,14.13854815442089,R01773,Cr1 Nb1 Ti1 W1,Cr:25.0000;Nb:25.0000;Ti:25.0000;W:25.0000,99.74,0.9214022532734428,0.4978761260180511,713,Extreme
CAND_00515,Co13.14Mo29.89V13.74W43.23,4,0.0,13.14,0.0,0.0,0.0,0.0,29.89,0.0,0.0,0.0,13.74,43.23,100.0,True,927.88464,818.2425,41.624817,324.206,0.8818364499118629,False,0.47582716,0.1945442487321177,0.4008253798675285,0.2590525606748177,0.3401756509369619,False,4754,1191.6460245768228,193.2412595291545,0.1621633065052,Low,0.475827142242208,0.1945442487321177,0.4008253798675285,0.2590525606748177,0.332562332879168,0.1621633065052,0.2861580046604922,4431,14.491634325638406,R01773,Cr1 Nb1 Ti1 W1,Cr:25.0000;Nb:25.0000;Ti:25.0000;W:25.0000,99.9,0.9452550992743799,0.49784551590903514,714,Extreme
CAND_00877,Al13.03Co26.69Nb8.60V18.08W33.60,5,13.03,26.69,0.0,0.0,0.0,0.0,0.0,8.6,0.0,0.0,18.08,33.6,100.0,True,992.5185,1178.4391,53.438038,366.7212,1.1873220575099732,True,0.52972996,0.4774148869594046,0.6121125277162754,0.3501589684870242,0.5076954349748575,False,1398,1016.2333862304688,200.41808563877493,0.1972165925213194,Low,0.5297299346162233,0.4774148869594046,0.6121125277162754,0.3501589684870242,0.492354079444732,0.1972165925213194,0.4112489607313593,1358,8.44484688281432,R01773,Cr1 Nb1 Ti1 W1,Cr:25.0000;Nb:25.0000;Ti:25.0000;W:25.0000,94.86,0.5367624948295875,0.4978018787476156,716,Extreme
CAND_02838,Al26.09Mn16.05Ti21.91V18.19W17.76,5,26.09,0.0,0.0,0.0,0.0,16.05,0.0,0.0,0.0,21.91,18.19,17.76,100.0,True,1028.2272,1072.6542,46.220642,436.2213333333333,1.0432074042793762,True,0.55950993,0.3943395825900415,0.4830247018189224,0.499091761710845,0.4817747973670547,False,1932,1511.9706949869792,233.4295547328352,0.1543876184285737,High,0.5595099700658466,0.3943395825900415,0.4830247018189224,0.499091761710845,0.4839915040464139,0.1543876184285737,0.4192625564585092,1213,6.397314867716149,R00957,Cr1 Fe1 Ni1 V0.5 W1,Cr:22.2222;Fe:22.2222;Ni:22.2222;V:11.1111;W:22.2222,86.14,0.3984408333787407,0.4977835546798143,717,Very High
CAND_03149,Al12.72Co21.43Fe8.76Nb14.33Ti9.55W33.21,6,12.72,21.43,0.0,0.0,8.76,0.0,0.0,14.33,0.0,9.55,0.0,33.21,100.0,True,893.39197,1610.658,48.389145,368.3556,1.8028570415896767,True,0.44706124,0.8168462866364027,0.5218097896431028,0.3536613467641643,0.5626739135787051,False,612,1038.3161499023438,219.3826120905493,0.2112869111312415,Medium,0.4470612410654035,0.8168462866364027,0.5218097896431028,0.3536613467641643,0.5348446660272683,0.2112869111312415,0.4415507681229443,868,7.1001789438763385,R01773,Cr1 Nb1 Ti1 W1,Cr:25.0000;Nb:25.0000;Ti:25.0000;W:25.0000,91.06,0.4459230344245351,0.49761328319871706,718,Extreme
CAND_00046,Al7.25Cr25.36Mo23.44Nb9.20W34.75,5,7.25,0.0,25.36,0.0,0.0,0.0,23.44,9.2,0.0,0.0,0.0,34.75,100.0,True,921.2243,1430.0718,42.13066,310.066,1.552360042479666,True,0.47027266,0.6750278084801946,0.4098727112201929,0.2287517598679392,0.4803710943268561,False,1965,1041.7159423828125,166.23310387197444,0.1595762310133549,Low,0.4702726089966252,0.6750278084801946,0.4098727112201929,0.2287517598679392,0.445981222141238,0.1595762310133549,0.3846070747340988,1913,8.588730782734723,R01773,Cr1 Nb1 Ti1 W1,Cr:25.0000;Nb:25.0000;Ti:25.0000;W:25.0000,95.14,0.5464826163936274,0.4973447906315662,721,Extreme
CAND_04711,Al13.79Cu7.56Fe13.26Mn7.10Nb24.26W34.03,6,13.79,0.0,0.0,7.56,13.26,7.1,0.0,24.26,0.0,0.0,0.0,34.03,100.0,True,908.9866,1444.9723,48.888763,357.074,1.589651975164435,True,0.4600667,0.6867295123411019,0.5307457828183676,0.3294858506974826,0.5261482007151199,False,1063,1161.5270751953126,224.64907127759244,0.1934083811518705,Medium,0.4600667168800861,0.6867295123411019,0.5307457828183676,0.3294858506974826,0.5017569656842595,0.1934083811518705,0.4204402898528052,1193,7.659294194701662,R01773,Cr1 Nb1 Ti1 W1,Cr:25.0000;Nb:25.0000;Ti:25.0000;W:25.0000,93.46,0.4836942389118836,0.49625643294792704,732,Extreme
CAND_02350,Co21.40Fe11.45Mo9.63Nb17.80V8.77W30.95,6,0.0,21.4,0.0,0.0,11.45,0.0,9.63,17.8,0.0,0.0,8.77,30.95,100.0,True,1073.9032,1144.5671,51.12214,320.0096,1.065800997588496,True,0.5976024,0.4508144297145703,0.570691184364736,0.2500600373009856,0.4947068587024333,False,1672,1065.5347330729169,156.91841700313455,0.1472672941881438,Low,0.5976024489070533,0.4508144297145703,0.570691184364736,0.2500600373009856,0.4672920250718363,0.1472672941881438,0.4073087653060941,1427,6.686912976369616,R01773,Cr1 Nb1 Ti1 W1,Cr:25.0000;Nb:25.0000;Ti:25.0000;W:25.0000,88.78,0.4180047235873388,0.4953714786570237,744,Very High
CAND_03617,Al11.83Co15.16Cr10.18Mn22.42Ti20.74W19.67,6,11.83,15.16,10.18,0.0,0.0,22.42,0.0,0.0,0.0,20.74,0.0,19.67,100.0,True,936.5819,1636.5481,51.30358,341.28926666666666,1.7473624932958434,True,0.48308042,0.8371783750313745,0.5739363568799777,0.2956605281711015,0.583910814971109,False,428,1298.9298380533853,257.3097430316732,0.198093642545994,High,0.4830804085642694,0.8371783750313745,0.5739363568799777,0.2956605281711015,0.5474639171616809,0.198093642545994,0.4569458494064783,669,5.565187286485682,R00957,Cr1 Fe1 Ni1 V0.5 W1,Cr:22.2222;Fe:22.2222;Ni:22.2222;V:11.1111;W:22.2222,75.5,0.3422261960855826,0.49528768886627256,747,Very High
CAND_01942,Mo13.16Ni39.23V33.55W14.06,4,0.0,0.0,0.0,0.0,0.0,0.0,13.16,0.0,39.23,0.0,33.55,14.06,100.0,True,1129.0582,959.02826,57.56128,278.2404,0.849405492655887,False,0.64360017,0.3051065299544104,0.685859395066862,0.1605522431664264,0.4801596969614238,False,1969,1026.1693400065103,145.89864380052774,0.1421779409230859,Low,0.643600142892664,0.3051065299544104,0.685859395066862,0.1605522431664264,0.4487795777700907,0.1421779409230859,0.3929156409791944,1720,7.30790752489189,R01366,Co1 Cr1 Fe1 Ni1 W0.5,Co:22.2222;Cr:22.2222;Fe:22.2222;Ni:22.2222;W:11.1111,92.02,0.45995620325658404,0.495034029647543,751,Extreme
CAND_00058,Al23.90Co22.54Ti30.28W23.28,4,23.9,22.54,0.0,0.0,0.0,0.0,0.0,0.0,0.0,30.28,0.0,23.28,100.0,True,867.6741,1476.838,54.071625,420.88593333333336,1.7020653805452064,True,0.42561328,0.7117543762530857,0.6234446436687362,0.4662293217749326,0.5670058692135855,False,579,1065.10400390625,224.74782286753384,0.2110102131278027,Medium,0.4256132723550105,0.7117543762530857,0.6234446436687362,0.4662293217749326,0.5567604035129413,0.2110102131278027,0.4597487267055642,640,5.800014300654937,R01773,Cr1 Nb1 Ti1 W1,Cr:25.0000;Nb:25.0000;Ti:25.0000;W:25.0000,78.72,0.35809000798884877,0.494604540307176,760,Very High
CAND_02325,Co37.38Fe13.93Ti12.01W36.68,4,0.0,37.38,0.0,0.0,13.93,0.0,0.0,0.0,0.0,12.01,0.0,36.68,100.0,True,758.39575,1465.7607,47.95263,313.6322,1.9327121706907924,True,0.33447826,0.7030551189007533,0.5140024347021264,0.2363938189795015,0.4752196978988977,False,2060,1036.2622355143228,192.80928370411755,0.1860622505541963,Low,0.3344782510051336,0.7030551189007533,0.5140024347021264,0.2363938189795015,0.4469824058968787,0.1860622505541963,0.3768625177034536,2086,9.901946915321073,R01773,Cr1 Nb1 Ti1 W1,Cr:25.0000;Nb:25.0000;Ti:25.0000;W:25.0000,96.78,0.6351973402484777,0.4945951537392258,761,Extreme
CAND_02082,Co15.85Mn13.21Nb14.02Ni15.60W41.32,5,0.0,15.85,0.0,0.0,0.0,13.21,0.0,14.02,15.6,0.0,0.0,41.32,100.0,True,767.1472,1372.2649,40.169334,296.7746,1.788789517779542,True,0.34177673,0.6296307261730852,0.3747931189107295,0.2002694356922288,0.4151609330125782,False,3473,1189.9637532552083,200.0935408703272,0.1681509544496299,Low,0.3417767102387547,0.6296307261730852,0.3747931189107295,0.2002694356922289,0.3866174977536996,0.1681509544496299,0.3309653570722399,3276,11.911820715424588,R01773,Cr1 Nb1 Ti1 W1,Cr:25.0000;Nb:25.0000;Ti:25.0000;W:25.0000,98.36,0.7709749892849037,0.4945217142339588,762,Extreme
CAND_04766,Al14.83Cu21.15Fe15.91Ti24.63W23.48,5,14.83,0.0,0.0,21.15,15.91,0.0,0.0,0.0,0.0,24.63,0.0,23.48,100.0,True,1025.1438,1518.9143,44.34091,324.0973333333333,1.481659745429197,True,0.5569385,0.7447978581605851,0.4494044713161645,0.2588196973777162,0.5416949945487148,False,845,1179.3123331705729,194.5728105798902,0.1649883623762185,Low,0.5569385025717802,0.7447978581605851,0.4494044713161645,0.2588196973777162,0.5024901323565615,0.1649883623762185,0.4313263107037704,1011,5.858571914707984,R00957,Cr1 Fe1 Ni1 V0.5 W1,Cr:22.2222;Fe:22.2222;Ni:22.2222;V:11.1111;W:22.2222,79.47999999999999,0.36204588580013003,0.4941335288329704,766,Very High
CAND_01255,Al15.62Fe5.17Nb15.81Ti16.07V33.61W13.72,6,15.62,0.0,0.0,0.0,5.17,0.0,0.0,15.81,0.0,16.07,33.61,13.72,100.0,True,1220.2454,1058.8384,47.028427,350.588,0.8677258144604227,False,0.71964765,0.3834897184779968,0.4974724624021706,0.3155869119398155,0.5026473647002415,False,1502,1391.4975423177084,243.2184475126316,0.1747889882058445,High,0.7196476620841187,0.3834897184779968,0.4974724624021706,0.3155869119398155,0.4790491887260254,0.1747889882058445,0.4077746672256748,1422,7.602150897145065,R01366,Co1 Cr1 Fe1 Ni1 W0.5,Co:22.2222;Cr:22.2222;Fe:22.2222;Ni:22.2222;W:11.1111,93.22,0.47983390569094997,0.49406032724217414,768,Extreme
CAND_01050,Al17.68Fe5.84Mn19.69V25.48W31.31,5,17.68,0.0,0.0,0.0,5.84,19.69,0.0,0.0,0.0,0.0,25.48,31.31,100.0,True,907.3265,1119.3525,44.688843,327.0203333333334,1.2336821731890804,True,0.45868227,0.4310128269380706,0.455627479521332,0.2650834343479077,0.4205779167515593,False,3345,1540.9455485026042,171.18527481003233,0.1110910602755429,Low,0.4586822409162477,0.4310128269380706,0.455627479521332,0.2650834343479077,0.4026014954308896,0.1110910602755429,0.3623478847278703,2413,7.788979657701001,R00957,Cr1 Fe1 Ni1 V0.5 W1,Cr:22.2222;Fe:22.2222;Ni:22.2222;V:11.1111;W:22.2222,93.78,0.49245518065824784,0.49405846707345397,769,Extreme
CAND_04066,Al17.53Co20.61Mn27.57Ti11.25W23.04,5,17.53,20.61,0.0,0.0,0.0,27.57,0.0,0.0,0.0,11.25,0.0,23.04,100.0,True,765.55963,1620.8867,48.20611,332.27860000000004,2.117257276414464,True,0.34045273,0.8248791189763955,0.5185360895145353,0.2763514464310842,0.5206862972131485,False,1153,1340.3222981770834,208.45882300117069,0.1555288778562341,Low,0.3404527222224237,0.8248791189763955,0.5185360895145353,0.2763514464310842,0.4900548442861097,0.1555288778562341,0.424095713813117,1130,5.933546473495085,R00957,Cr1 Fe1 Ni1 V0.5 W1,Cr:22.2222;Fe:22.2222;Ni:22.2222;V:11.1111;W:22.2222,80.62,0.3671108154136866,0.4940083093498817,770,Very High
CAND_00107,Al19.34Co19.99Cu18.72Mo8.85V25.49W7.61,6,19.34,19.99,0.0,18.72,0.0,0.0,8.85,0.0,0.0,0.0,25.49,7.61,100.0,True,1143.7693,1145.1335,50.248383,371.0857333333333,1.0011927343267564,True,0.65586877,0.4512592366047295,0.555063471614515,0.3595117870972303,0.5248310464979339,False,1088,1397.3874674479166,235.5627236782796,0.168573662756897,High,0.6558687799335798,0.4512592366047295,0.555063471614515,0.3595117870972302,0.5054258188125136,0.168573662756897,0.4325151549454861,993,5.803741626237143,R01647,Al1 Cr1 Cu1 Fe1 Mn1 W0.5,Al:18.1818;Cr:18.1818;Cu:18.1818;Fe:18.1818;Mn:18.1818;W:9.0909,78.78,0.3583418086266396,0.4922198230882294,789,Very High
CAND_01271,Al10.17Cr31.39Ni26.54W31.90,4,10.17,0.0,31.39,0.0,0.0,0.0,0.0,0.0,26.54,0.0,0.0,31.9,100.0,True,835.11993,1529.423,54.99891,301.4312,1.831381263436312,True,0.39846405,0.7530505809123798,0.6400297395450366,0.2102481279862394,0.5369990519692638,False,904,1042.5025756835937,193.2962405670829,0.1854155999953611,Low,0.3984640247869651,0.7530505809123798,0.6400297395450366,0.2102481279862394,0.5004481183076552,0.1854155999953611,0.422171024499436,1163,7.010994880331191,R01773,Cr1 Nb1 Ti1 W1,Cr:25.0000;Nb:25.0000;Ti:25.0000;W:25.0000,90.68,0.4398981773021369,0.4919720370642733,792,Extreme
CAND_04470,Al22.87Fe8.70Nb7.26Ni30.48W30.69,5,22.87,0.0,0.0,0.0,8.7,0.0,0.0,7.26,30.48,0.0,0.0,30.69,100.0,True,872.8027,1478.2103,46.13359,350.1463333333333,1.6936363111074344,True,0.4298904,0.7128320748677848,0.4814677201291251,0.3146404583549706,0.5103797424893391,False,1352,1174.909932454427,202.47840476081976,0.1723352566590661,Low,0.4298903782089603,0.7128320748677848,0.4814677201291251,0.3146404583549706,0.4847076578902102,0.1723352566590661,0.4134548160494084,1319,7.003913115859531,R00957,Cr1 Fe1 Ni1 V0.5 W1,Cr:22.2222;Fe:22.2222;Ni:22.2222;V:11.1111;W:22.2222,90.66,0.4394197665029403,0.49116834550559124,803,Extreme
CAND_04184,Al12.63Co10.12Cu42.06Nb8.19Ni8.00W19.00,6,12.63,10.12,0.0,42.06,0.0,0.0,0.0,8.19,8.0,0.0,0.0,19.0,100.0,True,863.7681,1455.2612,46.51886,340.897,1.6847822393153973,True,0.42235583,0.6948096211196321,0.4883585248852273,0.2948199345268409,0.5014622569370435,False,1522,1244.8574259440104,221.071367639118,0.177587700432018,Medium,0.4223557799661466,0.6948096211196321,0.4883585248852273,0.2948199345268409,0.4750859651244618,0.177587700432018,0.4034399857863396,1515,7.773260100614734,R00957,Cr1 Fe1 Ni1 V0.5 W1,Cr:22.2222;Fe:22.2222;Ni:22.2222;V:11.1111;W:22.2222,93.7,0.49139324109519805,0.4908477666201209,813,Extreme
CAND_00322,Al5.82Co31.87Cr31.76Mo13.48W17.07,5,5.82,31.87,31.76,0.0,0.0,0.0,13.48,0.0,0.0,0.0,0.0,17.07,100.0,True,797.5601,1510.0226,71.20815,312.0046,1.8933025396287275,True,0.36714023,0.7378150025369463,0.9299425489638924,0.2329060125160449,0.5989081144048201,False,68,1036.8554728190104,227.80611522802587,0.2197086490836229,Medium,0.3671401998120479,0.7378150025369463,0.9299425489638924,0.2329060125160449,0.5669509409572329,0.2197086490836229,0.4648248918979034,575,5.541880873404511,R01497,Cr1 Mo1 Nb1 Ti1 W1,Cr:20.0000;Mo:20.0000;Nb:20.0000;Ti:20.0000;W:20.0000,75.08,0.3406517241085509,0.4904638882030387,814,Very High
CAND_01508,Al20.62Cr9.34Cu13.21Mn11.01Mo18.24W27.58,6,20.62,0.0,9.34,13.21,0.0,11.01,18.24,0.0,0.0,0.0,0.0,27.58,100.0,True,841.47656,1254.4327,45.37535,371.225,1.490751799756752,True,0.4037653,0.5370944012390763,0.4679061041240716,0.3598102235559082,0.4532059746793788,False,2556,1375.38564453125,179.8403564176932,0.1307563134258139,Low,0.4037652725708424,0.5370944012390763,0.4679061041240716,0.3598102235559082,0.4421440003724746,0.1307563134258139,0.3910161677832476,1758,6.712927663455831,R00957,Cr1 Fe1 Ni1 V0.5 W1,Cr:22.2222;Fe:22.2222;Ni:22.2222;V:11.1111;W:22.2222,88.98,0.4197621538562456,0.4904474915673399,815,Very High
CAND_01321,Mn28.38Nb5.93V22.31W43.38,4,0.0,0.0,0.0,0.0,0.0,28.38,0.0,5.93,0.0,0.0,22.31,43.38,100.0,True,881.58563,1063.2416,40.567352,292.956,1.206055953063643,True,0.43721515,0.3869476522681613,0.3819119299456253,0.1920865051433501,0.3715398047196072,False,4362,1106.490877278646,192.6923713082356,0.1741472751968385,Low,0.4372150908630632,0.3869476522681613,0.3819119299456253,0.1920865051433501,0.34954029455505,0.1741472751968385,0.2976971474864188,4173,13.885418188856313,R01773,Cr1 Nb1 Ti1 W1,Cr:25.0000;Nb:25.0000;Ti:25.0000;W:25.0000,99.62,0.9043019798019146,0.4904133450643755,816,Extreme
CAND_04131,Al19.40Fe16.67Mn23.08Ni11.76Ti13.59W15.50,6,19.4,0.0,0.0,0.0,16.67,23.08,0.0,0.0,11.76,13.59,0.0,15.5,100.0,True,1000.7688,1384.2614,45.84487,296.57093333333336,1.3831979989993046,True,0.5366104,0.6390518523344474,0.4763037749759031,0.1998329955863118,0.5017495791180646,False,1515,1591.1445475260416,210.84346115772985,0.1325105638488693,Medium,0.5366104490698446,0.6390518523344474,0.4763037749759031,0.1998329955863118,0.4629497679916267,0.1325105638488693,0.408781854023753,1404,5.745444577572875,R01366,Co1 Cr1 Fe1 Ni1 W0.5,Co:22.2222;Cr:22.2222;Fe:22.2222;Ni:22.2222;W:11.1111,78.0,0.3544035333911553,0.49013431196521634,818,Very High
CAND_04673,Co12.09Cr39.10Cu13.90Nb17.24W17.67,5,0.0,12.09,39.1,13.9,0.0,0.0,0.0,17.24,0.0,0.0,0.0,17.67,100.0,True,835.2215,1415.9004,57.66344,314.866,1.6952394134900446,True,0.39854875,0.6638986835451615,0.6876865931717843,0.2390377459975726,0.5265115453473207,False,1056,1152.435595703125,186.30830954898147,0.1616648342377092,Low,0.3985487312646755,0.6638986835451615,0.6876865931717843,0.2390377459975726,0.4972929384947984,0.1616648342377092,0.4280864185934704,1065,5.638628889601449,R01497,Cr1 Mo1 Nb1 Ti1 W1,Cr:20.0000;Mo:20.0000;Nb:20.0000;Ti:20.0000;W:20.0000,76.62,0.3471875664024709,0.48922419809446865,831,Very High
CAND_00929,Cr20.99Mn23.80Mo10.98V15.89W28.34,5,0.0,0.0,20.99,0.0,0.0,23.8,10.98,0.0,0.0,0.0,15.89,28.34,100.0,True,1004.03925,1229.9875,47.22701,283.2753333333334,1.2250392655301805,True,0.53933793,0.517897025901292,0.5010242486322977,0.1713416711727381,0.468127803503657,False,2221,1129.4315063476563,124.463255758776,0.110199914788338,Low,0.5393379109190919,0.517897025901292,0.5010242486322977,0.1713416711727381,0.4324002141563549,0.110199914788338,0.3894795958787233,1796,5.913165220102478,R00957,Cr1 Fe1 Ni1 V0.5 W1,Cr:22.2222;Fe:22.2222;Ni:22.2222;V:11.1111;W:22.2222,80.25999999999999,0.3657339535082668,0.4886449469522933,842,Very High
CAND_01190,Co36.38Fe17.75Mn11.04W34.83,4,0.0,36.38,0.0,0.0,17.75,11.04,0.0,0.0,0.0,0.0,0.0,34.83,100.0,True,572.92145,1498.9617,53.217712,296.395,2.6163476788599245,True,0.17979799,0.7291286244801624,0.6081718537767188,0.199455985622477,0.4546393470097337,False,2528,1048.549658203125,177.03296976447865,0.1688360378352093,Low,0.1797979845996334,0.7291286244801624,0.6081718537767188,0.199455985622477,0.4291386121197479,0.1688360378352093,0.3671503942627844,2306,9.454216216470668,R01773,Cr1 Nb1 Ti1 W1,Cr:25.0000;Nb:25.0000;Ti:25.0000;W:25.0000,96.24000000000001,0.6049507537771217,0.4885922341537374,843,Extreme
CAND_03753,Mn23.97Nb17.71Ni16.53W41.79,4,0.0,0.0,0.0,0.0,0.0,23.97,0.0,17.71,16.53,0.0,0.0,41.79,100.0,True,697.85425,1405.8777,43.378456,265.365,2.0145721028921315,True,0.2839884,0.656027627722423,0.4321903549802711,0.1329613711219509,0.4099966001379815,False,3606,1094.8198893229169,187.2986487644304,0.1710771338656113,Low,0.2839883699348797,0.656027627722423,0.4321903549802711,0.1329613711219509,0.3762919309398811,0.1710771338656113,0.321321217926763,3582,12.235624323073456,R01773,Cr1 Nb1 Ti1 W1,Cr:25.0000;Nb:25.0000;Ti:25.0000;W:25.0000,98.58,0.7928496426058298,0.4883408767055718,848,Extreme
CAND_04368,Al16.48Cu27.03Fe8.10Nb39.11W9.28,5,16.48,0.0,0.0,27.03,8.1,0.0,0.0,39.11,0.0,0.0,0.0,9.28,100.0,True,951.42175,1455.3486,47.39361,340.273,1.529656638098282,True,0.49545643,0.6948782583410303,0.5040039980868792,0.2934827563299886,0.5271238276149457,False,1042,1296.386836751302,216.5346000866944,0.1670293109650219,Medium,0.4954564194262467,0.6948782583410303,0.5040039980868792,0.2934827563299886,0.4969553580460362,0.1670293109650219,0.4258293715306101,1101,5.9034964606154245,R01592,Al1 Co1 Cr0.091 Nb0.727 W0.212,Al:33.0033;Co:33.0033;Cr:3.0033;Nb:23.9934;W:6.9967,80.12,0.36508077745702266,0.48818793769094526,849,Very High
CAND_04735,Cr32.23Mn12.89V25.36W29.52,4,0.0,0.0,32.23,0.0,0.0,12.89,0.0,0.0,0.0,0.0,25.36,29.52,100.0,True,1048.5782,1153.166,56.772305,308.64,1.0997424400343052,True,0.5764822,0.4575673427932962,0.671748063578696,0.2256959648219272,0.5120062784110911,False,1319,1090.9197102864584,175.24318537399756,0.160638022873362,Low,0.5764821225506831,0.4575673427932962,0.671748063578696,0.2256959648219272,0.4828733734361506,0.160638022873362,0.4160413185850256,1265,6.244001260848758,R00957,Cr1 Fe1 Ni1 V0.5 W1,Cr:22.2222;Fe:22.2222;Ni:22.2222;V:11.1111;W:22.2222,84.7,0.38808368503207474,0.4881570232980163,850,Very High
CAND_04917,Cu8.68Mn15.56Nb24.92V8.26W42.58,5,0.0,0.0,0.0,8.68,0.0,15.56,0.0,24.92,0.0,0.0,8.26,42.58,100.0,True,940.948,1017.55817,45.619026,322.65,1.0814180721061577,True,0.4867216,0.3510714085709371,0.4722644080141953,0.2557181868377948,0.4077617460401735,False,3659,1123.5023315429687,214.745637697452,0.1911394677770981,Medium,0.4867216112061074,0.3510714085709371,0.4722644080141953,0.2557181868377948,0.3914439036572587,0.1911394677770981,0.3286297820252488,3343,12.565500826588043,R01773,Cr1 Nb1 Ti1 W1,Cr:25.0000;Nb:25.0000;Ti:25.0000;W:25.0000,98.88,0.8151345522938211,0.48729826552130673,856,Extreme
CAND_04439,Al12.83Mo11.44Nb6.70Ni23.76V35.92W9.35,6,12.83,0.0,0.0,0.0,0.0,0.0,11.44,6.7,23.76,0.0,35.92,9.35,100.0,True,1208.6116,904.64325,59.40132,321.90340000000003,0.7484979217137433,False,0.7099454,0.2623967362231608,0.7187697083106089,0.2541182874118815,0.5095128142033934,False,1368,1263.9384480794272,228.4321829025943,0.1807304645647106,Medium,0.7099454053115722,0.2623967362231608,0.7187697083106089,0.2541182874118815,0.4863075343143058,0.1807304645647106,0.4118700659541198,1351,7.16167141880518,R02841,AAC11,Co:10.0000;Cr:5.0000;Fe:5.0000;Ni:50.0000;V:30.0000,91.32000000000001,0.45007717767414585,0.4870244160856757,859,Extreme
CAND_03626,Co18.03Mo36.92V7.34W37.71,4,0.0,18.03,0.0,0.0,0.0,0.0,36.92,0.0,0.0,0.0,7.34,37.71,100.0,True,901.1433,935.0441,48.394524,323.143,1.0376197537687448,True,0.45352563,0.286271219886116,0.5219059965597665,0.2567746433298593,0.3909317513912126,False,4020,1136.2412027994792,199.7422125150375,0.1757920871227968,Low,0.4535256287967329,0.286271219886116,0.5219059965597665,0.2567746433298593,0.3796193721431187,0.1757920871227968,0.3228626696000823,3540,12.22422503004456,R01773,Cr1 Nb1 Ti1 W1,Cr:25.0000;Nb:25.0000;Ti:25.0000;W:25.0000,98.54,0.7920795598234873,0.48639497439740875,870,Extreme
CAND_01469,Al33.10Cu18.46Mn8.22Mo40.22,4,33.1,0.0,0.0,18.46,0.0,8.22,40.22,0.0,0.0,0.0,0.0,0.0,100.0,True,690.1219,1241.0817,45.823647,520.2957333333334,1.798351455020126,True,0.27753982,0.5266095552106225,0.4759241878049873,0.6792559517644394,0.4621142580832605,False,2351,1317.6211018880208,212.74232174734723,0.1614594069892388,Medium,0.2775398109812103,0.5266095552106225,0.4759241878049873,0.6792559517644394,0.4898323764403148,0.1614594069892388,0.4217386965852465,1172,5.8326193681394685,R01832,AlCrMoTi,Al:25.0000;Cr:25.0000;Mo:25.0000;Ti:25.0000,79.08,0.3602926534532036,0.4863413238068113,873,Very High
CAND_02883,Al18.88Mo7.63Ni22.80Ti28.32V10.30W12.07,6,18.88,0.0,0.0,0.0,0.0,0.0,7.63,0.0,22.8,28.32,10.3,12.07,100.0,True,1156.3822,949.8914,55.522354,325.92659999999995,0.8214337770290834,False,0.6663876,0.297931144568781,0.6493918762407387,0.2627396581195358,0.4910545494053945,False,1733,1439.9718790690104,210.7269504085772,0.1463410178154445,Medium,0.6663875781290493,0.297931144568781,0.6493918762407387,0.2627396581195358,0.4691125642645262,0.1463410178154445,0.4092260130048413,1393,5.990535458554707,R01366,Co1 Cr1 Fe1 Ni1 W0.5,Co:22.2222;Cr:22.2222;Fe:22.2222;Ni:22.2222;W:11.1111,81.44,0.370960724005942,0.48606388422124513,876,Very High
CAND_01011,Co13.52Cu10.10Mo13.12Nb16.27Ni18.75W28.24,6,0.0,13.52,0.0,10.1,0.0,0.0,13.12,16.27,18.75,0.0,0.0,28.24,100.0,True,839.58246,1274.1788,61.016953,289.678,1.5176338989768543,True,0.40218568,0.5526014657407949,0.7476663562731176,0.1850620337823212,0.5011120418728311,False,1531,1134.0437337239584,169.006664287537,0.1490301116805743,Low,0.4021856472933853,0.5526014657407949,0.7476663562731176,0.1850620337823212,0.4718788757724048,0.1490301116805743,0.4106758134321071,1372,5.995711790342396,R01773,Cr1 Nb1 Ti1 W1,Cr:25.0000;Nb:25.0000;Ti:25.0000;W:25.0000,81.56,0.37131041270815246,0.4858916250807308,878,Very High
CAND_01478,Al12.56Co17.88Mn10.76Mo14.83Ti15.81W28.16,6,12.56,17.88,0.0,0.0,0.0,10.76,14.83,0.0,0.0,15.81,0.0,28.16,100.0,True,851.6571,1324.9918,51.55567,377.195,1.555780833637318,True,0.4122556,0.5925060782225429,0.5784451506375134,0.3726034188046397,0.5019303039752757,False,1513,1178.3583902994792,200.8728191691014,0.1704683573543781,Low,0.4122555520292463,0.5925060782225429,0.5784451506375134,0.3726034188046397,0.4889525499234856,0.1704683573543781,0.4177409383613497,1235,6.36652320142558,R01773,Cr1 Nb1 Ti1 W1,Cr:25.0000;Nb:25.0000;Ti:25.0000;W:25.0000,85.88,0.39636069279547004,0.4858390217357324,879,Very High
CAND_00964,Co12.03Cr39.30Cu6.63Nb27.79W14.25,5,0.0,12.03,39.3,6.63,0.0,0.0,0.0,27.79,0.0,0.0,0.0,14.25,100.0,True,780.21796,1444.2964,63.636868,319.108,1.8511447831827208,True,0.35267738,0.6861987125934701,0.7945252415810407,0.2481279862396362,0.5475133361228232,False,771,1131.7372599283854,214.78462208272035,0.1897831145864293,Medium,0.3526773505912043,0.6861987125934701,0.7945252415810407,0.2481279862396362,0.5203823227513379,0.1897831145864293,0.4373757841841819,923,5.882864246765037,R01366,Co1 Cr1 Fe1 Ni1 W0.5,Co:22.2222;Cr:22.2222;Fe:22.2222;Ni:22.2222;W:11.1111,79.75999999999999,0.3636869618399038,0.4856590491459848,880,Very High
CAND_04750,Co8.98Cu9.53Mo18.87Ti5.34V19.23W38.05,6,0.0,8.98,0.0,9.53,0.0,0.0,18.87,0.0,0.0,5.34,19.23,38.05,100.0,True,1011.846,1085.3151,42.299232,320.283,1.0726089652936392,True,0.5458486,0.4042824772856935,0.4128877311785226,0.2506459099276194,0.4258581448745719,False,3225,1182.7104207356772,211.8515763560202,0.1791237928082538,Medium,0.5458485173468349,0.4042824772856935,0.4128877311785226,0.2506459099276194,0.4034161589346676,0.1791237928082538,0.3421321504961525,2944,11.148314427542864,R01773,Cr1 Nb1 Ti1 W1,Cr:25.0000;Nb:25.0000;Ti:25.0000;W:25.0000,97.89999999999999,0.7193960847846461,0.48526450980110336,881,Extreme
CAND_04776,Al17.71Cu6.72Fe26.57Mn9.65Ti22.60W16.75,6,17.71,0.0,0.0,6.72,26.57,9.65,0.0,0.0,0.0,22.6,0.0,16.75,100.0,True,1134.1743,1457.4679,46.510445,289.62800000000004,1.2850475265725816,True,0.64786685,0.6965425931615009,0.4882080171321643,0.184954888093471,0.5531180779254848,False,709,1338.90859375,244.9997834174356,0.1829846970592988,High,0.6478668241037923,0.6965425931615009,0.4882080171321643,0.184954888093471,0.5043930806227321,0.1829846970592988,0.4263732928046902,1092,6.219182826973261,R00957,Cr1 Fe1 Ni1 V0.5 W1,Cr:22.2222;Fe:22.2222;Ni:22.2222;V:11.1111;W:22.2222,84.38,0.38640706802049557,0.4843280606387908,886,Very High
CAND_00426,Co20.96Cr14.56Mn16.57Nb9.71W38.20,5,0.0,20.96,14.56,0.0,0.0,16.57,0.0,9.71,0.0,0.0,0.0,38.2,100.0,True,741.1946,1567.1074,38.15452,316.468,2.1142995943586373,True,0.32013297,0.7826450031784766,0.3387568589012261,0.2424706938683378,0.4518932184526618,False,2591,1178.3657796223958,205.42397107975663,0.1743295457422263,Low,0.3201329834156025,0.7826450031784766,0.3387568589012261,0.2424706938683378,0.4210013848409108,0.1743295457422263,0.3585036128634744,2514,9.905521908828021,R01773,Cr1 Nb1 Ti1 W1,Cr:25.0000;Nb:25.0000;Ti:25.0000;W:25.0000,96.8,0.6354388500455949,0.48393096118580414,891,Extreme
CAND_03996,Al19.07Fe14.95Mn11.06V35.07W19.85,5,19.07,0.0,0.0,0.0,14.95,11.06,0.0,0.0,0.0,0.0,35.07,19.85,100.0,True,1045.8229,1071.3958,46.82077,343.089,1.024452442771017,True,0.57418424,0.3933513322535719,0.4937583817749796,0.2995172015260402,0.4586278529823895,False,2424,1640.8837727864584,190.91765594098808,0.1163505052017073,Low,0.5741842810813955,0.3933513322535719,0.4937583817749796,0.2995172015260402,0.4402027991589968,0.1163505052017073,0.3943231065044925,1694,5.588859554433088,R00957,Cr1 Fe1 Ni1 V0.5 W1,Cr:22.2222;Fe:22.2222;Ni:22.2222;V:11.1111;W:22.2222,75.98,0.3438253835017744,0.48383141189706275,892,Very High
CAND_04743,Co36.16Cu18.28Mn11.54Nb18.95W15.07,5,0.0,36.16,0.0,18.28,0.0,11.54,0.0,18.95,0.0,0.0,0.0,15.07,100.0,True,733.68066,1480.5875,55.6389,323.926,2.018027150670381,True,0.3138666,0.7146989444639829,0.6514763773207727,0.2584525448172557,0.5102066424904833,False,1358,1111.7996012369792,186.2004263613176,0.1674766083331497,Low,0.3138665721610246,0.7146989444639829,0.6514763773207727,0.2584525448172557,0.4846236096907589,0.1674766083331497,0.4151034857843312,1285,6.288372431462679,R01366,Co1 Cr1 Fe1 Ni1 W0.5,Co:22.2222;Cr:22.2222;Fe:22.2222;Ni:22.2222;W:11.1111,85.02,0.39108119324907925,0.483741507342223,893,Very High
CAND_00109,Co34.27Cr11.88Fe9.09Nb9.04W35.72,5,0.0,34.27,11.88,0.0,9.09,0.0,0.0,9.04,0.0,0.0,0.0,35.72,100.0,True,740.9713,1523.3269,42.8762,317.32559999999995,2.0558513835747623,True,0.3199468,0.7482631739860031,0.4232071794577002,0.2443084567234989,0.4629110572595772,False,2328,1035.113106282552,174.2460668277909,0.1683352918345016,Low,0.3199467575962391,0.7482631739860031,0.4232071794577002,0.2443084567234989,0.4339313919408603,0.1683352918345016,0.3714099839092493,2200,8.82972932840079,R01773,Cr1 Nb1 Ti1 W1,Cr:25.0000;Nb:25.0000;Ti:25.0000;W:25.0000,95.52000000000001,0.5627633480246637,0.48261800301789715,910,Extreme
CAND_02284,Al11.11Co8.28Cu21.54Fe10.72Ni18.29W30.06,6,11.11,8.28,0.0,21.54,10.72,0.0,0.0,0.0,18.29,0.0,0.0,30.06,100.0,True,757.103,1404.9877,55.045082,325.3593333333333,1.855741754103552,True,0.3334002,0.6553286903420525,0.6408555558224491,0.261524054564299,0.4960611626959559,False,1646,1062.223787434896,181.4897206345408,0.170858271845719,Low,0.3334001344445335,0.6553286903420525,0.6408555558224491,0.261524054564299,0.4727771087933335,0.170858271845719,0.4037867948338927,1505,7.011881870249205,R00957,Cr1 Fe1 Ni1 V0.5 W1,Cr:22.2222;Fe:22.2222;Ni:22.2222;V:11.1111;W:22.2222,90.7,0.4399580981816372,0.48257147244094334,912,Extreme
CAND_01852,Al15.88Cr5.26Cu33.07Fe16.99Nb9.28W19.52,6,15.88,0.0,5.26,33.07,16.99,0.0,0.0,9.28,0.0,0.0,0.0,19.52,100.0,True,952.5049,1529.9376,40.979393,300.068,1.6062254667739768,True,0.49635974,0.7534547080763556,0.3892815514643242,0.2073269079254235,0.503363766136691,False,1482,1426.1855590820312,213.1813381803088,0.1494765788524206,Medium,0.496359735576016,0.7534547080763556,0.3892815514643242,0.2073269079254235,0.4616057257605298,0.1494765788524206,0.4015790615076069,1557,6.333757905442766,R00957,Cr1 Fe1 Ni1 V0.5 W1,Cr:22.2222;Fe:22.2222;Ni:22.2222;V:11.1111;W:22.2222,85.48,0.3941472230451305,0.4824097754915761,916,Very High
CAND_01160,Al17.06Co30.24Mo19.27V17.21W16.22,5,17.06,30.24,0.0,0.0,0.0,0.0,19.27,0.0,0.0,0.0,17.21,16.22,100.0,True,1015.56647,992.7229,56.109802,360.8562,0.9775065758657604,False,0.5489513,0.3315677023298261,0.6598987661422696,0.3375907791848783,0.4797690174524722,False,1976,1290.8746053059897,208.5269596250622,0.1615392841163165,Low,0.5489512830170851,0.3315677023298261,0.6598987661422696,0.3375907791848783,0.4695021326685148,0.1615392841163165,0.4042068478344283,1494,6.623918058266717,R01497,Cr1 Mo1 Nb1 Ti1 W1,Cr:20.0000;Mo:20.0000;Nb:20.0000;Ti:20.0000;W:20.0000,88.18,0.4137490823222936,0.4822989211313762,917,Very High
CAND_03836,Al20.07Co21.86Mn13.28Ni16.79W28.00,5,20.07,21.86,0.0,0.0,0.0,13.28,0.0,0.0,16.79,0.0,0.0,28.0,100.0,True,691.9596,1538.166,54.059456,354.02259999999995,2.222913030937634,True,0.2790724,0.7599166590208938,0.6232269931818647,0.3229469635983235,0.5159455176742801,False,1234,1199.5188273111978,214.4318246431496,0.178764867846062,Medium,0.2790724002702567,0.7599166590208938,0.6232269931818647,0.3229469635983235,0.4962907540178347,0.178764867846062,0.4210260820927746,1181,6.259504464903117,R00957,Cr1 Fe1 Ni1 V0.5 W1,Cr:22.2222;Fe:22.2222;Ni:22.2222;V:11.1111;W:22.2222,84.78,0.38913100879883283,0.48221053214785864,919,Very High
CAND_04613,Co43.87Ni13.97V22.51W19.65,4,0.0,43.87,0.0,0.0,0.0,0.0,0.0,0.0,13.97,0.0,22.51,19.65,100.0,True,938.3912,1227.2065,59.945953,304.07559999999995,1.3077771121344872,True,0.48458934,0.5157130429183597,0.7285108240650935,0.2159148491781566,0.5146056477592885,False,1258,1136.7564493815105,186.8461987072167,0.1643678369354108,Low,0.4845893130648253,0.5157130429183597,0.7285108240650935,0.2159148491781566,0.4861820073066088,0.1643678369354108,0.4175501863622656,1240,5.92979345119101,R00957,Cr1 Fe1 Ni1 V0.5 W1,Cr:22.2222;Fe:22.2222;Ni:22.2222;V:11.1111;W:22.2222,80.54,0.3668572788258659,0.48203995134063465,922,Very High
CAND_01019,Co14.13Cu35.03Fe12.77W38.07,4,0.0,14.13,0.0,35.03,12.77,0.0,0.0,0.0,0.0,0.0,0.0,38.07,100.0,True,566.3943,1348.305,43.13787,318.657,2.380506002066423,True,0.17435452,0.610814468038328,0.4278873177516999,0.247161532126206,0.3795967574395124,False,4212,1099.361991373698,171.8341659185657,0.1563035353840565,Low,0.1743545280082423,0.610814468038328,0.4278873177516999,0.247161532126206,0.3650544614811191,0.1563035353840565,0.3157081599338614,3721,11.568253067850328,R01773,Cr1 Nb1 Ti1 W1,Cr:25.0000;Nb:25.0000;Ti:25.0000;W:25.0000,98.22,0.7477651701061047,0.48187208194282893,924,Extreme
CAND_00110,Co23.77Fe15.78Mo9.91V18.89W31.65,5,0.0,23.77,0.0,0.0,15.78,0.0,9.91,0.0,0.0,0.0,18.89,31.65,100.0,True,962.90247,1120.0524,55.131218,300.724,1.1632044155643624,True,0.505031,0.4315624744352855,0.6423961542559415,0.2087326593631401,0.4728869796733477,False,2108,1003.3392578125,160.9093756860219,0.1603738460676199,Low,0.5050310118529439,0.4315624744352855,0.6423961542559415,0.2087326593631401,0.4469305749768278,0.1603738460676199,0.385160848369193,1902,7.6703289879206435,R00957,Cr1 Fe1 Ni1 V0.5 W1,Cr:22.2222;Fe:22.2222;Ni:22.2222;V:11.1111;W:22.2222,93.5,0.4844396977963167,0.48186685016558256,926,Extreme
CAND_04969,Co30.12Cr12.14Cu12.92Mo9.17V27.86W7.79,6,0.0,30.12,12.14,12.92,0.0,0.0,9.17,0.0,0.0,0.0,27.86,7.79,100.0,True,1155.4922,935.3665,59.590252,316.30159999999995,0.8094961697869549,False,0.66564536,0.2865244079888479,0.7221488801230518,0.2421141130158437,0.5025052795847195,False,1505,1130.4770955403646,178.55836855653686,0.1579495677187395,Low,0.665645343560158,0.2865244079888479,0.7221488801230518,0.2421141130158437,0.4791081861719753,0.1579495677187395,0.4137556587337908,1314,5.896661628064687,R00432,Al0.25 Co0.5 Cr0.5 Cu0.5 Fe0.5 Ni0.5 V1,Al:6.6667;Co:13.3333;Cr:13.3333;Cu:13.3333;Fe:13.3333;Ni:13.3333;V:26.6667,79.96,0.36461904822046615,0.48169851849113515,927,Very High
CAND_04853,Al22.61Co24.35Ti33.98W19.06,4,22.61,24.35,0.0,0.0,0.0,0.0,0.0,0.0,0.0,33.98,0.0,19.06,100.0,True,915.8326,1343.2703,56.485313,405.2805333333333,1.4667203684424943,True,0.46577612,0.6068606028372601,0.6666150248303809,0.432788295119228,0.5533630190036594,False,707,1124.6973022460938,249.41746414179025,0.2217640814499041,High,0.4657760852605682,0.6068606028372601,0.6666150248303809,0.432788295119228,0.5430100020118593,0.2217640814499041,0.4444475085300045,828,6.3439197387692765,R01497,Cr1 Mo1 Nb1 Ti1 W1,Cr:20.0000;Mo:20.0000;Nb:20.0000;Ti:20.0000;W:20.0000,85.6,0.3948337088527979,0.48160222956565646,929,Very High
CAND_01662,Cr7.56Cu22.30Fe8.46V20.42W41.26,5,0.0,0.0,7.56,22.3,8.46,0.0,0.0,0.0,0.0,0.0,20.42,41.26,100.0,True,950.43396,1090.6409,34.78736,318.655,1.1475188660607467,True,0.49463263,0.4084649499827453,0.2785330103208612,0.247157246298652,0.3776361259028551,False,4259,1110.4187459309896,188.9439711632715,0.1701556028801174,Low,0.4946326307916344,0.4084649499827453,0.2785330103208612,0.247157246298652,0.3571969593484732,0.1701556028801174,0.3052559492680292,3987,12.717520912175182,R01773,Cr1 Nb1 Ti1 W1,Cr:25.0000;Nb:25.0000;Ti:25.0000;W:25.0000,99.08,0.8254043164085009,0.48110071430799783,936,Extreme
CAND_02999,Cr28.64Fe14.54Mo41.72W15.10,4,0.0,0.0,28.64,0.0,14.54,0.0,41.72,0.0,0.0,0.0,0.0,15.1,100.0,True,871.0791,1449.2246,54.791664,300.761,1.663711822956664,True,0.42845294,0.6900689409057633,0.6363230099204016,0.2088119471728895,0.5259591084662897,False,1068,1173.883699544271,211.83913688130949,0.1804600719505266,Medium,0.4284529450595887,0.6900689409057633,0.6363230099204016,0.2088119471728895,0.4909142107646608,0.1804600719505266,0.4158668492306576,1267,6.5584072328853535,R01497,Cr1 Mo1 Nb1 Ti1 W1,Cr:20.0000;Mo:20.0000;Nb:20.0000;Ti:20.0000;W:20.0000,87.48,0.409323478159356,0.4810257560803115,938,Very High
CAND_00963,Al14.76Co8.46Mn33.32Ti27.03W16.43,5,14.76,8.46,0.0,0.0,0.0,33.32,0.0,0.0,0.0,27.03,0.0,16.43,100.0,True,902.2931,1530.6437,51.538887,326.5776666666667,1.6963930186015586,True,0.45448452,0.7540092245755462,0.5781449757569839,0.2641348378492859,0.5467045936921072,False,777,1279.3196085611978,265.8578146740631,0.2078118813273434,High,0.4544845291420264,0.7540092245755462,0.5781449757569839,0.2641348378492859,0.5126933918309606,0.2078118813273434,0.4244811628012206,1124,6.97065769132912,R01497,Cr1 Mo1 Nb1 Ti1 W1,Cr:20.0000;Mo:20.0000;Nb:20.0000;Ti:20.0000;W:20.0000,90.46,0.4371731859662843,0.4799275045008653,949,Extreme
CAND_02560,Al7.89Cu11.29Mo16.53Nb15.40Ni18.92W29.97,6,7.89,0.0,0.0,11.29,0.0,0.0,16.53,15.4,18.92,0.0,0.0,29.97,100.0,True,907.11035,1181.8964,57.82525,284.004,1.302924608857324,True,0.45850196,0.4801299838191284,0.6905806703581339,0.1729031410115838,0.4801702263094949,False,1968,1097.323327636719,164.5680102598966,0.1499722152214909,Low,0.4585019779925783,0.4801299838191284,0.6905806703581339,0.1729031410115838,0.4505289432953561,0.1499722152214909,0.391773764037057,1737,6.722846696043286,R01773,Cr1 Nb1 Ti1 W1,Cr:25.0000;Nb:25.0000;Ti:25.0000;W:25.0000,89.02,0.4204322371845476,0.4790571282498295,954,Very High
CAND_01193,Al21.47Co30.03Ti40.65W7.85,4,21.47,30.03,0.0,0.0,0.0,0.0,0.0,0.0,0.0,40.65,0.0,7.85,100.0,True,925.23193,1365.4614,56.20156,391.372,1.475804444725905,True,0.47361487,0.6242877818277489,0.6615399177056159,0.4029835074212675,0.5552033045187278,False,687,1153.2443766276042,242.1121562496893,0.2099400275921485,High,0.4736148579014853,0.6242877818277489,0.6615399177056159,0.4029835074212675,0.5406065162140294,0.2099400275921485,0.446804390205908,787,5.610687769164424,R01598,Co0.564 Nb0.795 Ta0.103 Ti1 W0.103,Co:21.9883;Nb:30.9942;Ta:4.0156;Ti:38.9864;W:4.0156,76.18,0.3452999953300048,0.4786797805294586,964,Very High
CAND_04494,Co41.49Cu25.50Mo14.72V10.83W7.46,5,0.0,41.49,0.0,25.5,0.0,0.0,14.72,0.0,0.0,0.0,10.83,7.46,100.0,True,970.3188,1086.2971,55.592438,320.9667333333333,1.1195259897860717,True,0.51121604,0.4050536643727986,0.6506453742045738,0.2521110915074182,0.4753589288575818,False,2056,1129.817801920573,169.0910468929141,0.1496622257194716,Low,0.5112160191566572,0.4050536643727986,0.6506453742045738,0.2521110915074182,0.454756537310362,0.1496622257194716,0.3955566488459427,1676,6.463859438484879,R01647,Al1 Cr1 Cu1 Fe1 Mn1 W0.5,Al:18.1818;Cr:18.1818;Cu:18.1818;Fe:18.1818;Mn:18.1818;W:9.0909,86.76,0.40293627253250786,0.478588329852381,965,Very High
CAND_04651,Al9.22Cu6.57Mn26.13Mo11.90Nb9.77W36.41,6,9.22,0.0,0.0,6.57,0.0,26.13,11.9,9.77,0.0,0.0,0.0,36.41,100.0,True,831.1321,1444.4325,32.943336,306.1786666666667,1.737909695248709,True,0.3951383,0.6863055950400638,0.2455514406435787,0.2204215397121209,0.4188842636416109,False,3385,1178.6924112955728,172.48997003628028,0.1463401039858108,Low,0.3951382885163344,0.6863055950400638,0.2455514406435787,0.2204215397121209,0.3868542159780245,0.1463401039858108,0.3374689715843815,3083,9.667713428485715,R01773,Cr1 Nb1 Ti1 W1,Cr:25.0000;Nb:25.0000;Ti:25.0000;W:25.0000,96.54,0.6193736242686627,0.47805398856366105,969,Extreme
CAND_01368,Co14.13Cr8.34Mo8.42Ni27.09W42.02,5,0.0,14.13,8.34,0.0,0.0,0.0,8.42,0.0,27.09,0.0,0.0,42.02,100.0,True,602.1042,1324.6377,51.431908,286.98740000000004,2.20001409818168,True,0.20413557,0.5922279953839034,0.5762315866999509,0.1792963099739064,0.4098614148514302,False,3608,1056.6471842447916,211.25874662956545,0.1999330995052588,Medium,0.2041355642235765,0.5922279953839034,0.5762315866999509,0.1792963099739064,0.3879728640703342,0.1999330995052588,0.3233287457694919,3517,12.67676759330381,R01773,Cr1 Nb1 Ti1 W1,Cr:25.0000;Nb:25.0000;Ti:25.0000;W:25.0000,98.98,0.8226512132900355,0.4776590563071413,976,Extreme
CAND_01000,Fe13.29Mn36.39V8.97W41.35,4,0.0,0.0,0.0,0.0,13.29,36.39,0.0,0.0,0.0,0.0,8.97,41.35,100.0,True,767.1365,1080.5167,42.248512,289.21,1.4085064858246998,True,0.3417678,0.4005141838857284,0.411980570960417,0.1840591501346819,0.353288608296146,False,4614,1140.5030721028645,179.06640515047903,0.1570065083825821,Low,0.3417677867444995,0.4005141838857284,0.411980570960417,0.1840591501346819,0.3345804229313317,0.1570065083825821,0.2891776498293452,4360,12.874752254513945,R01773,Cr1 Nb1 Ti1 W1,Cr:25.0000;Nb:25.0000;Ti:25.0000;W:25.0000,99.2,0.8360261285921808,0.4772780854702992,980,Extreme
CAND_01529,Cr44.01Mn33.22Mo11.79W10.98,4,0.0,0.0,44.01,0.0,0.0,33.22,11.79,0.0,0.0,0.0,0.0,10.98,100.0,True,663.7694,1623.9485,55.031967,282.05733333333336,2.4465552005581874,True,0.2555626,0.8272836206294492,0.6406209855097431,0.1687316021923436,0.5103188569174533,False,1353,1141.2971964518229,173.340092102592,0.1518798895164982,Low,0.2555625789849124,0.8272836206294492,0.6406209855097431,0.1687316021923436,0.4730496968291121,0.1518798895164982,0.4106762355471583,1371,5.5797961353397145,R01647,Al1 Cr1 Cu1 Fe1 Mn1 W0.5,Al:18.1818;Cr:18.1818;Cu:18.1818;Fe:18.1818;Mn:18.1818;W:9.0909,75.84,0.3432131014089053,0.47709126719683115,984,Very High
CAND_04810,Cr13.59Fe15.20Mo36.44W34.77,4,0.0,0.0,13.59,0.0,15.2,0.0,36.44,0.0,0.0,0.0,0.0,34.77,100.0,True,783.0412,1310.8175,36.92373,301.078,1.6740083435267594,True,0.35503188,0.5813746758511018,0.3167433785218478,0.2094912508402006,0.3915315013188905,False,4006,1205.99248046875,173.6109774745402,0.1439569319761101,Low,0.3550318520791554,0.5813746758511018,0.3167433785218478,0.2094912508402006,0.3656602893230763,0.1439569319761101,0.3196451536784889,3627,10.515064682817926,R01773,Cr1 Nb1 Ti1 W1,Cr:25.0000;Nb:25.0000;Ti:25.0000;W:25.0000,97.42,0.6766167015282244,0.4766196267811462,992,Extreme
CAND_02940,Al20.82Co7.63Fe15.90Mo12.43V26.54W16.68,6,20.82,7.63,0.0,0.0,15.9,0.0,12.43,0.0,0.0,0.0,26.54,16.68,100.0,True,1025.5806,1034.4716,47.475357,351.919,1.0086692687878294,True,0.5573028,0.3643539124555173,0.5054660963981858,0.3184391301770117,0.4506294022426286,False,2621,1513.9928059895833,199.78933527375463,0.1319618788698057,Low,0.5573027812905349,0.3643539124555173,0.5054660963981858,0.3184391301770117,0.4363904800803124,0.1319618788698057,0.3855169403019309,1893,6.24152725824797,R00957,Cr1 Fe1 Ni1 V0.5 W1,Cr:22.2222;Fe:22.2222;Ni:22.2222;V:11.1111;W:22.2222,84.66,0.38791655301770267,0.4764084944460313,994,Very High
CAND_03180,Al12.23Co19.63Cr9.82Fe21.48W36.84,5,12.23,19.63,9.82,0.0,21.48,0.0,0.0,0.0,0.0,0.0,0.0,36.84,100.0,True,769.5688,1577.3488,45.474625,299.4066666666667,2.049652776232758,True,0.34379625,0.7906878091192904,0.4696817021258939,0.2059097276142297,0.488652106350931,False,1790,1030.9857991536458,214.91130013832972,0.2084522408696164,Medium,0.3437962554432793,0.7906878091192904,0.4696817021258939,0.2059097276142297,0.4525188735756733,0.2084522408696164,0.3744615287816715,2131,9.775472811101364,R01773,Cr1 Nb1 Ti1 W1,Cr:25.0000;Nb:25.0000;Ti:25.0000;W:25.0000,96.66,0.6266533428422448,0.4753836524276538,1005,Extreme
CAND_02484,Cu24.06Fe8.10Mn11.75Mo11.28Ni9.95W34.86,6,0.0,0.0,0.0,24.06,8.1,11.75,11.28,0.0,9.95,0.0,0.0,34.86,100.0,True,694.3067,1343.9637,40.12903,311.535,1.9356916716869497,True,0.28102982,0.6074051457356295,0.3740722556333138,0.2318997002063625,0.3948335147530961,False,3938,1190.756396484375,164.6530100389988,0.1382759819935675,Low,0.2810298146035652,0.6074051457356295,0.3740722556333138,0.2318997002063625,0.3736017290447178,0.1382759819935675,0.3282171766379491,3361,9.609434452610136,R01773,Cr1 Nb1 Ti1 W1,Cr:25.0000;Nb:25.0000;Ti:25.0000;W:25.0000,96.52,0.6154365699460336,0.4736234662850504,1026,Extreme
CAND_03382,Al15.61Cu10.08Mo11.48Ni29.12V20.89W12.82,6,15.61,0.0,0.0,10.08,0.0,0.0,11.48,0.0,29.12,0.0,20.89,12.82,100.0,True,1101.8359,951.2204,64.827896,311.1154,0.8633049328180948,False,0.6208976,0.2989748387019407,0.8158275527058387,0.2310005335855304,0.5145687031195492,False,1260,1104.4700805664063,198.59930078322944,0.1798141065816663,Low,0.6208975225502745,0.2989748387019407,0.8158275527058387,0.2310005335855304,0.4916751118858961,0.1798141065816663,0.4167394754335076,1252,6.030013429437019,R01366,Co1 Cr1 Fe1 Ni1 W0.5,Co:22.2222;Cr:22.2222;Fe:22.2222;Ni:22.2222;W:11.1111,81.98,0.37362767059475405,0.4733791560411889,1027,Very High
CAND_01541,Al14.71Mn12.11Mo10.40Ni25.36Ti27.47W9.95,6,14.71,0.0,0.0,0.0,0.0,12.11,10.4,0.0,25.36,27.47,0.0,9.95,100.0,True,1093.4014,1379.7695,57.89073,314.24940000000004,1.2619057753230272,True,0.61386335,0.6355242604031156,0.6917518227848205,0.2377164253626702,0.5834117082702677,False,433,1108.4239420572917,247.46476532269912,0.2232582281319111,High,0.6138633905600355,0.6355242604031156,0.6917518227848205,0.2377164253626702,0.5447139747776605,0.2232582281319111,0.4452976176661538,804,5.855532228145172,R01647,Al1 Cr1 Cu1 Fe1 Mn1 W0.5,Al:18.1818;Cr:18.1818;Cu:18.1818;Fe:18.1818;Mn:18.1818;W:9.0909,79.42,0.36184053882994466,0.4733519275802952,1028,Very High
CAND_00388,Al31.36Co12.63Mn7.42Mo13.04V24.59W10.96,6,31.36,12.63,0.0,0.0,0.0,7.42,13.04,0.0,0.0,0.0,24.59,10.96,100.0,True,803.1643,890.2041,52.142,509.2753333333333,1.1083710924896977,True,0.37181398,0.2510573410818421,0.5889320443812397,0.6556401847763119,0.4324404404242007,False,3048,1400.7727661132812,224.51417854927712,0.1602788003740504,Medium,0.3718139424760703,0.2510573410818421,0.5889320443812397,0.6556401847763119,0.466860878178866,0.1602788003740504,0.40236956671824,1536,6.1366234922025,R01594,Al0.947 Co0.158 Mo1 Ni0.289 W0.237,Al:35.9939;Co:6.0053;Mo:38.0084;Ni:10.9844;W:9.0080,83.28,0.3808297465087629,0.47304474270561175,1030,Very High
CAND_02647,Cu35.16Fe8.78V12.56W43.50,4,0.0,0.0,0.0,35.16,8.78,0.0,0.0,0.0,0.0,0.0,12.56,43.5,100.0,True,860.0052,963.5466,33.82228,312.07,1.1203962644154766,True,0.41921765,0.3086548858231994,0.2612719262654737,0.2330461590770612,0.3186366650114811,False,4899,1159.8542643229166,190.72068943585748,0.1644350461108954,Low,0.4192176288883031,0.3086548858231994,0.2612719262654737,0.2330461590770612,0.3055476500135093,0.1644350461108954,0.2623999088948843,4756,14.466518743362942,R01773,Cr1 Nb1 Ti1 W1,Cr:25.0000;Nb:25.0000;Ti:25.0000;W:25.0000,99.88,0.9435584083103165,0.47218368625444446,1040,Extreme
CAND_00649,Fe6.74Mn11.72Mo25.47V14.10W41.97,5,0.0,0.0,0.0,0.0,6.74,11.72,25.47,0.0,0.0,0.0,14.1,41.97,100.0,True,962.62195,832.0782,36.932327,318.698,0.8643873137522273,False,0.50479704,0.2054097407698585,0.3168971414633907,0.2472493915910633,0.3293737317405474,False,4833,1202.422802734375,192.3939186871088,0.1600052146795574,Low,0.5047970661886008,0.2054097407698585,0.3168971414633907,0.2472493915910633,0.3185883350032283,0.1600052146795574,0.274643881744304,4626,13.55071990332386,R01773,Cr1 Nb1 Ti1 W1,Cr:25.0000;Nb:25.0000;Ti:25.0000;W:25.0000,99.36,0.8816913331315721,0.47214435200023275,1042,Extreme
CAND_04132,Co24.66Mo12.36Nb40.01W22.97,4,0.0,24.66,0.0,0.0,0.0,0.0,12.36,40.01,0.0,0.0,0.0,22.97,100.0,True,734.9015,1424.3766,58.652374,328.29,1.9381871187096087,True,0.31488472,0.6705552375041443,0.7053743215458368,0.2678042205401142,0.5121462043687974,False,1314,970.9968098958332,166.99888705884302,0.1719870604690847,Low,0.3148847178364012,0.6705552375041443,0.7053743215458368,0.2678042205401142,0.4896546243566241,0.1719870604690847,0.4177986608151127,1233,5.588846932830476,R01497,Cr1 Mo1 Nb1 Ti1 W1,Cr:20.0000;Mo:20.0000;Nb:20.0000;Ti:20.0000;W:20.0000,75.96000000000001,0.34382453084548836,0.47182508682451724,1047,Very High
CAND_02688,Co33.05Nb19.36V13.03W34.56,4,0.0,33.05,0.0,0.0,0.0,0.0,0.0,19.36,0.0,0.0,13.03,34.56,100.0,True,959.4088,1109.2422,53.1308,320.111,1.1561726184070518,True,0.5021174,0.423072976829354,0.6066173760780598,0.2502773287579741,0.4667530639430142,False,2256,993.82890625,184.19554149065,0.1853392876100497,Low,0.5021173909020473,0.423072976829354,0.6066173760780598,0.2502773287579741,0.4455212681418588,0.1853392876100497,0.3758596992428596,2105,8.4879395161021,R01773,Cr1 Nb1 Ti1 W1,Cr:25.0000;Nb:25.0000;Ti:25.0000;W:25.0000,94.94,0.5396736310602814,0.47017254357024757,1065,Extreme
CAND_03622,Co26.99Cu19.58Mn16.36W37.07,4,0.0,26.99,0.0,19.58,0.0,16.36,0.0,0.0,0.0,0.0,0.0,37.07,100.0,True,495.19128,1384.8844,59.706875,323.1325333333333,2.7966655396492683,True,0.114973255,0.6395411085007064,0.7242347583982119,0.2567522141656599,0.4459258328603339,False,2722,910.374589029948,192.75521292251017,0.2117317588223777,Low,0.1149732439032414,0.6395411085007064,0.7242347583982119,0.2567522141656599,0.433875331241955,0.2117317588223777,0.3580621932890634,2525,10.576579284683616,R01773,Cr1 Nb1 Ti1 W1,Cr:25.0000;Nb:25.0000;Ti:25.0000;W:25.0000,97.52,0.6807723395699288,0.46983001998256346,1066,Extreme
CAND_02885,Co12.38Cr12.69V41.01W33.92,4,0.0,12.38,12.69,0.0,0.0,0.0,0.0,0.0,0.0,0.0,41.01,33.92,100.0,True,1012.286,1051.6556,42.20598,319.091,1.0388917646199096,True,0.5462155,0.3778489011569589,0.4112198584526003,0.2480915567054271,0.4172380108477199,False,3417,1167.6994547526042,188.50758588150856,0.1614350208988038,Low,0.546215464774152,0.3778489011569589,0.4112198584526003,0.2480915567054271,0.3958439452722846,0.1614350208988038,0.3408231525220855,2983,9.509660791852687,R00957,Cr1 Fe1 Ni1 V0.5 W1,Cr:22.2222;Fe:22.2222;Ni:22.2222;V:11.1111;W:22.2222,96.36,0.6086963292937565,0.4683536761029423,1074,Extreme
CAND_03433,Cr25.06Cu9.10Mn12.55Mo19.30Nb26.46W7.53,6,0.0,0.0,25.06,9.1,0.0,12.55,19.3,26.46,0.0,0.0,0.0,7.53,100.0,True,896.57227,1466.7721,56.278828,315.524,1.6359775516561557,True,0.44971353,0.7038493944810976,0.6629219061861475,0.2404477832628432,0.5478665327481057,False,761,1106.0877319335937,223.43945272821017,0.2020087975640117,Medium,0.4497135203906222,0.7038493944810976,0.6629219061861475,0.2404477832628432,0.5142331510801776,0.2020087975640117,0.4278114703672064,1071,5.8471389346390765,R01898,CoCrMoNbTi0.2,Co:23.8095;Cr:23.8095;Mo:23.8095;Nb:23.8095;Ti:4.7619,79.34,0.36127352727933304,0.46791378965897723,1078,Very High
CAND_04121,Al27.52Mn19.11V38.90W14.47,4,27.52,0.0,0.0,0.0,0.0,19.11,0.0,0.0,0.0,0.0,38.9,14.47,100.0,True,812.126,1045.2649,49.073807,449.1086666666666,1.287072363359575,True,0.37928775,0.3728301381044505,0.5340554152197697,0.5267082058597261,0.4381554584244825,False,2905,1445.9524047851562,267.596555930792,0.1850659503350334,High,0.3792877442019491,0.3728301381044505,0.5340554152197697,0.526708205859726,0.4532203758464738,0.1850659503350334,0.3824431675877132,1967,7.930707472190803,R01647,Al1 Cr1 Cu1 Fe1 Mn1 W0.5,Al:18.1818;Cr:18.1818;Cu:18.1818;Fe:18.1818;Mn:18.1818;W:9.0909,94.04,0.5020296472011248,0.4675900542334101,1083,Extreme
CAND_02154,Al19.70Cr15.57Mo12.82Ni17.52V23.19W11.20,6,19.7,0.0,15.57,0.0,0.0,0.0,12.82,0.0,17.52,0.0,23.19,11.2,100.0,True,1223.187,909.121,46.732044,330.3668,0.7432395793040322,False,0.7221009,0.2659132158354677,0.4921714595054285,0.2722546238722022,0.4602853032256805,False,2393,1543.7470540364584,203.5223640121613,0.1318366007436311,Low,0.7221008724300179,0.2659132158354677,0.4921714595054285,0.2722546238722022,0.438110042910779,0.1318366007436311,0.3870788792507109,1850,5.567915198855113,R01366,Co1 Cr1 Fe1 Ni1 W0.5,Co:22.2222;Cr:22.2222;Fe:22.2222;Ni:22.2222;W:11.1111,75.56,0.34241048105326544,0.46661961564527193,1092,Very High
CAND_00086,Cr30.64Fe18.50V34.35W16.51,4,0.0,0.0,30.64,0.0,18.5,0.0,0.0,0.0,0.0,0.0,34.35,16.51,100.0,True,1247.4104,1115.5349,55.480755,249.7483333333333,0.8942805829185582,False,0.74230254,0.4280147782377319,0.6486478510452939,0.0994962009710254,0.528181602368783,False,1026,1219.2093424479167,204.9941262683028,0.1681369385315876,Low,0.7423024958638144,0.4280147782377319,0.6486478510452939,0.0994962009710254,0.4796153315294663,0.1681369385315876,0.410581427321671,1374,5.565295538905917,R00957,Cr1 Fe1 Ni1 V0.5 W1,Cr:22.2222;Fe:22.2222;Ni:22.2222;V:11.1111;W:22.2222,75.52,0.3422335091114657,0.4666179426385769,1093,Very High
CAND_03423,Al10.81Co13.32Cr22.17V25.38W28.32,5,10.81,13.32,22.17,0.0,0.0,0.0,0.0,0.0,0.0,0.0,25.38,28.32,100.0,True,1129.837,1195.2153,43.790184,361.085,1.057865215757985,True,0.6442497,0.4905896209825148,0.4395543782902109,0.3380810778570575,0.5010525577642191,False,1534,1145.0875447591145,193.75991410974092,0.169209694923807,Low,0.6442496398390151,0.4905896209825148,0.4395543782902109,0.3380810778570575,0.4781186792421996,0.169209694923807,0.4089246619472795,1399,5.59620235616927,R00957,Cr1 Fe1 Ni1 V0.5 W1,Cr:22.2222;Fe:22.2222;Ni:22.2222;V:11.1111;W:22.2222,76.02,0.3443214287544803,0.46482000170177135,1115,Very High
CAND_03655,Cr20.31Ni26.26V20.59W32.84,4,0.0,0.0,20.31,0.0,0.0,0.0,0.0,0.0,26.26,0.0,20.59,32.84,100.0,True,1107.3429,1147.4183,48.97318,272.1642,1.036190600630358,True,0.6254902,0.4530535423650331,0.5322556358178119,0.1475314704745766,0.4787567517949715,False,1998,908.6275024414062,155.4675381281377,0.1711015104764157,Low,0.6254902031917171,0.4530535423650331,0.5322556358178119,0.1475314704745766,0.4395827129622847,0.1711015104764157,0.3753583348922998,2115,7.464058563861724,R00957,Cr1 Fe1 Ni1 V0.5 W1,Cr:22.2222;Fe:22.2222;Ni:22.2222;V:11.1111;W:22.2222,92.60000000000001,0.47050503521052434,0.4616777463487723,1165,Extreme
CAND_00263,Al12.68Cu29.66Mo24.01W33.65,4,12.68,0.0,0.0,29.66,0.0,0.0,24.01,0.0,0.0,0.0,0.0,33.65,100.0,True,678.70544,1253.5,47.94532,342.921,1.8468984011561245,True,0.26801884,0.5363619305709061,0.513871690593405,0.299157192011503,0.4146557331443892,False,3487,1047.25283203125,195.26484603999336,0.1864543499598449,Low,0.2680188095583299,0.5363619305709061,0.513871690593405,0.299157192011503,0.404352405683536,0.1864543499598449,0.3408073860551154,2984,10.092767197793028,R01773,Cr1 Nb1 Ti1 W1,Cr:25.0000;Nb:25.0000;Ti:25.0000;W:25.0000,96.98,0.6480882637189834,0.46109995767516954,1175,Extreme
CAND_03294,Fe7.56Mn19.17V30.08W43.19,4,0.0,0.0,0.0,0.0,7.56,19.17,0.0,0.0,0.0,0.0,30.08,43.19,100.0,True,812.2262,964.8739,40.087547,296.27,1.1879374297558507,True,0.37937132,0.3096972449074303,0.3733303051733834,0.1991881214003511,0.3299313640380017,False,4830,1222.0082071940103,218.94869680467025,0.1791712162943838,Medium,0.3793713081388063,0.3096972449074303,0.3733303051733834,0.1991881214003511,0.3153967449049928,0.1791712162943838,0.2674732392944139,4699,14.152732690553517,R01773,Cr1 Nb1 Ti1 W1,Cr:25.0000;Nb:25.0000;Ti:25.0000;W:25.0000,99.76,0.9223604940190364,0.46093491755769567,1180,Extreme
CAND_01311,Co21.92Cu28.91Mn17.00Mo11.47Ni6.80W13.90,6,0.0,21.92,0.0,28.91,0.0,17.0,11.47,0.0,6.8,0.0,0.0,13.9,100.0,True,706.2935,1454.478,56.064682,318.9133333333333,2.059310984450021,True,0.2910265,0.6941945562249063,0.6590917655696961,0.2477108323577121,0.4974958854579703,False,1616,1098.1430053710938,187.2569105694944,0.1705214254005241,Low,0.2910264632893909,0.6941945562249063,0.6590917655696961,0.2477108323577121,0.4730059043604263,0.1705214254005241,0.4040984591107123,1498,5.662588033896658,R01647,Al1 Cr1 Cu1 Fe1 Mn1 W0.5,Al:18.1818;Cr:18.1818;Cu:18.1818;Fe:18.1818;Mn:18.1818;W:9.0909,76.9,0.3488061338394714,0.46030638719543826,1190,Very High
CAND_02254,Cr17.68Cu7.32Mn11.59Mo11.37V40.34W11.70,6,0.0,0.0,17.68,7.32,0.0,11.59,11.37,0.0,0.0,0.0,40.34,11.7,100.0,True,1186.8323,1047.0778,42.455383,313.343,0.882245808200129,False,0.69178206,0.3742538499885778,0.4156805934659316,0.2357740883151911,0.4590970427366243,False,2415,1304.163350423177,215.1277055260645,0.1649545706496502,Medium,0.6917820914393792,0.3742538499885778,0.4156805934659316,0.2357740883151911,0.4293726558022699,0.1649545706496502,0.3685745921944625,2266,7.323223359291421,R01647,Al1 Cr1 Cu1 Fe1 Mn1 W0.5,Al:18.1818;Cr:18.1818;Cu:18.1818;Fe:18.1818;Mn:18.1818;W:9.0909,92.12,0.46099086920809423,0.4565800025985934,1252,Extreme
