candidate_id,composition,n_elements,Al,Co,Cr,Cu,Fe,Mn,Mo,Nb,Ni,Ti,V,W,composition_sum,valid_composition,Predicted_YS_MPa,Predicted_UTS_MPa,Predicted_Elongation_pct,Predicted_Hardness_HV,UTS_to_YS_Ratio,UTS_YS_Consistency,YS_Score,UTS_Score,Elongation_Score,Hardness_Score,Balanced_Score,Pareto_Optimal,Overall_Rank,YS_Ensemble_Mean_MPa,YS_Uncertainty_STD_MPa,YS_Relative_Uncertainty,Uncertainty_Risk,Predicted_YS_MPa_Normalized,Predicted_UTS_MPa_Normalized,Predicted_Elongation_pct_Normalized,Predicted_Hardness_HV_Normalized,Performance_Score,Uncertainty_Penalty,Uncertainty_Aware_Score,Final_Rank,Novelty_35D_Distance,Nearest_Experimental_Record_ID,Nearest_Experimental_Alloy,Nearest_Experimental_Composition,Novelty_35D_Percentile,Novelty_35D_Score,Discovery_35D_Score,Discovery_35D_Rank,Novelty_35D_Category
CAND_02729,Al36.20Fe9.50Mo9.71W44.59,4,36.2,0.0,0.0,0.0,9.5,0.0,9.71,0.0,0.0,0.0,0.0,44.59,100.0,True,800.00836,1519.279,47.581757,537.372,1.899078900313618,True,0.369182,0.745084265421957,0.5073691296632968,0.715848918864284,0.5684995015294445,False,563,1415.9748453776042,179.43989231089705,0.1267253390105563,Low,0.3691819786947822,0.745084265421957,0.5073691296632968,0.715848918864284,0.5843710731610801,0.1267253390105563,0.5186455411344975,209,6.257585309582771,R00957,Cr1 Fe1 Ni1 V0.5 W1,Cr:22.2222;Fe:22.2222;Ni:22.2222;V:11.1111;W:22.2222,99.53999999999999,0.7780369423262696,0.705169129131217,4,Extreme
CAND_01908,Al40.59Cu17.92Nb19.50W21.99,4,40.59,0.0,0.0,17.92,0.0,0.0,0.0,19.5,0.0,0.0,0.0,21.99,100.0,True,930.7706,1483.8318,45.463417,581.232,1.59419705818051,True,0.47823396,0.7172467675461572,0.4694812397496216,0.8098371171238096,0.5974901056858549,False,338,1358.0233805338542,155.05257102200025,0.1141751852321182,Low,0.4782339504179801,0.7172467675461572,0.4694812397496216,0.8098371171238096,0.6186997687093921,0.1141751852321182,0.5552984637514586,74,4.806489999816163,R00400,Al1 Co0.333 Cr0.333 Cu0.333 Fe0.333,Al:42.8816;Co:14.2796;Cr:14.2796;Cu:14.2796;Fe:14.2796,93.76,0.582974981876809,0.697880578615987,6,Extreme
CAND_03678,Al43.29Ni6.76Ti27.82W22.13,4,43.29,0.0,0.0,0.0,0.0,0.0,0.0,0.0,6.76,27.82,0.0,22.13,100.0,True,954.20514,1476.86,47.24704,616.808,1.547738467746944,True,0.49777773,0.7117716533568701,0.501382498221585,0.8860734176546093,0.6211214612193003,False,249,1370.98544921875,210.288852113032,0.153385181609961,Low,0.4977776871528828,0.7117716533568701,0.501382498221585,0.8860734176546093,0.6492513140964867,0.153385181609961,0.5629093597251047,59,4.832714100270092,R00101,Al2CoCrFeNiTi,Al:28.5714;Co:14.2857;Cr:14.2857;Fe:14.2857;Ni:14.2857;Ti:14.2857,94.02000000000001,0.586500128992328,0.6866355813870553,8,Extreme
CAND_03613,Al40.86Cr5.87Cu18.13Nb13.69W21.45,5,40.86,0.0,5.87,18.13,0.0,0.0,0.0,13.69,0.0,0.0,0.0,21.45,100.0,True,952.45917,1495.3218,41.934822,585.684,1.5699589557792388,True,0.49632165,0.7262701276590277,0.4063700211020276,0.8193773692590445,0.591276649430326,False,376,1383.1501953125,153.1969172215096,0.1107594227587823,Low,0.4963215980627177,0.7262701276590277,0.4063700211020276,0.8193773692590445,0.6120847790207044,0.1107594227587823,0.5510507194262421,89,4.4113602473290765,R00400,Al1 Co0.333 Cr0.333 Cu0.333 Fe0.333,Al:42.8816;Co:14.2796;Cr:14.2796;Cu:14.2796;Fe:14.2796,88.36,0.5298600805789486,0.6822884066417849,13,Very High
CAND_00360,Al36.19Fe14.32Nb14.13W35.36,4,36.19,0.0,0.0,0.0,14.32,0.0,0.0,14.13,0.0,0.0,0.0,35.36,100.0,True,1018.3706,1538.9116,42.33925,520.262,1.5111508440403658,True,0.55128986,0.7605021957746062,0.4136034791597557,0.6791836641396949,0.5988160380536678,False,333,1374.7161743164063,185.7520728657753,0.135120307985132,Low,0.5512898473110904,0.7605021957746062,0.4136034791597557,0.6791836641396949,0.6011447965962868,0.135120307985132,0.5295868573291006,167,5.375493147505034,R00957,Cr1 Fe1 Ni1 V0.5 W1,Cr:22.2222;Fe:22.2222;Ni:22.2222;V:11.1111;W:22.2222,97.6,0.6594626314082217,0.6816511344863604,14,Extreme
CAND_02712,Al32.79Cu6.27Mn6.88Ni18.69Ti10.30W25.07,6,32.79,0.0,0.0,6.27,0.0,6.88,0.0,0.0,18.69,10.3,0.0,25.07,100.0,True,1015.84656,1474.9929,56.744392,471.7985333333334,1.4519839526353324,True,0.54918486,0.7103053769716012,0.671248821402671,0.5753306337381775,0.6319588771030334,False,215,1415.5148274739583,213.8085015806629,0.1510464584551279,Medium,0.5491848700737151,0.7103053769716012,0.671248821402671,0.5753306337381775,0.6265174255465412,0.1510464584551279,0.5443024657644305,106,4.82937645602985,R00957,Cr1 Fe1 Ni1 V0.5 W1,Cr:22.2222;Fe:22.2222;Ni:22.2222;V:11.1111;W:22.2222,93.97999999999999,0.5860514696765666,0.6694224113645386,16,Extreme
CAND_03379,Al31.77Co16.08Cu10.90Ti17.88W23.37,5,31.77,16.08,0.0,10.9,0.0,0.0,0.0,0.0,0.0,17.88,0.0,23.37,100.0,True,962.15344,1502.3307,56.844307,511.4007333333334,1.5614252715028658,True,0.50440633,0.7317743773278786,0.6730358662211257,0.6601947337179626,0.6381423926824713,False,201,1328.2458902994792,211.03922274678743,0.1588856583619502,Medium,0.5044063422359366,0.7317743773278786,0.6730358662211257,0.6601947337179626,0.6423528298757258,0.1588856583619502,0.5542849074374362,81,4.578862881616538,R01592,Al1 Co1 Cr0.091 Nb0.727 W0.212,Al:33.0033;Co:33.0033;Cr:3.0033;Nb:23.9934;W:6.9967,90.8,0.5523764459786938,0.6668704393899845,18,Extreme
CAND_01463,Al42.51Cr5.71Cu19.34Mo12.26W20.18,5,42.51,0.0,5.71,19.34,0.0,0.0,12.26,0.0,0.0,0.0,0.0,20.18,100.0,True,735.1536,1431.2947,48.668716,614.198,1.946932791155521,True,0.315095,0.6759881798537394,0.5268100989754366,0.8804804126966211,0.561099544320466,False,629,1304.9958821614584,166.66334245018564,0.1277117765108514,Low,0.3150949620328253,0.6759881798537394,0.5268100989754366,0.8804804126966211,0.5995934133896557,0.1277117765108514,0.5316903005525065,153,4.343027430682732,R00400,Al1 Co0.333 Cr0.333 Cu0.333 Fe0.333,Al:42.8816;Co:14.2796;Cr:14.2796;Cu:14.2796;Fe:14.2796,86.92,0.5206745135880297,0.6528432828433393,27,Very High
CAND_00720,Al30.51Mo6.81Nb29.40W33.28,4,30.51,0.0,0.0,0.0,0.0,0.0,6.81,29.4,0.0,0.0,0.0,33.28,100.0,True,859.8485,1526.9744,48.352394,505.8753333333333,1.775864446961681,True,0.41908696,0.7511276392611723,0.521152474083647,0.6483542779344881,0.5786056408709292,False,473,1288.9090576171875,178.60195589337184,0.1385683146827706,Low,0.4190869455658927,0.7511276392611723,0.521152474083647,0.6483542779344881,0.5849303342113,0.1385683146827706,0.5137419746080621,231,4.767705807018611,R01772,Cr1 Nb1 Ti1 W1,Cr:25.0000;Nb:25.0000;Ti:25.0000;W:25.0000,93.30000000000001,0.5777614575613337,0.6440489101747237,31,Extreme
CAND_02378,Al33.74Cr8.89Cu9.49Mo11.20V16.37W20.31,6,33.74,0.0,8.89,9.49,0.0,0.0,11.2,0.0,0.0,0.0,16.37,20.31,100.0,True,1135.2443,1017.4338,50.66941,507.33973333333336,0.8962245689613922,False,0.6487591,0.3509737379619521,0.562593813592991,0.6514923608695372,0.5382921758569231,False,889,1472.5075520833334,154.15393825710072,0.1046880459383726,Low,0.6487591735293132,0.3509737379619521,0.562593813592991,0.6514923608695372,0.5534547714884483,0.1046880459383726,0.5010054861400429,293,4.564901486705261,R01057,Cr1 Mo1 Nb1 Ta1 V1 W1,Cr:16.6667;Mo:16.6667;Nb:16.6667;Ta:16.6667;V:16.6667;W:16.6667,90.58,0.5504997001552642,0.6433841593194545,32,Extreme
CAND_02215,Al31.20Mn22.19Ti16.25W30.36,4,31.2,0.0,0.0,0.0,0.0,22.19,0.0,0.0,0.0,16.25,0.0,30.36,100.0,True,917.8524,1530.5532,47.385025,475.2556666666666,1.6675373640303086,True,0.46746054,0.7539381528531601,0.5038504497731482,0.5827389723871272,0.5797930700127119,False,459,1407.096309407552,220.4605965451184,0.1566776879956011,Medium,0.4674605407462384,0.7539381528531601,0.5038504497731482,0.5827389723871272,0.5769970289399184,0.1566776879956011,0.4988399403984291,306,5.470397069907644,R01772,Cr1 Nb1 Ti1 W1,Cr:25.0000;Nb:25.0000;Ti:25.0000;W:25.0000,97.98,0.6722199913373735,0.6432736841326022,33,Extreme
CAND_02559,Al42.10Nb8.86V25.14W23.90,4,42.1,0.0,0.0,0.0,0.0,0.0,0.0,8.86,0.0,0.0,25.14,23.9,100.0,True,1059.4282,1132.5347,40.271873,608.024,1.0690055973404728,True,0.58553076,0.4413651104611237,0.3766270956773762,0.8672500630373802,0.532313055805433,False,970,1408.0400146484376,199.72938382626552,0.1418492242751598,Low,0.58553071251975,0.4413651104611237,0.3766270956773762,0.8672500630373802,0.5676932454239075,0.1418492242751598,0.4971700583185808,315,5.199464848222046,R00681,Al1 Nb1 Ti1 V1 Zr0.1,Al:24.3902;Nb:24.3902;Ti:24.3902;V:24.3902;Zr:2.4390,96.72,0.6358002124605328,0.6406726722492865,34,Extreme
CAND_02706,Al20.22Co7.02Cr6.73Cu24.50W41.53,5,20.22,7.02,6.73,24.5,0.0,0.0,0.0,0.0,0.0,0.0,0.0,41.53,100.0,True,831.15314,1486.8602,46.86783,361.297,1.7889124560082594,True,0.39515585,0.7196250394143747,0.4946000805104693,0.338535375577783,0.5088645998609582,False,1377,1409.5520670572917,162.5567796531835,0.1153251330350298,Low,0.3951558352751315,0.7196250394143747,0.4946000805104693,0.338535375577783,0.4869790826944397,0.1153251330350298,0.4366252209965619,935,6.451333469553612,R00957,Cr1 Fe1 Ni1 V0.5 W1,Cr:22.2222;Fe:22.2222;Ni:22.2222;V:11.1111;W:22.2222,99.66000000000001,0.8040813349054632,0.6397638995336519,35,Extreme
CAND_00486,Al31.72Cu16.15Fe14.56W37.57,4,31.72,0.0,0.0,16.15,14.56,0.0,0.0,0.0,0.0,0.0,0.0,37.57,100.0,True,781.60175,1452.9003,45.643272,484.936,1.8588754543715984,True,0.3538314,0.6929555522866926,0.4726980635080476,0.6034830920531471,0.522733072963746,False,1118,1440.9541422526042,188.0163187367195,0.1304804318358103,Low,0.3538313919104021,0.6929555522866926,0.4726980635080476,0.6034830920531471,0.5307420249395723,0.1304804318358103,0.4694836018326204,528,5.753683177732334,R00957,Cr1 Fe1 Ni1 V0.5 W1,Cr:22.2222;Fe:22.2222;Ni:22.2222;V:11.1111;W:22.2222,99.0,0.7103004283620573,0.6388683240585168,36,Extreme
CAND_03059,Al28.72Cr8.67Cu19.40Mo7.91W35.30,5,28.72,0.0,8.67,19.4,0.0,0.0,7.91,0.0,0.0,0.0,0.0,35.3,100.0,True,902.3696,1480.113,44.678642,468.0903333333333,1.640251347769788,True,0.45454836,0.7143263087482686,0.4554450279956047,0.5673842808702799,0.5496313113500236,False,744,1336.7986328125,188.7882684178391,0.1412241632987357,Low,0.454548327956094,0.7143263087482686,0.4554450279956047,0.5673842808702799,0.5479259863925618,0.1412241632987357,0.4801212627752016,430,5.578064860827775,R01647,Al1 Cr1 Cu1 Fe1 Mn1 W0.5,Al:18.1818;Cr:18.1818;Cu:18.1818;Fe:18.1818;Mn:18.1818;W:9.0909,98.4,0.6866931208642832,0.6371554491214165,41,Extreme
CAND_01949,Al41.17Cu15.95Mo16.95W25.93,4,41.17,0.0,0.0,15.95,0.0,0.0,16.95,0.0,0.0,0.0,0.0,25.93,100.0,True,664.64777,1282.9698,48.161583,595.554,1.9303003265963483,True,0.2562951,0.5595052393484751,0.5177396951329978,0.8405279282381033,0.500254223720545,False,1559,1369.2460367838542,154.4873547017508,0.1128265852531642,Low,0.2562951144661226,0.5595052393484751,0.5177396951329978,0.8405279282381033,0.5435169942964246,0.1128265852531642,0.4884112237242933,365,4.835603997611858,R01594,Al0.947 Co0.158 Mo1 Ni0.289 W0.237,Al:35.9939;Co:6.0053;Mo:38.0084;Ni:10.9844;W:9.0080,94.06,0.5868886004022956,0.6360886709607159,43,Extreme
CAND_01690,Al43.13Mn12.50Mo15.17W29.20,4,43.13,0.0,0.0,0.0,0.0,12.5,15.17,0.0,0.0,0.0,0.0,29.2,100.0,True,598.79315,1333.296,48.48458,622.953,2.2266386912885383,True,0.20137426,0.5990275566428473,0.5235167067451315,0.8992416228143171,0.5058859673628011,False,1439,1365.3983235677083,173.49577012980544,0.127066048884893,Low,0.2013742431344448,0.5990275566428473,0.5235167067451315,0.8992416228143171,0.5557900323341852,0.127066048884893,0.4931299570988567,334,4.918365871867601,R01594,Al0.947 Co0.158 Mo1 Ni0.289 W0.237,Al:35.9939;Co:6.0053;Mo:38.0084;Ni:10.9844;W:9.0080,94.66,0.5980137782828537,0.6354702537580201,45,Extreme
CAND_01704,Al18.55Cr18.77Mn32.86Nb29.82,4,18.55,0.0,18.77,0.0,0.0,32.86,0.0,29.82,0.0,0.0,0.0,0.0,100.0,True,1109.1797,1713.0182,46.335064,332.2163333333333,1.5444009832717027,True,0.627022,0.8972320956725589,0.4850712137762581,0.2762180143332359,0.6199767456668579,False,254,1462.387939453125,158.0933696194129,0.1081063138954315,Low,0.6270220419064803,0.8972320956725589,0.4850712137762581,0.2762180143332357,0.5713858414221332,0.1081063138954315,0.5156417161937163,224,3.9182522079458666,R02703,Al0.8CrFeMnNi,Al:16.7167;Cr:20.8208;Fe:20.8208;Mn:20.8208;Ni:20.8208,76.3,0.4635745511391565,0.6336092931549729,49,Very High
CAND_00288,Al36.73Cr7.80Cu40.85W14.62,4,36.73,0.0,7.8,40.85,0.0,0.0,0.0,0.0,0.0,0.0,0.0,14.62,100.0,True,823.59515,1471.203,47.007423,518.9994,1.7863181846039764,True,0.38885272,0.7073290817155727,0.4970967921888212,0.6764780212048461,0.554600444860627,False,693,1419.9754150390625,194.61086058694056,0.1370522746561686,Low,0.3888526875792507,0.7073290817155727,0.4970967921888212,0.6764780212048461,0.5674391456721227,0.1370522746561686,0.499044026664218,302,4.805889036642752,R00477,Al1 Cu1 Ni1 Ti1,Al:25.0000;Cu:25.0000;Ni:25.0000;Ti:25.0000,93.74,0.582894198034442,0.6318989700789404,54,Extreme
CAND_04680,Al36.32Co6.06Cu25.88Ni6.70W25.04,5,36.32,6.06,0.0,25.88,0.0,0.0,0.0,0.0,6.7,0.0,0.0,25.04,100.0,True,708.74146,1472.5143,47.74105,528.2944,2.077646636089156,True,0.293068,0.7083588756334149,0.5102181886661098,0.6963964047621257,0.5324420680909361,False,968,1327.01787109375,166.2606890694448,0.1252889600743733,Low,0.2930679919806975,0.7083588756334149,0.5102181886661098,0.6963964047621257,0.552010365260587,0.1252889600743733,0.4905498808271462,347,4.85372925753374,R01647,Al1 Cr1 Cu1 Fe1 Mn1 W0.5,Al:18.1818;Cr:18.1818;Cu:18.1818;Fe:18.1818;Mn:18.1818;W:9.0909,94.14,0.5893250693993507,0.6318062580299171,55,Extreme
CAND_02080,Al42.77Cr6.98Cu41.91V8.34,4,42.77,0.0,6.98,41.91,0.0,0.0,0.0,0.0,0.0,0.0,8.34,0.0,100.0,True,1020.6033,1049.1132,46.859726,604.588,1.027934388721055,True,0.55315185,0.3758522962177977,0.4944551351948636,0.8598870112995841,0.5312980840990593,False,984,1455.0495198567708,194.0013367627569,0.1333297142916851,Low,0.5531518553132965,0.3758522962177977,0.4944551351948636,0.8598870112995841,0.5708365745063855,0.1333297142916851,0.503680938837071,277,4.507092917199732,R00477,Al1 Cu1 Ni1 Ti1,Al:25.0000;Cu:25.0000;Ni:25.0000;Ti:25.0000,89.84,0.5427288440146424,0.6283770439773527,61,Very High
CAND_00186,Al23.48Cu10.65Mn21.02W44.85,4,23.48,0.0,0.0,10.65,0.0,21.02,0.0,0.0,0.0,0.0,0.0,44.85,100.0,True,648.13727,1539.9425,51.693375,374.4050333333333,2.375951169409104,True,0.24252585,0.7613117851514869,0.5809080942068002,0.3666247607972495,0.5013720314169021,False,1524,1459.837996419271,198.31256767947724,0.1358455994198695,Low,0.2425258292417652,0.7613117851514869,0.5809080942068002,0.3666247607972494,0.4878426173493254,0.1358455994198695,0.4294972992794882,1036,6.581230076000644,R00957,Cr1 Fe1 Ni1 V0.5 W1,Cr:22.2222;Fe:22.2222;Ni:22.2222;V:11.1111;W:22.2222,99.76,0.8215425495746536,0.6248904725187319,70,Extreme
CAND_02311,Al39.63Mn26.97Nb9.21W24.19,4,39.63,0.0,0.0,0.0,0.0,26.97,0.0,9.21,0.0,0.0,0.0,24.19,100.0,True,732.96356,1580.4634,42.32045,547.5543333333333,2.1562646247546087,True,0.31326854,0.7931337758214267,0.4132672289211835,0.7376687812463613,0.5458878228308305,False,789,1355.5095540364584,213.96591111356847,0.1578490616140752,Medium,0.3132685312516405,0.7931337758214267,0.4132672289211835,0.7376687812463613,0.5643345793101531,0.1578490616140752,0.4873990902781872,371,5.237071470832434,R01647,Al1 Cr1 Cu1 Fe1 Mn1 W0.5,Al:18.1818;Cr:18.1818;Cu:18.1818;Fe:18.1818;Mn:18.1818;W:9.0909,96.88,0.6408554431424134,0.6234993138458269,72,Extreme
CAND_04203,Al17.22Co34.32Mo11.13Ni16.32W21.01,5,17.22,34.32,0.0,0.0,0.0,0.0,11.13,0.0,16.32,0.0,0.0,21.01,100.0,True,928.675,1481.3026,62.657234,336.318,1.5950710630425955,True,0.47648633,0.7152605288692668,0.7770038497611756,0.285007532341926,0.5945261515117882,False,356,1261.4939412434896,148.08390248474845,0.1173877239067656,Low,0.4764862798982404,0.7152605288692668,0.7770038497611756,0.285007532341926,0.5634395477176521,0.1173877239067656,0.5042471253824741,271,4.074705906890279,R01592,Al1 Co1 Cr0.091 Nb0.727 W0.212,Al:33.0033;Co:33.0033;Cr:3.0033;Nb:23.9934;W:6.9967,80.82000000000001,0.4846056750289962,0.623059349542469,73,Very High
CAND_02592,Al21.36Cu6.68Fe10.81Ni5.97Ti12.55W42.63,6,21.36,0.0,0.0,6.68,10.81,0.0,0.0,0.0,5.97,12.55,0.0,42.63,100.0,True,1078.4211,1385.5215,44.81098,376.642,1.2847684872791962,True,0.6013703,0.6400414377198458,0.4578119792760393,0.3714183874859548,0.5425892697442688,False,837,1530.949462890625,185.48104012022424,0.1211542540209085,Low,0.6013702484113157,0.6400414377198458,0.4578119792760393,0.3714183874859548,0.5176605132232889,0.1211542540209085,0.4617210445099332,614,5.315733584482154,R00957,Cr1 Fe1 Ni1 V0.5 W1,Cr:22.2222;Fe:22.2222;Ni:22.2222;V:11.1111;W:22.2222,97.16,0.6514295150164935,0.6220785646660689,77,Extreme
CAND_03366,Al24.06Co9.19Cr21.43Fe7.19W38.13,5,24.06,9.19,21.43,0.0,7.19,0.0,0.0,0.0,0.0,0.0,0.0,38.13,100.0,True,907.7528,1730.1254,50.037045,418.4280333333333,1.9059433201220333,True,0.45903778,0.9106667715753348,0.5512835539060374,0.460962254002427,0.6178766041989183,False,263,1397.399287923177,223.2370180966239,0.159751776049922,Medium,0.4590377629350322,0.9106667715753348,0.5512835539060374,0.460962254002427,0.5954875856047079,0.159751776049922,0.5134612405017562,232,4.440543899611541,R00957,Cr1 Fe1 Ni1 V0.5 W1,Cr:22.2222;Fe:22.2222;Ni:22.2222;V:11.1111;W:22.2222,88.94,0.5337830623355422,0.6214327863186823,78,Very High
CAND_00533,Al36.41Co8.74Mn30.22Nb5.76W18.87,5,36.41,8.74,0.0,0.0,0.0,30.22,0.0,5.76,0.0,0.0,0.0,18.87,100.0,True,805.5912,1591.5635,49.52366,515.4413333333333,1.975646614095245,True,0.37383792,0.801850938535863,0.5421013289736224,0.6688533911253367,0.5885599993760221,False,391,1413.0679524739585,234.8045162566962,0.1661664719276998,High,0.3738379077291512,0.801850938535863,0.5421013289736224,0.6688533911253367,0.5966608915909932,0.1661664719276998,0.5116429823305579,238,4.5748370497573925,R01694,Al0.774 Fe1 Mn0.903 Ni0.484 Ti0.097,Al:23.7569;Fe:30.6937;Mn:27.7164;Ni:14.8557;Ti:2.9773,90.72,0.5518352777662412,0.6207018101894987,81,Extreme
CAND_04816,Al17.92Cu29.96Ni11.63Ti5.18W35.31,5,17.92,0.0,0.0,29.96,0.0,0.0,0.0,0.0,11.63,5.18,0.0,35.31,100.0,True,901.42535,1466.665,45.855797,322.422,1.6270509737555532,True,0.4537609,0.7037652863985835,0.4764992114842478,0.2552296024966373,0.5046671057516652,False,1462,1488.2499348958331,159.21048916919847,0.1069783276559269,Low,0.4537608504373575,0.7037652863985835,0.4764992114842478,0.2552296024966373,0.4723137377042066,0.1069783276559269,0.4266693628088914,1087,5.997647941829914,R01647,Al1 Cr1 Cu1 Fe1 Mn1 W0.5,Al:18.1818;Cr:18.1818;Cu:18.1818;Fe:18.1818;Mn:18.1818;W:9.0909,99.28,0.7430951351226478,0.6201419884413911,84,Extreme
CAND_00060,Al18.19Nb14.32Ni18.97Ti14.17W34.35,5,18.19,0.0,0.0,0.0,0.0,0.0,0.0,14.32,18.97,14.17,0.0,34.35,100.0,True,1184.5293,1368.6514,55.52749,324.4528,1.1554390453750254,True,0.6898615,0.6267929618764919,0.6494837369442127,0.2595814317949829,0.5963044953958163,False,349,1545.3094075520833,170.10892340876842,0.1100808178462053,Low,0.6898614552459449,0.6267929618764919,0.6494837369442127,0.2595814317949831,0.5564298964654082,0.1100808178462053,0.501251699443831,289,3.9355916757713576,R01772,Cr1 Nb1 Ti1 W1,Cr:25.0000;Nb:25.0000;Ti:25.0000;W:25.0000,76.92,0.4659053908603149,0.6195221051416698,86,Very High
CAND_04950,Al42.25Fe25.06Mo9.03W23.66,4,42.25,0.0,0.0,0.0,25.06,0.0,9.03,0.0,0.0,0.0,0.0,23.66,100.0,True,781.8085,1502.4084,44.227493,536.3116666666666,1.921709030310364,True,0.35400382,0.7318353969171537,0.4473759344380716,0.7135767159560643,0.5446322596013319,False,806,1125.4677734375,159.91512761646348,0.1420877002351093,Low,0.3540038155026698,0.7318353969171537,0.4473759344380716,0.7135767159560643,0.5616979657034898,0.1420877002351093,0.4918168417257791,341,4.6878675815153645,R01091,Al1 Co0.289 Cr0.158 Cu0.237 Fe0.816 Ni0.132,Al:37.9939;Co:10.9802;Cr:6.0030;Cu:9.0046;Fe:31.0030;Ni:5.0152,92.24,0.567029288088624,0.6181376495078466,89,Extreme
CAND_00587,Al32.56Cu5.97Fe20.90W40.57,4,32.56,0.0,0.0,5.97,20.9,0.0,0.0,0.0,0.0,0.0,0.0,40.57,100.0,True,770.53937,1511.745,46.222374,450.1866666666666,1.9619309063467536,True,0.3446057,0.7391676426986876,0.4830556797664335,0.5290182669113396,0.525248668502847,False,1083,1363.2426595052084,189.03066539257824,0.1386625220935994,Low,0.3446056830899408,0.7391676426986876,0.4830556797664335,0.5290182669113396,0.5239618181166004,0.1386625220935994,0.4601554964268246,636,5.5002691701403705,R00957,Cr1 Fe1 Ni1 V0.5 W1,Cr:22.2222;Fe:22.2222;Ni:22.2222;V:11.1111;W:22.2222,98.1,0.6762355169854273,0.6166083875797576,94,Extreme
CAND_02004,Al17.36Cu8.57Mn37.22Mo8.63W28.22,5,17.36,0.0,0.0,8.57,0.0,37.22,8.63,0.0,0.0,0.0,0.0,28.22,100.0,True,843.9568,1546.0818,51.651527,321.4863333333334,1.8319442696769628,True,0.40583372,0.766133118027113,0.5801596154842592,0.2532245495059512,0.5346136455039386,False,940,1439.7144124348958,156.01897701181582,0.1083680038653992,Low,0.4058337218597713,0.766133118027113,0.5801596154842592,0.2532245495059512,0.5013377512192737,0.1083680038653992,0.4523206637785228,720,5.088044402072172,R01647,Al1 Cr1 Cu1 Fe1 Mn1 W0.5,Al:18.1818;Cr:18.1818;Cu:18.1818;Fe:18.1818;Mn:18.1818;W:9.0909,95.94,0.6208226362021934,0.6129601509987544,103,Extreme
CAND_01666,Al42.01Cu9.96Fe15.67Mo14.14W18.22,5,42.01,0.0,0.0,9.96,15.67,0.0,14.14,0.0,0.0,0.0,0.0,18.22,100.0,True,732.24854,1342.7458,52.358955,559.639,1.8337295816009789,True,0.31267223,0.6064487009765811,0.5928124257913162,0.7635651799368982,0.5384741635077778,False,885,1443.0444173177084,192.51264593214577,0.1334072906016178,Low,0.312672225002822,0.6064487009765811,0.5928124257913162,0.7635651799368982,0.5688746329269043,0.1334072906016178,0.501915452321595,286,4.031534955328807,R01091,Al1 Co0.289 Cr0.158 Cu0.237 Fe0.816 Ni0.132,Al:37.9939;Co:10.9802;Cr:6.0030;Cu:9.0046;Fe:31.0030;Ni:5.0152,79.60000000000001,0.4788024652815924,0.6106476486210397,108,Very High
CAND_03980,Al29.64Cr23.54Ti5.41V24.17W17.24,5,29.64,0.0,23.54,0.0,0.0,0.0,0.0,0.0,0.0,5.41,24.17,17.24,100.0,True,1226.9988,1387.8925,49.728493,489.54673333333335,1.1311278571893315,True,0.7252798,0.641903438314068,0.5457649005224238,0.6133634960352522,0.6386007353643732,False,48,1381.2388264973958,252.9855184437363,0.1831584180740616,High,0.7252798047105792,0.641903438314068,0.5457649005224238,0.6133634960352522,0.6315779098955808,0.1831584180740616,0.5338067161992218,140,3.881086322337139,R00837,Al0.667 Cr1 Nb0.667 Ti0.667 V0.667,Al:18.1843;Cr:27.2628;Nb:18.1843;Ti:18.1843;V:18.1843,75.14,0.4585785660650646,0.6106095347820296,109,Very High
CAND_02322,Al36.30Mn17.99Nb39.91W5.80,4,36.3,0.0,0.0,0.0,0.0,17.99,0.0,39.91,0.0,0.0,0.0,5.8,100.0,True,825.5865,1490.4341,48.971794,551.683,1.8053034101216368,True,0.39051342,0.7224317049241559,0.5322308463055426,0.7465161579270307,0.5789186787346456,False,467,1389.070751953125,220.37158362306693,0.1586467667778693,Medium,0.3905134165778591,0.7224317049241559,0.5322308463055426,0.7465161579270307,0.5979230314336471,0.1586467667778693,0.5160529063542265,220,3.9354786881503263,R01592,Al1 Co1 Cr0.091 Nb0.727 W0.212,Al:33.0033;Co:33.0033;Cr:3.0033;Nb:23.9934;W:6.9967,76.9,0.4658902026182218,0.6076110807425072,116,Very High
CAND_00257,Al32.96Co30.70Cu12.31W24.03,4,32.96,30.7,0.0,12.31,0.0,0.0,0.0,0.0,0.0,0.0,0.0,24.03,100.0,True,750.31134,1454.7909,57.38807,542.5459333333333,1.9389163162004444,True,0.3277361,0.6944402837600949,0.6827614214592506,0.7269362118855996,0.586383706614346,False,405,1138.295536295573,202.71904541484497,0.1780899941631734,Low,0.327736084071325,0.6944402837600949,0.6827614214592506,0.7269362118855996,0.6079685002940676,0.1780899941631734,0.5160628672734995,218,4.227984406235618,R01592,Al1 Co1 Cr0.091 Nb0.727 W0.212,Al:33.0033;Co:33.0033;Cr:3.0033;Nb:23.9934;W:6.9967,84.46000000000001,0.5052099760530703,0.6070772311470716,117,Very High
CAND_04407,Al17.27Cu10.86Nb31.00W40.87,4,17.27,0.0,0.0,10.86,0.0,0.0,0.0,31.0,0.0,0.0,0.0,40.87,100.0,True,935.1529,1481.4935,52.101776,353.466,1.5842259709448363,True,0.4818887,0.7154104470107419,0.5882126119559031,0.3217542177900415,0.5545060451173788,False,696,1357.794344075521,181.1207304217873,0.1333933457685056,Low,0.4818886633969149,0.7154104470107419,0.5882126119559031,0.3217542177900415,0.5268164850384003,0.1333933457685056,0.464813462162325,576,4.985662782390361,R01772,Cr1 Nb1 Ti1 W1,Cr:25.0000;Nb:25.0000;Ti:25.0000;W:25.0000,95.22,0.6070600946828928,0.6068768015761428,119,Extreme
CAND_04289,Al33.75Cr16.05Cu40.86Mo9.34,4,33.75,0.0,16.05,40.86,0.0,0.0,9.34,0.0,0.0,0.0,0.0,0.0,100.0,True,963.69324,1472.0035,44.42255,492.17513333333335,1.527460651396687,True,0.5056905,0.7079577326964563,0.4508646558628154,0.6189959306067375,0.569660030858289,False,552,1460.0373697916666,209.365374283284,0.1433972709295505,Low,0.5056904914372609,0.7079577326964563,0.4508646558628154,0.6189959306067375,0.5708772026508175,0.1433972709295505,0.4992815858189954,299,4.113918084320393,R00232,AlCrCuFeNi0.6,Al:21.7391;Cr:21.7391;Cu:21.7391;Fe:21.7391;Ni:13.0435,81.94,0.4898767307284598,0.6053988103728498,122,Very High
CAND_03857,Al18.41Cu11.04Mn5.46Mo14.46Ti12.93W37.70,6,18.41,0.0,0.0,11.04,0.0,5.46,14.46,0.0,0.0,12.93,0.0,37.7,100.0,True,1009.0049,1220.8262,49.903404,361.038,1.2099309139090282,True,0.5434791,0.510702447224004,0.5488932976223657,0.3379803609095382,0.5041748501207224,False,1467,1569.3667805989585,153.16472863781104,0.0975965150602683,Low,0.5434791211292207,0.510702447224004,0.5488932976223657,0.3379803609095382,0.4852638067212821,0.0975965150602683,0.442114930270744,855,4.951617675694804,R01493,Cr1 Mo1 Nb1 Ti1 W1,Cr:20.0000;Mo:20.0000;Nb:20.0000;Ti:20.0000;W:20.0000,94.96,0.6024836170311151,0.605159601364945,124,Extreme
CAND_00432,Al30.20Cu44.00Mn11.54Ti14.26,4,30.2,0.0,0.0,44.0,0.0,11.54,0.0,0.0,0.0,14.26,0.0,0.0,100.0,True,1003.7784,1419.1122,46.63067,471.8513333333333,1.4137704361541672,True,0.53912044,0.666420983633109,0.4903583195221827,0.5754437795856031,0.5705685726227353,False,543,1407.2779947916667,194.40411935664164,0.1381419450002991,Low,0.5391203694726928,0.666420983633109,0.4903583195221827,0.5754437795856031,0.5678358630533968,0.1381419450002991,0.4989148019259123,303,4.000858196194276,R00477,Al1 Cu1 Ni1 Ti1,Al:25.0000;Cu:25.0000;Ni:25.0000;Ti:25.0000,78.68,0.47467877420717225,0.6041225682260292,129,Very High
CAND_04176,Al32.10Fe14.63Mn20.21Ti5.25W27.81,5,32.1,0.0,0.0,0.0,14.63,20.21,0.0,0.0,0.0,5.25,0.0,27.81,100.0,True,828.1932,1598.4054,39.011528,471.3476666666666,1.929991028421378,True,0.39268732,0.807224039280532,0.354085004883051,0.574364465346584,0.5346493364702591,False,939,1449.7431925455728,204.2242184262396,0.1408692377217834,Low,0.3926873298932846,0.807224039280532,0.354085004883051,0.574364465346584,0.5320902098508629,0.1408692377217834,0.4663901806252579,559,4.967706001307421,R01647,Al1 Cr1 Cu1 Fe1 Mn1 W0.5,Al:18.1818;Cr:18.1818;Cu:18.1818;Fe:18.1818;Mn:18.1818;W:9.0909,95.1,0.6046462732765212,0.6034913871820418,132,Extreme
CAND_03775,Al14.21Cr43.51Mn14.27W28.01,4,14.21,0.0,43.51,0.0,0.0,14.27,0.0,0.0,0.0,0.0,0.0,28.01,100.0,True,803.0081,1664.4427,58.61843,349.32,2.072759494409031,True,0.37168372,0.8590846431779781,0.7047672110087039,0.3128696972705705,0.5923527712888155,False,369,1114.4559041341147,161.57544186985098,0.1449814580105691,Low,0.3716836761393728,0.8590846431779781,0.7047672110087039,0.3128696972705705,0.5621013068991564,0.1449814580105691,0.4909261219616779,345,4.300662722654315,R00957,Cr1 Fe1 Ni1 V0.5 W1,Cr:22.2222;Fe:22.2222;Ni:22.2222;V:11.1111;W:22.2222,86.11999999999999,0.5149796822793811,0.6026522358042237,136,Very High
CAND_01504,Al34.36Nb16.91Ti6.40V18.22W24.11,5,34.36,0.0,0.0,0.0,0.0,0.0,0.0,16.91,0.0,6.4,18.22,24.11,100.0,True,997.02295,1206.4575,44.403442,523.3727333333334,1.2100599097998288,True,0.53348655,0.4994183780809405,0.4505228968437388,0.6858496974562899,0.5253796587596646,False,1077,1393.0635579427085,182.3114249579449,0.1308708593505844,Low,0.5334865172048097,0.4994183780809405,0.4505228968437388,0.6858496974562899,0.5423193723964447,0.1308708593505844,0.4795590653983938,437,4.3373248752100775,R00826,Nb1 Ta1 Ti1 V1 W1,Nb:20.0000;Ta:20.0000;Ti:20.0000;V:20.0000;W:20.0000,86.74,0.5199079535677601,0.6007582682061732,139,Very High
CAND_02732,Al18.14Cr34.49V38.64W8.73,4,18.14,0.0,34.49,0.0,0.0,0.0,0.0,0.0,0.0,0.0,38.64,8.73,100.0,True,1311.042,1207.789,60.377052,356.902,0.9212435659553356,False,0.79536945,0.5004640355213484,0.7362213103203192,0.3291172695278374,0.6221729774501067,False,57,1513.5394083658855,239.66086938010804,0.1583446509918505,High,0.7953694320366869,0.5004640355213484,0.7362213103203192,0.3291172695278374,0.590293011851548,0.1583446509918505,0.5096004987342071,249,3.904996768073969,R01819,AlCr1.5NbTiV,Al:18.1818;Cr:27.2727;Nb:18.1818;Ti:18.1818;V:18.1818,75.82,0.4617927025792241,0.6003772376265619,143,Very High
CAND_01263,Al41.99Co6.43Mn16.64Ni8.80V18.76W7.38,6,41.99,6.43,0.0,0.0,0.0,16.64,0.0,0.0,8.8,0.0,18.76,7.38,100.0,True,950.44196,1089.9119,48.73909,601.899,1.146742200948482,True,0.49463934,0.4078924495891611,0.5280687837780579,0.8541247161532125,0.5308954512840243,False,988,1518.260652669271,217.46348445603329,0.1432319833051777,Medium,0.4946393025630402,0.4078924495891611,0.5280687837780579,0.8541247161532125,0.5711813130208679,0.1432319833051777,0.4996197809035536,296,3.947999927481918,R01094,Al1 Co0.255 Cr0.255 Cu0.106 Fe0.277 Ni0.234,Al:47.0146;Co:11.9887;Cr:11.9887;Cu:4.9835;Fe:13.0230;Ni:11.0014,77.4,0.4675733570429095,0.6002430717330136,144,Very High
CAND_03170,Al18.00Cr41.21V25.46W15.33,4,18.0,0.0,41.21,0.0,0.0,0.0,0.0,0.0,0.0,0.0,25.46,15.33,100.0,True,1299.3933,1252.0944,57.40705,354.354,0.9635992349945464,False,0.7856548,0.5352580807036605,0.6831008911150006,0.3236571252240236,0.6155976656492835,False,269,1428.0339477539062,217.1960826453057,0.1520944813580406,Medium,0.7856547490898973,0.5352580807036605,0.6831008911150006,0.3236571252240236,0.5819177115331454,0.1520944813580406,0.5050954769327645,266,3.916658525254828,R01819,AlCr1.5NbTiV,Al:18.1818;Cr:27.2727;Nb:18.1818;Ti:18.1818;V:18.1818,76.25999999999999,0.46336032201998284,0.5997143045938886,145,Very High
CAND_04637,Al27.06Co5.31Cu5.12Fe19.02W43.49,5,27.06,5.31,0.0,5.12,19.02,0.0,0.0,0.0,0.0,0.0,0.0,43.49,100.0,True,773.5752,1548.0615,45.203125,394.54733333333326,2.001177790317633,True,0.34713748,0.7676878217708424,0.4648257478826832,0.4097879729678567,0.5121222296998257,False,1316,1426.9951171875,192.0050697501672,0.1345520159372336,Low,0.3471374785632857,0.7676878217708424,0.4648257478826832,0.4097879729678567,0.4973597552961669,0.1345520159372336,0.4383754541966123,904,5.537406034450422,R00957,Cr1 Fe1 Ni1 V0.5 W1,Cr:22.2222;Fe:22.2222;Ni:22.2222;V:11.1111;W:22.2222,98.2,0.6812276009019754,0.5991829798433217,149,Extreme
CAND_01733,Al22.16Fe13.48Mn14.27Nb24.40W25.69,5,22.16,0.0,0.0,0.0,13.48,14.27,0.0,24.4,0.0,0.0,0.0,25.69,100.0,True,964.96606,1499.0488,45.35074,383.8427,1.553473075604535,True,0.506752,0.7291970261046907,0.4674659382532598,0.386848866720049,0.5456785326112408,False,794,1377.0255126953125,168.4540795878553,0.1223318508152639,Low,0.5067519869473464,0.7291970261046907,0.4674659382532598,0.3868488667200488,0.5225659545063364,0.1223318508152639,0.4656073461042235,568,4.494701319607851,R01772,Cr1 Nb1 Ti1 W1,Cr:25.0000;Nb:25.0000;Ti:25.0000;W:25.0000,89.62,0.541063116544431,0.5975219023842794,151,Very High
CAND_01102,Al32.46Co27.93Mn14.36W25.25,4,32.46,27.93,0.0,0.0,0.0,14.36,0.0,0.0,0.0,0.0,0.0,25.25,100.0,True,667.4169,1491.359,58.38758,542.4725333333332,2.234523978601472,True,0.25860447,0.7231580500737115,0.700638308478151,0.7267789220143671,0.5787051764788099,False,471,1120.460917154948,208.4802186484467,0.1860664798356515,Low,0.2586044897602278,0.7231580500737115,0.700638308478151,0.7267789220143671,0.6022949425816143,0.1860664798356515,0.5078087550919337,254,4.309317991818692,R01592,Al1 Co1 Cr0.091 Nb0.727 W0.212,Al:33.0033;Co:33.0033;Cr:3.0033;Nb:23.9934;W:6.9967,86.32,0.5161431577313779,0.5972102222426767,153,Very High
CAND_00818,Al21.81Co36.51V15.77W25.91,4,21.81,36.51,0.0,0.0,0.0,0.0,0.0,0.0,0.0,0.0,15.77,25.91,100.0,True,981.48834,1224.3788,56.860542,399.6143333333333,1.2474715666508402,True,0.5205312,0.5134923853560305,0.6733262397649139,0.4206461170759512,0.5416355493458881,False,847,1284.0245564778645,173.20645258990217,0.1348934112794657,Low,0.5205310963550988,0.5134923853560305,0.6733262397649139,0.4206461170759512,0.5319989596379986,0.1348934112794657,0.4687655724762989,534,4.605288345068233,R01592,Al1 Co1 Cr0.091 Nb0.727 W0.212,Al:33.0033;Co:33.0033;Cr:3.0033;Nb:23.9934;W:6.9967,91.16,0.5559286611033518,0.597051120123189,154,Extreme
CAND_02914,Al23.71Cu24.17Mo10.16Ni10.51Ti6.30W25.15,6,23.71,0.0,0.0,24.17,0.0,0.0,10.16,0.0,10.51,6.3,0.0,25.15,100.0,True,880.0001,1439.2803,47.556908,379.0481,1.6355455685777742,True,0.43589282,0.6822594543983291,0.5069246891218988,0.3765744523248113,0.5186630285166426,False,1187,1423.8905029296875,159.32149085997946,0.1118916732235883,Low,0.4358928041484406,0.6822594543983291,0.5069246891218988,0.3765744523248113,0.50041284999837,0.1118916732235883,0.450055398425259,746,4.715619230367595,R01647,Al1 Cr1 Cu1 Fe1 Mn1 W0.5,Al:18.1818;Cr:18.1818;Cu:18.1818;Fe:18.1818;Mn:18.1818;W:9.0909,92.60000000000001,0.5707597742905893,0.59622611730473,156,Extreme
CAND_04418,Al18.78Mn15.45V26.44W39.33,4,18.78,0.0,0.0,0.0,0.0,15.45,0.0,0.0,0.0,0.0,26.44,39.33,100.0,True,997.9002,1158.1072,45.70211,358.032,1.160544101778166,True,0.5342182,0.4614477803032801,0.4737504194408727,0.3315387620958552,0.4668682138759702,False,2251,1637.6724853515625,141.78611230284852,0.0865778191739058,Low,0.5342181186380228,0.4614477803032801,0.4737504194408727,0.3315387620958552,0.4502387701195077,0.0865778191739058,0.4143640355752995,1299,5.2474223210515225,R00827,Nb1 Ta1 V1 W1,Nb:25.0000;Ta:25.0000;V:25.0000;W:25.0000,96.89999999999999,0.6422468452939225,0.5959720284071595,158,Extreme
CAND_00273,Al21.45Mn29.60Nb40.21Ti8.74,4,21.45,0.0,0.0,0.0,0.0,29.6,0.0,40.21,0.0,8.74,0.0,0.0,100.0,True,1086.8422,1554.575,48.20617,348.74933333333337,1.430359488065866,True,0.6083932,0.7728030224753838,0.5185371626535946,0.311646807808492,0.5907401792448977,False,379,1410.8833170572916,217.6723211762426,0.1542808810229936,Medium,0.6083932051844501,0.7728030224753838,0.5185371626535946,0.311646807808492,0.5528450495304801,0.1542808810229936,0.4789519246307842,441,4.6050729607243115,R00501,Al0.667 Nb1 Ta0.333 Ti1 Zr0.333,Al:20.0120;Nb:30.0030;Ta:9.9910;Ti:30.0030;Zr:9.9910,91.14,0.5558997082895065,0.5959404185716939,159,Extreme
CAND_03840,Al31.52Cr13.43Fe10.95V23.19W20.91,5,31.52,0.0,13.43,0.0,10.95,0.0,0.0,0.0,0.0,0.0,23.19,20.91,100.0,True,1149.472,1184.462,44.42041,495.3733333333333,1.0304400217703549,True,0.66062474,0.4821448082495531,0.4508263805697012,0.625849397448361,0.549414872967158,False,747,1420.3498616536458,192.31414356266944,0.1353991356318134,Low,0.6606246687830358,0.4821448082495531,0.4508263805697012,0.625849397448361,0.5548613137626628,0.1353991356318134,0.4886927392752507,362,3.983751848099984,R00957,Cr1 Fe1 Ni1 V0.5 W1,Cr:22.2222;Fe:22.2222;Ni:22.2222;V:11.1111;W:22.2222,78.28,0.4723792713606362,0.5951585320410191,161,Very High
CAND_04310,Al24.72Cu37.47Ni8.05W29.76,4,24.72,0.0,0.0,37.47,0.0,0.0,0.0,0.0,8.05,0.0,0.0,29.76,100.0,True,693.1095,1438.3546,46.975227,390.6648333333333,2.075219869414206,True,0.28003138,0.6815324809904542,0.4965209457696151,0.4014681102286273,0.4728196136752203,False,2112,1410.9494791666666,172.78402771751726,0.1224594007572594,Low,0.2800313840126927,0.6815324809904542,0.4965209457696151,0.4014681102286273,0.4648882302503473,0.1224594007572594,0.4141693053100305,1301,5.8486455996651685,R01647,Al1 Cr1 Cu1 Fe1 Mn1 W0.5,Al:18.1818;Cr:18.1818;Cu:18.1818;Fe:18.1818;Mn:18.1818;W:9.0909,99.11999999999999,0.7230656520290174,0.5937359936477129,165,Extreme
CAND_00988,Al34.06Nb24.89Ni17.15W23.90,4,34.06,0.0,0.0,0.0,0.0,0.0,0.0,24.89,17.15,0.0,0.0,23.9,100.0,True,893.9509,1442.741,49.071884,497.54640000000006,1.613892838230479,True,0.4475274,0.6849772213559107,0.5340210211129199,0.6305060919467157,0.5678325610371988,False,571,1284.6915771484375,209.8066539305199,0.1633128586366361,Low,0.4475273727143813,0.6849772213559107,0.5340210211129199,0.6305060919467157,0.5742579267824819,0.1633128586366361,0.4936401437662204,330,4.245997229661947,R01592,Al1 Co1 Cr0.091 Nb0.727 W0.212,Al:33.0033;Co:33.0033;Cr:3.0033;Nb:23.9934;W:6.9967,84.89999999999999,0.5076313308924949,0.5933330835072197,168,Very High
CAND_03142,Co39.54Cr13.72Mo14.77W31.97,4,0.0,39.54,13.72,0.0,0.0,0.0,14.77,0.0,0.0,0.0,0.0,31.97,100.0,True,750.76953,1474.4802,58.366993,318.8746,1.9639584967507293,True,0.32811823,0.7099027419211339,0.7002700965812633,0.2476278301640827,0.5236179976685782,False,1104,1070.8868326822917,124.64287989596237,0.1163922051256943,Low,0.3281182014388759,0.7099027419211339,0.7002700965812633,0.2476278301640827,0.496479717526339,0.1163922051256943,0.4447180079248587,823,4.810516217035489,R01493,Cr1 Mo1 Nb1 Ti1 W1,Cr:20.0000;Mo:20.0000;Nb:20.0000;Ti:20.0000;W:20.0000,93.8,0.5835162018908984,0.5916819142594056,175,Extreme
CAND_00027,Al24.41Cr13.39Mn25.90Mo6.82V15.59W13.89,6,24.41,0.0,13.39,0.0,0.0,25.9,6.82,0.0,0.0,0.0,15.59,13.89,100.0,True,1144.6024,1250.3501,51.369118,378.1543666666667,1.0923881353367213,True,0.6565636,0.5338882419704248,0.5751085466744217,0.374659258851841,0.5571115750785903,False,668,1556.8997721354167,196.5013085224448,0.1262132039835339,Low,0.6565635615283476,0.5338882419704248,0.5751085466744217,0.374659258851841,0.5350549022562587,0.1262132039835339,0.4750920166481032,473,4.087465575771042,R02927,BBC01,Al:4.0000;Co:12.0000;Cr:4.0000;Cu:8.0000;Fe:4.0000;Mn:32.0000;Ni:20.0000;V:16.0000,81.08,0.48632088009500113,0.5907033276523798,178,Very High
CAND_00464,Al25.41Cu14.50Fe11.84Mo16.12W32.13,5,25.41,0.0,0.0,14.5,11.84,0.0,16.12,0.0,0.0,0.0,0.0,32.13,100.0,True,758.1519,1284.597,46.75769,426.1433333333333,1.6943794139883064,True,0.33427492,0.5607831167702038,0.4926301549106637,0.4774954766661689,0.4632992780615202,False,2317,1413.6877360026042,151.562357021887,0.1072106329863555,Low,0.3342748870729716,0.5607831167702038,0.4926301549106637,0.4774954766661689,0.466295908855002,0.1072106329863555,0.4211447171504433,1179,5.276667761970533,R01493,Cr1 Mo1 Nb1 Ti1 W1,Cr:20.0000;Mo:20.0000;Nb:20.0000;Ti:20.0000;W:20.0000,97.0,0.6461781329229815,0.5905572327267196,179,Extreme
CAND_02200,Al26.26Mn8.75Nb32.04Ti11.99W20.96,5,26.26,0.0,0.0,0.0,0.0,8.75,0.0,32.04,0.0,11.99,0.0,20.96,100.0,True,1077.4188,1403.1108,45.91082,444.8293333333333,1.3022891096126707,True,0.6005344,0.6538547177923706,0.4774833336585541,0.5175379635033209,0.5733182571225286,False,510,1361.062862141927,202.074125088625,0.1484678854366929,Low,0.600534358851316,0.6538547177923706,0.4774833336585541,0.5175379635033209,0.5623525934513904,0.1484678854366929,0.4896546090512245,356,4.000010402885534,R01772,Cr1 Nb1 Ti1 W1,Cr:25.0000;Nb:25.0000;Ti:25.0000;W:25.0000,78.62,0.4745648104835312,0.5893689906938447,187,Very High
CAND_02044,Al19.76Co28.84Cr6.23Cu11.03Mn12.38W21.76,6,19.76,28.84,6.23,11.03,0.0,12.38,0.0,0.0,0.0,0.0,0.0,21.76,100.0,True,777.7706,1456.797,62.563553,377.4912,1.8730419278232413,True,0.35063636,0.6960157200283655,0.7753283040909796,0.373238149865389,0.5638134249100231,False,602,1214.895751953125,168.4880285515859,0.138685173835464,Low,0.3506363222827532,0.6960157200283655,0.7753283040909796,0.3732381498653891,0.5488046240668719,0.138685173835464,0.4819634405340666,410,4.0583739063636575,R01647,Al1 Cr1 Cu1 Fe1 Mn1 W0.5,Al:18.1818;Cr:18.1818;Cu:18.1818;Fe:18.1818;Mn:18.1818;W:9.0909,80.25999999999999,0.48241026303962325,0.5893051247211067,188,Very High
CAND_03220,Al20.75Cu24.99Mo10.16Nb10.77Ti15.58W17.75,6,20.75,0.0,0.0,24.99,0.0,0.0,10.16,10.77,0.0,15.58,0.0,17.75,100.0,True,1096.5093,1503.7461,43.13555,360.798,1.3713938687712384,True,0.61645526,0.7328859233595373,0.4278458230414081,0.3374660616030565,0.5623837250508164,False,615,1410.5038981119792,169.14555870774643,0.1199185333228466,Low,0.616455290354032,0.7328859233595373,0.4278458230414081,0.3374660616030565,0.5286632745895086,0.1199185333228466,0.4720551172779879,502,4.00762995883726,R00477,Al1 Cu1 Ni1 Ti1,Al:25.0000;Cu:25.0000;Ni:25.0000;Ti:25.0000,78.9,0.4755890612764974,0.5886996627708899,190,Very High
CAND_00251,Al21.78Cu9.51Fe14.10Ni18.58Ti11.85W24.18,6,21.78,0.0,0.0,9.51,14.1,0.0,0.0,0.0,18.58,11.85,0.0,24.18,100.0,True,1109.1819,1355.8918,56.72155,346.2016666666667,1.2224251212744122,True,0.6270239,0.61677255581068,0.6708402773628058,0.3061873778092706,0.5867771203704617,False,401,1505.1477376302084,211.84405441138244,0.1407463527433672,Medium,0.6270238766436169,0.61677255581068,0.6708402773628058,0.3061873778092706,0.5552060219065933,0.1407463527433672,0.486704183249313,377,3.928836723210644,R00957,Cr1 Fe1 Ni1 V0.5 W1,Cr:22.2222;Fe:22.2222;Ni:22.2222;V:11.1111;W:22.2222,76.74,0.4649973634686146,0.5884018504051295,191,Very High
CAND_02415,Al16.07Cu22.35Mn11.86Ni7.53Ti10.44W31.75,6,16.07,0.0,0.0,22.35,0.0,11.86,0.0,0.0,7.53,10.44,0.0,31.75,100.0,True,1030.172,1464.2012,44.57531,343.0513333333334,1.421317220972823,True,0.5611319,0.7018304078393067,0.4535968679077246,0.2994364851071064,0.5372033923922592,False,902,1342.9814615885416,172.30525856942594,0.1283005488144379,Low,0.5611318776945877,0.7018304078393067,0.4535968679077246,0.2994364851071064,0.5039989096371814,0.1283005488144379,0.4466885265337842,789,4.818205296288961,R01647,Al1 Cr1 Cu1 Fe1 Mn1 W0.5,Al:18.1818;Cr:18.1818;Cu:18.1818;Fe:18.1818;Mn:18.1818;W:9.0909,93.86,0.5845497982805627,0.5867577267845238,197,Extreme
CAND_01695,Al20.65Nb5.02Ni5.99Ti28.76W39.58,5,20.65,0.0,0.0,0.0,0.0,0.0,0.0,5.02,5.99,28.76,0.0,39.58,100.0,True,1057.0,1491.7961,44.111443,368.715,1.4113491958372752,True,0.5835057,0.7235013147129923,0.4453003046409276,0.3544315099756206,0.5565919160207442,False,675,1408.911376953125,194.23159878619947,0.137859344429626,Low,0.5835056631038156,0.7235013147129923,0.4453003046409276,0.3544315099756206,0.5266846981083391,0.137859344429626,0.4628732898197975,603,4.492544921273051,R01772,Cr1 Nb1 Ti1 W1,Cr:25.0000;Nb:25.0000;Ti:25.0000;W:25.0000,89.56,0.5407732449668269,0.5858455221516526,205,Very High
CAND_02763,Al20.09Fe16.95Mn12.71Nb21.30W28.95,5,20.09,0.0,0.0,0.0,16.95,12.71,0.0,21.3,0.0,0.0,0.0,28.95,100.0,True,975.46954,1524.1106,45.720467,347.411,1.5624379153844243,True,0.51551163,0.7488786315421785,0.4740787463360573,0.3087788748702643,0.5441535968668987,False,815,1372.5613037109374,170.52930259615763,0.1242416656619304,Low,0.5155115891379725,0.7488786315421785,0.4740787463360573,0.3087788748702643,0.5118119604716181,0.1242416656619304,0.4552508380573795,684,4.475221280760559,R01772,Cr1 Nb1 Ti1 W1,Cr:25.0000;Nb:25.0000;Ti:25.0000;W:25.0000,89.34,0.5384445328155678,0.5858419167893016,206,Very High
CAND_00470,Al26.79Co16.07Mn24.06Ti11.87W21.21,5,26.79,16.07,0.0,0.0,0.0,24.06,0.0,0.0,0.0,11.87,0.0,21.21,100.0,True,831.3382,1445.2714,50.86094,436.639,1.738487906967695,True,0.3953102,0.6869644024202805,0.5660194523267005,0.4999867853650417,0.5411852610927057,False,854,1392.8611775716147,212.48152168617463,0.1525503941868964,Medium,0.3953101700271754,0.6869644024202805,0.5660194523267005,0.4999867853650417,0.5370702025347995,0.1525503941868964,0.4659841385188999,565,4.651562623398593,R00371,Al1 Co0.8 Cr0.8 Fe0.8 Mn0.8 Ni0.8,Al:20.0000;Co:16.0000;Cr:16.0000;Fe:16.0000;Mn:16.0000;Ni:16.0000,91.78,0.5621490322869344,0.5857413153059501,208,Extreme
CAND_01016,Al10.45Cr41.87Mo13.18W34.50,4,10.45,0.0,41.87,0.0,0.0,0.0,13.18,0.0,0.0,0.0,0.0,34.5,100.0,True,841.89404,1540.7228,53.368748,344.781,1.8300673497664712,True,0.40411347,0.7619245726098047,0.610873230959325,0.303143011636736,0.5480011757009231,False,759,1085.3320353190104,140.23509996835404,0.1292093989717486,Low,0.4041134389616522,0.7619245726098047,0.610873230959325,0.303143011636736,0.5200135635418796,0.1292093989717486,0.4605111895237507,631,4.402251572698994,R01493,Cr1 Mo1 Nb1 Ti1 W1,Cr:20.0000;Mo:20.0000;Nb:20.0000;Ti:20.0000;W:20.0000,88.12,0.5286356565742112,0.5855448155822329,209,Very High
CAND_01159,Al16.42Co20.89Ni13.78Ti7.26W41.65,5,16.42,20.89,0.0,0.0,0.0,0.0,0.0,0.0,13.78,7.26,0.0,41.65,100.0,True,774.9531,1579.3453,51.493324,348.5606,2.0379881686392323,True,0.34828666,0.7922557062877278,0.5773300518410229,0.3112423685483114,0.5331815836469254,False,960,1305.4050008138022,196.7442979841475,0.1507151404058473,Low,0.3482866077907858,0.7922557062877278,0.5773300518410229,0.3112423685483115,0.507278683616962,0.1507151404058473,0.4408377588897016,879,5.298759194606635,R00957,Cr1 Fe1 Ni1 V0.5 W1,Cr:22.2222;Fe:22.2222;Ni:22.2222;V:11.1111;W:22.2222,97.08,0.6491477505146948,0.5838842425697606,219,Extreme
CAND_00908,Al36.95Fe26.09Mn10.65Mo5.35W20.96,5,36.95,0.0,0.0,0.0,26.09,10.65,5.35,0.0,0.0,0.0,0.0,20.96,100.0,True,772.54694,1532.7001,45.356613,475.62799999999993,1.983957256844588,True,0.34627995,0.7556241625856511,0.4675709806815117,0.583536850616766,0.5349945106938807,False,935,1130.4805053710938,166.36157171536004,0.1471600535568279,Low,0.3462799391050744,0.7556241625856511,0.4675709806815117,0.583536850616766,0.5382529832472508,0.1471600535568279,0.4692047823478251,529,4.370937086566886,R01091,Al1 Co0.289 Cr0.158 Cu0.237 Fe0.816 Ni0.132,Al:37.9939;Co:10.9802;Cr:6.0030;Cu:9.0046;Fe:31.0030;Ni:5.0152,87.5,0.5244262397190366,0.5825657742683382,222,Very High
CAND_03562,Al26.60Co14.47Fe9.29Mn21.81W27.83,5,26.6,14.47,0.0,0.0,9.29,21.81,0.0,0.0,0.0,0.0,0.0,27.83,100.0,True,639.35425,1546.1346,49.640106,431.91426666666666,2.4182753218942303,True,0.23520105,0.7661745830761958,0.5441840414885577,0.4898620892123576,0.509938012438086,False,1360,1438.8654703776042,210.16700813454207,0.1460643906336758,Low,0.2352010415302341,0.7661745830761958,0.5441840414885577,0.4898620892123576,0.5088554388268363,0.1460643906336758,0.4440024862350732,834,5.045635673957995,R01647,Al1 Cr1 Cu1 Fe1 Mn1 W0.5,Al:18.1818;Cr:18.1818;Cu:18.1818;Fe:18.1818;Mn:18.1818;W:9.0909,95.7,0.615121887539826,0.5812488201009955,231,Extreme
CAND_03849,Al18.14Cr28.23Cu14.37Fe11.18W28.08,5,18.14,0.0,28.23,14.37,11.18,0.0,0.0,0.0,0.0,0.0,0.0,28.08,100.0,True,963.40643,1554.4646,52.999397,358.394,1.6135086362142086,True,0.5054514,0.7727163228273018,0.604267147881299,0.3323144968831318,0.5843642816536355,False,423,1497.418436686198,219.76429611747403,0.1467621145388156,Medium,0.5054513000926499,0.7727163228273018,0.604267147881299,0.3323144968831318,0.5536873169210956,0.1467621145388156,0.4828266559396826,403,3.9124803721627686,R00957,Cr1 Fe1 Ni1 V0.5 W1,Cr:22.2222;Fe:22.2222;Ni:22.2222;V:11.1111;W:22.2222,76.1,0.4627986781860391,0.5807019027462165,235,Very High
CAND_03888,Co40.53Mo23.00Ni7.56Ti5.24W23.67,5,0.0,40.53,0.0,0.0,0.0,0.0,23.0,0.0,7.56,5.24,0.0,23.67,100.0,True,834.13464,1460.159,55.729546,321.9664,1.7505075604790763,True,0.39764234,0.6986559756157869,0.6530976400402206,0.2542532909798329,0.5303019025929105,False,998,1131.7272094726563,144.14490064502206,0.1273671777425837,Low,0.397642321080917,0.6986559756157869,0.6530976400402206,0.2542532909798329,0.5009123069291894,0.1273671777425837,0.4443204634821865,831,4.67359598157585,R01493,Cr1 Mo1 Nb1 Ti1 W1,Cr:20.0000;Mo:20.0000;Nb:20.0000;Ti:20.0000;W:20.0000,92.06,0.565110843280612,0.5801756310847737,237,Extreme
CAND_04719,Al21.41Mn11.37Mo7.13Ti39.73W20.36,5,21.41,0.0,0.0,0.0,0.0,11.37,7.13,0.0,0.0,39.73,0.0,20.36,100.0,True,1002.86285,1333.2863,49.085983,373.54,1.329480192308336,True,0.5383569,0.5990199390107241,0.5342731909061982,0.3647710689496793,0.5294970098367634,False,1006,1383.862548828125,174.24284486184638,0.1259105140242416,Low,0.5383568269338743,0.5990199390107241,0.5342731909061982,0.3647710689496793,0.5091052564501191,0.1259105140242416,0.4521720421905196,721,4.407465603121647,R01493,Cr1 Mo1 Nb1 Ti1 W1,Cr:20.0000;Mo:20.0000;Nb:20.0000;Ti:20.0000;W:20.0000,88.3,0.5293365471285673,0.5796333552388571,239,Very High
CAND_01383,Al38.66Cu21.96Nb6.45V24.63W8.30,5,38.66,0.0,0.0,21.96,0.0,0.0,0.0,6.45,0.0,0.0,24.63,8.3,100.0,True,1116.651,1085.9623,40.91529,549.6924,0.9725171956594102,False,0.6332529,0.4047907382661155,0.3881350275790478,0.7422504737625207,0.5197844369759773,False,1168,1391.0164225260417,203.30500149104543,0.1461557162077569,Low,0.6332528926194655,0.4047907382661155,0.3881350275790478,0.7422504737625207,0.5421072830567873,0.1461557162077569,0.4729787369995742,489,4.151379633326251,R00442,Al1 Co1 Cr1 Cu1 Fe1 Ni1 V1,Al:14.2857;Co:14.2857;Cr:14.2857;Cu:14.2857;Fe:14.2857;Ni:14.2857;V:14.2857,82.89999999999999,0.49491246004367034,0.579450223183158,240,Very High
CAND_01079,Al18.52Cr13.24Mo39.47W28.77,4,18.52,0.0,13.24,0.0,0.0,0.0,39.47,0.0,0.0,0.0,0.0,28.77,100.0,True,960.045,1364.4406,45.953133,358.386,1.421225697012666,True,0.502648,0.6234861242121512,0.4782401292088045,0.3322973535729158,0.5072448743666536,False,1411,1437.207421875,138.060788531952,0.0960618393911687,Low,0.5026479635230906,0.6234861242121512,0.4782401292088045,0.3322973535729158,0.4841678926292405,0.0960618393911687,0.4417341022457109,866,4.142095925593637,R01594,Al0.947 Co0.158 Mo1 Ni0.289 W0.237,Al:35.9939;Co:6.0053;Mo:38.0084;Ni:10.9844;W:9.0080,82.56,0.49366450739826145,0.5785145716510021,248,Very High
CAND_01366,Al19.59Mn20.12Mo7.86Ti19.94W32.49,5,19.59,0.0,0.0,0.0,0.0,20.12,7.86,0.0,0.0,19.94,0.0,32.49,100.0,True,941.433,1548.4237,41.93177,338.0053333333334,1.644751912568873,True,0.48712608,0.7679722657249661,0.4063154340952126,0.2886233421883293,0.5214018731648183,False,1141,1453.0569173177084,183.92576188439608,0.1265784978498409,Low,0.4871260873475817,0.7679722657249661,0.4063154340952126,0.2886233421883293,0.4875092823390224,0.1265784978498409,0.4327344106686487,989,4.936661419594887,R01493,Cr1 Mo1 Nb1 Ti1 W1,Cr:20.0000;Mo:20.0000;Nb:20.0000;Ti:20.0000;W:20.0000,94.84,0.6004731380390058,0.578359663307544,250,Extreme
CAND_00611,Al19.63Cr10.06Nb17.91V31.69W20.71,5,19.63,0.0,10.06,0.0,0.0,0.0,0.0,17.91,0.0,0.0,31.69,20.71,100.0,True,1261.5193,1112.3094,47.075424,361.653,0.8817220722393615,False,0.7540689,0.425481719226064,0.4983130343416482,0.3392982528823975,0.5293381945489652,False,1008,1429.7045491536458,150.26248718414405,0.105100377048598,Low,0.7540689153121614,0.425481719226064,0.4983130343416482,0.3392982528823975,0.5042904804405678,0.105100377048598,0.4563300229680321,673,3.886684448766831,R00827,Nb1 Ta1 V1 W1,Nb:25.0000;Ta:25.0000;V:25.0000;W:25.0000,75.28,0.45933108832109426,0.5782847950002385,252,Very High
CAND_01472,Al36.12Ni19.93V17.18W26.77,4,36.12,0.0,0.0,0.0,0.0,0.0,0.0,0.0,19.93,0.0,17.18,26.77,100.0,True,928.7405,1023.6422,54.991074,491.2534,1.1021832510585232,True,0.4765409,0.3558493366499194,0.6398895875838956,0.6170207355480106,0.5022425851587287,False,1508,1387.4343017578126,205.4216186212955,0.1480586276128795,Low,0.4765409050266251,0.3558493366499194,0.6398895875838956,0.6170207355480108,0.5223251412021128,0.1480586276128795,0.4549638220899626,688,4.661570443845568,R00957,Cr1 Fe1 Ni1 V0.5 W1,Cr:22.2222;Fe:22.2222;Ni:22.2222;V:11.1111;W:22.2222,91.88,0.5634943230221977,0.5778818058254513,255,Extreme
CAND_00985,Al42.60Mn27.83Mo16.32Ti13.25,4,42.6,0.0,0.0,0.0,0.0,27.83,16.32,0.0,0.0,13.25,0.0,0.0,100.0,True,738.282,1220.6046,48.933228,595.4133333333333,1.6533040614047008,True,0.31770396,0.5105284196695208,0.5315410682895438,0.8402264917001376,0.5073889613865423,False,1405,1372.9681884765623,207.651123284099,0.1512424869177103,Low,0.3177039582410492,0.5105284196695208,0.5315410682895438,0.8402264917001376,0.5499999844750629,0.1512424869177103,0.4777446895202856,456,4.009093230944501,R01694,Al0.774 Fe1 Mn0.903 Ni0.484 Ti0.097,Al:23.7569;Fe:30.6937;Mn:27.7164;Ni:14.8557;Ti:2.9773,78.97999999999999,0.47578576009013723,0.576444497668418,266,Very High
CAND_03919,Al28.85Ti9.76V34.87W26.52,4,28.85,0.0,0.0,0.0,0.0,0.0,0.0,0.0,0.0,9.76,34.87,26.52,100.0,True,1032.9143,1076.7595,46.590096,472.4653333333333,1.042448045377524,True,0.56341887,0.3975635686885068,0.4896326271190003,0.5767595286446854,0.4972168162441621,False,1620,1440.6572387695312,201.12451682546973,0.1396060849263845,Low,0.5634188775353407,0.3975635686885068,0.4896326271190003,0.5767595286446854,0.5068436504968833,0.1396060849263845,0.4447533732935658,821,4.76282583457725,R00826,Nb1 Ta1 Ti1 V1 W1,Nb:20.0000;Ta:20.0000;Ti:20.0000;V:20.0000;W:20.0000,93.24,0.5771054723996806,0.5763165047278307,267,Extreme
CAND_02826,Al44.72Cu28.58Mn19.14W7.56,4,44.72,0.0,0.0,28.58,0.0,19.14,0.0,0.0,0.0,0.0,0.0,7.56,100.0,True,614.78296,1484.5201,42.22747,602.817,2.414706000394734,True,0.2147093,0.7177873052977403,0.4116042210923299,0.8560919110005049,0.5110638285197091,False,1336,1417.9013834635416,208.6695648976005,0.1471678970986532,Low,0.2147092877771438,0.7177873052977403,0.4116042210923299,0.8560919110005049,0.5500481812919298,0.1471678970986532,0.4794835897021508,438,3.88354793481737,R01647,Al1 Cr1 Cu1 Fe1 Mn1 W0.5,Al:18.1818;Cr:18.1818;Cu:18.1818;Fe:18.1818;Mn:18.1818;W:9.0909,75.18,0.4589094657330801,0.5762327416106758,268,Very High
CAND_04126,Al15.28Cr37.26Mn31.43W16.03,4,15.28,0.0,37.26,0.0,0.0,31.43,0.0,0.0,0.0,0.0,0.0,16.03,100.0,True,816.22406,1717.99,58.724052,318.926,2.104801958271938,True,0.38270542,0.9011365640632614,0.7066563292373464,0.2477379759322209,0.5989773769750787,False,331,1184.903145345052,195.59535341337173,0.165072862015581,Low,0.382705409142837,0.9011365640632614,0.7066563292373464,0.2477379759322209,0.5595590695939164,0.165072862015581,0.4802781764445846,427,4.154071455807563,R01606,Al0.6 Cr1 Fe1 Mn1 Ni1,Al:13.0435;Cr:21.7391;Fe:21.7391;Mn:21.7391;Ni:21.7391,82.92,0.4952743054488981,0.5760018578892889,269,Very High
CAND_01440,Al23.55Cu36.65Nb21.50W18.30,4,23.55,0.0,0.0,36.65,0.0,0.0,0.0,21.5,0.0,0.0,0.0,18.3,100.0,True,892.48016,1444.3406,48.025284,378.6237,1.61834476434264,True,0.44630086,0.6862334238656189,0.5153018987890001,0.3756649997178495,0.5249355230014418,False,1087,1338.7617838541669,202.6672948362982,0.1513841351617003,Low,0.4463008175797173,0.6862334238656189,0.5153018987890001,0.3756649997178495,0.5058752849880465,0.1513841351617003,0.4393627370217338,896,5.082777618020282,R00477,Al1 Cu1 Ni1 Ti1,Al:25.0000;Cu:25.0000;Ni:25.0000;Ti:25.0000,95.92,0.6201146542967244,0.5747785582871654,272,Extreme
CAND_03805,Al9.36Co41.76Mn9.01Mo20.95W18.92,5,9.36,41.76,0.0,0.0,0.0,9.01,20.95,0.0,0.0,0.0,0.0,18.92,100.0,True,849.8033,1388.9623,53.09706,342.6834,1.6344515567962683,True,0.41070953,0.6427435767517311,0.6060139142137286,0.2986480356980862,0.5123366234187833,False,1305,1078.1092244466147,129.64184133069577,0.1202492645374033,Low,0.4107095358002458,0.6427435767517311,0.6060139142137286,0.2986480356980862,0.4895287656159479,0.1202492645374033,0.4369820013388666,930,4.595248975916078,R00325,Al0.5 Co1 Cr0.5 Fe0.5 Mo0.25 Ni0.5,Al:15.3846;Co:30.7692;Cr:15.3846;Fe:15.3846;Mo:7.6923;Ni:15.3846,90.94,0.5545791294665842,0.5747684181477253,273,Extreme
CAND_03907,Al29.93Co27.83Mn21.94W20.30,4,29.93,27.83,0.0,0.0,0.0,21.94,0.0,0.0,0.0,0.0,0.0,20.3,100.0,True,596.7012,1546.9854,60.072495,492.9268,2.5925630330822784,True,0.1996296,0.7668427357989137,0.7307741101124023,0.6206066874624542,0.5657262358123061,False,589,1119.472810872396,210.9412875834009,0.188429129796387,Medium,0.1996296166104089,0.7668427357989137,0.7307741101124023,0.6206066874624544,0.5794632874960449,0.188429129796387,0.4875875834475078,369,4.2847814552012755,R01592,Al1 Co1 Cr0.091 Nb0.727 W0.212,Al:33.0033;Co:33.0033;Cr:3.0033;Nb:23.9934;W:6.9967,85.72,0.512844859609249,0.5746249580027747,274,Very High
CAND_04063,Al13.62Co42.25Mo22.14W21.99,4,13.62,42.25,0.0,0.0,0.0,0.0,22.14,0.0,0.0,0.0,0.0,21.99,100.0,True,695.7814,1309.4586,59.871635,365.4934,1.881997208553712,True,0.28225967,0.5803075005632531,0.7271815982549757,0.347527898951615,0.4926947394197461,False,1707,1091.9284830729166,136.56390520227876,0.1250667120780283,Low,0.2822596722650751,0.5803075005632531,0.7271815982549757,0.347527898951615,0.4843191675087298,0.1250667120780283,0.4304803993482123,1022,4.862238477540687,R01592,Al1 Co1 Cr0.091 Nb0.727 W0.212,Al:33.0033;Co:33.0033;Cr:3.0033;Nb:23.9934;W:6.9967,94.28,0.590468912347005,0.5746110531964608,275,Extreme
CAND_03011,Al29.93Mn6.09Nb6.11Ti32.96W24.91,5,29.93,0.0,0.0,0.0,0.0,6.09,0.0,6.11,0.0,32.96,0.0,24.91,100.0,True,923.6293,1426.982,43.834282,483.5343333333333,1.5449726882279498,True,0.4722783,0.6726013177859608,0.4403430997274746,0.6004794412423756,0.543621575538257,False,822,1328.3036702473958,214.3393090622893,0.1613631836328275,Medium,0.4722783102754828,0.6726013177859608,0.4403430997274746,0.6004794412423754,0.5464255422578235,0.1613631836328275,0.470503585750467,518,4.317980109261124,R01772,Cr1 Nb1 Ti1 W1,Cr:25.0000;Nb:25.0000;Ti:25.0000;W:25.0000,86.4,0.5173075537559478,0.5739266599747928,276,Very High
CAND_04528,Al44.20Mn17.76Ti26.63V11.41,4,44.2,0.0,0.0,0.0,0.0,17.76,0.0,0.0,0.0,26.63,11.41,0.0,100.0,True,943.56067,1003.8133,43.272415,622.482,1.06385665812251,True,0.4889005,0.3402772474121392,0.4302937426638649,0.8982323104253468,0.4910616191311749,False,1732,1468.584033203125,216.8076071759316,0.1476303720278457,Medium,0.4889005033309444,0.3402772474121392,0.4302937426638649,0.8982323104253468,0.5394259509580739,0.1476303720278457,0.4700345721984651,524,4.073115038045757,R00101,Al2CoCrFeNiTi,Al:28.5714;Co:14.2857;Cr:14.2857;Fe:14.2857;Ni:14.2857;Ti:14.2857,80.78,0.48439182415818033,0.573099153661743,281,Very High
CAND_02641,Al19.25Co21.05Mn24.99Mo9.64W25.07,5,19.25,21.05,0.0,0.0,0.0,24.99,9.64,0.0,0.0,0.0,0.0,25.07,100.0,True,694.451,1610.0181,52.19603,342.74926666666664,2.3184042157571465,True,0.28115016,0.8163437585131457,0.589898406104115,0.2987891822855316,0.5215411565789188,False,1138,1286.8047159830728,193.2037980838932,0.1501422831950786,Low,0.2811501566802967,0.8163437585131457,0.589898406104115,0.2987891822855316,0.4965453758957723,0.1501422831950786,0.4317251727467808,1005,5.226964881457821,R00371,Al1 Co0.8 Cr0.8 Fe0.8 Mn0.8 Ni0.8,Al:20.0000;Co:16.0000;Cr:16.0000;Fe:16.0000;Mn:16.0000;Ni:16.0000,96.84,0.6394968754979581,0.5728804680336741,282,Extreme
CAND_04604,Al21.32Co19.54Ni9.00Ti13.82W36.32,5,21.32,19.54,0.0,0.0,0.0,0.0,0.0,0.0,9.0,13.82,0.0,36.32,100.0,True,943.8735,1432.1943,48.866707,383.2764,1.5173583528593342,True,0.48916143,0.676694656333943,0.5303512969001788,0.3856353346481299,0.5401899597999632,False,864,1381.3080810546876,220.7754009984391,0.159830673566948,Medium,0.4891613946120526,0.676694656333943,0.5303512969001788,0.3856353346481299,0.520460670623576,0.159830673566948,0.448738494751953,759,4.875314003621538,R01772,Cr1 Nb1 Ti1 W1,Cr:25.0000;Nb:25.0000;Ti:25.0000;W:25.0000,94.39999999999999,0.5922265761848471,0.5720166645970775,290,Extreme
CAND_03814,Al21.19Cr8.92Nb40.69V9.01W20.19,5,21.19,0.0,8.92,0.0,0.0,0.0,0.0,40.69,0.0,0.0,9.01,20.19,100.0,True,1143.0719,1182.6744,49.404243,374.695,1.034645677674552,True,0.6552872,0.480740965034778,0.5399654781896023,0.3672461343621223,0.5308867559651964,False,989,1421.4602457682292,171.720502457525,0.1208057017202887,Low,0.6552871682612824,0.480740965034778,0.5399654781896023,0.3672461343621223,0.5108099364619463,0.1208057017202887,0.4557524427988905,679,3.9889946276665973,R01772,Cr1 Nb1 Ti1 W1,Cr:25.0000;Nb:25.0000;Ti:25.0000;W:25.0000,78.42,0.47308402648842474,0.5719922946584143,291,Very High
CAND_02515,Cr29.21Fe7.63Mn33.96W29.20,4,0.0,0.0,29.21,0.0,7.63,33.96,0.0,0.0,0.0,0.0,0.0,29.2,100.0,True,698.25464,1570.8553,53.50336,282.4013333333333,2.249688312830785,True,0.2843223,0.7855883148727347,0.6132808542101061,0.1694687645316339,0.4997137131581118,False,1569,1036.4238444010416,122.99886354861503,0.1186762193991177,Low,0.2843222837540239,0.7855883148727347,0.6132808542101061,0.1694687645316338,0.4631650543421246,0.1186762193991177,0.4140295881062955,1306,5.126798980254371,R00957,Cr1 Fe1 Ni1 V0.5 W1,Cr:22.2222;Fe:22.2222;Ni:22.2222;V:11.1111;W:22.2222,96.22,0.6260321796041546,0.5716914305063832,295,Extreme
CAND_00601,Al17.53Co10.25Cr10.51V30.39W31.32,5,17.53,10.25,10.51,0.0,0.0,0.0,0.0,0.0,0.0,0.0,30.39,31.32,100.0,True,1214.5757,1096.8762,48.866592,358.479,0.903094154457716,False,0.71491927,0.4133616738567034,0.5303492400503151,0.3324966445541774,0.5209461044793567,False,1146,1503.767911783854,164.9962840816867,0.1097219077417065,Low,0.7149192942917116,0.4133616738567034,0.5303492400503151,0.3324966445541774,0.4977817131882269,0.1097219077417065,0.4485643742955539,762,3.98843243465009,R00708,Cr1 Ta1 Ti0.17 V1 W1,Cr:23.9808;Ta:23.9808;Ti:4.0767;V:23.9808;W:23.9808,78.38000000000001,0.4730084542836131,0.5716576684440478,296,Very High
CAND_02831,Al5.65Co43.79Ti9.37W41.19,4,5.65,43.79,0.0,0.0,0.0,0.0,0.0,0.0,0.0,9.37,0.0,41.19,100.0,True,809.6655,1476.056,57.18254,319.821,1.8230441461951097,True,0.3772358,0.7111402537458391,0.6790853836117108,0.2496558837626422,0.5337325475796622,False,955,1045.5023478190103,191.8592117947877,0.1835091161631719,Low,0.377235757508964,0.7111402537458391,0.6790853836117108,0.2496558837626422,0.504279319657289,0.1835091161631719,0.4260882428114422,1098,5.959316886875218,R01772,Cr1 Nb1 Ti1 W1,Cr:25.0000;Nb:25.0000;Ti:25.0000;W:25.0000,99.26,0.7379425233849932,0.5716044852963682,298,Extreme
CAND_03326,Al15.27Mn42.64Mo10.66Nb6.81W24.62,5,15.27,0.0,0.0,0.0,0.0,42.64,10.66,6.81,0.0,0.0,0.0,24.62,100.0,True,858.74927,1578.3174,44.6786,322.5846666666667,1.837925759693777,True,0.41817024,0.791448472879545,0.4554442767982632,0.2555781831376971,0.5150834115845828,False,1248,1292.4512247721354,183.2391599162167,0.1417764604219571,Low,0.4181702191555981,0.791448472879545,0.4554442767982632,0.2555781831376971,0.4801602879927758,0.1417764604219571,0.4205379114361202,1188,5.357694404148439,R02937,BBC15,Al:4.0000;Co:16.0000;Fe:20.0000;Mn:44.0000;Ni:4.0000;V:12.0000,97.52,0.6570700540569568,0.5714510671838198,299,Extreme
CAND_02761,Al16.53Co15.61Cu8.58Mn14.95Ni12.59W31.74,6,16.53,15.61,0.0,8.58,0.0,14.95,0.0,0.0,12.59,0.0,0.0,31.74,100.0,True,698.1204,1467.4526,56.451912,355.2386,2.10200497362958,True,0.28421035,0.7043838067140663,0.6660176262017345,0.3255527467511639,0.5119155712745975,False,1321,1407.576436360677,192.63064007314827,0.1368527030554727,Low,0.2842103314298352,0.7043838067140663,0.6660176262017345,0.3255527467511641,0.4950411277742,0.1368527030554727,0.4354487845643487,953,4.828244805970626,R00957,Cr1 Fe1 Ni1 V0.5 W1,Cr:22.2222;Fe:22.2222;Ni:22.2222;V:11.1111;W:22.2222,93.96,0.5858993488078619,0.571135097328975,302,Extreme
CAND_00238,Al26.90Mo17.14Ni8.27Ti14.96W32.73,5,26.9,0.0,0.0,0.0,0.0,0.0,17.14,0.0,8.27,14.96,0.0,32.73,100.0,True,907.1605,1172.2876,47.4746,452.1413333333333,1.2922603783725377,True,0.4585438,0.4725839731444071,0.505452556960388,0.5332069490407959,0.4856825276409102,False,1856,1381.1325236002604,170.37834752931013,0.1233613318185985,Low,0.458543801659578,0.4725839731444071,0.505452556960388,0.5332069490407959,0.4924468202012922,0.1233613318185985,0.4383690325214194,905,4.434502726364594,R01493,Cr1 Mo1 Nb1 Ti1 W1,Cr:20.0000;Mo:20.0000;Nb:20.0000;Ti:20.0000;W:20.0000,88.8,0.5329709839771926,0.5688243152143428,318,Very High
CAND_04462,Al39.68Fe11.34Ni8.53V40.45,4,39.68,0.0,0.0,0.0,11.34,0.0,0.0,0.0,8.53,0.0,40.45,0.0,100.0,True,957.59436,1023.91187,48.19203,558.969,1.0692542817650788,True,0.5006042,0.3560611146761717,0.518284259548626,0.7621294277063037,0.50089007713118,False,1543,1422.4993530273437,218.8075981746572,0.1538191196424756,Medium,0.500604199788363,0.3560611146761717,0.518284259548626,0.7621294277063037,0.534269750429866,0.1538191196424756,0.4630446326764075,600,4.208462918765623,R00518,Al1 Nb1 Ti1 V1,Al:25.0000;Nb:25.0000;Ti:25.0000;V:25.0000,83.88,0.5025858206367045,0.5672285224659952,326,Very High
CAND_03721,Al30.46Nb13.31Ni20.04V16.38W19.81,5,30.46,0.0,0.0,0.0,0.0,0.0,0.0,13.31,20.04,0.0,16.38,19.81,100.0,True,1124.1825,1068.3428,53.926025,449.6677666666666,0.9503286207001768,False,0.63953394,0.3909537414420319,0.6208404928849003,0.5279063089524507,0.5435423760701504,False,823,1390.6898844401042,235.5843661741177,0.1694010784215667,High,0.6395339484122787,0.3909537414420319,0.6208404928849003,0.5279063089524506,0.5448086229229154,0.1694010784215667,0.46588688258975,566,4.375878286373416,R00957,Cr1 Fe1 Ni1 V0.5 W1,Cr:22.2222;Fe:22.2222;Ni:22.2222;V:11.1111;W:22.2222,87.62,0.5250904553048407,0.5666700352613071,330,Very High
CAND_04290,Al9.61Cr42.27Mo15.06W33.06,4,9.61,0.0,42.27,0.0,0.0,0.0,15.06,0.0,0.0,0.0,0.0,33.06,100.0,True,894.9863,1438.308,52.704056,332.577,1.6070725940733208,True,0.4483909,0.6814958849433472,0.5989847818328861,0.276990891902143,0.5302608769740905,False,999,1096.9943888346354,139.24384462242713,0.1269321393433464,Low,0.4483908667285723,0.6814958849433472,0.5989847818328861,0.276990891902143,0.5014656063517371,0.1269321393433464,0.444982966449015,815,4.225842537189575,R01493,Cr1 Mo1 Nb1 Ti1 W1,Cr:20.0000;Mo:20.0000;Nb:20.0000;Ti:20.0000;W:20.0000,84.38,0.5049220575598222,0.5660235165085965,332,Very High
CAND_00387,Al19.02Co16.57Cu28.88Ni14.58W20.95,5,19.02,16.57,0.0,28.88,0.0,0.0,0.0,0.0,14.58,0.0,0.0,20.95,100.0,True,721.10974,1459.1931,53.627876,332.1801333333333,2.023538189277019,True,0.3033828,0.6978974322273601,0.6155079039285136,0.276140440854508,0.4956821189378983,False,1653,1538.0866129557292,159.6449457518353,0.1037945096245567,Low,0.3033827840860071,0.6978974322273601,0.6155079039285136,0.276140440854508,0.4732321402740972,0.1037945096245567,0.4287321019879522,1049,4.257141241551664,R01600,Al1 Co1 Cu1 Fe1 Ni0.8,Al:20.8333;Co:20.8333;Cu:20.8333;Fe:20.8333;Ni:16.6667,85.18,0.5091293529671647,0.5655325080725173,335,Very High
CAND_00640,Al33.91Fe32.54Nb8.78W24.77,4,33.91,0.0,0.0,0.0,32.54,0.0,0.0,8.78,0.0,0.0,0.0,24.77,100.0,True,953.3268,1483.3055,37.915764,445.7766666666666,1.5559255521340063,True,0.49704516,0.7168334521042596,0.3344865524139629,0.519568017154739,0.5257204270901832,False,1071,1151.6422403971353,182.0846050991071,0.1581086545039513,Low,0.4970451766908155,0.7168334521042596,0.3344865524139629,0.5195680171547388,0.5169832995909442,0.1581086545039513,0.4464031052530057,792,4.654005698146296,R00957,Cr1 Fe1 Ni1 V0.5 W1,Cr:22.2222;Fe:22.2222;Ni:22.2222;V:11.1111;W:22.2222,91.82000000000001,0.5624774400397567,0.5632916228468471,340,Extreme
CAND_03444,Al14.19Co32.01Cu21.72W32.08,4,14.19,32.01,0.0,21.72,0.0,0.0,0.0,0.0,0.0,0.0,0.0,32.08,100.0,True,627.55096,1479.6378,58.608337,354.99,2.357797030110014,True,0.22535746,0.7139531233065247,0.7045866911332832,0.3250200183862001,0.5066928514219488,False,1418,979.012626139323,176.52166838458547,0.1803058139103762,Low,0.2253574349407423,0.7139531233065247,0.7045866911332832,0.3250200183862001,0.4922293169416876,0.1803058139103762,0.417035408231128,1247,5.876946971016399,R01647,Al1 Cr1 Cu1 Fe1 Mn1 W0.5,Al:18.1818;Cr:18.1818;Cu:18.1818;Fe:18.1818;Mn:18.1818;W:9.0909,99.16,0.7268700340995977,0.561683499449579,350,Extreme
CAND_03031,Al9.59Cu33.01Ti22.25W35.15,4,9.59,0.0,0.0,33.01,0.0,0.0,0.0,0.0,0.0,22.25,0.0,35.15,100.0,True,921.4976,1396.8153,40.373764,319.957,1.51580999261019,True,0.4705006,0.6489107174798749,0.3784494825421827,0.2499473200363151,0.4679278604100714,False,2229,1097.6282307942708,167.37438343487608,0.1524873165058444,Low,0.4705005333872746,0.6489107174798749,0.3784494825421827,0.2499473200363151,0.4369520133614119,0.1524873165058444,0.3791382404850926,2034,6.454415893652307,R01647,Al1 Cr1 Cu1 Fe1 Mn1 W0.5,Al:18.1818;Cr:18.1818;Cu:18.1818;Fe:18.1818;Mn:18.1818;W:9.0909,99.68,0.8044956865221911,0.5610522931511988,352,Extreme
CAND_04949,Al32.00Mn9.99Nb15.62Ni17.14V9.41W15.84,6,32.0,0.0,0.0,0.0,0.0,9.99,0.0,15.62,17.14,0.0,9.41,15.84,100.0,True,1080.3247,1110.7113,51.910797,470.4390666666667,1.0281272776332708,True,0.6029578,0.4242266947007046,0.584796828215888,0.5724174138887955,0.5402171690468313,False,863,1464.9136474609377,237.14726202294767,0.161884806270993,High,0.602957796417317,0.4242266947007046,0.584796828215888,0.5724174138887955,0.5460996833056763,0.161884806270993,0.4700118982176502,525,3.9321302165721987,R01592,Al1 Co1 Cr0.091 Nb0.727 W0.212,Al:33.0033;Co:33.0033;Cr:3.0033;Nb:23.9934;W:6.9967,76.82,0.4654400878489556,0.5601742918416872,355,Very High
CAND_00895,Al16.80Mn44.57Mo6.96Nb31.67,4,16.8,0.0,0.0,0.0,0.0,44.57,6.96,31.67,0.0,0.0,0.0,0.0,100.0,True,961.8848,1564.5782,51.727062,324.4866666666667,1.6265754034529347,True,0.5041824,0.780658764501586,0.5815106081316288,0.2596540051415643,0.5697781105910877,False,549,1370.1261759440104,220.22724476393563,0.1607350101257646,Medium,0.5041823041521311,0.780658764501586,0.5815106081316288,0.2596540051415643,0.5315014204817275,0.1607350101257646,0.457900740345671,657,4.2644044129758205,R02937,BBC15,Al:4.0000;Co:16.0000;Fe:20.0000;Mn:44.0000;Ni:4.0000;V:12.0000,85.32,0.5101056971449323,0.560016888575739,356,Very High
CAND_03591,Cr28.24Cu11.56Fe7.13Ti9.74W43.33,5,0.0,0.0,28.24,11.56,7.13,0.0,0.0,0.0,0.0,9.74,0.0,43.33,100.0,True,944.9438,1461.5065,50.17291,309.016,1.5466597280098726,True,0.49005404,0.6997141982225833,0.5537135878775065,0.2265017004020819,0.5293341238406335,False,1009,1130.249072265625,157.63144669244687,0.1394661146471626,Low,0.4900539942290011,0.6997141982225833,0.5537135878775065,0.2265017004020819,0.4924958701827931,0.1394661146471626,0.432216336977511,998,4.62718418681583,R01772,Cr1 Nb1 Ti1 W1,Cr:25.0000;Nb:25.0000;Ti:25.0000;W:25.0000,91.52,0.5588719865956411,0.559664857744562,362,Extreme
CAND_01296,Al13.20Co20.95Ti20.95W44.90,4,13.2,20.95,0.0,0.0,0.0,0.0,0.0,0.0,0.0,20.95,0.0,44.9,100.0,True,801.17474,1604.9982,50.706017,365.0076,2.003306036187858,True,0.37015474,0.8124015160909873,0.5632485536187045,0.346486871438745,0.5475520499459949,False,770,1094.7140340169271,209.06206842326984,0.1909741374705325,Low,0.370154706286314,0.8124015160909873,0.5632485536187045,0.3464868714387451,0.5230729118586878,0.1909741374705325,0.4391975404013589,898,5.320823041921973,R01772,Cr1 Nb1 Ti1 W1,Cr:25.0000;Nb:25.0000;Ti:25.0000;W:25.0000,97.2,0.6521136599786841,0.5588997328993566,364,Extreme
CAND_01197,Al28.70Cu35.53Mn5.86Mo8.73Ni9.06W12.12,6,28.7,0.0,0.0,35.53,0.0,5.86,8.73,0.0,9.06,0.0,0.0,12.12,100.0,True,762.8219,1452.7922,49.046738,437.1213333333333,1.9044972373183264,True,0.33816954,0.6928706588812792,0.5335712685331786,0.5010203841101514,0.5178579403651173,False,1199,1419.749422200521,195.0521314264976,0.1373848993184862,Low,0.3381695336310861,0.6928706588812792,0.5335712685331786,0.5010203841101514,0.5164079612889239,0.1373848993184862,0.4540309631316119,699,3.937444274635993,R00477,Al1 Cu1 Ni1 Ti1,Al:25.0000;Cu:25.0000;Ni:25.0000;Ti:25.0000,77.03999999999999,0.46615442451374206,0.5588931305326983,365,Very High
CAND_00684,Al35.65Nb7.49Ni12.55V26.70W17.61,5,35.65,0.0,0.0,0.0,0.0,0.0,0.0,7.49,12.55,0.0,26.7,17.61,100.0,True,1097.3823,1075.4365,42.92135,504.512,0.9800016605567492,False,0.6171834,0.3965245864927429,0.4240147165998032,0.6454327721518355,0.5069309900846344,False,1416,1473.822705078125,229.2940378625169,0.1555777618790059,Medium,0.617183347408686,0.3965245864927429,0.4240147165998032,0.6454327721518355,0.5207888556632669,0.1555777618790059,0.4506740029476231,736,4.325191843363496,R00681,Al1 Nb1 Ti1 V1 Zr0.1,Al:24.3902;Nb:24.3902;Ti:24.3902;V:24.3902;Zr:2.4390,86.46000000000001,0.518276983525847,0.5579488155400423,372,Very High
CAND_02553,Al15.81Co22.22Fe11.49Nb8.78W41.70,5,15.81,22.22,0.0,0.0,11.49,0.0,0.0,8.78,0.0,0.0,0.0,41.7,100.0,True,844.63495,1583.6005,45.557198,361.1556,1.874893410911111,True,0.4063993,0.7955974122887971,0.4711585739849164,0.3382323675697142,0.5291235181891063,False,1014,1153.0171305338542,199.9968452278981,0.1734552244989615,Low,0.4063992795821236,0.7955974122887971,0.4711585739849164,0.3382323675697142,0.5028469083563878,0.1734552244989615,0.4285181895807672,1059,5.296095587857879,R00957,Cr1 Fe1 Ni1 V0.5 W1,Cr:22.2222;Fe:22.2222;Ni:22.2222;V:11.1111;W:22.2222,97.06,0.6487896979796325,0.5578818775350198,375,Extreme
CAND_04099,Al17.89Co13.51Mo11.63V36.08W20.89,5,17.89,13.51,0.0,0.0,0.0,0.0,11.63,0.0,0.0,0.0,36.08,20.89,100.0,True,1021.547,1016.9525,53.66632,363.157,0.9955024124357577,False,0.55393887,0.3505957620505227,0.6161954998950918,0.3425211952030159,0.4767874515085652,False,2037,1506.0113932291667,162.93015728865666,0.108186536981838,Low,0.5539388741477489,0.3505957620505227,0.6161954998950918,0.3425211952030159,0.4658128328240948,0.108186536981838,0.4203379280285634,1197,4.339146625869069,R00575,Mo1 Nb1 Ta1 V1 W1,Mo:20.0000;Nb:20.0000;Ta:20.0000;V:20.0000;W:20.0000,86.76,0.5201528404835962,0.5576892009830833,377,Very High
CAND_02139,Al15.15Co15.42Cr12.61Fe17.18W39.64,5,15.15,15.42,12.61,0.0,17.18,0.0,0.0,0.0,0.0,0.0,0.0,39.64,100.0,True,844.77997,1602.3163,47.972725,346.036,1.89672620113974,True,0.40652025,0.8102953586073748,0.5143618468587279,0.3058323684268797,0.5395100047592143,False,871,1348.9163208007812,195.6966784930991,0.145076959538101,Low,0.4065202221182816,0.8102953586073748,0.5143618468587279,0.3058323684268797,0.509252449002816,0.145076959538101,0.4447320721641603,822,4.305641984379937,R00957,Cr1 Fe1 Ni1 V0.5 W1,Cr:22.2222;Fe:22.2222;Ni:22.2222;V:11.1111;W:22.2222,86.22,0.5156490142986176,0.5576801716004889,378,Very High
CAND_00526,Al13.42Co18.70Nb18.19Ni9.13Ti6.93W33.63,6,13.42,18.7,0.0,0.0,0.0,0.0,0.0,18.19,9.13,6.93,0.0,33.63,100.0,True,947.1933,1526.7341,54.662277,363.3096,1.6118506145217917,True,0.49193007,0.7509389261684722,0.6340088391960322,0.3428482038453872,0.5827901474288191,False,439,1202.9855712890626,211.060792829132,0.1754474848796142,Medium,0.4919300129511593,0.7509389261684722,0.6340088391960322,0.3428482038453872,0.5549314955402628,0.1754474848796142,0.4721023292649243,501,3.9922579353288494,R01772,Cr1 Nb1 Ti1 W1,Cr:25.0000;Nb:25.0000;Ti:25.0000;W:25.0000,78.48,0.47352269318789264,0.556520843999325,382,Very High
CAND_04738,Al14.99Cr6.03Cu36.74Ni13.25W28.99,5,14.99,0.0,6.03,36.74,0.0,0.0,0.0,0.0,13.25,0.0,0.0,28.99,100.0,True,776.04974,1378.9551,50.871895,315.934,1.7768900914910255,True,0.3492012,0.6348846934339316,0.5662153896332729,0.2413263779114161,0.4729785758232158,False,2100,1247.4416951497396,170.2905002122886,0.1365117911918499,Low,0.349201174215088,0.6348846934339316,0.5662153896332729,0.2413263779114161,0.4479069087984271,0.1365117911918499,0.3941066975897462,1698,5.569042808010602,R01647,Al1 Cr1 Cu1 Fe1 Mn1 W0.5,Al:18.1818;Cr:18.1818;Cu:18.1818;Fe:18.1818;Mn:18.1818;W:9.0909,98.32,0.6854803409056193,0.5561867056123714,384,Extreme
CAND_03432,Al22.16Mn43.20Nb27.50W7.14,4,22.16,0.0,0.0,0.0,0.0,43.2,0.0,27.5,0.0,0.0,0.0,7.14,100.0,True,882.7861,1538.7914,50.06091,359.5570333333333,1.7431079274981065,True,0.43821627,0.7604077999621114,0.5517103949668634,0.3348067770362501,0.5477358389708987,False,764,1378.258683268229,217.14974306915548,0.1575536912666016,Medium,0.4382162485404978,0.7604077999621114,0.5517103949668634,0.3348067770362501,0.5212853051264307,0.1575536912666016,0.4503335863030573,743,4.285253915758121,R02937,BBC15,Al:4.0000;Co:16.0000;Fe:20.0000;Mn:44.0000;Ni:4.0000;V:12.0000,85.76,0.51290836962257,0.5551064329425558,389,Very High
CAND_03918,Al21.70Ni10.90V25.60W41.80,4,21.7,0.0,0.0,0.0,0.0,0.0,0.0,0.0,10.9,0.0,25.6,41.8,100.0,True,997.30945,1060.7944,47.25966,365.005,1.063656222118128,True,0.53372544,0.3850258100690128,0.5016082151370521,0.3464812998629248,0.4529996328757523,False,2561,1487.629060872396,181.3092152419333,0.121877973488638,Low,0.5337254500182784,0.3850258100690128,0.5016082151370521,0.3464812998629248,0.441710193771817,0.121877973488638,0.3937239202569035,1708,5.2642137748527915,R00827,Nb1 Ta1 V1 W1,Nb:25.0000;Ta:25.0000;V:25.0000;W:25.0000,96.94,0.6445040188063907,0.5549054396727119,391,Extreme
CAND_01362,Co28.81Cu8.48Mn17.79Mo13.14Nb17.83W13.95,6,0.0,28.81,0.0,8.48,0.0,17.79,13.14,17.83,0.0,0.0,0.0,13.95,100.0,True,761.9594,1402.2317,66.445145,322.0826,1.840297105874322,True,0.33745027,0.6531643404316027,0.8447531038803439,0.254502297560721,0.546548006969343,False,781,1113.572871907552,166.24843224960077,0.1492928181384456,Low,0.3374502332764022,0.6531643404316027,0.8447531038803439,0.2545022975607212,0.5224674937872675,0.1492928181384456,0.4545991113331139,693,4.000058842965194,R02912,BBB02,Al:4.0000;Co:32.0000;Cr:8.0000;Cu:4.0000;Fe:4.0000;Mn:20.0000;Ni:24.0000;V:4.0000,78.64,0.47457132199028,0.5545710213841752,392,Very High
CAND_03693,Al19.51Co15.06Cr13.79Mn13.71V14.13W23.80,6,19.51,15.06,13.79,0.0,0.0,13.71,0.0,0.0,0.0,0.0,14.13,23.8,100.0,True,1096.1962,1131.8856,46.659256,374.989,1.032557523992936,True,0.6161941,0.440855357367193,0.4908695987413223,0.3678761510125623,0.4950136771851215,False,1665,1592.7892740885416,170.66233423181663,0.1071468379453248,Low,0.616194173900639,0.440855357367193,0.4908695987413223,0.3678761510125623,0.4789488202554292,0.1071468379453248,0.4325973789929042,991,3.879725945624965,R00957,Cr1 Fe1 Ni1 V0.5 W1,Cr:22.2222;Fe:22.2222;Ni:22.2222;V:11.1111;W:22.2222,75.06,0.4583956988566597,0.5544586021059256,393,Very High
CAND_02961,Al25.26Nb18.32Ni21.30Ti13.51W21.61,5,25.26,0.0,0.0,0.0,0.0,0.0,0.0,18.32,21.3,13.51,0.0,21.61,100.0,True,1124.8546,1318.5782,50.754997,382.1177666666667,1.1722209993066597,True,0.64009446,0.5874693312756406,0.5641245928040911,0.3831524833156304,0.5667731637585803,False,582,1281.4282796223958,215.77981355400323,0.1683900823677686,Medium,0.6400944606075055,0.5874693312756406,0.5641245928040911,0.3831524833156304,0.543710217000717,0.1683900823677686,0.4653499077113664,572,4.008675446675114,R01772,Cr1 Nb1 Ti1 W1,Cr:25.0000;Nb:25.0000;Ti:25.0000;W:25.0000,78.96,0.4757295998792379,0.554377691484357,395,Very High
CAND_04568,Cr26.80Cu10.92Mn33.71Ti8.11W20.46,5,0.0,0.0,26.8,10.92,0.0,33.71,0.0,0.0,0.0,8.11,0.0,20.46,100.0,True,806.92224,1597.3676,53.43582,280.22333333333336,1.9795805821424028,True,0.37494797,0.8064090311756463,0.6120728573423843,0.1648014983253128,0.5321455439410846,False,971,1040.7342407226563,124.63400906703048,0.1197558456234592,Low,0.3749479570556421,0.8064090311756463,0.6120728573423843,0.1648014983253128,0.4895578359747463,0.1197558456234592,0.4372005182095473,928,3.973390037772627,R01647,Al1 Cr1 Cu1 Fe1 Mn1 W0.5,Al:18.1818;Cr:18.1818;Cu:18.1818;Fe:18.1818;Mn:18.1818;W:9.0909,78.10000000000001,0.47098639590810315,0.5543753109455958,396,Very High
CAND_01950,Co33.63Cu10.77Mo5.32Nb15.96V9.09W25.23,6,0.0,33.63,0.0,10.77,0.0,0.0,5.32,15.96,0.0,0.0,9.09,25.23,100.0,True,939.0539,1168.8265,64.55606,319.903,1.244685217126119,True,0.48514202,0.4698658920576658,0.8109655888838964,0.2498316026923568,0.526718511953515,False,1053,1010.8219848632812,161.79420576431232,0.1600620170387328,Low,0.4851419859286503,0.4698658920576658,0.8109655888838964,0.2498316026923568,0.5039512673906423,0.1600620170387328,0.4344175225020027,965,4.751978076456228,R00811,Mo1 Nb1 Ta1 Ti1 V1 W1,Mo:16.6667;Nb:16.6667;Ta:16.6667;Ti:16.6667;V:16.6667;W:16.6667,93.0,0.5756472739262058,0.5535746355192338,400,Extreme
CAND_04759,Al16.16Cu32.01Mo8.33Nb43.50,4,16.16,0.0,0.0,32.01,0.0,0.0,8.33,43.5,0.0,0.0,0.0,0.0,100.0,True,938.95746,1426.6715,51.948914,333.538,1.5194208077169613,True,0.48506162,0.6723574750257304,0.5854785755745932,0.2790502320418467,0.5354529178402203,False,929,1299.1956868489583,191.33421255811,0.1472712806045161,Low,0.4850615577243538,0.6723574750257304,0.5854785755745932,0.2790502320418467,0.5054869600916311,0.1472712806045161,0.4405993322043952,881,4.334604244294479,R01649,Co0.2 Cu0.2 Fe0.2 Nb1 Ni0.2,Co:11.1111;Cu:11.1111;Fe:11.1111;Nb:55.5556;Ni:11.1111,86.64,0.5195422356190602,0.5533079431753665,401,Very High
CAND_01929,Co44.74Mo30.96Ti11.46W12.84,4,0.0,44.74,0.0,0.0,0.0,0.0,30.96,0.0,0.0,11.46,0.0,12.84,100.0,True,770.87195,1481.065,50.918114,321.32840000000004,1.921285374798317,True,0.34488305,0.715073936148395,0.5670420465362819,0.2528861119901026,0.4976805330761422,False,1611,1185.2052734375,138.38003099441354,0.1167561721971285,Low,0.3448830453067069,0.715073936148395,0.5670420465362819,0.2528861119901026,0.4699712849953716,0.1167561721971285,0.4208360756768783,1182,4.346527800489468,R00697,Co1 Cr1 Mo1 Nb1 Ti0.5,Co:22.2222;Cr:22.2222;Mo:22.2222;Nb:22.2222;Ti:11.1111,86.98,0.5211450471168781,0.5531400180488977,404,Very High
CAND_02830,Al22.43Mn16.47Ti40.15W20.95,4,22.43,0.0,0.0,0.0,0.0,16.47,0.0,0.0,0.0,40.15,0.0,20.95,100.0,True,946.1648,1318.4459,48.250282,383.5497,1.3934632815300048,True,0.49107227,0.5873654330560643,0.5193261344899721,0.3862209929833859,0.5112959986354637,False,1330,1366.40009765625,211.51554531932183,0.1547976655462253,Medium,0.4910722733398057,0.5873654330560643,0.5193261344899721,0.3862209929833858,0.4959962084673069,0.1547976655462253,0.4295091887224227,1035,4.781237530161159,R01772,Cr1 Nb1 Ti1 W1,Cr:25.0000;Nb:25.0000;Ti:25.0000;W:25.0000,93.47999999999999,0.5795804452092707,0.5529016860748622,405,Extreme
CAND_01558,Cr34.80Fe9.05Mo14.53W41.62,4,0.0,0.0,34.8,0.0,9.05,0.0,14.53,0.0,0.0,0.0,0.0,41.62,100.0,True,725.7555,1468.2827,57.043076,310.43,2.02310931688406,True,0.30725724,0.7050357032527689,0.6765909791823365,0.2295317804827698,0.5072653978292391,False,1409,1106.072928873698,151.507079619319,0.1369774774016004,Low,0.3072572151767621,0.7050357032527689,0.6765909791823365,0.2295317804827698,0.4796039195236593,0.1369774774016004,0.4218235884669638,1171,4.671843363535047,R00957,Cr1 Fe1 Ni1 V0.5 W1,Cr:22.2222;Fe:22.2222;Ni:22.2222;V:11.1111;W:22.2222,92.02,0.5648752494442478,0.5525995039856174,408,Extreme
CAND_04598,Al17.84Co25.69Cu5.80Nb12.32V14.97W23.38,6,17.84,25.69,0.0,5.8,0.0,0.0,0.0,12.32,0.0,0.0,14.97,23.38,100.0,True,1082.1263,1102.6818,56.476597,363.177,1.0189954318770948,True,0.6044603,0.4179209444808359,0.6664591334963706,0.3425640534785562,0.5247137763655694,False,1089,1204.905204264323,169.5260118282849,0.1406965554039515,Low,0.6044602793378949,0.4179209444808359,0.6664591334963706,0.3425640534785562,0.5078511026984144,0.1406965554039515,0.4452113932425882,806,4.057503084880701,R01592,Al1 Co1 Cr0.091 Nb0.727 W0.212,Al:33.0033;Co:33.0033;Cr:3.0033;Nb:23.9934;W:6.9967,80.24,0.48229320377788926,0.5524106808641325,409,Very High
CAND_02244,Al25.32Cu36.05Fe6.04Mn8.98Nb23.61,5,25.32,0.0,0.0,36.05,6.04,8.98,0.0,23.61,0.0,0.0,0.0,0.0,100.0,True,935.5725,1441.3018,46.382477,405.8333333333333,1.5405559536599336,True,0.48223862,0.683846984639249,0.4859192261465467,0.4339728978551574,0.5364014257428086,False,914,1325.005790201823,203.8140431623082,0.1538212471745225,Low,0.4822385978071471,0.683846984639249,0.4859192261465467,0.4339728978551574,0.521494426612025,0.1538212471745225,0.4519715925573919,723,4.072548393517155,R00220,AlCoCuFeNbNi,Al:16.6667;Co:16.6667;Cu:16.6667;Fe:16.6667;Nb:16.6667;Ni:16.6667,80.74,0.4843156535635384,0.5517696905467301,413,Very High
CAND_04066,Al17.53Co20.61Mn27.57Ti11.25W23.04,5,17.53,20.61,0.0,0.0,0.0,27.57,0.0,0.0,0.0,11.25,0.0,23.04,100.0,True,765.55963,1620.8867,48.20611,332.27860000000004,2.117257276414464,True,0.34045273,0.8248791189763955,0.5185360895145353,0.2763514464310842,0.5206862972131485,False,1153,1340.3222981770834,208.45882300117069,0.1555288778562341,Low,0.3404527222224237,0.8248791189763955,0.5185360895145353,0.2763514464310842,0.4900548442861097,0.1555288778562341,0.424095713813117,1130,4.912260240397591,R02935,BBC13,Al:4.0000;Co:28.0000;Fe:20.0000;Mn:36.0000;Ni:4.0000;V:8.0000,94.64,0.5971930351956792,0.5515288642953798,415,Extreme
CAND_04785,Al18.20Cu13.87Fe17.82Mn12.05Ni10.50W27.56,6,18.2,0.0,0.0,13.87,17.82,12.05,0.0,0.0,10.5,0.0,0.0,27.56,100.0,True,773.8581,1470.9769,44.54489,321.8196,1.9008354539525576,True,0.34737343,0.7071515202080426,0.4530527864046731,0.2539387112373683,0.4677114901175807,False,2236,1667.138671875,132.76280553727997,0.0796351304045776,Low,0.347373409079622,0.7071515202080426,0.4530527864046731,0.2539387112373683,0.4403791067324265,0.0796351304045776,0.4078962367289779,1419,3.8810518557621565,R01647,Al1 Cr1 Cu1 Fe1 Mn1 W0.5,Al:18.1818;Cr:18.1818;Cu:18.1818;Fe:18.1818;Mn:18.1818;W:9.0909,75.12,0.4585739329319817,0.5484078489112812,430,Very High
CAND_04317,Co20.56Cu20.50Mo10.70Ni9.59W38.65,5,0.0,20.56,0.0,20.5,0.0,0.0,10.7,0.0,9.59,0.0,0.0,38.65,100.0,True,712.5114,1387.037,52.285538,317.13293333333337,1.946687412405246,True,0.29621205,0.6412315945737235,0.5914993149527388,0.243895588669129,0.4656922640825651,False,2274,1064.6125569661458,163.04505513666598,0.1531496637624674,Low,0.296212014217378,0.6412315945737235,0.5914993149527388,0.243895588669129,0.4432096281032423,0.1531496637624674,0.384347012387923,1919,5.933202224843195,R00957,Cr1 Fe1 Ni1 V0.5 W1,Cr:22.2222;Fe:22.2222;Ni:22.2222;V:11.1111;W:22.2222,99.2,0.7344320874142086,0.5482254217255529,432,Extreme
CAND_00172,Al29.03Ni17.55Ti15.60V6.03W31.79,5,29.03,0.0,0.0,0.0,0.0,0.0,0.0,0.0,17.55,15.6,6.03,31.79,100.0,True,1007.4367,1079.5869,48.558403,442.6163333333334,1.0716175944239867,True,0.54217136,0.3997839906539664,0.52483707915801,0.5127956953148047,0.4907152409225006,False,1743,1418.4997965494792,218.3173076766741,0.1539071829320906,Medium,0.5421712871394058,0.3997839906539664,0.52483707915801,0.5127956953148047,0.4948970130665467,0.1539071829320906,0.4288880599642408,1045,4.624281041749679,R00957,Cr1 Fe1 Ni1 V0.5 W1,Cr:22.2222;Fe:22.2222;Ni:22.2222;V:11.1111;W:22.2222,91.4,0.5584817343742596,0.5475568968357777,440,Extreme
CAND_03033,Al11.68Cr23.53Mn21.57Mo43.22,4,11.68,0.0,23.53,0.0,0.0,21.57,43.22,0.0,0.0,0.0,0.0,0.0,100.0,True,880.66815,1516.5712,53.328716,325.691,1.7220688596547464,True,0.43644997,0.742957768075253,0.610157232578978,0.262234787633673,0.5456968551054301,False,793,1137.4820353190105,184.21958993955133,0.1619538456164596,Low,0.4364499387593932,0.742957768075253,0.610157232578978,0.262234787633673,0.5129499317618242,0.1619538456164596,0.441454653037174,871,4.39232322045515,R00666,Al1 Cr1 Mo1 Ti1,Al:25.0000;Cr:25.0000;Mo:25.0000;Ti:25.0000,87.88,0.5273010482685525,0.5473166916485466,442,Very High
CAND_04599,Al16.00Co9.52Cr11.00Cu12.99Ti22.01W28.48,6,16.0,9.52,11.0,12.99,0.0,0.0,0.0,0.0,0.0,22.01,0.0,28.48,100.0,True,1105.8667,1402.788,48.27581,353.856,1.26849646615728,True,0.6242591,0.653601215560479,0.5197827193883908,0.3225899541630742,0.5616922719193351,False,622,1318.9788126627604,212.7866917197528,0.1613268459484789,Medium,0.6242590945730685,0.653601215560479,0.5197827193883908,0.3225899541630742,0.5300582459212532,0.1613268459484789,0.4564246902329584,671,3.9146234001447553,R01772,Cr1 Nb1 Ti1 W1,Cr:25.0000;Nb:25.0000;Ti:25.0000;W:25.0000,76.18,0.46308675246803205,0.5464559457127193,448,Very High
CAND_02943,Al37.33Cu14.90Ni29.60W18.17,4,37.33,0.0,0.0,14.9,0.0,0.0,0.0,0.0,29.6,0.0,0.0,18.17,100.0,True,689.2087,1486.5831,52.603683,491.18,2.156941931908401,True,0.27677822,0.7194074264389807,0.5971895453862791,0.6168634456767786,0.5406826034293566,False,857,1184.755106608073,215.52624848891244,0.1819162857258823,Medium,0.2767782282752424,0.7194074264389807,0.5971895453862791,0.6168634456767786,0.5525596614443202,0.1819162857258823,0.4675116741495458,542,3.9051097165783633,R00180,Al3CoCrCuFeNi,Al:37.5000;Co:12.5000;Cr:12.5000;Cu:12.5000;Fe:12.5000;Ni:12.5000,75.84,0.4618078855631044,0.545273698061626,457,Very High
CAND_00335,Al13.66Co36.19V31.31W18.84,4,13.66,36.19,0.0,0.0,0.0,0.0,0.0,0.0,0.0,0.0,31.31,18.84,100.0,True,1041.849,1227.7781,59.5766,363.19,1.1784606993439937,True,0.57087016,0.5161619334875953,0.7219047052157653,0.3425919113576572,0.5579746003115207,False,657,1149.9037679036458,198.83033311692893,0.1729104109984876,Low,0.5708701620327251,0.5161619334875953,0.7219047052157653,0.3425919113576572,0.5378821780234357,0.1729104109984876,0.458587606504014,648,4.012424346158881,R02847,AAD02,Co:40.0000;Cr:5.0000;Fe:15.0000;Ni:15.0000;V:25.0000,79.10000000000001,0.47623354174846577,0.5451359476592608,460,Very High
CAND_00853,Al13.76Cr25.66Cu40.95Nb19.63,4,13.76,0.0,25.66,40.95,0.0,0.0,0.0,19.63,0.0,0.0,0.0,0.0,100.0,True,1050.8407,1519.0409,50.43345,327.051,1.445548219193454,True,0.57836896,0.7448972800396355,0.5583735153858899,0.2651491503704025,0.5763456358781721,False,487,1068.0675170898437,192.7204211002181,0.180438425489544,Low,0.5783689829013756,0.7448972800396355,0.5583735153858899,0.2651491503704025,0.5366972321743259,0.180438425489544,0.4546592355732152,691,4.254160925740707,R00232,AlCrCuFeNi0.6,Al:21.7391;Cr:21.7391;Cu:21.7391;Fe:21.7391;Ni:13.0435,85.04,0.508728727149597,0.5449219136337133,462,Very High
CAND_02091,Al28.33Co23.62Mn9.06V8.15W30.84,5,28.33,23.62,0.0,0.0,0.0,9.06,0.0,0.0,0.0,0.0,8.15,30.84,100.0,True,817.19476,1121.9087,58.10502,493.6903333333333,1.372877985205527,True,0.38351497,0.433020269333242,0.6955845389350143,0.6222428735616583,0.5121931422006234,False,1312,1090.421504720052,223.58798058424185,0.2050472955791938,Medium,0.3835149452057839,0.433020269333242,0.6955845389350143,0.6222428735616583,0.5335906567589246,0.2050472955791938,0.4427964435225421,846,5.039925612983118,R01592,Al1 Co1 Cr0.091 Nb0.727 W0.212,Al:33.0033;Co:33.0033;Cr:3.0033;Nb:23.9934;W:6.9967,95.6,0.614354318600316,0.5447259211971521,465,Extreme
CAND_03120,Al15.84Cu12.56Fe7.44Mn22.79Ti7.01W34.36,6,15.84,0.0,0.0,12.56,7.44,22.79,0.0,0.0,0.0,7.01,0.0,34.36,100.0,True,794.37177,1511.7919,45.8239,322.1256666666667,1.9031289458529617,True,0.36448124,0.7392044743426645,0.4759287128746872,0.2545945857140509,0.4882770864923254,False,1799,1394.0810302734376,192.31236628535908,0.1379492024560714,Low,0.3644812236962805,0.7392044743426645,0.4759287128746872,0.2545945857140509,0.4585522491569207,0.1379492024560714,0.402963724713909,1522,4.97740243720595,R01647,Al1 Cr1 Cu1 Fe1 Mn1 W0.5,Al:18.1818;Cr:18.1818;Cu:18.1818;Fe:18.1818;Mn:18.1818;W:9.0909,95.16,0.6059497064714392,0.5439785592126343,474,Extreme
CAND_02374,Al13.90Co17.30Cu35.10Mn5.84W27.86,5,13.9,17.3,0.0,35.1,0.0,5.84,0.0,0.0,0.0,0.0,0.0,27.86,100.0,True,622.2967,1480.4875,51.919777,346.1839333333333,2.3790701755022625,True,0.22097553,0.7146204121740535,0.5849574413617591,0.3061493768049582,0.4728405564121994,False,2110,1178.7062052408853,176.6107224301186,0.1498343876063889,Low,0.2209755322374364,0.7146204121740535,0.5849574413617591,0.3061493768049582,0.4566756906445518,0.1498343876063889,0.3971664924678534,1639,5.33483799011054,R01647,Al1 Cr1 Cu1 Fe1 Mn1 W0.5,Al:18.1818;Cr:18.1818;Cu:18.1818;Fe:18.1818;Mn:18.1818;W:9.0909,97.3,0.6539976046450748,0.5428218953807254,481,Extreme
CAND_03617,Al11.83Co15.16Cr10.18Mn22.42Ti20.74W19.67,6,11.83,15.16,10.18,0.0,0.0,22.42,0.0,0.0,0.0,20.74,0.0,19.67,100.0,True,936.5819,1636.5481,51.30358,341.28926666666666,1.7473624932958434,True,0.48308042,0.8371783750313745,0.5739363568799777,0.2956605281711015,0.583910814971109,False,428,1298.9298380533853,257.3097430316732,0.198093642545994,High,0.4830804085642694,0.8371783750313745,0.5739363568799777,0.2956605281711015,0.5474639171616809,0.198093642545994,0.4569458494064783,669,4.421568711878324,R01772,Cr1 Nb1 Ti1 W1,Cr:25.0000;Nb:25.0000;Ti:25.0000;W:25.0000,88.56,0.5312323426865806,0.542539225516522,485,Very High
CAND_03996,Al19.07Fe14.95Mn11.06V35.07W19.85,5,19.07,0.0,0.0,0.0,14.95,11.06,0.0,0.0,0.0,0.0,35.07,19.85,100.0,True,1045.8229,1071.3958,46.82077,343.089,1.024452442771017,True,0.57418424,0.3933513322535719,0.4937583817749796,0.2995172015260402,0.4586278529823895,False,2424,1640.8837727864584,190.91765594098808,0.1163505052017073,Low,0.5741842810813955,0.3933513322535719,0.4937583817749796,0.2995172015260402,0.4402027991589968,0.1163505052017073,0.3943231065044925,1694,4.7553980713911095,R00957,Cr1 Fe1 Ni1 V0.5 W1,Cr:22.2222;Fe:22.2222;Ni:22.2222;V:11.1111;W:22.2222,93.10000000000001,0.5761070031474603,0.5419018168084843,494,Extreme
CAND_01118,Al24.41Cu39.69Mo17.64W18.26,4,24.41,0.0,0.0,39.69,0.0,0.0,17.64,0.0,0.0,0.0,0.0,18.26,100.0,True,681.4048,1329.0627,47.111916,393.3990333333333,1.950474562187347,True,0.27027,0.5957030492132724,0.4989657175174981,0.4073272650777197,0.4456324368556825,False,2725,1394.248457845052,195.32886318061333,0.1400961658458732,Low,0.2702699986660627,0.5957030492132724,0.4989657175174981,0.4073272650777197,0.4430665076186382,0.1400961658458732,0.3886220486408822,1813,5.359723891315344,R00477,Al1 Cu1 Ni1 Ti1,Al:25.0000;Cu:25.0000;Ni:25.0000;Ti:25.0000,97.56,0.6573428657343284,0.5415374985251543,501,Extreme
CAND_03854,Al24.29Fe10.60Mn5.09Nb9.80V38.71W11.51,6,24.29,0.0,0.0,0.0,10.6,5.09,0.0,9.8,0.0,0.0,38.71,11.51,100.0,True,1256.2465,1113.414,41.70205,413.0220333333333,0.886302199040323,False,0.7496715,0.4263491869006224,0.4022067423502758,0.4493776621239274,0.5207645585380666,False,1149,1501.2970377604167,220.6006710364153,0.1469400561567082,Medium,0.7496715507786227,0.4263491869006224,0.4022067423502758,0.4493776621239274,0.5069012855383621,0.1469400561567082,0.4419597020937102,858,3.9092582338132966,R00681,Al1 Nb1 Ti1 V1 Zr0.1,Al:24.3902;Nb:24.3902;Ti:24.3902;V:24.3902;Zr:2.4390,75.94,0.4623655456281312,0.5405417063717914,509,Very High
CAND_04170,Al24.48Nb32.52Ni23.84W19.16,4,24.48,0.0,0.0,0.0,0.0,0.0,0.0,32.52,23.84,0.0,0.0,19.16,100.0,True,936.4376,1443.0557,57.63726,370.1334666666666,1.5410056857921155,True,0.48296008,0.685224362472318,0.6872183468289215,0.3574711617378457,0.5758805982120669,False,489,1273.9158081054688,246.31434883296265,0.1933521409073919,High,0.4829600664875378,0.685224362472318,0.6872183468289215,0.3574711617378457,0.5532184843816558,0.1933521409073919,0.4635836023732305,589,4.069433597576763,R01592,Al1 Co1 Cr0.091 Nb0.727 W0.212,Al:33.0033;Co:33.0033;Cr:3.0033;Nb:23.9934;W:6.9967,80.64,0.4838969503960458,0.540225773561781,512,Very High
CAND_02722,Al18.23Co13.76Cu31.83Mo36.18,4,18.23,13.76,0.0,31.83,0.0,0.0,36.18,0.0,0.0,0.0,0.0,0.0,100.0,True,801.3665,1280.8647,53.42816,349.9993333333333,1.5983506600853996,True,0.37031466,0.5578520561131746,0.6119358532558171,0.3143254500297506,0.4785827979390437,False,2004,1374.076904296875,182.0854469527613,0.1325147423578418,Low,0.37031462864691,0.5578520561131746,0.6119358532558171,0.3143254500297506,0.463606997011413,0.1325147423578418,0.4093606729093921,1391,4.579191366323406,R00231,CrCuFeMoNi,Cr:20.0000;Cu:20.0000;Fe:20.0000;Mo:20.0000;Ni:20.0000,90.82000000000001,0.5524206021898456,0.5401947097733374,514,Extreme
CAND_03455,Al6.40Cu28.11Mo9.46Ni18.26W37.77,5,6.4,0.0,0.0,28.11,0.0,0.0,9.46,0.0,18.26,0.0,0.0,37.77,100.0,True,721.5852,1241.1575,58.295364,278.153,1.7200428878882317,True,0.30377933,0.5266690826863889,0.6989889652866521,0.160364952502316,0.4479365121321233,False,2673,1092.9053344726562,172.53696074647488,0.1578699959678819,Low,0.3037793041400801,0.5266690826863889,0.6989889652866521,0.160364952502316,0.4224505761538593,0.1578699959678819,0.3648514752303656,2372,6.3566771888693365,R00957,Cr1 Fe1 Ni1 V0.5 W1,Cr:22.2222;Fe:22.2222;Ni:22.2222;V:11.1111;W:22.2222,99.62,0.7913572639537771,0.5401676517279075,515,Extreme
CAND_01621,Al21.33Mn33.16Mo11.00V34.51,4,21.33,0.0,0.0,0.0,0.0,33.16,11.0,0.0,0.0,0.0,34.51,0.0,100.0,True,1044.3812,1108.446,53.374474,345.6073333333334,1.0613423267716438,True,0.57298195,0.4224477027369374,0.6109756441968816,0.3049137727211362,0.4971098828054419,False,1624,1473.4948160807292,181.24997332686,0.1230068618829329,Low,0.5729819444769345,0.4224477027369374,0.6109756441968816,0.3049137727211362,0.4778297660329724,0.1230068618829329,0.42549140370505,1108,3.9230835236227866,R02927,BBC01,Al:4.0000;Co:12.0000;Cr:4.0000;Cu:8.0000;Fe:4.0000;Mn:32.0000;Ni:20.0000;V:16.0000,76.52,0.46422399566643696,0.5395235689869302,518,Very High
CAND_04907,Co35.90Cr14.72Mn11.39W37.99,4,0.0,35.9,14.72,0.0,0.0,11.39,0.0,0.0,0.0,0.0,0.0,37.99,100.0,True,646.30475,1535.8213,57.357624,316.4246,2.376311335296429,True,0.24099757,0.7580753124189228,0.6822168749292735,0.2423776914104157,0.5066327379915333,False,1419,1054.0083658854169,181.10663999403263,0.1718265678488182,Low,0.240997559924704,0.7580753124189228,0.6822168749292735,0.2423776914104157,0.480916859670829,0.1718265678488182,0.4103993482189712,1376,5.232907990775547,R00957,Cr1 Fe1 Ni1 V0.5 W1,Cr:22.2222;Fe:22.2222;Ni:22.2222;V:11.1111;W:22.2222,96.86,0.6402957717157866,0.538651370434966,527,Extreme
CAND_04713,Al22.32Fe15.39Mo20.15W42.14,4,22.32,0.0,0.0,0.0,15.39,0.0,20.15,0.0,0.0,0.0,0.0,42.14,100.0,True,741.858,1305.7775,45.585175,368.6797,1.760144866952029,True,0.32068622,0.5774166484386677,0.4716589608426044,0.3543558651192924,0.4404989823370839,False,2859,1298.6347819010416,176.74766681209837,0.1361026743434066,Low,0.3206862400594254,0.5774166484386677,0.4716589608426044,0.3543558651192924,0.4310294286149975,0.1361026743434066,0.3793930234906844,2028,5.454683221186687,R00582,Mo1 Nb1 Ta1 W1,Mo:25.0000;Nb:25.0000;Ta:25.0000;W:25.0000,97.94,0.6701076737541755,0.538356028853669,529,Extreme
CAND_03689,Al24.40Mn37.26Mo17.57W20.77,4,24.4,0.0,0.0,0.0,0.0,37.26,17.57,0.0,0.0,0.0,0.0,20.77,100.0,True,656.2063,1382.9474,47.910576,378.8963666666667,2.1074887614911857,True,0.24925518,0.638019938044777,0.5132502715354819,0.3762493008743802,0.4509325044965911,False,2614,1306.2049072265625,181.56503198209657,0.139001952126799,Low,0.2492551696950462,0.638019938044777,0.5132502715354819,0.3762493008743802,0.4441936700374213,0.139001952126799,0.3899849945015472,1781,5.197758267512961,R01694,Al0.774 Fe1 Mn0.903 Ni0.484 Ti0.097,Al:23.7569;Fe:30.6937;Mn:27.7164;Ni:14.8557;Ti:2.9773,96.67999999999999,0.635570807144053,0.5381203517859754,534,Extreme
CAND_04843,Cr29.77Cu21.62Mo6.96W41.65,4,0.0,0.0,29.77,21.62,0.0,0.0,6.96,0.0,0.0,0.0,0.0,41.65,100.0,True,747.59357,1447.5453,47.923992,313.171,1.9362730821949623,True,0.32546955,0.6887501481609815,0.5134902254291354,0.2354055071455458,0.4679492988790581,False,2227,981.4149373372396,149.78076862276652,0.1526171682582593,Low,0.3254695415496448,0.6887501481609815,0.5134902254291354,0.2354055071455458,0.4407788555713268,0.1526171682582593,0.3824156603856558,1970,5.673698255921772,R01772,Cr1 Nb1 Ti1 W1,Cr:25.0000;Nb:25.0000;Ti:25.0000;W:25.0000,98.74000000000001,0.6995485393925626,0.5379509681598502,537,Extreme
CAND_02630,Al8.55Co40.99Mn21.18Mo29.28,4,8.55,40.99,0.0,0.0,0.0,21.18,29.28,0.0,0.0,0.0,0.0,0.0,100.0,True,675.0276,1377.2627,53.22586,308.8860666666667,2.0403057959509034,True,0.2649516,0.6335556129591692,0.6083175860609682,0.2262232644719895,0.4555650460907895,False,2501,1141.3259155273438,112.55307041906296,0.0986160647785329,Low,0.2649515960899583,0.6335556129591692,0.6083175860609682,0.2262232644719895,0.4332620148955213,0.0986160647785329,0.3943707258484896,1693,4.297973586266475,R02912,BBB02,Al:4.0000;Co:32.0000;Cr:8.0000;Cu:4.0000;Fe:4.0000;Mn:20.0000;Ni:24.0000;V:4.0000,86.04,0.5146181979494425,0.5378763821040992,538,Very High
CAND_02858,Al28.60Cr16.23Cu5.34Mn8.44V13.96W27.43,6,28.6,0.0,16.23,5.34,0.0,8.44,0.0,0.0,0.0,0.0,13.96,27.43,100.0,True,1093.0804,996.22705,42.24651,470.9123333333333,0.9113940837220106,False,0.6135957,0.3343195915673817,0.4119447638871393,0.5734315835489936,0.4733755291665633,False,2090,1529.009627278646,207.7940554656656,0.1359010772453411,Low,0.6135956857323793,0.3343195915673817,0.4119447638871393,0.5734315835489936,0.4833229061839735,0.1359010772453411,0.4254973570023136,1107,4.0972079281688085,R00957,Cr1 Fe1 Ni1 V0.5 W1,Cr:22.2222;Fe:22.2222;Ni:22.2222;V:11.1111;W:22.2222,81.44,0.4876304855670245,0.5375060173437325,542,Very High
CAND_04998,Al9.19Co23.98Mn15.48Ni9.40W41.95,5,9.19,23.98,0.0,0.0,0.0,15.48,0.0,0.0,9.4,0.0,0.0,41.95,100.0,True,686.41284,1354.6919,55.394577,335.9836,1.9735818118637176,True,0.27444658,0.6158302468638189,0.6471065014144599,0.2842909419748948,0.4715033152492284,False,2144,1017.255586751302,167.40149542207956,0.1645618835642784,Low,0.2744465609249276,0.6158302468638189,0.6471065014144599,0.2842909419748949,0.4554185627945253,0.1645618835642784,0.3910642871125606,1756,5.61718313636375,R00957,Cr1 Fe1 Ni1 V0.5 W1,Cr:22.2222;Fe:22.2222;Ni:22.2222;V:11.1111;W:22.2222,98.56,0.691951553900413,0.5369029976979909,548,Extreme
CAND_03090,Al8.42Co32.25Mo17.00Ti8.30W34.03,5,8.42,32.25,0.0,0.0,0.0,0.0,17.0,0.0,0.0,8.3,0.0,34.03,100.0,True,744.7781,1398.5349,52.32112,329.29740000000004,1.877787417143648,True,0.32312152,0.6502611587374983,0.5921357221861896,0.2699629918790711,0.4805431838087693,False,1961,1008.4283528645832,140.85922774890386,0.139681939077549,Low,0.3231215200196717,0.6502611587374983,0.5921357221861896,0.2699629918790711,0.4588703482056077,0.139681939077549,0.4026301834501425,1529,4.764523381562312,R01493,Cr1 Mo1 Nb1 Ti1 W1,Cr:20.0000;Mo:20.0000;Nb:20.0000;Ti:20.0000;W:20.0000,93.26,0.5773336633673122,0.5354090256034683,560,Extreme
CAND_03827,Co42.28Cr6.35Cu24.40Mo15.02W11.95,5,0.0,42.28,6.35,24.4,0.0,0.0,15.02,0.0,0.0,0.0,0.0,11.95,100.0,True,753.5939,1451.9031,59.628067,320.9667333333333,1.926638676096524,True,0.33047363,0.6921724282915181,0.7228252260151588,0.2521110915074182,0.5253167956540605,False,1080,1089.3016438802083,168.93424107703075,0.1550849041917067,Low,0.3304736453145379,0.6921724282915181,0.7228252260151588,0.2521110915074182,0.4993955977821582,0.1550849041917067,0.4323453591765361,994,4.182347371483802,R00137,Al0.3CoCrCuFe,Al:6.9767;Co:23.2558;Cr:23.2558;Cu:23.2558;Fe:23.2558,83.32000000000001,0.4990752656671472,0.5353933061687945,561,Very High
CAND_01888,Cr34.09Mn8.50Nb6.91Ni5.69W44.81,5,0.0,0.0,34.09,0.0,0.0,8.5,0.0,6.91,5.69,0.0,0.0,44.81,100.0,True,772.60394,1542.2523,47.722687,309.958,1.9961745137732485,True,0.34632748,0.7631257239842727,0.5098897544570193,0.2285203251800225,0.494586454153095,False,1676,1092.8442016601562,152.19241909690095,0.1392626861776849,Low,0.3463274754763404,0.7631257239842727,0.5098897544570193,0.2285203251800225,0.4619658197744137,0.1392626861776849,0.4054954361090725,1461,4.6640171865779605,R01772,Cr1 Nb1 Ti1 W1,Cr:25.0000;Nb:25.0000;Ti:25.0000;W:25.0000,91.92,0.5638232238400032,0.5350779864952169,564,Extreme
CAND_04688,Co29.01Cu7.35Mo32.56W31.08,4,0.0,29.01,0.0,7.35,0.0,0.0,32.56,0.0,0.0,0.0,0.0,31.08,100.0,True,656.2572,1265.7776,60.89383,322.0826,1.9287827940876392,True,0.24929763,0.5460038109992591,0.7454642212665362,0.254502297560721,0.4631318363608905,False,2325,1047.0646606445312,140.4217699278514,0.1341099315121698,Low,0.2492976188406154,0.5460038109992591,0.7454642212665362,0.2545022975607212,0.448816987166783,0.1341099315121698,0.395743811685302,1671,4.83868674429666,R00805,Mo1 Nb1 Ta1 Ti0.25 W1,Mo:23.5294;Nb:23.5294;Ta:23.5294;Ti:5.8824;W:23.5294,94.08,0.5873029953823217,0.534756075025066,568,Extreme
CAND_04766,Al14.83Cu21.15Fe15.91Ti24.63W23.48,5,14.83,0.0,0.0,21.15,15.91,0.0,0.0,0.0,0.0,24.63,0.0,23.48,100.0,True,1025.1438,1518.9143,44.34091,324.0973333333333,1.481659745429197,True,0.5569385,0.7447978581605851,0.4494044713161645,0.2588196973777162,0.5416949945487148,False,845,1179.3123331705729,194.5728105798902,0.1649883623762185,Low,0.5569385025717802,0.7447978581605851,0.4494044713161645,0.2588196973777162,0.5024901323565615,0.1649883623762185,0.4313263107037704,1011,4.369604111321526,R00476,Al1 Cu1 Fe1 Ni1 Ti1,Al:20.0000;Cu:20.0000;Fe:20.0000;Ni:20.0000;Ti:20.0000,87.46000000000001,0.5242470559239816,0.5346838213639333,571,Very High
CAND_00514,Al17.42Fe21.26Nb12.94V32.63W15.75,5,17.42,0.0,0.0,0.0,21.26,0.0,0.0,12.94,0.0,0.0,32.63,15.75,100.0,True,1392.5264,1031.1367,44.792366,284.1743333333334,0.7404791207527348,False,0.86332506,0.3617349391186668,0.4574790557685508,0.1732681506582673,0.5078779980215797,False,1391,1483.6597086588542,190.1038224456088,0.1281316877017925,Low,0.8633250932786614,0.3617349391186668,0.4574790557685508,0.1732681506582673,0.4639518097060366,0.1281316877017925,0.4112567839054233,1357,4.266560292514375,R00681,Al1 Nb1 Ti1 V1 Zr0.1,Al:24.3902;Nb:24.3902;Ti:24.3902;V:24.3902;Zr:2.4390,85.42,0.5103954989838969,0.5342488380274337,573,Very High
CAND_01851,Al41.01Cu26.73Ni10.21V22.05,4,41.01,0.0,0.0,26.73,0.0,0.0,0.0,0.0,10.21,0.0,22.05,0.0,100.0,True,894.8433,955.3027,44.913315,560.575,1.0675642044911595,True,0.4482717,0.3021807623737222,0.4596423073698844,0.7655709472321768,0.4548819671000924,False,2520,1375.5915690104166,205.08423897017843,0.1490880313534587,Low,0.4482716088146942,0.3021807623737222,0.4596423073698844,0.7655709472321768,0.4939164064476194,0.1490880313534587,0.4298333921952504,1029,4.077983689321571,R00477,Al1 Cu1 Ni1 Ti1,Al:25.0000;Cu:25.0000;Ni:25.0000;Ti:25.0000,80.94,0.4850462874840647,0.5330532001975925,584,Very High
CAND_01693,Al20.02Cr13.21Mn44.00Mo22.77,4,20.02,0.0,13.21,0.0,0.0,44.0,22.77,0.0,0.0,0.0,0.0,0.0,100.0,True,953.5181,1438.3165,47.66785,335.00933333333336,1.5084312071333794,True,0.49720478,0.6815025601879912,0.5089089590137967,0.2822031725124163,0.5231699268009897,False,1110,1276.394637044271,205.5328289116248,0.161026083114525,Low,0.4972047154245558,0.6815025601879912,0.5089089590137967,0.2822031725124163,0.49245485178469,0.161026083114525,0.4241548565934446,1128,4.395463316685056,R02937,BBC15,Al:4.0000;Co:16.0000;Fe:20.0000;Mn:44.0000;Ni:4.0000;V:12.0000,87.98,0.5277231524008469,0.530856051412071,608,Very High
CAND_03852,Co20.24Mn15.35Mo9.84Ni11.34W43.23,5,0.0,20.24,0.0,0.0,0.0,15.35,9.84,0.0,11.34,0.0,0.0,43.23,100.0,True,643.1455,1404.0864,53.38511,308.0796,2.183155107116664,True,0.23836285,0.6546208788129203,0.6111658759807888,0.2244950759412925,0.4543608486578764,False,2534,1156.0257202148437,177.07474767901184,0.1531754394237033,Low,0.2383628356979967,0.6546208788129203,0.6111658759807888,0.2244950759412926,0.4321611666082496,0.1531754394237033,0.3747575189636549,2125,5.68725731979924,R00957,Cr1 Fe1 Ni1 V0.5 W1,Cr:22.2222;Fe:22.2222;Ni:22.2222;V:11.1111;W:22.2222,98.82,0.7013712022900286,0.530517805369198,614,Extreme
CAND_02838,Al26.09Mn16.05Ti21.91V18.19W17.76,5,26.09,0.0,0.0,0.0,0.0,16.05,0.0,0.0,0.0,21.91,18.19,17.76,100.0,True,1028.2272,1072.6542,46.220642,436.2213333333333,1.0432074042793762,True,0.55950993,0.3943395825900415,0.4830247018189224,0.499091761710845,0.4817747973670547,False,1932,1511.9706949869792,233.4295547328352,0.1543876184285737,High,0.5595099700658466,0.3943395825900415,0.4830247018189224,0.499091761710845,0.4839915040464139,0.1543876184285737,0.4192625564585092,1213,4.403434344572123,R00684,Al1 Nb1 Ti1 V1 Zr0.25,Al:23.5294;Nb:23.5294;Ti:23.5294;V:23.5294;Zr:5.8824,88.18,0.5287946494389694,0.5303720086948714,616,Very High
CAND_04402,Co18.32Cu29.68Nb19.73W32.27,4,0.0,18.32,0.0,29.68,0.0,0.0,0.0,19.73,0.0,0.0,0.0,32.27,100.0,True,724.0049,1397.0378,48.86326,319.1486,1.9295972073738064,True,0.30579728,0.6490854518249676,0.5302896450612236,0.2482149885389826,0.4562694802480815,False,2481,965.0596272786458,167.62543879228505,0.1736943853562385,Low,0.3057972647988959,0.6490854518249676,0.5302896450612236,0.2482149885389826,0.4333468375560174,0.1736943853562385,0.3692160778501879,2251,6.224268742135269,R01772,Cr1 Nb1 Ti1 W1,Cr:25.0000;Nb:25.0000;Ti:25.0000;W:25.0000,99.52,0.7735583977964816,0.5296019307880555,623,Extreme
CAND_00780,Al30.43Ni15.79V27.44W26.34,4,30.43,0.0,0.0,0.0,0.0,0.0,0.0,0.0,15.79,0.0,27.44,26.34,100.0,True,948.3,954.1268,48.033684,449.8754666666667,1.0061444820015155,True,0.49285302,0.3012573011764443,0.5154521382572984,0.5283513921439352,0.4463488414174523,False,2711,1414.2349446614585,204.4057010257908,0.1445344720107462,Low,0.4928529691280039,0.3012573011764443,0.5154521382572984,0.5283513921439352,0.4594784501764205,0.1445344720107462,0.4014544440668506,1558,4.695751587852618,R00957,Cr1 Fe1 Ni1 V0.5 W1,Cr:22.2222;Fe:22.2222;Ni:22.2222;V:11.1111;W:22.2222,92.44,0.5680890873464604,0.5288927135024508,628,Extreme
CAND_03664,Co26.81Cr22.86V8.13W42.20,4,0.0,26.81,22.86,0.0,0.0,0.0,0.0,0.0,0.0,0.0,8.13,42.2,100.0,True,912.5225,1178.2479,63.354233,311.9836,1.2911987064745634,True,0.46301562,0.4772647332210599,0.78947013061408,0.2328610113267277,0.5143807950613398,False,1264,903.5821451822916,159.74529677082234,0.1767911170252205,Low,0.463015556444291,0.4772647332210599,0.78947013061408,0.2328610113267278,0.4906528579015397,0.1767911170252205,0.4169413337703025,1248,4.823325176035611,R00957,Cr1 Fe1 Ni1 V0.5 W1,Cr:22.2222;Fe:22.2222;Ni:22.2222;V:11.1111;W:22.2222,93.89999999999999,0.5852380327293444,0.5283530153669657,633,Extreme
CAND_00346,Cr39.14Fe5.74Mn15.63Nb39.49,4,0.0,0.0,39.14,0.0,5.74,15.63,0.0,39.49,0.0,0.0,0.0,0.0,100.0,True,837.0195,1523.9412,59.245483,314.682,1.8206759271786583,True,0.4000482,0.7487455978430384,0.7159824621176099,0.2386434498626034,0.5594302787070147,False,646,1166.9949300130208,207.9273799661169,0.1781733361633344,Low,0.4000482118881208,0.7487455978430384,0.7159824621176099,0.2386434498626034,0.5258549304278431,0.1781733361633344,0.4463307004895093,793,3.9563013373461766,R01155,Cr1 Nb0.333 Ti0.333 Zr0.333,Cr:50.0250;Nb:16.6583;Ti:16.6583;Zr:16.6583,77.66,0.46868926533075117,0.5278753213208793,639,Very High
CAND_00606,Al20.33Nb13.65Ni8.34Ti14.17V9.35W34.16,6,20.33,0.0,0.0,0.0,0.0,0.0,0.0,13.65,8.34,14.17,9.35,34.16,100.0,True,1146.2659,992.99066,45.28913,368.6908,0.8662830210101798,False,0.6579509,0.3317779803893406,0.4663640032958962,0.354379651462217,0.4666666090833342,False,2258,1461.147509765625,171.01882096003845,0.1170441860366792,Low,0.6579508729950336,0.3317779803893406,0.4663640032958962,0.3543796514622171,0.4526181270356219,0.1170441860366792,0.405192679657132,1467,4.0354765674299005,R01772,Cr1 Nb1 Ti1 W1,Cr:25.0000;Nb:25.0000;Ti:25.0000;W:25.0000,79.7,0.4793323123416689,0.5276152817831528,643,Very High
CAND_03356,Al25.72Mn15.13Ni27.07W32.08,4,25.72,0.0,0.0,0.0,0.0,15.13,0.0,0.0,27.07,0.0,0.0,32.08,100.0,True,589.79724,1462.6398,55.438637,387.5965666666666,2.479902749285488,True,0.19387193,0.7006042046643515,0.6478945431969861,0.394893079317096,0.4895504418938821,False,1770,1156.9990600585938,199.31545771101744,0.172269334169488,Low,0.1938719112460921,0.7006042046643515,0.6478945431969861,0.394893079317096,0.4843159346061314,0.172269334169488,0.4131439085619793,1327,4.812970452403951,R00957,Cr1 Fe1 Ni1 V0.5 W1,Cr:22.2222;Fe:22.2222;Ni:22.2222;V:11.1111;W:22.2222,93.82000000000001,0.5838461098984252,0.5270052101875622,649,Extreme
CAND_00080,Cr18.63Mn32.41Mo11.03Nb37.93,4,0.0,0.0,18.63,0.0,0.0,32.41,11.03,37.93,0.0,0.0,0.0,0.0,100.0,True,949.70514,1577.2867,43.147278,287.45133333333337,1.660817273659093,True,0.49402487,0.7906390405672444,0.428055585956194,0.1802904791055191,0.5194566512997003,False,1174,1179.0886596679688,189.16761374436783,0.1604354449457918,Low,0.4940248157371408,0.7906390405672444,0.428055585956194,0.1802904791055191,0.4732524803415246,0.1604354449457918,0.4078231860313711,1420,4.721566873382021,R01226,Cr0.286 Mo0.476 Nb1 Ta0.024 Ti0.31 V0.286,Cr:12.0067;Mo:19.9832;Nb:41.9815;Ta:1.0076;Ti:13.0143;V:12.0067,92.67999999999999,0.5715592799458272,0.5260226151884555,657,Extreme
CAND_00929,Cr20.99Mn23.80Mo10.98V15.89W28.34,5,0.0,0.0,20.99,0.0,0.0,23.8,10.98,0.0,0.0,0.0,15.89,28.34,100.0,True,1004.03925,1229.9875,47.22701,283.2753333333334,1.2250392655301805,True,0.53933793,0.517897025901292,0.5010242486322977,0.1713416711727381,0.468127803503657,False,2221,1129.4315063476563,124.463255758776,0.110199914788338,Low,0.5393379109190919,0.517897025901292,0.5010242486322977,0.1713416711727381,0.4324002141563549,0.110199914788338,0.3894795958787233,1796,4.2836408678692095,R00957,Cr1 Fe1 Ni1 V0.5 W1,Cr:22.2222;Fe:22.2222;Ni:22.2222;V:11.1111;W:22.2222,85.7,0.5126915373570446,0.5253843429144878,662,Very High
CAND_03136,Al9.31Co26.79Nb23.31W40.59,4,9.31,26.79,0.0,0.0,0.0,0.0,0.0,23.31,0.0,0.0,0.0,40.59,100.0,True,857.31775,1385.4073,54.65923,346.62420000000003,1.6159787915018724,True,0.4169764,0.6399517538447466,0.633954341617472,0.3070928303105153,0.521630959745574,False,1134,958.1049235026042,183.662457284156,0.1916934698683413,Low,0.4169763723802507,0.6399517538447466,0.633954341617472,0.3070928303105153,0.4994938245382461,0.1916934698683413,0.4191462294355195,1216,4.938447388356955,R01772,Cr1 Nb1 Ti1 W1,Cr:25.0000;Nb:25.0000;Ti:25.0000;W:25.0000,94.86,0.6007132150109908,0.525251465678647,663,Extreme
CAND_03836,Al20.07Co21.86Mn13.28Ni16.79W28.00,5,20.07,21.86,0.0,0.0,0.0,13.28,0.0,0.0,16.79,0.0,0.0,28.0,100.0,True,691.9596,1538.166,54.059456,354.02259999999995,2.222913030937634,True,0.2790724,0.7599166590208938,0.6232269931818647,0.3229469635983235,0.5159455176742801,False,1234,1199.5188273111978,214.4318246431496,0.178764867846062,Medium,0.2790724002702567,0.7599166590208938,0.6232269931818647,0.3229469635983235,0.4962907540178347,0.178764867846062,0.4210260820927746,1181,4.635296271993959,R00957,Cr1 Fe1 Ni1 V0.5 W1,Cr:22.2222;Fe:22.2222;Ni:22.2222;V:11.1111;W:22.2222,91.58,0.5599624451117211,0.5249183912260807,668,Extreme
CAND_04900,Cu36.46Mo9.39Nb20.20W33.95,4,0.0,0.0,0.0,36.46,0.0,0.0,9.39,20.2,0.0,0.0,0.0,33.95,100.0,True,760.4807,1323.7712,40.286285,312.562,1.7407031862363476,True,0.33621708,0.5915475130916664,0.3768848636794136,0.2341004726553486,0.4076656664017835,False,3662,1023.8248453776042,159.55582305409186,0.1558428902897398,Low,0.3362170397291894,0.5915475130916664,0.3768848636794136,0.2341004726553486,0.3846874722889045,0.1558428902897398,0.332819862907556,3213,6.799102376418588,R01647,Al1 Cr1 Cu1 Fe1 Mn1 W0.5,Al:18.1818;Cr:18.1818;Cu:18.1818;Fe:18.1818;Mn:18.1818;W:9.0909,99.86,0.8508298043546263,0.5248210968954446,672,Extreme
CAND_03889,Al35.59Fe22.78V25.13W16.50,4,35.59,0.0,0.0,0.0,22.78,0.0,0.0,0.0,0.0,0.0,25.13,16.5,100.0,True,996.2655,1119.2462,44.68981,469.2579999999999,1.1234416896988473,True,0.53285486,0.4309293471138759,0.4556447749458374,0.5698864898572317,0.488529439788309,False,1795,1178.432108561198,206.39219098276067,0.1751413505142476,Low,0.5328548255483976,0.4309293471138759,0.4556447749458374,0.5698864898572317,0.4973288593663356,0.1751413505142476,0.4232076925458389,1143,4.493292562590775,R00352,Al1 Fe1 Ni1 Ti1 V1 Zr1,Al:16.6667;Fe:16.6667;Ni:16.6667;Ti:16.6667;V:16.6667;Zr:16.6667,89.58,0.5408737458644362,0.5245582184594062,674,Very High
CAND_00891,Co38.97Mo5.05Ni23.82W32.16,4,0.0,38.97,0.0,0.0,0.0,0.0,5.05,0.0,23.82,0.0,0.0,32.16,100.0,True,621.6286,1411.3025,64.30022,285.919,2.270330704798924,True,0.22041836,0.6602878473865047,0.8063897239351558,0.177006820894552,0.4923603204570311,False,1710,1027.49609375,166.66928126824914,0.1622091629175589,Low,0.2204183559279126,0.6602878473865047,0.8063897239351558,0.177006820894552,0.4660256870360313,0.1622091629175589,0.4009826302402752,1569,4.896933836330009,R01366,Co1 Cr1 Fe1 Ni1 W0.5,Co:22.2222;Cr:22.2222;Fe:22.2222;Ni:22.2222;W:11.1111,94.5,0.5951327994524158,0.5240295901353885,677,Extreme
CAND_01339,Al17.57Cu12.48Mn37.95Nb32.00,4,17.57,0.0,0.0,12.48,0.0,37.95,0.0,32.0,0.0,0.0,0.0,0.0,100.0,True,904.7328,1476.4996,48.46801,326.3043333333334,1.6319731300152156,True,0.45651916,0.7114886229839652,0.5232203415082622,0.2635491080835707,0.520739791453579,False,1150,1397.1045003255208,217.42197726325207,0.1556232745743739,Medium,0.4565191692293565,0.7114886229839652,0.5232203415082622,0.2635491080835707,0.4886943104512887,0.1556232745743739,0.4228837556350525,1150,4.1216196666319584,R02933,BBC11,Al:4.0000;Co:12.0000;Cr:4.0000;Cu:12.0000;Fe:4.0000;Mn:36.0000;Ni:12.0000;V:16.0000,82.12,0.49091200782855493,0.5237070516542184,684,Very High
CAND_01941,Al34.76Mo12.37Ni25.14V13.79W13.94,5,34.76,0.0,0.0,0.0,0.0,0.0,12.37,0.0,25.14,0.0,13.79,13.94,100.0,True,871.1161,936.3789,60.071533,483.91533333333336,1.0749186152877526,True,0.42848378,0.2873194688920917,0.730756904116152,0.6012958913914153,0.4876245856650061,False,1807,1135.652189127604,193.59885992956052,0.1704737258317453,Low,0.4284838020023402,0.2873194688920917,0.730756904116152,0.6012958913914153,0.5119640166004998,0.1704737258317453,0.4373989823963757,922,3.9251679503946915,R01594,Al0.947 Co0.158 Mo1 Ni0.289 W0.237,Al:35.9939;Co:6.0053;Mo:38.0084;Ni:10.9844;W:9.0080,76.6,0.4645041925424137,0.5224838042827158,691,Very High
CAND_02881,Al24.38Cu6.66Mn27.02Nb34.37V7.57,5,24.38,0.0,0.0,6.66,0.0,27.02,0.0,34.37,0.0,0.0,7.57,0.0,100.0,True,973.1762,1106.7236,55.32276,384.2173666666667,1.1372283768735827,True,0.5135991,0.4210950625751961,0.6458220076174631,0.3876517450818342,0.5000115177182829,False,1563,1381.3522908528646,232.7361855431401,0.168484308517305,High,0.5135990091085109,0.4210950625751961,0.6458220076174631,0.3876517450818342,0.4920419560957511,0.168484308517305,0.421094192287533,1180,4.372481716151516,R02927,BBC01,Al:4.0000;Co:12.0000;Cr:4.0000;Cu:8.0000;Fe:4.0000;Mn:32.0000;Ni:20.0000;V:16.0000,87.53999999999999,0.5246338749259857,0.5224719022349088,692,Very High
CAND_02833,Co28.86Cr14.60Mo31.41W25.13,4,0.0,28.86,14.6,0.0,0.0,0.0,31.41,0.0,0.0,0.0,0.0,25.13,100.0,True,736.7547,1315.2206,56.712566,318.2576,1.7851540010847498,True,0.31643024,0.5848325311089765,0.6706795926743306,0.2463056523636694,0.474994582087031,False,2064,1081.6163818359375,132.81919727259802,0.1227969541725602,Low,0.3164302336825463,0.5848325311089765,0.6706795926743306,0.2463056523636695,0.4545620024573807,0.1227969541725602,0.4048479119649625,1472,3.9806775358863953,R01493,Cr1 Mo1 Nb1 Ti1 W1,Cr:20.0000;Mo:20.0000;Nb:20.0000;Ti:20.0000;W:20.0000,78.2,0.47196601017552986,0.5218308069183266,699,Very High
CAND_00724,Cr33.01Cu15.79Mn15.96W35.24,4,0.0,0.0,33.01,15.79,0.0,15.96,0.0,0.0,0.0,0.0,0.0,35.24,100.0,True,647.9668,1399.0876,51.88403,312.626,2.1591964383784616,True,0.24238367,0.6506952067039372,0.5843180829958952,0.234237619137077,0.4491388292569677,False,2651,1078.9541300455728,145.6763732253104,0.1350162802742664,Low,0.2423836621328227,0.6506952067039372,0.5843180829958952,0.234237619137077,0.427908642742433,0.1350162802742664,0.3770066123095897,2082,4.986656798721856,R00957,Cr1 Fe1 Ni1 V0.5 W1,Cr:22.2222;Fe:22.2222;Ni:22.2222;V:11.1111;W:22.2222,95.26,0.6071937142825394,0.5210249992902226,712,Extreme
CAND_02865,Al37.02Mn33.84Mo19.94W9.20,4,37.02,0.0,0.0,0.0,0.0,33.84,19.94,0.0,0.0,0.0,0.0,9.2,100.0,True,587.5391,1390.8179,47.641045,520.2853333333334,2.367191978010939,True,0.19198872,0.6442008219236584,0.5084295341390664,0.6792336654611586,0.4798493001033,False,1975,1287.3927937825522,232.9388609859194,0.1809384533693949,High,0.1919886870108157,0.6442008219236584,0.5084295341390664,0.6792336654611586,0.5059631771336748,0.1809384533693949,0.4284416141163714,1060,4.335977152206302,R01694,Al0.774 Fe1 Mn0.903 Ni0.484 Ti0.097,Al:23.7569;Fe:30.6937;Mn:27.7164;Ni:14.8557;Ti:2.9773,86.72,0.5197267873207949,0.5209881123294288,714,Very High
CAND_04594,Al16.78Mn19.07V21.67W42.48,4,16.78,0.0,0.0,0.0,0.0,19.07,0.0,0.0,0.0,0.0,21.67,42.48,100.0,True,807.0619,1108.0039,47.217613,324.578,1.3728859139695655,True,0.37506443,0.4221005114831602,0.5008561771699646,0.2598497245998643,0.4033409877038356,False,3771,1475.4580240885416,184.87959183487536,0.1253031864116121,Low,0.3750644295049583,0.4221005114831602,0.5008561771699646,0.2598497245998643,0.3894677106894869,0.1253031864116121,0.346100246931166,2826,5.657803898991214,R00827,Nb1 Ta1 V1 W1,Nb:25.0000;Ta:25.0000;V:25.0000;W:25.0000,98.68,0.6974119571831854,0.5202687127169469,720,Extreme
CAND_02284,Al11.11Co8.28Cu21.54Fe10.72Ni18.29W30.06,6,11.11,8.28,0.0,21.54,10.72,0.0,0.0,0.0,18.29,0.0,0.0,30.06,100.0,True,757.103,1404.9877,55.045082,325.3593333333333,1.855741754103552,True,0.3334002,0.6553286903420525,0.6408555558224491,0.261524054564299,0.4960611626959559,False,1646,1062.223787434896,181.4897206345408,0.170858271845719,Low,0.3334001344445335,0.6553286903420525,0.6408555558224491,0.261524054564299,0.4727771087933335,0.170858271845719,0.4037867948338927,1505,4.863372184968903,R00957,Cr1 Fe1 Ni1 V0.5 W1,Cr:22.2222;Fe:22.2222;Ni:22.2222;V:11.1111;W:22.2222,94.32000000000001,0.5906213097753722,0.5202372753393771,721,Extreme
CAND_01508,Al20.62Cr9.34Cu13.21Mn11.01Mo18.24W27.58,6,20.62,0.0,9.34,13.21,0.0,11.01,18.24,0.0,0.0,0.0,0.0,27.58,100.0,True,841.47656,1254.4327,45.37535,371.225,1.490751799756752,True,0.4037653,0.5370944012390763,0.4679061041240716,0.3598102235559082,0.4532059746793788,False,2556,1375.38564453125,179.8403564176932,0.1307563134258139,Low,0.4037652725708424,0.5370944012390763,0.4679061041240716,0.3598102235559082,0.4421440003724746,0.1307563134258139,0.3910161677832476,1758,4.478753927660525,R01647,Al1 Cr1 Cu1 Fe1 Mn1 W0.5,Al:18.1818;Cr:18.1818;Cu:18.1818;Fe:18.1818;Mn:18.1818;W:9.0909,89.4,0.538919405158718,0.5202368043929579,722,Very High
CAND_01050,Al17.68Fe5.84Mn19.69V25.48W31.31,5,17.68,0.0,0.0,0.0,5.84,19.69,0.0,0.0,0.0,0.0,25.48,31.31,100.0,True,907.3265,1119.3525,44.688843,327.0203333333334,1.2336821731890804,True,0.45868227,0.4310128269380706,0.455627479521332,0.2650834343479077,0.4205779167515593,False,3345,1540.9455485026042,171.18527481003233,0.1110910602755429,Low,0.4586822409162477,0.4310128269380706,0.455627479521332,0.2650834343479077,0.4026014954308896,0.1110910602755429,0.3623478847278703,2413,4.910047066596292,R00957,Cr1 Fe1 Ni1 V0.5 W1,Cr:22.2222;Fe:22.2222;Ni:22.2222;V:11.1111;W:22.2222,94.58,0.5968955316357193,0.5201685548178219,723,Extreme
CAND_01680,Cr29.60Mn43.36Ti18.34W8.70,4,0.0,0.0,29.6,0.0,0.0,43.36,0.0,0.0,0.0,18.34,0.0,8.7,100.0,True,999.9235,1596.5387,50.618847,275.17533333333336,1.596660807909687,True,0.53590554,0.8057580770244228,0.5616894614220906,0.1539840695789816,0.5660190668570027,False,587,1138.7141072591146,206.6515986892722,0.1814780350677157,Low,0.5359054930236831,0.8057580770244228,0.5616894614220906,0.1539840695789816,0.5143342752622946,0.1814780350677157,0.4353312207220304,956,4.096150842223659,R02931,BBC05,Co:24.0000;Cr:8.0000;Fe:16.0000;Mn:40.0000;Ni:4.0000;V:8.0000,81.36,0.48748838790091215,0.5195384977515616,731,Very High
CAND_00591,Co35.61Nb15.68Ti9.01W39.70,4,0.0,35.61,0.0,0.0,0.0,0.0,0.0,15.68,0.0,9.01,0.0,39.7,100.0,True,842.3606,1546.4276,50.090202,320.793,1.835826138934223,True,0.40450254,0.7664046826856884,0.5522343014556005,0.251738795953893,0.5270915647909621,False,1043,1034.6164713541666,200.3781548556589,0.1936738495892997,Low,0.4045025366700363,0.7664046826856884,0.5522343014556005,0.251738795953893,0.4937200791913045,0.1936738495892997,0.413613885703516,1316,4.951986675777631,R01772,Cr1 Nb1 Ti1 W1,Cr:25.0000;Nb:25.0000;Ti:25.0000;W:25.0000,94.98,0.6025332194790575,0.5188574207510604,736,Extreme
CAND_01729,Al20.43Co25.77Cu44.30Ni9.50,4,20.43,25.77,0.0,44.3,0.0,0.0,0.0,0.0,9.5,0.0,0.0,0.0,100.0,True,712.9106,1375.2584,59.84682,354.52286666666663,1.929075583722956,True,0.29654494,0.6319815902721172,0.7267377658257114,0.3240189919305008,0.5088452535818533,False,1378,1234.11455078125,202.73458658360016,0.1642753393153496,Low,0.2965449356105257,0.6319815902721172,0.7267377658257114,0.3240189919305008,0.4948208209097137,0.1642753393153496,0.4250032652934936,1115,4.0711661082371675,R01599,Al1 Co1 Cu1 Fe1 Ni0.5,Al:22.2222;Co:22.2222;Cu:22.2222;Fe:22.2222;Ni:11.1111,80.7,0.48412984131895315,0.5188115388835898,737,Very High
CAND_04718,Al19.42Cr6.03Mn25.89Ni8.72Ti39.94,5,19.42,0.0,6.03,0.0,0.0,25.89,0.0,0.0,8.72,39.94,0.0,0.0,100.0,True,981.18256,1319.6078,48.33361,327.96333333333337,1.3449156751978686,True,0.5202761,0.5882778997327522,0.5208165100154906,0.2671042020396252,0.5028359665033695,False,1495,1443.4620768229167,217.5939909354988,0.1507445151689933,Medium,0.5202760845725418,0.5882778997327522,0.5208165100154906,0.2671042020396252,0.4741186740901024,0.1507445151689933,0.4120103705386556,1347,4.189984211347227,R00100,AlCoCrFeNiTi1.5,Al:15.3846;Co:15.3846;Cr:15.3846;Fe:15.3846;Ni:15.3846;Ti:23.0769,83.58,0.5001018398317607,0.5183297908733842,741,Very High
CAND_04673,Co12.09Cr39.10Cu13.90Nb17.24W17.67,5,0.0,12.09,39.1,13.9,0.0,0.0,0.0,17.24,0.0,0.0,0.0,17.67,100.0,True,835.2215,1415.9004,57.66344,314.866,1.6952394134900446,True,0.39854875,0.6638986835451615,0.6876865931717843,0.2390377459975726,0.5265115453473207,False,1056,1152.435595703125,186.30830954898147,0.1616648342377092,Low,0.3985487312646755,0.6638986835451615,0.6876865931717843,0.2390377459975726,0.4972929384947984,0.1616648342377092,0.4280864185934704,1065,3.9085467063472694,R01772,Cr1 Nb1 Ti1 W1,Cr:25.0000;Nb:25.0000;Ti:25.0000;W:25.0000,75.9,0.46226989929704404,0.5179947813181119,745,Very High
CAND_03155,Cr43.14Cu7.19Mo14.96V34.71,4,0.0,0.0,43.14,7.19,0.0,0.0,14.96,0.0,0.0,0.0,34.71,0.0,100.0,True,1250.2653,1042.703,56.766857,309.246,0.8339854224294004,False,0.7446834,0.3708182193687532,0.671650622552114,0.2269945705707935,0.5366123254831031,False,909,1175.379805501302,205.29793856370588,0.1746651912878032,Low,0.7446834008871037,0.3708182193687532,0.671650622552114,0.2269945705707935,0.5035367033446911,0.1746651912878032,0.4286640202495966,1054,4.102889475735182,R01367,Cr1 Fe1 Mo1 Nb1 V1,Cr:20.0000;Fe:20.0000;Mo:20.0000;Nb:20.0000;V:20.0000,81.66,0.48839422162159274,0.5171931737296203,752,Very High
CAND_01303,Al24.50Cu30.94Nb23.23V21.33,4,24.5,0.0,0.0,30.94,0.0,0.0,0.0,23.23,0.0,0.0,21.33,0.0,100.0,True,1128.9005,1039.54,46.21573,404.28903333333335,0.9208428805812486,False,0.6434686,0.3683342430382911,0.48293684750127,0.4306635961093257,0.4888746186617837,False,1784,1296.2238688151042,215.318118638548,0.1661118297685515,Medium,0.6434686255988279,0.3683342430382911,0.48293684750127,0.4306635961093257,0.4813508280619287,0.1661118297685515,0.4127827329883675,1333,4.38660028931426,R00220,AlCoCuFeNbNi,Al:16.6667;Co:16.6667;Cu:16.6667;Fe:16.6667;Nb:16.6667;Ni:16.6667,87.78,0.5265317492705157,0.5161430325817976,762,Very High
CAND_01585,Co18.63Cu15.84Mo12.43Nb19.35V5.76W27.99,6,0.0,18.63,0.0,15.84,0.0,0.0,12.43,19.35,0.0,0.0,5.76,27.99,100.0,True,1077.2032,1022.0573,54.027023,325.541,0.948806367581704,False,0.6003546,0.3546046783868308,0.6226469078633746,0.261913350567122,0.4814365196092814,False,1940,1143.57109375,171.83128987089842,0.1502585110886538,Low,0.6003545546119307,0.3546046783868308,0.6226469078633746,0.261913350567122,0.4598798728573145,0.1502585110886538,0.3998056683988928,1592,4.430239122106067,R01493,Cr1 Mo1 Nb1 Ti1 W1,Cr:20.0000;Mo:20.0000;Nb:20.0000;Ti:20.0000;W:20.0000,88.68,0.5323978534600917,0.5147402404352507,779,Very High
CAND_03698,Al5.02Cr9.61Mn22.41Mo6.18Ti23.22W33.56,6,5.02,0.0,9.61,0.0,0.0,22.41,6.18,0.0,0.0,23.22,0.0,33.56,100.0,True,871.93097,1606.5663,45.144287,287.251,1.8425384080617024,True,0.42916343,0.8136329809293678,0.463773391949858,0.1798611820455253,0.5157614474213473,False,1238,1164.114306640625,183.2645042260745,0.1574282724476904,Low,0.4291633802980172,0.8136329809293678,0.463773391949858,0.1798611820455253,0.4716077338056921,0.1574282724476904,0.4074617365345258,1426,4.334698663840185,R01772,Cr1 Nb1 Ti1 W1,Cr:25.0000;Nb:25.0000;Ti:25.0000;W:25.0000,86.66,0.5195549278671614,0.5145468096133683,781,Very High
CAND_00656,Cr31.56Cu6.06Mn11.71V13.97W36.70,5,0.0,0.0,31.56,6.06,0.0,11.71,0.0,0.0,0.0,0.0,13.97,36.7,100.0,True,1063.0238,1041.3201,58.431816,309.048,0.9795830501300428,False,0.58852935,0.3697321963313216,0.701429498135251,0.2265702736429461,0.4968213819719073,False,1631,1141.2157063802083,168.2132673774894,0.1473983107987889,Low,0.5885293401780702,0.3697321963313216,0.701429498135251,0.2265702736429461,0.4715653270718972,0.1473983107987889,0.4109865969243111,1363,4.044620924588314,R00957,Cr1 Fe1 Ni1 V0.5 W1,Cr:22.2222;Fe:22.2222;Ni:22.2222;V:11.1111;W:22.2222,79.96,0.48056153293273884,0.5145255549135804,782,Very High
CAND_04905,Co29.52Mn14.87Mo9.47Nb9.95V20.70W15.49,6,0.0,29.52,0.0,0.0,0.0,14.87,9.47,9.95,0.0,0.0,20.7,15.49,100.0,True,1080.5828,1206.4331,51.116425,320.05920000000003,1.1164652450132364,True,0.603173,0.4993992162021977,0.5705889678693402,0.2501663258243253,0.5109438639324246,False,1338,1140.8454060872396,172.1840803972542,0.150926742114687,Low,0.6031730444422955,0.4993992162021977,0.5705889678693402,0.2501663258243253,0.4808318885845397,0.150926742114687,0.4177780140038019,1234,3.90614447920274,R02915,BBB05,Co:44.0000;Cr:12.0000;Fe:4.0000;Mn:4.0000;Ni:12.0000;V:24.0000,75.86,0.46194698244030624,0.5143357941736679,784,Very High
CAND_03381,Al14.55Cu38.74Fe11.89Mo13.25Ti11.76W9.81,6,14.55,0.0,0.0,38.74,11.89,0.0,13.25,0.0,0.0,11.76,0.0,9.81,100.0,True,1009.6798,1250.3646,46.087646,331.864,1.238377343142194,True,0.544042,0.5338996291524646,0.4806459817801377,0.275462994379137,0.484863430717792,False,1876,1348.3531087239585,188.5594009418786,0.139844229024195,Low,0.5440419684444394,0.5338996291524646,0.4806459817801377,0.275462994379137,0.4585126434390446,0.139844229024195,0.4022590383526098,1539,4.145263925950964,R00477,Al1 Cu1 Ni1 Ti1,Al:25.0000;Cu:25.0000;Ni:25.0000;Ti:25.0000,82.6,0.494090362513529,0.5141353316653018,785,Very High
CAND_00957,Al19.59Cr18.93Cu28.96Ni9.43W23.09,5,19.59,0.0,18.93,28.96,0.0,0.0,0.0,0.0,9.43,0.0,0.0,23.09,100.0,True,834.7938,1471.1761,41.918922,342.1188,1.7623226945860946,True,0.39819208,0.7073079565295817,0.4060856392513203,0.297438146579588,0.4777871436113001,False,2022,1368.8548583984375,184.27372111425447,0.1346188896387854,Low,0.3981920416858949,0.7073079565295817,0.4060856392513203,0.2974381465795881,0.4522559460115962,0.1346188896387854,0.3985972295557104,1613,4.1256946809894535,R01647,Al1 Cr1 Cu1 Fe1 Mn1 W0.5,Al:18.1818;Cr:18.1818;Cu:18.1818;Fe:18.1818;Mn:18.1818;W:9.0909,82.19999999999999,0.4914597873466077,0.5132310922091884,789,Very High
CAND_03416,Al27.07Co9.63Cu13.40Fe26.92W22.98,5,27.07,9.63,0.0,13.4,26.92,0.0,0.0,0.0,0.0,0.0,0.0,22.98,100.0,True,766.7503,1438.5464,45.222282,394.1853333333332,1.8761601922938995,True,0.34144574,0.6816831059225384,0.4651683832986581,0.4090122381805802,0.4845825895200338,False,1882,1181.515222167969,181.39357805558888,0.1535262302611292,Low,0.3414457069798863,0.6816831059225384,0.4651683832986581,0.40901223818058,0.4743273585954157,0.1535262302611292,0.4111977223855933,1359,4.098394222992506,R01647,Al1 Cr1 Cu1 Fe1 Mn1 W0.5,Al:18.1818;Cr:18.1818;Cu:18.1818;Fe:18.1818;Mn:18.1818;W:9.0909,81.52000000000001,0.4877899520007067,0.512721951603738,792,Very High
CAND_02517,Cu38.20Fe8.06V8.90W44.84,4,0.0,0.0,0.0,38.2,8.06,0.0,0.0,0.0,0.0,0.0,8.9,44.84,100.0,True,847.8131,997.1718,38.849113,312.518,1.1761693559875512,True,0.4090498,0.3350615253764882,0.3511801068778538,0.2340061844491602,0.3461293561836104,False,4694,1161.3387573242187,186.7830719582324,0.1608342706038587,Low,0.4090497658687769,0.3350615253764882,0.3511801068778538,0.2340061844491602,0.3323243956430698,0.1608342706038587,0.2862806552654555,4429,7.908801934237051,R01647,Al1 Cr1 Cu1 Fe1 Mn1 W0.5,Al:18.1818;Cr:18.1818;Cu:18.1818;Fe:18.1818;Mn:18.1818;W:9.0909,100.0,1.0,0.512622625611035,794,Extreme
CAND_01273,Co23.65Cr37.23Mn16.82W22.30,4,0.0,23.65,37.23,0.0,0.0,16.82,0.0,0.0,0.0,0.0,0.0,22.3,100.0,True,582.681,1468.093,68.6628,311.873,2.5195483012567976,True,0.1879372,0.7048867274987732,0.8844173072218808,0.2326240050629908,0.5238451080705532,False,1101,896.4622477213542,158.4552722583484,0.1767562132829499,Low,0.1879371704275233,0.7048867274987732,0.8844173072218808,0.2326240050629908,0.502466302552792,0.1767562132829499,0.4269926913332341,1081,4.0479322097848724,R01366,Co1 Cr1 Fe1 Ni1 W0.5,Co:22.2222;Cr:22.2222;Fe:22.2222;Ni:22.2222;W:11.1111,80.0,0.48100664896178313,0.5123984935319189,796,Very High
CAND_00963,Al14.76Co8.46Mn33.32Ti27.03W16.43,5,14.76,8.46,0.0,0.0,0.0,33.32,0.0,0.0,0.0,27.03,0.0,16.43,100.0,True,902.2931,1530.6437,51.538887,326.5776666666667,1.6963930186015586,True,0.45448452,0.7540092245755462,0.5781449757569839,0.2641348378492859,0.5467045936921072,False,777,1279.3196085611978,265.8578146740631,0.2078118813273434,High,0.4544845291420264,0.7540092245755462,0.5781449757569839,0.2641348378492859,0.5126933918309606,0.2078118813273434,0.4244811628012206,1124,4.678550951571223,R02935,BBC13,Al:4.0000;Co:28.0000;Fe:20.0000;Mn:36.0000;Ni:4.0000;V:8.0000,92.12,0.5657769099095651,0.5120784354866854,800,Extreme
CAND_02695,Cr28.23Mn39.13Ti23.63W9.01,4,0.0,0.0,28.23,0.0,0.0,39.13,0.0,0.0,0.0,23.63,0.0,9.01,100.0,True,888.70715,1635.5449,51.22052,279.2963333333334,1.8403642796048345,True,0.44315425,0.8363905390988046,0.5724507747089239,0.1628150172540274,0.5513983906201748,False,730,1094.3983642578123,201.87685538628108,0.1844637766095235,Low,0.4431542350507598,0.8363905390988046,0.5724507747089239,0.1628150172540274,0.5037026415281289,0.1844637766095235,0.4252579534090575,1111,4.2090757464202495,R01508,Cr1 Fe1 Mn1 Ni1,Cr:25.0000;Fe:25.0000;Mn:25.0000;Ni:25.0000,83.91999999999999,0.5026681993494774,0.5113650912757335,808,Very High
CAND_00948,Al10.76Cr33.20Mn16.00Mo26.90W13.14,5,10.76,0.0,33.2,0.0,0.0,16.0,26.9,0.0,0.0,0.0,0.0,13.14,100.0,True,845.05,1474.3156,51.868435,350.581,1.7446489808851364,True,0.40674543,0.7097734777719104,0.584039156268739,0.3155719115433764,0.5283012537428247,False,1024,1145.903719075521,202.5272500858832,0.1767401979018585,Low,0.4067454194223688,0.7097734777719104,0.584039156268739,0.3155719115433764,0.5040324912515987,0.1767401979018585,0.4283294580658453,1063,3.962569176484313,R01493,Cr1 Mo1 Nb1 Ti1 W1,Cr:20.0000;Mo:20.0000;Nb:20.0000;Ti:20.0000;W:20.0000,77.78,0.4695318130130694,0.5108803360532359,812,Very High
CAND_01011,Co13.52Cu10.10Mo13.12Nb16.27Ni18.75W28.24,6,0.0,13.52,0.0,10.1,0.0,0.0,13.12,16.27,18.75,0.0,0.0,28.24,100.0,True,839.58246,1274.1788,61.016953,289.678,1.5176338989768543,True,0.40218568,0.5526014657407949,0.7476663562731176,0.1850620337823212,0.5011120418728311,False,1531,1134.0437337239584,169.006664287537,0.1490301116805743,Low,0.4021856472933853,0.5526014657407949,0.7476663562731176,0.1850620337823212,0.4718788757724048,0.1490301116805743,0.4106758134321071,1372,3.970199074004281,R01493,Cr1 Mo1 Nb1 Ti1 W1,Cr:20.0000;Mo:20.0000;Nb:20.0000;Ti:20.0000;W:20.0000,78.03999999999999,0.4705574539604671,0.5107033853938094,814,Very High
CAND_02774,Al29.68Cu19.00Mo23.94Ti17.45W9.93,5,29.68,0.0,0.0,19.0,0.0,0.0,23.94,0.0,0.0,17.45,0.0,9.93,100.0,True,858.08496,1177.3252,44.993874,487.5183333333333,1.3720380307256688,True,0.41761622,0.4765401157818827,0.4610831575278174,0.6090168097299713,0.4748702110745576,False,2068,1294.6718017578123,217.1628591786153,0.1677358376723484,Medium,0.4176162035977777,0.4765401157818827,0.4610831575278174,0.6090168097299713,0.4910640716593623,0.1677358376723484,0.4205266771962757,1189,4.024360660960599,R00474,Al1 Cu0.889 Fe0.667 Ni0.889 Ti1,Al:22.4972;Cu:20.0000;Fe:15.0056;Ni:20.0000;Ti:22.4972,79.42,0.47783806830857123,0.5106680047609069,815,Very High
CAND_03463,Al12.98Co27.15Cr20.98Cu6.66W32.23,5,12.98,27.15,20.98,6.66,0.0,0.0,0.0,0.0,0.0,0.0,0.0,32.23,100.0,True,747.3774,1496.6611,60.437176,361.80893333333336,2.002550705049256,True,0.32528925,0.7273219106180502,0.7372966672003148,0.3396324045706921,0.5510523814576118,False,734,870.296553548177,188.2627524723821,0.2163202321149494,Low,0.3252892619465468,0.7273219106180502,0.7372966672003148,0.3396324045706921,0.5323850610839009,0.2163202321149494,0.4377013939480269,913,4.37008958001781,R00957,Cr1 Fe1 Ni1 V0.5 W1,Cr:22.2222;Fe:22.2222;Ni:22.2222;V:11.1111;W:22.2222,87.48,0.5243123145427618,0.5102146534109347,819,Very High
CAND_02108,Al16.10Mo34.79Nb8.32Ti9.84W30.95,5,16.1,0.0,0.0,0.0,0.0,0.0,34.79,8.32,0.0,9.84,0.0,30.95,100.0,True,983.46466,1348.0182,40.99475,351.306,1.370682907016254,True,0.52217937,0.6105892374308107,0.3895562214065452,0.3171255240317064,0.4847884766539888,False,1878,1405.2336018880208,192.9167626669773,0.1372844788281331,Low,0.5221792907631785,0.6105892374308107,0.3895562214065452,0.3171255240317064,0.4598625684080601,0.1372844788281331,0.4043513975341563,1487,3.9144660243513703,R01493,Cr1 Mo1 Nb1 Ti1 W1,Cr:20.0000;Mo:20.0000;Nb:20.0000;Ti:20.0000;W:20.0000,76.16000000000001,0.4630655973925671,0.5100214471626604,823,Very High
CAND_01170,Al14.19Cu26.06V33.75W26.00,4,14.19,0.0,0.0,26.06,0.0,0.0,0.0,0.0,0.0,0.0,33.75,26.0,100.0,True,965.5871,964.7891,46.205788,343.1643333333334,0.9991735627264394,False,0.50727,0.3096306495255703,0.4827590283591483,0.2996786343639082,0.4107117466194852,False,3586,1192.9731730143228,169.72837798331895,0.1422734239316219,Low,0.5072699165615757,0.3096306495255703,0.4827590283591483,0.2996786343639082,0.3998345572025506,0.1422734239316219,0.3500340188484375,2734,5.5745361248471,R00204,Al0.5CoCrCuFeNiV2.0,Al:6.6667;Co:13.3333;Cr:13.3333;Cu:13.3333;Fe:13.3333;Ni:13.3333;V:26.6667,98.38,0.6862187742423445,0.5097877814997217,825,Extreme
CAND_04743,Co36.16Cu18.28Mn11.54Nb18.95W15.07,5,0.0,36.16,0.0,18.28,0.0,11.54,0.0,18.95,0.0,0.0,0.0,15.07,100.0,True,733.68066,1480.5875,55.6389,323.926,2.018027150670381,True,0.3138666,0.7146989444639829,0.6514763773207727,0.2584525448172557,0.5102066424904833,False,1358,1111.7996012369792,186.2004263613176,0.1674766083331497,Low,0.3138665721610246,0.7146989444639829,0.6514763773207727,0.2584525448172557,0.4846236096907589,0.1674766083331497,0.4151034857843312,1285,4.150188530987893,R01648,Co1 Cu1 Fe1 Nb0.5 Ni1,Co:22.2222;Cu:22.2222;Fe:22.2222;Nb:11.1111;Ni:22.2222,82.86,0.4947523473648873,0.509659295871175,829,Very High
CAND_01291,Al13.35Cu27.87Nb29.33Ti9.79W19.66,5,13.35,0.0,0.0,27.87,0.0,0.0,0.0,29.33,0.0,9.79,0.0,19.66,100.0,True,1028.6884,1451.1226,46.02014,345.661,1.4106532786757826,True,0.55989456,0.6915594837686203,0.4794385930245496,0.3050287757605021,0.541050187221769,False,856,1178.013330078125,247.1322292612037,0.2097872943804584,High,0.5598945976873888,0.6915594837686203,0.4794385930245496,0.3050287757605021,0.5089803625602652,0.2097872943804584,0.4207188858111773,1184,4.748770346820064,R00220,AlCoCuFeNbNi,Al:16.6667;Co:16.6667;Cu:16.6667;Fe:16.6667;Nb:16.6667;Ni:16.6667,92.92,0.5752160782444261,0.5093504951997055,833,Extreme
CAND_01689,Cr12.78Mn11.93Mo7.84Ti26.92W40.53,5,0.0,0.0,12.78,0.0,0.0,11.93,7.84,0.0,0.0,26.92,0.0,40.53,100.0,True,909.1645,1508.215,39.579056,312.059,1.6589022305756855,True,0.46021512,0.7363954528641852,0.3642356126169031,0.2330225870255141,0.4849954754405308,False,1873,1191.8470052083333,163.46163736685472,0.1371498494794487,Low,0.4602150803967219,0.7363954528641852,0.3642356126169031,0.2330225870255141,0.4484671832258311,0.1371498494794487,0.3943782637188275,1692,4.169132467629715,R01772,Cr1 Nb1 Ti1 W1,Cr:25.0000;Nb:25.0000;Ti:25.0000;W:25.0000,83.17999999999999,0.4972988661187647,0.5089978036360836,834,Very High
CAND_04083,Co14.09Cr9.24Cu9.87Mn17.00Ti8.82W40.98,6,0.0,14.09,9.24,9.87,0.0,17.0,0.0,0.0,0.0,8.82,0.0,40.98,100.0,True,807.3001,1446.9861,45.399315,323.59,1.7923769392835232,True,0.37526312,0.6883109955956972,0.4683347337499963,0.2577325257881813,0.4748158043562082,False,2069,1240.097794596354,210.0104272271539,0.1693498917119768,Low,0.3752630814985649,0.6883109955956972,0.4683347337499963,0.2577325257881813,0.4474103341581099,0.1693498917119768,0.3826145940827707,1965,5.122679604518748,R01772,Cr1 Nb1 Ti1 W1,Cr:25.0000;Nb:25.0000;Ti:25.0000;W:25.0000,96.2,0.6254784368545154,0.5087981138938106,839,Extreme
CAND_03044,Al15.80Mn33.29Nb11.03Ni6.12Ti14.31W19.45,6,15.8,0.0,0.0,0.0,0.0,33.29,0.0,11.03,6.12,14.31,0.0,19.45,100.0,True,1027.5708,1453.353,42.156593,317.7316666666667,1.4143580168831509,True,0.5589626,0.6933110679632023,0.4103365398072617,0.2451786225778823,0.5150430357109484,False,1249,1378.1173706054688,246.2479176276474,0.1786842854462096,High,0.5589625512220037,0.6933110679632023,0.4103365398072617,0.2451786225778823,0.4769471953925875,0.1786842854462096,0.4046437212082042,1478,4.641599564763323,R01694,Al0.774 Fe1 Mn0.903 Ni0.484 Ti0.097,Al:23.7569;Fe:30.6937;Mn:27.7164;Ni:14.8557;Ti:2.9773,91.64,0.5608097586111195,0.5087209165807856,842,Extreme
CAND_02359,Co41.07Cr12.17Cu21.57W25.19,4,0.0,41.07,12.17,21.57,0.0,0.0,0.0,0.0,0.0,0.0,0.0,25.19,100.0,True,659.51495,1440.1364,54.010876,317.9019333333334,2.183629638888295,True,0.25201452,0.6829317693324136,0.6223581082568732,0.2455434893636474,0.4729049380938412,False,2106,937.337129720052,163.5566365837339,0.1744907263329921,Low,0.2520144892527561,0.6829317693324136,0.6223581082568732,0.2455434893636474,0.4507119640514226,0.1744907263329921,0.3837509772926352,1934,5.182162502663432,R00137,Al0.3CoCrCuFe,Al:6.9767;Co:23.2558;Cr:23.2558;Cu:23.2558;Fe:23.2558,96.61999999999999,0.6334743628610463,0.5086071570479662,843,Extreme
CAND_04285,Al9.79Cr27.84Mn34.78Mo27.59,4,9.79,0.0,27.84,0.0,0.0,34.78,27.59,0.0,0.0,0.0,0.0,0.0,100.0,True,952.7026,1441.4812,44.616932,304.466,1.5130442981805652,True,0.49652463,0.683987871567382,0.4543413044731423,0.2167514427167002,0.5002518055100585,False,1560,1077.3281616210938,176.82522317016517,0.1641331114041333,Low,0.4965246117268808,0.683987871567382,0.4543413044731423,0.2167514427167002,0.4629013076210264,0.1641331114041333,0.3976360633387468,1633,4.544560928359011,R02171,A5 (Al₀.₅CrFeMnNi),Al:11.1111;Cr:22.2222;Fe:22.2222;Mn:22.2222;Ni:22.2222,90.3,0.5477654419980282,0.5076518580235705,852,Extreme
CAND_01137,Al21.16Fe13.75Ni9.96V26.80W28.33,5,21.16,0.0,0.0,0.0,13.75,0.0,0.0,0.0,9.96,0.0,26.8,28.33,100.0,True,1016.0073,1064.0826,44.445297,359.0758,1.0473178437155628,True,0.54931897,0.3876081088264662,0.4512715007658367,0.3337755354962952,0.4439623348992254,False,2776,1494.053068033854,171.48590827432372,0.1147789940955684,Low,0.5493189226406854,0.3876081088264662,0.4512715007658367,0.3337755354962952,0.4304935169323209,0.1147789940955684,0.3861693835391873,1875,3.925318136054218,R00957,Cr1 Fe1 Ni1 V0.5 W1,Cr:22.2222;Fe:22.2222;Ni:22.2222;V:11.1111;W:22.2222,76.62,0.4645243810916988,0.5072600446255895,856,Very High
CAND_02994,Co36.17Cu13.62V36.47W13.74,4,0.0,36.17,0.0,13.62,0.0,0.0,0.0,0.0,0.0,0.0,36.47,13.74,100.0,True,966.0558,1167.9972,58.613266,319.155,1.2090370108703274,True,0.5076608,0.4692146237772827,0.7046748495070025,0.2482287031871554,0.5064656468417227,False,1426,1129.2822916666669,180.8171911952838,0.1601169101203405,Low,0.507660798968811,0.4692146237772827,0.7046748495070025,0.2482287031871554,0.4824447438600629,0.1601169101203405,0.4158587291086191,1269,3.9118943393881724,R00204,Al0.5CoCrCuFeNiV2.0,Al:6.6667;Co:13.3333;Cr:13.3333;Cu:13.3333;Fe:13.3333;Ni:13.3333;V:26.6667,76.03999999999999,0.462719901346826,0.5069579842555629,862,Very High
CAND_03149,Al12.72Co21.43Fe8.76Nb14.33Ti9.55W33.21,6,12.72,21.43,0.0,0.0,8.76,0.0,0.0,14.33,0.0,9.55,0.0,33.21,100.0,True,893.39197,1610.658,48.389145,368.3556,1.8028570415896767,True,0.44706124,0.8168462866364027,0.5218097896431028,0.3536613467641643,0.5626739135787051,False,612,1038.3161499023438,219.3826120905493,0.2112869111312415,Medium,0.4470612410654035,0.8168462866364027,0.5218097896431028,0.3536613467641643,0.5348446660272683,0.2112869111312415,0.4415507681229443,868,4.0445048258220915,R01772,Cr1 Nb1 Ti1 W1,Cr:25.0000;Nb:25.0000;Ti:25.0000;W:25.0000,79.94,0.48054592647822647,0.5062690062121399,871,Very High
CAND_01852,Al15.88Cr5.26Cu33.07Fe16.99Nb9.28W19.52,6,15.88,0.0,5.26,33.07,16.99,0.0,0.0,9.28,0.0,0.0,0.0,19.52,100.0,True,952.5049,1529.9376,40.979393,300.068,1.6062254667739768,True,0.49635974,0.7534547080763556,0.3892815514643242,0.2073269079254235,0.503363766136691,False,1482,1426.1855590820312,213.1813381803088,0.1494765788524206,Medium,0.496359735576016,0.7534547080763556,0.3892815514643242,0.2073269079254235,0.4616057257605298,0.1494765788524206,0.4015790615076069,1557,4.103526959598313,R01647,Al1 Cr1 Cu1 Fe1 Mn1 W0.5,Al:18.1818;Cr:18.1818;Cu:18.1818;Fe:18.1818;Mn:18.1818;W:9.0909,81.72,0.4884799147192551,0.5059929484101073,874,Very High
CAND_01682,Co25.78Cu6.41Mo41.10Ni15.84W10.87,5,0.0,25.78,0.0,6.41,0.0,0.0,41.1,0.0,15.84,0.0,0.0,10.87,100.0,True,740.2962,1245.6003,62.47842,295.0204,1.6825701576212344,True,0.31938377,0.5301581152633654,0.7738056449654281,0.1965103363446032,0.4777905333007513,False,2021,1141.3314290364583,162.05337232139968,0.1419862523703648,Low,0.3193837434867352,0.5301581152633654,0.7738056449654281,0.1965103363446032,0.454964460015033,0.1419862523703648,0.3983974930264577,1615,4.053766813967824,R01594,Al0.947 Co0.158 Mo1 Ni0.289 W0.237,Al:35.9939;Co:6.0053;Mo:38.0084;Ni:10.9844;W:9.0080,80.14,0.4817909594910179,0.5059510774046718,876,Very High
CAND_04711,Al13.79Cu7.56Fe13.26Mn7.10Nb24.26W34.03,6,13.79,0.0,0.0,7.56,13.26,7.1,0.0,24.26,0.0,0.0,0.0,34.03,100.0,True,908.9866,1444.9723,48.888763,357.074,1.589651975164435,True,0.4600667,0.6867295123411019,0.5307457828183676,0.3294858506974826,0.5261482007151199,False,1063,1161.5270751953126,224.64907127759244,0.1934083811518705,Medium,0.4600667168800861,0.6867295123411019,0.5307457828183676,0.3294858506974826,0.5017569656842595,0.1934083811518705,0.4204402898528052,1193,4.342248310524463,R01772,Cr1 Nb1 Ti1 W1,Cr:25.0000;Nb:25.0000;Ti:25.0000;W:25.0000,86.9,0.5205697811803961,0.5054753185150551,883,Very High
CAND_03660,Al11.42Co21.97Cu7.35Nb17.12V13.10W29.04,6,11.42,21.97,0.0,7.35,0.0,0.0,0.0,17.12,0.0,0.0,13.1,29.04,100.0,True,1063.5782,1112.8527,53.643333,371.4876,1.0463289401277402,True,0.58899176,0.4259083851572495,0.6157843624358332,0.3603729527137501,0.5124720863661666,False,1303,1022.7811604817708,192.25616954103447,0.1879739058260265,Low,0.5889916939364896,0.4259083851572495,0.6157843624358332,0.3603729527137501,0.4977643485608306,0.1879739058260265,0.4190027627035488,1219,4.278461860429575,R00826,Nb1 Ta1 Ti1 V1 W1,Nb:20.0000;Ta:20.0000;Ti:20.0000;V:20.0000;W:20.0000,85.6,0.5119953547303363,0.5052185100516732,887,Very High
CAND_04132,Co24.66Mo12.36Nb40.01W22.97,4,0.0,24.66,0.0,0.0,0.0,0.0,12.36,40.01,0.0,0.0,0.0,22.97,100.0,True,734.9015,1424.3766,58.652374,328.29,1.9381871187096087,True,0.31488472,0.6705552375041443,0.7053743215458368,0.2678042205401142,0.5121462043687974,False,1314,970.9968098958332,166.99888705884302,0.1719870604690847,Low,0.3148847178364012,0.6705552375041443,0.7053743215458368,0.2678042205401142,0.4896546243566241,0.1719870604690847,0.4177986608151127,1233,4.019716312818287,R01493,Cr1 Mo1 Nb1 Ti1 W1,Cr:20.0000;Mo:20.0000;Nb:20.0000;Ti:20.0000;W:20.0000,79.28,0.47721375669543886,0.5051723932870049,889,Very High
CAND_00323,Cr16.56Cu16.71Mo8.65Ti16.72W41.36,5,0.0,0.0,16.56,16.71,0.0,0.0,8.65,0.0,0.0,16.72,0.0,41.36,100.0,True,943.2166,1371.8213,35.38587,317.954,1.45440748177406,True,0.48861364,0.6292823569349592,0.2892377512936199,0.2456550637409701,0.4445264980357475,False,2757,1302.5050699869792,173.19119066794462,0.1329677670042973,Low,0.4886135587824967,0.6292823569349592,0.2892377512936199,0.2456550637409701,0.4131971826880115,0.1329677670042973,0.364703387617597,2376,4.827900078216492,R01772,Cr1 Nb1 Ti1 W1,Cr:25.0000;Nb:25.0000;Ti:25.0000;W:25.0000,93.94,0.5858530091421692,0.5051443502300043,891,Extreme
CAND_02596,Al29.35Ni27.05V32.30W11.30,4,29.35,0.0,0.0,0.0,0.0,0.0,0.0,0.0,27.05,0.0,32.3,11.3,100.0,True,875.53033,976.5147,61.80857,439.2253666666666,1.115340795802544,True,0.4321652,0.3188390317135139,0.7618249416511937,0.5055291461274332,0.4915868814698003,False,1724,1083.5722290039062,196.6792761803389,0.181510074654774,Low,0.4321651436888982,0.3188390317135139,0.7618249416511937,0.5055291461274332,0.5045895657952597,0.181510074654774,0.4270717420185316,1080,3.879604356715509,R02857,AAD13,Al:5.0000;Co:10.0000;Fe:5.0000;Ni:55.0000;V:25.0000,75.03999999999999,0.45837935439541877,0.5039240175352756,905,Very High
CAND_01140,Al11.96Co13.97Mn21.60Ni15.60W36.87,5,11.96,13.97,0.0,0.0,0.0,21.6,0.0,0.0,15.6,0.0,0.0,36.87,100.0,True,615.6541,1518.033,52.635735,322.3876666666667,2.465723798555291,True,0.21543582,0.7441057530894386,0.5977628162717429,0.2551560291236268,0.475576581204742,False,2052,1208.674190266927,220.6590331807052,0.1825628734009569,Medium,0.2154357936449459,0.7441057530894386,0.5977628162717429,0.2551560291236268,0.4531150980324385,0.1825628734009569,0.3831636424787424,1950,5.208116647364189,R00957,Cr1 Fe1 Ni1 V0.5 W1,Cr:22.2222;Fe:22.2222;Ni:22.2222;V:11.1111;W:22.2222,96.74000000000001,0.6369632214584412,0.5036702267193003,908,Extreme
CAND_02692,Co29.16Fe19.85Mo38.82W12.17,4,0.0,29.16,0.0,0.0,19.85,0.0,38.82,0.0,0.0,0.0,0.0,12.17,100.0,True,701.50104,1380.216,55.031906,271.28900000000004,1.967518116190754,True,0.2870297,0.6358749070776495,0.6406198944850328,0.1456559923369403,0.4588747601028874,False,2419,1141.4700113932292,132.3982994634444,0.115989292878439,Low,0.2870296885904828,0.6358749070776495,0.6406198944850328,0.1456559923369403,0.4272951206225263,0.115989292878439,0.3828846059270124,1957,3.9329536806591485,R02308,as‐cast CoCrFeNiMo high‐entropy alloy,Co:19.1000;Cr:19.9000;Fe:19.8000;Mo:21.7000;Ni:19.5000,76.84,0.46555078114255183,0.5036123345740239,911,Very High
CAND_03967,Al29.27Mn32.84Mo30.48Nb7.41,4,29.27,0.0,0.0,0.0,0.0,32.84,30.48,7.41,0.0,0.0,0.0,0.0,100.0,True,718.7954,1321.257,41.921097,444.75466666666665,1.8381544752947,True,0.30145273,0.5895730542582654,0.4061245405422189,0.5173779592746378,0.4464455631419452,False,2708,1259.8440511067708,209.8044160374404,0.1665320527990171,Low,0.3014526906566052,0.5895730542582654,0.4061245405422189,0.5173779592746378,0.4536320611829318,0.1665320527990171,0.3888723503948919,1809,4.716374874388339,R01594,Al0.947 Co0.158 Mo1 Ni0.289 W0.237,Al:35.9939;Co:6.0053;Mo:38.0084;Ni:10.9844;W:9.0080,92.62,0.5708613509431332,0.5031899207389396,917,Extreme
CAND_03336,Al22.96Fe18.65V21.80W36.59,4,22.96,0.0,0.0,0.0,18.65,0.0,0.0,0.0,0.0,0.0,21.8,36.59,100.0,True,988.267,1142.7325,43.348267,328.29470000000003,1.1562993266886807,True,0.5261844,0.4493736763235285,0.4316504050625979,0.2678142922348661,0.4407521649945123,False,2855,1434.138338216146,185.1330934696494,0.1290901222959616,Low,0.5261843050997728,0.4493736763235285,0.4316504050625979,0.2678142922348661,0.4187556696801913,0.1290901222959616,0.3708788708811549,2219,4.509418511457787,R00957,Cr1 Fe1 Ni1 V0.5 W1,Cr:22.2222;Fe:22.2222;Ni:22.2222;V:11.1111;W:22.2222,89.88000000000001,0.5430414595762344,0.5029538425126381,919,Very High
CAND_04240,Co7.86Cr15.00Cu44.72W32.42,4,0.0,7.86,15.0,44.72,0.0,0.0,0.0,0.0,0.0,0.0,0.0,32.42,100.0,True,641.2773,1376.5735,36.813484,307.751,2.146611983777569,True,0.23680481,0.6330143684169768,0.3147715570430376,0.223790914474168,0.3732072868614194,False,4330,1131.1815104166667,170.25356605030623,0.1505095022173709,Low,0.2368048102804658,0.6330143684169768,0.3147715570430376,0.223790914474168,0.352095412553662,0.1505095022173709,0.30603433685256,3962,6.802388370592843,R01647,Al1 Cr1 Cu1 Fe1 Mn1 W0.5,Al:18.1818;Cr:18.1818;Cu:18.1818;Fe:18.1818;Mn:18.1818;W:9.0909,99.88,0.8512715206646038,0.5023428052091645,921,Extreme
CAND_00877,Al13.03Co26.69Nb8.60V18.08W33.60,5,13.03,26.69,0.0,0.0,0.0,0.0,0.0,8.6,0.0,0.0,18.08,33.6,100.0,True,992.5185,1178.4391,53.438038,366.7212,1.1873220575099732,True,0.52972996,0.4774148869594046,0.6121125277162754,0.3501589684870242,0.5076954349748575,False,1398,1016.2333862304688,200.41808563877493,0.1972165925213194,Low,0.5297299346162233,0.4774148869594046,0.6121125277162754,0.3501589684870242,0.492354079444732,0.1972165925213194,0.4112489607313593,1358,4.571450906941216,R00827,Nb1 Ta1 V1 W1,Nb:25.0000;Ta:25.0000;V:25.0000;W:25.0000,90.68,0.5513800990804307,0.5014562798103265,933,Extreme
CAND_02342,Co24.00Fe15.13Mo25.26W35.61,4,0.0,24.0,0.0,0.0,15.13,0.0,25.26,0.0,0.0,0.0,0.0,35.61,100.0,True,682.4053,1273.6726,54.191208,307.289,1.866446010277869,True,0.27110437,0.5522039352891732,0.6255834634708205,0.2228008883091908,0.4368084923572383,False,2942,1048.797224934896,147.08167156407106,0.1402384255671549,Low,0.271104387077496,0.5522039352891732,0.6255834634708205,0.2228008883091908,0.4179231685366702,0.1402384255671549,0.3665226141881643,2324,4.8068035365020485,R00805,Mo1 Nb1 Ta1 Ti0.25 W1,Mo:23.5294;Nb:23.5294;Ta:23.5294;Ti:5.8824;W:23.5294,93.78,0.5830171287159656,0.5013863241266305,934,Extreme
CAND_02796,Co25.37Cu21.43Fe11.71Mo19.60W21.89,5,0.0,25.37,0.0,21.43,11.71,0.0,19.6,0.0,0.0,0.0,0.0,21.89,100.0,True,678.8524,1348.4965,56.420097,323.33093333333335,1.9864354405259763,True,0.2681414,0.6109648573735423,0.6654485942155551,0.2571773682590182,0.4686706321430908,False,2210,891.450732421875,155.7333271818283,0.1746965048295324,Low,0.2681413699990538,0.6109648573735423,0.6654485942155551,0.2571773682590182,0.4504330474617923,0.1746965048295324,0.3834463162271497,1943,4.976348660046463,R01648,Co1 Cu1 Fe1 Nb0.5 Ni1,Co:22.2222;Cu:22.2222;Fe:22.2222;Nb:11.1111;Ni:22.2222,95.14,0.6058080535853586,0.5012525350862953,936,Extreme
CAND_02940,Al20.82Co7.63Fe15.90Mo12.43V26.54W16.68,6,20.82,7.63,0.0,0.0,15.9,0.0,12.43,0.0,0.0,0.0,26.54,16.68,100.0,True,1025.5806,1034.4716,47.475357,351.919,1.0086692687878294,True,0.5573028,0.3643539124555173,0.5054660963981858,0.3184391301770117,0.4506294022426286,False,2621,1513.9928059895833,199.78933527375463,0.1319618788698057,Low,0.5573027812905349,0.3643539124555173,0.5054660963981858,0.3184391301770117,0.4363904800803124,0.1319618788698057,0.3855169403019309,1893,4.088932631209147,R00811,Mo1 Nb1 Ta1 Ti1 V1 W1,Mo:16.6667;Nb:16.6667;Ta:16.6667;Ti:16.6667;V:16.6667;W:16.6667,81.14,0.48651808747891223,0.5010588780613336,938,Very High
CAND_03922,Co24.49Mn27.32Mo37.79W10.40,4,0.0,24.49,0.0,0.0,0.0,27.32,37.79,0.0,0.0,0.0,0.0,10.4,100.0,True,592.62573,1340.7445,57.29268,299.707,2.262379823638098,True,0.1962308,0.6048770342582273,0.6810553092115161,0.2065533160519241,0.4415791776562877,False,2836,1057.699064127604,167.55707961472908,0.1584165905951056,Low,0.1962307910840281,0.6048770342582273,0.6810553092115161,0.2065533160519241,0.4221791126514239,0.1584165905951056,0.3644449812606194,2384,5.210514503785811,R01594,Al0.947 Co0.158 Mo1 Ni0.289 W0.237,Al:35.9939;Co:6.0053;Mo:38.0084;Ni:10.9844;W:9.0080,96.78,0.6372855507853502,0.5008862785514328,941,Extreme
CAND_03537,Mo11.15Nb21.06Ti23.74W44.05,4,0.0,0.0,0.0,0.0,0.0,0.0,11.15,21.06,0.0,23.74,0.0,44.05,100.0,True,969.1214,1429.7683,42.250572,320.866,1.4753242489380802,True,0.5102175,0.6747894629802593,0.4120174154014521,0.2518952286596144,0.4962907263672279,False,1641,1090.2999959309896,179.40782567375203,0.1645490473661412,Low,0.5102174217714995,0.6747894629802593,0.4120174154014521,0.2518952286596144,0.4622298822032064,0.1645490473661412,0.396917487716495,1648,4.359821433736119,R01772,Cr1 Nb1 Ti1 W1,Cr:25.0000;Nb:25.0000;Ti:25.0000;W:25.0000,87.22,0.522932029781032,0.5004663312892486,946,Very High
CAND_01629,Co6.62Mo11.02V43.22W39.14,4,0.0,6.62,0.0,0.0,0.0,0.0,11.02,0.0,0.0,0.0,43.22,39.14,100.0,True,997.99854,1005.6012,42.7911,317.705,1.0076179118264534,True,0.53430015,0.3416813262237841,0.4216851105586313,0.2451214782104954,0.4049839447647269,False,3726,1236.1845662434896,160.29271206669878,0.1296672976219039,Low,0.5343001313880282,0.3416813262237841,0.4216851105586313,0.2451214782104954,0.3856970115952347,0.1296672976219039,0.3414253138133474,2967,5.285633203972751,R00827,Nb1 Ta1 V1 W1,Nb:25.0000;Ta:25.0000;V:25.0000;W:25.0000,97.02,0.6473833030324004,0.5002994844353358,947,Extreme
CAND_01395,Co23.18Cr12.23Cu15.54Mo10.08Ni15.18W23.79,6,0.0,23.18,12.23,15.54,0.0,0.0,10.08,0.0,15.18,0.0,0.0,23.79,100.0,True,757.6984,1311.8954,57.06452,299.248,1.7314215738177727,True,0.33389673,0.5822211754042491,0.6769745190821207,0.2055697186282779,0.4749144655475845,False,2066,1078.4390584309897,159.89368000911114,0.1482639920717809,Low,0.3338966810314074,0.5822211754042491,0.6769745190821207,0.2055697186282779,0.4496655235365138,0.1482639920717809,0.3916046541921033,1742,4.186344661821605,R01366,Co1 Cr1 Fe1 Ni1 W0.5,Co:22.2222;Cr:22.2222;Fe:22.2222;Ni:22.2222;W:11.1111,83.5,0.49961259721561935,0.4997790680466361,952,Very High
CAND_02999,Cr28.64Fe14.54Mo41.72W15.10,4,0.0,0.0,28.64,0.0,14.54,0.0,41.72,0.0,0.0,0.0,0.0,15.1,100.0,True,871.0791,1449.2246,54.791664,300.761,1.663711822956664,True,0.42845294,0.6900689409057633,0.6363230099204016,0.2088119471728895,0.5259591084662897,False,1068,1173.883699544271,211.83913688130949,0.1804600719505266,Medium,0.4284529450595887,0.6900689409057633,0.6363230099204016,0.2088119471728895,0.4909142107646608,0.1804600719505266,0.4158668492306576,1267,4.068291486529786,R02541,Co0.2273Cr0.2273Fe0.2273Mo0.098Ni0.2273,Co:18.4500;Cr:27.9000;Fe:17.8100;Mo:21.8100;Ni:14.0300,80.60000000000001,0.4837434233200674,0.49963074237048943,956,Very High
CAND_01160,Al17.06Co30.24Mo19.27V17.21W16.22,5,17.06,30.24,0.0,0.0,0.0,0.0,19.27,0.0,0.0,0.0,17.21,16.22,100.0,True,1015.56647,992.7229,56.109802,360.8562,0.9775065758657604,False,0.5489513,0.3315677023298261,0.6598987661422696,0.3375907791848783,0.4797690174524722,False,1976,1290.8746053059897,208.5269596250622,0.1615392841163165,Low,0.5489512830170851,0.3315677023298261,0.6598987661422696,0.3375907791848783,0.4695021326685148,0.1615392841163165,0.4042068478344283,1494,4.039917598652265,R00623,Co1 Fe1 Mo1 Ni1 V1,Co:20.0000;Fe:20.0000;Mo:20.0000;Ni:20.0000;V:20.0000,79.84,0.4799292932917286,0.4988439738737349,964,Very High
CAND_03958,Co8.92Mn42.02V8.42W40.64,4,0.0,8.92,0.0,0.0,0.0,42.02,0.0,0.0,0.0,0.0,8.42,40.64,100.0,True,752.2635,1083.5736,46.92938,296.66,1.4404176411278298,True,0.32936415,0.4029148374565756,0.4957009423287737,0.2000238577733839,0.3736125151842894,False,4321,1120.372420247396,187.3386227500388,0.1672110267661457,Low,0.3293641297297595,0.4029148374565756,0.4957009423287737,0.2000238577733839,0.3570009418221231,0.1672110267661457,0.3058580956103744,3965,7.048082416501227,R00957,Cr1 Fe1 Ni1 V0.5 W1,Cr:22.2222;Fe:22.2222;Ni:22.2222;V:11.1111;W:22.2222,99.92,0.8842986843133909,0.4985235006076829,969,Extreme
CAND_03259,Al16.38Co12.59Mn21.74Mo32.44Ti16.85,5,16.38,12.59,0.0,0.0,0.0,21.74,32.44,0.0,0.0,16.85,0.0,0.0,100.0,True,882.5369,1225.5452,51.839546,330.003,1.3886616678809791,True,0.4380085,0.5144083859857652,0.5835224576973502,0.271475031840127,0.4723269371239242,False,2127,1389.389042154948,203.48191473452,0.1464542389213885,Low,0.4380084228612083,0.5144083859857652,0.5835224576973502,0.271475031840127,0.4518535745961127,0.1464542389213885,0.3941313654361184,1696,4.027223038164238,R00671,Al1 Mo1 Nb1 Ti1,Al:25.0000;Mo:25.0000;Nb:25.0000;Ti:25.0000,79.46,0.4782228403529227,0.49805827090596305,980,Very High
CAND_02532,Cu33.05Mo18.51Ti11.43W37.01,4,0.0,0.0,0.0,33.05,0.0,0.0,18.51,0.0,0.0,11.43,0.0,37.01,100.0,True,842.8036,1360.0371,35.25937,315.502,1.6137058716468284,True,0.404872,0.620027954825117,0.2869752164436525,0.2404006391597491,0.4152738939482225,False,3471,1108.5919311523437,205.0658302090376,0.1849786422276036,Low,0.4048719860116304,0.620027954825117,0.2869752164436525,0.2404006391597491,0.3880689491100372,0.1849786422276036,0.327490247740262,3378,6.7597395074872235,R01493,Cr1 Mo1 Nb1 Ti1 W1,Cr:20.0000;Mo:20.0000;Nb:20.0000;Ti:20.0000;W:20.0000,99.8,0.845538492108636,0.4980195563957764,982,Extreme
CAND_01854,Al10.53Cr22.37Mn24.54Mo18.06Ti8.23W16.27,6,10.53,0.0,22.37,0.0,0.0,24.54,18.06,0.0,0.0,8.23,0.0,16.27,100.0,True,924.81836,1620.0525,40.461662,313.619,1.7517520965899132,True,0.47326994,0.824224002613806,0.3800215954927157,0.236365532517645,0.5197084203024465,False,1170,1238.0086547851563,208.0287504542411,0.1680349726556171,Low,0.4732699523389499,0.824224002613806,0.3800215954927157,0.236365532517645,0.4784702707407792,0.1680349726556171,0.4096369389119748,1385,3.969436109894936,R01493,Cr1 Mo1 Nb1 Ti1 W1,Cr:20.0000;Mo:20.0000;Nb:20.0000;Ti:20.0000;W:20.0000,77.98,0.47045489331271384,0.4977965350639617,985,Very High
CAND_04228,Cr37.89Cu19.43Ti19.38W23.30,4,0.0,0.0,37.89,19.43,0.0,0.0,0.0,0.0,0.0,19.38,0.0,23.3,100.0,True,875.7886,1503.7213,43.192158,310.575,1.7169912285523927,True,0.4323805,0.7328664473516346,0.4288582939725303,0.2298425029804357,0.4912650443032963,False,1729,852.5393229166667,133.08988863715302,0.1561099706015111,Low,0.4323805334890191,0.7328664473516346,0.4288582939725303,0.2298425029804357,0.455986944448405,0.1561099706015111,0.3944148532956256,1691,4.1757680464048414,R01772,Cr1 Nb1 Ti1 W1,Cr:25.0000;Nb:25.0000;Ti:25.0000;W:25.0000,83.26,0.4981908468149198,0.49717444422241963,993,Very High
CAND_04121,Al27.52Mn19.11V38.90W14.47,4,27.52,0.0,0.0,0.0,0.0,19.11,0.0,0.0,0.0,0.0,38.9,14.47,100.0,True,812.126,1045.2649,49.073807,449.1086666666666,1.287072363359575,True,0.37928775,0.3728301381044505,0.5340554152197697,0.5267082058597261,0.4381554584244825,False,2905,1445.9524047851562,267.596555930792,0.1850659503350334,High,0.3792877442019491,0.3728301381044505,0.5340554152197697,0.526708205859726,0.4532203758464738,0.1850659503350334,0.3824431675877132,1967,5.070570895888508,R00681,Al1 Nb1 Ti1 V1 Zr0.1,Al:24.3902;Nb:24.3902;Ti:24.3902;V:24.3902;Zr:2.4390,95.84,0.6184737785157471,0.49670108706206567,997,Extreme
CAND_03010,Cu43.25Nb10.18Ni10.72W35.85,4,0.0,0.0,0.0,43.25,0.0,0.0,0.0,10.18,10.72,0.0,0.0,35.85,100.0,True,742.775,1341.0515,29.395456,302.232,1.8054612176249296,True,0.32145104,0.60511812838831,0.1820952972166833,0.2119641733388667,0.3552892047284953,False,4588,1083.37412109375,165.49266447491894,0.1527567081885261,Low,0.3214509918568111,0.60511812838831,0.1820952972166833,0.2119641733388667,0.3301571477001678,0.1527567081885261,0.2864066158582463,4427,7.251718118148932,R02374,FCC Co9Cr7Cu36Mn25Ni23 HEA,Co:9.0000;Cr:7.0000;Cu:36.0000;Mn:25.0000;Ni:23.0000,99.96000000000001,0.91167219928071,0.4965561523883231,998,Extreme
CAND_03127,Cu22.05Mn17.71Mo5.20Nb18.13Ti11.65W25.26,6,0.0,0.0,0.0,22.05,0.0,17.71,5.2,18.13,0.0,11.65,0.0,25.26,100.0,True,888.95544,1490.7172,33.156357,318.839,1.6769312899743667,True,0.4433613,0.7226540298369457,0.2493614599026688,0.2475515424336213,0.4492777108580096,False,2649,1065.8424275716145,147.81941439037135,0.1386878684564649,Low,0.4433613018160519,0.7226540298369457,0.2493614599026688,0.2475515424336213,0.4157320834973219,0.1386878684564649,0.3650974907292748,2361,4.608946922654111,R01647,Al1 Cr1 Cu1 Fe1 Mn1 W0.5,Al:18.1818;Cr:18.1818;Cu:18.1818;Fe:18.1818;Mn:18.1818;W:9.0909,91.28,0.5564204615464754,0.49437888044651956,1033,Extreme
CAND_02560,Al7.89Cu11.29Mo16.53Nb15.40Ni18.92W29.97,6,7.89,0.0,0.0,11.29,0.0,0.0,16.53,15.4,18.92,0.0,0.0,29.97,100.0,True,907.11035,1181.8964,57.82525,284.004,1.302924608857324,True,0.45850196,0.4801299838191284,0.6905806703581339,0.1729031410115838,0.4801702263094949,False,1968,1097.323327636719,164.5680102598966,0.1499722152214909,Low,0.4585019779925783,0.4801299838191284,0.6905806703581339,0.1729031410115838,0.4505289432953561,0.1499722152214909,0.391773764037057,1737,4.023179430475413,R01493,Cr1 Mo1 Nb1 Ti1 W1,Cr:20.0000;Mo:20.0000;Nb:20.0000;Ti:20.0000;W:20.0000,79.38,0.47767928264326576,0.493368889614509,1051,Very High
CAND_00299,Cr37.11Mn21.28Nb6.16V35.45,4,0.0,0.0,37.11,0.0,0.0,21.28,0.0,6.16,0.0,0.0,35.45,0.0,100.0,True,1032.1896,1139.9915,56.915234,282.4693333333334,1.1044400441501157,True,0.5628145,0.4472211062565678,0.6743044417887433,0.1696144826684705,0.4970289569561772,False,1625,1197.4764038085937,191.1071707098624,0.1595915962118692,Low,0.5628144984431211,0.4472211062565678,0.6743044417887433,0.1696144826684705,0.4634886322892257,0.1595915962118692,0.3996998889982828,1594,3.9543012453789848,R02590,Co1 Cr1 Fe1 Mn1 Ni1 V1,Co:16.2000;Cr:17.0000;Fe:17.2000;Mn:16.1000;Ni:16.5000;V:17.0000,77.53999999999999,0.46842040507217697,0.49273695786809574,1055,Very High
CAND_00633,Al23.17Cu30.57Mo33.60W12.66,4,23.17,0.0,0.0,30.57,0.0,0.0,33.6,0.0,0.0,0.0,0.0,12.66,100.0,True,691.42285,1242.7054,48.6362,377.7987,1.797316066704613,True,0.27862477,0.5278846840022037,0.5262285291479146,0.3738970958518188,0.4295945397335308,False,3132,1281.6602213541669,206.9399418100193,0.1614624050603461,Low,0.2786247661075013,0.5278846840022037,0.5262285291479146,0.3738970958518188,0.4266587687773596,0.1614624050603461,0.3673461723069647,2299,4.936335665269648,R00231,CrCuFeMoNi,Cr:20.0000;Cu:20.0000;Fe:20.0000;Mo:20.0000;Ni:20.0000,94.82000000000001,0.6004293488565322,0.4925257045869764,1060,Extreme
CAND_04395,Co27.58Cr9.67Cu21.87Mo40.88,4,0.0,27.58,9.67,21.87,0.0,0.0,40.88,0.0,0.0,0.0,0.0,0.0,100.0,True,785.40533,1280.2201,54.569263,322.64993333333337,1.6300119744661228,True,0.35700348,0.5573458369722906,0.6323452232550449,0.2557180439768765,0.4707488090508958,False,2157,1020.1259887695312,163.0874073846463,0.1598698682124167,Low,0.3570034689458439,0.5573458369722906,0.6323452232550449,0.2557180439768765,0.450603143287514,0.1598698682124167,0.3884945679138819,1816,4.272489768568749,R00231,CrCuFeMoNi,Cr:20.0000;Cu:20.0000;Fe:20.0000;Mo:20.0000;Ni:20.0000,85.5,0.5111925625646416,0.492176005213877,1065,Very High
CAND_01190,Co36.38Fe17.75Mn11.04W34.83,4,0.0,36.38,0.0,0.0,17.75,11.04,0.0,0.0,0.0,0.0,0.0,34.83,100.0,True,572.92145,1498.9617,53.217712,296.395,2.6163476788599245,True,0.17979799,0.7291286244801624,0.6081718537767188,0.199455985622477,0.4546393470097337,False,2528,1048.549658203125,177.03296976447865,0.1688360378352093,Low,0.1797979845996334,0.7291286244801624,0.6081718537767188,0.199455985622477,0.4291386121197479,0.1688360378352093,0.3671503942627844,2306,5.070440169303436,R00957,Cr1 Fe1 Ni1 V0.5 W1,Cr:22.2222;Fe:22.2222;Ni:22.2222;V:11.1111;W:22.2222,95.82000000000001,0.6184562057320744,0.49196859714247554,1067,Extreme
CAND_01067,Cr37.59Mn41.82Nb12.41W8.18,4,0.0,0.0,37.59,0.0,0.0,41.82,0.0,12.41,0.0,0.0,0.0,8.18,100.0,True,838.6274,1639.1083,46.35207,282.05733333333336,1.9545132181049136,True,0.40138915,0.8391889587181434,0.485375377156958,0.1687316021923436,0.5188270252275946,False,1183,1106.0208862304687,194.60141629718987,0.1759473249736077,Low,0.4013891545435367,0.8391889587181434,0.485375377156958,0.1687316021923436,0.4736712731527454,0.1759473249736077,0.4027997369383669,1527,4.111043673098138,R01508,Cr1 Fe1 Mn1 Ni1,Cr:25.0000;Fe:25.0000;Mn:25.0000;Ni:25.0000,81.84,0.4894903410238157,0.49076296364908706,1089,Very High
CAND_04381,Co19.91Cr17.54Cu23.21W39.34,4,0.0,19.91,17.54,23.21,0.0,0.0,0.0,0.0,0.0,0.0,0.0,39.34,100.0,True,607.38544,1360.7461,45.136276,316.502,2.2403337602145146,True,0.20853998,0.6205847487607153,0.4636301099997942,0.242543552936756,0.4010264813498235,False,3813,932.5426717122396,146.82066877846302,0.1574412337709822,Low,0.2085399674759483,0.6205847487607153,0.4636301099997942,0.242543552936756,0.3838245947933035,0.1574412337709822,0.3316147581357458,3259,5.845579135556989,R00957,Cr1 Fe1 Ni1 V0.5 W1,Cr:22.2222;Fe:22.2222;Ni:22.2222;V:11.1111;W:22.2222,99.1,0.7226534458172245,0.490485682467899,1092,Extreme
CAND_01953,Al17.93Mn39.24Mo27.13Ni15.70,4,17.93,0.0,0.0,0.0,0.0,39.24,27.13,0.0,15.7,0.0,0.0,0.0,100.0,True,848.31525,1256.6189,49.180077,299.8063333333334,1.4813112284178265,True,0.40946856,0.5388112741615093,0.5359561233502521,0.2067661788204402,0.4494879157829336,False,2644,1430.2515055338542,208.18976699700832,0.1455616485572582,Low,0.4094685446202025,0.5388112741615093,0.5359561233502521,0.2067661788204402,0.422750530238101,0.1455616485572582,0.3690334175995862,2255,4.502657264499235,R02934,BBC12,Al:4.0000;Co:4.0000;Cr:4.0000;Cu:4.0000;Fe:8.0000;Mn:32.0000;Ni:28.0000;V:16.0000,89.75999999999999,0.5421325860667264,0.4900981899498237,1101,Very High
CAND_03221,Co34.30Cu17.09Nb10.28V15.50W22.83,5,0.0,34.3,0.0,17.09,0.0,0.0,0.0,10.28,0.0,0.0,15.5,22.83,100.0,True,931.951,1202.7064,47.567543,323.511,1.2905253757903634,True,0.47921842,0.4964725533534045,0.5071149030201549,0.2575632355997979,0.4581205160319227,False,2442,1052.5522867838542,182.104788258301,0.1730125814601901,Low,0.4792183702889006,0.4964725533534045,0.5071149030201549,0.2575632355997979,0.4350922655655645,0.1730125814601901,0.3709186691109082,2218,4.984192863089438,R00200,Al0.5CoCrCuFeNiV1.2,Al:7.4627;Co:14.9254;Cr:14.9254;Cu:14.9254;Fe:14.9254;Ni:14.9254;V:17.9104,95.19999999999999,0.6068625023272353,0.4900793690079466,1102,Extreme
CAND_01169,Al20.32Fe10.73Mn5.55Mo32.00W31.40,5,20.32,0.0,0.0,0.0,10.73,5.55,32.0,0.0,0.0,0.0,0.0,31.4,100.0,True,719.1809,1236.5442,45.96499,370.357,1.719378512271006,True,0.3017742,0.523046152555083,0.4784521993725678,0.3579501743974662,0.4207516873728291,False,3339,1318.9371988932292,183.3795098336206,0.1390358161006463,Low,0.3017741866412204,0.523046152555083,0.4784521993725678,0.3579501743974662,0.4153056782415844,0.1390358161006463,0.3646116060365283,2379,4.478803409142684,R01594,Al0.947 Co0.158 Mo1 Ni0.289 W0.237,Al:35.9939;Co:6.0053;Mo:38.0084;Ni:10.9844;W:9.0080,89.42,0.5389260566549022,0.48930313211545284,1112,Very High
CAND_02474,Co32.71Mn21.67Mo17.24Ti10.30W18.08,5,0.0,32.71,0.0,0.0,0.0,21.67,17.24,0.0,0.0,10.3,0.0,18.08,100.0,True,677.46674,1498.7825,51.37845,296.8924,2.2123337142774773,True,0.26698577,0.7289878946166092,0.5752754555694407,0.2005218709351603,0.4726892510901481,False,2115,1121.837646484375,182.3098793418708,0.1625100386969497,Low,0.26698576915329,0.7289878946166092,0.5752754555694407,0.2005218709351603,0.4429427475686251,0.1625100386969497,0.3810227291156271,1992,4.4471519000139565,R02912,BBB02,Al:4.0000;Co:32.0000;Cr:8.0000;Cu:4.0000;Fe:4.0000;Mn:20.0000;Ni:24.0000;V:4.0000,89.08,0.5346713358379583,0.4889462953675869,1119,Very High
CAND_04903,Al10.77Cr11.90Cu34.42Ni9.54Ti9.85W23.52,6,10.77,0.0,11.9,34.42,0.0,0.0,0.0,0.0,9.54,9.85,0.0,23.52,100.0,True,925.583,1336.6843,35.466545,324.004,1.4441538886491516,True,0.47390765,0.6016884662225198,0.2906806761870676,0.2586196920918623,0.4341419695033489,False,2999,1154.0886596679688,164.22481448039213,0.1422982654795686,Low,0.4739076402499129,0.6016884662225198,0.2906806761870676,0.2586196920918623,0.4062241186878407,0.1422982654795686,0.3556200083323216,2584,4.7928584568838,R01647,Al1 Cr1 Cu1 Fe1 Mn1 W0.5,Al:18.1818;Cr:18.1818;Cu:18.1818;Fe:18.1818;Mn:18.1818;W:9.0909,93.60000000000001,0.5811425760586374,0.4889407797316245,1120,Extreme
CAND_01879,Cr25.21Fe5.92Mn32.23Nb36.64,4,0.0,0.0,25.21,0.0,5.92,32.23,0.0,36.64,0.0,0.0,0.0,0.0,100.0,True,774.7729,1574.3031,51.962067,287.2073333333334,2.031954297847017,True,0.34813634,0.7882959511649155,0.5857138255420367,0.1797676081439295,0.5143232881103246,False,1268,1123.420011393229,207.69152775794583,0.1848743352011092,Low,0.3481363261398711,0.7882959511649155,0.5857138255420367,0.1797676081439295,0.4754784277476881,0.1848743352011092,0.4012901736680666,1561,4.269073459431929,R01508,Cr1 Fe1 Mn1 Ni1,Cr:25.0000;Fe:25.0000;Mn:25.0000;Ni:25.0000,85.46000000000001,0.5107333288029139,0.4889244443463558,1122,Very High
CAND_03642,Al17.89Co7.09Cu17.34Fe6.81Mo42.48V8.39,6,17.89,7.09,0.0,17.34,6.81,0.0,42.48,0.0,0.0,0.0,8.39,0.0,100.0,True,1094.18,853.8821,45.702477,362.217,0.7803853644599339,False,0.6145128,0.2225328427337413,0.4737569834747853,0.3405068562526294,0.4206289704580501,False,3343,1583.3035237630208,190.9587880371209,0.1206078210343846,Low,0.6145127207121015,0.2225328427337413,0.4737569834747853,0.3405068562526294,0.4128273507933144,0.1206078210343846,0.368395921431506,2270,3.988469466964776,R01594,Al0.947 Co0.158 Mo1 Ni0.289 W0.237,Al:35.9939;Co:6.0053;Mo:38.0084;Ni:10.9844;W:9.0080,78.4,0.4730134323135564,0.48865048904800323,1126,Very High
CAND_01344,Al6.21Co30.68Cu32.55W30.56,4,6.21,30.68,0.0,32.55,0.0,0.0,0.0,0.0,0.0,0.0,0.0,30.56,100.0,True,558.1895,1357.7603,58.6211,315.7593333333333,2.4324360554190383,True,0.16751198,0.6182399316480078,0.7048149656968418,0.2409520823050321,0.4480721294212031,False,2669,910.1405232747396,193.46851087255547,0.2125699339003655,Low,0.1675119592544912,0.6182399316480078,0.7048149656968418,0.2409520823050321,0.4328797347260932,0.2125699339003655,0.3569936237274889,2560,6.133858166808766,R00211,CoCuFeNi,Co:25.0000;Cu:25.0000;Fe:25.0000;Ni:25.0000,99.46000000000001,0.761405051320992,0.4883237019158292,1129,Extreme
CAND_04073,Al13.43Co43.07Mn18.91V6.85W17.74,5,13.43,43.07,0.0,0.0,0.0,18.91,0.0,0.0,0.0,0.0,6.85,17.74,100.0,True,787.7709,1251.6715,59.756386,342.8813333333333,1.5888776054987286,True,0.35897627,0.5349259676495498,0.725120294864273,0.299072189765015,0.4943115823448986,False,1680,1196.951171875,212.46327657588395,0.1775037124054647,Medium,0.3589762867313853,0.5349259676495498,0.725120294864273,0.299072189765015,0.4795236847525558,0.1775037124054647,0.4072375141586266,1429,3.915559457797471,R02912,BBB02,Al:4.0000;Co:32.0000;Cr:8.0000;Cu:4.0000;Fe:4.0000;Mn:20.0000;Ni:24.0000;V:4.0000,76.2,0.4632125810332569,0.4876669062312634,1141,Very High
CAND_01919,Al12.57Co21.42Cu15.06Mo42.42Ni8.53,5,12.57,21.42,0.0,15.06,0.0,0.0,42.42,0.0,8.53,0.0,0.0,0.0,100.0,True,744.8147,1217.2838,53.056396,372.383,1.6343444946359285,True,0.32315207,0.5079205193855504,0.6052866121019572,0.3622917177096821,0.4549871875708527,False,2516,1173.349755859375,180.51961630098896,0.1538497923569041,Low,0.323152043373853,0.5079205193855504,0.6052866121019572,0.3622917177096821,0.4496627231427607,0.1538497923569041,0.3897064644993868,1786,3.956997486682374,R01594,Al0.947 Co0.158 Mo1 Ni0.289 W0.237,Al:35.9939;Co:6.0053;Mo:38.0084;Ni:10.9844;W:9.0080,77.7,0.4687828444729138,0.4866319829662943,1152,Very High
CAND_03547,Co32.33Cr26.69Cu13.19W27.79,4,0.0,32.33,26.69,13.19,0.0,0.0,0.0,0.0,0.0,0.0,0.0,27.79,100.0,True,569.537,1396.2593,60.470207,311.1826,2.4515691361991165,True,0.17697544,0.6484740779478683,0.7378874481380958,0.2311445373913451,0.4667784021955893,False,2255,904.443192545573,153.8879993115304,0.1701466720960214,Low,0.1769754500078539,0.6484740779478683,0.7378874481380958,0.2311445373913451,0.4486203783712908,0.1701466720960214,0.3833881589969409,1944,4.453900208540404,R01366,Co1 Cr1 Fe1 Ni1 W0.5,Co:22.2222;Cr:22.2222;Fe:22.2222;Ni:22.2222;W:11.1111,89.16,0.5355784701123419,0.4865789276701264,1155,Very High
CAND_00290,Cu20.81Mn21.75Nb19.70W37.74,4,0.0,0.0,0.0,20.81,0.0,21.75,0.0,19.7,0.0,0.0,0.0,37.74,100.0,True,667.8457,1433.5962,40.46379,296.217,2.1465979241790154,True,0.25896212,0.6777956005064609,0.380059656158018,0.1990745469701697,0.4059034180831481,False,3707,960.0622355143228,154.79323931274888,0.1612325051300693,Low,0.2589620967075766,0.6777956005064609,0.380059656158018,0.1990745469701697,0.3789729750855563,0.1612325051300693,0.3263540879292796,3411,5.93422655856516,R01772,Cr1 Nb1 Ti1 W1,Cr:25.0000;Nb:25.0000;Ti:25.0000;W:25.0000,99.22,0.7345697823971751,0.48563897124890215,1165,Extreme
CAND_04242,Cr14.29Cu9.03Mn30.44Mo34.32W11.92,5,0.0,0.0,14.29,9.03,0.0,30.44,34.32,0.0,0.0,0.0,0.0,11.92,100.0,True,757.9971,1344.4104,44.10707,285.302,1.7736353511837968,True,0.33414578,0.6077559494747434,0.4452220906891576,0.1756846430941388,0.4202287437625971,False,3354,1171.1138631184897,178.48175881175536,0.1524034207369784,Low,0.3341457882962702,0.6077559494747434,0.4452220906891576,0.1756846430941388,0.3907021178885775,0.1524034207369784,0.339032417691643,3032,5.368322661297205,R01647,Al1 Cr1 Cu1 Fe1 Mn1 W0.5,Al:18.1818;Cr:18.1818;Cu:18.1818;Fe:18.1818;Mn:18.1818;W:9.0909,97.58,0.6584987463431532,0.4852130020083926,1180,Extreme
CAND_00715,Co44.82Cu19.61Ni15.88W19.69,4,0.0,44.82,0.0,19.61,0.0,0.0,0.0,0.0,15.88,0.0,0.0,19.69,100.0,True,658.59674,1362.8446,59.72119,294.4379333333334,2.069315737130123,True,0.25124875,0.6222327488648804,0.7244907914921034,0.195262160499956,0.4724564722307095,False,2124,1076.3789225260416,188.85660530204336,0.1754555030293936,Low,0.2512487283499454,0.6222327488648804,0.7244907914921034,0.195262160499956,0.4483086073017213,0.1754555030293936,0.3813913892498156,1985,4.479138583775855,R00211,CoCuFeNi,Co:25.0000;Cu:25.0000;Fe:25.0000;Ni:25.0000,89.44,0.5389711121523594,0.48199369001835135,1218,Very High
CAND_00123,Co35.64Cr7.72Mo7.83Ti25.14W23.67,5,0.0,35.64,7.72,0.0,0.0,0.0,7.83,0.0,0.0,25.14,0.0,23.67,100.0,True,763.6907,1487.4138,54.307934,317.511,1.9476652668076904,True,0.3388941,0.720059794171423,0.6276711839680323,0.2447057529377561,0.5113098283733494,False,1328,976.7434977213542,191.55697724806043,0.1961179958657967,Low,0.338894088005752,0.720059794171423,0.6276711839680323,0.2447057529377561,0.4828327047707408,0.1961179958657967,0.4036664496643141,1508,4.1331631872496315,R01493,Cr1 Mo1 Nb1 Ti1 W1,Cr:20.0000;Mo:20.0000;Nb:20.0000;Ti:20.0000;W:20.0000,82.3,0.4924637334436933,0.4796808987863602,1248,Very High
CAND_02429,Al8.09Co22.64Mn8.56Mo36.52W24.19,5,8.09,22.64,0.0,0.0,0.0,8.56,36.52,0.0,0.0,0.0,0.0,24.19,100.0,True,614.75073,1254.5692,51.33053,325.074,2.0407770724525904,True,0.21468243,0.5372015978148296,0.5744183751741012,0.2609126098332598,0.4083066980919861,False,3641,1057.4684814453126,131.9729546386552,0.1248008398872361,Low,0.2146824088780928,0.5372015978148296,0.5744183751741012,0.2609126098332598,0.3968037479250709,0.1248008398872361,0.3527768951211411,2660,4.24383203694574,R01594,Al0.947 Co0.158 Mo1 Ni0.289 W0.237,Al:35.9939;Co:6.0053;Mo:38.0084;Ni:10.9844;W:9.0080,84.86,0.5073402771394219,0.479492750656184,1252,Very High
CAND_01584,Al26.07Cu21.01Fe19.18Mo33.74,4,26.07,0.0,0.0,21.01,19.18,0.0,33.74,0.0,0.0,0.0,0.0,0.0,100.0,True,786.94366,1325.8383,45.095757,372.793,1.6847944264941013,True,0.3582864,0.5931708540567938,0.462905401307416,0.363170312358255,0.4556390810390221,False,2499,1254.1961018880208,195.43459449760496,0.1558245909099899,Low,0.3582863922091723,0.5931708540567938,0.462905401307416,0.3631703123582551,0.4443832399829093,0.1558245909099899,0.3844729065965303,1916,3.89889222205477,R00231,CrCuFeMoNi,Cr:20.0000;Cu:20.0000;Fe:20.0000;Mo:20.0000;Ni:20.0000,75.66000000000001,0.4609721054026331,0.47825697593212685,1267,Very High
