candidate_id,Novelty_35D_Percentile,Novelty_35D_Score,Discovery_35D_Rank,Discovery_35D_Score
CAND_03278,97.36,0.6550202263148153,1,0.7120695043215308
CAND_04351,38.86,0.33475545399958523,2,0.7118519111692743
CAND_02851,74.36,0.45502856769070527,3,0.7071718733272119
CAND_02729,99.53999999999999,0.7780369423262696,4,0.705169129131217
CAND_01568,69.8,0.434541692302079,5,0.7022659323386792
CAND_01908,93.76,0.582974981876809,6,0.697880578615987
CAND_02578,25.1,0.2910226893065394,7,0.688393877658391
CAND_03678,94.02000000000001,0.586500128992328,8,0.6866355813870553
CAND_01246,49.980000000000004,0.3691856599911005,9,0.6857351436319428
CAND_02875,54.50000000000001,0.3834851045640023,10,0.6853252362443143
CAND_01687,31.819999999999997,0.31355585317283474,11,0.6843815359459278
CAND_02156,26.279999999999998,0.29558064517043503,12,0.6837036174234268
CAND_03613,88.36,0.5298600805789486,13,0.6822884066417849
CAND_00360,97.6,0.6594626314082217,14,0.6816511344863604
CAND_00792,72.78,0.4473498859821851,15,0.6768467991478961
CAND_02712,93.97999999999999,0.5860514696765666,16,0.6694224113645386
CAND_03577,2.5,0.1335656665674286,17,0.667395875246807
CAND_03379,90.8,0.5523764459786938,18,0.6668704393899845
CAND_01212,3.66,0.1532138306197613,19,0.6664513187179786
CAND_02137,29.020000000000003,0.30510460107404963,20,0.6624555884556577
CAND_00029,71.36,0.4406870828355565,21,0.6588044462973905
CAND_03633,55.7,0.3863452011126908,22,0.6579361130069674
CAND_02697,50.12,0.3695522729440444,23,0.6551727838177934
CAND_02500,22.46,0.28032590635244875,24,0.654783225238753
CAND_03794,58.3,0.39503306592538157,25,0.6536942352486409
CAND_02477,81.2,0.48679184964949046,26,0.6534460792802831
CAND_01463,86.92,0.5206745135880297,27,0.6528432828433393
CAND_04782,78.94,0.4756418554931424,28,0.6511298805187364
CAND_01922,86.44,0.5176598040400687,29,0.6491664875465445
CAND_04973,51.980000000000004,0.3750825677456091,30,0.6480235141563073
CAND_00720,93.30000000000001,0.5777614575613337,31,0.6440489101747237
CAND_02378,90.58,0.5504997001552642,32,0.6433841593194545
CAND_02215,97.98,0.6722199913373735,33,0.6432736841326022
CAND_02559,96.72,0.6358002124605328,34,0.6406726722492865
CAND_02706,99.66000000000001,0.8040813349054632,35,0.6397638995336519
CAND_00486,99.0,0.7103004283620573,36,0.6388683240585168
CAND_02928,69.44,0.4331536891063725,37,0.6381670057409106
CAND_02513,21.34,0.2755568647044313,38,0.638018011786019
CAND_00345,75.33999999999999,0.45946438898777636,39,0.6378079824711912
CAND_02086,67.80000000000001,0.4268787516836148,40,0.6375152482084647
CAND_03059,98.4,0.6866931208642832,41,0.6371554491214165
CAND_00174,78.82000000000001,0.47527508135694446,42,0.6369590023119749
CAND_01949,94.06,0.5868886004022956,43,0.6360886709607159
CAND_04521,73.61999999999999,0.45127221477466656,44,0.6356759566359282
CAND_01690,94.66,0.5980137782828537,45,0.6354702537580201
CAND_02730,69.48,0.43343437948388375,46,0.6354386275805303
CAND_03489,68.17999999999999,0.42794427531345297,47,0.6340877820423976
CAND_03746,35.199999999999996,0.3245318178711229,48,0.6336206290944532
CAND_01704,76.3,0.4635745511391565,49,0.6336092931549729
CAND_04367,17.34,0.2576975436200508,50,0.632983611314546
CAND_00748,49.64,0.36758400221204,51,0.6323148485432601
CAND_04343,80.32000000000001,0.4825438641392661,52,0.6321149267197593
CAND_00234,21.92,0.2781615612408853,53,0.6320487826740651
CAND_00288,93.74,0.582894198034442,54,0.6318989700789404
CAND_04680,94.14,0.5893250693993507,55,0.6318062580299171
CAND_00569,70.17999999999999,0.43644008678815155,56,0.631570150464026
CAND_00931,61.9,0.4064515564296319,57,0.6313624812538792
CAND_03639,58.379999999999995,0.3954163041102196,58,0.6312262002668325
CAND_04268,63.4,0.4119720054702488,59,0.6298175292610206
CAND_00187,40.62,0.34012548886479227,60,0.6285213893490208
CAND_02080,89.84,0.5427288440146424,61,0.6283770439773527
CAND_03443,17.46,0.25810724666502355,62,0.6283598100267413
CAND_04332,43.62,0.3485179597229497,63,0.6283506512502377
CAND_02849,86.24000000000001,0.515733705491762,64,0.6280765906031802
CAND_03703,69.54,0.43361046064240755,65,0.6273607664160676
CAND_00237,63.739999999999995,0.4133050038063209,66,0.626098892335201
CAND_02022,8.52,0.20746008462810794,67,0.6257424992745604
CAND_00146,38.1,0.3327151035324549,68,0.6253217214870721
CAND_02476,25.119999999999997,0.2910630363114073,69,0.6249235919231344
CAND_00186,99.76,0.8215425495746536,70,0.6248904725187319
CAND_04389,54.24,0.3824519718955325,71,0.6242583327393934
CAND_02311,96.88,0.6408554431424134,72,0.6234993138458269
CAND_04203,80.82000000000001,0.4846056750289962,73,0.623059349542469
CAND_03250,9.92,0.21769854444971162,74,0.6229920711368814
CAND_01134,52.22,0.375842588897778,75,0.6229003892050075
CAND_00790,57.940000000000005,0.393641225581688,76,0.6228363547572306
CAND_02592,97.16,0.6514295150164935,77,0.6220785646660689
CAND_03366,88.94,0.5337830623355422,78,0.6214327863186823
CAND_01556,19.38,0.26790535402254784,79,0.62097410969013
CAND_03139,6.64,0.18956208636866584,80,0.620747439774585
CAND_00533,90.72,0.5518352777662412,81,0.6207018101894987
CAND_04510,57.99999999999999,0.39371587383321593,82,0.6203313805424013
CAND_04388,15.740000000000002,0.24896420612808032,83,0.6201893388533584
CAND_04816,99.28,0.7430951351226478,84,0.6201419884413911
CAND_04069,69.67999999999999,0.43422118506942503,85,0.6200643752831021
CAND_00060,76.92,0.4659053908603149,86,0.6195221051416698
CAND_01216,34.28,0.3221548697887749,87,0.6193919432983487
CAND_00960,3.2399999999999998,0.14654208024372395,88,0.619260232303652
CAND_04950,92.24,0.567029288088624,89,0.6181376495078466
CAND_02644,19.32,0.2675665280732327,90,0.6177810155196486
CAND_04550,59.199999999999996,0.3980445584617154,91,0.6173783400018525
CAND_02939,15.299999999999999,0.24714541990469258,92,0.6173419066650142
CAND_03950,58.02,0.3938303999383058,93,0.6170862165363732
CAND_00587,98.1,0.6762355169854273,94,0.6166083875797576
CAND_04980,23.04,0.2825438593826688,95,0.616536170479592
CAND_00636,72.39999999999999,0.44550421605919255,96,0.6155337492510751
CAND_04610,39.379999999999995,0.3365242462860435,97,0.6148834047571979
CAND_04991,41.699999999999996,0.3434163889081003,98,0.6147391415571537
CAND_02026,70.14,0.436226973825613,99,0.614287497559933
CAND_04912,75.0,0.45820473988884647,100,0.613499271504744
CAND_03500,95.88,0.6195617216374791,101,0.6132874979481399
CAND_03719,63.46000000000001,0.41217906160247403,102,0.6130648298135766
CAND_02004,95.94,0.6208226362021934,103,0.6129601509987544
CAND_02210,34.38,0.3224602815171381,104,0.6128610255440022
CAND_02950,10.8,0.22292844051869276,105,0.6116916796942966
CAND_03665,47.58,0.36145143266041424,106,0.6115631879729044
CAND_03409,75.1,0.4585608619090146,107,0.6115203429874788
CAND_01666,79.60000000000001,0.4788024652815924,108,0.6106476486210397
CAND_03980,75.14,0.4585785660650646,109,0.6106095347820296
CAND_04481,89.68,0.5411689713425667,110,0.6105976988926327
CAND_01769,32.12,0.3140376783299234,111,0.6096629060447007
CAND_01911,94.56,0.5961177588578309,112,0.6096371671167815
CAND_00436,59.12,0.39794583341063006,113,0.6089771414035208
CAND_04467,4.16,0.15890172853728982,114,0.6089426254606782
CAND_03791,35.76,0.32615957854075406,115,0.6084736978604024
CAND_02322,76.9,0.4658902026182218,116,0.6076110807425072
CAND_00257,84.46000000000001,0.5052099760530703,117,0.6070772311470716
CAND_00303,14.92,0.2449668843393099,118,0.6070058012234927
CAND_04407,95.22,0.6070600946828928,119,0.6068768015761428
CAND_03653,51.68000000000001,0.3740467392265042,120,0.6060313041944587
CAND_02582,0.45999999999999996,0.0682915310152022,121,0.6054171568776278
CAND_04289,81.94,0.4898767307284598,122,0.6053988103728498
CAND_03778,41.32,0.34198782225466434,123,0.6051866794087156
CAND_03857,94.96,0.6024836170311151,124,0.605159601364945
CAND_02773,11.0,0.22405942107319446,125,0.6049578514249765
CAND_02864,29.14,0.3054219497684201,126,0.6043933661026764
CAND_02866,25.380000000000003,0.2921169342658017,127,0.6043604270919106
CAND_01548,59.62,0.3991783004002722,128,0.6042216149323881
CAND_00432,78.68,0.47467877420717225,129,0.6041225682260292
CAND_04438,7.340000000000001,0.1984946653383661,130,0.6038905403853911
CAND_02143,66.94,0.4236127858789145,131,0.6038322525361395
CAND_04176,95.1,0.6046462732765212,132,0.6034913871820418
CAND_04423,28.139999999999997,0.3028139726519637,133,0.6033100608181312
CAND_02976,52.38,0.37635338288348724,134,0.6029035196106094
CAND_04953,30.020000000000003,0.30805893523075145,135,0.6028895476672433
CAND_03775,86.11999999999999,0.5149796822793811,136,0.6026522358042237
CAND_02014,33.62,0.3200379382814413,137,0.6018946085673627
CAND_03893,51.06,0.3727881692958094,138,0.6008775695793385
CAND_01504,86.74,0.5199079535677601,139,0.6007582682061732
CAND_04166,16.06,0.2509867155809448,140,0.6006051441485631
CAND_02135,75.6,0.46092841502498305,141,0.6004299425013941
CAND_01793,5.319999999999999,0.17463138303623593,142,0.6004295134828751
CAND_02732,75.82,0.4617927025792241,143,0.6003772376265619
CAND_01263,77.4,0.4675733570429095,144,0.6002430717330136
CAND_03170,76.25999999999999,0.46336032201998284,145,0.5997143045938886
CAND_03602,20.74,0.27317909420604636,146,0.5996690873093353
CAND_04942,49.88,0.3686150807020408,147,0.5995997622076423
CAND_00074,69.5,0.43344281865855033,148,0.5993790563896219
CAND_04637,98.2,0.6812276009019754,149,0.5991829798433217
CAND_04370,46.660000000000004,0.35877419222643553,150,0.5987689846161348
CAND_01733,89.62,0.541063116544431,151,0.5975219023842794
CAND_00553,56.8,0.3894856489177764,152,0.5972849291345794
CAND_01102,86.32,0.5161431577313779,153,0.5972102222426767
CAND_00818,91.16,0.5559286611033518,154,0.597051120123189
CAND_02959,50.68,0.37150733401987884,155,0.5970490722015023
CAND_02914,92.60000000000001,0.5707597742905893,156,0.59622611730473
CAND_03091,53.0,0.378834551484671,157,0.5961847702750374
CAND_04418,96.89999999999999,0.6422468452939225,158,0.5959720284071595
CAND_00273,91.14,0.5558997082895065,159,0.5959404185716939
CAND_02365,15.32,0.24723675973264464,160,0.5956410995942818
CAND_03840,78.28,0.4723792713606362,161,0.5951585320410191
CAND_02140,53.239999999999995,0.3795039473776085,162,0.5951042290407461
CAND_03308,58.32000000000001,0.3952447174930524,163,0.5950497218860872
CAND_00850,24.240000000000002,0.28730757967943227,164,0.5944342461645138
CAND_04310,99.11999999999999,0.7230656520290174,165,0.5937359936477129
CAND_03972,34.12,0.3215709833923896,166,0.5935901824459309
CAND_04279,47.760000000000005,0.3622296655714082,167,0.5934749309984948
CAND_00988,84.89999999999999,0.5076313308924949,168,0.5933330835072197
CAND_00332,92.94,0.5752320752811437,169,0.5931245605211405
CAND_04114,58.199999999999996,0.39447728780656666,170,0.5927280928327174
CAND_03858,24.2,0.28710152719038123,171,0.5925481845751477
CAND_03512,24.22,0.2871892184304531,172,0.5919505118844759
CAND_03670,55.42,0.3852944438482186,173,0.591846291329359
CAND_00125,39.900000000000006,0.3382447477442177,174,0.5918358442040754
CAND_03142,93.8,0.5835162018908984,175,0.5916819142594056
CAND_03850,41.08,0.34134186372504205,176,0.5914766049841355
CAND_04798,34.42,0.32268653710545364,177,0.5907513276857619
CAND_00027,81.08,0.48632088009500113,178,0.5907033276523798
CAND_00464,97.0,0.6461781329229815,179,0.5905572327267196
CAND_02212,7.6,0.2010785424880333,180,0.5904356704659076
CAND_02909,44.04,0.3500937213858597,181,0.5903551250069725
CAND_00874,66.03999999999999,0.4209107367365216,182,0.5900417002022813
CAND_02345,49.5,0.36718879498176293,183,0.5899669959050553
CAND_02111,12.3,0.23248087717477717,184,0.5899144735136195
CAND_03303,76.5,0.464213169420329,185,0.5897969212506128
CAND_03344,72.6,0.4466943418459366,186,0.5896433627118345
CAND_02200,78.62,0.4745648104835312,187,0.5893689906938447
CAND_02044,80.25999999999999,0.48241026303962325,188,0.5893051247211067
CAND_04442,48.08,0.3634141323142565,189,0.5890420469227527
CAND_03220,78.9,0.4755890612764974,190,0.5886996627708899
CAND_00251,76.74,0.4649973634686146,191,0.5884018504051295
CAND_00304,23.5,0.28434292253754995,192,0.5882373857091359
CAND_02222,55.96,0.3872021142633695,193,0.587965441037583
CAND_03521,63.18,0.4113774684164129,194,0.587551581251456
CAND_04371,1.5599999999999998,0.10853337462128988,195,0.587515770368601
CAND_01544,38.32,0.33335408903524816,196,0.5872850742037918
CAND_02415,93.86,0.5845497982805627,197,0.5867577267845238
CAND_03878,52.78,0.37815380352234984,198,0.5866755730443314
CAND_02133,67.97999999999999,0.4275134048283784,199,0.586319561057962
CAND_01991,18.32,0.2610346839608527,200,0.5863061141253467
CAND_04287,25.96,0.2948885583688867,201,0.5861903607989914
CAND_01503,6.34,0.18587704728511484,202,0.5861814349107421
CAND_04898,84.94,0.5079731148084631,203,0.5860158772943702
CAND_02556,8.82,0.209497792614759,204,0.5859714488112917
CAND_01695,89.56,0.5407732449668269,205,0.5858455221516526
CAND_02763,89.34,0.5384445328155678,206,0.5858419167893016
CAND_01417,14.719999999999999,0.24404650309151596,207,0.5857591106065825
CAND_00470,91.78,0.5621490322869344,208,0.5857413153059501
CAND_01016,88.12,0.5286356565742112,209,0.5855448155822329
CAND_04845,99.02,0.7116149423180929,210,0.585278295287091
CAND_00572,53.64,0.3806785510820431,211,0.5851624006627891
CAND_01185,95.36,0.6094871043695287,212,0.5850050497635502
CAND_03812,13.459999999999999,0.2381165633833405,213,0.584980549159531
CAND_01881,34.8,0.32362190628787524,214,0.5846304594661477
CAND_01488,39.06,0.3354312946718087,215,0.5844790557074935
CAND_00864,76.96,0.46598156751606257,216,0.5843584797856799
CAND_00397,66.86,0.4233695329043649,217,0.5841794708056811
CAND_03035,70.88,0.43925305939222536,218,0.5839195832360271
CAND_01159,97.08,0.6491477505146948,219,0.5838842425697606
CAND_00646,55.32,0.385093690325695,220,0.5834011886726473
CAND_01840,27.6,0.30043372316515443,221,0.5832485304285477
CAND_00908,87.5,0.5244262397190366,222,0.5825657742683382
CAND_04163,42.4,0.34535004131280594,223,0.5822991203589701
CAND_03871,43.18,0.34734649274195206,224,0.5821984100189402
CAND_01068,31.680000000000003,0.31326032062262543,225,0.5821880579749552
CAND_02097,11.34,0.22627220250202698,226,0.581960548193712
CAND_02397,30.4,0.3094688488302095,227,0.5815166744609764
CAND_00116,92.2,0.5662270672537129,228,0.5814343768048542
CAND_04603,84.88,0.5074559726091341,229,0.5813034860995833
CAND_03896,56.220000000000006,0.3878097442225433,230,0.5812955951174101
CAND_03562,95.7,0.615121887539826,231,0.5812488201009955
CAND_04067,71.24000000000001,0.4403067932001221,232,0.5811754109959768
CAND_00953,9.16,0.21226979746541286,233,0.5811710084859579
CAND_02069,65.06,0.41798178818215387,234,0.5811091279992029
CAND_03849,76.1,0.4627986781860391,235,0.5807019027462165
CAND_04076,18.16,0.2605313142668305,236,0.5802547757530507
CAND_03888,92.06,0.565110843280612,237,0.5801756310847737
CAND_03166,59.440000000000005,0.39892859640481015,238,0.5800287691799527
CAND_04719,88.3,0.5293365471285673,239,0.5796333552388571
CAND_01383,82.89999999999999,0.49491246004367034,240,0.579450223183158
CAND_03963,43.32,0.34778596669228223,241,0.5793881763300643
CAND_04621,24.8,0.2896452910213583,242,0.5793286224141313
CAND_02081,69.52000000000001,0.4335776907931882,243,0.578757270186909
CAND_04387,87.9,0.5273473234693842,244,0.5786109784261071
CAND_00376,65.53999999999999,0.419764381686069,245,0.5785796264398866
CAND_04852,39.94,0.338316920824513,246,0.578571368215511
CAND_04457,73.96000000000001,0.45260808679885206,247,0.5785665034539003
CAND_01079,82.56,0.49366450739826145,248,0.5785145716510021
CAND_04489,10.4,0.22028188203911067,249,0.5783901753985519
CAND_01366,94.84,0.6004731380390058,250,0.578359663307544
CAND_00975,34.0,0.3211487301876409,251,0.5783368068535869
CAND_00611,75.28,0.45933108832109426,252,0.5782847950002385
CAND_04656,25.840000000000003,0.2943253036490751,253,0.5782237142587014
CAND_03575,16.42,0.253020676168668,254,0.5780505274175811
CAND_01472,91.88,0.5634943230221977,255,0.5778818058254513
CAND_00098,39.98,0.338454583742767,256,0.5777284008222396
CAND_00114,90.24,0.547432096234089,257,0.5776939872843285
CAND_04208,49.24,0.3664635713241501,258,0.5775431047094108
CAND_04453,43.36,0.3478245604335798,259,0.5774169296610268
CAND_02986,81.56,0.4880923066728174,260,0.5771216222515718
CAND_02674,17.98,0.25999928217871215,261,0.5767989725943213
CAND_00076,23.44,0.2842000812708545,262,0.5767559812331308
CAND_03788,48.38,0.3640907779386353,263,0.5766099518117025
CAND_03627,20.979999999999997,0.2738522251430821,264,0.5765414558680125
CAND_01770,37.24,0.32981889937147085,265,0.5764658406656957
CAND_00985,78.97999999999999,0.47578576009013723,266,0.576444497668418
CAND_03919,93.24,0.5771054723996806,267,0.5763165047278307
CAND_02826,75.18,0.4589094657330801,268,0.5762327416106758
CAND_04126,82.92,0.4952743054488981,269,0.5760018578892889
CAND_04955,73.52,0.45104437572405187,270,0.5754340937123197
CAND_03960,74.32,0.4546308387402259,271,0.5753197706467547
CAND_01440,95.92,0.6201146542967244,272,0.5747785582871654
CAND_03805,90.94,0.5545791294665842,273,0.5747684181477253
CAND_03907,85.72,0.512844859609249,274,0.5746249580027747
CAND_04063,94.28,0.590468912347005,275,0.5746110531964608
CAND_03011,86.4,0.5173075537559478,276,0.5739266599747928
CAND_03187,8.08,0.20430243680830779,277,0.5738639480683814
CAND_01758,40.58,0.3399200920483705,278,0.5738441822757795
CAND_00876,26.1,0.29510858922634275,279,0.5736934972926617
CAND_00399,58.48,0.3960050890370865,280,0.5733744088650075
CAND_04528,80.78,0.48439182415818033,281,0.573099153661743
CAND_02641,96.84,0.6394968754979581,282,0.5728804680336741
CAND_04452,59.14,0.3979471837639874,283,0.5727923966972983
CAND_02380,42.5,0.3456219681905089,284,0.5727524075861922
CAND_04202,41.9,0.34395520368855304,285,0.5726517565369668
CAND_01484,21.560000000000002,0.27619278657641055,286,0.5725303865909381
CAND_03408,23.96,0.28616553242380105,287,0.5724704829828053
CAND_03051,31.879999999999995,0.31377964018266136,288,0.5724299076507915
CAND_00936,52.68000000000001,0.3779336128290804,289,0.5721462414749572
CAND_04604,94.39999999999999,0.5922265761848471,290,0.5720166645970775
CAND_03814,78.42,0.47308402648842474,291,0.5719922946584143
CAND_00578,32.74,0.3160462638124856,292,0.571934797925372
CAND_00941,9.28,0.2134680961601948,293,0.5718948440317708
CAND_00188,45.82,0.35507977825680037,294,0.5717442455477086
CAND_02515,96.22,0.6260321796041546,295,0.5716914305063832
CAND_00601,78.38000000000001,0.4730084542836131,296,0.5716576684440478
CAND_01979,70.76,0.4388414927354723,297,0.5716212285504482
CAND_02831,99.26,0.7379425233849932,298,0.5716044852963682
CAND_03326,97.52,0.6570700540569568,299,0.5714510671838198
CAND_04859,63.32,0.4117904097421365,300,0.5712228489491277
CAND_00837,35.66,0.3259561610454028,301,0.5712080654136407
CAND_02761,93.96,0.5858993488078619,302,0.571135097328975
CAND_04700,27.779999999999998,0.3012788471291697,303,0.5710137414530503
CAND_02196,96.39999999999999,0.6288939515815494,304,0.570907960977712
CAND_04420,15.68,0.24871744494432826,305,0.5708287997237743
CAND_04938,69.16,0.43180425764394137,306,0.5706211318334645
CAND_01736,36.68,0.3285982323881868,307,0.5700602422788411
CAND_00855,21.02,0.2738667711098701,308,0.5699528530741824
CAND_03165,47.64,0.3618651820940587,309,0.569890580729937
CAND_03811,38.36,0.33341227568363513,310,0.56986265619586
CAND_04108,50.019999999999996,0.36939384349710297,311,0.5696093045500616
CAND_02648,40.739999999999995,0.340524046700298,312,0.5695734310040337
CAND_02572,12.02,0.23022386443070522,313,0.5691811862480581
CAND_00740,4.32,0.15991075609539016,314,0.5691642860394117
CAND_02753,49.18,0.36627578219511736,315,0.5688889583153902
CAND_01676,63.04,0.41097574223961697,316,0.5688670605197783
CAND_00487,71.84,0.44369691185026805,317,0.5688379513901012
CAND_00238,88.8,0.5329709839771926,318,0.5688243152143428
CAND_01009,96.12,0.6227095457670978,319,0.5684307191745416
CAND_03284,31.8,0.31346040422762045,320,0.5683862881700033
CAND_04171,56.58,0.3888156142352833,321,0.568273928708467
CAND_04460,73.74000000000001,0.45170513891804853,322,0.5682627418607189
CAND_00379,3.92,0.15516555147340672,323,0.5680788446313483
CAND_01738,21.82,0.27746568205231276,324,0.5679784843752247
CAND_01809,73.36,0.4496485494223202,325,0.5676979575519865
CAND_04462,83.88,0.5025858206367045,326,0.5672285224659952
CAND_00772,48.68,0.36467776071355196,327,0.5670256079464795
CAND_03376,57.42,0.3920012711810219,328,0.5669394560463925
CAND_02065,37.7,0.3311317402381545,329,0.5667180649798673
CAND_03721,87.62,0.5250904553048407,330,0.5666700352613071
CAND_02983,50.7,0.37153388806611726,331,0.5662611589746336
CAND_04290,84.38,0.5049220575598222,332,0.5660235165085965
CAND_01959,37.12,0.32965122687308074,333,0.5658464956464
CAND_04892,51.38,0.3734693778613951,334,0.5658159356038586
CAND_00387,85.18,0.5091293529671647,335,0.5655325080725173
CAND_04685,68.47999999999999,0.4290270329234616,336,0.5654841621000192
CAND_04552,60.199999999999996,0.40109773704100843,337,0.5647450631867315
CAND_02884,37.92,0.331872453111758,338,0.5645169984138341
CAND_00057,14.099999999999998,0.24191320657703289,339,0.5643282092356315
CAND_00640,91.82000000000001,0.5624774400397567,340,0.5632916228468471
CAND_04908,28.199999999999996,0.3029348519208285,341,0.5631128653285298
CAND_02341,14.360000000000001,0.24287940607438593,342,0.563106307653251
CAND_01574,80.62,0.4838115793753957,343,0.5629828260876422
CAND_00216,5.46,0.1764642442316156,344,0.5628357767277422
CAND_03511,73.3,0.44925949620675465,345,0.5626919871604609
CAND_00825,92.30000000000001,0.5672311121004743,346,0.5625160392946401
CAND_03370,65.88000000000001,0.4204824617813855,347,0.5623032073654921
CAND_00652,19.3,0.2674872553216146,348,0.5622786342955328
CAND_04082,1.2,0.09816162141078452,349,0.5621512303667626
CAND_03444,99.16,0.7268700340995977,350,0.561683499449579
CAND_00503,31.46,0.3127996979543748,351,0.561683461094473
CAND_03031,99.68,0.8044956865221911,352,0.5610522931511988
CAND_03895,66.44,0.4219915103680602,353,0.5609713499526789
CAND_04678,8.92,0.2099542040076032,354,0.5608239617997851
CAND_04949,76.82,0.4654400878489556,355,0.5601742918416872
CAND_00895,85.32,0.5101056971449323,356,0.560016888575739
CAND_03855,43.980000000000004,0.3499323806558304,357,0.5599589975946677
CAND_03262,82.38,0.4927126605874932,358,0.559908971351841
CAND_04725,51.42,0.37355659644593336,359,0.5598840602751884
CAND_03270,52.04,0.37522987439414107,360,0.5598081928135271
CAND_02213,72.04,0.44422898550318574,361,0.5597643942365715
CAND_03591,91.52,0.5588719865956411,362,0.559664857744562
CAND_03686,18.96,0.2659370074523316,363,0.55933515619426
CAND_01296,97.2,0.6521136599786841,364,0.5588997328993566
CAND_01197,77.03999999999999,0.46615442451374206,365,0.5588931305326983
CAND_04194,24.54,0.28833546566099,366,0.5587973212974313
CAND_02645,81.54,0.488018038333494,367,0.558695898347834
CAND_02233,68.84,0.4303809312318243,368,0.5586215738669886
CAND_00246,81.24,0.486871551916436,369,0.5584604096770867
CAND_00041,83.67999999999999,0.5009550119646868,370,0.5584259333330819
CAND_00005,53.32,0.37998110083248365,371,0.5583362163885073
CAND_00684,86.46000000000001,0.518276983525847,372,0.5579488155400423
CAND_00778,52.54,0.37727509426456357,373,0.5579315587230342
CAND_00641,73.11999999999999,0.44890726487073,374,0.5579244277866683
CAND_02553,97.06,0.6487896979796325,375,0.5578818775350198
CAND_01283,69.12,0.4315908639995323,376,0.5578663174121838
CAND_04099,86.76,0.5201528404835962,377,0.5576892009830833
CAND_02139,86.22,0.5156490142986176,378,0.5576801716004889
CAND_01389,72.8,0.4474665428676036,379,0.5567430758333816
CAND_03750,68.14,0.4278250547379737,380,0.5566631291128483
CAND_04128,48.78,0.36532871018692725,381,0.5566460543646059
CAND_00526,78.48,0.47352269318789264,382,0.556520843999325
CAND_04365,46.58,0.35863915649188155,383,0.5562006366634393
CAND_04738,98.32,0.6854803409056193,384,0.5561867056123714
CAND_03074,33.52,0.31959726109462444,385,0.5557452202902491
CAND_02984,18.68,0.2629422662323772,386,0.5556452010997749
CAND_03239,49.8,0.3682890741106108,387,0.5556314497071807
CAND_03786,80.4,0.4829110411095889,388,0.5555872598877443
CAND_03432,85.76,0.51290836962257,389,0.5551064329425558
CAND_03152,81.10000000000001,0.48633924004429,390,0.5551019230731741
CAND_03918,96.94,0.6445040188063907,391,0.5549054396727119
CAND_01362,78.64,0.47457132199028,392,0.5545710213841752
CAND_03693,75.06,0.4583956988566597,393,0.5544586021059256
CAND_00972,31.22,0.31213827940282973,394,0.5544147986132705
CAND_02961,78.96,0.4757295998792379,395,0.554377691484357
CAND_04568,78.10000000000001,0.47098639590810315,396,0.5543753109455958
CAND_01655,78.56,0.4742023680221841,397,0.5540886185597297
CAND_00440,7.180000000000001,0.19689623317973412,398,0.5537038444830142
CAND_03819,67.60000000000001,0.42601745162704124,399,0.5536644678870974
CAND_01950,93.0,0.5756472739262058,400,0.5535746355192338
CAND_04759,86.64,0.5195422356190602,401,0.5533079431753665
CAND_04436,8.559999999999999,0.2079214393094387,402,0.5531950289031937
CAND_02624,63.56,0.41257938564983004,403,0.5531871671379629
CAND_01929,86.98,0.5211450471168781,404,0.5531400180488977
CAND_02830,93.47999999999999,0.5795804452092707,405,0.5529016860748622
CAND_03522,17.28,0.2575139435483578,406,0.5528332749483602
CAND_01610,24.42,0.28808653439346255,407,0.5527897241071174
CAND_01558,92.02,0.5648752494442478,408,0.5525995039856174
CAND_04598,80.24,0.48229320377788926,409,0.5524106808641325
CAND_00718,5.42,0.1760284430191567,410,0.5521938002412201
CAND_01415,70.24000000000001,0.4366877935668044,411,0.5521696224867245
CAND_01337,41.68,0.34334529395958213,412,0.5521293835919222
CAND_02244,80.74,0.4843156535635384,413,0.5517696905467301
CAND_00008,37.4,0.3304695084104995,414,0.5515756732088943
CAND_04066,94.64,0.5971930351956792,415,0.5515288642953798
CAND_02457,35.480000000000004,0.32539565182753466,416,0.5514265797163489
CAND_02643,63.88,0.41381060872788555,417,0.5514061695679356
CAND_04384,62.239999999999995,0.40779886911665897,418,0.5512802590551409
CAND_03700,53.300000000000004,0.37983063147623797,419,0.5512228332843474
CAND_00308,6.4399999999999995,0.18719811205337747,420,0.5509892111015305
CAND_01390,94.88,0.6013844661911376,421,0.5505575182435856
CAND_04841,62.019999999999996,0.4068119519486421,422,0.5501857119776264
CAND_02238,35.32,0.3247899612909556,423,0.5501675005908425
CAND_04264,65.96,0.42076713824388084,424,0.5497157677258789
CAND_04629,61.18,0.4037868379785182,425,0.5495584645590925
CAND_00250,43.46,0.3480226898752849,426,0.5494786232493478
CAND_04153,15.840000000000002,0.24946450665650624,427,0.549285257186573
CAND_01975,21.86,0.277706202554788,428,0.5489166136925931
CAND_01992,50.72,0.3715529208431726,429,0.5484479399044437
CAND_04785,75.12,0.4585739329319817,430,0.5484078489112812
CAND_03129,22.939999999999998,0.2822647400910453,431,0.5482352997145354
CAND_04317,99.2,0.7344320874142086,432,0.5482254217255529
CAND_04218,48.36,0.36399754196085665,433,0.5479438706321884
CAND_01822,62.5,0.40911015429325504,434,0.5479368267214504
CAND_00228,20.68,0.27302230748378786,435,0.5478353860382053
CAND_01571,13.059999999999999,0.2364509627425514,436,0.5478254494546161
CAND_04102,40.160000000000004,0.3388087164398805,437,0.5477577304314215
CAND_02602,33.32,0.31866446721442976,438,0.5476651447045561
CAND_00909,25.540000000000003,0.2929296278414958,439,0.5476143003196259
CAND_00172,91.4,0.5584817343742596,440,0.5475568968357777
CAND_03566,51.25999999999999,0.3732500146794028,441,0.5474273896566577
CAND_03033,87.88,0.5273010482685525,442,0.5473166916485466
CAND_00338,15.64,0.24829426418173325,443,0.5472693134322795
CAND_03737,95.46,0.6117245082603573,444,0.5471716999888487
CAND_02822,44.96,0.35298849642183233,445,0.5470247667441739
CAND_01480,29.84,0.30737821214281286,446,0.5469417907886717
CAND_03084,62.2,0.407753621017437,447,0.5464760228933918
CAND_04599,76.18,0.46308675246803205,448,0.5464559457127193
CAND_00312,2.36,0.12895664762992756,449,0.546235688147455
CAND_02735,8.32,0.20620946094209616,450,0.5461178742519834
CAND_02646,2.76,0.13689702091793438,451,0.5459862795389797
CAND_02488,87.0,0.5212144199994286,452,0.5459521057561598
CAND_04226,18.240000000000002,0.26083469005786625,453,0.5458657591274205
CAND_02320,20.0,0.2705839018955459,454,0.5458270663175473
CAND_04313,51.72,0.374161692892522,455,0.5457867764573376
CAND_00826,71.52,0.44143037873588975,456,0.5455812781697692
CAND_02943,75.84,0.4618078855631044,457,0.545273698061626
CAND_00364,64.32,0.41540617799204765,458,0.5451925893021354
CAND_03899,78.58000000000001,0.4743683355686593,459,0.5451830161713105
CAND_00335,79.10000000000001,0.47623354174846577,460,0.5451359476592608
CAND_04647,85.3,0.509946836920787,461,0.5449867151530298
CAND_00853,85.04,0.508728727149597,462,0.5449219136337133
CAND_04336,62.160000000000004,0.40765553409431127,463,0.5448699383835168
CAND_00562,10.86,0.2231904593667116,464,0.5447603784942461
CAND_02091,95.6,0.614354318600316,465,0.5447259211971521
CAND_04241,74.68,0.4561717080905834,466,0.5446154136725176
CAND_01948,28.32,0.30332654304397305,467,0.5444185081129772
CAND_04605,71.04,0.4398220794030013,468,0.5443367799152828
CAND_01328,36.02,0.32680339075682074,469,0.5443215490306851
CAND_00445,15.920000000000002,0.2499008109397118,470,0.5443011594884357
CAND_04215,5.54,0.1769646337680816,471,0.5442125715061308
CAND_01602,5.82,0.18062520349187408,472,0.5441921479341278
CAND_03134,72.34,0.44532774452784646,473,0.544070663611747
CAND_03120,95.16,0.6059497064714392,474,0.5439785592126343
CAND_01980,85.11999999999999,0.5088327703670675,475,0.543887958628531
CAND_03846,3.6799999999999997,0.15333958178512838,476,0.5436735857166719
CAND_01205,56.120000000000005,0.3875594677184012,477,0.5436355023093924
CAND_01606,27.26,0.2988426385331803,478,0.5432689178701665
CAND_04390,46.12,0.35659869059849597,479,0.5430706451541081
CAND_02829,59.68,0.3993080722525401,480,0.5429624123623162
CAND_02374,97.3,0.6539976046450748,481,0.5428218953807254
CAND_01664,1.1199999999999999,0.09668861819016272,482,0.5428091200953253
CAND_04897,32.46,0.31525343424572794,483,0.542582401726833
CAND_01843,24.7,0.28938596137388745,484,0.5425436815604363
CAND_03617,88.56,0.5312323426865806,485,0.542539225516522
CAND_00158,65.03999999999999,0.417923050483218,486,0.5424972827336829
CAND_03828,24.060000000000002,0.28664650337454917,487,0.5424478873811942
CAND_01330,24.48,0.28817340121962115,488,0.5423916634293446
CAND_00596,55.58,0.3858862703932063,489,0.5423289800759934
CAND_03938,49.519999999999996,0.3672164862502654,490,0.5421548290432734
CAND_04459,24.04,0.28663022790498166,491,0.5421207981696353
CAND_04672,4.72,0.16588394567170064,492,0.5421049457954199
CAND_02353,29.759999999999998,0.30721694832220964,493,0.5420271386473315
CAND_03996,93.10000000000001,0.5761070031474603,494,0.5419018168084843
CAND_04889,32.64,0.3158849727957855,495,0.5418977768350505
CAND_02652,6.16,0.1834062706710741,496,0.5418673561669356
CAND_04854,49.08,0.36613824561352176,497,0.5417345684471518
CAND_04379,8.540000000000001,0.207717658207307,498,0.5416428616241116
CAND_04261,71.1,0.4400063572808873,499,0.5415583290665287
CAND_02346,46.68,0.3588563096401858,500,0.5415437684436775
CAND_01118,97.56,0.6573428657343284,501,0.5415374985251543
CAND_01040,17.76,0.25928662066399216,502,0.5414626056734146
CAND_03533,2.3800000000000003,0.130104087982592,503,0.5413920397689286
CAND_00160,73.24000000000001,0.4491185218564436,504,0.5412184994634403
CAND_04965,66.16,0.4214393418642941,505,0.5411732683289066
CAND_03430,71.58,0.4420979163695333,506,0.5409247010144606
CAND_02632,60.760000000000005,0.4024699500786519,507,0.5408079606156723
CAND_01831,70.16,0.4362838666946368,508,0.5406291729053179
CAND_03854,75.94,0.4623655456281312,509,0.5405417063717914
CAND_02579,30.34,0.3090705552400341,510,0.5404965017476586
CAND_04817,17.9,0.2596199877072565,511,0.5403608798711961
CAND_04170,80.64,0.4838969503960458,512,0.540225773561781
CAND_03876,55.54,0.38573036492761104,513,0.5402220088108253
CAND_02722,90.82000000000001,0.5524206021898456,514,0.5401947097733374
CAND_03455,99.62,0.7913572639537771,515,0.5401676517279075
CAND_00799,36.16,0.32712316933782387,516,0.539614762873111
CAND_04447,29.82,0.3073168165645489,517,0.5395289224197131
CAND_01621,76.52,0.46422399566643696,518,0.5395235689869302
CAND_00821,65.28,0.41918073975366965,519,0.5394796190110739
CAND_01631,47.08,0.3600671426645615,520,0.5393048763224224
CAND_00128,67.9,0.42734358365690533,521,0.539281430184763
CAND_03807,23.28,0.2834249442857609,522,0.5391447564925054
CAND_02149,2.3,0.1272605734798605,523,0.5391028788760318
CAND_02991,59.84,0.3996080784332854,524,0.5390719141026473
CAND_03968,65.75999999999999,0.4201410193606486,525,0.5389233920699827
CAND_04818,37.3,0.3301406429364724,526,0.5387796281476147
CAND_04907,96.86,0.6402957717157866,527,0.538651370434966
CAND_01563,23.400000000000002,0.2838972734267562,528,0.5384095624177608
CAND_04713,97.94,0.6701076737541755,529,0.538356028853669
CAND_01375,34.06,0.32132371970767604,530,0.5383039844471462
CAND_04495,14.180000000000001,0.24226716941398266,531,0.5382448155706157
CAND_00058,88.7,0.5325369006973178,532,0.5382162634842933
CAND_01936,9.76,0.21693508511438656,533,0.5381820499821459
CAND_03689,96.67999999999999,0.635570807144053,534,0.5381203517859754
CAND_03923,60.3,0.40121745392033265,535,0.5380209405408172
CAND_01014,38.4,0.3335063085405507,536,0.5379757273751337
CAND_04843,98.74000000000001,0.6995485393925626,537,0.5379509681598502
CAND_02630,86.04,0.5146181979494425,538,0.5378763821040992
CAND_01728,51.32,0.37329250449873247,539,0.5375918343205472
CAND_01084,47.44,0.360878049438733,540,0.5375837479739585
CAND_04602,73.2,0.4490414023594743,541,0.5375742222483286
CAND_02858,81.44,0.4876304855670245,542,0.5375060173437325
CAND_02034,51.18000000000001,0.3730188844601575,543,0.5372536601432605
CAND_02956,68.7,0.4300941634332319,544,0.5372448884404375
CAND_00755,95.76,0.6167809558058,545,0.5372173331991943
CAND_00827,48.199999999999996,0.3637351634762532,546,0.5369991510940207
CAND_01285,31.56,0.3130785301714121,547,0.5369188300030964
CAND_04998,98.56,0.691951553900413,548,0.5369029976979909
CAND_00286,12.740000000000002,0.2343370401083326,549,0.5366364400674122
CAND_01751,40.18,0.3388232710861224,550,0.5366231046465324
CAND_04989,45.58,0.3545320042519459,551,0.536619421002376
CAND_02539,44.18,0.3507209057900008,552,0.5363119340497339
CAND_04505,59.760000000000005,0.39955439044331825,553,0.5362276842261845
CAND_03330,88.02,0.5278908731756171,554,0.5362156773670099
CAND_01410,62.22,0.4077933441961738,555,0.5361334627159615
CAND_01702,68.8,0.43032868923822704,556,0.5360846809777946
CAND_02811,93.16,0.5766330013585145,557,0.5358678828224213
CAND_03307,19.400000000000002,0.26793005901502387,558,0.5357738781714185
CAND_01785,64.28,0.4152906368773798,559,0.5356450933536683
CAND_03090,93.26,0.5773336633673122,560,0.5354090256034683
CAND_03827,83.32000000000001,0.4990752656671472,561,0.5353933061687945
CAND_03851,51.080000000000005,0.37282534834793263,562,0.5353277921378239
CAND_03681,38.54,0.33382879797353504,563,0.5350834346679233
CAND_01888,91.92,0.5638232238400032,564,0.5350779864952169
CAND_01441,66.92,0.42360469912795645,565,0.5350522955015725
CAND_00745,42.74,0.3462020146590925,566,0.5349289657902734
CAND_04441,21.98,0.2783594450643029,567,0.5349167403888062
CAND_04688,94.08,0.5873029953823217,568,0.534756075025066
CAND_00731,38.74,0.33449880616310446,569,0.5347191362963998
CAND_00727,33.26,0.3181883652137103,570,0.5347163118780527
CAND_04766,87.46000000000001,0.5242470559239816,571,0.5346838213639333
CAND_03230,61.58,0.405174041476984,572,0.5345520323274753
CAND_00514,85.42,0.5103954989838969,573,0.5342488380274337
CAND_02587,30.64,0.31033187892174163,574,0.5339887913720777
CAND_01242,54.6,0.3838380830364248,575,0.5338038024677424
CAND_01753,44.879999999999995,0.35249478659629613,576,0.5337164873789981
CAND_03227,59.160000000000004,0.3979513680690605,577,0.5335791731525241
CAND_00386,35.0,0.32405958130768947,578,0.5335189733927445
CAND_04147,14.84,0.24439619658393258,579,0.5333137358229129
CAND_04966,30.18,0.3084641399444557,580,0.5333050164673366
CAND_02292,66.22,0.4216929127163149,581,0.5332021284724637
CAND_01969,56.46,0.38853292303397646,582,0.5331890924495717
CAND_02206,12.620000000000001,0.23401607680752026,583,0.5330692588284274
CAND_01851,80.94,0.4850462874840647,584,0.5330532001975925
CAND_03015,55.02,0.38463700048313904,585,0.5330227585378372
CAND_03701,1.8599999999999999,0.11787042667015038,586,0.5329820744332279
CAND_02268,69.58,0.43367580247877174,587,0.5328298144700536
CAND_02678,43.78,0.3494053551313688,588,0.5327664758759642
CAND_00886,37.28,0.3300075955579927,589,0.5326652390740185
CAND_02526,80.30000000000001,0.48244483961214846,590,0.5325258173843794
CAND_00508,58.660000000000004,0.39646331737608886,591,0.5325210542357326
CAND_01352,81.06,0.48620948613073284,592,0.5325086872760398
CAND_04091,66.14,0.4212730104661943,593,0.5324699377319102
CAND_03171,63.92,0.4139110742894875,594,0.5324101588477732
CAND_01755,46.62,0.358670379008289,595,0.5323501743227556
CAND_04413,62.94,0.4106935759161841,596,0.532062163126936
CAND_01089,10.24,0.21962586706924592,597,0.5320106273443398
CAND_02709,25.580000000000002,0.2929874275964172,598,0.5314450407980473
CAND_00422,69.19999999999999,0.4320205127709331,599,0.5314114378265415
CAND_02793,69.46,0.43317078920548224,600,0.5313562340091977
CAND_03041,69.89999999999999,0.4351310363340701,601,0.5313441756484201
CAND_03260,14.540000000000001,0.2435425448106234,602,0.5313329614291712
CAND_00884,34.22,0.3220216907635939,603,0.5312893249048484
CAND_03933,31.480000000000004,0.312836285670738,604,0.5310820138160419
CAND_01636,23.1,0.2827597238569483,605,0.530996900860815
CAND_00954,7.88,0.203156661186914,606,0.5309934184300275
CAND_00927,38.14,0.33282167828542836,607,0.5309629492073871
CAND_01693,87.98,0.5277231524008469,608,0.530856051412071
CAND_03582,99.3,0.7439740643990354,609,0.5307980179883431
CAND_00548,36.919999999999995,0.3292221929119124,610,0.5307956015315562
CAND_04020,30.36,0.3091607009199179,611,0.5306693949938736
CAND_00866,5.92,0.18102576520564606,612,0.5306660000007448
CAND_03911,22.7,0.2813912212804363,613,0.530553034109777
CAND_03852,98.82,0.7013712022900286,614,0.530517805369198
CAND_04901,35.54,0.3254814249490302,615,0.5304633303817167
CAND_02838,88.18,0.5287946494389694,616,0.5303720086948714
CAND_03959,47.38,0.3607336606469208,617,0.5303595767374139
CAND_00395,0.5,0.07132995988546245,618,0.530056891169532
CAND_00914,7.1,0.19542346516604692,619,0.53003186217881
CAND_02868,29.7,0.3069058537379479,620,0.5298877383478828
CAND_03048,29.720000000000002,0.30698117291866556,621,0.5297451846029003
CAND_01721,51.22,0.3731073744270831,622,0.5297172461037396
CAND_04402,99.52,0.7735583977964816,623,0.5296019307880555
CAND_00549,55.059999999999995,0.3846698525795963,624,0.5292280324969064
CAND_03692,53.54,0.38051123263229886,625,0.5291441939847821
CAND_02974,38.279999999999994,0.33324110676252994,626,0.5290702697085232
CAND_03467,22.32,0.2798917182971095,627,0.5289354586779006
CAND_00780,92.44,0.5680890873464604,628,0.5288927135024508
CAND_01035,34.760000000000005,0.3233827443511651,629,0.528761122529904
CAND_04234,59.18,0.3980015503701713,630,0.5286397452666943
CAND_00327,20.419999999999998,0.2726061193439328,631,0.5284320462401848
CAND_02329,46.56,0.35860083598479786,632,0.5283687014361748
CAND_03664,93.89999999999999,0.5852380327293444,633,0.5283530153669657
CAND_04023,72.22,0.4447054811140114,634,0.5283418291128673
CAND_03140,67.84,0.4269295704771033,635,0.5282277899958812
CAND_03207,40.44,0.3395858498312244,636,0.5281493532389347
CAND_04036,34.04,0.32127810955970987,637,0.528002538478951
CAND_03479,46.52,0.35850379153024303,638,0.5279362860798145
CAND_00346,77.66,0.46868926533075117,639,0.5278753213208793
CAND_00538,82.78,0.4944907230697174,640,0.5277944644861025
CAND_00274,28.1,0.30277470054924077,641,0.5277622209916333
CAND_03249,49.94,0.3690041983687623,642,0.5276446579141184
CAND_00606,79.7,0.4793323123416689,643,0.5276152817831528
CAND_04936,27.800000000000004,0.30152816856679304,644,0.5275942730265528
CAND_03645,17.560000000000002,0.25846580497760935,645,0.5272304832552593
CAND_03476,22.5,0.2805529518794151,646,0.5271761812471611
CAND_00996,23.46,0.2842326632013559,647,0.527141590479233
CAND_01174,16.0,0.2505705889006307,648,0.527058690686648
CAND_03356,93.82000000000001,0.5838461098984252,649,0.5270052101875622
CAND_01654,68.34,0.4283071439225391,650,0.5269433732103028
CAND_03941,89.66,0.5411612398851863,651,0.5267731398083143
CAND_00213,13.26,0.23714446579667545,652,0.5267458163487622
CAND_01732,61.72,0.40584169094459527,653,0.526626291026594
CAND_03914,60.58,0.4020339790649815,654,0.5263371848821494
CAND_03630,46.22,0.3570722809021031,655,0.5263123700037871
CAND_04924,25.14,0.29109386321341435,656,0.5260437810259418
CAND_00080,92.67999999999999,0.5715592799458272,657,0.5260226151884555
CAND_04411,2.54,0.13399540021939568,658,0.5259944148065534
CAND_01363,72.76,0.44731052739412397,659,0.5258228150250647
CAND_01839,71.74000000000001,0.44330882800800686,660,0.5257211475680789
CAND_01364,14.32,0.2426904555328629,661,0.5255142908545002
CAND_00929,85.7,0.5126915373570446,662,0.5253843429144878
CAND_03136,94.86,0.6007132150109908,663,0.525251465678647
CAND_01284,29.26,0.3059090428776637,664,0.5251721802451923
CAND_03572,65.72,0.42010231501114503,665,0.5250682547158187
CAND_02202,69.02000000000001,0.4310636358555741,666,0.525066528964191
CAND_00834,14.299999999999999,0.2425473124107793,667,0.5250654251269228
CAND_03836,91.58,0.5599624451117211,668,0.5249183912260807
CAND_01962,4.7,0.16541060999652255,669,0.5249176605352194
CAND_02963,36.9,0.32906546724753105,670,0.5249103119348656
CAND_02468,63.12,0.41125626979287677,671,0.5248544793547396
CAND_04900,99.86,0.8508298043546263,672,0.5248210968954446
CAND_02356,36.76,0.32870818033847465,673,0.5247811586045201
CAND_03889,89.58,0.5408737458644362,674,0.5245582184594062
CAND_02658,17.88,0.2596033329062874,675,0.5245368844354605
CAND_02118,54.300000000000004,0.38269117355666327,676,0.5243647529392023
CAND_00891,94.5,0.5951327994524158,677,0.5240295901353885
CAND_00856,44.98,0.3530603497509075,678,0.5239633343860701
CAND_03715,27.76,0.3012037471165214,679,0.5239615340378695
CAND_01007,65.62,0.4198763399819743,680,0.5239204483312948
CAND_01279,70.42,0.4373268477931983,681,0.5239071185544554
CAND_04304,94.12,0.5889006604729468,682,0.5238946798017545
CAND_00456,31.080000000000002,0.3119102832622992,683,0.5237630846027032
CAND_01339,82.12,0.49091200782855493,684,0.5237070516542184
CAND_04522,4.14,0.15875578461134504,685,0.5236799590828685
CAND_03877,27.060000000000002,0.29832209793600084,686,0.5235566560754441
CAND_01722,36.720000000000006,0.3286759745527704,687,0.5233609422116541
CAND_04608,42.120000000000005,0.3444908950885627,688,0.5230696813873817
CAND_02576,96.24000000000001,0.62624184835967,689,0.5228194309838248
CAND_01139,14.000000000000002,0.24140563692385233,690,0.5226044378046788
CAND_01941,76.6,0.4645041925424137,691,0.5224838042827158
CAND_02881,87.53999999999999,0.5246338749259857,692,0.5224719022349088
CAND_00261,13.819999999999999,0.24042284969427882,693,0.5222612179270786
CAND_03314,21.36,0.27558264985320413,694,0.5222249573035523
CAND_02289,55.84,0.3868239979160302,695,0.5219572083951758
CAND_01077,77.14,0.4665824219387084,696,0.5218989592358445
CAND_01438,41.660000000000004,0.3431160480870907,697,0.5218830596528625
CAND_03002,23.32,0.2835923390801614,698,0.5218552111867465
CAND_02833,78.2,0.47196601017552986,699,0.5218308069183266
CAND_00324,39.86,0.3380050994715873,700,0.5217972146564633
CAND_03018,3.34,0.14741614115839854,701,0.5217773577451315
CAND_04184,95.66,0.6146939949741093,702,0.5216729550898487
CAND_00077,37.82,0.3313989719150949,703,0.5215989211459697
CAND_00420,16.54,0.25347275738945285,704,0.5215960094516983
CAND_04204,12.7,0.23417895541921027,705,0.521524902321571
CAND_03839,14.26,0.24240874889166975,706,0.5213257515174357
CAND_00769,10.459999999999999,0.22056012127056798,707,0.5212810421085892
CAND_00511,9.98,0.21817618521527485,708,0.5212654050592919
CAND_04632,45.660000000000004,0.3547146567325821,709,0.5211619816646345
CAND_02817,40.22,0.33895607936994593,710,0.5211330204890285
CAND_01201,22.900000000000002,0.28207579651751574,711,0.521083824715174
CAND_00724,95.26,0.6071937142825394,712,0.5210249992902226
CAND_02699,3.0,0.14265224565490908,713,0.5210222637100075
CAND_02865,86.72,0.5197267873207949,714,0.5209881123294288
CAND_02812,3.36,0.14802497625814082,715,0.5209133631656804
CAND_04031,41.5,0.34248111259768116,716,0.5208553634844828
CAND_02461,63.42,0.4119874589905894,717,0.5206244774234572
CAND_04181,41.82,0.34366783567790754,718,0.5205422363167543
CAND_03405,97.42,0.6555992208134792,719,0.5203508201667308
CAND_04594,98.68,0.6974119571831854,720,0.5202687127169469
CAND_02284,94.32000000000001,0.5906213097753722,721,0.5202372753393771
CAND_01508,89.4,0.538919405158718,722,0.5202368043929579
CAND_01050,94.58,0.5968955316357193,723,0.5201685548178219
CAND_01254,53.94,0.3813077002133975,724,0.5200879619689878
CAND_03237,97.44,0.6559289757907627,725,0.5200876352430204
CAND_01988,27.939999999999998,0.30190552356825684,726,0.5200637923803055
CAND_01210,20.78,0.2732292490562461,727,0.5199577907414368
CAND_02901,14.82,0.24426221278041912,728,0.5196441089339398
CAND_02263,41.52,0.34267979351933253,729,0.5195937706619971
CAND_04487,46.02,0.3564175904988914,730,0.5195675691531604
CAND_01680,81.36,0.48748838790091215,731,0.5195384977515616
CAND_00677,63.63999999999999,0.4128358547346791,732,0.5193184487873583
CAND_04231,18.5,0.2621441781068376,733,0.5192473814224325
CAND_04557,16.939999999999998,0.25622191816971807,734,0.5191266853035597
CAND_03978,11.600000000000001,0.22736450777065287,735,0.5188800274068162
CAND_00591,94.98,0.6025332194790575,736,0.5188574207510604
CAND_01729,80.7,0.48412984131895315,737,0.5188115388835898
CAND_02392,90.32,0.5480334978539034,738,0.5187400945957149
CAND_02283,84.28,0.5036796009375747,739,0.5185843978937279
CAND_04034,68.56,0.42928928489225127,740,0.5184944698223694
CAND_04718,83.58,0.5001018398317607,741,0.5183297908733842
CAND_04299,18.52,0.2623268802228422,742,0.5182687129250482
CAND_04636,23.48,0.2842617406910352,743,0.518223054134451
CAND_03576,10.54,0.22076909528789257,744,0.5180392284105004
CAND_04673,75.9,0.46226989929704404,745,0.5179947813181119
CAND_03086,52.12,0.37545165629764965,746,0.5178840725565763
CAND_00676,64.08,0.4145404779824307,747,0.5178411228067632
CAND_04308,61.160000000000004,0.40377559630851495,748,0.517770369029909
CAND_01529,84.44,0.5050926176451566,749,0.5175611462558939
CAND_04784,31.619999999999997,0.3131889714428999,750,0.5175215545779505
CAND_00781,26.8,0.2976591057336119,751,0.5172924862323123
CAND_03155,81.66,0.48839422162159274,752,0.5171931737296203
CAND_03900,65.2,0.4189098079732665,753,0.5170539499531124
CAND_01487,24.26,0.2873867218196589,754,0.5168312845826558
CAND_02095,54.66,0.38390228053058945,755,0.5165749970289537
CAND_03712,39.78,0.3377255766408544,756,0.5165238062712499
CAND_03196,45.98,0.3561935216120978,757,0.51644274525344
CAND_01819,22.88,0.2818377608909659,758,0.5162927371230676
CAND_01924,59.519999999999996,0.3990281869634919,759,0.5162641452574246
CAND_02948,49.46,0.3670752935932195,760,0.5161604572522562
CAND_03848,68.66,0.4296649199306462,761,0.5161447687698749
CAND_01303,87.78,0.5265317492705157,762,0.5161430325817976
CAND_02323,47.94,0.36275212112338057,763,0.5160722039529579
CAND_01422,59.21999999999999,0.39809500970686146,764,0.5159344950324688
CAND_03517,45.879999999999995,0.3555038488204121,765,0.5159137143574383
CAND_00020,64.62,0.4168161394609995,766,0.5158939431577136
CAND_02590,60.940000000000005,0.40316926046962787,767,0.5158434262661739
CAND_04933,50.32,0.3700342450450035,768,0.5156733149837183
CAND_03204,16.04,0.2507284784345741,769,0.5155980803580598
CAND_00883,18.060000000000002,0.2602320180525998,770,0.5154951984279427
CAND_04619,62.6,0.4092731312780595,771,0.5154067513931322
CAND_00198,49.54,0.36727902298642323,772,0.5153752901856447
CAND_03135,41.38,0.3421481445251221,773,0.5152525030289052
CAND_03483,15.959999999999999,0.25016914691435455,774,0.5151648251652421
CAND_04535,56.66,0.3889636904669692,775,0.515163580860232
CAND_04479,51.04,0.3727755784835204,776,0.5151558834110576
CAND_02657,53.800000000000004,0.3809774994759271,777,0.5149810031031076
CAND_04490,64.58,0.4166918641656403,778,0.5148446097881071
CAND_01585,88.68,0.5323978534600917,779,0.5147402404352507
CAND_02350,82.96,0.49547315330884567,780,0.5147385860874003
CAND_03698,86.66,0.5195549278671614,781,0.5145468096133683
CAND_00656,79.96,0.48056153293273884,782,0.5145255549135804
CAND_00073,50.739999999999995,0.3715913640038086,783,0.5144834144771506
CAND_04905,75.86,0.46194698244030624,784,0.5143357941736679
CAND_03381,82.6,0.494090362513529,785,0.5141353316653018
CAND_00311,45.26,0.3537309142618373,786,0.5136727382281402
CAND_01409,39.22,0.3359488338300197,787,0.5136082842316073
CAND_01097,34.64,0.32322330620890094,788,0.5133312592783694
CAND_00957,82.19999999999999,0.4914597873466077,789,0.5132310922091884
CAND_04828,62.580000000000005,0.4092294557437317,790,0.513117110610465
CAND_01965,26.08,0.2950450828279657,791,0.5129883706022988
CAND_03416,81.52000000000001,0.4877899520007067,792,0.512721951603738
CAND_00586,62.56,0.409198252792452,793,0.5126362104530171
CAND_02517,100.0,1.0,794,0.512622625611035
CAND_01628,11.4,0.22648120910264777,795,0.51244829581723
CAND_01273,80.0,0.48100664896178313,796,0.5123984935319189
CAND_03650,14.940000000000001,0.24496872011785928,797,0.5123888338895568
CAND_03558,24.759999999999998,0.28957685790012355,798,0.512128981882745
CAND_01993,36.4,0.32786165954296786,799,0.5120887044450833
CAND_00963,92.12,0.5657769099095651,800,0.5120784354866854
CAND_01426,67.42,0.425268528731179,801,0.5119351814291991
CAND_00461,5.220000000000001,0.17268196288093257,802,0.5117993311822453
CAND_00483,67.5,0.425684893263735,803,0.5117782954660659
CAND_00317,49.419999999999995,0.3670709415843006,804,0.511773276407767
CAND_00699,34.54,0.3229457278848909,805,0.5116936830917762
CAND_00491,48.8,0.3653312429172541,806,0.5116620608015416
CAND_04893,61.0,0.4033356207121035,807,0.511649276958998
CAND_02695,83.91999999999999,0.5026681993494774,808,0.5113650912757335
CAND_03367,44.14,0.3504360677974735,809,0.5112542700752618
CAND_04272,29.24,0.3059032086299929,810,0.5111359405372401
CAND_04838,62.28,0.40784958413356803,811,0.5110626161996694
CAND_00948,77.78,0.4695318130130694,812,0.5108803360532359
CAND_03592,49.58,0.36736069736695853,813,0.510848937613531
CAND_01011,78.03999999999999,0.4705574539604671,814,0.5107033853938094
CAND_02774,79.42,0.47783806830857123,815,0.5106680047609069
CAND_02032,42.58,0.34591101812128455,816,0.5105266093382856
CAND_04397,46.98,0.35963936657705436,817,0.5104647313455849
CAND_03411,25.080000000000002,0.2909840728920602,818,0.5102627737271862
CAND_03463,87.48,0.5243123145427618,819,0.5102146534109347
CAND_02789,56.379999999999995,0.3883699434508643,820,0.5101865343386933
CAND_03340,17.72,0.25909513011936924,821,0.5100713547342812
CAND_00343,22.3,0.279870058402665,822,0.5100690796640425
CAND_02108,76.16000000000001,0.4630655973925671,823,0.5100214471626604
CAND_01250,21.740000000000002,0.2770877626567216,824,0.509858423395319
CAND_01170,98.38,0.6862187742423445,825,0.5097877814997217
CAND_02250,7.42,0.19928576891925603,826,0.5097697559391662
CAND_03334,99.94,0.8944561431654401,827,0.5097358690883469
CAND_01045,69.72,0.4343000738149493,828,0.5096708537156727
CAND_04743,82.86,0.4947523473648873,829,0.509659295871175
CAND_03962,70.78,0.4388432516691404,830,0.5096356127110169
CAND_01243,40.96,0.3410527639859242,831,0.5095305895980173
CAND_03138,11.24,0.22577906475142515,832,0.509528888514962
CAND_01291,92.92,0.5752160782444261,833,0.5093504951997055
CAND_01689,83.17999999999999,0.4972988661187647,834,0.5089978036360836
CAND_01008,9.54,0.21508116974434896,835,0.5089138060505213
CAND_02794,59.8,0.39957814916737955,836,0.5088945656374755
CAND_04430,35.38,0.3249808753644249,837,0.5088699787321442
CAND_01056,34.839999999999996,0.3236450235439733,838,0.5088335323601509
CAND_04083,96.2,0.6254784368545154,839,0.5087981138938106
CAND_01777,67.46,0.42565500201638057,840,0.5087627171991567
CAND_01562,69.24,0.43225796032766006,841,0.5087354218205722
CAND_03044,91.64,0.5608097586111195,842,0.5087209165807856
CAND_02359,96.61999999999999,0.6334743628610463,843,0.5086071570479662
CAND_00961,57.220000000000006,0.39119702827264485,844,0.5085456122180708
CAND_02455,90.0,0.5440540575874955,845,0.5085289241200559
CAND_02748,99.83999999999999,0.8494148405252903,846,0.5081101740244887
CAND_00052,50.760000000000005,0.37166435766415273,847,0.5080744659801156
CAND_00708,31.119999999999997,0.31208962560130116,848,0.5080114885956596
CAND_02920,59.540000000000006,0.3990481365407399,849,0.5079336536821571
CAND_00779,61.14000000000001,0.40370111087889254,850,0.5077938944446345
CAND_02694,22.6,0.28120416653960073,851,0.5077445416265679
CAND_04285,90.3,0.5477654419980282,852,0.5076518580235705
CAND_01723,36.74,0.32870701543255754,853,0.5075118331773898
CAND_00738,34.260000000000005,0.32211983620356205,854,0.5074027425091355
CAND_04574,39.48,0.33683080211225985,855,0.5072773244418322
CAND_01137,76.62,0.4645243810916988,856,0.5072600446255895
CAND_03404,65.66,0.4199846799878538,857,0.5071883299273718
CAND_03550,6.74,0.19142688815893785,858,0.507060649809605
CAND_04214,47.72,0.36212655234316327,859,0.507009134722648
CAND_00873,99.5,0.7732987875019476,860,0.507006295742412
CAND_00512,48.4,0.36424827344452027,861,0.5069720879375257
CAND_02994,76.03999999999999,0.462719901346826,862,0.5069579842555629
CAND_01019,99.82,0.8478554655117602,863,0.5068946557942429
CAND_04654,20.24,0.27189570554773085,864,0.50676352491672
CAND_00865,39.42,0.3366551506710943,865,0.5066075668697614
CAND_02954,83.6,0.5002796926437163,866,0.5065773672580484
CAND_02113,44.26,0.35090224299385103,867,0.5065091875491627
CAND_00662,59.64,0.3992403869100766,868,0.5064960957593645
CAND_00774,48.6,0.3645431277276798,869,0.5064506376419498
CAND_02437,28.4,0.30342237666080596,870,0.5062767707624969
CAND_03149,79.94,0.48054592647822647,871,0.5062690062121399
CAND_01834,32.66,0.31592434599228203,872,0.5061417677211594
CAND_04251,63.38,0.4119310497373434,873,0.506085507202487
CAND_01852,81.72,0.4884799147192551,874,0.5059929484101073
CAND_01576,58.52,0.3961566745537176,875,0.5059586370130555
CAND_01682,80.14,0.4817909594910179,876,0.5059510774046718
CAND_02246,72.06,0.44436809085476486,877,0.5059022413980501
CAND_04473,15.260000000000002,0.24682871213099802,878,0.505842925666706
CAND_02683,4.78,0.1668833275392993,879,0.5058350185822704
CAND_04368,69.98,0.4352536685465072,880,0.5057311604633165
CAND_02519,42.0,0.3442432238573261,881,0.5056647527256108
CAND_01512,52.2,0.3757451338707061,882,0.5055340287010788
CAND_04711,86.9,0.5205697811803961,883,0.5054753185150551
CAND_04514,25.36,0.2920504589283042,884,0.5054683047597227
CAND_03544,29.04,0.3051274504441858,885,0.5054400475374831
CAND_01514,16.580000000000002,0.254073671015974,886,0.5053335002126667
CAND_03660,85.6,0.5119953547303363,887,0.5052185100516732
CAND_00680,47.36,0.36066984760812487,888,0.5051894304572795
CAND_04132,79.28,0.47721375669543886,889,0.5051723932870049
CAND_04593,19.98,0.27057543987076976,890,0.5051448572844667
CAND_00323,93.94,0.5858530091421692,891,0.5051443502300043
CAND_03929,71.76,0.44344190460253824,892,0.5049829887048096
CAND_02442,15.379999999999999,0.24742807316489865,893,0.5049153058077813
CAND_03075,4.22,0.15935889598126465,894,0.504839343326658
CAND_00127,46.88,0.3594527680714112,895,0.5046380139599695
CAND_03985,21.62,0.2766606890293029,896,0.5046132344365875
CAND_01459,58.06,0.3940336598415976,897,0.504571525905452
CAND_00322,58.86,0.3968907885976012,898,0.5045236543253013
CAND_00293,14.219999999999999,0.24230078083661724,899,0.5045070523720541
CAND_03906,86.14,0.515311744314768,900,0.5043446333916017
CAND_01469,69.26,0.43230393010052665,901,0.5043441429686419
CAND_03399,30.259999999999998,0.3087146245043243,902,0.5041678868821098
CAND_03448,23.24,0.2833556253373131,903,0.5041577455572848
CAND_02845,41.14,0.34161977420065837,904,0.50403206170871
CAND_02596,75.03999999999999,0.45837935439541877,905,0.5039240175352756
CAND_00087,2.86,0.139495518404021,906,0.5038463790302516
CAND_02440,7.359999999999999,0.19880790564040413,907,0.5037398512881663
CAND_01140,96.74000000000001,0.6369632214584412,908,0.5036702267193003
CAND_01692,99.42,0.7574165539191645,909,0.5036672845717194
CAND_04053,3.8600000000000003,0.15432719236174036,910,0.5036123650086266
CAND_02692,76.84,0.46555078114255183,911,0.5036123345740239
CAND_02426,0.62,0.07793962941443304,912,0.5035690765420449
CAND_00313,73.82,0.45190064939950436,913,0.5035520143738237
CAND_01478,77.24,0.46691746502795917,914,0.5034782147938548
CAND_04820,34.62,0.32320281613704654,915,0.503296274583851
CAND_04572,30.5,0.30995783359952545,916,0.5032561212391448
CAND_03967,92.62,0.5708613509431332,917,0.5031899207389396
CAND_00122,37.56,0.33066768490305637,918,0.5030489462424679
CAND_03336,89.88000000000001,0.5430414595762344,919,0.5029538425126381
CAND_04206,17.919999999999998,0.2596764371361159,920,0.502906627960529
CAND_04240,99.88,0.8512715206646038,921,0.5023428052091645
CAND_04536,46.94,0.3595730633866192,922,0.5022868872872912
CAND_00284,23.16,0.2830969544610898,923,0.5022513637444989
CAND_01239,1.7999999999999998,0.11519763952478626,924,0.5021777313801115
CAND_02290,22.36,0.28005454089619025,925,0.5021561656688764
CAND_00621,52.28,0.37605142468708075,926,0.5020999420470253
CAND_01827,8.76,0.20931395657480314,927,0.5019063465003095
CAND_00489,54.96,0.38448669188242196,928,0.5018726576571532
CAND_01780,43.86,0.3495552091017121,929,0.5018270163719908
CAND_00741,74.98,0.45792092824827973,930,0.5017884634398335
CAND_02050,39.7,0.337352769535612,931,0.5016190776823546
CAND_02876,40.78,0.3407282704813917,932,0.501578237279538
CAND_00877,90.68,0.5513800990804307,933,0.5014562798103265
CAND_02342,93.78,0.5830171287159656,934,0.5013863241266305
CAND_00425,33.739999999999995,0.3204404239914845,935,0.5013445906546796
CAND_02796,95.14,0.6058080535853586,936,0.5012525350862953
CAND_03177,15.9,0.24971669346249267,937,0.5012222782893166
CAND_02940,81.14,0.48651808747891223,938,0.5010588780613336
CAND_03956,56.64,0.38896271488166767,939,0.5009803883322952
CAND_00608,54.900000000000006,0.38442187888656554,940,0.5008986183385198
CAND_03922,96.78,0.6372855507853502,941,0.5008862785514328
CAND_02656,65.10000000000001,0.4180415094395967,942,0.5008415040592418
CAND_01630,5.48,0.17651961540345298,943,0.5006960262913962
CAND_01964,81.04,0.4861239029269071,944,0.500674960641728
CAND_00249,49.6,0.36747573680464946,945,0.5006490554981589
CAND_03537,87.22,0.522932029781032,946,0.5004663312892486
CAND_01629,97.02,0.6473833030324004,947,0.5002994844353358
CAND_02229,73.8,0.45180537894531686,948,0.4999079836829077
CAND_03310,58.74,0.39664952981332213,949,0.4998881175415443
CAND_04328,82.82000000000001,0.4946656865581139,950,0.49984521248664854
CAND_02598,1.94,0.11853857866321768,951,0.49979194555964856
CAND_01395,83.5,0.49961259721561935,952,0.4997790680466361
CAND_03119,63.36000000000001,0.4118729064266711,953,0.49977123080298047
CAND_01771,29.54,0.3065957314331514,954,0.49976112131244005
CAND_04470,78.5,0.4737341421708981,955,0.4997469394225807
CAND_02999,80.60000000000001,0.4837434233200674,956,0.49963074237048943
CAND_01885,81.46,0.4877039584344734,957,0.4993958582376837
CAND_03823,27.48,0.29996903420461957,958,0.4992403183604254
CAND_02173,53.36,0.3801434873383326,959,0.4991191717339165
CAND_02759,61.3,0.40411771291810283,960,0.49908707122746043
CAND_00770,14.799999999999999,0.24415573856925224,961,0.499087025158262
CAND_00964,64.66,0.41684405768123994,962,0.49894832310631887
CAND_03039,26.340000000000003,0.29573808535108864,963,0.4988643934971105
CAND_01160,79.84,0.4799292932917286,964,0.4988439738737349
CAND_02169,39.64,0.33725317271604066,965,0.49880012870255896
CAND_04865,19.580000000000002,0.26876854085730784,966,0.49878992063875627
CAND_04263,11.42,0.22661532879857993,967,0.49877089571343736
CAND_04776,71.82,0.44354959755288287,968,0.4986136930218876
CAND_03958,99.92,0.8842986843133909,969,0.4985235006076829
CAND_04494,80.34,0.48263720890478684,970,0.49851356394545077
CAND_00655,19.74,0.2693345903276912,971,0.49848738706053497
CAND_02544,53.779999999999994,0.38097587363004404,972,0.49847283538661985
CAND_01898,3.04,0.14274669707743895,973,0.4983997511237723
CAND_00932,78.8,0.47520223063089806,974,0.4982432158150477
CAND_01374,17.96,0.25975948825153367,975,0.49823096061189387
CAND_02780,49.44,0.36707133255154745,976,0.4982122077962585
CAND_03019,81.22,0.48684331468887543,977,0.4981243195666262
CAND_00263,99.64,0.7961521789767386,978,0.4981159364896084
CAND_01004,57.720000000000006,0.3928547168864114,979,0.4980627641990388
CAND_03259,79.46,0.4782228403529227,980,0.49805827090596305
CAND_03178,71.41999999999999,0.44106772743188893,981,0.4980297121411649
CAND_02532,99.8,0.845538492108636,982,0.4980195563957764
CAND_04098,35.24,0.3246487153289356,983,0.4979299215963543
CAND_03825,1.24,0.09957967029253117,984,0.497805813843236
CAND_01854,77.98,0.47045489331271384,985,0.4977965350639617
CAND_02036,27.839999999999996,0.3016912480869653,986,0.4975362708339649
CAND_04613,68.42,0.42876352572240917,987,0.49751651306477046
CAND_00342,56.56,0.38880314751595396,988,0.4975102375583843
CAND_03287,65.46,0.41950421632805723,989,0.4975061523867613
CAND_04035,41.64,0.3431124185640591,990,0.49749051727930527
CAND_00443,16.3,0.25226157650822095,991,0.4973375573537311
CAND_03549,67.78,0.42665794962978465,992,0.49721074687514655
CAND_04228,83.26,0.4981908468149198,993,0.49717444422241963
CAND_00642,37.6,0.33073248655751636,994,0.497032295390985
CAND_03894,44.66,0.35192188259702095,995,0.4968418202985455
CAND_04252,68.22,0.4279975843331269,996,0.4967838758807728
CAND_04121,95.84,0.6184737785157471,997,0.49670108706206567
CAND_03010,99.96000000000001,0.91167219928071,998,0.4965561523883231
CAND_03470,95.08,0.6046443999682954,999,0.4962903041614217
CAND_04926,94.76,0.5994230367759308,1000,0.49623696816731633
CAND_02419,7.46,0.1998619487472508,1001,0.49604399053705767
CAND_00471,73.0,0.4483480951938784,1002,0.4959899342094261
CAND_04853,73.88,0.4523494910471852,1003,0.4959811751142533
CAND_01505,70.36,0.4371675110215658,1004,0.4958400938028965
CAND_04033,44.62,0.351881762222782,1005,0.49577787885817726
CAND_00530,79.72,0.47941028646437406,1006,0.4957476268974245
CAND_01708,28.22,0.30300110109380785,1007,0.49569240569897827
CAND_04804,54.059999999999995,0.3816077968538123,1008,0.49566356373065357
CAND_03901,15.36,0.2473980531060913,1009,0.4956451120414943
CAND_02325,96.8,0.6393345075900249,1010,0.49562944557461264
CAND_03787,60.980000000000004,0.4032112294934998,1011,0.4954805779134503
CAND_00542,22.18,0.27953776814953424,1012,0.49533324193720496
CAND_01779,9.959999999999999,0.21804309672544891,1013,0.49531658067627016
CAND_00871,62.18,0.4077382674367164,1014,0.49531487540829255
CAND_00336,30.880000000000003,0.3111618277405308,1015,0.4952186541981116
CAND_01074,76.48,0.4641599702793205,1016,0.49511589094061276
CAND_00258,35.620000000000005,0.32577451371599425,1017,0.49509029543016503
CAND_01907,38.06,0.33244659728284276,1018,0.4950019690209503
CAND_00007,44.36,0.35105554766135616,1019,0.4949571069094402
CAND_00525,24.66,0.2892224581697103,1020,0.49493917372247814
CAND_03098,58.28,0.3947771148870534,1021,0.49489322373841493
CAND_01043,36.620000000000005,0.3282595815935127,1022,0.49489050911876653
CAND_04198,76.8,0.4652938880958173,1023,0.49488686477616783
CAND_03747,36.52,0.3279896130580097,1024,0.49488544504832555
CAND_02379,7.32,0.19775967118620838,1025,0.49475465242175864
CAND_03745,47.599999999999994,0.36147206368142587,1026,0.4947429938972209
CAND_04791,37.66,0.33100838767168284,1027,0.4946803603691392
CAND_00163,60.9,0.4029816157637399,1028,0.4945487422329399
CAND_00924,57.3,0.3916537422823148,1029,0.4945248160021922
CAND_01075,33.28,0.31839175372426626,1030,0.4944164640755296
CAND_00681,52.72,0.37804583191445446,1031,0.49440520110339137
CAND_02130,68.52000000000001,0.42914440595931863,1032,0.4943800359362328
CAND_03127,91.28,0.5564204615464754,1033,0.49437888044651956
CAND_04934,51.5,0.37367817525237373,1034,0.49436584056788424
CAND_01361,27.08,0.2984198040593864,1035,0.4943151909245813
CAND_03785,18.740000000000002,0.26414059158770764,1036,0.4942156659736957
CAND_00697,39.839999999999996,0.3377971014539695,1037,0.4940935283601846
CAND_01010,67.30000000000001,0.4247356246041332,1038,0.49404569284659194
CAND_04735,63.260000000000005,0.41161521559474606,1039,0.49403990593868413
CAND_04512,65.44,0.41947900822620554,1040,0.49395575563229643
CAND_04509,11.04,0.22411666363360802,1041,0.49374364700373363
CAND_00035,20.46,0.27263516094319185,1042,0.49373735842829314
CAND_04624,96.56,0.632661302351056,1043,0.4936878153804702
CAND_00719,12.72,0.23427605823948422,1044,0.49366520317240875
CAND_01380,57.120000000000005,0.39089487958847385,1045,0.4936229616289941
CAND_01425,70.67999999999999,0.4382639312076795,1046,0.4936067146819744
CAND_04666,52.1,0.375326612646873,1047,0.49352057426117746
CAND_02883,60.08,0.4005856827280472,1048,0.4934701239017715
CAND_03096,45.540000000000006,0.3544839014648107,1049,0.4934247694119958
CAND_01385,87.96000000000001,0.5276893118545396,1050,0.49341263993172074
CAND_02560,79.38,0.47767928264326576,1051,0.493368889614509
CAND_04262,12.82,0.23462872953596395,1052,0.49323550964882945
CAND_02702,67.75999999999999,0.42663986893363554,1053,0.4932043902142674
CAND_03392,27.62,0.3005432621325582,1054,0.49294770959374445
CAND_00299,77.53999999999999,0.46842040507217697,1055,0.49273695786809574
CAND_00952,23.7,0.2849455698260066,1056,0.4927144345039104
CAND_02561,91.8,0.56221933570856,1057,0.49269871031219215
CAND_02904,61.24000000000001,0.4039304969767587,1058,0.4925986081893107
CAND_01214,36.04,0.3268364194780116,1059,0.4925526092542818
CAND_00633,94.82000000000001,0.6004293488565322,1060,0.4925257045869764
CAND_03263,55.46,0.3853800031609775,1061,0.49252425009537015
CAND_03519,38.72,0.334437173870641,1062,0.49247973082703306
CAND_04131,48.04,0.36326262896187655,1063,0.49234908585789666
CAND_03462,89.82,0.5424046779272068,1064,0.49217756975030935
CAND_04395,85.5,0.5111925625646416,1065,0.492176005213877
CAND_00089,33.800000000000004,0.3207188329057239,1066,0.492151901465522
CAND_01190,95.82000000000001,0.6184562057320744,1067,0.49196859714247554
CAND_02150,73.28,0.44923740231895576,1068,0.4919121513462776
CAND_01275,34.160000000000004,0.3218396700901176,1069,0.49188217956152935
CAND_03179,38.6,0.33416349234760356,1070,0.4918757204081369
CAND_00212,60.8,0.40273480360588226,1071,0.4918501166080746
CAND_02744,83.38,0.4993465543289776,1072,0.4918463908637257
CAND_03498,50.36000000000001,0.3704304672859438,1073,0.49174207666369407
CAND_00385,34.32,0.3223174747377565,1074,0.49163948985247974
CAND_00854,19.040000000000003,0.26633735554858773,1075,0.4916344427844614
CAND_03637,27.279999999999998,0.29901103409270924,1076,0.4916236899218364
CAND_00624,38.0,0.33222395038600777,1077,0.49124232899710374
CAND_04107,34.78,0.3234193986470723,1078,0.4912181344943562
CAND_04586,51.339999999999996,0.3733054799372621,1079,0.4912178030506413
CAND_02854,62.78,0.41038331661496796,1080,0.49116316605676913
CAND_00547,73.06,0.44857796413296364,1081,0.4911499914620011
CAND_00113,35.68,0.32597986594018113,1082,0.4911096267229173
CAND_03174,26.56,0.2968282569601279,1083,0.4910995284866674
CAND_01688,48.1,0.3634261858292331,1084,0.49105178304707303
CAND_02484,98.3,0.6849538984091581,1085,0.49100279840083155
CAND_04347,57.620000000000005,0.3927791062991673,1086,0.4908978517472648
CAND_02105,30.7,0.31044441927373684,1087,0.49081404550273755
CAND_04319,63.1,0.41115914954119737,1088,0.49077008616966045
CAND_01067,81.84,0.4894903410238157,1089,0.49076296364908706
CAND_02790,32.58,0.31576171282802307,1090,0.49059147016411087
CAND_02198,33.660000000000004,0.3201967043262739,1091,0.49050607944826197
CAND_04381,99.1,0.7226534458172245,1092,0.490485682467899
CAND_03244,30.759999999999998,0.31078881833705274,1093,0.4903143972280537
CAND_04651,97.89999999999999,0.6683302954730651,1094,0.4902931563647616
CAND_00178,56.14,0.3876328789627086,1095,0.4902786891022264
CAND_01870,63.0,0.41094592880384906,1096,0.49020577818826794
CAND_01308,70.98,0.43939721045689345,1097,0.4901980852154039
CAND_01161,21.08,0.274162221658657,1098,0.49013849279384947
CAND_04239,85.82,0.5133524958142953,1099,0.49012463351345503
CAND_00905,30.919999999999998,0.3113161718135497,1100,0.49009865617738535
CAND_01953,89.75999999999999,0.5421325860667264,1101,0.4900981899498237
CAND_03221,95.19999999999999,0.6068625023272353,1102,0.4900793690079466
CAND_00107,43.919999999999995,0.3497670604293609,1103,0.4900761360389097
CAND_04869,66.46,0.422037809398569,1104,0.49006909761139483
CAND_01710,18.6,0.2624589335644127,1105,0.49003062451106716
CAND_04075,11.959999999999999,0.2292905929211032,1106,0.48994444459835657
CAND_03382,70.86,0.4392232538318785,1107,0.48977805185047
CAND_03622,99.44,0.7597650394002224,1108,0.4895781949401369
CAND_03211,11.459999999999999,0.2268640666190497,1109,0.48933965623682646
CAND_03976,13.38,0.23754516521519642,1110,0.48933433621871125
CAND_02671,70.66,0.43819978431741335,1111,0.4893190773315692
CAND_01169,89.42,0.5389260566549022,1112,0.48930313211545284
CAND_02312,41.120000000000005,0.34152121852246076,1113,0.48926715770044144
CAND_01926,41.54,0.3426929147538369,1114,0.4892455374798248
CAND_04813,33.86,0.3209269900830046,1115,0.48923578768159026
CAND_01219,81.98,0.4899346469109803,1116,0.4890515593350331
CAND_02114,61.31999999999999,0.40420514706394456,1117,0.48900729148736133
CAND_04434,67.10000000000001,0.42424624557034774,1118,0.4889925608923159
CAND_02474,89.08,0.5346713358379583,1119,0.4889462953675869
CAND_04903,93.60000000000001,0.5811425760586374,1120,0.4889407797316245
CAND_02029,38.7,0.33439384013430434,1121,0.4889286607364903
CAND_01879,85.46000000000001,0.5107333288029139,1122,0.4889244443463558
CAND_00321,66.34,0.421801955071513,1123,0.4889224764039577
CAND_03447,62.339999999999996,0.40812309741495845,1124,0.48887416969635444
CAND_03687,96.52,0.6320768155628356,1125,0.4887069865335601
CAND_03642,78.4,0.4730134323135564,1126,0.48865048904800323
CAND_00824,30.740000000000002,0.3104588757960287,1127,0.4885959280428848
CAND_01868,23.799999999999997,0.2852040012621674,1128,0.488447073538102
CAND_01344,99.46000000000001,0.761405051320992,1129,0.4883237019158292
CAND_01901,31.04,0.3116421502900836,1130,0.48823881961150134
CAND_02471,8.66,0.20845355920902295,1131,0.48818370835626507
CAND_03242,77.12,0.46657059511773086,1132,0.4881239151463508
CAND_01598,39.660000000000004,0.3373218295910179,1133,0.488070016190393
CAND_03346,46.54,0.35858820193660157,1134,0.48800459960810616
CAND_03229,42.46,0.345443378906954,1135,0.4880009681293883
CAND_02802,19.66,0.2691727441441662,1136,0.4879666957584521
CAND_02154,68.08,0.4277424187522973,1137,0.48795260007002994
CAND_01405,64.75999999999999,0.41706168777124164,1138,0.4877974633252409
CAND_01450,53.92,0.3811915933889208,1139,0.48779210310117127
CAND_00567,21.58,0.27631185183694645,1140,0.48777207883016194
CAND_04073,76.2,0.4632125810332569,1141,0.4876669062312634
CAND_03175,32.54,0.31563240069646537,1142,0.4874829767951614
CAND_03125,26.44,0.29622773959726784,1143,0.4871929264202044
CAND_00086,67.12,0.4242471241185369,1144,0.4871213463903447
CAND_02676,71.34,0.4405619447400134,1145,0.4870845758162658
CAND_04871,47.18,0.3603053844429334,1146,0.4870275362203226
CAND_04476,95.34,0.6094550526477612,1147,0.48686811228751625
CAND_00104,53.14,0.37933065578337394,1148,0.48684680083421517
CAND_02273,31.6,0.3131852071890526,1149,0.4867808955075266
CAND_02687,66.12,0.42118267353937705,1150,0.4867459967735803
CAND_02887,56.279999999999994,0.38790597311882485,1151,0.4866696602178032
CAND_01919,77.7,0.4687828444729138,1152,0.4866319829662943
CAND_01543,55.64,0.3861321516544214,1153,0.48661152698167065
CAND_01231,41.620000000000005,0.34300336935108894,1154,0.486587576657068
CAND_03547,89.16,0.5355784701123419,1155,0.4865789276701264
CAND_00751,78.44,0.47331970003442386,1156,0.4865298367566492
CAND_03813,78.34,0.47272836611657176,1157,0.4864691304497781
CAND_04697,83.06,0.4960919596576706,1158,0.4864365770314002
CAND_04496,80.86,0.484791411832614,1159,0.48635224509354547
CAND_04954,97.1,0.6493233101493697,1160,0.4859819964519689
CAND_04702,35.120000000000005,0.32433559751124,1161,0.4859250893841499
CAND_04408,14.96,0.2449958510693136,1162,0.48572212663437847
CAND_04041,77.82,0.4698057630126752,1163,0.4856743362216064
CAND_01707,36.36,0.3277967663757161,1164,0.4856557406378753
CAND_00290,99.22,0.7345697823971751,1165,0.48563897124890215
CAND_02571,49.120000000000005,0.36615641907622537,1166,0.4856354088473539
CAND_01541,63.019999999999996,0.4109553174579495,1167,0.4856306222372964
CAND_04057,69.66,0.4341431264706852,1168,0.4855108122042102
CAND_03640,22.56,0.28096725409056894,1169,0.48550195365701165
CAND_04372,84.64,0.5063879496093803,1170,0.4854918639921563
CAND_01954,92.66,0.5711548945457655,1171,0.4854710334839132
CAND_03374,59.98,0.40034307522884266,1172,0.48544450913616216
CAND_01232,21.26,0.27536076485046634,1173,0.4853760709418716
CAND_03394,48.16,0.3636451078496408,1174,0.48537195829013646
CAND_00551,17.64,0.25870848038252586,1175,0.485368120394264
CAND_00784,99.74,0.8129945796261525,1176,0.4853542094966806
CAND_02475,41.86,0.3438886287926888,1177,0.4853416568681524
CAND_01811,87.42,0.5239495398282757,1178,0.4853228773154025
CAND_04646,16.64,0.2545354377473894,1179,0.4852921801094939
CAND_04242,97.58,0.6584987463431532,1180,0.4852130020083926
CAND_04399,38.46,0.33356802380021294,1181,0.48510757186417897
CAND_04883,88.1,0.5284990403341703,1182,0.48508601839258875
CAND_04918,49.74,0.36800945914235184,1183,0.48504559934984914
CAND_03606,42.38,0.34534138897032746,1184,0.4850018385360406
CAND_02665,99.24,0.7356308223385577,1185,0.48487857711041255
CAND_01428,37.059999999999995,0.3294731137456106,1186,0.48477562620888254
CAND_03567,12.4,0.23276677002749865,1187,0.48460590379291607
CAND_01319,86.58,0.5191004454609202,1188,0.48450337578331193
CAND_00609,63.78,0.41345000958958855,1189,0.48446551589111314
CAND_01981,9.26,0.21341306232948887,1190,0.4844137692790407
CAND_01030,60.72,0.4024018223410696,1191,0.4843912081642588
CAND_00090,58.879999999999995,0.39697626975951283,1192,0.48437872212520217
CAND_04340,32.28,0.31462741328456273,1193,0.484215587387664
CAND_04148,14.2,0.24228853882200896,1194,0.4841270106797073
CAND_04895,8.200000000000001,0.20527815653181447,1195,0.4841013126172407
CAND_00974,66.52,0.4223107242590349,1196,0.4840346540831187
CAND_01699,88.0,0.5278394805497518,1197,0.4838713808272082
CAND_02911,20.9,0.27353579308617704,1198,0.4837527503434101
CAND_01396,22.259999999999998,0.2798306672055107,1199,0.48372534697919933
CAND_02903,89.53999999999999,0.5407529564344287,1200,0.48370178572873807
CAND_03983,20.560000000000002,0.27275110775611433,1201,0.48369354862047265
CAND_00951,54.42,0.383224365214744,1202,0.48355642240145125
CAND_01517,23.9,0.2860032377178856,1203,0.48349697723462604
CAND_03108,36.7,0.3286759151489521,1204,0.4834170540460257
CAND_04778,21.12,0.274355020655533,1205,0.4834063998530239
CAND_01744,37.96,0.3321286330045305,1206,0.4830815595935435
CAND_04630,55.36,0.38523105021466525,1207,0.48302584649079516
CAND_00777,62.46000000000001,0.4088181978425188,1208,0.48285325628539555
CAND_00110,81.58,0.488096303440603,1209,0.48278100157665416
CAND_04497,25.22,0.29122693863455895,1210,0.48274438405897835
CAND_02340,54.32,0.38270891948235597,1211,0.4826250271362106
CAND_00339,68.28,0.428240725419362,1212,0.48255037873048096
CAND_02160,58.220000000000006,0.3945150385749385,1213,0.48244727836869195
CAND_01818,81.28,0.4872620223259121,1214,0.4824027528082817
CAND_00302,22.64,0.2813250871349808,1215,0.4823048481697327
CAND_04361,6.2,0.18471591580872093,1216,0.4821539023538348
CAND_02230,45.5,0.3542217827390892,1217,0.4820833824581647
CAND_00715,89.44,0.5389711121523594,1218,0.48199369001835135
CAND_04492,74.42,0.4553560034574813,1219,0.4819722279652655
CAND_03088,57.199999999999996,0.39113333488989094,1220,0.4819456913899466
CAND_00765,31.580000000000002,0.3130841107693552,1221,0.4819456233305418
CAND_04333,95.32000000000001,0.6092638063326121,1222,0.48178657964632465
CAND_04326,36.34,0.32773086667739404,1223,0.48178407222245123
CAND_00109,91.53999999999999,0.5592266893861801,1224,0.4817338383582763
CAND_01402,45.04,0.35326807284119854,1225,0.481650372679866
CAND_02451,20.3,0.2720457405672148,1226,0.48161384857469863
CAND_02746,83.04,0.49606629972862715,1227,0.48159226238209596
CAND_03225,95.06,0.6040211966312526,1228,0.4815305221151319
CAND_02721,87.7,0.525940518339208,1229,0.48145700268783864
CAND_01972,78.46,0.4734003873996245,1230,0.48136616861397613
CAND_02438,17.02,0.25656866913251847,1231,0.48123250795302175
CAND_03691,4.4799999999999995,0.1628114624105901,1232,0.4811874296350135
CAND_04475,97.68,0.6612717982847761,1233,0.48115872540986526
CAND_00054,4.9399999999999995,0.16942882354012692,1234,0.4811110549829202
CAND_04236,79.78,0.4796322471901385,1235,0.48096000165758535
CAND_02738,46.239999999999995,0.3571104794792825,1236,0.48087722703248564
CAND_02112,23.880000000000003,0.28594119604977497,1237,0.48081792571262405
CAND_00597,62.08,0.4072933163110507,1238,0.48072159169422357
CAND_00753,10.040000000000001,0.2185407168512697,1239,0.4806242797971996
CAND_02100,53.879999999999995,0.38114346877559097,1240,0.4805389834290613
CAND_00388,62.9,0.4106686596031991,1241,0.4805044709792208
CAND_00625,40.5,0.3396427609611467,1242,0.48043567903753515
CAND_01528,54.02,0.38150179694627306,1243,0.4801359490854482
CAND_01436,98.06,0.6758295654034258,1244,0.480063358821356
CAND_00930,51.839999999999996,0.37441039231367584,1245,0.4799395821349264
CAND_04690,2.6599999999999997,0.13592066722990623,1246,0.47991502443031414
CAND_02435,7.8,0.20213374433051476,1247,0.4798110937704255
CAND_00123,82.3,0.4924637334436933,1248,0.4796808987863602
CAND_02899,45.96,0.35604525368403317,1249,0.4796435993612117
CAND_00819,17.48,0.258131524290806,1250,0.4796396362524661
CAND_00620,36.96,0.3293531554450394,1251,0.47961180011365445
CAND_02429,84.86,0.5073402771394219,1252,0.479492750656184
CAND_02084,27.22,0.29882552155266595,1253,0.4793975839554468
CAND_00157,66.88,0.42339259602722185,1254,0.47928567786569226
CAND_01477,73.4,0.44995768799694497,1255,0.4791675553708745
CAND_04374,38.22,0.3329303108456387,1256,0.4790986188055296
CAND_03556,86.53999999999999,0.5190163154901751,1257,0.4790967764004338
CAND_02861,82.94,0.49541556759486177,1258,0.4790567372924872
CAND_00663,5.800000000000001,0.1802248945424616,1259,0.47901701848401934
CAND_00260,81.38,0.4874994280797153,1260,0.47897827962377854
CAND_00907,64.44,0.4159967401624388,1261,0.4788477409568135
CAND_00447,74.1,0.4534941408401278,1262,0.4787621641002079
CAND_01768,64.36,0.4154383565864395,1263,0.478633223006788
CAND_01691,2.98,0.14229050377109886,1264,0.478601426065359
CAND_00194,98.16,0.6804049145102585,1265,0.47838030373543183
CAND_00619,26.240000000000002,0.2955073652511078,1266,0.47837033759739067
CAND_01584,75.66000000000001,0.4609721054026331,1267,0.47825697593212685
CAND_01643,3.7199999999999998,0.1534941017842459,1268,0.47815883458084024
CAND_03966,20.380000000000003,0.27251566696688484,1269,0.47811069070938755
CAND_03600,75.58,0.46064952795980174,1270,0.47810659820286033
CAND_00231,24.82,0.2897096593464442,1271,0.4779433465059644
CAND_00382,23.62,0.2847722516329947,1272,0.47789581718516866
CAND_04040,96.04,0.6220431590881781,1273,0.47786596596428815
CAND_03646,75.92,0.4623023080493482,1274,0.477813339510994
CAND_02978,14.78,0.24413824884206245,1275,0.477797189416877
CAND_01257,33.58,0.31970769887223327,1276,0.4776562940963152
CAND_03771,51.44,0.37360530824304616,1277,0.4776405339904628
CAND_01789,56.42,0.3884603019978476,1278,0.4776135795613806
CAND_03198,3.62,0.152356548262274,1279,0.4776030642418317
CAND_00797,61.739999999999995,0.4058622658138006,1280,0.4775893438249084
CAND_01305,1.54,0.10723303836494567,1281,0.4774375373320128
CAND_02688,92.47999999999999,0.5686849487814327,1282,0.4774253730005354
CAND_04833,76.72,0.46497748931329536,1283,0.4773633392367035
CAND_01316,19.259999999999998,0.2674653650086996,1284,0.4773541077671008
CAND_01055,26.22,0.29549380554056565,1285,0.4772716966825892
CAND_02179,61.339999999999996,0.40420907112598736,1286,0.47723043797233916
CAND_01731,36.94,0.3292954595983318,1287,0.4772278922788707
CAND_01694,1.96,0.11886218811569682,1288,0.4772273162862984
CAND_04456,69.08,0.4312793582787881,1289,0.47721214614815116
CAND_03915,89.28,0.537569420972659,1290,0.4771032171990405
CAND_02952,45.68,0.35474316066701317,1291,0.4770633378808881
CAND_04276,57.099999999999994,0.39084509063658296,1292,0.47702244867702964
CAND_00726,82.74000000000001,0.4944174730060249,1293,0.4769969048329365
CAND_01129,81.76,0.48889731857090896,1294,0.47698425960390844
CAND_00631,53.5,0.3804407230369171,1295,0.4769504174742766
CAND_02327,38.58,0.33408188147523393,1296,0.4768659519027609
CAND_00155,12.1,0.2308730957119104,1297,0.4767948699339087
CAND_00301,72.2,0.4446362043565893,1298,0.47665820650037233
CAND_02764,48.5,0.364371533921429,1299,0.47662997631215115
CAND_01815,0.22,0.03225152868661289,1300,0.47653492141710824
CAND_03619,42.78,0.346245785002578,1301,0.4764024869867379
CAND_02047,61.96,0.4065945182496404,1302,0.47639992763780015
CAND_04045,98.98,0.7102172943755896,1303,0.4763475981079309
CAND_04321,8.459999999999999,0.20695971377128675,1304,0.47618747102000614
CAND_00245,19.86,0.2698639234312062,1305,0.47617688628116445
CAND_00807,48.32,0.36390048770711275,1306,0.47613629427586623
CAND_00162,55.26,0.3849818642120209,1307,0.4760765311248235
CAND_00664,95.64,0.6144583941094847,1308,0.4760683013849194
CAND_03137,77.9,0.4701597636161841,1309,0.47602565594329405
CAND_04068,63.72,0.41326235432703873,1310,0.4758915272163482
CAND_04566,7.02,0.1942274738438774,1311,0.47575484692592346
CAND_01464,63.22,0.41156302656202365,1312,0.4757537869661643
CAND_03273,64.0,0.41416036770387976,1313,0.47558832103988297
CAND_03423,56.06,0.3873219723301374,1314,0.4755701375956856
CAND_04855,26.0,0.29491786641243223,1315,0.47551237303397687
CAND_03106,71.8,0.4435359275598181,1316,0.4754788168511361
CAND_00696,55.22,0.3849065712867328,1317,0.4754712391415356
CAND_03275,69.56,0.43363451295129973,1318,0.4754711510912105
CAND_04885,98.08,0.6762321585928701,1319,0.4754427988452255
CAND_02276,26.5,0.29647353279800476,1320,0.47541970524146837
CAND_01335,72.86,0.4475176896581743,1321,0.4753730108497208
CAND_01105,13.04,0.23626371301682564,1322,0.4751452654476105
CAND_02028,33.48,0.31951080279271443,1323,0.4751278141462304
CAND_02819,27.68,0.3007706126855124,1324,0.4750818223032322
CAND_04714,98.64,0.6966481046307981,1325,0.4750079963410012
CAND_01064,97.86,0.6669386023842476,1326,0.47491373925338387
CAND_03203,23.36,0.28374804843398327,1327,0.474854780545098
CAND_03451,35.52,0.3254704916712564,1328,0.47479967201923245
CAND_04939,97.8,0.6644172337244866,1329,0.4747441368008448
CAND_01114,55.60000000000001,0.3860956933004852,1330,0.4746532129635951
CAND_00970,25.919999999999998,0.29472609571804087,1331,0.4746307356004747
CAND_01311,61.8,0.4060223043131637,1332,0.47461042981386137
CAND_03206,39.519999999999996,0.3369652945732381,1333,0.4745958389776841
CAND_02691,83.39999999999999,0.4993840441767085,1334,0.47458880716902674
CAND_01501,63.13999999999999,0.4112752666025566,1335,0.4745771736444244
CAND_00900,0.54,0.074122386605968,1336,0.4744658602066511
CAND_04029,59.46,0.3989446611932082,1337,0.4744109572088736
CAND_00196,39.04,0.3353217542236632,1338,0.4744106440705216
CAND_02296,8.9,0.20995251401694434,1339,0.4743592771057667
CAND_00647,99.36,0.7480713530732191,1340,0.4743244575011988
CAND_02715,99.78,0.8378195614985579,1341,0.47431033627037855
CAND_04553,50.080000000000005,0.36946364338493515,1342,0.4741873428013247
CAND_01206,51.64,0.37395491371677864,1343,0.4741557477660554
CAND_02569,81.92,0.48986880415230866,1344,0.474140263764701
CAND_04248,32.940000000000005,0.3168144249308246,1345,0.4740665814484673
CAND_02256,69.94,0.43521887576186163,1346,0.4739896360291981
CAND_04439,59.06,0.3975659742670971,1347,0.4738966152339136
CAND_03038,81.82000000000001,0.4894330177697281,1348,0.47378199775245217
CAND_00452,80.88,0.4849219133496591,1349,0.4737815724753246
CAND_03433,54.98,0.38457889523822386,1350,0.47374013164869994
CAND_00823,25.28,0.29154481021850903,1351,0.4736893742486368
CAND_01271,49.16,0.3662745694889756,1352,0.4735661351109829
CAND_02376,50.0,0.36921365524407,1353,0.4734742046888556
CAND_01942,51.459999999999994,0.3736510485424746,1354,0.47345774096901566
CAND_02231,50.580000000000005,0.3711515687033084,1355,0.47332401800673096
CAND_03363,83.22,0.49802520547596113,1356,0.473317117630835
CAND_04021,28.46,0.3036465455509651,1357,0.4732405337241078
CAND_03862,25.52,0.2927251768106166,1358,0.4732236236598828
CAND_01535,9.78,0.21707384444249186,1359,0.4732160265697629
CAND_03132,77.22,0.4667503407022167,1360,0.47314781088297714
CAND_01397,53.72,0.38071815656988195,1361,0.47311394504672
CAND_00018,94.78,0.5996646987562554,1362,0.4730464054511146
CAND_01846,57.46,0.39230405963356413,1363,0.4728961547397805
CAND_01199,91.24,0.5560586162082793,1364,0.4728631702536264
CAND_02758,37.519999999999996,0.3306587181656175,1365,0.47286308595964516
CAND_03102,51.88,0.37466409177378107,1366,0.47277265509872846
CAND_02718,77.38000000000001,0.46738928678961367,1367,0.47264241872190804
CAND_01905,40.92,0.3409761482935097,1368,0.47258685201791334
CAND_02214,52.14,0.3754887290155359,1369,0.4723285844075026
CAND_04631,72.48,0.44615396791503487,1370,0.47227656234008497
CAND_01612,10.22,0.21955725330088002,1371,0.4721721955207943
CAND_02313,88.84,0.5331007355141567,1372,0.47215008192731867
CAND_01715,46.160000000000004,0.3567198846848742,1373,0.4721224442540892
CAND_03573,36.199999999999996,0.32712385690955126,1374,0.47199257523342386
CAND_02161,29.86,0.3075060645447084,1375,0.471900731756793
CAND_03007,61.86000000000001,0.4063638105263611,1376,0.47164844202323963
CAND_02491,58.96,0.3972775881731255,1377,0.4716189358533385
CAND_04868,76.02,0.4626456288887306,1378,0.4715230869721758
CAND_03365,88.74,0.5329195316236173,1379,0.47141195844488604
CAND_00106,29.18,0.30550493194622824,1380,0.47138896620581816
CAND_00716,43.74,0.3491750015286372,1381,0.47134292754491003
CAND_02527,6.92,0.19258214976983742,1382,0.47122905099213164
CAND_01317,52.76,0.37805686567170105,1383,0.47119601045623877
CAND_04055,39.32,0.33630535050312965,1384,0.47103888712920183
CAND_00039,98.44000000000001,0.6876351904050256,1385,0.4710189325250683
CAND_00577,45.800000000000004,0.3550290585688458,1386,0.470928724873334
CAND_00351,61.63999999999999,0.4054089507297577,1387,0.47089549366275185
CAND_03720,10.780000000000001,0.22270000221497305,1388,0.470809334444239
CAND_03713,79.47999999999999,0.4782908093016663,1389,0.47079458212556613
CAND_04062,0.4,0.06464238191477989,1390,0.4707764413796801
CAND_00785,64.88000000000001,0.41745165680950264,1391,0.4706498762922736
CAND_04000,86.06,0.5146582607380443,1392,0.47064559443354415
CAND_00357,66.36,0.4218022353500701,1393,0.470587113822521
CAND_01087,13.420000000000002,0.23785637911933116,1394,0.47058670402975417
CAND_00430,84.54,0.5059064587262408,1395,0.4704080008501259
CAND_02510,74.64,0.45603777140544294,1396,0.47035684394601185
CAND_04383,59.260000000000005,0.39837970139498946,1397,0.47032457695902796
CAND_01044,94.17999999999999,0.5896082226491702,1398,0.47032340578108095
CAND_03539,26.779999999999998,0.29765901750366325,1399,0.47022373456921174
CAND_03434,56.76,0.3894230812537129,1400,0.4702235071239004
CAND_01168,83.86,0.5024484425229884,1401,0.47014858578800484
CAND_02778,85.54,0.5115807276462999,1402,0.47013392682083827
CAND_03880,42.6,0.34597630451599,1403,0.4700853897257202
CAND_02835,65.12,0.4182380394020791,1404,0.46998216556313105
CAND_04428,32.800000000000004,0.3161935158766846,1405,0.46997009548348323
CAND_01373,91.32000000000001,0.5571260386469842,1406,0.4699692563877136
CAND_04720,24.12,0.2866981193737452,1407,0.469891698577299
CAND_04327,74.33999999999999,0.4549739164244587,1408,0.4698913456907888
CAND_00669,88.5,0.5307272097900343,1409,0.4698674607742226
CAND_04635,39.800000000000004,0.33773642418176153,1410,0.46981108474354016
CAND_04015,84.11999999999999,0.5030566497355876,1411,0.4697749819720578
CAND_02647,99.98,0.933563348070723,1412,0.4696849211945461
CAND_03047,99.03999999999999,0.715869924453114,1413,0.4696726422566884
CAND_03728,19.6,0.2687967515458176,1414,0.4696043189385143
CAND_01437,23.599999999999998,0.2847315837867537,1415,0.4695404317212768
CAND_01859,33.44,0.31938241805279904,1416,0.46949357462884067
CAND_02836,9.34,0.21411977068652674,1417,0.4694766503106599
CAND_03286,7.920000000000001,0.2036015521593857,1418,0.4694175644488512
CAND_03808,96.54,0.6325408764834972,1419,0.4693972418166107
CAND_00944,62.53999999999999,0.4091555974313303,1420,0.4693615660139756
CAND_00714,70.12,0.4361144291004176,1421,0.4692272602751072
CAND_02878,93.46,0.5794998514983161,1422,0.46916408048392344
CAND_03844,67.88,0.4272549495553057,1423,0.46910157269151553
CAND_03830,59.96,0.40023785171565784,1424,0.46901050049347937
CAND_01295,47.56,0.361231632728025,1425,0.46895944362580244
CAND_00177,85.56,0.5115974659884208,1426,0.46877930208337154
CAND_00038,6.959999999999999,0.1932078756859115,1427,0.4686659867384988
CAND_01173,0.86,0.08691247672905868,1428,0.46864329870992816
CAND_04324,6.460000000000001,0.18771395770623373,1429,0.46861490868208255
CAND_03364,13.639999999999999,0.23872876114335267,1430,0.4685405284440898
CAND_02444,5.4399999999999995,0.17634980333792746,1431,0.46845891407266976
CAND_01633,39.160000000000004,0.3357764727822703,1432,0.4684431166924792
CAND_04969,31.019999999999996,0.31158599686463884,1433,0.46844025565217834
CAND_04485,35.74,0.326153342215151,1434,0.46842003790508124
CAND_03224,36.22,0.3271909218827721,1435,0.4684049142913299
CAND_04686,28.26,0.3031896877300269,1436,0.4682827081198899
CAND_02847,64.72,0.41700455500988526,1437,0.4681981270436912
CAND_02115,54.279999999999994,0.382613227924143,1438,0.4681384402086129
CAND_01172,49.919999999999995,0.3687966223708752,1439,0.4681357369861191
CAND_00326,57.28,0.3916266925288824,1440,0.46807025653116413
CAND_04625,46.0,0.35628635781250806,1441,0.46799019279081155
CAND_00269,33.46,0.31939817613504723,1442,0.46798448880291654
CAND_03485,79.0,0.4758709354100544,1443,0.46789327071324505
CAND_00478,82.64,0.4941855119431392,1444,0.4678181487722586
CAND_04105,8.84,0.20952857131849292,1445,0.46774241902012836
CAND_02923,54.36,0.3829130679800173,1446,0.46772727826225535
CAND_04947,48.28,0.36375368822547177,1447,0.46751492716754595
CAND_04008,60.099999999999994,0.4008320393112614,1448,0.46749866510998295
CAND_04653,56.49999999999999,0.38873987692566836,1449,0.4674779340832207
CAND_04570,22.24,0.27979736541023953,1450,0.4674764619642142
CAND_03838,3.6999999999999997,0.15347196994151846,1451,0.46731905218372943
CAND_01516,85.26,0.5098104919949386,1452,0.4672232115309201
CAND_00643,55.379999999999995,0.3852817169103309,1453,0.46719128470122673
CAND_00980,15.02,0.24557917934918075,1454,0.4670592802826998
CAND_03354,73.94,0.45256643083233816,1455,0.46699855778479693
CAND_04471,80.08,0.48149038453755194,1456,0.4669686292055199
CAND_01193,26.979999999999997,0.2982151102816177,1457,0.4669085592673618
CAND_01354,29.2,0.30571293531699584,1458,0.46690630416428563
CAND_01928,46.28,0.35727002662673174,1459,0.4668482369572636
CAND_00849,28.12,0.302780933706507,1460,0.4667127834156766
CAND_04692,20.18,0.2717589648907495,1461,0.46664612491365476
CAND_04911,68.89999999999999,0.4305606776237369,1462,0.4666391258455702
CAND_00244,38.5,0.3337113775496906,1463,0.46663522253307127
CAND_04175,25.419999999999998,0.2922841560272285,1464,0.46659558373575266
CAND_03481,24.560000000000002,0.28844349810228465,1465,0.4665374502158971
CAND_01938,43.76,0.3492635289723303,1466,0.4664747272915659
CAND_03173,46.1,0.3565764189140869,1467,0.46631197961086235
CAND_01228,23.18,0.28310737284399873,1468,0.4662842734093704
CAND_04410,99.58,0.7795055218772435,1469,0.46592319554416367
CAND_01347,25.7,0.29399955028576036,1470,0.4657493202486326
CAND_00848,10.76,0.22269875649709311,1471,0.4656626556516465
CAND_01100,61.44,0.4045843142178337,1472,0.46565035728012705
CAND_03724,81.96,0.48992180779989486,1473,0.4656025386183301
CAND_01293,87.52,0.5245630247082536,1474,0.46529034235119116
CAND_03082,77.75999999999999,0.4692998081811431,1475,0.46528498158339093
CAND_04338,68.0,0.42754768451456754,1476,0.4652525191943667
CAND_01474,51.019999999999996,0.37260511812107183,1477,0.46523320860028883
CAND_04596,0.64,0.07902604652337013,1478,0.4652042610469259
CAND_03995,99.38,0.748276582695181,1479,0.4651747714260831
CAND_03847,51.13999999999999,0.37288295261357923,1480,0.46506055752834674
CAND_02679,68.12,0.42781574241291465,1481,0.46503451393640893
CAND_02754,52.18000000000001,0.3757448949541205,1482,0.46499398448125573
CAND_02965,35.56,0.32548822279825584,1483,0.46494728474976854
CAND_02472,37.1,0.32962150409217894,1484,0.46492045163251494
CAND_03101,52.900000000000006,0.37863520323494815,1485,0.4648928777676342
CAND_03054,55.48,0.3854371442831826,1486,0.4648310059655619
CAND_01581,45.94,0.3558974552359364,1487,0.4647954517707261
CAND_01000,99.6,0.786077530192381,1488,0.46479093587034925
CAND_01377,33.18,0.31782726123545013,1489,0.46463424744588466
CAND_04887,75.22,0.4590030613304148,1490,0.46453253688723584
CAND_00565,85.24000000000001,0.5097428597910806,1491,0.4644592309105253
CAND_04842,64.12,0.414558221302739,1492,0.46441966813827473
CAND_04581,90.14,0.5465641086708175,1493,0.46434177520323183
CAND_00207,18.64,0.2628133012133621,1494,0.46430036765368476
CAND_02975,23.919999999999998,0.2860153177548022,1495,0.4642545915985774
CAND_04513,97.7,0.6620887415468633,1496,0.46425186815719455
CAND_02654,75.56,0.46042322562901106,1497,0.46423834359924676
CAND_04741,61.5,0.40492280734751834,1498,0.4642161769665637
CAND_00431,40.32,0.3392395425297926,1499,0.4642128282596006
CAND_04805,55.2,0.38490163809238526,1500,0.4641667485155911
CAND_03999,65.58,0.41981258267826516,1501,0.4640639431263151
CAND_03153,25.259999999999998,0.29124629073557157,1502,0.46389860177557596
CAND_01427,49.62,0.3675719063762224,1503,0.46383318899203774
CAND_00498,86.56,0.5190359140994325,1504,0.4637816779992519
CAND_04676,46.44,0.3581945387985691,1505,0.4637782452546497
CAND_01183,97.32,0.654713710732715,1506,0.4637445110891918
CAND_00739,32.26,0.3145320607405255,1507,0.46367131462524186
CAND_04951,79.34,0.4775918790610559,1508,0.463639477258717
CAND_01248,55.50000000000001,0.3855250748909163,1509,0.46358411994884785
CAND_04664,59.4,0.39871020317614353,1510,0.46353504723896416
CAND_03304,97.61999999999999,0.6605695891221154,1511,0.4635349464881725
CAND_00383,61.519999999999996,0.4049539028241198,1512,0.46350805247903204
CAND_01251,24.88,0.2899209972945669,1513,0.46345585872177486
CAND_04990,51.800000000000004,0.37434010227662956,1514,0.46339302517100617
CAND_00457,21.0,0.2738665872635379,1515,0.46337179578985355
CAND_03053,47.78,0.3622822257676714,1516,0.4631991475634042
CAND_01132,65.9,0.42064943729951143,1517,0.4631900016260644
CAND_01412,33.22,0.31806700282341105,1518,0.46317174023679764
CAND_02633,70.82000000000001,0.43908762385118966,1519,0.4630843568097529
CAND_03036,20.28,0.2719803701808754,1520,0.46306142816541673
CAND_00899,79.92,0.48042804754184104,1521,0.46295364627308855
CAND_00426,90.64,0.5513169036022704,1522,0.4629004745749731
CAND_02538,12.06,0.23031711583121303,1523,0.4628037705478427
CAND_03238,88.08,0.5283759619794809,1524,0.4627077739641048
CAND_03421,94.92,0.6019665890599352,1525,0.46269845064332304
CAND_00762,60.519999999999996,0.40184646325810863,1526,0.46262838967425357
CAND_03579,43.2,0.3474142369998074,1527,0.46244592333064294
CAND_01241,11.58,0.22718084743295214,1528,0.4624090022627716
CAND_04910,98.11999999999999,0.6781000604388879,1529,0.4624072032330254
CAND_01353,40.72,0.34047216908657113,1530,0.4623456818930683
CAND_01112,42.28,0.34519716008251955,1531,0.46225668856376934
CAND_03324,14.42,0.24307478540655628,1532,0.4621926459268401
CAND_02660,44.84,0.35238426596843603,1533,0.46214941701961515
CAND_01356,88.34,0.5295522817346252,1534,0.4619260872482007
CAND_00032,99.14,0.7247941251914684,1535,0.4618573866698234
CAND_04448,25.979999999999997,0.29491726840206467,1536,0.46172968856389873
CAND_00049,16.1,0.2513582921362708,1537,0.4616637998712288
CAND_03975,19.8,0.269647745782265,1538,0.4615885908127958
CAND_00550,23.78,0.2851977354370048,1539,0.46158791102993396
CAND_00885,26.200000000000003,0.295406279016309,1540,0.46153451482604824
CAND_00418,75.96000000000001,0.4623823177815748,1541,0.4614790415453319
CAND_00121,5.140000000000001,0.1713372339149039,1542,0.4614287771318605
CAND_00531,72.32,0.44525780022625494,1543,0.4614286902517888
CAND_03679,13.52,0.23842068769252114,1544,0.4614222124667401
CAND_02254,79.9,0.4801976000068212,1545,0.4613816852982751
CAND_02063,87.64,0.5255441433916481,1546,0.46132472134053104
CAND_02977,65.7,0.4200526279606247,1547,0.46129401445149576
CAND_02422,57.58,0.39253767429626485,1548,0.4612868010721774
CAND_03105,25.6,0.2930923743508653,1549,0.46118862149318035
CAND_00239,24.740000000000002,0.2895425822760024,1550,0.461188616309982
CAND_02675,38.3,0.3333124867641254,1551,0.46113951662966474
CAND_04699,74.94,0.4577864433839643,1552,0.46106840929676735
CAND_03181,58.720000000000006,0.39654166297364474,1553,0.4609867621246453
CAND_01767,89.60000000000001,0.5409688962826744,1554,0.4609663205394972
CAND_00788,90.38000000000001,0.5481769318916786,1555,0.4609334101288386
CAND_01148,22.16,0.2792407081756825,1556,0.46090129605423835
CAND_00282,9.879999999999999,0.21762342966617784,1557,0.46089668029080194
CAND_01521,12.94,0.23507915865610643,1558,0.46083763968683666
CAND_00151,86.02,0.5145788676561794,1559,0.4608042053911726
CAND_03920,13.239999999999998,0.23702262554756579,1560,0.460708657321544
CAND_01875,88.44,0.5305517601454065,1561,0.46062933795659927
CAND_01247,78.72,0.4747512120959398,1562,0.46056251502369994
CAND_02462,93.02,0.5757004436216034,1563,0.4605395001507824
CAND_01255,42.36,0.3453359954390332,1564,0.46043584967919493
CAND_04094,75.32,0.4593530524706139,1565,0.4603504750001703
CAND_00571,76.14,0.4629563712317687,1566,0.46034396138326433
CAND_02882,16.98,0.25630780077953513,1567,0.460286196402186
CAND_02127,66.4,0.4219037152991659,1568,0.4602688064741022
CAND_00888,46.08,0.35654653394394087,1569,0.46024895488820944
CAND_01716,11.48,0.22688131506198134,1570,0.4601571805466884
CAND_01800,0.98,0.09040458896908915,1571,0.46015228119285956
CAND_00373,62.13999999999999,0.4076388813232407,1572,0.4601148906743353
CAND_02153,42.620000000000005,0.3460290065854565,1573,0.4601050038187942
CAND_03856,13.36,0.2375328771452827,1574,0.45995394201907147
CAND_02494,9.42,0.21449302360286565,1575,0.45994613239737947
CAND_00046,58.81999999999999,0.3968583419984299,1576,0.45993872203276687
CAND_03753,98.14,0.679017234161315,1577,0.45988277459444304
CAND_01978,60.06,0.4004592410882972,1578,0.45984501046131043
CAND_04849,94.44,0.5938890813343767,1579,0.4597707054236593
CAND_03261,84.48,0.5052933183496169,1580,0.4597116859505745
CAND_00482,74.6,0.4557843739188496,1581,0.45957446634235555
CAND_03736,85.61999999999999,0.5120985161404403,1582,0.45953363642342754
CAND_01646,60.0,0.4003742252212486,1583,0.4595288017126273
CAND_00881,9.48,0.2147158824755,1584,0.4594280800681936
CAND_02391,92.96,0.5752754717172074,1585,0.4593917883171138
CAND_01237,50.06,0.36945804932972165,1586,0.45935698097032207
CAND_00841,9.6,0.21566507744452748,1587,0.4592887831816775
CAND_00433,91.03999999999999,0.5551176445974872,1588,0.45923167741430976
CAND_03502,40.2,0.33891249503450194,1589,0.4591830588277869
CAND_01093,10.08,0.21889849333046646,1590,0.4591758639185327
CAND_01783,24.98,0.29068461205634744,1591,0.45910418294629185
CAND_00507,55.98,0.38724380480460796,1592,0.4591031713886478
CAND_00380,71.56,0.4419203050723539,1593,0.45905383817246503
CAND_03796,62.4,0.4082861622715143,1594,0.4590202091760809
CAND_00111,31.7,0.3132711568080214,1595,0.4589889672198841
CAND_04931,80.42,0.483367750981815,1596,0.4589797631816833
CAND_02757,22.12,0.27917130131168294,1597,0.4589677756055351
CAND_02295,16.88,0.2556392722422365,1598,0.45895371340545393
CAND_04130,50.519999999999996,0.3710424088618346,1599,0.45886066281210214
CAND_03781,67.28,0.42466647334621227,1600,0.45878783734887574
CAND_01896,96.44,0.6292984561624422,1601,0.4587697112502517
CAND_02595,57.82000000000001,0.39347464941816196,1602,0.45874716378543523
CAND_02062,0.84,0.08684769183313266,1603,0.4587452405879727
CAND_04461,99.33999999999999,0.7467889404899557,1604,0.45870678081371863
CAND_04257,5.34,0.17467863120421673,1605,0.4585587516772209
CAND_01887,1.04,0.09190380557526547,1606,0.4585164111196555
CAND_00199,46.760000000000005,0.3591792846129613,1607,0.45836927252229276
CAND_02536,74.66000000000001,0.4560718316073691,1608,0.4582930713856712
CAND_03245,89.8,0.5422485505759023,1609,0.4582732469006512
CAND_04506,15.98,0.2504379567942042,1610,0.45823431498705924
CAND_01999,90.36,0.5481036016661409,1611,0.4582001755213113
CAND_02232,30.84,0.3109842229807888,1612,0.4581736413242979
CAND_01650,83.54,0.49976129550417064,1613,0.458118537947101
CAND_02040,83.76,0.5014145800349656,1614,0.45811787340686116
CAND_01660,15.06,0.24573797450751356,1615,0.45807995676850266
CAND_04780,99.9,0.8524063300271304,1616,0.4580576692001409
CAND_01398,34.98,0.32404858040573603,1617,0.45797736135248246
CAND_03704,74.78,0.45680728057358105,1618,0.45787932425504546
CAND_01310,97.24000000000001,0.6525979954215045,1619,0.4577603083742946
CAND_01215,59.74,0.39940612216171045,1620,0.45775855551828243
CAND_03112,93.58,0.5810974218636182,1621,0.4577352711918396
CAND_02240,35.22,0.32455450209982933,1622,0.45773448907832753
CAND_04749,14.52,0.24346932326761694,1623,0.4577029590355668
CAND_02520,66.97999999999999,0.4237073356908729,1624,0.4576227140876173
CAND_00518,69.39999999999999,0.4330412148151469,1625,0.4575792360019829
CAND_01104,73.42,0.4500616672911694,1626,0.4575479304603325
CAND_02747,10.059999999999999,0.21883525813305021,1627,0.45747029428820474
CAND_03128,88.14,0.5287418249445832,1628,0.45744917931811835
CAND_04352,45.440000000000005,0.35415942624331015,1629,0.4574186497238501
CAND_02460,90.92,0.5544053824863386,1630,0.4573380581409252
CAND_00991,81.88,0.4896654797467166,1631,0.4573106153139029
CAND_00698,89.05999999999999,0.5344116645676419,1632,0.4572616626521951
CAND_01677,30.520000000000003,0.30999227666281665,1633,0.4572108771164953
CAND_02037,97.76,0.6636067071152348,1634,0.4571947837178383
CAND_00559,41.42,0.34225200195785555,1635,0.4571409470525247
CAND_02082,95.98,0.6210932784132571,1636,0.45705128651604715
CAND_02898,49.36,0.36693206193658734,1637,0.45703685964064655
CAND_01235,30.8,0.3108988331422251,1638,0.45703324609597373
CAND_04144,98.42,0.6869272735655785,1639,0.4569600014253508
CAND_03437,94.67999999999999,0.5980275052408789,1640,0.4569558914609909
CAND_04640,66.84,0.423314349401155,1641,0.4569411424638346
CAND_00672,69.6,0.4340954896289281,1642,0.4567321872947761
CAND_02338,35.78,0.3262288920435613,1643,0.45670994984325386
CAND_02614,60.34,0.4013428588003045,1644,0.4566818009549061
CAND_04507,21.7,0.2770118828574391,1645,0.4566619473126894
CAND_03510,68.92,0.4306659066956616,1646,0.4566598361544566
CAND_01971,78.18,0.47174720199996045,1647,0.45663218266180816
CAND_01864,26.919999999999998,0.2980749971371991,1648,0.4565940441032772
CAND_02594,65.18,0.41879041052599625,1649,0.45655628598773157
CAND_03251,15.6,0.24823027524087707,1650,0.45651762638929994
CAND_02924,58.440000000000005,0.39557169470776565,1651,0.45649730821697954
CAND_04710,78.52,0.47411662875650756,1652,0.4564484788297207
CAND_04159,45.28,0.3538903701179386,1653,0.4563758726444623
CAND_03738,94.52000000000001,0.5952144731271977,1654,0.4563663999579115
CAND_04270,68.26,0.42820593174582317,1655,0.45625973943102516
CAND_02942,27.42,0.2995328836812565,1656,0.45623725543947397
CAND_00403,48.66,0.36466584922290446,1657,0.4562153669025245
CAND_01194,60.28,0.4011572943002155,1658,0.45612614264018225
CAND_03829,16.6,0.25409572608885816,1659,0.4561026003883689
CAND_02205,62.660000000000004,0.4093563691023395,1660,0.4560439284871832
CAND_00984,98.18,0.6805211558010393,1661,0.45601763618015
CAND_00687,74.02,0.45316933123205416,1662,0.4558897206075046
CAND_02840,98.02,0.6736574027235496,1663,0.45574111796492134
CAND_01537,12.8,0.23461610224073423,1664,0.45569889948328224
CAND_03285,61.760000000000005,0.40591953562740574,1665,0.4556716130152665
CAND_01314,7.140000000000001,0.19617795068614832,1666,0.4555676748783425
CAND_03191,55.00000000000001,0.38459253940349725,1667,0.45554621292773495
CAND_04527,48.22,0.36373937994534866,1668,0.45548929635097574
CAND_04712,9.04,0.21133553048908618,1669,0.45547450326671635
CAND_04809,3.46,0.1498725754958362,1670,0.45544895306455935
CAND_04884,53.66,0.38069359654896395,1671,0.4554230518098135
CAND_00919,32.76,0.31607058723677073,1672,0.45541237472260887
CAND_01306,71.28,0.4403663038585872,1673,0.455342641507697
CAND_01262,91.22,0.556030894732027,1674,0.4553100550870708
CAND_00466,15.659999999999998,0.24863635270819578,1675,0.45525257512993234
CAND_03518,94.0,0.5860904266385136,1676,0.4551570282991714
CAND_02902,86.28,0.515921027534465,1677,0.45512135189242686
CAND_01274,51.54,0.3737697293348829,1678,0.4550551706803676
CAND_03939,42.32,0.34527198425585215,1679,0.45503415602622704
CAND_00943,51.519999999999996,0.37372994304594614,1680,0.4549808439693468
CAND_02755,17.1,0.25699946821824604,1681,0.45497519501101336
CAND_03580,39.68,0.33734930982373446,1682,0.45491410417761974
CAND_01411,69.1,0.43156769835010356,1683,0.4548958166662296
CAND_00477,98.83999999999999,0.7036548014016691,1684,0.45488955274417714
CAND_04834,91.9,0.563631423145763,1685,0.4548730472300234
CAND_03513,35.86,0.3264839003539144,1686,0.45485066526069473
CAND_03167,27.1,0.29843281075193057,1687,0.45478378952281284
CAND_03891,46.18,0.35684557087686186,1688,0.4547392038676482
CAND_00923,44.0,0.3499331302192219,1689,0.45470247896328725
CAND_01439,49.38,0.3669777809947621,1690,0.45467429747050725
CAND_02053,48.64,0.36464885158144655,1691,0.454670225067416
CAND_02361,42.199999999999996,0.34484043514570856,1692,0.4545627541977338
CAND_03176,16.08,0.2512924452543072,1693,0.4545511910663886
CAND_00328,89.2,0.5359257149599068,1694,0.4544692742514267
CAND_03702,70.56,0.43798725209143624,1695,0.4543959607839687
CAND_01848,44.72,0.35203963143922407,1696,0.4543709411393645
CAND_00085,98.86,0.703770996422262,1697,0.4542887628775419
CAND_00361,18.72,0.2639523610806281,1698,0.4542296122699848
CAND_00840,62.12,0.4076043889703233,1699,0.45412058838688724
CAND_02235,18.7,0.26382476152894396,1700,0.4541047401171919
CAND_03729,14.04,0.24156259688319723,1701,0.45409723242075795
CAND_02298,9.719999999999999,0.21682609317912738,1702,0.4539588158833494
CAND_00925,58.099999999999994,0.39407915553416695,1703,0.45395255168444015
CAND_03291,99.06,0.721795716769484,1704,0.45392499056860924
CAND_01468,74.06,0.4532524236855414,1705,0.4538981714471641
CAND_00743,89.98,0.5439979922234899,1706,0.4538736825776851
CAND_02568,84.66,0.506418273490495,1707,0.4538416482091668
CAND_03644,33.379999999999995,0.31878147069672946,1708,0.4536302137265309
CAND_01869,25.240000000000002,0.29123063247003306,1709,0.4534928201758012
CAND_01816,27.58,0.300306027250047,1710,0.4534623385525703
CAND_02495,88.75999999999999,0.5329614422647568,1711,0.4533782092305321
CAND_04422,74.56,0.4557367601352373,1712,0.45336762108374584
CAND_01996,26.26,0.2955266840174995,1713,0.4533654545051411
CAND_01338,22.439999999999998,0.2803203748380634,1714,0.4533155994017099
CAND_00915,31.64,0.3131924848836477,1715,0.4533027923393758
CAND_00759,40.699999999999996,0.34042364028126604,1716,0.4532680968528182
CAND_00012,90.96,0.5546764631736212,1717,0.4532600658123802
CAND_01519,11.14,0.22492781419614727,1718,0.45317178395731783
CAND_03722,97.84,0.6659344246146193,1719,0.4530304532779452
CAND_01906,57.66,0.392785257594471,1720,0.4528801922971369
CAND_00206,72.54,0.44627309090505934,1721,0.4528649385499975
CAND_03398,98.9,0.7057376366259392,1722,0.4528399432063648
CAND_04357,81.3,0.4873951788748271,1723,0.452829541306046
CAND_00581,82.5,0.4935659141324626,1724,0.45282771885188267
CAND_01510,96.7,0.6356588161146107,1725,0.45278736938332315
CAND_03717,49.66,0.36762812122783456,1726,0.45275068481939773
CAND_02844,64.2,0.4148722392063947,1727,0.4527271875195198
CAND_01596,65.60000000000001,0.4198220168632427,1728,0.4527172875285566
CAND_02067,24.94,0.290470154179856,1729,0.4525950795785827
CAND_00654,5.8999999999999995,0.18091946298369715,1730,0.4525090213513905
CAND_02723,93.34,0.5780506216628255,1731,0.4525056503015348
CAND_01357,35.839999999999996,0.32646824078680364,1732,0.4524766944119023
CAND_03393,68.30000000000001,0.42825554250057907,1733,0.4523565384249271
CAND_01947,92.4,0.5679773654623109,1734,0.45225072227711577
CAND_01195,91.75999999999999,0.5620876159014752,1735,0.4521852854416577
CAND_03559,86.3,0.5160544717881325,1736,0.45210739089328567
CAND_01778,4.52,0.16300112731997848,1737,0.45209028808386265
CAND_02384,54.58,0.3838366932898756,1738,0.45202205945037055
CAND_01495,29.5,0.3064387377328709,1739,0.4519976051805584
CAND_03000,16.74,0.2549689374626784,1740,0.45196838956372176
CAND_02825,90.4,0.5482945889014162,1741,0.4517057264894346
CAND_02308,76.66,0.46458569236189984,1742,0.45157005098887226
CAND_02506,87.83999999999999,0.5267181061414904,1743,0.45155431395620815
CAND_02869,50.42,0.37069448506672803,1744,0.45143911556241406
CAND_00233,29.64,0.30674291520116664,1745,0.4514203033337351
CAND_00050,98.5,0.689782154465655,1746,0.4514184561416264
CAND_03987,45.300000000000004,0.35397716616490965,1747,0.4514046047666873
CAND_03656,71.17999999999999,0.44014520031626203,1748,0.45138172993940623
CAND_00712,92.86,0.5745620479321729,1749,0.4513807030463026
CAND_04808,96.08,0.622260998074362,1750,0.4513620895090116
CAND_02258,97.78,0.6640286974751044,1751,0.4513424721246502
CAND_00165,46.86,0.3594406555492588,1752,0.4513043106329074
CAND_02533,88.58,0.5312490777404034,1753,0.4512988060306696
CAND_03183,64.24,0.4151187285811536,1754,0.4512721236790633
CAND_03820,46.9,0.3594696718924673,1755,0.45124525734772464
CAND_03997,57.98,0.39368304495388023,1756,0.45119588227181595
CAND_02424,36.78,0.32872398049516655,1757,0.4511853185017853
CAND_04981,88.88000000000001,0.5332908881964809,1758,0.4511523400475702
CAND_02827,60.84,0.40282664408989327,1759,0.45114466614156257
CAND_01327,94.89999999999999,0.6017608988309815,1760,0.4511329045776646
CAND_02039,28.299999999999997,0.30331121197369837,1761,0.4511150375361426
CAND_01461,76.7,0.46486169434993974,1762,0.45111346402234387
CAND_04090,64.98,0.4178079858557405,1763,0.45110232676507867
CAND_03013,76.0,0.46252057406198954,1764,0.45105934851745494
CAND_00763,79.03999999999999,0.47596703327483636,1765,0.4509645951000103
CAND_02088,31.979999999999997,0.31385849693834117,1766,0.45088735253861817
CAND_03552,12.879999999999999,0.23489866730704617,1767,0.4507755645059606
CAND_00603,95.62,0.6144568153821931,1768,0.45077137630854736
CAND_03716,78.88,0.47558724403130187,1769,0.45075356568691805
CAND_02417,11.66,0.22753185824408517,1770,0.4507440385486005
CAND_02798,47.54,0.36115178155899325,1771,0.4507394544929404
CAND_01446,21.759999999999998,0.2771653123326464,1772,0.45072893737522196
CAND_01028,94.26,0.5904653354656272,1773,0.45068855629473703
CAND_00214,55.879999999999995,0.38687789717359833,1774,0.4503700523207771
CAND_03903,53.82,0.38098787095734793,1775,0.4503593976891804
CAND_00786,83.84,0.5021047092656749,1776,0.450305115789835
CAND_02074,13.3,0.2372917650494723,1777,0.45022992677120927
CAND_00504,73.56,0.451134373575548,1778,0.45008212996524855
CAND_00540,98.78,0.7003140751500698,1779,0.44998388887802
CAND_03955,72.61999999999999,0.446731898262598,1780,0.4499626264849004
CAND_01082,98.7,0.6975974419395571,1781,0.4499238161071717
CAND_04486,75.36,0.459471016974648,1782,0.4497925860132421
CAND_04752,82.48,0.4935589826156483,1783,0.44977034751427736
CAND_02407,20.44,0.27262578504919543,1784,0.4497171028063446
CAND_03292,67.22,0.42456356818970953,1785,0.4497130388988023
CAND_00768,20.22,0.2718177661293984,1786,0.44970175850562044
CAND_01897,20.64,0.27284224712524513,1787,0.44966915087419207
CAND_02395,74.72,0.45641664383464053,1788,0.44955267180353486
CAND_03908,10.36,0.22019632456300173,1789,0.4494386862118104
CAND_03341,86.16,0.5153843324738633,1790,0.4493478326020017
CAND_04463,12.659999999999998,0.23417042783176512,1791,0.4492740892090727
CAND_04979,91.36,0.5573737305256249,1792,0.44925193651505946
CAND_02731,57.4,0.39191081067338956,1793,0.4492069593111224
CAND_00910,89.74,0.5415111424125629,1794,0.4490887816358107
CAND_03282,62.1,0.40729953086075743,1795,0.44908481302591313
CAND_04922,90.44,0.5490165501616251,1796,0.4490491342887049
CAND_04846,20.82,0.27330340477589127,1797,0.44901543608619005
CAND_04723,82.76,0.49442161818539626,1798,0.44899914908873395
CAND_01674,22.14,0.27921144244616736,1799,0.44875122619352803
CAND_04169,71.2,0.44027461631637516,1800,0.44869874189835585
CAND_01015,33.040000000000006,0.31711541714233704,1801,0.44869459254590516
CAND_02577,56.779999999999994,0.3894389260804007,1802,0.4486468734178115
CAND_04394,91.44,0.5587167266804228,1803,0.44855331135170695
CAND_00541,25.619999999999997,0.29312136827557805,1804,0.4485400837251807
CAND_02259,65.25999999999999,0.4191188683831524,1805,0.44847825450913714
CAND_03160,97.11999999999999,0.6501963177639631,1806,0.44846869555191315
CAND_01244,77.48,0.4681468621973124,1807,0.44837661416162855
CAND_04691,12.24,0.23206362947550457,1808,0.4481787144846574
CAND_01540,63.480000000000004,0.41227468626080604,1809,0.44816474367186954
CAND_00276,90.46,0.5491803382573347,1810,0.44813684663336495
CAND_01489,88.52,0.5309681175738579,1811,0.4480902906469526
CAND_00976,68.86,0.43043764528462675,1812,0.4480776632135304
CAND_00115,88.32,0.5294974649092414,1813,0.44797199114223496
CAND_04150,1.92,0.11839471383609544,1814,0.4479396888368491
CAND_03072,90.86,0.5531435580001982,1815,0.4477936821550033
CAND_04750,92.52,0.5693782194703241,1816,0.44776004347252285
CAND_03654,32.0,0.31386964148757734,1817,0.4477402535062617
CAND_01586,62.82,0.4105650061839567,1818,0.4477064481458248
CAND_02931,50.239999999999995,0.3697559585042684,1819,0.44763147999152103
CAND_04403,47.06,0.3600602607536045,1820,0.4476179501826795
CAND_01321,99.18,0.7324304648672181,1821,0.44744546633070137
CAND_03454,97.48,0.6565093522029459,1822,0.44741958429653395
CAND_02369,83.96000000000001,0.5027095778182872,1823,0.4473097281778565
CAND_01662,98.52,0.6899830555272888,1824,0.4472453990876948
CAND_03743,8.64,0.20833323507503396,1825,0.44712163261258764
CAND_00702,16.400000000000002,0.25292904295793706,1826,0.44708186887882895
CAND_01638,58.58,0.39624457641246624,1827,0.44707816823665836
CAND_02387,57.74,0.3929113309596863,1828,0.44705995338592547
CAND_02998,54.7,0.38392981001553983,1829,0.44702579009740695
CAND_01909,39.6,0.33714312119283996,1830,0.447008060196664
CAND_01098,20.36,0.2722129373713709,1831,0.4469804860840755
CAND_01989,10.96,0.22380185693508275,1832,0.44697262462626186
CAND_03427,59.040000000000006,0.39742677188273945,1833,0.4467435746727594
CAND_03623,28.7,0.30431129682919855,1834,0.44671656448169544
CAND_02916,6.04,0.18293891476405427,1835,0.4466938793518657
CAND_02806,39.54,0.3370695635152454,1836,0.4466586359908484
CAND_03037,43.54,0.34832583997993216,1837,0.44664379778185875
CAND_04325,33.0,0.3170289010369523,1838,0.44663839585437276
CAND_00771,96.34,0.6281873815767396,1839,0.44663509501766246
CAND_03885,71.39999999999999,0.44098027521717026,1840,0.446632568548542
CAND_02820,58.919999999999995,0.39722056146849516,1841,0.4466277007918795
CAND_03388,72.68,0.44699682706171373,1842,0.44644023975378144
CAND_04271,82.44,0.4933455597219559,1843,0.4463632226007912
CAND_00564,37.76,0.33125266522052393,1844,0.44633446892609646
CAND_04562,39.58,0.3371157344320711,1845,0.4462634955172034
CAND_04253,93.67999999999999,0.5820725138582376,1846,0.44620728045172353
CAND_02850,73.76,0.45176562959511674,1847,0.4462002856056586
CAND_03624,79.22,0.4766853500304154,1848,0.44618292218157374
CAND_02178,31.06,0.311820522443363,1849,0.446039482782144
CAND_03431,8.36,0.2066711872295104,1850,0.44597991878516735
CAND_01465,79.56,0.4787549065193472,1851,0.44596496433054705
CAND_04721,98.94,0.7071060398051332,1852,0.4459478420420413
CAND_01865,77.18,0.4666937781455072,1853,0.4458517035383929
CAND_00592,63.9,0.4138531259404717,1854,0.44580065323408946
CAND_04716,25.66,0.2935643646331701,1855,0.4457827006300766
CAND_02787,48.9,0.36556616847738516,1856,0.44576293289976815
CAND_00040,29.360000000000003,0.3060516523167811,1857,0.44564925003683536
CAND_04732,0.9400000000000001,0.08890214505116455,1858,0.44562440620746213
CAND_00968,28.9,0.3048970360708033,1859,0.4455581287186216
CAND_01557,7.82,0.20217679578068692,1860,0.44549517374924585
CAND_02109,26.419999999999998,0.2961517772752968,1861,0.44547984853433
CAND_03970,52.739999999999995,0.37804969563601476,1862,0.44540380663028734
CAND_00141,84.39999999999999,0.5049764890372075,1863,0.4453910172362504
CAND_02083,20.599999999999998,0.2728097938412758,1864,0.4452897138139407
CAND_03756,31.86,0.31373885066897045,1865,0.44528442055678996
CAND_00152,2.34,0.12881463105990015,1866,0.44525641892456574
CAND_02146,80.92,0.4850206481008926,1867,0.445233274550049
CAND_04421,62.0,0.40679420753683554,1868,0.445193721260586
CAND_01223,22.02,0.2785484756037286,1869,0.4451068734327356
CAND_01073,31.3,0.3123851170513894,1870,0.4450041081432412
CAND_04796,48.559999999999995,0.36447862723749824,1871,0.4449957024581205
CAND_03917,74.86,0.45757645706617184,1872,0.4449048829159283
CAND_01135,85.58,0.5116449252718398,1873,0.444903673683403
CAND_01272,70.32000000000001,0.4370645435019532,1874,0.44485181779655203
CAND_01146,41.44,0.3423191440004496,1875,0.4447873533966484
CAND_01323,95.02000000000001,0.60336841406784,1876,0.4447091753228089
CAND_04235,67.24,0.42461503869196815,1877,0.4446112654965044
CAND_03050,32.42,0.31518604638707015,1878,0.4445514098210345
CAND_01747,9.180000000000001,0.21248648575362952,1879,0.4445358222651983
CAND_04070,42.72,0.34617542694771697,1880,0.44448226215460873
CAND_00815,92.9,0.574904447886777,1881,0.44443175694952064
CAND_00479,94.48,0.5946800805847553,1882,0.44441780103366435
CAND_02181,82.52000000000001,0.4935734956048184,1883,0.44436987101444947
CAND_01889,41.48,0.3424142730677959,1884,0.44435243071433994
CAND_02334,90.88000000000001,0.5539960118282468,1885,0.44422721100026646
CAND_04976,92.04,0.5650835164115436,1886,0.4441677208389753
CAND_00721,1.32,0.10190008951504086,1887,0.44412359561374687
CAND_04155,33.82,0.3207776802898479,1888,0.4440455421307299
CAND_00861,82.36,0.4926733958659865,1889,0.4440391155481504
CAND_03318,59.34,0.3985244386576105,1890,0.44395625893117036
CAND_03873,20.66,0.2728984990361799,1891,0.44392569955986827
CAND_04753,0.7799999999999999,0.08561455497008069,1892,0.4438848289473899
CAND_02331,32.9,0.3165109998992386,1893,0.44384282194805913
CAND_04345,92.42,0.5680527637467662,1894,0.44371175316373473
CAND_00279,59.58,0.3991189856765122,1895,0.44362289028156743
CAND_03130,72.89999999999999,0.4478970046429977,1896,0.4436035606622543
CAND_03322,69.92,0.4351476632378193,1897,0.4435723709889459
CAND_03373,2.06,0.1218552714438915,1898,0.44357229009141486
CAND_03159,60.62,0.40216517303256205,1899,0.44356277083709283
CAND_04542,61.46,0.4047744405241884,1900,0.4435362259045416
CAND_03168,99.7,0.8094537563898654,1901,0.4434811590953004
CAND_02006,73.48,0.45070286613589033,1902,0.4433784643488723
CAND_04917,96.82,0.6393791633824649,1903,0.44335941829346764
CAND_02375,54.120000000000005,0.38214989809990496,1904,0.4432968914225957
CAND_02762,74.92,0.4577371204167984,1905,0.4432841964237202
CAND_01034,50.480000000000004,0.37086487168581805,1906,0.44309475781539337
CAND_02343,90.28,0.5477618764176072,1907,0.4430600486840266
CAND_00028,97.28,0.6531114447725118,1908,0.4429511937704595
CAND_00521,42.86,0.34649288600556316,1909,0.4429334832895211
CAND_00568,85.39999999999999,0.5102459781097266,1910,0.4429284593033958
CAND_02885,84.78,0.506963604117726,1911,0.4429204948089347
CAND_01393,3.3000000000000003,0.14698456374804444,1912,0.4429031620448306
CAND_04382,36.46,0.3279227035061946,1913,0.4428711104006785
CAND_04765,85.74000000000001,0.5128989816945825,1914,0.44276825892941885
CAND_00685,90.84,0.553074171944155,1915,0.44274818337106614
CAND_03469,90.02,0.5448697958530025,1916,0.44272445095859003
CAND_02225,30.819999999999997,0.3109481783424325,1917,0.442711617795274
CAND_02310,43.66,0.34878851807097694,1918,0.4427103880306028
CAND_01012,40.56,0.33985821458074883,1919,0.4426148340299264
CAND_00267,81.67999999999999,0.4884390901441947,1920,0.4424952711283334
CAND_02919,44.68,0.3519315962276727,1921,0.4424668839689671
CAND_04555,57.08,0.39077498157679047,1922,0.4424662900943058
CAND_01671,98.88,0.7041254233161293,1923,0.44242915529781446
CAND_02208,17.419999999999998,0.25788719287641115,1924,0.4423974057976207
CAND_01388,87.4,0.5239485220054574,1925,0.4423964904237544
CAND_03663,72.98,0.44827754509275136,1926,0.44239595051009545
CAND_02007,8.02,0.204063881661792,1927,0.4423885074490761
CAND_02252,95.48,0.6118076224394152,1928,0.4423306831227919
CAND_00880,94.16,0.5895675409936886,1929,0.4422793317595701
CAND_03231,51.92,0.37493007418270624,1930,0.4422610221096691
CAND_02119,95.8,0.6173429572834126,1931,0.4422031904830406
CAND_02171,82.72,0.4943631806203424,1932,0.4420795636002895
CAND_02147,35.08,0.3243069707112474,1933,0.4420258714323665
CAND_03732,14.38,0.24291882607787085,1934,0.44191698977496974
CAND_03548,44.7,0.35202885674981893,1935,0.4418683949539528
CAND_04219,66.53999999999999,0.4223691085712898,1936,0.44182821579121534
CAND_03111,54.72,0.3839827976920145,1937,0.4418134342048129
CAND_01334,97.82,0.6657814016642571,1938,0.44176225222300175
CAND_01181,99.48,0.7711545972772939,1939,0.4417458408717199
CAND_02490,64.14,0.41459478668787825,1940,0.4416999854738759
CAND_02333,30.599999999999998,0.3102269868493716,1941,0.44166750784407033
CAND_01726,12.18,0.2312147047477276,1942,0.4416564732877835
CAND_04592,24.38,0.2878916839016469,1943,0.44164432956664973
CAND_00011,41.36,0.34211504182456687,1944,0.4415800507832692
CAND_01648,88.48,0.5305971020076282,1945,0.44153918557578586
CAND_02521,21.4,0.2757320528256665,1946,0.4415289035777039
CAND_00746,35.64,0.32587387052401623,1947,0.4415090470128495
CAND_04016,38.78,0.3345367293525026,1948,0.4415083806068504
CAND_03357,74.18,0.45393382544354777,1949,0.44150021701817604
CAND_00979,67.7,0.42646984808950533,1950,0.44134766097944744
CAND_02017,34.5,0.32289143292935446,1951,0.44129506106592886
CAND_04770,77.92,0.4701864882509255,1952,0.4412604175658027
CAND_01685,99.32,0.7461289332534912,1953,0.44124490945061856
CAND_04116,94.54,0.5953868348947794,1954,0.44123433627892034
CAND_04822,50.82,0.3718812988063069,1955,0.44119654145452225
CAND_00066,95.89999999999999,0.6196584595433544,1956,0.4411914604834131
CAND_02165,62.06,0.40700049114752557,1957,0.4411634869345757
CAND_01165,10.92,0.22361036315378663,1958,0.44114916019598405
CAND_00794,96.36,0.6283189724868231,1959,0.44103346864972637
CAND_02002,55.779999999999994,0.3865800696816318,1960,0.44093131258225593
CAND_04245,40.04,0.3386213343650424,1961,0.4408473822770755
CAND_02193,76.38000000000001,0.46382100350468497,1962,0.4408200025054749
CAND_01452,89.92,0.543801767117077,1963,0.44079868845690406
CAND_01902,1.18,0.09791292365595228,1964,0.44078771085942436
CAND_00637,7.960000000000001,0.2036803639751211,1965,0.4407313544228553
CAND_00710,34.1,0.32146005280205703,1966,0.4407059666242509
CAND_02932,37.980000000000004,0.3321376769401815,1967,0.44067239496147803
CAND_03707,64.25999999999999,0.4151953201315665,1968,0.44065987086298203
CAND_04282,49.4,0.3670383704777923,1969,0.4406478259662203
CAND_03652,98.26,0.683848033546251,1970,0.44062724271358866
CAND_02241,48.44,0.3642916356028713,1971,0.4404163529059313
CAND_04255,80.22,0.48228587681492724,1972,0.4403668660237437
CAND_04393,77.62,0.46854674406116464,1973,0.440330423129519
CAND_04012,16.68,0.2547260021234288,1974,0.4401939000876189
CAND_03685,25.0,0.2907000406942959,1975,0.4401646308955396
CAND_02463,62.760000000000005,0.4102958402025156,1976,0.44016442985942056
CAND_00723,84.7,0.506578887654076,1977,0.44016087266742376
CAND_04856,79.12,0.47628284554619876,1978,0.4401274086804438
CAND_01520,94.04,0.5865734694983681,1979,0.4401098123617094
CAND_03223,70.94,0.43935587273671417,1980,0.4400482739908202
CAND_04810,88.42,0.5303267720178898,1981,0.4400471444035626
CAND_04848,40.400000000000006,0.3394902201692756,1982,0.44003217965943364
CAND_03327,79.32000000000001,0.4774364409068207,1983,0.43994879102091283
CAND_02852,4.66,0.16511471078284923,1984,0.439918466272798
CAND_01406,71.61999999999999,0.4423934739770312,1985,0.4398356472004445
CAND_03180,80.76,0.48436026806555715,1986,0.4398103837334819
CAND_04222,87.74,0.5261022972645597,1987,0.4397996714642756
CAND_04769,33.08,0.31746336046622964,1988,0.43979533829267176
CAND_00137,78.74,0.47492904168492844,1989,0.4396653147005667
CAND_02860,54.54,0.383677748115317,1990,0.4396407795470161
CAND_01920,83.2,0.49748723095781855,1991,0.4395682162318371
CAND_01794,99.56,0.7787288788184373,1992,0.43936531817481406
CAND_00429,59.28,0.39838680360483847,1993,0.43929759679951114
CAND_01858,3.2199999999999998,0.1456612982974324,1994,0.439236892000452
CAND_02894,86.88,0.520431289578099,1995,0.43916551982690194
CAND_00448,29.299999999999997,0.30598047278585844,1996,0.43901986013278166
CAND_02104,36.5,0.3279655276065535,1997,0.438971641139928
CAND_02321,34.58,0.3229878897574428,1998,0.4388481650488496
CAND_03345,74.24,0.4540038806111565,1999,0.43881765170872455
CAND_02795,99.08,0.722091545023179,2000,0.43881311846256954
CAND_04385,8.94,0.2100336810920169,2001,0.4387433486347254
CAND_04815,90.12,0.5463310868464899,2002,0.43873953010433114
CAND_00359,83.46000000000001,0.4994570244798788,2003,0.4387306901700564
CAND_00494,21.099999999999998,0.2743157929993081,2004,0.43872491167985306
CAND_01048,86.68,0.5196395718066991,2005,0.4387018744411169
CAND_01697,33.5,0.3195644614331723,2006,0.4386922893550048
CAND_00204,68.76,0.4303015172477698,2007,0.4386547396602815
CAND_02522,52.92,0.37869236935911016,2008,0.4386224498774166
CAND_02282,57.64,0.3927791403588809,2009,0.4386051789828389
CAND_03535,17.32,0.25766192037878916,2010,0.4385966946664803
CAND_00149,91.08000000000001,0.5554791602868645,2011,0.43858945210219574
CAND_03874,51.62,0.37395012060301536,2012,0.4385126140715273
CAND_02335,65.34,0.4192595069418284,2013,0.4384598315739793
CAND_02423,80.46,0.48344097036583705,2014,0.43845857705358005
CAND_03515,16.220000000000002,0.2519451409559578,2015,0.43845845188469607
CAND_01032,85.48,0.5108012671579304,2016,0.4384426617027879
CAND_04814,40.6,0.3400014708637958,2017,0.4384011499956375
CAND_01455,41.28,0.3418568700446104,2018,0.438386105744452
CAND_01874,95.28,0.6076564695734883,2019,0.4383594227083955
CAND_04764,38.440000000000005,0.3335301475362221,2020,0.43832149890634886
CAND_01482,10.42,0.22046282652993895,2021,0.43832059000442936
CAND_00391,5.4,0.17595756047974992,2022,0.43830623113456973
CAND_02531,76.24,0.46334801744064175,2023,0.43827489300917194
CAND_01070,77.0,0.4660950654159891,2024,0.43827401839825975
CAND_01810,86.94,0.5207140187966436,2025,0.43827000687186846
CAND_00937,60.260000000000005,0.4011378633163754,2026,0.43806915503021615
CAND_01670,93.42,0.5788733207015427,2027,0.4380303559558649
CAND_03870,97.22,0.6525851735958264,2028,0.4380268599426738
CAND_04620,85.0,0.5086073470134562,2029,0.43801499119149423
CAND_03761,59.0,0.3973764137109315,2030,0.4380036842014633
CAND_04899,54.620000000000005,0.383849576318103,2031,0.43799935180857963
CAND_01021,89.94,0.5439819189204259,2032,0.43799914276919616
CAND_00509,97.14,0.6506637517380075,2033,0.4379836189059562
CAND_01525,19.919999999999998,0.27038304809203184,2034,0.4379680141234376
CAND_03325,87.08,0.5220342366503655,2035,0.4378413455497452
CAND_03080,84.72,0.5066133404257861,2036,0.43779612239984966
CAND_04671,73.44000000000001,0.4503095364324949,2037,0.4377334600288217
CAND_03029,52.88,0.37861111390038016,2038,0.43772167318627075
CAND_04366,76.55999999999999,0.46426285816277046,2039,0.43770975449296357
CAND_00977,55.86,0.3868685142282076,2040,0.4377065675213646
CAND_00493,97.46000000000001,0.6563378012187001,2041,0.43747122903763946
CAND_03212,27.66,0.30063442383570615,2042,0.4374442803451425
CAND_00502,15.079999999999998,0.24588529495140055,2043,0.4373783779098896
CAND_01454,39.300000000000004,0.3362354080107304,2044,0.4373086082784002
CAND_01029,25.019999999999996,0.2907991685126431,2045,0.4372513559745978
CAND_02552,32.16,0.3141211595483461,2046,0.4371776776768441
CAND_00793,98.92,0.7067679815775711,2047,0.4371698638488918
CAND_02525,43.14,0.34730021055752763,2048,0.4371390914833533
CAND_01609,80.16,0.4818680452327337,2049,0.43700291007674696
CAND_03948,84.61999999999999,0.5061953793298115,2050,0.436916787492757
CAND_04306,36.18,0.3271236805447803,2051,0.43691675264975305
CAND_03626,94.46,0.593930187522898,2052,0.4368576313222614
CAND_03990,72.82,0.4475033735880012,2053,0.4367693514484757
CAND_03258,33.98,0.32114193865377366,2054,0.4367618578723395
CAND_03597,9.8,0.21711938903428496,2055,0.4367469257557407
CAND_03801,82.04,0.49024734316057095,2056,0.43674598570596035
CAND_03114,40.14,0.33876496527454386,2057,0.436685789334003
CAND_01656,34.660000000000004,0.32322451154687737,2058,0.4365838306077561
CAND_01186,58.68,0.39647619348880825,2059,0.4365707310531863
CAND_01238,30.44,0.3098934093244139,2060,0.4365464103390587
CAND_03730,32.1,0.3139974533896741,2061,0.43649056790173263
CAND_03553,71.08,0.43983210308405685,2062,0.4364359555417552
CAND_01460,20.76,0.27321749732022,2063,0.4363769114483191
CAND_03103,16.520000000000003,0.2533597981266151,2064,0.436343556337217
CAND_04011,52.42,0.37653584177415794,2065,0.4362071287724965
CAND_02639,90.62,0.5512558941482683,2066,0.4361795716419474
CAND_00517,83.56,0.49996235640403175,2067,0.43612193858846654
CAND_03749,40.64,0.34022097621552383,2068,0.43604845773987205
CAND_03199,70.84,0.43914387867356025,2069,0.4359972753839127
CAND_04641,67.08,0.42411761992668373,2070,0.4359494451575422
CAND_00189,82.16,0.49128765533064905,2071,0.4359360183054962
CAND_03551,53.02,0.37883752947568483,2072,0.4359214087388289
CAND_02277,84.56,0.505938728172314,2073,0.4359173054971259
CAND_00690,13.84,0.24050509169756842,2074,0.4359051777848162
CAND_03598,51.28,0.3732669523183129,2075,0.43580889147796986
CAND_03495,79.66,0.4791424468501955,2076,0.4357839308272763
CAND_04305,92.10000000000001,0.5657368327321792,2077,0.4356720516034573
CAND_03064,14.02,0.2415059053728111,2078,0.43559071019016565
CAND_04812,20.32,0.2721095915884541,2079,0.4355097279528609
CAND_01601,66.60000000000001,0.42252548115526756,2080,0.4354870304252507
CAND_02398,43.72,0.34896475714810005,2081,0.43543965199771717
CAND_03321,88.16000000000001,0.5287568921637847,2082,0.4353091183895793
CAND_04294,22.759999999999998,0.28160673279029896,2083,0.4353069818686564
CAND_04376,14.34,0.2428554638325429,2084,0.43530478106258297
CAND_04081,59.38,0.39865026920440577,2085,0.4352683582496239
CAND_00737,90.25999999999999,0.5474826835323634,2086,0.43521750181484997
CAND_01649,7.28,0.19743534908071148,2087,0.43501467128332183
CAND_04449,83.34,0.49921619141973694,2088,0.43491416713989756
CAND_01559,43.64,0.34857868420681487,2089,0.4348723590590853
CAND_00867,83.16,0.49710184861555484,2090,0.43479119367142516
CAND_04890,80.06,0.4814373184698634,2091,0.4347633121262237
CAND_02708,96.38,0.6284068613432267,2092,0.4347628580294268
CAND_03998,59.48,0.39897723254647494,2093,0.4347425252161029
CAND_02125,53.42,0.38032792573666524,2094,0.4347160765152942
CAND_04165,57.78,0.3931896491858651,2095,0.4346761508122947
CAND_03802,2.16,0.12342803700322139,2096,0.4346334122771677
CAND_01350,23.98,0.2864670611541707,2097,0.4346264720823447
CAND_03584,77.60000000000001,0.4685140157630596,2098,0.43459894330477106
CAND_03425,88.38000000000001,0.5300736008568735,2099,0.4345947308179899
CAND_04348,89.38000000000001,0.5388183366284997,2100,0.43449065927224717
CAND_03540,46.2,0.356947712165605,2101,0.43439749825725804
CAND_02408,92.78,0.5730691758546932,2102,0.4343316119812023
CAND_03618,15.459999999999999,0.24766282168351123,2103,0.43425639441185543
CAND_03884,74.88,0.45764258688982323,2104,0.43425145318916814
CAND_02726,43.120000000000005,0.34727665182775025,2105,0.4342267054649308
CAND_00218,44.019999999999996,0.3500891615607521,2106,0.4341827537568598
CAND_04941,51.76,0.3742373048676626,2107,0.4341152780746739
CAND_01560,97.5,0.6569692490114962,2108,0.43410643911066005
CAND_00252,2.82,0.13827935579582087,2109,0.43405452906867953
CAND_01301,74.3,0.454549276417661,2110,0.43394604725029245
CAND_03172,36.08,0.3269187741866784,2111,0.4339441652945004
CAND_03143,70.96000000000001,0.43938736617132707,2112,0.43380802960644754
CAND_00505,24.58,0.2888774494159778,2113,0.4337951258682941
CAND_04958,47.24,0.36042264183372974,2114,0.43375370958347964
CAND_02927,38.519999999999996,0.33380822204415883,2115,0.43374965086984885
CAND_01329,64.5,0.4162628210850258,2116,0.4337186392010137
CAND_02912,58.040000000000006,0.3939302651985628,2117,0.4337149665157154
CAND_03742,60.86,0.4028410458842074,2118,0.4336772080105195
CAND_00998,29.799999999999997,0.3072795931185844,2119,0.4336688719333579
CAND_01430,82.84,0.49468051914935224,2120,0.43365299342298813
CAND_03293,35.44,0.32531935402126566,2121,0.43349894507510744
CAND_01471,81.89999999999999,0.48977445385075596,2122,0.4334885568997493
CAND_01507,73.22,0.4491032786689104,2123,0.4334166474817534
CAND_03561,0.8999999999999999,0.08840526412781162,2124,0.4333364769007402
CAND_01153,44.64,0.35188788875370214,2125,0.43332290479921143
CAND_03109,40.36,0.3393471717788319,2126,0.43326878256395884
CAND_00632,48.24,0.3637422248197606,2127,0.43309337235380774
CAND_00220,97.26,0.6528227950933198,2128,0.4329856594596528
CAND_00091,83.64,0.5007262528320181,2129,0.43295169211842915
CAND_04122,46.339999999999996,0.35747861253029234,2130,0.4329451452068995
CAND_01278,21.72,0.2770686469828926,2131,0.43289437877606407
CAND_03793,4.26,0.15947697341299658,2132,0.4328130313897458
CAND_00289,11.12,0.22482306038837768,2133,0.4327397774517498
CAND_02505,5.5,0.17652428645674798,2134,0.43271971652372443
CAND_00467,80.72,0.4842770672408228,2135,0.432662569545479
CAND_01108,11.700000000000001,0.22777354512897252,2136,0.4326484958710548
CAND_04643,7.84,0.20266701927305145,2137,0.43251167912786154
CAND_03248,72.16,0.44451756582068763,2138,0.4323845682036426
CAND_02967,13.320000000000002,0.23739588039274853,2139,0.43228610693647423
CAND_02792,73.26,0.4491552119152935,2140,0.43226320814365415
CAND_00639,91.94,0.56422297147347,2141,0.43215601631214823
CAND_02971,84.52,0.5057116447366289,2142,0.4320002729879656
CAND_01555,57.379999999999995,0.39188338982417037,2143,0.43193012111515255
CAND_03555,30.380000000000003,0.309162076985277,2144,0.4317430578267143
CAND_04957,90.98,0.554712977323905,2145,0.4316407577230179
CAND_00832,92.88,0.5747718435744191,2146,0.4314889928903533
CAND_01565,47.14,0.3602219630625327,2147,0.4314839269213028
CAND_00795,21.04,0.2738947627008141,2148,0.4314778146916461
CAND_01876,88.6,0.5313988039086583,2149,0.43145278955606037
CAND_01561,33.42,0.3193301482921068,2150,0.43139890573392237
CAND_03492,16.7,0.25478285024817127,2151,0.4313485683050321
CAND_04113,51.78,0.3742978400182868,2152,0.43117979545325247
CAND_04174,40.28,0.33922384463441363,2153,0.43113280875507864
CAND_02148,54.52,0.38357252343071196,2154,0.4311013148229622
CAND_01432,58.24,0.3945780562233429,2155,0.4310967910545455
CAND_02888,91.72,0.5613994186143823,2156,0.4310762408532016
CAND_01267,55.14,0.3848527388240583,2157,0.43102209351393517
CAND_01345,96.46000000000001,0.6294883574808442,2158,0.4309607438575639
CAND_04314,55.300000000000004,0.3850807851006338,2159,0.4309093555237391
CAND_03494,37.480000000000004,0.33059660689212855,2160,0.4308974344357456
CAND_00776,47.260000000000005,0.360425152430348,2161,0.4308912346427426
CAND_01424,42.559999999999995,0.34590260210456875,2162,0.4307789560389344
CAND_04575,0.42,0.0663293815343244,2163,0.43067527872899963
CAND_00161,45.14,0.3534506041983776,2164,0.43061244679362054
CAND_00618,84.6,0.5061937327222545,2165,0.43059680494952735
CAND_01943,8.16,0.20487827193945582,2166,0.4305442559836533
CAND_02172,47.12,0.36016276079588955,2167,0.43044030049924475
CAND_01681,97.96000000000001,0.6702841947779948,2168,0.430393616915252
CAND_02126,98.8,0.7007271315793971,2169,0.43030238184722447
CAND_02281,61.12,0.40361269723220017,2170,0.43022239820701325
CAND_04141,20.1,0.27121097503670394,2171,0.4302041812224121
CAND_03256,85.96000000000001,0.5143431704119801,2172,0.430197319819255
CAND_04005,38.800000000000004,0.3345689979939578,2173,0.4301410975421908
CAND_00225,30.56,0.3101522471129797,2174,0.43013517901470905
CAND_00978,50.22,0.3697135245452776,2175,0.43008705263192626
CAND_03769,80.38,0.48286822455915335,2176,0.4299836163670495
CAND_01774,85.14,0.5090387429000699,2177,0.42991160492688313
CAND_01711,72.26,0.44483555114819057,2178,0.4298854302253046
CAND_03869,71.64,0.4424470200581688,2179,0.42987889157565173
CAND_00337,93.56,0.5808010212716681,2180,0.42986989793055563
CAND_04087,85.52,0.5113561055144695,2181,0.4298350385322894
CAND_03073,58.36,0.3953239719435103,2182,0.4298031983640415
CAND_03480,22.42,0.28022971527425283,2183,0.4297617681949764
CAND_04826,70.06,0.43601332245973834,2184,0.4297539877708221
CAND_03583,4.24,0.15936363115479316,2185,0.4296412174056853
CAND_03004,52.480000000000004,0.3768407435454521,2186,0.42957744198530057
CAND_00070,21.44,0.27589271327303516,2187,0.42953096024526627
CAND_00882,79.86,0.4801164756832265,2188,0.42941855019064273
CAND_01324,45.519999999999996,0.35441090509807033,2189,0.429361789397064
CAND_00893,92.36,0.5675794291695413,2190,0.4293037803258537
CAND_02546,98.66,0.6971246511230728,2191,0.42928523030613014
CAND_03058,45.86,0.35550086986538443,2192,0.4291291291029922
CAND_00992,66.32000000000001,0.4217943963613118,2193,0.42912483122444667
CAND_02953,84.08,0.5029973972047125,2194,0.4291029816990403
CAND_03647,3.9600000000000004,0.15562747650537512,2195,0.4290249602318334
CAND_01369,7.08,0.19455849543032033,2196,0.42900903575170213
CAND_03387,81.02000000000001,0.4859759788850434,2197,0.429007252990588
CAND_00014,61.36000000000001,0.4042394048656761,2198,0.4289049345138286
CAND_03131,41.6,0.3428193057916414,2199,0.4287757250646115
CAND_04913,9.36,0.21420887198698843,2200,0.428756105642058
CAND_04988,44.1,0.35022681364539493,2201,0.42873886233423797
CAND_00750,39.2,0.3359086829760032,2202,0.4286634758228691
CAND_00341,91.74,0.5619734996375355,2203,0.4286294893734397
CAND_00605,87.58,0.5249625163707337,2204,0.4285890685027599
CAND_02696,21.64,0.27677288687179435,2205,0.42858779133549874
CAND_02158,98.61999999999999,0.6964499976007268,2206,0.4285307102962933
CAND_01003,75.78,0.4617792452581229,2207,0.428530492488429
CAND_03672,57.879999999999995,0.3935182887841379,2208,0.4284973187103367
CAND_01995,35.099999999999994,0.32433298098982577,2209,0.4284125643583684
CAND_03651,60.78,0.4026039568670643,2210,0.4283287763671662
CAND_03349,25.900000000000002,0.29457310710677226,2211,0.42831460104468977
CAND_01143,90.08,0.5454577432873142,2212,0.42831403354113917
CAND_04659,99.4,0.7516173304121657,2213,0.4282609326712042
CAND_03193,98.04,0.6755670142901115,2214,0.4282561317189507
CAND_00056,84.36,0.5047450669123941,2215,0.42824957434650723
CAND_02791,83.74000000000001,0.5012023048512344,2216,0.42822312702222104
CAND_00190,92.80000000000001,0.5732731800757486,2217,0.42813801267823204
CAND_00004,7.720000000000001,0.20176651555124236,2218,0.42810021350340155
CAND_04538,21.18,0.2747647662506385,2219,0.42802925037689876
CAND_00043,93.2,0.5768297682686078,2220,0.4279792061022669
CAND_03122,53.98,0.3813944871875765,2221,0.4279489680427161
CAND_02404,16.12,0.2514919496138463,2222,0.4278846786704476
CAND_03804,83.1,0.4969663426826921,2223,0.42780618054758335
CAND_03973,42.08,0.34440571947227683,2224,0.42779843880600904
CAND_01829,72.08,0.4443715376168688,2225,0.42773925919393696
CAND_00215,71.16,0.4401248972632369,2226,0.4276777108449869
CAND_02681,83.52000000000001,0.49973895884444675,2227,0.4275053936271993
CAND_04995,47.04,0.3600216173247073,2228,0.42748210609046566
CAND_03872,72.66,0.4469938548206232,2229,0.42744195405315233
CAND_02306,47.86,0.36259731349185553,2230,0.42737475438310135
CAND_02055,49.559999999999995,0.3672801417959423,2231,0.42737401328706554
CAND_04779,0.74,0.08406302876386758,2232,0.4273322113541971
CAND_03014,94.19999999999999,0.589645141468836,2233,0.42728042872813027
CAND_00044,92.28,0.5672268638412229,2234,0.42726257764255965
CAND_02248,81.86,0.489630237516296,2235,0.4272610751268182
CAND_02856,41.4,0.34222002288176007,2236,0.42725931895737385
CAND_04256,22.58,0.28100971822663506,2237,0.42721162526271816
CAND_00417,14.979999999999999,0.24515813020135488,2238,0.42716027125142203
CAND_04359,3.08,0.14285891909959356,2239,0.4271517761027178
CAND_00766,51.739999999999995,0.37416404337671727,2240,0.4271412814562806
CAND_04523,40.1,0.3386921942836122,2241,0.4271302344450294
CAND_00986,22.06,0.2787176522997847,2242,0.4271214323188622
CAND_03994,81.64,0.488358889894977,2243,0.4270545493352305
CAND_01967,44.92,0.35283613237803363,2244,0.42699476570054784
CAND_02470,22.400000000000002,0.2801988973171758,2245,0.42697599651314777
CAND_01937,19.5,0.26831435503257217,2246,0.42693210856596964
CAND_00589,87.2,0.5227186940575446,2247,0.4268760609412566
CAND_01668,63.800000000000004,0.4136006011559802,2248,0.4267593869617317
CAND_04450,78.16,0.47171908556438297,2249,0.42666724320969124
CAND_00613,6.4799999999999995,0.18791786898040724,2250,0.4266546872997675
CAND_02348,28.64,0.30411616810076614,2251,0.42662796951983883
CAND_01553,17.0,0.2565219771436332,2252,0.4265619015934056
CAND_02013,12.5,0.23338306012714846,2253,0.42655293654776344
CAND_00506,29.32,0.3059960244932213,2254,0.4264326694977517
CAND_00522,21.48,0.27594438227549434,2255,0.42640050792285666
CAND_03505,90.52,0.5500591783236233,2256,0.4263972376730727
CAND_01853,89.86,0.5427437486374498,2257,0.4263346510571411
CAND_00809,37.2,0.3297816574297072,2258,0.42632053699354894
CAND_03818,79.14,0.4762849813516156,2259,0.4262941268138677
CAND_03557,50.44,0.3707238118948727,2260,0.42627086029594163
CAND_03081,4.62,0.16462903454151764,2261,0.4262041326761129
CAND_02085,5.88,0.18089542063472397,2262,0.4261935585220443
CAND_04274,19.02,0.2662233404502487,2263,0.42616106428155187
CAND_01701,90.10000000000001,0.5462541551771479,2264,0.426151913164595
CAND_04417,64.4,0.41594464085962674,2265,0.42609991683510856
CAND_03655,36.480000000000004,0.327930322096489,2266,0.4260340680702635
CAND_00083,28.74,0.30443159776716466,2267,0.42593812426333016
CAND_01458,96.64,0.6342418293198645,2268,0.4259084380982506
CAND_04974,65.0,0.41783247244921573,2269,0.4258782760243869
CAND_02626,90.56,0.5501620027922405,2270,0.4258573993859882
CAND_00889,69.32000000000001,0.4326177449790615,2271,0.42585150738776123
CAND_04982,15.4,0.24751415948459424,2272,0.42578638496561927
CAND_03360,47.5,0.3611086731937364,2273,0.4256781217290687
CAND_01445,35.14,0.3243591223673382,2274,0.4256506033031041
CAND_00783,64.94,0.41765365225876466,2275,0.4256440334410021
CAND_04212,21.279999999999998,0.2754014987514249,2276,0.4256415516106953
CAND_04591,6.58,0.18933374099884817,2277,0.4256071994282337
CAND_00729,44.800000000000004,0.3521850489974231,2278,0.42543647795928374
CAND_01435,97.92,0.6688788322815731,2279,0.4254080871264227
CAND_02129,68.60000000000001,0.42940739149681106,2280,0.4253525539925197
CAND_04360,0.96,0.08949518017407622,2281,0.4253328224039171
CAND_03315,62.96000000000001,0.41079943303682154,2282,0.4253260145967077
CAND_00761,84.17999999999999,0.5033839549822603,2283,0.425270959200433
CAND_01154,81.34,0.48747339395877526,2284,0.42523185457138846
CAND_04300,63.94,0.4139157595768215,2285,0.4252155165213914
CAND_00229,11.74,0.22804394892169783,2286,0.4252108784481309
CAND_04622,93.28,0.5774086956667569,2287,0.4251984620452107
CAND_04943,37.46,0.330579945211759,2288,0.4251798936519825
CAND_02597,54.339999999999996,0.38275613478486453,2289,0.4251317291026864
CAND_04192,4.3,0.1597184305049112,2290,0.425047981567341
CAND_00782,32.5,0.3153536497771928,2291,0.42504239018364226
CAND_02987,18.92,0.2657945933476596,2292,0.4250200937869222
CAND_03271,89.1,0.5349431411757044,2293,0.42496731483294997
CAND_02724,28.939999999999998,0.30496103877536646,2294,0.4248938983677347
CAND_04794,62.88,0.41064031922837946,2295,0.4248542127530392
CAND_01287,32.78,0.3161000975544495,2296,0.424731161370477
CAND_04875,59.24,0.39823502715079134,2297,0.4246690497032343
CAND_03328,87.44,0.5241152748010349,2298,0.4246279051295129
CAND_04585,9.82,0.2171851967948509,2299,0.42445688961357847
CAND_00441,31.34,0.3124358988838407,2300,0.4243811998826
CAND_03772,6.619999999999999,0.18955750865737608,2301,0.42434875486893503
CAND_00544,2.46,0.13169833740617498,2302,0.4242857017762227
CAND_04095,81.74,0.4884920946286273,2303,0.4242070572730495
CAND_01486,1.82,0.11548810350578832,2304,0.4241376007971781
CAND_00182,0.6,0.07679491767878764,2305,0.4240920472313993
CAND_02245,67.06,0.424079916038778,2306,0.4240580241061857
CAND_00811,53.76,0.3809618131014784,2307,0.42403822702262417
CAND_00142,26.06,0.2950040676618422,2308,0.42389831680117585
CAND_02548,90.66,0.5513596628653737,2309,0.42385389267255535
CAND_02416,4.04,0.15624048241314326,2310,0.4238538737443667
CAND_01925,23.119999999999997,0.2828200866628922,2311,0.4238326439291411
CAND_03762,92.22,0.5664341599215698,2312,0.42380189922110023
CAND_04525,84.0,0.5029118053131134,2313,0.4237205269791439
CAND_02982,80.96,0.48559766533248555,2314,0.4237195859366542
CAND_02739,96.14,0.6234597592737235,2315,0.4236174201228369
CAND_01081,96.17999999999999,0.6252612173689422,2316,0.4235890504335654
CAND_00223,53.480000000000004,0.3804014680182152,2317,0.42357348324660904
CAND_03320,22.34,0.2799683697000497,2318,0.42356955982789096
CAND_01150,26.36,0.2959383535856905,2319,0.4235505363334948
CAND_01198,55.34,0.3851490442688354,2320,0.4235192015777107
CAND_03927,15.72,0.24893809047506585,2321,0.42349695942377796
CAND_01808,92.7,0.5717588799712573,2322,0.4234621767081006
CAND_04767,7.7,0.20156941278515675,2323,0.42322644011933896
CAND_04880,84.04,0.502925632593355,2324,0.4231884227636278
CAND_03401,33.68,0.32035504005633364,2325,0.4230880920885191
CAND_02808,69.34,0.4326186219289457,2326,0.4230798618608939
CAND_04829,38.84,0.3346988131916743,2327,0.42295352882050047
CAND_00804,16.82,0.2552750328076976,2328,0.4229510934998102
CAND_04369,86.82,0.520223686254675,2329,0.4228722485663088
CAND_01376,16.24,0.25197087802255214,2330,0.4228308490808681
CAND_00817,30.240000000000002,0.30865839189013244,2331,0.42282402580717543
CAND_03466,90.2,0.5472287855593868,2332,0.42278833471991706
CAND_04254,34.36,0.32238125185065125,2333,0.42278709715035745
CAND_03215,64.92,0.41749453194162955,2334,0.4227824585166067
CAND_03066,8.799999999999999,0.20939827247345943,2335,0.42277317762094224
CAND_01542,75.26,0.4591931637510479,2336,0.42261948197970045
CAND_04983,10.82,0.22293387963859074,2337,0.42253090662764503
CAND_03163,89.18,0.5357041479135415,2338,0.4224776935971918
CAND_02480,59.88,0.40005428161357715,2339,0.4224032964026603
CAND_01923,35.160000000000004,0.3243684402648728,2340,0.4223499935561945
CAND_04323,59.86,0.39985623763256695,2341,0.422302044820663
CAND_01360,53.2,0.3794798184105858,2342,0.42229162098653217
CAND_03092,19.939999999999998,0.27046894669841876,2343,0.4222787461510036
CAND_01987,98.72,0.6979249913333683,2344,0.4221976814845259
CAND_01494,87.28,0.523298599731984,2345,0.42219255094210917
CAND_02670,78.36,0.47288240881020005,2346,0.4221841639113432
CAND_03313,95.86,0.618564114749246,2347,0.4221665913870019
CAND_01191,54.17999999999999,0.38229781284420783,2348,0.42209049001007687
CAND_02204,63.959999999999994,0.41393874760002675,2349,0.42200755747995544
CAND_00758,32.72,0.31604405725050155,2350,0.42193782221330534
CAND_02194,30.0,0.3079740846622811,2351,0.4219018518539115
CAND_03711,86.61999999999999,0.5195124322755983,2352,0.4218678843568212
CAND_02183,81.42,0.4875756534752912,2353,0.4218547487197314
CAND_00705,58.98,0.39729238684129203,2354,0.42178566485525365
CAND_02583,89.0,0.534204762081046,2355,0.42177203044677747
CAND_02182,51.66,0.37403981268855996,2356,0.42175443011095015
CAND_03628,70.5,0.4375350546600963,2357,0.42172296575449286
CAND_04726,92.82000000000001,0.5733702353031487,2358,0.42172280627093134
CAND_03133,38.24,0.33311606066811,2359,0.421696916304116
CAND_02363,96.26,0.6265742467046009,2360,0.4216366899765138
CAND_00192,79.82000000000001,0.4798146338845907,2361,0.4216276340685567
CAND_01245,69.14,0.4317165074584739,2362,0.42145774280751425
CAND_03832,61.019999999999996,0.40342440660566237,2363,0.421448506361045
CAND_01109,89.96,0.5439935784677971,2364,0.42143945355261825
CAND_03383,28.58,0.3039749938177172,2365,0.4213890694568647
CAND_01740,45.839999999999996,0.3551847033829434,2366,0.4212805775245489
CAND_03369,23.34,0.2837382020684822,2367,0.4212682168460745
CAND_04648,42.76,0.3462045402188377,2368,0.42112118904467966
CAND_03507,89.72,0.5412939537938044,2369,0.42106403259279396
CAND_04230,61.28,0.40408626540955067,2370,0.42103076861476313
CAND_01946,95.58,0.6138630682415608,2371,0.4210166856191238
CAND_04811,37.9,0.33169147364031837,2372,0.4208192097428427
CAND_03375,19.16,0.26664003750898624,2373,0.42071223726111057
CAND_02617,71.12,0.4400761027159469,2374,0.4207028697625341
CAND_03201,95.44,0.6110332770588746,2375,0.4206698750461293
CAND_02890,62.980000000000004,0.41094009434020895,2376,0.4205832314365541
CAND_00389,83.12,0.4970417266637297,2377,0.4205591547959845
CAND_02593,71.44,0.44113646062331363,2378,0.42045735276806595
CAND_03255,87.76,0.5261247339238886,2379,0.4204271942663882
CAND_04952,91.46,0.5587761655420095,2380,0.4203736092222085
CAND_01404,36.980000000000004,0.32936479040272476,2381,0.4203241079406017
CAND_00830,82.32000000000001,0.4925541952012784,2382,0.42027148408563314
CAND_03739,62.63999999999999,0.40930980563017194,2383,0.42012193735180037
CAND_03252,42.16,0.3445815815745382,2384,0.4201109811332802
CAND_02743,70.0,0.4352742988788822,2385,0.4201047510145741
CAND_00197,2.1399999999999997,0.12335824111136467,2386,0.4200670467592675
CAND_03928,83.3,0.4986989171940876,2387,0.4199790155431716
CAND_00392,2.18,0.12393689059141497,2388,0.41989336735365856
CAND_02863,58.699999999999996,0.3965237807452277,2389,0.4198918002050185
CAND_04756,98.58,0.6938654212754237,2390,0.41984347119740056
CAND_04193,48.26,0.363743100780429,2391,0.4196974864313217
CAND_04205,16.28,0.2521066885950977,2392,0.41968073623984714
CAND_03272,42.480000000000004,0.3456020581528381,2393,0.41958132994988406
CAND_04396,24.34,0.2877997354448354,2394,0.41956366815003265
CAND_00820,56.08,0.38737577555866437,2395,0.4194139764441196
CAND_04356,90.53999999999999,0.5501479710416789,2396,0.4193657893642691
CAND_02257,88.92,0.5336128035927644,2397,0.41932482081023603
CAND_03607,84.2,0.5033874659252192,2398,0.4193237011318817
CAND_01509,64.84,0.4173514082605253,2399,0.4191497706594725
CAND_00022,36.64,0.3283173728670352,2400,0.419091592782536
CAND_03025,62.480000000000004,0.4090146088738748,2401,0.41906355114865523
CAND_02497,80.5,0.48356593586702307,2402,0.41905047068597606
CAND_04946,97.34,0.654819328744651,2403,0.4190310903491594
CAND_03208,45.22,0.3536738190745681,2404,0.41894329924301615
CAND_04162,16.16,0.25172487701971774,2405,0.41894195037244164
CAND_01033,27.400000000000002,0.2994972571589162,2406,0.4189293116913094
CAND_04134,97.38,0.6550453767524401,2407,0.4188691964269
CAND_01400,44.5,0.3515168484071768,2408,0.41886077965542723
CAND_00645,33.339999999999996,0.3187680980848848,2409,0.41882672371758756
CAND_02469,27.0,0.2982279419570179,2410,0.4187458962453719
CAND_03648,44.56,0.3516006208278859,2411,0.41871137241199397
CAND_02749,83.14,0.49705013596359016,2412,0.41869355180220125
CAND_00024,54.48,0.3834659301508825,2413,0.4186595772320384
CAND_02563,95.72,0.6156135693864656,2414,0.41865716224119215
CAND_02103,73.08,0.4486681087650932,2415,0.418654333652372
CAND_01918,11.72,0.22784497699680395,2416,0.41858818016449667
CAND_01326,48.699999999999996,0.36489386508546073,2417,0.41839082517774306
CAND_03406,1.6400000000000001,0.11105634901171607,2418,0.4183046281657131
CAND_00659,11.799999999999999,0.22850260995946836,2419,0.4182228554730472
CAND_03020,78.22,0.472014090442343,2420,0.4182056308122579
CAND_01281,13.600000000000001,0.23858063670106147,2421,0.41816743244673316
CAND_00955,68.54,0.4292183332482107,2422,0.4181528679697232
CAND_02767,44.519999999999996,0.35152063942799416,2423,0.41792765654861824
CAND_04190,39.14,0.3357603866755974,2424,0.41781338824154673
CAND_04157,50.8,0.3717608798762622,2425,0.417770848024153
CAND_04803,20.200000000000003,0.2717755530082749,2426,0.41776788965040856
CAND_04896,89.5,0.5399276720366988,2427,0.41775714605691555
CAND_00583,53.38,0.38032162290620614,2428,0.4175823412936762
CAND_02786,93.32000000000001,0.5779599476143896,2429,0.41754007118008984
CAND_04904,37.019999999999996,0.3294091697914324,2430,0.4175302519599222
CAND_02814,33.94,0.3211146112926113,2431,0.41744278852908373
CAND_03003,82.0,0.4899945085525656,2432,0.4174376597978785
CAND_02848,85.94000000000001,0.5142993835073791,2433,0.41717786557851133
CAND_01256,69.06,0.43124315572199945,2434,0.4171432458799521
CAND_04801,93.38,0.5788449881683857,2435,0.4171064800472961
CAND_01304,50.839999999999996,0.372020378287835,2436,0.4170824321564836
CAND_00515,96.06,0.6220600023832359,2437,0.4170467416862491
CAND_00355,43.519999999999996,0.3482756273103018,2438,0.41699650245122444
CAND_01531,92.25999999999999,0.5671989842121476,2439,0.41691124047047984
CAND_02027,74.7,0.45629371550813574,2440,0.41677485480421056
CAND_02236,40.48,0.33961869827404156,2441,0.4167704437876175
CAND_00594,84.22,0.503426983462747,2442,0.41669576517575896
CAND_04112,92.5,0.5693698585245495,2443,0.4166856286412141
CAND_02285,9.68,0.21670406244570767,2444,0.41662436460808466
CAND_04133,65.48,0.41960236165540077,2445,0.41660653260206537
CAND_04706,82.62,0.49417338332315003,2446,0.4165895354758987
CAND_02060,72.56,0.446483522409027,2447,0.41650190972876405
CAND_03528,53.04,0.37890451918936463,2448,0.4163204434932801
CAND_03673,11.98,0.2294563768762485,2449,0.41614779308260963
CAND_01847,50.96000000000001,0.372406868375779,2450,0.416134374997303
CAND_00660,56.620000000000005,0.388951856725385,2451,0.41610036551957136
CAND_00439,57.52,0.39239704401583464,2452,0.4160906675295519
CAND_01955,37.8,0.3313986103629661,2453,0.416079811720549
CAND_04677,74.28,0.45453009926975535,2454,0.4160124317930466
CAND_02302,15.879999999999999,0.24956168143838253,2455,0.415970224160908
CAND_04882,79.74,0.47946433168054564,2456,0.4159691015047454
CAND_04615,26.88,0.2980686024547604,2457,0.4158763282155533
CAND_04312,64.56,0.4166447174775034,2458,0.41587591987781836
CAND_01387,93.17999999999999,0.5766388922332863,2459,0.41584714698780456
CAND_02478,13.22,0.23698717011475895,2460,0.41584101717961325
CAND_03809,83.98,0.5027860344615664,2461,0.4158285744771535
CAND_03964,62.62,0.409284684613346,2462,0.415819993617281
CAND_02049,77.10000000000001,0.4665464624315719,2463,0.415779238355878
CAND_04639,28.28,0.3032629048569514,2464,0.41577653248316915
CAND_04825,10.38,0.22026059276023338,2465,0.4157268815276909
CAND_00967,4.8,0.16689079016607836,2466,0.4156581644578543
CAND_02686,31.840000000000003,0.313594877676999,2467,0.41560395410682904
CAND_00222,95.42,0.6101984582377926,2468,0.4155947801781215
CAND_00627,23.72,0.2849994617138186,2469,0.4155545018508743
CAND_04353,21.060000000000002,0.2740665967289981,2470,0.41553748550715075
CAND_01828,32.04,0.3138873934747896,2471,0.41552054224921686
CAND_04129,43.28,0.3477170817242264,2472,0.41549298136970103
CAND_03731,66.5,0.4222644247839787,2473,0.41547966489855703
CAND_03530,91.25999999999999,0.5561687006652184,2474,0.4153755078266084
CAND_02737,42.94,0.3468850561590258,2475,0.4153302675363357
CAND_00749,65.24,0.4190171336757845,2476,0.4152825952167511
CAND_03890,17.68,0.25876883069841644,2477,0.4152140184828461
CAND_01615,39.879999999999995,0.3380327139604208,2478,0.41503616497356594
CAND_01857,10.34,0.21995639822639562,2479,0.4150296935850894
CAND_01877,6.52,0.18805656081712765,2480,0.4150035839577545
CAND_02805,21.14,0.27437313696176663,2481,0.4150000167788557
CAND_02545,67.47999999999999,0.4256645529745417,2482,0.4149685012368009
CAND_01449,72.58,0.44653100972563003,2483,0.41496069017257026
CAND_04850,34.86,0.32367132463455,2484,0.41493299604573153
CAND_02070,32.2,0.31431797283106583,2485,0.4149288493529102
CAND_00481,8.219999999999999,0.2054483975859714,2486,0.4148945525394935
CAND_04136,26.540000000000003,0.2966794415111661,2487,0.41488168041577334
CAND_01092,95.56,0.6130439903374687,2488,0.4148775212608559
CAND_03759,55.1,0.38473288777677717,2489,0.41484814462534414
CAND_03667,3.06,0.14285253798518688,2490,0.41477887426850024
CAND_03386,80.2,0.4820453387696006,2491,0.41469200349620294
CAND_00248,80.02,0.4810585389964011,2492,0.4146426552047767
CAND_01286,76.78,0.46528817142631523,2493,0.41455650854028525
CAND_03953,75.64,0.4609493064118266,2494,0.4144973519206093
CAND_03951,64.1,0.41455437349752616,2495,0.4144708903401974
CAND_00450,91.67999999999999,0.5609089460652567,2496,0.41445310187232953
CAND_01804,67.02,0.4237873334435552,2497,0.4144142979132612
CAND_00143,29.94,0.30785614982497644,2498,0.41437182175980136
CAND_04819,81.8,0.4891768055491904,2499,0.41432014414755935
CAND_04216,91.66,0.5608873705707556,2500,0.414284007152326
CAND_01743,72.88,0.4476584704088056,2501,0.414223830483961
CAND_01899,96.6,0.6332720680145035,2502,0.41421658159021624
CAND_03636,54.74,0.38400361268892447,2503,0.41409435318831234
CAND_00334,94.8,0.5996653245616826,2504,0.4140565131066538
CAND_00415,93.92,0.585595478596246,2505,0.414044359294957
CAND_04972,5.58,0.17712499022072137,2506,0.4140297373439545
CAND_03241,31.28,0.31227542909725253,2507,0.41387137455475725
CAND_01603,61.78,0.40601655151493854,2508,0.413820699195874
CAND_02410,45.64,0.3546648264094753,2509,0.4138104933111062
CAND_02228,7.26,0.1974262873621993,2510,0.41360708962503834
CAND_00674,46.739999999999995,0.3591769912127542,2511,0.41359678842244785
CAND_01164,19.2,0.26680896159060363,2512,0.4135776367982377
CAND_01976,37.08,0.3295350822724972,2513,0.41356531567798194
CAND_03910,14.66,0.24375742839207712,2514,0.41354509027985853
CAND_00419,76.36,0.4638094344694617,2515,0.4135341995864367
CAND_01795,77.42,0.46788539949842356,2516,0.41335788464052414
CAND_03347,61.199999999999996,0.4038209035810843,2517,0.41328962460175345
CAND_02700,30.320000000000004,0.3090048291220695,2518,0.4131717917990284
CAND_04030,69.17999999999999,0.43192811842794826,2519,0.41315815399661704
CAND_01368,91.97999999999999,0.5645990902389628,2520,0.41314602554437313
CAND_04864,77.08,0.466330675819099,2521,0.41305459455822535
CAND_01582,3.5000000000000004,0.15158234203106916,2522,0.4130232316147224
CAND_00796,63.28,0.4116225326274869,2523,0.4130067398211738
CAND_00453,0.58,0.0762889164187996,2524,0.41298396022488226
CAND_04050,78.7,0.47470990997522744,2525,0.4129754042121342
CAND_00556,11.200000000000001,0.22533199356844563,2526,0.4129608519559297
CAND_02777,93.44,0.5794079297691157,2527,0.4129498971081603
CAND_04046,71.32,0.44051349121707584,2528,0.412948915548009
CAND_04800,95.04,0.6036335848269838,2529,0.4128721938072506
CAND_00829,96.92,0.6429508241901498,2530,0.41286583218792283
CAND_03218,86.48,0.5184870931602438,2531,0.4127974401895982
CAND_00069,38.48,0.3336052291474493,2532,0.41277883176493996
CAND_01065,26.640000000000004,0.29718382072411653,2533,0.4127468131807551
CAND_01130,41.0,0.34113114173530507,2534,0.4127428722689318
CAND_03666,19.84,0.26977999438197237,2535,0.41266282863851256
CAND_00465,17.04,0.2565859256464543,2536,0.41265490332665317
CAND_04115,98.48,0.6894849047893035,2537,0.4126520751718735
CAND_00999,90.7,0.5517432114308781,2538,0.4126462243092525
CAND_00026,13.139999999999999,0.2367438164987646,2539,0.41264053060298894
CAND_03954,18.279999999999998,0.26096615870620193,2540,0.4125909790449683
CAND_01960,79.80000000000001,0.4797474182205062,2541,0.4125897861059459
CAND_00315,31.919999999999998,0.3138025814428761,2542,0.41257454426695755
CAND_00179,47.96,0.36289925530834816,2543,0.412552162231943
CAND_03026,76.42,0.4638921466872445,2544,0.4124908357623827
CAND_03005,83.94,0.5027054032358356,2545,0.4124538698927
CAND_03541,53.74,0.3809266147423375,2546,0.4124270856782707
CAND_00657,4.54,0.16304764704115401,2547,0.41241701667653113
CAND_01023,4.9,0.1692609945403154,2548,0.41237688267983796
CAND_00236,29.74,0.3071470061639855,2549,0.41236693827429693
CAND_02550,86.96000000000001,0.5209628620447633,2550,0.4123034517807447
CAND_03446,30.9,0.31120485858084157,2551,0.41226187977156936
CAND_01667,67.52,0.42575541866865224,2552,0.41225553467672676
CAND_01933,19.28,0.26746809879965683,2553,0.41224186337274477
CAND_04086,43.02,0.3470701160764594,2554,0.41223429387413557
CAND_02102,74.14,0.45382346317500016,2555,0.41223149810983206
CAND_00183,5.0200000000000005,0.16998843971242494,2556,0.4122139671007089
CAND_03115,53.86,0.381086645998595,2557,0.4121771052537153
CAND_03940,16.96,0.25624142894071306,2558,0.4121564780486618
CAND_01392,39.34,0.336340634323825,2559,0.4120684635227554
CAND_01784,50.980000000000004,0.37250442425897157,2560,0.41206743282064895
CAND_02689,66.02,0.4208758111604546,2561,0.412063645057233
CAND_00879,22.66,0.28134673433441193,2562,0.4120201834430774
CAND_02116,72.28,0.4448811149213445,2563,0.41199836261853556
CAND_01657,43.5,0.34826740569167425,2564,0.4119579679288358
CAND_03797,52.6,0.37748189219131395,2565,0.41178522073492657
CAND_03184,93.04,0.5758295969669484,2566,0.41177098258117273
CAND_02428,61.38,0.4042889212945797,2567,0.411759533195703
CAND_02788,74.16,0.45386868946844106,2568,0.41170481404646164
CAND_04578,95.0,0.6025582341728506,2569,0.41170416457548953
CAND_03473,65.84,0.42039573494817467,2570,0.4116409272797047
CAND_03594,63.3,0.4117407992580542,2571,0.4116208344246266
CAND_03332,22.28,0.2798614231544884,2572,0.4115882828329151
CAND_02958,34.18,0.32199135976173354,2573,0.41153810330389673
CAND_00381,75.98,0.4624813412632182,2574,0.4114799600788744
CAND_02804,77.32,0.46712900997657625,2575,0.4114521363021268
CAND_02720,32.62,0.31588263374148834,2576,0.411388844951476
CAND_02964,54.92,0.3844572785500834,2577,0.4113761257864609
CAND_01651,76.86,0.4655593495665697,2578,0.4113606146047227
CAND_03524,41.3,0.34193546364803346,2579,0.4113593443079809
CAND_01260,65.08,0.41801808688395076,2580,0.4113014670058943
CAND_04405,78.25999999999999,0.4723346889326223,2581,0.41125472271420965
CAND_02608,45.72,0.3548186149789902,2582,0.4112519141067057
CAND_03110,60.480000000000004,0.40182951893753177,2583,0.41114339374949704
CAND_04364,22.52,0.28064937696138376,2584,0.411121486391272
CAND_03770,92.0,0.5648644331184938,2585,0.411028920533496
CAND_04483,75.76,0.4617328046337744,2586,0.4110038405857116
CAND_00649,96.76,0.6370858670179144,2587,0.4109929854718183
CAND_02087,60.919999999999995,0.4030131020233382,2588,0.4109188359617343
CAND_02493,17.14,0.2570889190668754,2589,0.41086198808277313
CAND_04768,31.44,0.31278617771044354,2590,0.41083388826052913
CAND_03192,37.18,0.32977839107618184,2591,0.41063588990923566
CAND_00268,15.2,0.2466575921359447,2592,0.41058741598373394
CAND_04056,25.34,0.29194753415427716,2593,0.41054731371825065
CAND_02433,80.67999999999999,0.48405213495360855,2594,0.4105362277296289
CAND_01024,55.92,0.38716993148208995,2595,0.4105252114647744
CAND_00375,78.84,0.475295042218098,2596,0.4104744100314014
CAND_00101,89.7,0.5412205728914279,2597,0.4104507814496202
CAND_01616,37.36,0.3303861540348617,2598,0.4104364440555819
CAND_02386,56.599999999999994,0.3888524339308565,2599,0.41041577570293897
CAND_02427,42.82,0.34628723715046184,2600,0.41034224526760954
CAND_00492,55.279999999999994,0.38503486218950905,2601,0.4102564224814176
CAND_04260,27.36,0.29940440582277295,2602,0.41024976931999446
CAND_03210,47.68,0.3619014472048388,2603,0.4101802128283988
CAND_03030,27.92,0.30186303319863655,2604,0.41016765615355044
CAND_02073,53.28000000000001,0.3797641792610299,2605,0.4100768203248136
CAND_02810,79.2,0.4764951576964795,2606,0.4100661304541209
CAND_01358,75.02,0.4583007489017224,2607,0.410053771410964
CAND_04265,1.68,0.11202271553144506,2608,0.4100031645620499
CAND_03635,85.08,0.5087840015487353,2609,0.40996788835443354
CAND_03684,19.06,0.26635254826069626,2610,0.4098950386665802
CAND_00112,10.9,0.22360261302530335,2611,0.40981244683439455
CAND_04085,21.22,0.27513461577097237,2612,0.40970684784791345
CAND_01490,96.98,0.6455071060297238,2613,0.4096801460007414
CAND_03008,46.96,0.3596383590481805,2614,0.4096673966455999
CAND_02220,54.86,0.3843481405694309,2615,0.40966425723027
CAND_03926,86.1,0.5148804950086368,2616,0.4096193893010222
CAND_04243,91.18,0.5559568509535259,2617,0.4096034156314724
CAND_04416,29.12,0.30538564270167007,2618,0.4095866691238367
CAND_00048,73.68,0.45143943209378207,2619,0.4095857069067712
CAND_00767,52.959999999999994,0.37874718608403574,2620,0.40957664176365266
CAND_00298,63.7,0.4129197928420287,2621,0.4095255680725962
CAND_04540,8.3,0.20594712139099258,2622,0.40946987117483824
CAND_01883,72.11999999999999,0.4444300051541019,2623,0.40936674030793824
CAND_00995,64.82,0.417218668120332,2624,0.4093524297576926
CAND_01203,70.92,0.43929451244721757,2625,0.40935033177045504
CAND_03429,47.46,0.3609338442779269,2626,0.4093335932227169
CAND_02704,66.67999999999999,0.4226809216464084,2627,0.4091478894778132
CAND_01399,28.000000000000004,0.30211349325307196,2628,0.40914700235783674
CAND_03043,59.3,0.3984354892620092,2629,0.4091420815152552
CAND_01213,77.88000000000001,0.47009201414785856,2630,0.4091394285197392
CAND_01661,50.92,0.37234787234210087,2631,0.4091095147394623
CAND_01470,39.08,0.3354317994507266,2632,0.40906955770617753
CAND_00003,90.75999999999999,0.5520952819251518,2633,0.40906445407270103
CAND_00803,11.360000000000001,0.22637207856920052,2634,0.40894398097997353
CAND_04879,32.440000000000005,0.31522872782859473,2635,0.40893428547119337
CAND_00902,77.16,0.4665914170125913,2636,0.4089312031893987
CAND_00235,74.0,0.4529273044865273,2637,0.40890005570000987
CAND_02733,35.58,0.32553552331256363,2638,0.4088955637408639
CAND_00599,26.900000000000002,0.2980744784150789,2639,0.40884544422139835
CAND_03338,85.68,0.5124206493479913,2640,0.4088420186912522
CAND_01276,4.88,0.16920516290806292,2641,0.4087658385640741
CAND_01551,67.66,0.4262288979881031,2642,0.4087513749089368
CAND_00683,27.18,0.2985729026522146,2643,0.40873416257517614
CAND_01171,97.54,0.6572990490380073,2644,0.4085496449081045
CAND_04017,91.96,0.5642342263282423,2645,0.40849667943784285
CAND_01120,98.34,0.6856080801667052,2646,0.40843623438170207
CAND_01791,98.6,0.6955486887703349,2647,0.40828725926567755
CAND_03209,77.84,0.47005090657544,2648,0.4082751099915648
CAND_02684,62.8,0.4104734216905638,2649,0.4082710523441151
CAND_04180,49.32,0.3668983993444351,2650,0.40826914122907376
CAND_03435,87.68,0.5258967435135218,2651,0.4082621940838724
CAND_00892,12.540000000000001,0.23353151871072197,2652,0.408260190014857
CAND_00682,82.14,0.4912467604385131,2653,0.4082019125528743
CAND_03984,8.14,0.20468823554387924,2654,0.40812811813539374
CAND_02740,78.53999999999999,0.47418942421711546,2655,0.4080828440802828
CAND_00201,54.08,0.3817541657401814,2656,0.4080296213396448
CAND_04679,41.099999999999994,0.3413698040510567,2657,0.40797164150627785
CAND_01797,37.68,0.3310927332895594,2658,0.40796347285321305
CAND_01282,22.8,0.28167133420946483,2659,0.40796191649065006
CAND_02913,60.14000000000001,0.4009658842784908,2660,0.4079417495790876
CAND_01835,85.64,0.5122475631179915,2661,0.4079347708483503
CAND_01773,66.42,0.42192545322962616,2662,0.4079312037275875
CAND_03402,43.04,0.3470783286837012,2663,0.4079272965178774
CAND_00210,42.04,0.34426810180415285,2664,0.4078772805101606
CAND_01289,57.76,0.3931039585381186,2665,0.40785859194957375
CAND_02893,8.62,0.20833161641438985,2666,0.40775516419375135
CAND_02264,62.32,0.4080951230549447,2667,0.4076837738930955
CAND_02523,10.5,0.22064913358801005,2668,0.40768143173489074
CAND_04757,92.38,0.5676999902904433,2669,0.4076808249318564
CAND_02990,88.86,0.5332311809993016,2670,0.4075840613608526
CAND_04862,94.36,0.5914512989995488,2671,0.4075470431952254
CAND_03680,18.58,0.26243737631252095,2672,0.4074861077106031
CAND_03952,61.6,0.40527581209311087,2673,0.4074790783897344
CAND_03123,57.8,0.3932648969719053,2674,0.4074431057201989
CAND_04858,92.56,0.5700906948394069,2675,0.407385653809583
CAND_01759,8.68,0.20866928656924916,2676,0.4073825579869648
CAND_03076,27.16,0.2985347249113897,2677,0.4073647935570675
CAND_03883,33.839999999999996,0.32083923758787886,2678,0.40729567534614175
CAND_00047,55.900000000000006,0.3870997419485626,2679,0.4072752695062693
CAND_03490,31.94,0.31384836377052844,2680,0.40727491854181935
CAND_04508,62.260000000000005,0.4078461216170961,2681,0.40723094982606955
CAND_03863,91.42,0.5585761494419307,2682,0.4072201199608959
CAND_02640,7.64,0.20128806928711482,2683,0.40714466553612016
CAND_01202,81.16,0.48671409949003025,2684,0.4071345791850762
CAND_02666,26.38,0.2960456547247939,2685,0.40710296650604383
CAND_00573,63.839999999999996,0.41377905384874875,2686,0.4070819169685683
CAND_01103,7.199999999999999,0.19692446285278267,2687,0.4070579140019609
CAND_01998,33.72,0.3204346473493056,2688,0.40702574952295856
CAND_00527,54.14,0.3821632167885567,2689,0.40696460483686264
CAND_04019,95.38,0.6099443090025437,2690,0.4068310741579394
CAND_04124,4.44,0.16189491611459675,2691,0.40669201210456807
CAND_04375,29.56,0.3065989637096491,2692,0.40667463318264085
CAND_04902,12.04,0.23024335755684375,2693,0.4066254414372052
CAND_04708,17.2,0.25727355379083827,2694,0.4065079451173204
CAND_01730,74.26,0.45403145016368973,2695,0.4064744118327721
CAND_01031,15.040000000000001,0.24572328588958514,2696,0.40647102726514506
CAND_03936,88.66000000000001,0.5323133787541512,2697,0.4064456017943189
CAND_04096,92.08,0.5653925422835938,2698,0.40641747125248073
CAND_04337,69.0,0.43091424529984534,2699,0.4063475799156283
CAND_03725,88.82,0.5330836404024027,2700,0.4062764919050043
CAND_00878,96.96000000000001,0.6454545583959274,2701,0.4062691852371792
CAND_00732,91.34,0.5573493418761314,2702,0.40626413835769637
CAND_01515,35.46,0.3253274933618647,2703,0.40618391686036115
CAND_03588,15.22,0.2466760053608771,2704,0.4061690145926812
CAND_00843,78.14,0.47167794899133086,2705,0.4060576552216191
CAND_03049,3.7800000000000002,0.15399485933269952,2706,0.4060262932717206
CAND_00414,84.8,0.507103251892724,2707,0.40596998691344427
CAND_03116,15.76,0.24899127387280312,2708,0.40595318859062524
CAND_03077,82.69999999999999,0.49433343569909166,2709,0.4059434589633303
CAND_01233,17.36,0.25777486089963114,2710,0.40591186501403514
CAND_04118,84.26,0.5035587608233542,2711,0.40587309940048
CAND_01421,61.419999999999995,0.40450694542800697,2712,0.4056372476668129
CAND_01218,92.64,0.5710764027025583,2713,0.4056348910309941
CAND_00469,16.439999999999998,0.2530472482050655,2714,0.40561018196278786
CAND_03593,40.9,0.3409457251001061,2715,0.40557267347387344
CAND_03194,76.75999999999999,0.46526356876651015,2716,0.4055615164982769
CAND_03892,45.019999999999996,0.35322760540531356,2717,0.40547870455265467
CAND_03034,85.9,0.5137622239153505,2718,0.40544598281903
CAND_03526,30.04,0.30814719552488895,2719,0.40539026351602814
CAND_02771,96.16,0.625077132933582,2720,0.40537021978811033
CAND_02908,65.52,0.4196281098475779,2721,0.4052985086036075
CAND_03024,60.18,0.4010659914318639,2722,0.40528497178763767
CAND_02266,22.82,0.28168281636710907,2723,0.40513555932345513
CAND_00296,34.300000000000004,0.3222086010607666,2724,0.40510211207297764
CAND_01862,81.12,0.48639759303382113,2725,0.4050836681255077
CAND_02227,76.44,0.4640331122640008,2726,0.4050833873122908
CAND_03319,34.92,0.32390915778562684,2727,0.4050590693276227
CAND_04971,51.580000000000005,0.37392241480623856,2728,0.40505852886949045
CAND_03621,86.78,0.5201563876394835,2729,0.4050549706741029
CAND_02585,32.4,0.31511600663079015,2730,0.4050532090404214
CAND_01592,77.64,0.4686866673636047,2731,0.4049996122745768
CAND_00791,39.46,0.3368202113872624,2732,0.40499389272909836
CAND_01803,84.42,0.5050056079945979,2733,0.4049856649899304
CAND_00002,27.88,0.301807191251463,2734,0.4049600389987754
CAND_00535,58.08,0.3940692652866994,2735,0.4049415816355587
CAND_00063,43.96,0.34991887271776884,2736,0.40492047302143125
CAND_01613,73.6,0.4512130500495313,2737,0.40491734027134285
CAND_00590,87.33999999999999,0.5238159473918366,2738,0.40491642324115407
CAND_01724,60.31999999999999,0.40125092359690934,2739,0.40487474417584424
CAND_04999,5.779999999999999,0.18000420062282396,2740,0.40486603831137374
CAND_02673,14.7,0.2439190708621421,2741,0.4048607600692645
CAND_03253,19.72,0.26924980603180937,2742,0.40485741766962047
CAND_01522,24.46,0.28816020815267407,2743,0.40478070886171325
CAND_04968,94.74000000000001,0.598822594851269,2744,0.40473402321120217
CAND_04043,47.980000000000004,0.3629145279686576,2745,0.40451197763907176
CAND_02458,93.66,0.5819330235718566,2746,0.40450381333652097
CAND_01312,31.16,0.31211473894746544,2747,0.4044885300531327
CAND_04433,58.9,0.3970441955979223,2748,0.4044733424971577
CAND_03942,70.28,0.43680955177325703,2749,0.4044555652983371
CAND_00240,80.56,0.48370182327144207,2750,0.40443293070659786
CAND_00367,25.5,0.2924557501745959,2751,0.40442173597712905
CAND_00628,98.96000000000001,0.7071605198774213,2752,0.4044031591903092
CAND_01841,3.4799999999999995,0.15136661641949392,2753,0.4043226381005541
CAND_02291,86.5,0.5187624974266912,2754,0.4042724983583067
CAND_01554,10.979999999999999,0.22381522090731354,2755,0.4042646096116433
CAND_02389,98.22,0.6832041319036511,2756,0.40424807210415203
CAND_01539,17.4,0.2578234365370412,2757,0.4042339781384433
CAND_00894,33.56,0.31968544893848017,2758,0.40418507324739095
CAND_04167,19.08,0.2663953340492495,2759,0.40418470874566903
CAND_04777,70.26,0.43679724719833685,2760,0.40416209866129504
CAND_01038,28.860000000000003,0.30469041016418724,2761,0.4041569861505879
CAND_01882,20.48,0.2726571560986186,2762,0.40399220226146626
CAND_00488,89.78,0.542142883809251,2763,0.4039780677553929
CAND_04398,97.74000000000001,0.6629334755056557,2764,0.40392519930804205
CAND_04745,43.6,0.34842864949775953,2765,0.4038730173651406
CAND_00446,75.72,0.4614395344372345,2766,0.40384888750757875
CAND_04827,79.52,0.4787203348614416,2767,0.4037724942763816
CAND_00552,58.14,0.3942206266671822,2768,0.4037650801796255
CAND_01575,68.78,0.4303152183685982,2769,0.40372457564603714
CAND_01041,6.22,0.18483604720493724,2770,0.40368720886060033
CAND_03415,80.10000000000001,0.48158174505673035,2771,0.40365735572379163
CAND_01158,35.82,0.3264456915039613,2772,0.4036116055179736
CAND_01072,78.0,0.4705521721045068,2773,0.4036020162003074
CAND_03040,94.24,0.5904450687381831,2774,0.40353622970383063
CAND_02315,86.36,0.5168715308889752,2775,0.40352406200821045
CAND_02573,57.54,0.39240084385922086,2776,0.4034875227757887
CAND_02980,47.3,0.3605081638111156,2777,0.40344439001451704
CAND_04866,61.919999999999995,0.40646549270307614,2778,0.4034121938959398
CAND_02962,43.84,0.3494488611308905,2779,0.4033985329169514
CAND_01178,65.56,0.41981149549255203,2780,0.40334477266573254
CAND_01796,11.379999999999999,0.22640120196039593,2781,0.4032718271379825
CAND_02136,73.14,0.4489669276743594,2782,0.40321824030676007
CAND_02168,90.48,0.5493368581106376,2783,0.40320045493355283
CAND_00604,76.58,0.46443524864769,2784,0.4031520308362516
CAND_01456,51.559999999999995,0.3738845661878375,2785,0.40314767248645733
CAND_03195,7.3,0.19763098382693925,2786,0.40301286412410453
CAND_01867,46.300000000000004,0.3573959483455094,2787,0.40297750200431065
CAND_03784,7.86,0.20272342871082855,2788,0.40296351552750265
CAND_00675,75.4,0.4595252382569181,2789,0.4029464493049801
CAND_01763,40.26,0.3391260504733431,2790,0.4027855908183923
CAND_02625,53.339999999999996,0.3800289069812439,2791,0.40276428502891637
CAND_00499,55.94,0.38717870514192354,2792,0.40271320840497754
CAND_02606,25.88,0.2944820027124962,2793,0.4026925495795869
CAND_02591,64.78,0.41718614094684164,2794,0.40266355659377384
CAND_00277,80.36,0.48268363248001955,2795,0.4026634381984959
CAND_00973,38.18,0.3328335724476538,2796,0.40266329656500655
CAND_02897,93.06,0.5758324449421082,2797,0.4026135673974611
CAND_00134,66.24,0.4217267667082355,2798,0.4024500977799129
CAND_00813,84.68,0.5064426719683898,2799,0.4024394472440844
CAND_03477,94.69999999999999,0.5984293895279337,2800,0.40236311603341035
CAND_04028,49.9,0.36871654496257306,2801,0.40234807124571026
CAND_04499,40.42,0.3395330347290004,2802,0.40225193356490285
CAND_03589,74.11999999999999,0.4536998849198131,2803,0.40224102805434436
CAND_03124,85.28,0.5098779063391202,2804,0.40217865178129336
CAND_00145,68.24,0.42802873774043637,2805,0.4020861429473446
CAND_04250,38.76,0.3345292831327739,2806,0.4020605449033015
CAND_04273,37.940000000000005,0.3319535185205545,2807,0.40205815557082125
CAND_01659,12.32,0.23267290828759843,2808,0.4020443139745779
CAND_03744,93.14,0.5764205273830847,2809,0.4019654250968894
CAND_04288,34.699999999999996,0.3233199728991782,2810,0.4019218802153697
CAND_01457,78.92,0.47562169588215986,2811,0.40190617147427743
CAND_03335,87.8,0.5265733648608636,2812,0.4018987714276423
CAND_00082,45.2,0.3536679555214008,2813,0.40189181321355716
CAND_02677,8.4,0.20671766776154205,2814,0.4018853750046074
CAND_04975,5.64,0.17779970509754145,2815,0.40183805454469645
CAND_04064,62.839999999999996,0.41057087007295273,2816,0.4016167873644998
CAND_01698,82.58,0.49395626036225615,2817,0.40160163998918097
CAND_01578,50.339999999999996,0.37015472681203454,2818,0.4015640483598406
CAND_02874,84.3,0.5037350553596626,2819,0.4014616753718762
CAND_00001,81.47999999999999,0.4877353089421431,2820,0.40136180978893876
CAND_04138,89.03999999999999,0.5343065219544407,2821,0.4013384308973877
CAND_04500,92.14,0.5658313373623672,2822,0.40120954200721615
CAND_03294,98.24000000000001,0.6833692022791994,2823,0.40118709462273644
CAND_02288,55.44,0.3853501721551473,2824,0.40116390623423126
CAND_03608,33.54,0.31964505523305986,2825,0.4011472053624856
CAND_01757,39.92,0.33825410445517295,2826,0.40110909111293136
CAND_03610,42.9,0.3466330776158688,2827,0.4011041445066249
CAND_00062,83.02000000000001,0.49570172974375465,2828,0.40104977059037894
CAND_00320,8.7,0.208758498117822,2829,0.4009937047427555
CAND_00896,52.019999999999996,0.3751639611133084,2830,0.40098168070646456
CAND_04645,63.82,0.4136349236011821,2831,0.4009338580763549
CAND_02567,77.25999999999999,0.46696810445557274,2832,0.40085165533017464
CAND_03599,53.080000000000005,0.37903477910964983,2833,0.40082437482715716
CAND_00695,48.620000000000005,0.36464252252695367,2834,0.4008231109685114
CAND_01641,91.02,0.5549284249473806,2835,0.4008161950500645
CAND_00917,47.160000000000004,0.3602404564959663,2836,0.40068306274508725
CAND_01253,30.459999999999997,0.30995237598973807,2837,0.40067849682486645
CAND_04612,80.04,0.4812265305691821,2838,0.40062523172100106
CAND_01189,99.72,0.8122348644739066,2839,0.40046723492759595
CAND_00802,73.78,0.45179802586935774,2840,0.4003531144066471
CAND_03094,87.06,0.521766502629978,2841,0.40035144045213256
CAND_04123,6.38,0.18680194942133335,2842,0.400325486958748
CAND_04921,68.5,0.429029652030947,2843,0.40029089104160903
CAND_00316,89.12,0.5350266739942099,2844,0.4002718251531774
CAND_03748,74.58,0.4557517164061336,2845,0.40021331698114193
CAND_00455,79.02,0.4759511240475791,2846,0.400156498068544
CAND_02339,67.0,0.4237742275922529,2847,0.4001443809275799
CAND_00958,15.559999999999999,0.24813218319705269,2848,0.40008608510546034
CAND_04537,87.94,0.5276429286293243,2849,0.4000690449174339
CAND_03682,51.0,0.37258786300422087,2850,0.4000308642901365
CAND_04049,46.6,0.358666477135008,2851,0.4000235502398188
CAND_03675,85.78,0.512979935076687,2852,0.39999718616009766
CAND_02269,47.74,0.3621397830983372,2853,0.3999410571937254
CAND_03067,66.38,0.42188081611021844,2854,0.39992156727648726
CAND_04993,66.75999999999999,0.4228098640830355,2855,0.39980165187675154
CAND_04414,69.86,0.4349958739253123,2856,0.39977299991860815
CAND_03371,80.47999999999999,0.48355598665900085,2857,0.39975593956496813
CAND_04168,93.36,0.5787758781612319,2858,0.39972333176564917
CAND_00962,28.439999999999998,0.3036456013947921,2859,0.39971223333331507
CAND_02785,28.04,0.3025331883228649,2860,0.39966790769488314
CAND_01626,44.48,0.3514709978811531,2861,0.39966185830853296
CAND_03472,88.06,0.5283560667083,2862,0.39964721117840457
CAND_04392,95.96000000000001,0.6209377177510002,2863,0.39962751972352273
CAND_02267,88.46000000000001,0.530584922160462,2864,0.3996167924112538
CAND_03506,25.040000000000003,0.2908723232652366,2865,0.3995179726570112
CAND_04881,84.92,0.5076330310336806,2866,0.39949079600566373
CAND_02211,75.08,0.45852032366914475,2867,0.39943881973795603
CAND_00971,88.53999999999999,0.531024616289925,2868,0.3994260211796243
CAND_01220,95.3,0.6090976750877436,2869,0.39940312312987947
CAND_01635,24.14,0.28669922979944934,2870,0.39938760773520143
CAND_01916,6.1,0.18329504979220496,2871,0.39933862945408766
CAND_04189,86.83999999999999,0.5202778014074483,2872,0.3992857474541475
CAND_00906,84.84,0.5072664057633353,2873,0.39924384144139125
CAND_01442,84.98,0.5083813423863613,2874,0.399158929312191
CAND_01020,89.9,0.543578326126961,2875,0.39914855126818205
CAND_04378,61.839999999999996,0.40627335896172717,2876,0.3990488821864747
CAND_02450,71.72,0.4430773080555908,2877,0.3990395647554571
CAND_01798,28.52,0.30388915009381984,2878,0.3989714831924611
CAND_04872,15.52,0.24797055290469824,2879,0.398966171093674
CAND_01983,22.2,0.2796009419442225,2880,0.39893571790384597
CAND_03032,31.66,0.31321862043404824,2881,0.3988794637640908
CAND_02187,75.7,0.4613229921860197,2882,0.3987798543364783
CAND_04406,32.56,0.31572493787997685,2883,0.39866779069933655
CAND_04223,2.8400000000000003,0.1390150476264527,2884,0.3986118610374694
CAND_04220,61.88,0.40644599131220827,2885,0.39860423649240656
CAND_01071,97.88,0.667938746785913,2886,0.39854356138409636
CAND_04534,54.2,0.3823288759590432,2887,0.39853965251921614
CAND_02412,65.36,0.4193093557108866,2888,0.39851120037595034
CAND_04583,27.900000000000002,0.3018350807323364,2889,0.39842865732172394
CAND_02425,74.52,0.45571576413051906,2890,0.39840079800116956
CAND_01669,11.78,0.22837811282342477,2891,0.39834456231535753
CAND_03974,80.52,0.4835889361498077,2892,0.3982256935423651
CAND_01500,87.12,0.5220661194653899,2893,0.39821832145661923
CAND_03735,57.49999999999999,0.39231590337702543,2894,0.39819679360152005
CAND_04061,8.260000000000002,0.2055848920759,2895,0.3981869385535106
CAND_04051,69.96,0.4352262147109771,2896,0.39811918335234237
CAND_04547,55.52,0.3857226944745405,2897,0.3979491423374529
CAND_03144,63.580000000000005,0.41261168982987556,2898,0.39789253695009863
CAND_03358,43.580000000000005,0.34842555282875,2899,0.39787012534828703
CAND_04623,18.26,0.26094609908863214,2900,0.39783761749713115
CAND_01059,73.54,0.45111393225299184,2901,0.39775572603552295
CAND_00904,0.02,0.0,2902,0.3977438329362529
CAND_04787,96.58,0.6328671382057638,2903,0.39773945692921003
CAND_04210,91.10000000000001,0.555655660017952,2904,0.3977320326025639
CAND_02703,10.68,0.2219472985340068,2905,0.3977288174143024
CAND_02636,24.4,0.28805781692744165,2906,0.39771144780310524
CAND_03126,58.84,0.3968894717152365,2907,0.39758642761072893
CAND_03989,55.16,0.3848640663717363,2908,0.39749797822417654
CAND_03924,9.120000000000001,0.21192609963149817,2909,0.39748955147950626
CAND_01760,57.04,0.39067214432033515,2910,0.3974432332131401
CAND_01719,87.24,0.5230035205840048,2911,0.39743591703518233
CAND_02382,3.18,0.14499832207346952,2912,0.3974012448977119
CAND_01096,74.8,0.45697120384301154,2913,0.39739928245201916
CAND_00176,32.14,0.31408428834276475,2914,0.3973885707597989
CAND_03158,5.26,0.17362171480701308,2915,0.3973280361650121
CAND_02557,27.700000000000003,0.30085379340878554,2916,0.3973086400562704
CAND_01782,73.16,0.44900466614695567,2917,0.397275640687872
CAND_03274,45.08,0.3533160516217706,2918,0.39725945688912034
CAND_01614,87.72,0.5260856866188416,2919,0.3972567740357604
CAND_03413,72.84,0.4475093703659437,2920,0.39714557293856045
CAND_02465,60.12,0.400964831318018,2921,0.39710510758076445
CAND_01652,94.6,0.5970576242236156,2922,0.39704851893738446
CAND_03612,38.98,0.3351022189986681,2923,0.3970276332499936
CAND_04674,87.18,0.52263626321748,2924,0.397015096753561
CAND_03935,4.6,0.16445496510585644,2925,0.3969559169504515
CAND_03496,85.36,0.5101382331266039,2926,0.39685825749831205
CAND_02807,50.54,0.37107125302993976,2927,0.39683556744943516
CAND_01277,65.42,0.41947012830071356,2928,0.3967856962789166
CAND_03688,45.7,0.3548114575064716,2929,0.3967566472417178
CAND_03546,89.14,0.5352472546259628,2930,0.396684650455708
CAND_02821,75.52,0.4603690261256353,2931,0.3966648169084255
CAND_03154,65.02,0.4178735388567293,2932,0.39650787523666436
CAND_00270,57.84,0.3934776094342501,2933,0.39641014370521255
CAND_01802,2.94,0.1415490242840146,2934,0.39634681200417987
CAND_02270,45.78,0.3549970397661193,2935,0.39625400897612684
CAND_00064,20.72,0.2730642732247854,2936,0.39623114299825685
CAND_01872,51.2,0.37310013469650877,2937,0.3961892118334722
CAND_00903,67.17999999999999,0.4244528832856945,2938,0.3961599235169827
CAND_01359,73.64,0.45130655238420436,2939,0.39613764686402814
CAND_01675,12.68,0.23417873873169923,2940,0.3961362075874385
CAND_01492,62.739999999999995,0.4101915624622379,2941,0.39612584233107917
CAND_02142,91.0,0.5548529761277323,2942,0.3961076739610005
CAND_03295,29.42,0.3062089062663975,2943,0.3960237311647904
CAND_01264,53.580000000000005,0.3805411012520542,2944,0.39598244655587417
CAND_03147,73.1,0.4488922925630441,2945,0.3959394132119343
CAND_02436,42.54,0.34587515588930895,2946,0.3958893677405507
CAND_04987,20.26,0.271957947073069,2947,0.39577369959155584
CAND_02370,8.72,0.20884990099971443,2948,0.3956454762435583
CAND_00800,27.46,0.29996162419373484,2949,0.39548456912151453
CAND_04919,56.940000000000005,0.39009518775575097,2950,0.3954585244172123
CAND_03087,42.1,0.3444730691352404,2951,0.3954393754026969
CAND_04799,82.26,0.4922371358796039,2952,0.39540710420601693
CAND_02287,39.24,0.33609132010707404,2953,0.39535437827551484
CAND_02332,31.259999999999998,0.3122152585478889,2954,0.39533016987669534
CAND_00023,12.379999999999999,0.23275115635606625,2955,0.3952852187704887
CAND_00168,71.0,0.43950009697216386,2956,0.39526943256081487
CAND_00838,53.059999999999995,0.3789150978139989,2957,0.3952413792957254
CAND_03875,65.64,0.4199598898487172,2958,0.3952357168197405
CAND_02075,20.06,0.2707789636523133,2959,0.39521557307564303
CAND_01589,16.14,0.25162475040664434,2960,0.395190607094409
CAND_04793,56.00000000000001,0.38726685902024927,2961,0.39518964462218764
CAND_00828,17.16,0.2571145014786182,2962,0.39498959443664083
CAND_00942,22.08,0.27873389818022765,2963,0.3949819287541011
CAND_00744,39.28,0.3361879248517897,2964,0.39498113511759947
CAND_00247,30.48,0.30995424542494465,2965,0.3949541358613797
CAND_04484,72.36,0.4454719775508042,2966,0.3949469579593877
CAND_02403,95.12,0.6057289621702303,2967,0.39492321918706114
CAND_04729,92.16,0.5659367384695123,2968,0.39488647404003707
CAND_00851,82.28,0.4924036735505817,2969,0.3948618524386073
CAND_02466,83.82,0.501797810047453,2970,0.39481645041089714
CAND_00398,73.34,0.44961631096716526,2971,0.3947447173137125
CAND_02056,88.64,0.5314956626433454,2972,0.39468057441239773
CAND_04156,33.300000000000004,0.3184365475965277,2973,0.39465241733188317
CAND_00623,77.8,0.46956887631759286,2974,0.39463900004658975
CAND_04698,54.44,0.3833479256559026,2975,0.3946317696116026
CAND_01599,36.42,0.32787186479044567,2976,0.3945868829965065
CAND_01378,70.6,0.4380786443730154,2977,0.39456839365648744
CAND_01577,3.26,0.1467600951122087,2978,0.3944969475204373
CAND_03063,84.58,0.5059507475027203,2979,0.39444244975889353
CAND_04018,35.980000000000004,0.32678651663705194,2980,0.3944340128033306
CAND_04940,50.18,0.3696730660296163,2981,0.39440021171175654
CAND_02234,54.800000000000004,0.3841633901879582,2982,0.394370614613045
CAND_02019,81.39999999999999,0.4875350344515758,2983,0.39435571930138036
CAND_04211,20.8,0.2732465738428835,2984,0.39427655050808386
CAND_02949,76.64,0.4645415493438349,2985,0.39425283244336756
CAND_02921,65.38000000000001,0.41933902464192985,2986,0.39424967224984087
CAND_04158,0.48,0.07066205632302573,2987,0.39417511622501034
CAND_04286,3.42,0.14879929128297487,2988,0.39409734080556386
CAND_01300,70.34,0.43712171668150984,2989,0.3940372462230738
CAND_04186,50.28,0.36988726926041815,2990,0.394036237102123
CAND_01817,88.96,0.534028918283603,2991,0.39397852540268663
CAND_02052,61.660000000000004,0.4054183584373806,2992,0.3938987911283419
CAND_03438,98.36,0.6861260953333823,2993,0.39387189254980426
CAND_00287,28.799999999999997,0.30453443844696493,2994,0.39383702061413794
CAND_00350,60.440000000000005,0.40175429427539405,2995,0.39382149509336994
CAND_00370,52.339999999999996,0.37625143833568103,2996,0.3937803923734314
CAND_02009,40.94,0.34101895368088736,2997,0.3937413322806411
CAND_02446,66.66,0.4226608690036941,2998,0.39362029757927586
CAND_03705,49.72,0.36791705337322933,2999,0.39361115643117806
CAND_04185,3.1,0.14302674857099149,3000,0.393594811915
CAND_01371,78.32000000000001,0.47270404494331897,3001,0.39355265714075804
CAND_03439,31.4,0.3125627995432105,3002,0.3934863360011605
CAND_04755,23.68,0.28494278677960755,3003,0.39333579029138716
CAND_01961,50.1,0.3695284250611083,3004,0.393325190112626
CAND_00427,72.02,0.44395019981413003,3005,0.3933070579437085
CAND_02783,47.22,0.36040083622582497,3006,0.3932188603779823
CAND_01261,44.16,0.3507075544113171,3007,0.3931971301215107
CAND_00717,74.82,0.45716536200922175,3008,0.39301181581011624
CAND_01597,2.96,0.14176362499671125,3009,0.3930096249858359
CAND_03414,53.900000000000006,0.3811548571100311,3010,0.39300676377589333
CAND_01290,43.38,0.3478580550958079,3011,0.3930039234710709
CAND_04142,42.64,0.346047335184656,3012,0.39297511627492365
CAND_02190,12.839999999999998,0.23482706273400278,3013,0.3929665547526485
CAND_03751,64.7,0.41695210696688945,3014,0.39295826224503594
CAND_00921,71.54,0.4415327126825367,3015,0.39290229842486357
CAND_02992,77.52,0.4683025237487839,3016,0.3928497080667963
CAND_02623,41.02,0.34123220022410317,3017,0.39280805808433955
CAND_03078,41.959999999999994,0.3441305288988278,3018,0.39278616451265974
CAND_04291,88.2,0.5287999811651234,3019,0.39275099464526503
CAND_02870,74.2,0.45396121318309784,3020,0.39272375807880744
CAND_04669,61.53999999999999,0.4050268726327226,3021,0.3926817507555316
CAND_03417,74.53999999999999,0.4557336002357861,3022,0.3926593110019024
CAND_03162,61.480000000000004,0.4047781116159226,3023,0.39258944425575465
CAND_03763,40.54,0.3397477650259353,3024,0.3925499977717135
CAND_01280,5.7,0.1785259642032319,3025,0.39250070766719714
CAND_04454,18.62,0.26275604632722455,3026,0.39230463349648725
CAND_04440,34.74,0.32334598825007993,3027,0.39215182138191296
CAND_00812,71.96000000000001,0.4438470942845285,3028,0.3920988609726223
CAND_00966,70.46,0.43738850698944015,3029,0.3920640182082066
CAND_00352,48.0,0.3629992004330381,3030,0.39200367271074893
CAND_00404,53.16,0.3793449603216913,3031,0.39199962531473886
CAND_02509,10.280000000000001,0.2197054422278674,3032,0.391983895360916
CAND_01665,92.58,0.570376179490362,3033,0.3919740188797125
CAND_01752,95.54,0.6130086951140377,3034,0.3919739378456762
CAND_03150,78.02,0.4705557740350237,3035,0.3919534488791097
CAND_04839,58.46,0.3959962575083656,3036,0.39194656099350766
CAND_04687,8.38,0.20671134018720294,3037,0.39193571406056993
CAND_00154,93.84,0.5843963168964414,3038,0.39191663675440735
CAND_00875,48.54,0.36446792063896655,3039,0.39185528498930144
CAND_00539,26.3,0.2955993295372762,3040,0.39184673160928285
CAND_02589,17.52,0.2583075576022431,3041,0.3918372777350799
CAND_00754,74.03999999999999,0.4532082068417046,3042,0.39176661930696505
CAND_00406,67.74,0.4266303208581579,3043,0.3917364090420907
CAND_02574,92.74,0.5727532766889711,3044,0.391621862326603
CAND_00868,9.3,0.2136182874512218,3045,0.3916061793208113
CAND_04886,92.97999999999999,0.5753795005332155,3046,0.3915549260506717
CAND_01184,52.66,0.3777305344501704,3047,0.3915062027495211
CAND_04844,83.89999999999999,0.502664853829558,3048,0.39138740304949077
CAND_03499,93.54,0.5806307723861147,3049,0.3913098517599176
CAND_04587,47.92,0.3627407399460773,3050,0.39126033261495546
CAND_01884,7.539999999999999,0.20037529677593693,3051,0.39121285014190577
CAND_04187,24.08,0.28664739205881745,3052,0.3911517696400467
CAND_02255,96.66,0.634890892357522,3053,0.39108546629822394
CAND_02555,41.74,0.3434706255611522,3054,0.39105931654237913
CAND_00255,60.4,0.4016871282521418,3055,0.39101365585697445
CAND_04727,18.8,0.26459937899589664,3056,0.3909555615407806
CAND_01429,82.54,0.4936239566705927,3057,0.3909115316532732
CAND_04614,91.56,0.5597795359201775,3058,0.39087721067802156
CAND_00072,90.03999999999999,0.5451056224429184,3059,0.39084686909264227
CAND_03674,77.96,0.4702659353878489,3060,0.39080704645722997
CAND_02473,79.06,0.4760121487274817,3061,0.39078854426771603
CAND_03661,51.6,0.3739306421748261,3062,0.39078832020579757
CAND_02512,96.3,0.6271669727411202,3063,0.390764948961244
CAND_02530,4.64,0.16488940351168388,3064,0.39072762591855714
CAND_00117,12.42,0.2327852813638292,3065,0.3907192501012342
CAND_01588,66.08000000000001,0.4210831777888406,3066,0.39067675131333623
CAND_02797,64.53999999999999,0.4166203362215505,3067,0.3906035280294776
CAND_04233,7.9,0.2032046325840011,3068,0.39059138563972085
CAND_02271,25.82,0.29432213095203175,3069,0.39054829872476593
CAND_04607,68.74,0.4302924104809235,3070,0.390472617733884
CAND_01192,24.62,0.2890147406418369,3071,0.39046707968763456
CAND_03815,40.12,0.3387342203484001,3072,0.3904561919723678
CAND_00372,26.16,0.29517546459327465,3073,0.3904505069350775
CAND_00129,95.74000000000001,0.6163198715947832,3074,0.39044431472643315
CAND_01175,41.18,0.34172284948716136,3075,0.3904389267347754
CAND_04093,43.24,0.34768826574412054,3076,0.39035278686412717
CAND_04760,55.08,0.38469453551379157,3077,0.3902841672795194
CAND_02217,81.78,0.489112989932651,3078,0.39024637899015713
CAND_04307,52.300000000000004,0.37614949913095014,3079,0.390169413357883
CAND_03982,68.04,0.4276594053148928,3080,0.390149724567176
CAND_01499,21.32,0.2755244817711175,3081,0.3900596503909456
CAND_04595,87.1,0.5220479104255014,3082,0.3900161257880818
CAND_03886,59.5,0.3989819233818698,3083,0.3898092042829196
CAND_00227,74.4,0.4552945136064661,3084,0.3897352344672673
CAND_03699,10.18,0.2194954290055254,3085,0.3897287798280712
CAND_00025,42.88,0.3465794669914461,3086,0.3896573133745399
CAND_02364,15.7,0.24890277852386514,3087,0.38959804982741797
CAND_00798,58.8,0.3966626883017397,3088,0.38959482865501405
CAND_03352,55.04,0.38465733484230097,3089,0.3895457459767603
CAND_04511,50.63999999999999,0.37132773083159726,3090,0.3894899313909905
CAND_02280,86.38,0.5171511957322956,3091,0.38946817584487187
CAND_01772,52.400000000000006,0.37635858307671166,3092,0.3894591713201517
CAND_00226,54.559999999999995,0.38377412730999816,3093,0.3894381394702029
CAND_01583,10.58,0.22105048569680352,3094,0.38942502875719776
CAND_01700,56.84,0.3896417413540291,3095,0.3893599370954195
CAND_04772,56.52,0.3887406658841939,3096,0.38932672820271436
CAND_02012,93.08,0.5759919218929553,3097,0.3893238397005084
CAND_02801,3.74,0.15374064446909072,3098,0.38927235313622977
CAND_04617,10.12,0.2194200649002777,3099,0.38926545169889776
CAND_02996,63.85999999999999,0.41380365143881415,3100,0.3891645579157476
CAND_01200,37.32,0.33035015171575577,3101,0.38912101649924136
CAND_04342,38.2,0.3328562808984819,3102,0.3891183906281862
CAND_00353,5.94,0.1810714929891986,3103,0.38908917919663266
CAND_00428,60.5,0.4018408119032778,3104,0.38908527772935897
CAND_00661,92.72,0.5723209120184022,3105,0.3890308965835979
CAND_04280,79.36,0.477637728044189,3106,0.38898335986520816
CAND_01982,24.279999999999998,0.28755439359830426,3107,0.388972980933412
CAND_00532,94.22,0.590010162053244,3108,0.38894636549503114
CAND_03631,85.2,0.50930878803317,3109,0.38893251411320817
CAND_00566,19.64,0.2688698217600986,3110,0.3889132674897808
CAND_00285,78.60000000000001,0.4744450580468076,3111,0.38890115659157365
CAND_02936,25.46,0.2923615246213166,3112,0.3888489428935208
CAND_00497,27.24,0.29882728930616753,3113,0.38874516208432247
CAND_02337,61.1,0.40357823479101235,3114,0.3887018390854568
CAND_03947,71.5,0.44137897489823846,3115,0.3885663704040328
CAND_04464,15.8,0.2493698763048374,3116,0.388553574905511
CAND_00219,44.24,0.35088163793143956,3117,0.3884782057500807
CAND_00500,9.62,0.2158140371027366,3118,0.3884133489090553
CAND_01511,20.4,0.272588479565222,3119,0.38838956230908367
CAND_00701,79.25999999999999,0.47715120498945346,3120,0.3883442798693219
CAND_00100,89.32,0.5381961335673532,3121,0.38826665454443665
CAND_02518,13.8,0.23996059695381308,3122,0.38826151012849497
CAND_02985,26.76,0.2975607065729202,3123,0.3882510887363064
CAND_04267,54.04,0.3815472171774648,3124,0.3882251804854112
CAND_04524,3.44,0.1494540401141698,3125,0.388172743293394
CAND_04915,72.0,0.44394463833595216,3126,0.3880897615174104
CAND_02383,24.0,0.28647873778960475,3127,0.3880546564091398
CAND_04354,65.74,0.4201279458410279,3128,0.3880068589878945
CAND_04860,46.800000000000004,0.35927828823933183,3129,0.3878458606605878
CAND_04048,18.2,0.2606309485074532,3130,0.387807745147661
CAND_04213,21.52,0.27605301035019997,3131,0.38768162172739373
CAND_00789,46.64,0.3586891748382609,3132,0.3876067869617401
CAND_01386,14.580000000000002,0.2436288836607754,3133,0.3872569939756382
CAND_03182,20.5,0.2726674455352306,3134,0.38724501172799036
CAND_04569,82.24000000000001,0.49162709020810974,3135,0.38722386514513546
CAND_01611,58.56,0.3962149404190784,3136,0.3872067209396398
CAND_03897,17.54,0.2583815332002428,3137,0.3871959471087965
CAND_03516,39.72,0.33738768727905144,3138,0.38711055481844336
CAND_03403,35.8,0.3263063689690318,3139,0.3870642589049554
CAND_02937,14.14,0.24210952790709328,3140,0.3870534830358158
CAND_04601,16.5,0.25318093771066774,3141,0.3869811155755264
CAND_02607,67.38,0.42510460764431623,3142,0.38675044333726594
CAND_00534,35.9,0.32664560147873595,3143,0.3867477914787355
CAND_04003,48.58,0.36449157151978656,3144,0.3866704897635991
CAND_04649,45.34,0.354076702200792,3145,0.38660951720692766
CAND_01746,57.18,0.39108768036343816,3146,0.38651652129251685
CAND_04546,83.42,0.4993905612363284,3147,0.3865041474081981
CAND_02079,44.32,0.3510431889267977,3148,0.38645528707329657
CAND_03331,75.74,0.4615249491479913,3149,0.38644164915477597
CAND_00863,76.53999999999999,0.4642305811873406,3150,0.3864078632486133
CAND_01423,81.26,0.4868970989286045,3151,0.3863215533068073
CAND_02504,29.959999999999997,0.3078989382649991,3152,0.38630098937079327
CAND_00195,96.1,0.622534109816857,3153,0.38627604245743496
CAND_02997,67.25999999999999,0.4246579124135234,3154,0.38626292781411053
CAND_00634,95.17999999999999,0.6064651736957822,3155,0.38624842101728984
CAND_04311,64.38000000000001,0.41548628218242983,3156,0.3862421327444939
CAND_01094,32.879999999999995,0.316492306577637,3157,0.386239046592713
CAND_01761,83.28,0.49822760608631866,3158,0.3861946157304325
CAND_01018,54.0,0.3814619677419407,3159,0.3861472481325273
CAND_04576,56.720000000000006,0.3890925082938161,3160,0.38607548398566605
CAND_01974,9.4,0.21444545676916935,3161,0.38603406024850934
CAND_04183,79.88,0.4801879966027284,3162,0.3860038667470633
CAND_03289,3.7600000000000002,0.15397433640009067,3163,0.38597713103817105
CAND_03186,45.36,0.35410719595341733,3164,0.38594408781737133
CAND_03267,57.699999999999996,0.3928072571615568,3165,0.3859324116662577
CAND_04478,41.06,0.3412925238880849,3166,0.3859023978121674
CAND_00055,98.54,0.6918465005898827,3167,0.3858572174144762
CAND_03531,87.82,0.526600992202344,3168,0.3857931373658689
CAND_00614,77.36,0.46734805480247793,3169,0.3857830825503947
CAND_01332,2.6,0.1347138130396547,3170,0.3856401013387114
CAND_04110,36.120000000000005,0.3269371623771219,3171,0.38564007235087094
CAND_02628,57.34,0.3917709577707323,3172,0.38557523539407756
CAND_02155,73.72,0.4515991691156711,3173,0.3855359172986367
CAND_04227,91.62,0.5606976313906518,3174,0.38553356597793453
CAND_04747,61.040000000000006,0.40348949966245495,3175,0.38551616650911436
CAND_02716,19.96,0.27049867583622744,3176,0.3854058238458123
CAND_04468,5.0,0.16985509741529403,3177,0.38539578558641435
CAND_03834,20.580000000000002,0.27276187984264477,3178,0.38539029844203393
CAND_02344,59.099999999999994,0.3978520280796728,3179,0.3853701786558287
CAND_00340,45.4,0.35413801509564946,3180,0.385365255984809
CAND_00666,85.1,0.5088236554096018,3181,0.385329987987032
CAND_04173,33.12,0.31770782826800587,3182,0.38529295826730287
CAND_02010,97.04,0.647596630917738,3183,0.38523504399990377
CAND_02144,58.120000000000005,0.39419838659888323,3184,0.3852138207933063
CAND_03461,10.6,0.22112844618469144,3185,0.3851897106522454
CAND_02547,82.08,0.4908269897244152,3186,0.38518663864343694
CAND_02452,49.86,0.3685100429339137,3187,0.38515297307384067
CAND_04916,85.16,0.5090821225975993,3188,0.38510044339593075
CAND_00836,61.68,0.40543274098756915,3189,0.38486004846732763
CAND_04681,79.5,0.4784324476782708,3190,0.3847792761866037
CAND_03570,52.44,0.37654395818798325,3191,0.3847097823410827
CAND_01453,88.03999999999999,0.5278958786532862,3192,0.38468883552265
CAND_02895,13.719999999999999,0.23912445125077153,3193,0.3846531699102519
CAND_04857,70.1,0.4360833616163624,3194,0.38461597490097243
CAND_03100,11.08,0.2245233488791577,3195,0.3846074199292328
CAND_02516,64.03999999999999,0.4143758109226523,3196,0.3845423912999658
CAND_02938,26.840000000000003,0.2978202605227887,3197,0.3844645645536757
CAND_04944,37.78,0.33128284930835705,3198,0.384440886920549
CAND_02604,10.299999999999999,0.21982455208568605,3199,0.3843848435805771
CAND_03362,84.06,0.5029421634341493,3200,0.3843776918200159
CAND_04080,89.46,0.5394914255781014,3201,0.38435787521588255
CAND_02489,71.89999999999999,0.4437458380758271,3202,0.3842988228471279
CAND_04748,17.26,0.2574300663857564,3203,0.3842972110419475
CAND_02511,59.78,0.3995715141811874,3204,0.38424865231937394
CAND_01720,30.220000000000002,0.30848932423996667,3205,0.3841657955300307
CAND_03799,60.81999999999999,0.40277866351454567,3206,0.38408859298030196
CAND_04894,8.18,0.2051300691458768,3207,0.38407487249821215
CAND_01890,41.46,0.3423696487690532,3208,0.38406409557313254
CAND_03586,28.599999999999998,0.30407594939015975,3209,0.3840482931537321
CAND_03475,16.78,0.2550198051973081,3210,0.38400117754388385
CAND_01904,92.84,0.5734473555451706,3211,0.38397862060252397
CAND_04663,42.44,0.34542246402552707,3212,0.38385624134327817
CAND_03299,72.46000000000001,0.4457308282392502,3213,0.38382385999820934
CAND_01270,93.88,0.5848923525808403,3214,0.3838109009261371
CAND_02705,35.42,0.3251985650124549,3215,0.38380569280058074
CAND_00595,69.42,0.4331363177842733,3216,0.3837859545685972
CAND_00037,75.2,0.4589755277334271,3217,0.3837353468290881
CAND_01116,23.02,0.28249590918890255,3218,0.3834383845132313
CAND_00036,37.419999999999995,0.330485585548689,3219,0.3834155982451757
CAND_00722,78.08,0.4709682957426439,3220,0.3834085885945153
CAND_01986,7.12,0.19553697201967227,3221,0.3833847198763941
CAND_00307,86.8,0.5201926980395724,3222,0.38330684142348037
CAND_04275,56.98,0.39049292402392255,3223,0.3832206766413975
CAND_00983,49.76,0.3681482480357705,3224,0.38315371618149946
CAND_04065,56.3,0.38804998751639913,3225,0.38315162618333676
CAND_02021,77.34,0.46734498320366885,3226,0.3829632865969009
CAND_02853,36.559999999999995,0.32813653197120113,3227,0.38292318838449035
CAND_02781,67.44,0.42550635650378826,3228,0.3828807261591057
CAND_01913,0.72,0.08338018321999982,3229,0.38279828885479206
CAND_00869,32.08,0.31398809296639846,3230,0.3827484081227085
CAND_03441,39.12,0.3355024906221553,3231,0.3827323347980792
CAND_01546,42.42,0.3453907472175121,3232,0.382730050964065
CAND_04773,9.64,0.21615455473286996,3233,0.38270652599464794
CAND_02669,86.18,0.5155864368695894,3234,0.38268758351997256
CAND_04526,45.46,0.354178035047597,3235,0.382641597018628
CAND_02653,19.46,0.26820773455185,3236,0.38262447398901656
CAND_03798,57.32000000000001,0.39169323650605037,3237,0.38257350184487915
CAND_03934,47.699999999999996,0.36210106021418165,3238,0.38244259811253556
CAND_04362,79.44,0.47814555272746434,3239,0.38242124071863653
CAND_01151,54.16,0.38224402035197563,3240,0.3823706590445154
CAND_02872,87.36,0.5238440848579852,3241,0.38232225327904273
CAND_01419,51.7,0.37414926231220813,3242,0.3822656913229243
CAND_00760,85.84,0.51343165895447,3243,0.382144518913057
CAND_00805,52.800000000000004,0.37815770025584466,3244,0.38213394066269546
CAND_03986,69.36,0.4327626955442998,3245,0.38212036958592477
CAND_02638,45.56,0.35449104681099647,3246,0.3821196311927915
CAND_04655,75.3,0.45933188808069086,3247,0.3821132038019558
CAND_03864,28.96,0.30503628139589045,3248,0.3820515753167193
CAND_02891,97.72,0.6621190749579408,3249,0.38198444995391256
CAND_02092,94.1,0.5880951440709593,3250,0.3819545319777664
CAND_02293,76.94,0.4659730183871466,3251,0.38194423712990155
CAND_01735,82.98,0.49556915305245314,3252,0.3819365249042983
CAND_04650,6.419999999999999,0.1871339951274153,3253,0.3819107339817854
CAND_02064,20.919999999999998,0.2736639642495411,3254,0.3818377019817003
CAND_00209,88.24,0.5290434649990496,3255,0.3818357339698863
CAND_04573,38.12,0.3327865664935242,3256,0.3818226417614591
CAND_04683,58.620000000000005,0.3964516793366095,3257,0.38180913062004473
CAND_01229,91.5,0.5588448928900137,3258,0.3817855672226549
CAND_03410,12.16,0.23118740022806616,3259,0.38178494172390187
CAND_03487,10.100000000000001,0.21927649251670875,3260,0.38174564713441017
CAND_01382,53.52,0.38045508653188226,3261,0.38173830147781573
CAND_03969,83.62,0.5002848912382998,3262,0.3817228438237127
CAND_03532,83.36,0.4992577152895113,3263,0.38170946758373847
CAND_02514,34.72,0.32334553064770705,3264,0.3816935434757641
CAND_00730,97.39999999999999,0.6553307505026664,3265,0.38168113931531994
CAND_00099,86.7,0.5196696818014112,3266,0.38167441973344174
CAND_04358,12.44,0.23298303283867416,3267,0.38160736738595785
CAND_01340,82.67999999999999,0.49432608827859786,3268,0.38153602473293263
CAND_01418,33.900000000000006,0.32099746333180124,3269,0.3815352508843046
CAND_02925,74.46000000000001,0.4554964026020926,3270,0.38152071050009373
CAND_03219,85.88,0.5135647487586642,3271,0.3815184216174523
CAND_03643,44.379999999999995,0.35126795891280543,3272,0.3814666601894674
CAND_03233,47.660000000000004,0.36188893828523955,3273,0.3814075317663963
CAND_00193,24.959999999999997,0.2906812347452461,3274,0.38127476137009747
CAND_00916,8.1,0.2044419572078019,3275,0.3812221323342766
CAND_03629,47.48,0.3609550101370279,3276,0.38116087772051943
CAND_01227,41.78,0.34355106820086245,3277,0.3809359160240842
CAND_04925,29.78,0.3072790467209383,3278,0.38085269078576744
CAND_02406,93.62,0.5813460711808172,3279,0.38083326302814224
CAND_02020,73.58,0.45114204356420967,3280,0.38079821732037455
CAND_04296,8.74,0.20896182662928472,3281,0.38077732305845013
CAND_00400,0.9199999999999999,0.08849627278122812,3282,0.38077223650480474
CAND_01266,0.26,0.046238317947526024,3283,0.38074888799466505
CAND_00330,11.84,0.22874694257842731,3284,0.3807134431247665
CAND_04633,18.88,0.26561566802929937,3285,0.380574526783059
CAND_01894,40.760000000000005,0.34065822465788753,3286,0.38054362158383354
CAND_02008,89.24,0.5366020643432067,3287,0.3805376628139936
CAND_02957,36.8,0.32876212111716624,3288,0.38050899438975655
CAND_04151,33.6,0.319988307513218,3289,0.38047461659649096
CAND_03905,36.54,0.32804657608702176,3290,0.3804638442751215
CAND_00264,34.44,0.3227059363467085,3291,0.3804472409555292
CAND_04493,45.6,0.3546122128324856,3292,0.38040653082277026
CAND_00775,80.9,0.48499808835766817,3293,0.3803282178892625
CAND_04047,92.17999999999999,0.5661255769555675,3294,0.3803204275264266
CAND_01739,36.14,0.32702584596083634,3295,0.38030289362212993
CAND_01518,86.26,0.515858757183472,3296,0.3802982755593761
CAND_03568,23.419999999999998,0.28411976698829217,3297,0.38028692093437494
CAND_00394,17.5,0.25815555247911165,3298,0.3802553344612184
CAND_03921,37.38,0.33041069435505654,3299,0.38024465350145364
CAND_00897,41.04,0.34128678113121724,3300,0.38024101650088
CAND_03305,39.56,0.3371054548836897,3301,0.38021677784848107
CAND_00266,64.48,0.41619358184140925,3302,0.38019316133878456
CAND_00009,84.76,0.5067965438760529,3303,0.38016104944135687
CAND_02496,42.699999999999996,0.3461395320557629,3304,0.3800427387240819
CAND_04758,46.32,0.35740020656757915,3305,0.3800023828447049
CAND_01119,14.06,0.24172090904257487,3306,0.3799180971245649
CAND_02800,53.7,0.3806997327705828,3307,0.37980056004705165
CAND_01416,46.42,0.35805418784506154,3308,0.37951772315771426
CAND_03426,46.48,0.35835906898814995,3309,0.3794256402453595
CAND_00994,6.0,0.18209200619851384,3310,0.37929139094831893
CAND_04806,37.5,0.3305986208781753,3311,0.3792329512368241
CAND_00347,92.32000000000001,0.5674194671710825,3312,0.3791543264291073
CAND_01013,24.84,0.28971728044444767,3313,0.37912071381510287
CAND_00546,29.659999999999997,0.30684397435036187,3314,0.3790949268533438
CAND_04435,69.88,0.43501164761849787,3315,0.3790857130815789
CAND_02620,19.139999999999997,0.26659582352378525,3316,0.37907452587961427
CAND_00679,86.08,0.5146939438634668,3317,0.3790703116328676
CAND_00747,19.82,0.2696921987563153,3318,0.37899577310323174
CAND_02541,19.36,0.267826664019272,3319,0.3789897863714484
CAND_00019,82.66,0.49420390652137314,3320,0.37883589693416025
CAND_03148,2.8000000000000003,0.13789324183792306,3321,0.37878119513245223
CAND_02564,20.02,0.27063724022462665,3322,0.37870453409137095
CAND_03395,84.02,0.5029177567233156,3323,0.3786450523525108
CAND_02892,58.18,0.3944616109529089,3324,0.3786368203976996
CAND_01166,4.5600000000000005,0.16360377432309067,3325,0.37859166158437674
CAND_01564,78.75999999999999,0.47497477307346436,3326,0.37856089972546686
CAND_02929,43.0,0.3470091984611617,3327,0.3785248509878135
CAND_03297,20.119999999999997,0.2713412253872205,3328,0.3784522994564185
CAND_00607,63.519999999999996,0.4124691984414635,3329,0.3784494952934408
CAND_00015,68.44,0.42884368263703926,3330,0.3784399335365223
CAND_01101,36.82,0.32889025796547644,3331,0.3783979552993719
CAND_04715,76.12,0.4628110173472257,3332,0.3783761497067126
CAND_02837,86.86,0.520360536822408,3333,0.37833780863649663
CAND_02317,43.8,0.3494061436115628,3334,0.3783225301895524
CAND_01734,28.08,0.3027446062250704,3335,0.37825929513187145
CAND_01523,10.52,0.22067693894530288,3336,0.37814850848413006
CAND_00665,12.78,0.23445345843545706,3337,0.37814490333297723
CAND_04707,98.0,0.6725795925814764,3338,0.3780993681718577
CAND_02816,0.32,0.053855486219938575,3339,0.37806467066162663
CAND_02750,25.86,0.29444551243059824,3340,0.3779853495979618
CAND_04037,90.78,0.5522627826730127,3341,0.37798313889187873
CAND_02690,44.86,0.3523882931729508,3342,0.37794677418678213
CAND_04861,94.42,0.5933083649548413,3343,0.3779129248846975
CAND_02710,96.02000000000001,0.621790385305295,3344,0.3778461913183101
CAND_00981,88.4,0.530120410984221,3345,0.3775957089251343
CAND_02813,31.180000000000003,0.3121147552449265,3346,0.3775753311487072
CAND_03683,87.86,0.5267207680517436,3347,0.3775558145528398
CAND_00259,31.380000000000003,0.3124586660499631,3348,0.3775394392545721
CAND_04415,15.0,0.2453940979477924,3349,0.37749948589275933
CAND_04426,55.559999999999995,0.3858230147987225,3350,0.3773695388815029
CAND_03424,60.699999999999996,0.40239897836402866,3351,0.3773579767916473
CAND_00092,28.78,0.3045154149657963,3352,0.37729084506649635
CAND_00221,55.720000000000006,0.38636270962962743,3353,0.3772843847124773
CAND_00734,95.78,0.6172987054696482,3354,0.3771109691168279
CAND_01466,38.04,0.33236964178487244,3355,0.3771004740726024
CAND_04628,94.72,0.5987646310018083,3356,0.3770158316967852
CAND_02042,13.68,0.23910768406945174,3357,0.3769107625553121
CAND_02099,17.84,0.25939585231075885,3358,0.37688561985931934
CAND_01994,47.839999999999996,0.3625625062449622,3359,0.37687474500529033
CAND_00135,98.76,0.6997059261010063,3360,0.37683502744779096
CAND_01331,6.98,0.19370590175588498,3361,0.3767585545542933
CAND_02605,47.339999999999996,0.360636037780293,3362,0.37675802582043416
CAND_04877,72.44,0.44567110388113623,3363,0.37671593640260514
CAND_00021,27.12,0.2984966775785692,3364,0.3766401203174375
CAND_01111,32.92,0.3165587262032642,3365,0.3764662984212638
CAND_02203,58.76,0.3966594856072002,3366,0.37643305197410765
CAND_01678,13.56,0.2385149252692079,3367,0.3763878593786367
CAND_03055,15.86,0.24949732227188434,3368,0.3762914988519236
CAND_01605,18.42,0.26150060182386176,3369,0.37629040281131787
CAND_02926,6.239999999999999,0.18530669523280566,3370,0.37627217805924595
CAND_01493,55.800000000000004,0.38670577536023826,3371,0.37626155030079805
CAND_01745,46.400000000000006,0.3580325167386566,3372,0.3762499559904897
CAND_01536,25.72,0.29400310243086947,3373,0.3762435949161125
CAND_01069,46.14,0.35663461393985574,3374,0.3762288855537715
CAND_04039,46.82,0.3594155774265996,3375,0.3760979099325601
CAND_02635,32.300000000000004,0.31473071273416475,3376,0.37605184026048544
CAND_04207,12.36,0.2327081530836187,3377,0.37603437809692103
CAND_01821,22.220000000000002,0.2797671587034189,3378,0.37601744831449435
CAND_03283,13.76,0.23972923585796296,3379,0.3760089450906178
CAND_01844,82.06,0.49034004526170755,3380,0.3759963880562417
CAND_01408,89.25999999999999,0.5372823553690264,3381,0.3758844611673813
CAND_03097,67.82000000000001,0.42691031923821626,3382,0.3758228199495729
CAND_04297,48.52,0.36439706355944695,3383,0.37564876060425634
CAND_02077,72.42,0.44563305918571094,3384,0.37559820545499734
CAND_03060,82.8,0.4945950423934101,3385,0.3755874271190217
CAND_01534,28.660000000000004,0.30422949340140204,3386,0.3755738206524113
CAND_03269,54.400000000000006,0.3831648919493655,3387,0.3755681809846622
CAND_02968,14.74,0.24404663835398646,3388,0.3755597117849679
CAND_00079,32.519999999999996,0.3154910197608403,3389,0.3755589024353735
CAND_00126,75.5,0.460368333942507,3390,0.37552949018175097
CAND_02951,46.92,0.3594968165776192,3391,0.3754594116032978
CAND_02565,39.96,0.3383998131196528,3392,0.3754379792482881
CAND_03881,63.06,0.41113969641098796,3393,0.37537183888252623
CAND_04582,56.86,0.389725866478493,3394,0.3753643882683686
CAND_01042,93.5,0.5798616852784002,3395,0.3753576590691361
CAND_00205,97.66,0.6609709578477619,3396,0.37525715375037316
CAND_00653,52.080000000000005,0.375300384575512,3397,0.37523283391683454
CAND_00648,89.3,0.5381304655928641,3398,0.3752261712910372
CAND_04870,4.74,0.16605839671420797,3399,0.3752062822059586
CAND_02107,26.479999999999997,0.2964206299834191,3400,0.3751583021498964
CAND_04455,23.84,0.285589186646204,3401,0.375129703777629
CAND_03113,26.86,0.2979845487245289,3402,0.37510755814189467
CAND_00688,26.119999999999997,0.29511425233176053,3403,0.37510292432917786
CAND_02316,66.10000000000001,0.42113845655933013,3404,0.3750916558753605
CAND_04380,78.78,0.47518601948736655,3405,0.37506697238314624
CAND_01167,65.14,0.4185876005418875,3406,0.3750296183707048
CAND_01790,15.540000000000001,0.24806577622806048,3407,0.37493436480754183
CAND_00169,21.84,0.2774915716058286,3408,0.37490013196398003
CAND_03817,68.38,0.4284794222986058,3409,0.3748787055476424
CAND_00485,28.720000000000002,0.304430409820259,3410,0.3748770604298022
CAND_03574,30.98,0.3115042848300626,3411,0.3748325353635403
CAND_02349,68.96,0.43080847847161285,3412,0.37478494624037884
CAND_00185,96.48,0.6300432740422318,3413,0.37474127383449307
CAND_04874,84.96000000000001,0.5083252950139469,3414,0.37470580468846926
CAND_01776,21.88,0.278043099171722,3415,0.37458190371875344
CAND_00945,83.0,0.4955828440100376,3416,0.37455280537738495
CAND_04089,19.759999999999998,0.26940711982990806,3417,0.3745106678975071
CAND_02649,96.41999999999999,0.6290451940675059,3418,0.3744205202099314
CAND_00224,49.2,0.3663336659348419,3419,0.3743033407808142
CAND_00344,51.239999999999995,0.37317234334682187,3420,0.3742808893842289
CAND_02197,71.67999999999999,0.4428071648371357,3421,0.374268018654987
CAND_03902,90.06,0.5454166121049652,3422,0.374243478109647
CAND_04078,13.0,0.2355289803620016,3423,0.37422215123961705
CAND_04544,73.18,0.4490197551597754,3424,0.37418531361107465
CAND_02995,57.36,0.39187136369928,3425,0.37412672780503065
CAND_01910,95.52000000000001,0.6125837483040236,3426,0.3740969480127997
CAND_01573,26.02,0.29496929434604424,3427,0.3740879816250182
CAND_00369,71.26,0.44036126125110936,3428,0.37397981278913
CAND_00180,36.1,0.3269300485441201,3429,0.37397240905711615
CAND_02661,16.2,0.2518952359743698,3430,0.37391381258877043
CAND_02725,2.22,0.1242819823498216,3431,0.373838589609663
CAND_00256,23.64,0.2848417479402681,3432,0.37380545722544256
CAND_02663,0.66,0.07911289416732149,3433,0.37372034788450625
CAND_00184,77.3,0.4670297637774006,3434,0.373715348556347
CAND_00368,22.84,0.2817231251512501,3435,0.37362674383829697
CAND_01727,21.959999999999997,0.27833746208750565,3436,0.3736195759800203
CAND_00262,25.3,0.2918991680938923,3437,0.373471190274672
CAND_03993,59.660000000000004,0.3992513630640151,3438,0.3734298843968639
CAND_02768,75.88000000000001,0.4620163342433918,3439,0.3734171098572737
CAND_01057,21.42,0.2757696163707165,3440,0.37340677115947873
CAND_00756,9.84,0.21720620074367505,3441,0.3733298848583273
CAND_00051,44.4,0.3513095507195006,3442,0.3733128850270566
CAND_03290,71.92,0.4437505679592619,3443,0.37330405915584675
CAND_04412,30.159999999999997,0.30846040762600263,3444,0.3732019103208293
CAND_02224,15.42,0.24756306096340808,3445,0.37299558788928566
CAND_01046,55.67999999999999,0.38626761765824574,3446,0.3728787156918011
CAND_00529,76.4,0.4638911333275245,3447,0.3728386252971374
CAND_01997,20.16,0.2715499488309479,3448,0.37273871262826475
CAND_00773,47.199999999999996,0.3603652999392551,3449,0.3726678454066061
CAND_03452,87.66000000000001,0.5258919543171265,3450,0.3726641065938987
CAND_01945,13.66,0.23908749002979598,3451,0.3726048800885039
CAND_01083,27.74,0.3011116996259563,3452,0.3725192726908272
CAND_01085,20.880000000000003,0.27341015355846654,3453,0.37250507580184977
CAND_00835,67.56,0.4258981821221767,3454,0.3724832128231321
CAND_04339,70.64,0.43819443262579366,3455,0.3724361421722079
CAND_00911,3.38,0.14808948463962673,3456,0.37242299974038295
CAND_02253,20.14,0.2715285131377017,3457,0.3723858749502692
CAND_02871,9.139999999999999,0.21223517372923986,3458,0.37235471201330655
CAND_01550,66.7,0.42269106910117316,3459,0.3723307314252276
CAND_02030,25.679999999999996,0.2937181523261507,3460,0.37226459261193856
CAND_01187,27.200000000000003,0.298720158746948,3461,0.372253493165361
CAND_04259,12.959999999999999,0.2353508662681933,3462,0.3722430127946156
CAND_00523,54.459999999999994,0.38344600409127766,3463,0.37221302758452623
CAND_04160,77.28,0.466995197232112,3464,0.37205667457038566
CAND_01526,60.46,0.4018186813479616,3465,0.3719654447392258
CAND_04731,39.4,0.33661217705804075,3466,0.371945572287705
CAND_02970,3.56,0.15187009806286722,3467,0.3718360329702396
CAND_04992,2.7199999999999998,0.13661731195370902,3468,0.3717859899209575
CAND_03795,23.200000000000003,0.2831579109048798,3469,0.371779026193798
CAND_03428,82.02000000000001,0.4901838357666063,3470,0.37174150729409294
CAND_01742,69.04,0.4311061360707777,3471,0.3716834802460768
CAND_00294,40.82,0.34088198733320624,3472,0.37162061105291166
CAND_02191,7.22,0.19698852859035584,3473,0.37159597474866435
CAND_02189,50.03999999999999,0.36944929487016787,3474,0.3715532176064751
CAND_00480,67.67999999999999,0.4262458759034528,3475,0.3714113381242261
CAND_00616,31.78,0.31343277789362095,3476,0.37137489158357306
CAND_00516,70.08,0.43604773999719604,3477,0.37135321909646113
CAND_00105,36.66,0.328383869192919,3478,0.37133429457192935
CAND_00495,50.660000000000004,0.3715016274159215,3479,0.37132147574314134
CAND_02445,53.44,0.3803510546909955,3480,0.3713165838832476
CAND_00692,67.2,0.4245036858632328,3481,0.3712252185001097
CAND_02889,49.04,0.3660179690734404,3482,0.3712050468912007
CAND_00638,74.22,0.45396903690752394,3483,0.3711829617330529
CAND_02855,67.96,0.4274933197757383,3484,0.3711746804014905
CAND_03317,49.82,0.368447249980722,3485,0.37115707612871307
CAND_01618,6.76,0.19149396775669525,3486,0.3710487952405328
CAND_02237,39.44,0.3367496256661303,3487,0.37099658640153227
CAND_01088,49.96,0.3691498016148915,3488,0.37096115733616086
CAND_00271,67.4,0.42522941468600406,3489,0.3709314376640654
CAND_04010,84.14,0.5031293736862164,3490,0.3708736800636323
CAND_03062,73.46000000000001,0.45046000995766106,3491,0.3708258310620124
CAND_04143,5.1,0.1703113693187682,3492,0.37080803828433795
CAND_01001,78.12,0.4713823850297307,3493,0.37079489282288414
CAND_02093,86.6,0.5193028078362864,3494,0.37079301136846604
CAND_02399,44.9,0.35282381038504396,3495,0.3707858320010929
CAND_02524,4.58,0.1637527183193298,3496,0.3707760258332835
CAND_00460,56.02,0.38727863474620955,3497,0.37076618118893134
CAND_02492,64.60000000000001,0.4167620413150866,3498,0.3707118604034917
CAND_04335,85.98,0.5144757683900548,3499,0.37058244806867513
CAND_00200,53.6,0.38060354898609083,3500,0.3705663649359455
CAND_01823,55.76,0.38648478526038715,3501,0.370565601620355
CAND_01880,60.96,0.4031858922954756,3502,0.3704838632712111
CAND_04937,43.94,0.34985175297700444,3503,0.37035611575046656
CAND_02371,19.0,0.2662195371952782,3504,0.37027661801676337
CAND_02834,48.980000000000004,0.36578756323261047,3505,0.37017810521698447
CAND_02352,3.88,0.15495763319412342,3506,0.370107019794647
CAND_02402,8.24,0.20548458907490819,3507,0.36996674562676435
CAND_02910,24.72,0.28941671373693667,3508,0.36976294691950856
CAND_04247,35.88,0.3266369151520223,3509,0.36976176727757426
CAND_00752,77.58,0.468496734860386,3510,0.3697341072128495
CAND_04606,49.480000000000004,0.3670949398922537,3511,0.3697338571259716
CAND_00831,64.05999999999999,0.41446142109595185,3512,0.3697318809872222
CAND_04224,13.020000000000001,0.23573751929107417,3513,0.36968415308550573
CAND_00563,16.56,0.2538002067131362,3514,0.36967788464982737
CAND_02707,18.04,0.26019742576154775,3515,0.3696101324537149
CAND_04642,62.03999999999999,0.4069719755804048,3516,0.36954442373936763
CAND_02906,77.74,0.4690474511380638,3517,0.36948997529614586
CAND_04386,33.239999999999995,0.31810004518314444,3518,0.3694282846446325
CAND_01892,56.44,0.38851532786259174,3519,0.3693653434020784
CAND_00017,89.22,0.5364451961679241,3520,0.3692071541499373
CAND_00363,74.96000000000001,0.4578371296946435,3521,0.36918842117929196
CAND_04751,35.94,0.32667706287047976,3522,0.36913416743991934
CAND_04458,18.84,0.2647287492991775,3523,0.36909402155351484
CAND_00501,90.22,0.547291961193274,3524,0.3690879501560048
CAND_01934,10.66,0.22193909601958534,3525,0.36908208537371723
CAND_04200,80.17999999999999,0.4820407571458052,3526,0.36907167835769283
CAND_01799,4.82,0.16716607301110764,3527,0.36907030305262656
CAND_02110,33.7,0.32036626530678153,3528,0.36887535537217353
CAND_00374,23.82,0.2853635297776041,3529,0.3688234430476579
CAND_02413,52.82,0.3784339696347432,3530,0.36880563103311603
CAND_03752,27.3,0.299058381246533,3531,0.3687583675107591
CAND_03190,9.1,0.2116042227258962,3532,0.3687518014607954
CAND_01587,52.559999999999995,0.37736106170482336,3533,0.368741927570625
CAND_03835,11.559999999999999,0.22711438180423307,3534,0.3687301138085341
CAND_03089,12.26,0.23206428522374808,3535,0.3687010129081832
CAND_02157,10.2,0.2195072097513201,3536,0.368643054603682
CAND_00940,82.46,0.4935549275487076,3537,0.3686097043593767
CAND_00857,85.66,0.512256257253595,3538,0.3685617700262207
CAND_03246,75.53999999999999,0.46037011707208403,3539,0.36852555978949825
CAND_01765,91.47999999999999,0.5587893354463799,3540,0.3684680818865166
CAND_02622,78.86,0.4755727602411052,3541,0.3684633934667034
CAND_03449,18.18,0.26059146804630556,3542,0.36842025284681224
CAND_02629,42.52,0.34569757672040163,3543,0.36837416793131594
CAND_01217,41.58,0.3427761880836198,3544,0.3683213370187697
CAND_01107,56.24,0.3878244658186619,3545,0.36825623669120566
CAND_01644,90.74,0.5519396822400116,3546,0.3682352366396725
CAND_02330,78.24,0.4723207047491879,3547,0.3682118320860365
CAND_03205,77.2,0.4666949614645042,3548,0.36816514484676116
CAND_04309,23.74,0.28507627724035056,3549,0.36799940874561565
CAND_02409,67.54,0.42583642926393844,3550,0.3679975308590108
CAND_03632,32.18,0.31418125894852944,3551,0.36792008434550494
CAND_00435,83.24000000000001,0.4980342617602106,3552,0.367915056373027
CAND_04532,69.64,0.43413607822635936,3553,0.3678896550138919
CAND_00949,91.84,0.563091752240814,3554,0.36786965689198253
CAND_03991,35.339999999999996,0.3248216494114068,3555,0.3678597315618996
CAND_02619,53.400000000000006,0.38032449289338205,3556,0.3678337320862349
CAND_00846,72.1,0.4443981210903817,3557,0.36778730007955585
CAND_04088,74.38,0.4552482266805164,3558,0.36771086883761256
CAND_02776,62.72,0.4099690897041681,3559,0.3677057925939714
CAND_02207,68.2,0.4279633450239799,3560,0.36768066049452286
CAND_03217,1.26,0.09995743156357885,3561,0.3676520161157998
CAND_03329,56.36,0.3882214985206219,3562,0.36753106240256794
CAND_03117,16.38,0.2528041666100716,3563,0.3674587964468117
CAND_01370,31.240000000000002,0.3122151198168036,3564,0.36742096081742986
CAND_00558,34.239999999999995,0.32206257055503623,3565,0.36738712949391494
CAND_02613,24.3,0.2876947245147195,3566,0.3673844975535042
CAND_02960,27.560000000000002,0.3002299176270336,3567,0.367354665996936
CAND_00622,17.299999999999997,0.2576207079879448,3568,0.36734082562382464
CAND_04111,88.26,0.5291126423122339,3569,0.3673407690351691
CAND_02336,14.24,0.2423308187436795,3570,0.3673329988731831
CAND_04920,7.5,0.2002258814023824,3571,0.3673033715518158
CAND_04472,83.72,0.5011869445111777,3572,0.3672168045966541
CAND_02570,78.66,0.474573140238207,3573,0.36720130462077377
CAND_01177,6.94,0.19302884958085825,3574,0.3671977516924042
CAND_00847,19.48,0.26828336541495074,3575,0.3671877104283411
CAND_00283,2.7,0.13634575756384343,3576,0.3671761016900812
CAND_03234,80.12,0.48160612824101173,3577,0.3671721946162209
CAND_02815,71.02000000000001,0.4395195652389016,3578,0.3671211556457352
CAND_00059,62.36000000000001,0.40820989722746615,3579,0.3671188641495122
CAND_00136,93.52000000000001,0.5804845004686241,3580,0.3671122009594816
CAND_04400,5.08,0.17025073681868638,3581,0.36709879737795853
CAND_00010,96.32,0.6280532103699312,3582,0.36705547163570595
CAND_02394,35.28,0.32470277720390156,3583,0.3669679511715501
CAND_00132,12.6,0.23378986458650672,3584,0.3669134417179669
CAND_02260,23.66,0.2849420980027219,3585,0.36690390022444797
CAND_03436,98.28,0.6842913908643633,3586,0.3668722675014712
CAND_03057,31.740000000000002,0.3133709351465297,3587,0.3668468925012285
CAND_00423,72.18,0.44453529512898765,3588,0.36678726300473974
CAND_02170,4.46,0.16252025625423572,3589,0.36671925103710135
CAND_01807,48.46,0.364346782378341,3590,0.36670991473884107
CAND_02485,42.18,0.3448059257535448,3591,0.36669133528343933
CAND_04873,2.58,0.13432663225039115,3592,0.3666113115961632
CAND_04554,67.04,0.4239743129017574,3593,0.3664529547119876
CAND_04331,9.02,0.21119907314460598,3594,0.36644854132634513
CAND_04724,56.699999999999996,0.38906137117335104,3595,0.366448223796643
CAND_03765,59.08,0.3977253237528551,3596,0.3664092046070867
CAND_02728,47.88,0.36264116977133765,3597,0.36637533712725334
CAND_03563,64.34,0.41543478190329014,3598,0.36623367737781115
CAND_00275,47.9,0.36272731383344364,3599,0.36620231707393325
CAND_02917,7.04,0.19450066277787614,3600,0.3659089433016598
CAND_03913,36.84,0.32890202043282085,3601,0.3659054807842012
CAND_04465,48.42,0.36426384438529436,3602,0.3658593360854382
CAND_04734,43.059999999999995,0.34720495771389626,3603,0.36583547771744895
CAND_03169,18.12,0.26045202820706786,3604,0.36566200637115526
CAND_03457,63.75999999999999,0.4134188842917689,3605,0.36562379695028313
CAND_00371,66.64,0.4226117380961036,3606,0.3655940691445835
CAND_01058,70.3,0.43689790095279973,3607,0.36555335219058926
CAND_02588,25.480000000000004,0.29239565146607094,3608,0.3654513024808063
CAND_04346,44.76,0.35213124185468536,3609,0.36544237753953446
CAND_03146,83.78,0.501634870029766,3610,0.3654318198277061
CAND_03740,18.38,0.2613555294628273,3611,0.36531203914222055
CAND_02185,17.380000000000003,0.2578050318248006,3612,0.3652910522631606
CAND_02299,59.940000000000005,0.4002296120636457,3613,0.36526968098469903
CAND_02307,28.999999999999996,0.30509972969004434,3614,0.3652008253006408
CAND_04740,40.300000000000004,0.3392311349011527,3615,0.36519637789033593
CAND_02351,68.4,0.4287184342140713,3616,0.36516674552040856
CAND_04152,70.52000000000001,0.4376003292012912,3617,0.36513595601630944
CAND_00153,74.74,0.4565110620524541,3618,0.3651205955627608
CAND_03696,46.5,0.358433847413405,3619,0.36509458315783977
CAND_03422,91.60000000000001,0.5602201194372305,3620,0.36508318244468607
CAND_02616,44.46,0.351435317300449,3621,0.3650327172353229
CAND_03397,2.32,0.12741997184969997,3622,0.36494463817782097
CAND_03569,22.38,0.28017873422711226,3623,0.36493950178480783
CAND_02741,50.56,0.37113162793669785,3624,0.36492131199223377
CAND_00119,60.24,0.4011162289501813,3625,0.36487642907213225
CAND_04504,31.319999999999997,0.3123917886173717,3626,0.36479899298007307
CAND_04851,25.44,0.2923588255167585,3627,0.364762399455381
CAND_00309,3.1199999999999997,0.14328345251618407,3628,0.36474035925507364
CAND_01222,16.86,0.25550629717460355,3629,0.3647252072485585
CAND_02447,31.96,0.313849582994984,3630,0.3647203432392386
CAND_03657,73.83999999999999,0.4520117951721621,3631,0.36470582443324634
CAND_01619,41.72,0.34343144083162375,3632,0.36469580225481146
CAND_00148,69.78,0.43450383177547386,3633,0.3646950010171995
CAND_00211,37.34,0.3303513262594497,3634,0.3646728934723739
CAND_01569,41.92,0.34403814128247895,3635,0.36456164295680993
CAND_03536,62.7,0.40995690822278896,3636,0.3643880757470772
CAND_01136,58.599999999999994,0.3963907495477249,3637,0.36435977387441554
CAND_03971,39.82,0.33775476507738345,3638,0.3643342060892274
CAND_04146,37.86,0.33159550813885796,3639,0.36433337138020705
CAND_03831,76.88000000000001,0.46561896392574553,3640,0.36429278257889286
CAND_00610,29.099999999999998,0.3053592529208137,3641,0.36419105814378633
CAND_02581,83.8,0.5016658423346817,3642,0.3641285005127852
CAND_01931,51.160000000000004,0.3729926479279002,3643,0.3641282700670383
CAND_02599,17.82,0.25938218054693707,3644,0.3641156119146861
CAND_03235,67.58,0.42597835754780095,3645,0.36410367387736736
CAND_01706,57.68,0.3927966021434179,3646,0.3640983412777341
CAND_03776,5.36,0.1750600757429077,3647,0.36409121677888545
CAND_04060,64.68,0.4168467592331944,3648,0.3640689433506621
CAND_00405,55.620000000000005,0.386123518252849,3649,0.36402928529444045
CAND_04996,46.78,0.35921087151966785,3650,0.3640112565172223
CAND_01566,23.76,0.28507861725617684,3651,0.3639743615806249
CAND_00164,56.32,0.3880963237006055,3652,0.3639602485219035
CAND_01447,40.68,0.34025013995490255,3653,0.36393916271473964
CAND_01221,31.2,0.31211889801388637,3654,0.3638617605625597
CAND_01663,39.739999999999995,0.33756274217798465,3655,0.36385578958036824
CAND_04225,28.98,0.3050489251695559,3656,0.36379403221585294
CAND_02809,83.08,0.49647095342156067,3657,0.36371524928929777
CAND_02734,69.28,0.43244594581297047,3658,0.3635962323781964
CAND_03061,72.24000000000001,0.44478713713039647,3659,0.36334685595933924
CAND_01025,85.86,0.5134921421359159,3660,0.36321944777102183
CAND_02441,96.28,0.6266178834750668,3661,0.36319240843803635
CAND_00093,73.86,0.45216122823943716,3662,0.36315226287325075
CAND_03226,37.04,0.32941387972282404,3663,0.3631400904659034
CAND_04104,42.8,0.3462773486745399,3664,0.36310023651164314
CAND_02431,31.0,0.31155821953426943,3665,0.3630728105547093
CAND_02390,25.319999999999997,0.2918993890163712,3666,0.363042963249518
CAND_03268,76.68,0.4646569087287831,3667,0.36294364777024224
CAND_01155,77.5,0.4681791237935696,3668,0.3629066380505989
CAND_03945,90.16,0.5465839844790299,3669,0.3628868671522103
CAND_04689,10.7,0.22195740541445724,3670,0.3628224180144909
CAND_03677,27.38,0.2994128008749796,3671,0.3627216674183782
CAND_02117,45.24,0.35369216327126296,3672,0.3626686388392748
CAND_00528,65.22,0.4189573601206349,3673,0.3624967720320156
CAND_01451,67.64,0.42615958399626247,3674,0.36249131806772816
CAND_02058,80.84,0.48468841899826937,3675,0.36245468462339037
CAND_02265,15.82,0.24939512217630455,3676,0.36236411757999826
CAND_04431,70.44,0.4373612349325841,3677,0.3622784199886093
CAND_02071,44.74,0.3520999504522376,3678,0.36223758031803027
CAND_00272,32.7,0.3160132243417576,3679,0.3619254774093155
CAND_02385,60.419999999999995,0.40174976336628454,3680,0.36188375021804253
CAND_03760,19.34,0.26760295292961833,3681,0.361830732602653
CAND_00898,80.58,0.48373703755582886,3682,0.36179809209293673
CAND_02274,25.740000000000002,0.29415076404060264,3683,0.36167479735740166
CAND_04597,34.9,0.32381655285755384,3684,0.36165436121670513
CAND_04516,24.779999999999998,0.28960423780952343,3685,0.3616078681609818
CAND_01532,52.62,0.3775341970548352,3686,0.36158673512711553
CAND_00787,22.54,0.280922125379283,3687,0.36155064378569346
CAND_01832,43.56,0.3483691353770963,3688,0.36150847347386306
CAND_02742,68.82000000000001,0.4303726134552695,3689,0.36148695740784964
CAND_03821,39.019999999999996,0.3353060847309151,3690,0.3614352965347401
CAND_03257,5.86,0.18072639581765515,3691,0.361406333163247
CAND_03342,0.04,0.0025090138402201396,3692,0.3613924263480448
CAND_01379,3.84,0.15419082469065382,3693,0.36131200144049597
CAND_00434,50.2,0.36968493783541373,3694,0.3611881272722198
CAND_03156,48.480000000000004,0.3643638137903067,3695,0.36111490231888255
CAND_03861,90.34,0.5480570634692772,3696,0.3611020733288257
CAND_02551,55.24,0.3849416278159377,3697,0.36104876775749495
CAND_00217,19.12,0.2665887465033201,3698,0.3610117443544473
CAND_04443,87.14,0.5221157582967577,3699,0.36099809923197407
CAND_00118,6.54,0.1885164315469956,3700,0.3609196055714506
CAND_00965,93.12,0.5764188831171826,3701,0.3608697426949264
CAND_00065,24.099999999999998,0.28666770625310933,3702,0.3608474570732324
CAND_03265,11.26,0.22580861698500027,3703,0.36077465479387766
CAND_02453,11.76,0.22808585424678945,3704,0.3607674534519096
CAND_01249,15.939999999999998,0.2499411273111323,3705,0.3607549435925316
CAND_04821,30.620000000000005,0.3103085833137404,3706,0.36074524092290333
CAND_01850,81.32000000000001,0.48745396723381196,3707,0.36072568084413636
CAND_03596,54.779999999999994,0.3841337775638817,3708,0.3605963326750226
CAND_00545,29.880000000000003,0.30755840309237864,3709,0.3605842839129791
CAND_04249,14.44,0.24312130591685685,3710,0.3604052215518867
CAND_00859,46.04,0.3565075736333811,3711,0.360365838802687
CAND_02192,58.5,0.3960225244861255,3712,0.36024181073213457
CAND_04127,35.04,0.3241876869474494,3713,0.36018400157208486
CAND_04145,22.1,0.2791673571083528,3714,0.36017468916908496
CAND_04229,53.559999999999995,0.3805172301934482,3715,0.3601739631744478
CAND_03992,63.2,0.41139265333247693,3716,0.3601309560592847
CAND_03595,11.44,0.2267290555128885,3717,0.3601024429962243
CAND_01703,66.56,0.4224330042908835,3718,0.3600829944169762
CAND_02128,51.4,0.37353178493680383,3719,0.3599922927153641
CAND_02121,57.02,0.39066481766196803,3720,0.3599660161253614
CAND_01420,7.9399999999999995,0.2036461283842537,3721,0.35987021869437397
CAND_04135,45.379999999999995,0.354125787291796,3722,0.35985180890116786
CAND_01917,65.5,0.4196105956924893,3723,0.359758814095842
CAND_04237,18.14,0.2604761777288053,3724,0.3597361651559183
CAND_01604,66.9,0.42357565003867165,3725,0.35967702562944226
CAND_02933,54.379999999999995,0.38302498917827665,3726,0.3596725893346773
CAND_02001,43.4,0.3478864386992196,3727,0.359570648324272
CAND_02631,72.3,0.4450423368708629,3728,0.35951728717704
CAND_02166,26.58,0.29690381468528887,3729,0.3594928220132986
CAND_02609,70.04,0.435773942598007,3730,0.35947786687361805
CAND_01912,52.0,0.37508919481234687,3731,0.35946014565231504
CAND_01622,16.84,0.25531695179731145,3732,0.35933769255438835
CAND_01792,87.03999999999999,0.5217613295471887,3733,0.3592741085281039
CAND_01538,39.76,0.3376291933546319,3734,0.3592628562886713
CAND_00993,1.52,0.10588010913305299,3735,0.35923383515061696
CAND_02979,15.340000000000002,0.2473665351307099,3736,0.35921050514086716
CAND_02575,18.759999999999998,0.26422382006871103,3737,0.3591527694682207
CAND_01756,21.38,0.2756661876026838,3738,0.3591384854761001
CAND_04258,13.28,0.23727238432276113,3739,0.3591255558670626
CAND_03904,0.2,0.030650020451547317,3740,0.3590701530848948
CAND_02078,90.9,0.5542543658930135,3741,0.35905591630578
CAND_02434,4.36,0.1601955880405452,3742,0.3589577805424006
CAND_00253,3.9,0.15513044888085345,3743,0.3589137363247886
CAND_01433,28.34,0.3033678984235012,3744,0.35888775140313867
CAND_00913,34.56,0.32297535218674067,3745,0.3588834119022083
CAND_00757,23.54,0.2845874666617065,3746,0.3588686784092071
CAND_03085,86.0,0.5145286748768695,3747,0.3587902246253827
CAND_01741,53.620000000000005,0.38062851861063224,3748,0.35877800953524874
CAND_03377,4.42,0.16185376461320564,3749,0.3587400066165744
CAND_03385,65.98,0.4207771192204004,3750,0.3586346023213982
CAND_01095,45.12,0.35336786612457255,3751,0.3586197973056683
CAND_03333,94.94,0.6022022647800045,3752,0.35850819045337007
CAND_01658,11.1,0.22476043272640825,3753,0.35849383245591204
CAND_00585,13.94,0.24115406441109888,3754,0.35832676453463685
CAND_02301,18.86,0.265386224644778,3755,0.3583040838648233
CAND_04302,68.97999999999999,0.4308302142576989,3756,0.3582246725226349
CAND_03027,45.42,0.35415563630216235,3757,0.3581966019976949
CAND_03669,81.6,0.4881652143711242,3758,0.35804693286883227
CAND_00764,52.64,0.37758765468556255,3759,0.35801956538056
CAND_02634,39.26,0.33614506142334777,3760,0.35787244126119816
CAND_04986,19.52,0.2684140687441171,3761,0.357802323264152
CAND_00536,41.199999999999996,0.34173362660077694,3762,0.3576952453042415
CAND_00920,25.8,0.29424261278814,3763,0.35768221599121175
CAND_01672,5.28,0.1740052305189576,3764,0.3576431669101879
CAND_02479,95.5,0.6124694475274108,3765,0.3576294821555346
CAND_01039,63.660000000000004,0.4128425934319151,3766,0.35756323323362604
CAND_00816,61.980000000000004,0.40670526841330285,3767,0.35750689608298303
CAND_04644,2.02,0.1213532527381772,3768,0.3574851592929952
CAND_02059,65.16,0.4187018718725954,3769,0.35741997578896845
CAND_01022,23.0,0.28248602583045007,3770,0.3573488293817956
CAND_01871,44.82,0.3523805655394885,3771,0.35734340341763515
CAND_01060,6.9,0.19258136741664167,3772,0.3573167274604338
CAND_04281,38.080000000000005,0.3325405490040679,3773,0.3571897633204336
CAND_01579,82.1,0.49083090331850604,3774,0.35713791624739055
CAND_04571,91.06,0.5551592041916308,3775,0.3571132912700883
CAND_01653,28.499999999999996,0.3038221026466512,3776,0.3570206726271875
CAND_01127,66.28,0.4217545055323346,3777,0.35697003576865344
CAND_00378,37.88,0.33167176267499376,3778,0.3569074210403469
CAND_03709,38.26,0.33316088894770607,3779,0.3569049610918471
CAND_02243,72.96000000000001,0.4482661972553968,3780,0.3568930766584023
CAND_00987,72.72,0.44722380192732614,3781,0.35677551142650255
CAND_00402,2.74,0.13687188491682148,3782,0.3567382318008217
CAND_03361,64.64,0.4168353876753536,3783,0.35673517925692194
CAND_01473,18.22,0.2608286522880098,3784,0.3566001551402478
CAND_00928,20.62,0.27281247284444793,3785,0.35657381460708665
CAND_04137,7.000000000000001,0.19388566419745965,3786,0.35656821723158466
CAND_04956,67.16,0.4244150212664107,3787,0.356506641887798
CAND_00358,1.4000000000000001,0.1042730347280718,3788,0.35649097660094486
CAND_02357,95.39999999999999,0.6101412103229685,3789,0.35648942994180977
CAND_01448,44.28,0.35094542134600565,3790,0.35610752481834385
CAND_02304,44.34,0.351046638235306,3791,0.35610408236795715
CAND_04539,21.46,0.2759050078134493,3792,0.3560957344108163
CAND_01506,3.94,0.15542846003346045,3793,0.3560261811082058
CAND_00318,67.92,0.42737907995486873,3794,0.35596669926866614
CAND_02038,52.580000000000005,0.37744407650385803,3795,0.3559469370579231
CAND_02846,68.10000000000001,0.42776389356588906,3796,0.35593479637886
CAND_01545,32.68,0.3159355741694302,3797,0.3559222462488822
CAND_02219,22.78,0.28163256770314915,3798,0.3559041808456529
CAND_02766,61.08,0.40355822925203244,3799,0.3558802140290217
CAND_03587,72.5,0.4461670664083652,3800,0.35575220218295855
CAND_04100,94.3,0.590545100726067,3801,0.35569645627322677
CAND_03384,77.68,0.4687721137989209,3802,0.35562240087779035
CAND_01775,12.120000000000001,0.2310011485473853,3803,0.3555418965649173
CAND_03264,21.5,0.27597150367623136,3804,0.3554159064062207
CAND_04736,51.959999999999994,0.375076268538015,3805,0.3552033941886195
CAND_04565,76.08,0.4627372539350674,3806,0.3551989227976091
CAND_00075,29.9,0.3077544919711598,3807,0.35513704641950905
CAND_02411,91.86,0.5634277068333337,3808,0.35508703478464787
CAND_02180,16.259999999999998,0.2520640839898646,3809,0.3550755403120198
CAND_04503,0.33999999999999997,0.05392233454733754,3810,0.3550644255282572
CAND_04377,9.5,0.21477743597692817,3811,0.3550385693192716
CAND_02946,85.8,0.5132065585613,3812,0.3549449855995842
CAND_00354,78.06,0.47090573571988903,3813,0.3548157865034733
CAND_01481,21.6,0.2765112031392571,3814,0.35474254842829767
CAND_04657,31.5,0.31290447102763713,3815,0.3547291601531145
CAND_03754,20.52,0.2726963353994003,3816,0.3545666997405154
CAND_02328,70.22,0.4366489270349774,3817,0.3545567163330176
CAND_02046,70.89999999999999,0.43927186950670283,3818,0.35453137837902127
CAND_01443,8.98,0.210249518654756,3819,0.35441157193633105
CAND_03790,95.67999999999999,0.6148082503551796,3820,0.3543722450806725
CAND_01951,1.02,0.091735286939105,3821,0.3543682229017056
CAND_04963,56.34,0.3881999142924206,3822,0.35432827117376653
CAND_02362,13.18,0.23694181474713466,3823,0.3543157751132692
CAND_01824,40.339999999999996,0.339289674616631,3824,0.35429020884480383
CAND_04246,84.24000000000001,0.5034666840199594,3825,0.35427828120241456
CAND_00801,8.44,0.2068722818906516,3826,0.3542688580265817
CAND_00084,71.46000000000001,0.44121947051079974,3827,0.3542412390128159
CAND_03509,10.440000000000001,0.2205272918633257,3828,0.3541862336333198
CAND_00814,74.9,0.4576667819511019,3829,0.35417173633255894
CAND_04006,26.68,0.29748264468241425,3830,0.3540797124970204
CAND_04626,38.92,0.334908064181029,3831,0.3540099835052431
CAND_03391,12.559999999999999,0.23354528590516185,3832,0.353999600005366
CAND_03714,46.46,0.3582308705632524,3833,0.3539345229504788
CAND_01634,61.260000000000005,0.40402985177763523,3834,0.3538854993460794
CAND_04092,52.7,0.3779397349499173,3835,0.3538653550666369
CAND_01623,77.44,0.46798256985504694,3836,0.35377467325152534
CAND_01162,5.06,0.1700859704933968,3837,0.35364866123790084
CAND_02467,80.44,0.483389367666673,3838,0.3535572589703651
CAND_04932,12.9,0.23493205866844707,3839,0.35355421634461337
CAND_03503,84.16,0.5031346480815442,3840,0.3535238885332865
CAND_02186,2.88,0.1399246750587623,3841,0.35348599141703085
CAND_04584,10.48,0.22056343704156997,3842,0.35347338752055946
CAND_02879,17.599999999999998,0.25858562329489676,3843,0.3534385018135643
CAND_03944,87.16000000000001,0.5222313896533352,3844,0.3533040597827911
CAND_04058,49.02,0.3659611709718986,3845,0.35323833259677784
CAND_02201,18.4,0.2613713170234713,3846,0.35300484025654666
CAND_01921,48.96,0.3657705292308485,3847,0.3529726856156297
CAND_04709,76.46,0.46411671360154577,3848,0.3529425811549345
CAND_01956,71.66,0.4426297052193871,3849,0.3529362022848517
CAND_02896,41.260000000000005,0.3418392378261014,3850,0.3528225989035078
CAND_03718,71.88,0.44373067035243174,3851,0.35282029071811655
CAND_00408,48.88,0.3655039432662143,3852,0.35275135171442584
CAND_02167,14.879999999999999,0.2448344183699475,3853,0.3527226814644443
CAND_01595,38.34,0.3333783013873279,3854,0.3526926519731275
CAND_03288,30.78,0.31085810357832866,3855,0.3526772784096137
CAND_02922,37.74,0.3311830367202724,3856,0.3525622772167248
CAND_00600,83.7,0.5011042290026267,3857,0.35252397094943666
CAND_01176,35.72,0.32614947113759407,3858,0.352495106024018
CAND_03792,50.78,0.3717087980582009,3859,0.35247292315438106
CAND_03845,71.98,0.4439244813657786,3860,0.35233613540933073
CAND_04551,45.32,0.3540397229616003,3861,0.3523206633439771
CAND_04197,31.900000000000002,0.31379465995638406,3862,0.352310059447291
CAND_04474,74.83999999999999,0.4573824943539431,3863,0.352245899758324
CAND_02054,81.17999999999999,0.4867537757698681,3864,0.35216905841304347
CAND_03359,41.24,0.3418001220713687,3865,0.35214708057615984
CAND_03279,29.28,0.3059629603536062,3866,0.352109544182904
CAND_00013,83.66,0.5009382015170182,3867,0.35197005440860973
CAND_02945,84.5,0.5054287479682655,3868,0.3519663079611065
CAND_01142,89.48,0.5396030182266552,3869,0.35195797233850523
CAND_04519,22.720000000000002,0.2814357125645211,3870,0.3518960003513125
CAND_03757,0.27999999999999997,0.05084371706175005,3871,0.3518365541204126
CAND_01086,50.3,0.36999982817073684,3872,0.3517291097973522
CAND_02611,16.02,0.2506355355300399,3873,0.3517228581970142
CAND_02482,96.0,0.6216857374361845,3874,0.35167928520537456
CAND_03604,42.059999999999995,0.3443360123080594,3875,0.35166463907077494
CAND_02221,47.099999999999994,0.3600761917548935,3876,0.35158681725680063
CAND_02601,69.76,0.4343206345736304,3877,0.3515108564330556
CAND_04178,53.26,0.37951900296026836,3878,0.351490632884239
CAND_02305,57.56,0.39246371604537966,3879,0.35148845582461385
CAND_01036,90.60000000000001,0.5510179993659601,3880,0.3514633020517619
CAND_01944,11.64,0.22750989444887737,3881,0.35142177494804494
CAND_02164,43.88,0.34956994978285083,3882,0.35128364941770646
CAND_03389,87.6,0.5250769669114593,3883,0.3512567376112673
CAND_03865,8.88,0.20981002072567306,3884,0.35106909093542726
CAND_02175,35.4,0.32508103838876695,3885,0.3509874970743575
CAND_02784,27.96,0.3020583426382623,3886,0.35086352353783157
CAND_04824,66.2,0.42169238117937746,3887,0.35082106453958295
CAND_01627,45.1,0.3533395233781762,3888,0.3508129882266347
CAND_00650,7.3999999999999995,0.19905961621331944,3889,0.35065153705999197
CAND_04790,61.56,0.40513902463848267,3890,0.35058973192641246
CAND_00524,73.9,0.4524749684835563,3891,0.3503730734707447
CAND_02832,56.82000000000001,0.3895994395233314,3892,0.3503623841609454
CAND_00561,40.52,0.33968419510208436,3893,0.3502296154571389
CAND_01502,3.52,0.15166292157441372,3894,0.35020827183932846
CAND_01053,45.06,0.3532981633631547,3895,0.35014634572332526
CAND_01647,59.599999999999994,0.3991277542180866,3896,0.3499340346763672
CAND_04611,21.54,0.2761214623888365,3897,0.349803701972091
CAND_02035,49.3,0.36679018132958674,3898,0.3497994329310887
CAND_02318,37.0,0.329409109741536,3899,0.34967947351653544
CAND_04515,57.16,0.39108383659620877,3900,0.34965770461219847
CAND_02736,55.74,0.3864709333000928,3901,0.34964997012432175
CAND_04616,52.32,0.3762338739247048,3902,0.349617133414277
CAND_03782,36.32,0.3276308532403354,3903,0.34956338530489117
CAND_04074,34.4,0.3225525783470783,3904,0.3495631109437546
CAND_01240,14.64,0.24366035064398436,3905,0.34956037477272994
CAND_04744,6.3,0.1856236427672546,3906,0.34953783882569744
CAND_01973,17.119999999999997,0.25706703235285616,3907,0.34947098471156424
CAND_04027,96.5,0.6320272924451141,3908,0.3494529655703147
CAND_04007,66.62,0.4226026977663127,3909,0.3494076684203751
CAND_03764,58.160000000000004,0.39430900701130567,3910,0.34921316994867496
CAND_02449,63.62,0.41274986931765667,3911,0.34920677100754927
CAND_03298,38.019999999999996,0.3323195530809341,3912,0.3492051304342858
CAND_01182,47.02,0.3598425239125942,3913,0.3491969722183965
CAND_02184,8.42,0.20674341092193546,3914,0.3491572780811426
CAND_04004,14.62,0.24364465531026472,3915,0.3490930381389248
CAND_02621,24.36,0.2878185268415272,3916,0.34909161695352164
CAND_02955,21.8,0.2774146873474436,3917,0.34904194515958387
CAND_00997,57.96,0.3936653982223482,3918,0.3490157414791816
CAND_04959,34.94,0.32397687483910037,3919,0.34893111576894403
CAND_01567,56.96,0.3902702465890196,3920,0.34886606699402634
CAND_01099,52.52,0.37725761680375497,3921,0.34882142576840547
CAND_04560,26.46,0.2962573848141625,3922,0.34877986355573265
CAND_04520,36.28,0.32754706489491825,3923,0.34872677445768796
CAND_01091,68.72,0.43025882971644397,3924,0.3486578608049532
CAND_02935,43.9,0.34975954112758656,3925,0.34853030003504204
CAND_04001,45.9,0.3555497138970617,3926,0.34850977299922264
CAND_02094,13.54,0.2385076128684477,3927,0.3484992061234473
CAND_02319,64.18,0.41474427359925875,3928,0.34839125346443944
CAND_03943,4.12,0.15870463881494065,3929,0.34839026598531
CAND_02769,15.120000000000001,0.2460923938409769,3930,0.34835052245146336
CAND_01462,7.48,0.20010000785570972,3931,0.34831928314391875
CAND_04927,57.599999999999994,0.39254150402009325,3932,0.34830734454315004
CAND_04501,61.62,0.40533990735935216,3933,0.34825998983334827
CAND_04789,91.3,0.5567758023766626,3934,0.34819081077262926
CAND_01138,62.519999999999996,0.40914138028024527,3935,0.34799322297573665
CAND_00713,51.82,0.3743571672125075,3936,0.3479212527058685
CAND_02907,69.84,0.4349584465907715,3937,0.34776537760064946
CAND_03056,79.24,0.47710823589354184,3938,0.34768075811880683
CAND_00934,16.34,0.2526087767310525,3939,0.3476772201733318
CAND_00144,85.44,0.5106651567457816,3940,0.34766888718880884
CAND_02637,32.36,0.31487125734040433,3941,0.3475991943868615
CAND_01052,90.18,0.5466531126766184,3942,0.34751404456562596
CAND_01750,75.44,0.45972321005816846,3943,0.34747072091935505
CAND_01684,61.22,0.4038805493350927,3944,0.34745073788079817
CAND_00588,3.58,0.15195023013515982,3945,0.3474329284538348
CAND_01157,5.74,0.1789854693415517,3946,0.34740877227209377
CAND_03216,71.38,0.4408105698590581,3947,0.34740625474706266
CAND_00348,21.2,0.27500379465694563,3948,0.34735716780799875
CAND_00401,40.98,0.3411048937976183,3949,0.34726754449585384
CAND_03565,94.38,0.5918820863510657,3950,0.3472607792447844
CAND_03734,69.82000000000001,0.43479826116371584,3951,0.3472003188889462
CAND_04763,63.980000000000004,0.41396428561382714,3952,0.34716007594240555
CAND_02443,68.94,0.43067159427508334,3953,0.3470122779636346
CAND_03571,60.019999999999996,0.40039225089541186,3954,0.34700688003047636
CAND_04876,75.42,0.45968592113915924,3955,0.3470005428969542
CAND_02664,38.82,0.33459877979255037,3956,0.34691726125343514
CAND_03442,9.08,0.2114698186276186,3957,0.34691051191552197
CAND_02969,85.02,0.5086676804620026,3958,0.34685790183068066
CAND_02016,6.32,0.18572294332950517,3959,0.3468268181274495
CAND_03800,18.099999999999998,0.26034445172980275,3960,0.34679717607671573
CAND_01572,37.62,0.3307723825000679,3961,0.34674742679255577
CAND_03151,20.94,0.27368427776245774,3962,0.3466947152597204
CAND_02199,21.78,0.277209284408333,3963,0.34663815744746124
CAND_03723,30.580000000000002,0.3101962051053353,3964,0.34663672123934375
CAND_03497,13.48,0.2382489167431517,3965,0.34663167834932695
CAND_02900,5.680000000000001,0.1782365103722488,3966,0.34661402260971674
CAND_00808,56.39999999999999,0.38838737625752273,3967,0.34645217196477696
CAND_00709,60.38,0.4016210228139258,3968,0.34641592570815793
CAND_03188,48.72,0.36506496304556774,3969,0.34637725497934946
CAND_04119,82.42,0.4933292999768764,3970,0.34631691601752457
CAND_00678,49.14,0.36627110035485644,3971,0.3462997482509531
CAND_01549,0.3,0.0527517612698168,3972,0.3462665495296675
CAND_00173,16.66,0.2545868172074545,3973,0.3462155181371506
CAND_03916,28.92,0.30495910195696196,3974,0.34618798578032733
CAND_00449,75.16000000000001,0.4586473048321887,3975,0.34618238308978755
CAND_03164,7.380000000000001,0.19885815617185762,3976,0.3461244521049683
CAND_01860,39.18,0.3358177021886616,3977,0.3461195350726195
CAND_04530,90.5,0.5498694774719777,3978,0.3460655020751041
CAND_03197,11.219999999999999,0.22567958407489508,3979,0.3459986261091066
CAND_00437,15.28,0.2471321275555822,3980,0.34582396457257564
CAND_01133,52.16,0.37562925454221974,3981,0.34575202158386575
CAND_03009,38.96,0.33497455975426543,3982,0.34558314483394803
CAND_03937,77.02,0.4661019745391331,3983,0.34548319543522293
CAND_01856,14.760000000000002,0.24411664323284557,3984,0.3454191391222676
CAND_01820,33.78,0.32066219095923,3985,0.3454114309176516
CAND_02549,74.48,0.4555832750170162,3986,0.34536429965072557
CAND_02132,38.9,0.3348111406592714,3987,0.3453377362608108
CAND_02000,60.36,0.4014227268699255,3988,0.3453223452841091
CAND_04693,28.38,0.30339281910388227,3989,0.34527876606130314
CAND_01076,64.3,0.4153393448656402,3990,0.3452221265844349
CAND_01269,2.1999999999999997,0.12424920578019326,3991,0.34521753733184657
CAND_04682,85.34,0.5101354100797069,3992,0.34514396595706276
CAND_04695,57.86,0.3935101228972788,3993,0.3451435013749645
CAND_01915,97.64,0.6609335785942957,3994,0.3449873269781129
CAND_03302,69.69999999999999,0.434287590597254,3995,0.344967900309774
CAND_02680,4.279999999999999,0.15962901737942983,3996,0.34496373866679847
CAND_02414,2.9000000000000004,0.14004990132493483,3997,0.34486667327113824
CAND_00707,94.34,0.5906733269447972,3998,0.3448355312981458
CAND_04195,8.28,0.20562766660754653,3999,0.34468951848175255
CAND_01124,67.32000000000001,0.42477646529370383,4000,0.344566662482166
CAND_04149,62.92,0.4106793149799821,4001,0.34454895138853325
CAND_00575,92.54,0.5700332951597755,4002,0.34449435349477786
CAND_00496,70.39999999999999,0.4372737236359836,4003,0.3444633420278417
CAND_02089,63.160000000000004,0.41131317275919427,4004,0.3444596920226236
CAND_03659,58.4,0.3955024204843287,4005,0.34445264044960466
CAND_01878,30.959999999999997,0.3114707494444158,4006,0.3443777503136335
CAND_01313,1.0999999999999999,0.0965320151012532,4007,0.34427329619041475
CAND_02262,76.34,0.4637783389591718,4008,0.34424625668822095
CAND_00451,19.18,0.26676450189667245,4009,0.34421606302941543
CAND_00147,18.459999999999997,0.2617045131875249,4010,0.34411415262701817
CAND_03093,55.17999999999999,0.3848776436041165,4011,0.34400095471842485
CAND_02534,79.67999999999999,0.4793064107241881,4012,0.3439844388055874
CAND_00356,24.32,0.28778391503780737,4013,0.34397197502992105
CAND_03185,65.8,0.42031167924424623,4014,0.3439209508526355
CAND_02828,77.46,0.46800289934788347,4015,0.3437681439374465
CAND_03281,11.3,0.22589482708932349,4016,0.3437493860771055
CAND_04762,60.160000000000004,0.4010639687810794,4017,0.34363262811369183
CAND_04559,40.660000000000004,0.34024466244081064,4018,0.34361886893772825
CAND_01645,85.22,0.5094748831763455,4019,0.343595622848209
CAND_01570,72.38,0.44550211880471735,4020,0.34357261969387987
CAND_00635,28.060000000000002,0.3025802545778566,4021,0.34356549671463393
CAND_03028,73.66,0.45135738924386337,4022,0.3435456505186823
CAND_01826,69.3,0.4324605118051847,4023,0.34351070637688197
CAND_02122,43.7,0.348962773516806,4024,0.34350689962146086
CAND_04701,36.24,0.3274986183726554,4025,0.343370377884075
CAND_03214,84.82,0.5071098527084892,4026,0.3433584437741243
CAND_04964,37.580000000000005,0.3307012696424161,4027,0.3433106513108882
CAND_03925,84.1,0.5030038096409282,4028,0.3432335324786843
CAND_02367,59.019999999999996,0.3973921978121917,4029,0.3429947846378998
CAND_00969,93.64,0.5818055206184075,4030,0.34292081466537794
CAND_04477,71.06,0.4398226191906303,4031,0.34290044930403096
CAND_02727,72.92,0.44813901515569493,4032,0.3428914842084235
CAND_03668,16.32,0.2523857576152184,4033,0.3428908006705759
CAND_00280,79.4,0.47772831040898656,4034,0.34284334642785885
CAND_04244,51.1,0.37286215872572614,4035,0.34270521101252494
CAND_00150,67.94,0.427443787924879,4036,0.3425692309589623
CAND_02698,13.4,0.23780405063747542,4037,0.34248060248777423
CAND_02612,12.520000000000001,0.23351422823288862,4038,0.34246870408422975
CAND_01131,86.42,0.5176044135089034,4039,0.34246212783081514
CAND_04424,18.9,0.265700020600698,4040,0.3424402590143336
CAND_00852,32.84,0.3163524815750414,4041,0.3423698063090853
CAND_03301,5.3,0.1743585273038548,4042,0.34233392485337366
CAND_00103,64.02,0.41425626764131057,4043,0.34222764365173586
CAND_02650,68.32000000000001,0.4283007749697284,4044,0.34222273303501655
CAND_03445,4.760000000000001,0.1666605172930944,4045,0.34217320094091136
CAND_00725,15.479999999999999,0.24775122267324107,4046,0.34212444197337977
CAND_00407,52.839999999999996,0.378469225349569,4047,0.3420499288268847
CAND_04717,19.56,0.2686503795854754,4048,0.3420184449214455
CAND_02719,4.06,0.15643707611579694,4049,0.34201105949362126
CAND_00468,48.02,0.36301963205041843,4050,0.34200368191225217
CAND_01401,70.02000000000001,0.43573287005694455,4051,0.3420034977848221
CAND_00124,2.08,0.12274932144837718,4052,0.34198525170341615
CAND_02123,82.39999999999999,0.49286744671409566,4053,0.34195038700060854
CAND_00444,8.6,0.20795618687290757,4054,0.34183465082914755
CAND_04694,79.64,0.4790517207644064,4055,0.3418097744075482
CAND_04517,6.660000000000001,0.1899000016721745,4056,0.3417247177985303
CAND_02756,36.3,0.32756663741861,4057,0.34167518552128817
CAND_02464,87.38,0.5238493546688822,4058,0.3416082344880631
CAND_01968,62.86000000000001,0.4106348757260601,4059,0.3414022435499926
CAND_03638,20.04,0.27073318359449305,4060,0.34133590391483054
CAND_04746,82.22,0.49155303945076845,4061,0.3412449352131717
CAND_03189,9.94,0.21780397411325025,4062,0.34124401134862603
CAND_03581,28.360000000000003,0.3033845878258328,4063,0.3411652145202866
CAND_00644,42.02,0.34425142674734693,4064,0.3410346192253322
CAND_03311,31.52,0.31291931754510743,4065,0.3410267319974536
CAND_03460,27.500000000000004,0.3001549926174535,4066,0.3408822921292222
CAND_01749,2.64,0.1357062758107116,4067,0.34082331583038683
CAND_02090,11.06,0.22442679638241012,4068,0.3407250532382762
CAND_00476,25.06,0.29096209322822486,4069,0.34072213866502765
CAND_01855,55.120000000000005,0.3847605357101298,4070,0.34070837472615756
CAND_04797,70.62,0.4381806206799242,4071,0.3405768267998726
CAND_02048,73.02,0.44841410656160297,4072,0.34054899096162394
CAND_04293,66.25999999999999,0.42173913016368547,4073,0.34049247738430843
CAND_00042,20.54,0.27271982634321296,4074,0.3403918849685257
CAND_03605,61.4,0.40445369403055786,4075,0.34037942141520133
CAND_02372,28.82,0.30459225351405894,4076,0.34036224458539577
CAND_03560,74.62,0.4559349182132668,4077,0.3402524871352839
CAND_01527,69.74000000000001,0.4343139038500252,4078,0.34016260820209787
CAND_02124,27.32,0.29919929040917637,4079,0.3400804557182726
CAND_04835,48.339999999999996,0.36392485839595196,4080,0.3400758289545792
CAND_04191,44.78,0.3521553726597348,4081,0.34006795779921817
CAND_04589,47.8,0.3622969243938816,4082,0.3400486995922837
CAND_01342,29.080000000000002,0.3052591350460219,4083,0.34004299732219156
CAND_04788,54.26,0.38260872743775354,4084,0.34004246454990505
CAND_01496,26.52,0.29652050578273276,4085,0.3400387716940668
CAND_02966,52.5,0.37693536199208433,4086,0.3399238229264332
CAND_01258,76.22,0.4632901434871387,4087,0.3398347052144529
CAND_01748,90.42,0.5490132845143232,4088,0.3398295038761122
CAND_03527,0.08,0.01493293350421172,4089,0.3398120594118521
CAND_02508,67.72,0.4265436186256353,4090,0.3395857852546582
CAND_01252,71.7,0.4430726966132178,4091,0.33957105050444225
CAND_03266,71.94,0.4437828267901776,4092,0.339564584818824
CAND_01940,89.52,0.5403407183640107,4093,0.3395143955750721
CAND_03343,25.64,0.29339812205462856,4094,0.33942051328132794
CAND_02760,24.92,0.29015306112049827,4095,0.3393890550983991
CAND_04303,46.06,0.35654180203967073,4096,0.3393082234221695
CAND_04101,79.08,0.4762152270637888,4097,0.3392093746912509
CAND_04696,26.96,0.29820740705308035,4098,0.3391995415625867
CAND_00673,43.82,0.3494138842370207,4099,0.3391543247784921
CAND_04355,26.14,0.29516270622860014,4100,0.33913886674938887
CAND_01149,13.700000000000001,0.23912135448426872,4101,0.339057738712521
CAND_02011,9.66,0.21637109773454274,4102,0.3390576137083764
CAND_01343,32.96,0.3169275858933909,4103,0.3390228667071339
CAND_03783,27.639999999999997,0.30062225674683135,4104,0.33891946625724234
CAND_00319,37.26,0.3299554955920586,4105,0.338875085445337
CAND_03514,16.76,0.25497696319363894,4106,0.33879994439170136
CAND_01234,61.7,0.40568307044847046,4107,0.3387594455267513
CAND_02145,40.839999999999996,0.3409053253606682,4108,0.33871584337320415
CAND_02543,95.24000000000001,0.6071667871090053,4109,0.3386858786722732
CAND_02096,1.7000000000000002,0.1122667343664231,4110,0.3386116388199622
CAND_01365,17.740000000000002,0.25912376888045446,4111,0.3385509597041839
CAND_03708,85.92,0.5141254019208723,4112,0.33854444152570223
CAND_02752,24.64,0.2891533827930864,4113,0.33854357657023937
CAND_03620,66.47999999999999,0.42218220915084237,4114,0.33837034151905343
CAND_04322,13.919999999999998,0.24109389509049842,4115,0.338346814161025
CAND_04923,29.520000000000003,0.30657705573419664,4116,0.33834593287624737
CAND_02459,15.18,0.24650196910014452,4117,0.33830676602146226
CAND_03450,67.36,0.4249318470850288,4118,0.33829516626367906
CAND_01927,17.8,0.2592939928518089,4119,0.3382335109330017
CAND_00475,73.04,0.448424738520176,4120,0.33812738608273896
CAND_03068,98.46000000000001,0.6877156239557954,4121,0.33784070795460375
CAND_01893,56.48,0.38862826975191495,4122,0.3378383926943277
CAND_01479,77.56,0.4684309894889923,4123,0.33783204872804423
CAND_04994,81.0,0.4857956309320839,4124,0.33778431419258437
CAND_00171,27.98,0.302108800262209,4125,0.33750752349549656
CAND_02209,15.58,0.24817671988003745,4126,0.3374800576278604
CAND_04533,48.120000000000005,0.36346858436446916,4127,0.3373303974794631
CAND_03468,39.36,0.33638092915788603,4128,0.3372659474948568
CAND_03523,64.8,0.4172010378910601,4129,0.337233047371513
CAND_02151,93.22,0.5769932470844216,4130,0.33708671247092925
CAND_00325,28.76,0.3045144499277577,4131,0.3370644577322756
CAND_01781,49.34,0.36691952981222065,4132,0.33703634433282736
CAND_02775,81.62,0.4883545762637494,4133,0.33696044520204216
CAND_02432,27.02,0.2982509481819306,4134,0.3368870908326723
CAND_00424,29.38,0.3060534108265013,4135,0.3368382195842006
CAND_00030,97.18,0.6518223071997509,4136,0.33674681881955815
CAND_03766,23.06,0.2825473297556241,4137,0.336722187538008
CAND_03981,66.82000000000001,0.4230240791380587,4138,0.33662569932870856
CAND_01984,38.42,0.3335191074964102,4139,0.3366022186741067
CAND_02041,32.22,0.3143484654371116,4140,0.3365495781133921
CAND_01958,33.2,0.3180265155974963,4141,0.3365374788994219
CAND_01113,54.82,0.38417236457563053,4142,0.33649433187129674
CAND_03491,48.06,0.3633723847744768,4143,0.33647639611747615
CAND_03726,29.580000000000002,0.30662724204788233,4144,0.3362850998316924
CAND_01977,23.52,0.2844254015660628,4145,0.33623902766852753
CAND_02005,35.92,0.32666904213517217,4146,0.3361941120979782
CAND_00462,23.380000000000003,0.2838705104481371,4147,0.33610580837566734
CAND_02418,59.419999999999995,0.39889816134528405,4148,0.33609250631154586
CAND_00537,34.599999999999994,0.3231368703015174,4149,0.33587464839508674
CAND_00366,59.9,0.4001324307810483,4150,0.33587296724704674
CAND_01766,65.4,0.41934147591415866,4151,0.33584907347708437
CAND_04627,92.46,0.5685997647530502,4152,0.3356114310943398
CAND_00442,50.38,0.3704420309137107,4153,0.3356082763989724
CAND_04084,56.68,0.38898056197701075,4154,0.3355120879322364
CAND_01966,64.52,0.4164069668486015,4155,0.33535487084660937
CAND_02396,84.74000000000001,0.5066520351756799,4156,0.3352471002470128
CAND_01333,29.060000000000002,0.30518288436220525,4157,0.335125126651537
CAND_04117,29.62,0.30671431055069004,4158,0.3350649770066719
CAND_04742,36.6,0.3282426695514262,4159,0.3350519970051544
CAND_00668,93.4,0.5788531890014494,4160,0.3348815221909107
CAND_01886,37.14,0.3297030171272541,4161,0.334832975885625
CAND_02779,6.68,0.1903747474762789,4162,0.3348172810903526
CAND_04670,47.28,0.36043649021464724,4163,0.334774450578825
CAND_03069,32.82,0.316336761679451,4164,0.3347730733913312
CAND_01145,64.96,0.4177302073921352,4165,0.3347729636069777
CAND_04967,21.94,0.2782175320573615,4166,0.3344413531956596
CAND_03121,12.920000000000002,0.23495063648957093,4167,0.3343909074953655
CAND_04283,0.44,0.06747143058586212,4168,0.3343460513981945
CAND_01152,47.620000000000005,0.36180540768246794,4169,0.3342822303904457
CAND_04232,38.379999999999995,0.33348340549881605,4170,0.33426002976000185
CAND_04802,73.92,0.452516323406052,4171,0.3341897883874536
CAND_02061,71.6,0.4421384601617455,4172,0.33415563615513943
CAND_03228,28.68,0.30423751251906855,4173,0.33412843483942084
CAND_03104,30.14,0.30843914152747054,4174,0.3340365755466777
CAND_04590,52.86,0.37847328467672997,4175,0.33392603658154507
CAND_02106,34.08,0.3213931382370972,4176,0.3338919009976915
CAND_04292,79.58,0.47878244178187157,4177,0.3338886510154719
CAND_01017,68.06,0.4276912856262725,4178,0.33385731637998683
CAND_04563,11.92,0.22917111250684238,4179,0.33385503481828843
CAND_04774,6.36,0.1866339751869393,4180,0.3338241077542646
CAND_01188,52.459999999999994,0.376549148572874,4181,0.33373875766789085
CAND_04014,21.3,0.27551963723646306,4182,0.33366900801077715
CAND_00686,10.74,0.2222892906068365,4183,0.33362971367219973
CAND_04733,28.02,0.30217046446203094,4184,0.33360566466739155
CAND_00939,64.86,0.4173604745600631,4185,0.3335516652881071
CAND_03912,68.62,0.4294190440270301,4186,0.33351824954181175
CAND_03868,34.96,0.32402734762575364,4187,0.3334066968908853
CAND_01126,80.97999999999999,0.48566418073702644,4188,0.33322756241601437
CAND_01236,87.32,0.5235754593524061,4189,0.33315017985574835
CAND_03614,55.66,0.3862462043144653,4190,0.33304944602117437
CAND_03697,17.44,0.25809473318413995,4191,0.3330279255463605
CAND_00576,2.2800000000000002,0.12614380318772458,4192,0.33279522435466113
CAND_02188,9.379999999999999,0.2143315161609098,4193,0.33275974313534734
CAND_03464,32.019999999999996,0.3138826543152465,4194,0.33267677497546005
CAND_02823,77.72,0.46884940505527756,4195,0.3325711784195745
CAND_01225,9.700000000000001,0.21680326645334863,4196,0.3321400096921733
CAND_00584,64.46,0.4161573068955625,4197,0.33209349016186696
CAND_02618,48.84,0.3654436927350274,4198,0.33198078062030745
CAND_00181,87.26,0.5230922046512556,4199,0.3319489757905638
CAND_03306,30.54,0.3100713618470762,4200,0.3316028712840734
CAND_04564,80.28,0.48244152564445425,4201,0.3315085352292917
CAND_01836,4.08,0.1573600367345194,4202,0.3315037864849854
CAND_01115,86.52,0.5189560250630153,4203,0.3314618721553234
CAND_02297,59.699999999999996,0.39932385670604453,4204,0.3313868834713327
CAND_01970,1.6199999999999999,0.1109104188877782,4205,0.3312995700367996
CAND_00580,13.74,0.2393323262487859,4206,0.3311036022642969
CAND_03842,79.17999999999999,0.47647094537690016,4207,0.33109493996093087
CAND_01895,18.54,0.2624005500507863,4208,0.3310260660748223
CAND_01367,23.080000000000002,0.2827472491256146,4209,0.33099732878354227
CAND_02782,75.8,0.4617868502402154,4210,0.3309672075748208
CAND_00463,10.32,0.21985147205860062,4211,0.3309582343505124
CAND_01391,40.88,0.34093283470866687,4212,0.33095144748635696
CAND_04667,33.76,0.32046365444141517,4213,0.33093917765443415
CAND_03309,65.82000000000001,0.42034812426036844,4214,0.33079985790235256
CAND_00822,26.179999999999996,0.2953730047488667,4215,0.33072303372711126
CAND_02448,53.68000000000001,0.38069473222596995,4216,0.33070469098963706
CAND_03538,62.3,0.407890580017601,4217,0.33067226598044197
CAND_00612,63.5,0.41231455610463474,4218,0.3306513825468636
CAND_04665,57.48,0.3923061380056537,4219,0.33060080022232075
CAND_00872,19.42,0.268034591876762,4220,0.33051691967501134
CAND_00412,88.28,0.5292018989933426,4221,0.33046684878673904
CAND_03930,0.8,0.08595192396038459,4222,0.330458168188721
CAND_02239,16.36,0.2526704186183091,4223,0.3304576809523283
CAND_02498,50.5,0.37098957490375406,4224,0.3303952264152182
CAND_03755,59.919999999999995,0.4002265290155475,4225,0.330380339443164
CAND_01054,18.78,0.2645082624985354,4226,0.3303637281883325
CAND_04363,49.220000000000006,0.3664439045836448,4227,0.33036033159570166
CAND_02275,48.3,0.36383436276659115,4228,0.3303352679645867
CAND_04042,76.28,0.4634544953688539,4229,0.3303221901703435
CAND_03545,37.44,0.3305186777676267,4230,0.33005520546084793
CAND_01307,87.3,0.5234590611125872,4231,0.33004537876031415
CAND_00706,75.48,0.46028416757576984,4232,0.3299228068753232
CAND_01230,38.64,0.3342683047869466,4233,0.32981061911058623
CAND_02023,42.84,0.34634338614382415,4234,0.3297163229641602
CAND_03052,2.56,0.13423066497475697,4235,0.3297056908221926
CAND_00421,44.940000000000005,0.3528504602706535,4236,0.32968319552757985
CAND_03706,52.239999999999995,0.3759990328559145,4237,0.32958115526504533
CAND_04638,35.3,0.3247102274928364,4238,0.32955702784036034
CAND_00166,41.88,0.3439476748474421,4239,0.3295291680880895
CAND_04221,43.08,0.34721506560643883,4240,0.3294556368298137
CAND_03372,71.48,0.44130250919754427,4241,0.3294457058092495
CAND_00890,65.32,0.41921613787485806,4242,0.32940570722346024
CAND_03768,68.36,0.42831175869360943,4243,0.3293460843254665
CAND_03843,1.6,0.10978942758120672,4244,0.3293187977582316
CAND_04541,75.38,0.4594714210736804,4245,0.3292837363817635
CAND_01204,60.68,0.4023151101324315,4246,0.3291837361604444
CAND_03564,44.12,0.3503316805149828,4247,0.3291654910993558
CAND_03695,6.279999999999999,0.18556526221599007,4248,0.32895437504992414
CAND_04906,24.86,0.28983180229284083,4249,0.32878188965210964
CAND_02101,12.08,0.23038769851961816,4250,0.3286272641040874
CAND_01838,36.86,0.3289502234552404,4251,0.3286268411891684
CAND_01372,62.419999999999995,0.4083776310153607,4252,0.32857606907071746
CAND_00956,42.26,0.3450948081791297,4253,0.3284324692556083
CAND_00208,1.34,0.10221163580540847,4254,0.32816172420516554
CAND_04329,23.580000000000002,0.28468358250768244,4255,0.3280238763328141
CAND_01226,40.0,0.3385308018890427,4256,0.3280111333291531
CAND_03046,58.78,0.3966613280278071,4257,0.3279935278850533
CAND_04341,41.94,0.34407396811206964,4258,0.32793241174891363
CAND_00078,66.3,0.42179051389159233,4259,0.3279257677061295
CAND_04878,51.35999999999999,0.3733304070648034,4260,0.3278735206819864
CAND_04781,43.68,0.3488306334162307,4261,0.32783660823262734
CAND_00291,65.3,0.41918926651933697,4262,0.32780711070626234
CAND_04097,82.34,0.492581952031349,4263,0.32780080631717395
CAND_02120,82.88,0.4947930932783713,4264,0.3277982267387597
CAND_03099,86.2,0.5156475041431814,4265,0.32768122564692115
CAND_00097,18.56,0.26241050675321986,4266,0.327368063276349
CAND_03012,56.16,0.38763608831652296,4267,0.3273198944496056
CAND_01351,13.16,0.2368750655352214,4268,0.3271883010589928
CAND_03616,37.54,0.33066546091584476,4269,0.32715255226757195
CAND_00711,56.99999999999999,0.3905696287394317,4270,0.32712513462294834
CAND_02249,19.900000000000002,0.27019358607049804,4271,0.32709136374151604
CAND_04888,6.819999999999999,0.19173932138823602,4272,0.3270819443485221
CAND_00671,6.78,0.19160363064339472,4273,0.3270186527334329
CAND_04600,57.26,0.3912740865153779,4274,0.32680713964020863
CAND_02347,34.88,0.323692791522092,4275,0.3267790557717632
CAND_02430,64.22,0.41494713154727336,4276,0.3264492774796586
CAND_00473,91.12,0.5556999052904668,4277,0.32643460437916066
CAND_00230,63.68000000000001,0.41286423375659775,4278,0.32637294265837996
CAND_00108,72.64,0.4468787384575138,4279,0.3262844203728328
CAND_00560,86.33999999999999,0.5167125400574373,4280,0.3262746523358895
CAND_01957,6.800000000000001,0.19167341024320383,4281,0.3262483346548979
CAND_00438,20.84,0.2733455689948362,4282,0.3262435324222478
CAND_02886,66.18,0.42169222374364174,4283,0.32619360957638766
CAND_04469,70.19999999999999,0.4364886142631012,4284,0.32615750091597
CAND_03860,1.44,0.10516261885744116,4285,0.32613718209174386
CAND_00519,40.8,0.3407650546320886,4286,0.3261205446316411
CAND_03493,20.34,0.2721658112365805,4287,0.3260955181034155
CAND_04549,25.16,0.2910990304414538,4288,0.32604751585023495
CAND_01407,69.38,0.4327675642572387,4289,0.3259656033818854
CAND_04209,77.86,0.4700629078294528,4290,0.32593458068533887
CAND_03543,63.44,0.4120351843645347,4291,0.3259004065550968
CAND_00693,48.92,0.3657388628521784,4292,0.3258841729768467
CAND_01705,50.9,0.3721438951445916,4293,0.3257170777607816
CAND_03021,45.0,0.35309995862764954,4294,0.325707766880209
CAND_01209,11.5,0.22690317334925295,4295,0.32559865465750426
CAND_03816,2.12,0.12331384884301118,4296,0.3255911958767119
CAND_03625,41.22,0.3417737771239258,4297,0.32555091708221084
CAND_04404,28.62,0.3040895544438754,4298,0.32542350784837193
CAND_00393,24.9,0.2899743707248447,4299,0.32532271631892073
CAND_03529,18.94,0.26581930038647916,4300,0.3252659264796779
CAND_04997,34.2,0.3219950280553347,4301,0.32525496657798725
CAND_03909,64.74,0.4170320888102811,4302,0.3252544375476413
CAND_02377,31.1,0.3119409550245993,4303,0.32517461308029194
CAND_00484,15.78,0.24930558103155426,4304,0.32510362544966215
CAND_01444,67.62,0.42612944608426384,4305,0.3249500531488601
CAND_00416,32.6,0.3158156802141706,4306,0.3249421872229507
CAND_02314,56.18,0.38769268629212983,4307,0.32488817523517005
CAND_04579,5.62,0.17779183371797821,4308,0.32487817585067524
CAND_04675,10.84,0.22305391390908896,4309,0.32486273637499985
CAND_02141,26.6,0.29704908368057614,4310,0.3247260396296149
CAND_03079,62.44,0.4086833915729491,4311,0.32468440615979816
CAND_01679,43.419999999999995,0.3478959927297426,4312,0.32460046039750967
CAND_02642,23.86,0.28576195985135894,4313,0.32453927198718596
CAND_00810,35.02,0.3240644493873884,4314,0.3242505542232984
CAND_01801,23.94,0.28607749049233644,4315,0.3241386376043669
CAND_02566,17.62,0.2586296988589651,4316,0.32394016369999934
CAND_03824,1.8399999999999999,0.1164016239823742,4317,0.32384771412471075
CAND_00409,68.58,0.429392057671655,4318,0.323767762487422
CAND_02216,53.12,0.3791896070648968,4319,0.32369946953861983
CAND_00858,5.56,0.17702707623303107,4320,0.323659222696594
CAND_00333,53.839999999999996,0.38104456398485437,4321,0.3235567978357111
CAND_04022,72.14,0.44450078093068085,4322,0.32354159275500516
CAND_01349,58.540000000000006,0.39621206508840384,4323,0.3235231450124569
CAND_00034,84.34,0.504461396173524,4324,0.32347418415673634
CAND_02401,27.82,0.3015642127900121,4325,0.3233207518210529
CAND_01607,31.36,0.3124552411992174,4326,0.32330803131204255
CAND_02324,40.239999999999995,0.3390308063445714,4327,0.32317521555852713
CAND_01591,54.64,0.3838609581166168,4328,0.3229410787057454
CAND_02018,56.92,0.39008162986571626,4329,0.32284219258690117
CAND_04284,79.54,0.47872973570021243,4330,0.32280217550021917
CAND_01737,91.7,0.5613370241849583,4331,0.3227992533255057
CAND_00615,59.56,0.39908639549652364,4332,0.32274137570765277
CAND_02025,74.76,0.45671714838271904,4333,0.32264736196769195
CAND_03525,56.879999999999995,0.38983481068468323,4334,0.32255554646611595
CAND_02279,56.2,0.3877132991966968,4335,0.32254965168785243
CAND_03276,12.76,0.23435121948500545,4336,0.32234263557816134
CAND_02841,22.68,0.2813773911913049,4337,0.3223406313837013
CAND_01608,37.64,0.3309165737106795,4338,0.3222601355808562
CAND_04425,11.940000000000001,0.22917527407808003,4339,0.3222234741443605
CAND_04761,68.16,0.4278868500572219,4340,0.32220968699416436
CAND_04518,68.67999999999999,0.4300081574773144,4341,0.32219052063623277
CAND_02627,34.48,0.322779419081884,4342,0.322171156621059
CAND_02529,37.22,0.32978837155560153,4343,0.32184210097569754
CAND_04792,10.02,0.21852850365940976,4344,0.32165967869300716
CAND_00167,69.62,0.4340975168598401,4345,0.32164946703880404
CAND_04298,68.88,0.4305508697095275,4346,0.3216439295588377
CAND_00243,14.6,0.24363811521226625,4347,0.3215329200849188
CAND_02528,93.7,0.5822216076263225,4348,0.32145266317155313
CAND_03070,40.06,0.3386225604765066,4349,0.32138718121529086
CAND_01341,49.26,0.36666467672197806,4350,0.32109930427971545
CAND_02905,80.80000000000001,0.48443690193460165,4351,0.3208955710238657
CAND_01637,89.02,0.5342656370555905,4352,0.3208606064405415
CAND_03961,27.52,0.30017555762069376,4353,0.3207705632360964
CAND_01498,55.82,0.38673749578601496,4354,0.32075750053568514
CAND_04984,66.78,0.42286125859568124,4355,0.3206910904704071
CAND_04548,87.56,0.5247417870434408,4356,0.3206780843904748
CAND_00390,9.520000000000001,0.21501793338165695,4357,0.32064735731573757
CAND_02076,56.89999999999999,0.3899215607667693,4358,0.32059141320690376
CAND_00159,25.94,0.29474725023019194,4359,0.32057487830250603
CAND_00742,33.36,0.3187812167855503,4360,0.320482986388601
CAND_04482,34.339999999999996,0.3223234378597223,4361,0.32042859206657126
CAND_04961,38.56,0.3338449623752581,4362,0.3203998495382656
CAND_01813,92.75999999999999,0.5728967564618186,4363,0.32035439045876757
CAND_03022,48.86,0.36544383301549554,4364,0.3203436152743673
CAND_00292,12.98,0.23535809235937888,4365,0.32031151860117973
CAND_01047,65.78,0.4201695056702679,4366,0.3202836403103653
CAND_03803,73.32,0.44948385817439884,4367,0.3202742129955068
CAND_01483,13.08,0.23657596564657116,4368,0.3202588494369286
CAND_04658,7.66,0.20145039275734591,4369,0.3202557771506528
CAND_01530,42.980000000000004,0.34699435927544325,4370,0.32019445159472903
CAND_02421,25.779999999999998,0.2941955749126725,4371,0.32014098100549737
CAND_00310,13.88,0.2407655589134135,4372,0.32003807445789767
CAND_00170,2.78,0.1369264380941207,4373,0.31994435899923107
CAND_03634,12.0,0.22969940556714555,4374,0.3199256524392834
CAND_02015,12.64,0.23401638871803643,4375,0.3198428566277187
CAND_01673,72.7,0.4472084713886228,4376,0.3198362956361155
CAND_02195,53.18000000000001,0.37941481565194374,4377,0.31961997399731634
CAND_04196,25.180000000000003,0.2911242862863591,4378,0.31961105342063745
CAND_04561,38.879999999999995,0.33476554943108305,4379,0.3194603295231597
CAND_04930,6.18,0.18386721638773065,4380,0.3193567240379922
CAND_01754,28.18,0.30286359023987275,4381,0.319290629002232
CAND_03200,73.98,0.45263029152855827,4382,0.31915001302352175
CAND_04269,26.040000000000003,0.2949879829335773,4383,0.31910264634330143
CAND_02944,19.24,0.26739748107387384,4384,0.31909151480913317
CAND_01552,12.58,0.23358127772717824,4385,0.3188639434961399
CAND_01642,70.72,0.4385471080418759,4386,0.31878817348681987
CAND_01355,5.52,0.17691155988659477,4387,0.31873757654789875
CAND_01005,32.86,0.3163592684640079,4388,0.3187180631849143
CAND_03777,5.18,0.1715026039008348,4389,0.31868477741994733
CAND_00630,42.96,0.3469565603714896,4390,0.3186203175709812
CAND_01467,34.14,0.3216217225705928,4391,0.31849653806761524
CAND_00297,34.52,0.32292791114894287,4392,0.31842128715198026
CAND_03578,50.62,0.37126174567998566,4393,0.3184009395643879
CAND_00329,52.26,0.3760160441480067,4394,0.3183599486358727
CAND_00094,49.28,0.3667301707125277,4395,0.31828667503541436
CAND_03822,10.879999999999999,0.22329040692272276,4396,0.31820836021842536
CAND_03202,94.62,0.5971640382561584,4397,0.31819818874865025
CAND_01320,17.06,0.25663786521645543,4398,0.3181976514431538
CAND_00241,18.98,0.2660674300512921,4399,0.3181777565398277
CAND_02988,17.580000000000002,0.2585838355540807,4400,0.31799892931131135
CAND_03145,45.76,0.3548840016426964,4401,0.31796129056461464
CAND_00733,20.080000000000002,0.270884139715825,4402,0.31794687306447367
CAND_02098,70.74000000000001,0.4387431351601632,4403,0.3178894752493386
CAND_03016,28.54,0.30389772310013685,4404,0.31783630450000927
CAND_02843,43.3,0.3477740815157967,4405,0.3176188651532109
CAND_03879,30.86,0.31099221104377484,4406,0.3176023211447486
CAND_01914,0.18,0.029510449576824086,4407,0.3175897432765419
CAND_04106,79.16,0.47631527861404166,4408,0.3175693488398743
CAND_03277,19.62,0.26880209813864636,4409,0.31754914432990866
CAND_01006,36.44,0.3278893942224347,4410,0.3175083513629545
CAND_04217,64.9,0.4174836532292241,4411,0.31734058028559664
CAND_04139,57.14,0.39096917142902937,4412,0.3173250773882971
CAND_01714,42.68,0.34611966801753696,4413,0.31732087341692994
CAND_00045,3.8,0.15407650103576465,4414,0.31717771863997135
CAND_02540,10.56,0.22086963375051272,4415,0.31715776898149417
CAND_01837,70.48,0.4374824050403981,4416,0.31714758674362775
CAND_03368,79.62,0.4789445932373535,4417,0.3171093538516505
CAND_00602,12.479999999999999,0.2332856434175506,4418,0.31695825202803
CAND_03390,29.92,0.30784704383006,4419,0.31675110005832763
CAND_03837,40.46,0.339595108297106,4420,0.31655080817181036
CAND_01413,85.06,0.5087513656976056,4421,0.31652611811070896
CAND_03254,22.96,0.28243155496652206,4422,0.31651204397594335
CAND_04891,13.44,0.23787980688094099,4423,0.316456638311609
CAND_02454,5.2,0.17232037411299203,4424,0.3164462168990163
CAND_00510,66.96,0.4236597233265109,4425,0.31637895615358824
CAND_00938,71.14,0.44011806681859084,4426,0.3163564858358016
CAND_01384,41.339999999999996,0.34204678442137604,4427,0.31630582826413167
CAND_00102,20.96,0.27376563689072364,4428,0.31621768174953324
CAND_03213,73.38,0.4497719145456133,4429,0.316195469408575
CAND_02051,26.619999999999997,0.2971125735903616,4430,0.3161207068144097
CAND_02765,54.22,0.3823551684540598,4431,0.3160973265622245
CAND_03898,76.98,0.4660741271382396,4432,0.31589549655538557
CAND_04609,2.92,0.14015880248866824,4433,0.3158336218392662
CAND_00088,91.2,0.5560019681556924,4434,0.31556218448794904
CAND_01309,14.08,0.24182125201842897,4435,0.31547570742611547
CAND_03240,80.66,0.48400690409688785,4436,0.3154417061179937
CAND_01026,17.66,0.2587252774723348,4437,0.3153480429338506
CAND_00982,50.160000000000004,0.3695799865985199,4438,0.3152331186555074
CAND_01952,69.22,0.43205603775639373,4439,0.31514607337907774
CAND_01318,7.76,0.20194112390085053,4440,0.31513762542930945
CAND_03859,30.28,0.30884036323941244,4441,0.31509317879934384
CAND_01128,64.42,0.4159837803425108,4442,0.3149899968603701
CAND_03949,75.46000000000001,0.46016506954473146,4443,0.3149730331322656
CAND_00651,9.0,0.21051162232602458,4444,0.3149685296036997
CAND_03396,74.44,0.4554257721522498,4445,0.31477395995377244
CAND_04847,5.72,0.1789798614883468,4446,0.3147449008930645
CAND_03351,9.44,0.21450830158455644,4447,0.314673239262709
CAND_02586,78.3,0.47245497990609825,4448,0.31464012430468513
CAND_01080,35.96,0.32668028901760965,4449,0.31454201619964134
CAND_01686,7.24,0.1971830411460599,4450,0.31450889442208274
CAND_00139,77.06,0.466272560442279,4451,0.3144873487160925
CAND_02159,17.86,0.2595252175076944,4452,0.31437741548711773
CAND_04044,51.9,0.374893318981517,4453,0.3142530556460311
CAND_00413,9.46,0.2145525189665413,4454,0.3142507098211344
CAND_01590,21.66,0.2768776281626114,4455,0.314121494252442
CAND_01299,21.68,0.2769604480950129,4456,0.31405941938910026
CAND_01863,23.14,0.28293165927854347,4457,0.31405634921131464
CAND_03453,57.92,0.39363046668750135,4458,0.3140178491860194
CAND_03774,8.12,0.20460906094724796,4459,0.3138265048075851
CAND_02682,57.9,0.39358139807832193,4460,0.31379590246975064
CAND_02405,50.88,0.37212468841153823,4461,0.31373222342749735
CAND_02068,2.44,0.1315538551962393,4462,0.3136616696841886
CAND_03833,37.16,0.32974510853128286,4463,0.3135948663177899
CAND_01600,80.54,0.4836803527394694,4464,0.3135665662707952
CAND_02659,13.86,0.24063777324223448,4465,0.3134274057367742
CAND_02024,68.46,0.42895424622709477,4466,0.31329294239986855
CAND_00095,18.34,0.2611763569729311,4467,0.31327962808664156
CAND_00839,15.5,0.2477674166935391,4468,0.3131495652744637
CAND_04529,7.06,0.19454571605161056,4469,0.31297790914778684
CAND_01147,52.980000000000004,0.3788286351285617,4470,0.3128981768828296
CAND_02701,32.32,0.3147310968668213,4471,0.3127189328924943
CAND_01805,88.62,0.5314900757399204,4472,0.3126879553454375
CAND_01123,88.78,0.5329660052346229,4473,0.31261452717648985
CAND_04301,22.48,0.28040543055614503,4474,0.31248022028686817
CAND_02003,37.84,0.33139973592100697,4475,0.31247364266187383
CAND_02286,7.779999999999999,0.20196061786286335,4476,0.31246945127090464
CAND_02615,35.260000000000005,0.3246930359228797,4477,0.3123966463348401
CAND_03353,0.52,0.07199306911636512,4478,0.3123190857868918
CAND_01485,7.5200000000000005,0.20032746115688424,4479,0.3122215387812445
CAND_02751,21.240000000000002,0.2753562071797465,4480,0.31221698206156534
CAND_04652,28.88,0.3048316432269541,4481,0.31218107009362717
CAND_03355,66.74,0.42277581996469876,4482,0.31201135978138483
CAND_02043,30.42,0.3095696875153871,4483,0.3120022983495506
CAND_03312,37.72,0.3311453833120272,4484,0.31187586163696635
CAND_03810,1.58,0.1089367929723133,4485,0.31187343852246696
CAND_04556,75.62,0.4609416010587905,4486,0.3116819639006805
CAND_03222,93.72,0.5823465188098864,4487,0.311509286956257
CAND_02934,51.480000000000004,0.37365329764206484,4488,0.3114535857496954
CAND_04771,49.7,0.3679116670078487,4489,0.31135153809178484
CAND_03474,25.2,0.2911914958205387,4490,0.3110785705467781
CAND_04728,33.879999999999995,0.3209645460039925,4491,0.31092626170385146
CAND_04432,9.24,0.21335809680084014,4492,0.3108730803912053
CAND_01078,22.98,0.28247794899333983,4493,0.3108471758336769
CAND_04909,50.86000000000001,0.3720551880530175,4494,0.31083187765766196
CAND_01061,83.44,0.4994497968861757,4495,0.3108239002418016
CAND_01787,76.32,0.46358496082248624,4496,0.3108166035840896
CAND_00691,17.080000000000002,0.256829270071754,4497,0.3106746678828798
CAND_05000,89.36,0.5386544938570577,4498,0.3106704175578473
CAND_03378,79.75999999999999,0.47949784747639984,4499,0.31060163512820504
CAND_01640,24.52,0.28832334813030625,4500,0.31037708079983584
CAND_00959,3.4000000000000004,0.14839864540968178,4501,0.31033883623439285
CAND_02600,9.06,0.21134697556122764,4502,0.3102628596251714
CAND_01524,82.17999999999999,0.49140824631418417,4503,0.31025984169664067
CAND_03400,3.9800000000000004,0.15569287457562594,4504,0.31023540302075076
CAND_04391,14.860000000000001,0.24445963241246274,4505,0.3102150271808869
CAND_03676,43.480000000000004,0.3482048746568778,4506,0.31006313806930386
CAND_04775,0.38,0.062518845582067,4507,0.30990859582877117
CAND_02770,48.94,0.3657590375954841,4508,0.30987234638139854
CAND_01900,58.64,0.39645561392883366,4509,0.3098066382415152
CAND_01336,16.46,0.2531345826029609,4510,0.30977843160683705
CAND_01806,44.080000000000005,0.3501486716945886,4511,0.3094050211777904
CAND_03083,47.42,0.36086512089687417,4512,0.3092817438994785
CAND_00947,4.859999999999999,0.16762533129547463,4513,0.3092684370377132
CAND_01348,50.13999999999999,0.36956544537629554,4514,0.3092530588222073
CAND_03458,3.2,0.14541007635094583,4515,0.3092332228198768
CAND_01939,4.0,0.1557018069839771,4516,0.3092276789462747
CAND_01297,23.56,0.28466918177427464,4517,0.30920680311218895
CAND_03247,63.6,0.4126499539550555,4518,0.3090720912155789
CAND_00411,12.139999999999999,0.2311145514566735,4519,0.30897262132811887
CAND_01788,40.02,0.3386126382357716,4520,0.3085008076045952
CAND_04401,10.639999999999999,0.22172159972079736,4521,0.3084606284856551
CAND_00989,47.52,0.3611427980828505,4522,0.30828938041884646
CAND_02456,14.499999999999998,0.24339111746911007,4523,0.3082224923943573
CAND_00067,51.12,0.3728692137697535,4524,0.3081934435923662
CAND_04668,73.5,0.4510141471203395,4525,0.3078038881634304
CAND_04103,47.32,0.3605572660673268,4526,0.3077332154166592
CAND_04277,11.540000000000001,0.22705175452421,4527,0.30765222829117234
CAND_02358,43.34,0.34780826829026534,4528,0.30759654409269765
CAND_00068,26.740000000000002,0.2975529949105475,4529,0.30740114105864585
CAND_03611,43.22,0.3475595031220998,4530,0.30732634158968364
CAND_00349,39.0,0.33521399024130843,4531,0.30731836160254056
CAND_03350,68.64,0.4295412585496431,4532,0.30726671813608186
CAND_00912,50.4,0.3705532010863941,4533,0.3072092881647276
CAND_03141,18.66,0.2628199840106543,4534,0.3071698861615673
CAND_02867,79.3,0.47732256951415114,4535,0.3070419685191918
CAND_01873,0.24,0.03637413370653815,4536,0.3069949789667539
CAND_02915,63.239999999999995,0.4115674943743488,4537,0.3068289155568422
CAND_01156,14.899999999999999,0.2449053741196315,4538,0.3067561159199409
CAND_03658,4.84,0.16761860624253336,4539,0.306732036689236
CAND_01049,36.88,0.3289583795374065,4540,0.30653239119072706
CAND_04543,8.959999999999999,0.21013340037950534,4541,0.3065123299029233
CAND_04960,66.06,0.42092015269199334,4542,0.3065080952530661
CAND_00081,35.36,0.32491099983971294,4543,0.3063339226775481
CAND_02537,24.6,0.2889463244394878,4544,0.30628966199509744
CAND_03957,27.72,0.3009843787523745,4545,0.3062544607602473
CAND_01725,38.68,0.33437316826610536,4546,0.3061650581743551
CAND_04429,68.02,0.42765212589402685,4547,0.306106986326416
CAND_04502,5.38,0.17571949208146379,4548,0.3060919977625889
CAND_03710,11.88,0.22889649224933606,4549,0.30591155211369325
CAND_02420,28.16,0.3028260323745946,4550,0.3057626459735689
CAND_00862,58.26,0.394725927007139,4551,0.3057481287606978
CAND_03296,28.84,0.3046580909089528,4552,0.3056993377638537
CAND_02993,57.440000000000005,0.3922904834706793,4553,0.3056175698142988
CAND_01315,16.900000000000002,0.2557288757779183,4554,0.3055919014541808
CAND_00870,49.68,0.3678591990277144,4555,0.30550385448944384
CAND_02152,30.2,0.30847228479796845,4556,0.3054720163577663
CAND_00006,58.34,0.39525961326941844,4557,0.3054286589266486
CAND_02662,54.76,0.3840406639281859,4558,0.30536783752714036
CAND_03456,13.100000000000001,0.236686129083431,4559,0.3051627845536654
CAND_00554,13.5,0.23838845730455133,4560,0.30513018791814506
CAND_00232,8.48,0.20705262323372464,4561,0.305052244248215
CAND_04823,64.16,0.41466616052073113,4562,0.30493005631386555
CAND_03300,50.6,0.37119419451582725,4563,0.3048495087087761
CAND_01497,32.06,0.3139324097641718,4564,0.3048433148695092
CAND_01322,88.22,0.528921282617951,4565,0.3048398414877027
CAND_02131,79.97999999999999,0.480830577432058,4566,0.30483257765732213
CAND_02366,10.72,0.22213143247026185,4567,0.3047746149371694
CAND_02685,87.92,0.5276149168346177,4568,0.30436894474072285
CAND_03420,17.24,0.25729038957670103,4569,0.30433403505669004
CAND_00459,60.040000000000006,0.4004290807377705,4570,0.3042548898292103
CAND_04079,46.839999999999996,0.3594173534058136,4571,0.30405578364902697
CAND_02542,2.1,0.12288039146211326,4572,0.3040515312226625
CAND_03001,45.18,0.3536547470937429,4573,0.3039854717038081
CAND_00016,15.14,0.2461351261575084,4574,0.30397851683588006
CAND_01141,84.32,0.5041910583179069,4575,0.3037362612850818
CAND_02799,26.72,0.29752148875590245,4576,0.3037326874951337
CAND_02711,11.020000000000001,0.22408783140278873,4577,0.30371337628785255
CAND_03486,63.339999999999996,0.4118303856439782,4578,0.3036153362976871
CAND_01842,70.58,0.43800579186838634,4579,0.303612745056315
CAND_04588,33.019999999999996,0.31710958928039906,4580,0.30352766144299287
CAND_00582,36.059999999999995,0.32691103668166227,4581,0.30345258044160955
CAND_04154,35.5,0.32546605027144054,4582,0.3032969495284161
CAND_03601,75.68,0.461229667561406,4583,0.3031511085055936
CAND_02693,29.459999999999997,0.3063375442073959,4584,0.3028549534495607
CAND_02072,22.62,0.28127695588701346,4585,0.30283728763606305
CAND_03017,59.72,0.39935071615379264,4586,0.30275130392940613
CAND_04437,85.38,0.5101742503360853,4587,0.30249734530955985
CAND_03979,2.62,0.1347165738400571,4588,0.3024751889926437
CAND_03161,32.98,0.3170064368023886,4589,0.3024521906504274
CAND_00396,19.88,0.2701808762700569,4590,0.30242350461711853
CAND_04177,70.8,0.43902015058140265,4591,0.3024071040023479
CAND_04445,88.98,0.5341869523028608,4592,0.3021613914706952
CAND_00384,32.379999999999995,0.3150489652241217,4593,0.30210903649578147
CAND_03554,48.82,0.3653944153063007,4594,0.30208692381000934
CAND_01990,4.34,0.1601126395836833,4595,0.30188509684826814
CAND_04545,41.980000000000004,0.34419888553659395,4596,0.30184523335652824
CAND_04783,28.48,0.3036944962252164,4597,0.3016121046344896
CAND_02877,6.7,0.19046909623472694,4598,0.30157487872166844
CAND_00933,14.16,0.24218557590422252,4599,0.30151455294561835
CAND_03977,31.72,0.3133286718166209,4600,0.30149231952009753
CAND_03662,0.8200000000000001,0.08611943910931624,4601,0.30141899067292677
CAND_04962,87.02,0.5213119820991955,4602,0.30140459140801523
CAND_03504,27.54,0.3001989819691405,4603,0.30140148616773144
CAND_03609,13.120000000000001,0.2367385541911906,4604,0.30132516509191815
CAND_00096,46.26,0.35723763131738917,4605,0.3011109013850517
CAND_04807,50.260000000000005,0.3698675684691463,4606,0.3010865073037933
CAND_01163,31.419999999999998,0.31261724549039777,4607,0.3009327032729223
CAND_01762,11.86,0.22882066086751301,4608,0.30089798088619246
CAND_01930,24.44,0.28809797824682565,4609,0.30089523467715884
CAND_03767,76.06,0.46273674939086173,4610,0.3008740554678363
CAND_00490,19.54,0.2684433956574123,4611,0.3008577890665971
CAND_04071,51.300000000000004,0.3732881477016814,4612,0.3005928561304225
CAND_04072,24.68,0.2892867196767573,4613,0.30057280652337787
CAND_02300,10.26,0.21963510598133543,4614,0.3005719873129454
CAND_00278,5.76,0.17927759387522005,4615,0.3005426706351012
CAND_04830,27.439999999999998,0.29995545110682265,4616,0.3004928221904988
CAND_03459,70.7,0.4385097820472119,4617,0.3004236224328297
CAND_01814,13.62,0.23865117703896274,4618,0.3002809352952259
CAND_01431,60.56,0.4018692195188174,4619,0.3002407514662643
CAND_03418,5.12,0.17043696292765342,4620,0.3001490165929591
CAND_01207,10.0,0.21834277775099153,4621,0.29989895203352035
CAND_01985,1.06,0.09452554057971786,4622,0.299825394293241
CAND_02672,22.0,0.2784961130185493,4623,0.2997468100742625
CAND_04320,35.6,0.32568377231088924,4624,0.2997355299825545
CAND_04161,9.22,0.21273665464050845,4625,0.2997002452588109
CAND_01825,42.14,0.3444968524160482,4626,0.29969408513041923
CAND_04977,24.5,0.28828198865116716,4627,0.2995508689956826
CAND_00570,33.14,0.31773038561248673,4628,0.2995152526274719
CAND_03488,32.24,0.31439090420979476,4629,0.2989973161113158
CAND_01294,41.56,0.34271636185633686,4630,0.2988513579291088
CAND_01106,91.38,0.5579361295604786,4631,0.29884961324650194
CAND_01632,11.52,0.22691522599609126,4632,0.2984009529529521
CAND_01786,3.64,0.1529765519277728,4633,0.29839167643454895
CAND_00860,71.86,0.4437176391353151,4634,0.2982131387233893
CAND_04002,17.94,0.2597340676213165,4635,0.2980657539609383
CAND_02162,7.580000000000001,0.20060563038744264,4636,0.2979913897861678
CAND_00265,66.58,0.42249919859206114,4637,0.2979650118942657
CAND_03773,47.0,0.35978599415452095,4638,0.2979273289934792
CAND_04009,3.1399999999999997,0.14443307513008327,4639,0.29759065938537066
CAND_03339,51.94,0.37504955512638666,4640,0.29711845845178864
CAND_04831,33.4,0.3190594244296279,4641,0.29707546853308486
CAND_01063,29.160000000000004,0.30542768213594873,4642,0.2970269715184303
CAND_00203,8.06,0.20423304906630738,4643,0.2970038560554581
CAND_04201,0.6799999999999999,0.08087176119876793,4644,0.2969313096639904
CAND_02667,43.16,0.3473154532788676,4645,0.2969152043741128
CAND_03615,11.32,0.2261041881349282,4646,0.2968838895189705
CAND_01125,33.1,0.3175796145932319,4647,0.2968385488289249
CAND_02803,5.84,0.18067919531249163,4648,0.29668761920971626
CAND_00700,60.6,0.40216409105794454,4649,0.2966857366883064
CAND_01491,65.86,0.42047104849547773,4650,0.29655756565958613
CAND_04985,72.52,0.4462251456479987,4651,0.29641125885828457
CAND_00138,10.14,0.2194852699994251,4652,0.29634023954206146
CAND_02745,22.919999999999998,0.28224587137465623,4653,0.29625633042301835
CAND_01325,45.92,0.3557737879591521,4654,0.2961420131071867
CAND_03006,50.94,0.37235218545680177,4655,0.29596784024576733
CAND_01617,6.88,0.19234265967348413,4656,0.2957747813426238
CAND_01849,8.5,0.20724273974743554,4657,0.29524011260094174
CAND_03603,62.68,0.40951101171428633,4658,0.2951384993858392
CAND_03988,61.94,0.40654789619652204,4659,0.2950142847007178
CAND_01709,9.32,0.21387893122994778,4660,0.29499229854223374
CAND_00833,88.72,0.5327843927821103,4661,0.2948985533332522
CAND_00131,11.18,0.22521625607008,4662,0.2947931669460123
CAND_03780,15.24,0.246755870905368,4663,0.29478686662682296
CAND_04451,6.12,0.18334221552118857,4664,0.2947448108638643
CAND_02360,27.860000000000003,0.3017823304551702,4665,0.2945941087228147
CAND_02174,58.940000000000005,0.3972406831405247,4666,0.2943967557406678
CAND_01037,38.62,0.3341798059726681,4667,0.29409398140386994
CAND_02247,1.7399999999999998,0.11302973753688647,4668,0.2940181757491128
CAND_01302,32.34,0.3148298925146855,4669,0.2939375068220582
CAND_02031,24.16,0.28694043385237633,4670,0.29384672336154943
CAND_01394,49.059999999999995,0.36607915990837575,4671,0.2936997623038221
CAND_03585,66.72,0.4227164942917125,4672,0.29328768989139464
CAND_02487,71.22,0.44030612171815436,4673,0.2931421748171906
CAND_00694,42.24,0.34503931002790955,4674,0.2929936254898703
CAND_00574,29.439999999999998,0.3062781076611573,4675,0.2928869770093003
CAND_02177,70.54,0.43783415475355303,4676,0.2928844991730324
CAND_00703,18.08,0.26027522046504314,4677,0.29286087302239067
CAND_02163,43.26,0.34769075704012986,4678,0.2927315681778597
CAND_04444,4.68,0.16513232054122026,4679,0.2927155518865685
CAND_00305,57.24,0.3912662016240637,4680,0.2921590029733089
CAND_00543,39.62,0.3372016213305278,4681,0.2917445845042453
CAND_04531,18.0,0.2600555216750098,4682,0.29136797782831764
CAND_00950,89.64,0.5410988969546298,4683,0.2913438104550268
CAND_04266,33.96,0.3211397999564329,4684,0.2913414590518292
CAND_01265,81.69999999999999,0.4884551032024516,4685,0.2912408676186024
CAND_00474,7.62,0.20114978068976844,4686,0.2910299751925885
CAND_04684,47.82,0.3623898802188471,4687,0.29100428974398623
CAND_04491,44.42,0.3513886034821813,4688,0.29033997776391496
CAND_00842,15.1,0.2460647803375922,4689,0.2903077107658717
CAND_04013,42.34,0.34532124729388125,4690,0.29008858398043524
CAND_01547,44.440000000000005,0.3514173218507506,4691,0.28977752821303193
CAND_01833,60.88,0.40296666685336746,4692,0.2897574563401796
CAND_02355,11.62,0.22747462239768315,4693,0.28953827944036004
CAND_01845,73.7,0.4514469067869693,4694,0.28951874687501605
CAND_04059,52.35999999999999,0.37632546388110194,4695,0.28940186062995654
CAND_04182,3.02,0.14274155463545804,4696,0.2890536453221007
CAND_02176,50.46000000000001,0.3707628017634622,4697,0.28889834558295424
CAND_00281,81.5,0.4877423188330173,4698,0.28875046870974275
CAND_00736,21.9,0.2780707431207048,4699,0.288729055096383
CAND_00513,54.84,0.38423514414260707,4700,0.2886679415701149
CAND_03826,4.38,0.16154714179229218,4701,0.28858497290805174
CAND_02381,4.9799999999999995,0.16978596042900354,4702,0.28856273053073705
CAND_01381,23.26,0.2833914380026527,4703,0.2884124428423333
CAND_04024,26.66,0.29730598115233736,4704,0.2882897712613901
CAND_00918,65.92,0.42067973188300917,4705,0.2882686542698407
CAND_03484,3.2800000000000002,0.14695118272831448,4706,0.2882527428764753
CAND_01027,66.0,0.4208572960217615,4707,0.28818164478375086
CAND_02507,30.94,0.3113919262056761,4708,0.2879299292985288
CAND_03741,40.38,0.3393670383816863,4709,0.28789651434809993
CAND_00887,14.280000000000001,0.24240967240953,4710,0.28785778326578326
CAND_00254,6.4,0.18690635039203093,4711,0.28774334067500046
CAND_03323,92.34,0.5674210619394282,4712,0.2874143898630045
CAND_01434,27.04,0.2982854253127197,4713,0.2873104350321689
CAND_04409,46.379999999999995,0.3579224904765746,4714,0.28730823907887826
CAND_04188,34.82,0.3236263198547978,4715,0.2871546595234806
CAND_00806,22.74,0.281531671842555,4716,0.28713107533524296
CAND_03023,45.16,0.3534737761858666,4717,0.2871060548543377
CAND_03042,44.22,0.3508308661897336,4718,0.28668153767364934
CAND_04350,25.4,0.29217576687166863,4719,0.2866620811216818
CAND_02309,54.67999999999999,0.3839217261460162,4720,0.28655449863522203
CAND_00061,18.48,0.2619020281735454,4721,0.28636591528027466
CAND_04928,29.4,0.3060668749113677,4722,0.2863465491989755
CAND_00202,4.1000000000000005,0.1583098532310176,4723,0.2863175893657276
CAND_02066,65.68,0.41999535320726306,4724,0.28621309584146615
CAND_02824,60.540000000000006,0.40185406984745614,4725,0.28620382308458103
CAND_00598,5.24,0.1731254717123759,4726,0.28580447044211
CAND_01298,2.04,0.12163827557309433,4727,0.28577372900026665
CAND_00410,36.26,0.3275278045793847,4728,0.28549818653818926
CAND_03508,53.1,0.3791121254053764,4729,0.28541759884759105
CAND_04109,52.059999999999995,0.37523020524471423,4730,0.28528053632363903
CAND_00454,2.0,0.12011605571111918,4731,0.28525806421683764
CAND_00120,4.5,0.16299477710108445,4732,0.28484689615107517
CAND_03932,28.560000000000002,0.30394385405889895,4733,0.2848360033021181
CAND_01180,20.7,0.2730537953548867,4734,0.28478422537112247
CAND_02972,29.98,0.3079390363849287,4735,0.2845091967151163
CAND_02226,5.66,0.17797893673217688,4736,0.28448822027487897
CAND_01533,0.12,0.023452425417775924,4737,0.28440591649388997
CAND_03733,54.879999999999995,0.38440968255818064,4738,0.28417879504237203
CAND_02499,65.94,0.42076495787190493,4739,0.2841785063061909
CAND_01117,6.859999999999999,0.19225954421670763,4740,0.2839395236758714
CAND_04278,57.06,0.39074331238271115,4741,0.2836915002570282
CAND_01268,7.739999999999999,0.2019057110879405,4742,0.28366110234141106
CAND_04172,33.06,0.31725254388261154,4743,0.2835564344651802
CAND_00314,6.140000000000001,0.1833443267014791,4744,0.2829034854655118
CAND_04558,41.8,0.34358570674924727,4745,0.2829018486729754
CAND_01110,60.660000000000004,0.40230416274609154,4746,0.28288841212540383
CAND_02580,74.08,0.4533015274466283,4747,0.28288047152425244
CAND_02303,66.8,0.4229063193245956,4748,0.2825435571502562
CAND_04705,56.10000000000001,0.38753208672306366,4749,0.2819644238742166
CAND_02839,38.16,0.33282244263629135,4750,0.2818618658217854
CAND_03482,48.76,0.36531487677302843,4751,0.2815267658118531
CAND_02242,53.959999999999994,0.381341104998322,4752,0.2813536719448013
CAND_03071,42.66,0.34606002755648924,4753,0.28119404827272476
CAND_00175,40.08,0.3386865442373409,4754,0.2810420143801743
CAND_04837,0.88,0.0876195478708365,4755,0.28084802146757015
CAND_04373,56.54,0.38878685798290874,4756,0.2803906109812768
CAND_00617,30.72,0.31045092491006604,4757,0.2802535139629959
CAND_02057,8.86,0.2095614453005768,4758,0.2800888206532266
CAND_01594,12.280000000000001,0.23211628196724865,4759,0.280076499864958
CAND_04295,63.080000000000005,0.41115873193443225,4760,0.2799960536049735
CAND_04140,30.06,0.3082085594694975,4761,0.2796980672308187
CAND_02503,49.78,0.36816281205167867,4762,0.2795789401423644
CAND_02981,40.86,0.3409249394205338,4763,0.27938609141951787
CAND_02857,46.72,0.35900901895632764,4764,0.27928801845540063
CAND_02558,41.760000000000005,0.3435478464917621,4765,0.2792807078229367
CAND_02502,58.42,0.3955411626868329,4766,0.2784693233890255
CAND_03465,72.74000000000001,0.44725342250042954,4767,0.2784232624892641
CAND_03316,83.48,0.49958290318324383,4768,0.27825557144842916
CAND_02655,56.04,0.3873119410447688,4769,0.2779401813170813
CAND_00472,39.1,0.33546741380303735,4770,0.27792028382158757
CAND_01414,42.3,0.34522709050820866,4771,0.2776938745565398
CAND_01002,14.56,0.2436285885333969,4772,0.27760575871706517
CAND_03758,12.46,0.23306758070058828,4773,0.27753520678482857
CAND_02714,27.339999999999996,0.2992124142136345,4774,0.2771604904683696
CAND_04836,29.220000000000002,0.3057148815041461,4775,0.2771570689178281
CAND_02584,26.400000000000002,0.2960926188931482,4776,0.2764618939485753
CAND_04466,17.78,0.2592929438647436,4777,0.2762532648231342
CAND_01935,10.16,0.2194863690962906,4778,0.2762494414594122
CAND_04739,3.82,0.15417248058505548,4779,0.2760737366578727
CAND_01717,67.34,0.4248546766371372,4780,0.27598814491751017
CAND_00670,28.24,0.30303996206055506,4781,0.2759226291847961
CAND_01513,23.22,0.28328277634541726,4782,0.2757982064595246
CAND_03440,48.14,0.3635055058913475,4783,0.2756489451273124
CAND_01121,3.5999999999999996,0.15205212001299934,4784,0.27539861130125176
CAND_02918,9.56,0.21509129575217276,4785,0.2753395928083092
CAND_02535,36.58,0.32823944769016816,4786,0.2747991580887168
CAND_03520,42.22,0.3448594383361539,4787,0.2745065553479703
CAND_02138,45.739999999999995,0.3548724894434075,4788,0.27364663327408445
CAND_02223,30.680000000000003,0.31042327584088203,4789,0.2735937860646922
CAND_02772,15.620000000000001,0.24826356580283873,4790,0.27354841566521837
CAND_04978,88.9,0.5333459475138297,4791,0.2722394927240891
CAND_02354,60.64000000000001,0.4022251513784196,4792,0.2719068354754124
CAND_04704,4.3999999999999995,0.1616180652836207,4793,0.27160385954088706
CAND_03806,1.9800000000000002,0.11914735955297301,4794,0.271596621529547
CAND_02554,31.540000000000003,0.3130243309667714,4795,0.2714267473191152
CAND_02483,5.6000000000000005,0.17737394000330037,4796,0.27131525661017547
CAND_03107,67.86,0.427007550727348,4797,0.27115385314967777
CAND_03887,56.26,0.3878526374217204,4798,0.2710708908267809
CAND_04660,32.48,0.3153329653233937,4799,0.27101102303229085
CAND_04832,67.14,0.4242489032394052,4800,0.27096999900086066
CAND_00844,43.1,0.3472762714139575,4801,0.2708912290163582
CAND_01208,70.38,0.4371718354165756,4802,0.2707251581155057
CAND_03841,12.22,0.23131526663682037,4803,0.2706238833797592
CAND_02251,29.68,0.3068833400599553,4804,0.2704481771226619
CAND_04737,47.4,0.3607664890677319,4805,0.27035658157245296
CAND_01903,49.84,0.36849131021937565,4806,0.27025445736049075
CAND_01179,1.3,0.10127648136615791,4807,0.26979907928337554
CAND_04580,59.81999999999999,0.39959669791487445,4808,0.2697935343697937
CAND_04914,5.04,0.17002459754801952,4809,0.2694893892949747
CAND_01593,5.9799999999999995,0.18127345409985626,4810,0.2693633026777478
CAND_01211,16.919999999999998,0.2560869652241891,4811,0.26933090240133095
CAND_00133,33.160000000000004,0.3177824916910878,4812,0.2691174872764721
CAND_04662,63.54,0.4125019813782044,4813,0.26910454548263796
CAND_01639,1.8800000000000001,0.11835233273460384,4814,0.2691000311431077
CAND_02326,26.82,0.29780957884472,4815,0.2690010351572458
CAND_02045,13.900000000000002,0.24079161916190722,4816,0.268168829759536
CAND_03542,60.22,0.4011131834210164,4817,0.26816327965815023
CAND_03690,17.22,0.2572865694837762,4818,0.267972037401488
CAND_03671,18.02,0.2601403846565252,4819,0.2679715153718595
CAND_04427,20.86,0.2733998422897968,4820,0.2678145175384121
CAND_00520,61.06,0.403552624149621,4821,0.26760915130392304
CAND_02941,77.94,0.47022252089793487,4822,0.26677986697632305
CAND_00033,53.22,0.37948194362637344,4823,0.2667193756924714
CAND_00156,14.46,0.24318932872119886,4824,0.26642186357615216
CAND_03157,27.139999999999997,0.2985049423584561,4825,0.266015008875287
CAND_02388,72.94,0.4482101566872811,4826,0.2657129968177241
CAND_04349,13.96,0.24128415957883587,4827,0.26564089310238403
CAND_02668,31.14,0.3121109956574669,4828,0.2655745559800404
CAND_01476,62.38,0.4082576645267979,4829,0.2652789982872332
CAND_03867,0.13999999999999999,0.02626073848092436,4830,0.26493165764855897
CAND_04032,1.46,0.10519693705517648,4831,0.264890560693109
CAND_04867,11.68,0.22755555597654326,4832,0.26468845179920314
CAND_03694,59.31999999999999,0.3985196699676604,4833,0.2644413247783516
CAND_01090,1.9,0.1183913507132834,4834,0.26433112568934314
CAND_04863,25.56,0.29297292087311716,4835,0.2640241011317178
CAND_00689,36.0,0.32678687905506987,4836,0.2636918904325769
CAND_04077,41.160000000000004,0.3417175729533621,4837,0.26327381084136897
CAND_01403,38.66,0.3343343222476661,4838,0.2631887835352157
CAND_01259,12.34,0.23268830154172188,4839,0.2630974954697658
CAND_03337,34.02,0.3212562435081609,4840,0.26306661205329906
CAND_01288,10.620000000000001,0.22137200174024188,4841,0.2625251634051442
CAND_04199,2.48,0.13271962318354602,4842,0.26207278008613777
CAND_01764,30.659999999999997,0.310363044148972,4843,0.2620453789192299
CAND_03236,6.08,0.1830179590521386,4844,0.2619207364597708
CAND_02562,14.48,0.24334848942750015,4845,0.2609137784160164
CAND_02610,61.82,0.40605018409623456,4846,0.26088534318400713
CAND_02818,75.24,0.4590185228533862,4847,0.2605588980603953
CAND_02501,8.0,0.20403845965072975,4848,0.2605448688838664
CAND_00140,14.680000000000001,0.24384736142944402,4849,0.2605168441736096
CAND_04634,30.080000000000002,0.3083029705005209,4850,0.26038454670721356
CAND_03045,51.85999999999999,0.3745618882033293,4851,0.26035650331278964
CAND_02989,16.8,0.2551074682323565,4852,0.26021426382928564
CAND_03095,44.6,0.35182460770864654,4853,0.2601200924380745
CAND_00377,1.38,0.10382549371116688,4854,0.2600919838601555
CAND_02278,39.5,0.3369252394894575,4855,0.25957111487553475
CAND_00946,0.76,0.08443441118935305,4856,0.259315410786471
CAND_04840,6.72,0.1907814732416393,4857,0.2592870313383979
CAND_01066,16.72,0.25481522598881656,4858,0.2587787207748153
CAND_03789,30.099999999999998,0.3083217648055289,4859,0.25860715964774783
CAND_00130,54.94,0.3844671921108748,4860,0.258574725176289
CAND_00735,24.18,0.28701785955542514,4861,0.25847059170439923
CAND_03280,35.06,0.32430110178653015,4862,0.25841166620670775
CAND_01696,45.62,0.35462069057376644,4863,0.2582847854968844
CAND_02717,14.12,0.2420381801316093,4864,0.25817345211730586
CAND_00295,44.54,0.35153693832819505,4865,0.25802266744191765
CAND_04038,34.68,0.32326498084976757,4866,0.2576940304813894
CAND_04730,25.759999999999998,0.29416418975011266,4867,0.2574847297602068
CAND_04164,5.96,0.18123252560954042,4868,0.257139663137698
CAND_00053,6.6000000000000005,0.18944441556010946,4869,0.2567109375362585
CAND_00458,44.06,0.35009742266015975,4870,0.25627755535163577
CAND_00990,19.1,0.2665865729813743,4871,0.2557411072543932
CAND_04970,36.38,0.327838044864281,4872,0.25550334281537157
CAND_01718,9.9,0.21763185304604296,4873,0.25549366477063273
CAND_00922,38.940000000000005,0.3349703499349819,4874,0.25478445888589507
CAND_00306,46.36,0.35762097319655856,4875,0.2542041150240867
CAND_04238,56.74,0.3892934705780289,4876,0.254082236081553
CAND_01861,6.5600000000000005,0.1887774381254205,4877,0.2537558869175456
CAND_03866,18.82,0.26468438106140846,4878,0.253439498770067
CAND_02713,48.18,0.36365121288919794,4879,0.2533667831710826
CAND_00845,3.16,0.1446365502386521,4880,0.2530357065483218
CAND_04935,7.16,0.19636465888943816,4881,0.25285711458286353
CAND_01713,54.1,0.38192066711545275,4882,0.25244744218429505
CAND_00593,59.36,0.3985952150983949,4883,0.25243036394915286
CAND_04318,1.66,0.11168374477935172,4884,0.25155127737424815
CAND_04025,53.459999999999994,0.38035309635219267,4885,0.2514119418188945
CAND_02973,22.86,0.28174898156520567,4886,0.2513681039657484
CAND_02294,8.780000000000001,0.20932819502866948,4887,0.25038357477756346
CAND_00658,13.98,0.241368910778337,4888,0.2502452474392464
CAND_03946,71.78,0.44353251964313906,4889,0.24986267043548716
CAND_02873,5.16,0.17145814914637403,4890,0.24897565540826466
CAND_01683,19.7,0.26924773157030724,4891,0.2489086741445088
CAND_03471,0.06,0.0027444995830296164,4892,0.2482473614992446
CAND_01144,18.360000000000003,0.2611987314465009,4893,0.24768413117036134
CAND_02930,13.34,0.2374692757747105,4894,0.24760775870370882
CAND_02862,33.64,0.32006290258195846,4895,0.2473519052595686
CAND_00926,16.18,0.25175019448184943,4896,0.2469888659494193
CAND_03534,14.399999999999999,0.2430689317478805,4897,0.2466532120809059
CAND_03065,29.599999999999998,0.3066467336752258,4898,0.246615036326285
CAND_03348,17.7,0.25880311320345345,4899,0.24620887711245085
CAND_02393,11.82,0.2285476952234308,4900,0.2435675095894887
CAND_04567,71.3,0.4404825765705577,4901,0.24288613751624077
CAND_00901,44.58,0.35180667768426493,4902,0.2428273922893846
CAND_03419,7.5600000000000005,0.2004691356693995,4903,0.24253098354672126
CAND_02261,42.92,0.34663644944935684,4904,0.24120684976383935
CAND_02481,11.899999999999999,0.22911396275624446,4905,0.24061412022266418
CAND_01932,26.32,0.2956316134737993,4906,0.2405199748191505
CAND_02272,4.96,0.169499225798623,4907,0.23995319130785384
CAND_04929,33.92,0.32100316778547316,4908,0.23989295884305792
CAND_00626,19.220000000000002,0.267004699859322,4909,0.23961862816598048
CAND_01620,74.5,0.4556467391165122,4910,0.23955493364002658
CAND_00629,11.28,0.22582934365625779,4911,0.23944520062909683
CAND_03641,21.16,0.2744251293258048,4912,0.23931364049835124
CAND_01292,2.4,0.13133569368462517,4913,0.2387877598379635
CAND_01224,35.18,0.3243729184380619,4914,0.23826175035019678
CAND_02134,52.94,0.3787428826908931,4915,0.23703162385458662
CAND_00031,18.44,0.261603912428934,4916,0.23688702935871253
CAND_01891,17.18,0.25722620575370597,4917,0.23647081830602396
CAND_04786,1.16,0.09776779531454417,4918,0.23619020388121956
CAND_00362,0.16,0.027330897259858093,4919,0.2354372937024741
CAND_03779,2.52,0.13383871421940138,4920,0.23541509123572224
CAND_03931,1.1400000000000001,0.09669010335182147,4921,0.23510014233590534
CAND_02603,48.74,0.3650673383482076,4922,0.23489117442794588
CAND_00935,55.400000000000006,0.3852933852243888,4923,0.23486449854567712
CAND_02842,45.48,0.3541899267952678,4924,0.23431083143117343
CAND_04446,28.42,0.30356806801642267,4925,0.2335608130815684
CAND_04330,1.5,0.10587961695734774,4926,0.23314610680462827
CAND_04052,49.1,0.3661523082533849,4927,0.23187713458688938
CAND_00555,9.58,0.21551357209093155,4928,0.2317585505642569
CAND_02486,19.68,0.269244505631509,4929,0.23101587219020137
CAND_00704,23.3,0.2835298552998694,4930,0.22956968184180454
CAND_03407,43.44,0.34800290958672053,4931,0.22953488967350658
CAND_04179,26.700000000000003,0.2975128672973154,4932,0.2281340011986327
CAND_04419,16.48,0.2531484816080272,4933,0.22799767520842382
CAND_03649,41.839999999999996,0.34380004761401106,4934,0.2277063440883556
CAND_00300,30.12,0.30837066919753153,4935,0.2272642759227201
CAND_01712,46.7,0.3589093293021531,4936,0.2271725222461619
CAND_00557,7.9799999999999995,0.20378937014284995,4937,0.22690590621070067
CAND_03590,1.08,0.09483176221140961,4938,0.22332726099869155
CAND_04125,13.780000000000001,0.23986881167848106,4939,0.2231659738720359
CAND_04498,8.04,0.20420210500295993,4940,0.22283582379509226
CAND_01812,16.619999999999997,0.25427102340865165,4941,0.22163449589953668
CAND_00365,18.3,0.2609706408087734,4942,0.2203054034200951
CAND_03243,12.2,0.23127484481135427,4943,0.21996139158901568
CAND_00331,4.92,0.16942403358768007,4944,0.2198658296691039
CAND_02651,2.2399999999999998,0.12447340198786344,4945,0.21961198296534423
CAND_01346,6.02,0.18217102024592094,4946,0.21957938243172206
CAND_02400,4.2,0.15919887223795667,4947,0.21943227277900315
CAND_02368,9.2,0.2125089038929461,4948,0.219323949824532
CAND_02880,4.02,0.15593012151519509,4949,0.2179750644405073
CAND_03501,24.02,0.2865338991971148,4950,0.21708302049552614
CAND_03882,2.68,0.13628095100641405,4951,0.2166954872471523
CAND_03118,8.58,0.2079450429228356,4952,0.2153985522873246
CAND_01580,11.16,0.22502481034295102,4953,0.2153491009141408
CAND_04661,7.68,0.2015511508846548,4954,0.2152875695878511
CAND_04795,0.5599999999999999,0.07534306556529313,4955,0.21400118166001073
CAND_00579,15.160000000000002,0.24637466286264967,4956,0.21366752555393909
CAND_04334,9.74,0.21683525967288692,4957,0.2135224597694868
CAND_03727,2.42,0.13140704454339566,4958,0.21283827648006626
CAND_00728,15.440000000000001,0.2476179118551435,4959,0.2128075254476302
CAND_02947,44.2,0.3507654342269214,4960,0.21246584853787948
CAND_04480,6.260000000000001,0.18531690448353355,4961,0.21154488107669975
CAND_01062,22.040000000000003,0.2785887273313437,4962,0.2114648250303463
CAND_04618,31.759999999999998,0.3134012598500452,4963,0.2103462674835551
CAND_00191,19.439999999999998,0.26811631713498724,4964,0.21003050695720543
CAND_04026,1.3599999999999999,0.10362782428461918,4965,0.20827199996145082
CAND_01866,13.200000000000001,0.2369731626638069,4966,0.20741727179554992
CAND_01625,30.3,0.3088827504682176,4967,0.20605924072673415
CAND_01122,49.0,0.3658022442214153,4968,0.20586825985649357
CAND_04344,60.74,0.40240767672496186,4969,0.20525527987931255
CAND_04488,29.34,0.30602610233659117,4970,0.20507224492338977
CAND_04945,34.46,0.32272299218707906,4971,0.20483201171239696
CAND_01624,0.1,0.015427397413394635,4972,0.20238130023402895
CAND_01475,6.84,0.19223619812029966,4973,0.20169236106605043
CAND_04120,1.22,0.0995093586926582,4974,0.20072027699331507
CAND_00071,1.4200000000000002,0.10513559038377554,4975,0.20071405965882572
CAND_02373,12.86,0.23489076406924872,4976,0.19874427348127455
CAND_01051,3.54,0.15177446673154546,4977,0.1965561113655396
CAND_04315,4.18,0.1591040807717029,4978,0.1960154253107251
CAND_03412,44.3,0.35098492579365465,4979,0.195310151598621
CAND_03478,26.939999999999998,0.29809679760886654,4980,0.1952079295804024
CAND_01830,6.0600000000000005,0.18297917253985777,4981,0.19513216015474075
CAND_04577,9.86,0.21723336126216514,4982,0.19303751790938428
CAND_03232,0.36,0.059572704444526434,4983,0.1924770492396315
CAND_01196,29.48,0.30642735963407797,4984,0.19227125965172878
CAND_00667,35.699999999999996,0.3260384107921609,4985,0.192047769904211
CAND_04754,2.26,0.1246660539777649,4986,0.19038687209284924
CAND_04703,1.28,0.10088308689341485,4987,0.18499827331658095
CAND_01963,8.34,0.2065924393810459,4988,0.18259339664665167
CAND_02033,10.94,0.2236396374403915,4989,0.17585092179005848
CAND_02218,13.58,0.238540394243057,4990,0.17553981528941184
CAND_04316,3.32,0.14730437006010702,4991,0.17481590611974226
CAND_03380,19.78,0.26957367093655665,4992,0.17357618651672177
CAND_04054,1.78,0.11415930952996263,4993,0.16431567688945492
CAND_02859,0.7000000000000001,0.08234396367755416,4994,0.15850037314607893
CAND_03853,1.76,0.11305661484856425,4995,0.15357710319014434
CAND_03965,6.5,0.18801383909549305,4996,0.15341898706735757
CAND_04948,7.4399999999999995,0.1998472865812812,4997,0.14454499130478946
CAND_02439,1.48,0.10521566677980759,4998,0.13888857632296187
CAND_04722,1.0,0.09140944390721117,4999,0.12503888365103574
CAND_00242,1.72,0.11240543742165801,5000,0.10954539428905394
