candidate_id,composition,n_elements,Al,Co,Cr,Cu,Fe,Mn,Mo,Nb,Ni,Ti,V,W,composition_sum,valid_composition
CAND_00001,Fe22.10Mn21.09Mo37.03Ti19.78,4,0.0,0.0,0.0,0.0,22.1,21.09,37.03,0.0,0.0,19.78,0.0,0.0,100.0,True
CAND_00002,Co21.52Cr19.81Cu16.81Fe12.53Mo29.33,5,0.0,21.52,19.81,16.81,12.53,0.0,29.33,0.0,0.0,0.0,0.0,0.0,100.0,True
CAND_00003,Cu26.66Fe19.72Mo5.94Nb14.59V14.74W18.35,6,0.0,0.0,0.0,26.66,19.72,0.0,5.94,14.59,0.0,0.0,14.74,18.35,100.0,True
CAND_00004,Al19.74Co10.23Nb28.60Ni7.63Ti33.80,5,19.74,10.23,0.0,0.0,0.0,0.0,0.0,28.6,7.63,33.8,0.0,0.0,100.0,True
CAND_00005,Al32.92Mn17.29Mo7.12Ni28.92Ti13.75,5,32.92,0.0,0.0,0.0,0.0,17.29,7.12,0.0,28.92,13.75,0.0,0.0,100.0,True
CAND_00006,Fe29.70Mo14.19Ni15.56Ti33.64W6.91,5,0.0,0.0,0.0,0.0,29.7,0.0,14.19,0.0,15.56,33.64,0.0,6.91,100.0,True
CAND_00007,Cr43.15Mo24.06Nb9.18V23.61,4,0.0,0.0,43.15,0.0,0.0,0.0,24.06,9.18,0.0,0.0,23.61,0.0,99.99999999999999,True
CAND_00008,Al18.46Co8.14Cr14.18Cu37.90Mn15.98W5.34,6,18.46,8.14,14.18,37.9,0.0,15.98,0.0,0.0,0.0,0.0,0.0,5.34,100.00000000000001,True
CAND_00009,Co10.36Mn29.69Nb23.58V18.75W17.62,5,0.0,10.36,0.0,0.0,0.0,29.69,0.0,23.58,0.0,0.0,18.75,17.62,100.0,True
CAND_00010,Co7.72Mn20.39Ni32.79W39.10,4,0.0,7.72,0.0,0.0,0.0,20.39,0.0,0.0,32.79,0.0,0.0,39.1,100.0,True
CAND_00011,Co37.48Nb30.37Ni23.54W8.61,4,0.0,37.48,0.0,0.0,0.0,0.0,0.0,30.37,23.54,0.0,0.0,8.61,99.99999999999999,True
CAND_00012,Al6.49Cu9.60Nb20.66V20.88W42.37,5,6.49,0.0,0.0,9.6,0.0,0.0,0.0,20.66,0.0,0.0,20.88,42.37,100.0,True
CAND_00013,Co18.34Mn19.41Nb8.78Ni16.98V13.47W23.02,6,0.0,18.34,0.0,0.0,0.0,19.41,0.0,8.78,16.98,0.0,13.47,23.02,100.0,True
CAND_00014,Co16.68Cr19.47Ni7.10V26.11W30.64,5,0.0,16.68,19.47,0.0,0.0,0.0,0.0,0.0,7.1,0.0,26.11,30.64,100.0,True
CAND_00015,Cu11.33Fe11.30Mn18.65Mo19.20Nb21.25Ti18.27,6,0.0,0.0,0.0,11.33,11.3,18.65,19.2,21.25,0.0,18.27,0.0,0.0,100.0,True
CAND_00016,Fe20.89Mn18.50Ni35.93V24.68,4,0.0,0.0,0.0,0.0,20.89,18.5,0.0,0.0,35.93,0.0,24.68,0.0,100.0,True
CAND_00017,Cu34.69Mo32.01Nb23.27Ni10.03,4,0.0,0.0,0.0,34.69,0.0,0.0,32.01,23.27,10.03,0.0,0.0,0.0,99.99999999999999,True
CAND_00018,Co17.80Mo17.82V23.90W40.48,4,0.0,17.8,0.0,0.0,0.0,0.0,17.82,0.0,0.0,0.0,23.9,40.48,100.0,True
CAND_00019,Al8.90Cu13.55Ti22.97V27.82W26.76,5,8.9,0.0,0.0,13.55,0.0,0.0,0.0,0.0,0.0,22.97,27.82,26.76,100.00000000000001,True
CAND_00020,Al10.46Cr37.76Mn16.57Ti35.21,4,10.46,0.0,37.76,0.0,0.0,16.57,0.0,0.0,0.0,35.21,0.0,0.0,100.0,True
CAND_00021,Cr25.03Cu20.24Mn22.69Ni10.78Ti21.26,5,0.0,0.0,25.03,20.24,0.0,22.69,0.0,0.0,10.78,21.26,0.0,0.0,100.0,True
CAND_00022,Co12.39Mn8.75Mo14.72Nb22.13V21.67W20.34,6,0.0,12.39,0.0,0.0,0.0,8.75,14.72,22.13,0.0,0.0,21.67,20.34,100.0,True
CAND_00023,Cr17.47Mn8.71Mo5.44Nb34.71Ti13.86W19.81,6,0.0,0.0,17.47,0.0,0.0,8.71,5.44,34.71,0.0,13.86,0.0,19.81,100.0,True
CAND_00024,Co19.29Cr16.35Mn12.10Nb17.55V34.71,5,0.0,19.29,16.35,0.0,0.0,12.1,0.0,17.55,0.0,0.0,34.71,0.0,100.0,True
CAND_00025,Cr21.58Fe24.96Mo5.38Ti21.48W26.60,5,0.0,0.0,21.58,0.0,24.96,0.0,5.38,0.0,0.0,21.48,0.0,26.6,100.0,True
CAND_00026,Cr22.42Cu5.26Mo24.30Nb23.69W24.33,5,0.0,0.0,22.42,5.26,0.0,0.0,24.3,23.69,0.0,0.0,0.0,24.33,100.0,True
CAND_00027,Al24.41Cr13.39Mn25.90Mo6.82V15.59W13.89,6,24.41,0.0,13.39,0.0,0.0,25.9,6.82,0.0,0.0,0.0,15.59,13.89,100.0,True
CAND_00028,Cr9.89Mn31.61Mo41.44Ni17.06,4,0.0,0.0,9.89,0.0,0.0,31.61,41.44,0.0,17.06,0.0,0.0,0.0,100.0,True
CAND_00029,Al19.30Cr38.69Mn17.01Nb25.00,4,19.3,0.0,38.69,0.0,0.0,17.01,0.0,25.0,0.0,0.0,0.0,0.0,100.0,True
CAND_00030,Co12.96Cu17.24Fe29.78W40.02,4,0.0,12.96,0.0,17.24,29.78,0.0,0.0,0.0,0.0,0.0,0.0,40.02,100.0,True
CAND_00031,Cr12.07Cu14.60Fe31.98Nb12.70Ni15.91V12.74,6,0.0,0.0,12.07,14.6,31.98,0.0,0.0,12.7,15.91,0.0,12.74,0.0,100.0,True
CAND_00032,Co21.53Cu33.31Mo20.35W24.81,4,0.0,21.53,0.0,33.31,0.0,0.0,20.35,0.0,0.0,0.0,0.0,24.81,100.0,True
CAND_00033,Cu37.39Fe33.49Mn9.89Ni19.23,4,0.0,0.0,0.0,37.39,33.49,9.89,0.0,0.0,19.23,0.0,0.0,0.0,100.0,True
CAND_00034,Cu42.08Fe5.52Mo17.82Ni34.58,4,0.0,0.0,0.0,42.08,5.52,0.0,17.82,0.0,34.58,0.0,0.0,0.0,99.99999999999999,True
CAND_00035,Al37.34Cu20.49Fe10.93Ni21.90V9.34,5,37.34,0.0,0.0,20.49,10.93,0.0,0.0,0.0,21.9,0.0,9.34,0.0,100.0,True
CAND_00036,Co11.60Cr5.56Cu6.84Fe17.62Mo28.37Nb30.01,6,0.0,11.6,5.56,6.84,17.62,0.0,28.37,30.01,0.0,0.0,0.0,0.0,100.00000000000001,True
CAND_00037,Cu7.44Fe23.61Mo9.17Nb6.14Ti25.30W28.34,6,0.0,0.0,0.0,7.44,23.61,0.0,9.17,6.14,0.0,25.3,0.0,28.34,100.0,True
CAND_00038,Al31.39Nb30.46Ti7.49V30.66,4,31.39,0.0,0.0,0.0,0.0,0.0,0.0,30.46,0.0,7.49,30.66,0.0,100.0,True
CAND_00039,Cr5.29Cu36.19Nb9.37Ti24.74W24.41,5,0.0,0.0,5.29,36.19,0.0,0.0,0.0,9.37,0.0,24.74,0.0,24.41,99.99999999999999,True
CAND_00040,Cr36.43Mo21.89Nb23.45Ni18.23,4,0.0,0.0,36.43,0.0,0.0,0.0,21.89,23.45,18.23,0.0,0.0,0.0,100.0,True
CAND_00041,Al26.82Cu11.16Fe12.80Mo13.42Ni16.37W19.43,6,26.82,0.0,0.0,11.16,12.8,0.0,13.42,0.0,16.37,0.0,0.0,19.43,100.0,True
CAND_00042,Al21.60Co7.24Cu30.45Fe30.54V10.17,5,21.6,7.24,0.0,30.45,30.54,0.0,0.0,0.0,0.0,0.0,10.17,0.0,100.00000000000001,True
CAND_00043,Co16.14Cu37.44Mn21.30W25.12,4,0.0,16.14,0.0,37.44,0.0,21.3,0.0,0.0,0.0,0.0,0.0,25.12,100.0,True
CAND_00044,Cr14.93Mn25.84Nb21.03W38.20,4,0.0,0.0,14.93,0.0,0.0,25.84,0.0,21.03,0.0,0.0,0.0,38.2,100.0,True
CAND_00045,Mn6.72Mo24.38Nb43.14Ti16.13V9.63,5,0.0,0.0,0.0,0.0,0.0,6.72,24.38,43.14,0.0,16.13,9.63,0.0,99.99999999999999,True
CAND_00046,Al7.25Cr25.36Mo23.44Nb9.20W34.75,5,7.25,0.0,25.36,0.0,0.0,0.0,23.44,9.2,0.0,0.0,0.0,34.75,100.0,True
CAND_00047,Co9.52Cr16.59Fe12.08Ti28.10V15.30W18.41,6,0.0,9.52,16.59,0.0,12.08,0.0,0.0,0.0,0.0,28.1,15.3,18.41,99.99999999999999,True
CAND_00048,Co31.88Cu38.31Fe15.79W14.02,4,0.0,31.88,0.0,38.31,15.79,0.0,0.0,0.0,0.0,0.0,0.0,14.02,99.99999999999999,True
CAND_00049,Al17.70Cr7.18Nb15.68Ni17.21Ti42.23,5,17.7,0.0,7.18,0.0,0.0,0.0,0.0,15.68,17.21,42.23,0.0,0.0,100.0,True
CAND_00050,Co18.89Cu25.26Nb16.24V11.91W27.70,5,0.0,18.89,0.0,25.26,0.0,0.0,0.0,16.24,0.0,0.0,11.91,27.7,100.0,True
CAND_00051,Co30.44Mn14.47Nb22.73Ti17.73V6.70W7.93,6,0.0,30.44,0.0,0.0,0.0,14.47,0.0,22.73,0.0,17.73,6.7,7.93,100.0,True
CAND_00052,Al23.86Fe16.73Mn26.54Nb13.25V19.62,5,23.86,0.0,0.0,0.0,16.73,26.54,0.0,13.25,0.0,0.0,19.62,0.0,100.0,True
CAND_00053,Co9.30Fe39.60Ni33.98Ti17.12,4,0.0,9.3,0.0,0.0,39.6,0.0,0.0,0.0,33.98,17.12,0.0,0.0,100.0,True
CAND_00054,Al16.92Co10.32Cr25.17Fe22.37Mn19.35Ti5.87,6,16.92,10.32,25.17,0.0,22.37,19.35,0.0,0.0,0.0,5.87,0.0,0.0,100.0,True
CAND_00055,Cu36.79Nb32.04V13.20W17.97,4,0.0,0.0,0.0,36.79,0.0,0.0,0.0,32.04,0.0,0.0,13.2,17.97,100.0,True
CAND_00056,Co13.74Cr10.87Cu16.48Fe6.45Ti20.57W31.89,6,0.0,13.74,10.87,16.48,6.45,0.0,0.0,0.0,0.0,20.57,0.0,31.89,100.00000000000001,True
CAND_00057,Al31.32Co26.90Cu8.54Ni15.44Ti12.02W5.78,6,31.32,26.9,0.0,8.54,0.0,0.0,0.0,0.0,15.44,12.02,0.0,5.78,99.99999999999999,True
CAND_00058,Al23.90Co22.54Ti30.28W23.28,4,23.9,22.54,0.0,0.0,0.0,0.0,0.0,0.0,0.0,30.28,0.0,23.28,100.0,True
CAND_00059,Mn22.72Nb13.39Ni33.03Ti30.86,4,0.0,0.0,0.0,0.0,0.0,22.72,0.0,13.39,33.03,30.86,0.0,0.0,100.0,True
CAND_00060,Al18.19Nb14.32Ni18.97Ti14.17W34.35,5,18.19,0.0,0.0,0.0,0.0,0.0,0.0,14.32,18.97,14.17,0.0,34.35,100.0,True
CAND_00061,Cr12.52Cu20.55Nb6.24Ni24.83Ti35.86,5,0.0,0.0,12.52,20.55,0.0,0.0,0.0,6.24,24.83,35.86,0.0,0.0,100.0,True
CAND_00062,Co11.73Mn11.70Ni7.69Ti38.64W30.24,5,0.0,11.73,0.0,0.0,0.0,11.7,0.0,0.0,7.69,38.64,0.0,30.24,100.0,True
CAND_00063,Al7.15Co10.72Cr13.89Ni35.47Ti17.43W15.34,6,7.15,10.72,13.89,0.0,0.0,0.0,0.0,0.0,35.47,17.43,0.0,15.34,100.0,True
CAND_00064,Al16.53Co36.66Fe32.82Mn13.99,4,16.53,36.66,0.0,0.0,32.82,13.99,0.0,0.0,0.0,0.0,0.0,0.0,99.99999999999999,True
CAND_00065,Mo17.51Nb37.41Ti24.11W20.97,4,0.0,0.0,0.0,0.0,0.0,0.0,17.51,37.41,0.0,24.11,0.0,20.97,100.0,True
CAND_00066,Cu15.27Mn21.35Nb19.00Ni14.83W29.55,5,0.0,0.0,0.0,15.27,0.0,21.35,0.0,19.0,14.83,0.0,0.0,29.55,100.0,True
CAND_00067,Cr20.61Cu32.96Mo23.28Ni6.68Ti16.47,5,0.0,0.0,20.61,32.96,0.0,0.0,23.28,0.0,6.68,16.47,0.0,0.0,100.0,True
CAND_00068,Al8.81Co24.25Cr21.47Cu20.28Ni13.27W11.92,6,8.81,24.25,21.47,20.28,0.0,0.0,0.0,0.0,13.27,0.0,0.0,11.92,100.0,True
CAND_00069,Co7.01Cr22.89Ni39.71Ti11.26W19.13,5,0.0,7.01,22.89,0.0,0.0,0.0,0.0,0.0,39.71,11.26,0.0,19.13,100.0,True
CAND_00070,Al16.87Fe17.74Nb24.03Ti41.36,4,16.87,0.0,0.0,0.0,17.74,0.0,0.0,24.03,0.0,41.36,0.0,0.0,100.0,True
CAND_00071,Cr11.87Cu31.90Mn28.46Ni27.77,4,0.0,0.0,11.87,31.9,0.0,28.46,0.0,0.0,27.77,0.0,0.0,0.0,99.99999999999999,True
CAND_00072,Cu18.96Mo17.67Ti37.82W25.55,4,0.0,0.0,0.0,18.96,0.0,0.0,17.67,0.0,0.0,37.82,0.0,25.55,100.0,True
CAND_00073,Al23.92Cu33.96Mn30.02Nb12.10,4,23.92,0.0,0.0,33.96,0.0,30.02,0.0,12.1,0.0,0.0,0.0,0.0,100.0,True
CAND_00074,Al23.44Cr19.87Cu7.85Nb30.48W18.36,5,23.44,0.0,19.87,7.85,0.0,0.0,0.0,30.48,0.0,0.0,0.0,18.36,100.0,True
CAND_00075,Fe16.01Mn14.26Mo14.96Ni11.20Ti23.78V19.79,6,0.0,0.0,0.0,0.0,16.01,14.26,14.96,0.0,11.2,23.78,19.79,0.0,100.0,True
CAND_00076,Al24.69Co15.05Cr27.94Cu10.24Mn22.08,5,24.69,15.05,27.94,10.24,0.0,22.08,0.0,0.0,0.0,0.0,0.0,0.0,100.0,True
CAND_00077,Al34.26Cr13.69Fe25.01Nb27.04,4,34.26,0.0,13.69,0.0,25.01,0.0,0.0,27.04,0.0,0.0,0.0,0.0,100.0,True
CAND_00078,Cu23.53Fe25.57Mo7.87Nb8.78Ti21.24W13.01,6,0.0,0.0,0.0,23.53,25.57,0.0,7.87,8.78,0.0,21.24,0.0,13.01,100.0,True
CAND_00079,Cr16.76Fe21.48Nb10.47Ti18.46W32.83,5,0.0,0.0,16.76,0.0,21.48,0.0,0.0,10.47,0.0,18.46,0.0,32.83,100.0,True
CAND_00080,Cr18.63Mn32.41Mo11.03Nb37.93,4,0.0,0.0,18.63,0.0,0.0,32.41,11.03,37.93,0.0,0.0,0.0,0.0,100.0,True
CAND_00081,Co16.06Cu22.65Fe16.20Mn19.03Nb26.06,5,0.0,16.06,0.0,22.65,16.2,19.03,0.0,26.06,0.0,0.0,0.0,0.0,100.0,True
CAND_00082,Cr25.12Cu20.46Fe5.89Mo38.03Ti10.50,5,0.0,0.0,25.12,20.46,5.89,0.0,38.03,0.0,0.0,10.5,0.0,0.0,100.0,True
CAND_00083,Co38.10Cu16.60Fe18.18Nb27.12,4,0.0,38.1,0.0,16.6,18.18,0.0,0.0,27.12,0.0,0.0,0.0,0.0,100.0,True
CAND_00084,Cu7.70Fe22.19Mo32.44V37.67,4,0.0,0.0,0.0,7.7,22.19,0.0,32.44,0.0,0.0,0.0,37.67,0.0,100.0,True
CAND_00085,Cu5.32Mn42.17Mo24.60Nb5.75W22.16,5,0.0,0.0,0.0,5.32,0.0,42.17,24.6,5.75,0.0,0.0,0.0,22.16,100.0,True
CAND_00086,Cr30.64Fe18.50V34.35W16.51,4,0.0,0.0,30.64,0.0,18.5,0.0,0.0,0.0,0.0,0.0,34.35,16.51,100.00000000000001,True
CAND_00087,Al5.78Cr33.87Nb18.07Ti15.66W26.62,5,5.78,0.0,33.87,0.0,0.0,0.0,0.0,18.07,0.0,15.66,0.0,26.62,100.0,True
CAND_00088,Cu8.53Fe44.45Mn17.90W29.12,4,0.0,0.0,0.0,8.53,44.45,17.9,0.0,0.0,0.0,0.0,0.0,29.12,100.0,True
CAND_00089,Cr32.89Cu11.61Nb16.24Ti24.75W14.51,5,0.0,0.0,32.89,11.61,0.0,0.0,0.0,16.24,0.0,24.75,0.0,14.51,100.0,True
CAND_00090,Al27.56Cu21.12Fe19.80Mo20.19Nb11.33,5,27.56,0.0,0.0,21.12,19.8,0.0,20.19,11.33,0.0,0.0,0.0,0.0,100.0,True
CAND_00091,Co10.14Mn33.57Nb19.02Ti28.62W8.65,5,0.0,10.14,0.0,0.0,0.0,33.57,0.0,19.02,0.0,28.62,0.0,8.65,100.00000000000001,True
CAND_00092,Al11.23Cr18.84Cu7.94Fe40.83Mo21.16,5,11.23,0.0,18.84,7.94,40.83,0.0,21.16,0.0,0.0,0.0,0.0,0.0,100.0,True
CAND_00093,Cu17.77Fe44.21Mo15.82Nb22.20,4,0.0,0.0,0.0,17.77,44.21,0.0,15.82,22.2,0.0,0.0,0.0,0.0,100.00000000000001,True
CAND_00094,Al12.50Cr5.53Fe39.90Ti17.79V24.28,5,12.5,0.0,5.53,0.0,39.9,0.0,0.0,0.0,0.0,17.79,24.28,0.0,100.0,True
CAND_00095,Co29.13Cr8.79Fe24.95Nb31.35W5.78,5,0.0,29.13,8.79,0.0,24.95,0.0,0.0,31.35,0.0,0.0,0.0,5.78,100.0,True
CAND_00096,Co9.79Fe41.07Ti17.15V31.99,4,0.0,9.79,0.0,0.0,41.07,0.0,0.0,0.0,0.0,17.15,31.99,0.0,99.99999999999999,True
CAND_00097,Co6.74Cr13.70Mo20.45Nb14.65Ti44.46,5,0.0,6.74,13.7,0.0,0.0,0.0,20.45,14.65,0.0,44.46,0.0,0.0,100.0,True
CAND_00098,Al13.59Co13.28Cr44.34Mn14.19Mo7.63Nb6.97,6,13.59,13.28,44.34,0.0,0.0,14.19,7.63,6.97,0.0,0.0,0.0,0.0,100.0,True
CAND_00099,Al10.17Fe16.70Mn28.15Mo28.81Nb8.99V7.18,6,10.17,0.0,0.0,0.0,16.7,28.15,28.81,8.99,0.0,0.0,7.18,0.0,100.0,True
CAND_00100,Al9.59Cu34.81Fe10.76Nb24.93V19.91,5,9.59,0.0,0.0,34.81,10.76,0.0,0.0,24.93,0.0,0.0,19.91,0.0,100.0,True
CAND_00101,Co24.36Mn35.23Ti6.02V10.57W23.82,5,0.0,24.36,0.0,0.0,0.0,35.23,0.0,0.0,0.0,6.02,10.57,23.82,100.0,True
CAND_00102,Co42.73Fe43.97Mn7.93Ni5.37,4,0.0,42.73,0.0,0.0,43.97,7.93,0.0,0.0,5.37,0.0,0.0,0.0,100.0,True
CAND_00103,Co14.46Mn39.83Nb32.55V13.16,4,0.0,14.46,0.0,0.0,0.0,39.83,0.0,32.55,0.0,0.0,13.16,0.0,100.0,True
CAND_00104,Al20.09Co12.51Cu35.13Fe12.99V9.14W10.14,6,20.09,12.51,0.0,35.13,12.99,0.0,0.0,0.0,0.0,0.0,9.14,10.14,100.0,True
CAND_00105,Co18.96Cr11.02Fe12.64Nb18.56Ti16.36V22.46,6,0.0,18.96,11.02,0.0,12.64,0.0,0.0,18.56,0.0,16.36,22.46,0.0,100.0,True
CAND_00106,Cr36.21Mo19.74Nb35.68Ni8.37,4,0.0,0.0,36.21,0.0,0.0,0.0,19.74,35.68,8.37,0.0,0.0,0.0,100.0,True
CAND_00107,Al19.34Co19.99Cu18.72Mo8.85V25.49W7.61,6,19.34,19.99,0.0,18.72,0.0,0.0,8.85,0.0,0.0,0.0,25.49,7.61,99.99999999999999,True
CAND_00108,Al10.84Co29.88Fe29.64V6.09W23.55,5,10.84,29.88,0.0,0.0,29.64,0.0,0.0,0.0,0.0,0.0,6.09,23.55,100.0,True
CAND_00109,Co34.27Cr11.88Fe9.09Nb9.04W35.72,5,0.0,34.27,11.88,0.0,9.09,0.0,0.0,9.04,0.0,0.0,0.0,35.72,100.0,True
CAND_00110,Co23.77Fe15.78Mo9.91V18.89W31.65,5,0.0,23.77,0.0,0.0,15.78,0.0,9.91,0.0,0.0,0.0,18.89,31.65,100.0,True
CAND_00111,Al31.39Cu27.68Fe31.08Mo9.85,4,31.39,0.0,0.0,27.68,31.08,0.0,9.85,0.0,0.0,0.0,0.0,0.0,100.0,True
CAND_00112,Cr11.40Mo31.11Nb17.09Ni17.85Ti22.55,5,0.0,0.0,11.4,0.0,0.0,0.0,31.11,17.09,17.85,22.55,0.0,0.0,99.99999999999999,True
CAND_00113,Al20.43Mn17.36Ni35.72V26.49,4,20.43,0.0,0.0,0.0,0.0,17.36,0.0,0.0,35.72,0.0,26.49,0.0,99.99999999999999,True
CAND_00114,Al18.31Mn24.13Nb22.35V18.62W16.59,5,18.31,0.0,0.0,0.0,0.0,24.13,0.0,22.35,0.0,0.0,18.62,16.59,100.0,True
CAND_00115,Co18.71Mn37.03Mo6.36Ni15.23W22.67,5,0.0,18.71,0.0,0.0,0.0,37.03,6.36,0.0,15.23,0.0,0.0,22.67,100.0,True
CAND_00116,Al27.51Co6.55Cu43.37Nb22.57,4,27.51,6.55,0.0,43.37,0.0,0.0,0.0,22.57,0.0,0.0,0.0,0.0,100.0,True
CAND_00117,Cr22.48Mn9.68Nb26.02Ni11.84Ti29.98,5,0.0,0.0,22.48,0.0,0.0,9.68,0.0,26.02,11.84,29.98,0.0,0.0,100.0,True
CAND_00118,Co32.27Fe12.11Mn15.94Ni27.10Ti12.58,5,0.0,32.27,0.0,0.0,12.11,15.94,0.0,0.0,27.1,12.58,0.0,0.0,100.0,True
CAND_00119,Co10.39Cr13.46Mn24.68Mo20.59Ni11.11Ti19.77,6,0.0,10.39,13.46,0.0,0.0,24.68,20.59,0.0,11.11,19.77,0.0,0.0,100.0,True
CAND_00120,Al11.64Nb33.21Ti32.63V22.52,4,11.64,0.0,0.0,0.0,0.0,0.0,0.0,33.21,0.0,32.63,22.52,0.0,100.0,True
CAND_00121,Al13.99Co14.72Cr25.25Mo19.22Nb26.82,5,13.99,14.72,25.25,0.0,0.0,0.0,19.22,26.82,0.0,0.0,0.0,0.0,100.0,True
CAND_00122,Al32.76Cu30.75Fe23.84Nb12.65,4,32.76,0.0,0.0,30.75,23.84,0.0,0.0,12.65,0.0,0.0,0.0,0.0,100.0,True
CAND_00123,Co35.64Cr7.72Mo7.83Ti25.14W23.67,5,0.0,35.64,7.72,0.0,0.0,0.0,7.83,0.0,0.0,25.14,0.0,23.67,100.0,True
CAND_00124,Co38.91Cr24.61Fe25.54Nb10.94,4,0.0,38.91,24.61,0.0,25.54,0.0,0.0,10.94,0.0,0.0,0.0,0.0,100.0,True
CAND_00125,Al38.90Cr11.56Cu17.88Mn10.80Mo14.42Ti6.44,6,38.9,0.0,11.56,17.88,0.0,10.8,14.42,0.0,0.0,6.44,0.0,0.0,100.0,True
CAND_00126,Co11.78Mn30.80Nb22.61Ni10.92V7.76W16.13,6,0.0,11.78,0.0,0.0,0.0,30.8,0.0,22.61,10.92,0.0,7.76,16.13,100.0,True
CAND_00127,Al33.10Mn26.27Nb5.42Ni35.21,4,33.1,0.0,0.0,0.0,0.0,26.27,0.0,5.42,35.21,0.0,0.0,0.0,100.0,True
CAND_00128,Cr42.10Fe13.93Mo8.73Ti22.75W12.49,5,0.0,0.0,42.1,0.0,13.93,0.0,8.73,0.0,0.0,22.75,0.0,12.49,100.0,True
CAND_00129,Fe15.76Mn29.09Nb26.19V7.73W21.23,5,0.0,0.0,0.0,0.0,15.76,29.09,0.0,26.19,0.0,0.0,7.73,21.23,100.00000000000001,True
CAND_00130,Fe33.03Mn23.70Nb8.13Ti25.95V9.19,5,0.0,0.0,0.0,0.0,33.03,23.7,0.0,8.13,0.0,25.95,9.19,0.0,100.0,True
CAND_00131,Co22.04Fe21.35Mo15.30Nb7.27Ni34.04,5,0.0,22.04,0.0,0.0,21.35,0.0,15.3,7.27,34.04,0.0,0.0,0.0,100.0,True
CAND_00132,Co9.92Mo12.94Nb21.01Ni9.07Ti5.18V41.88,6,0.0,9.92,0.0,0.0,0.0,0.0,12.94,21.01,9.07,5.18,41.88,0.0,100.0,True
CAND_00133,Cu19.67Fe23.47Mn12.31Nb13.63Ni14.32V16.60,6,0.0,0.0,0.0,19.67,23.47,12.31,0.0,13.63,14.32,0.0,16.6,0.0,100.0,True
CAND_00134,Al15.63Co11.37Fe10.03Mn23.81Ti33.63V5.53,6,15.63,11.37,0.0,0.0,10.03,23.81,0.0,0.0,0.0,33.63,5.53,0.0,100.0,True
CAND_00135,Cu42.94Mo24.33Ti10.17V22.56,4,0.0,0.0,0.0,42.94,0.0,0.0,24.33,0.0,0.0,10.17,22.56,0.0,100.0,True
CAND_00136,Cu44.28Fe19.04Ti27.21V9.47,4,0.0,0.0,0.0,44.28,19.04,0.0,0.0,0.0,0.0,27.21,9.47,0.0,100.0,True
CAND_00137,Cu12.61Fe15.29Mn31.55Mo10.30Ti30.25,5,0.0,0.0,0.0,12.61,15.29,31.55,10.3,0.0,0.0,30.25,0.0,0.0,100.0,True
CAND_00138,Cr10.62Fe30.47Mn37.70Mo7.50Nb6.02W7.69,6,0.0,0.0,10.62,0.0,30.47,37.7,7.5,6.02,0.0,0.0,0.0,7.69,99.99999999999999,True
CAND_00139,Co23.00Fe10.21Ti30.55V13.48W22.76,5,0.0,23.0,0.0,0.0,10.21,0.0,0.0,0.0,0.0,30.55,13.48,22.76,100.00000000000001,True
CAND_00140,Co21.30Cr13.47Fe38.65Ti26.58,4,0.0,21.3,13.47,0.0,38.65,0.0,0.0,0.0,0.0,26.58,0.0,0.0,100.0,True
CAND_00141,Al13.84Mo18.32Nb21.62V7.66W38.56,5,13.84,0.0,0.0,0.0,0.0,0.0,18.32,21.62,0.0,0.0,7.66,38.56,100.0,True
CAND_00142,Al16.48Co20.04Fe19.75Mo12.96Nb14.47V16.30,6,16.48,20.04,0.0,0.0,19.75,0.0,12.96,14.47,0.0,0.0,16.3,0.0,99.99999999999999,True
CAND_00143,Cr32.55Mn32.70Nb13.70Ni21.05,4,0.0,0.0,32.55,0.0,0.0,32.7,0.0,13.7,21.05,0.0,0.0,0.0,100.0,True
CAND_00144,Cu43.22Fe22.02Mo17.05Ni17.71,4,0.0,0.0,0.0,43.22,22.02,0.0,17.05,0.0,17.71,0.0,0.0,0.0,100.0,True
CAND_00145,Cr12.29Cu13.60Mn15.71Mo28.07Ni18.90W11.43,6,0.0,0.0,12.29,13.6,0.0,15.71,28.07,0.0,18.9,0.0,0.0,11.43,100.0,True
CAND_00146,Al26.41Cr30.09Mn24.25Nb10.00Ti9.25,5,26.41,0.0,30.09,0.0,0.0,24.25,0.0,10.0,0.0,9.25,0.0,0.0,100.0,True
CAND_00147,Co9.99Cu11.31Fe17.67Mn44.07Ti11.84V5.12,6,0.0,9.99,0.0,11.31,17.67,44.07,0.0,0.0,0.0,11.84,5.12,0.0,100.0,True
CAND_00148,Cu42.79Fe11.57Mn17.45Nb28.19,4,0.0,0.0,0.0,42.79,11.57,17.45,0.0,28.19,0.0,0.0,0.0,0.0,100.0,True
CAND_00149,Cu20.96Fe16.88Nb15.97V25.38W20.81,5,0.0,0.0,0.0,20.96,16.88,0.0,0.0,15.97,0.0,0.0,25.38,20.81,100.0,True
CAND_00150,Cr7.91Fe21.34Mo29.06V41.69,4,0.0,0.0,7.91,0.0,21.34,0.0,29.06,0.0,0.0,0.0,41.69,0.0,100.0,True
CAND_00151,Co23.22Mn17.80Nb44.27W14.71,4,0.0,23.22,0.0,0.0,0.0,17.8,0.0,44.27,0.0,0.0,0.0,14.71,100.0,True
CAND_00152,Al32.97Nb14.78Ti21.98V30.27,4,32.97,0.0,0.0,0.0,0.0,0.0,0.0,14.78,0.0,21.98,30.27,0.0,100.0,True
CAND_00153,Co19.06Mn20.74Ti22.19V38.01,4,0.0,19.06,0.0,0.0,0.0,20.74,0.0,0.0,0.0,22.19,38.01,0.0,100.0,True
CAND_00154,Co14.20Cr7.82Cu44.74Fe6.37Mo26.87,5,0.0,14.2,7.82,44.74,6.37,0.0,26.87,0.0,0.0,0.0,0.0,0.0,100.00000000000001,True
CAND_00155,Cr37.34Mo20.87Nb19.12Ti14.72W7.95,5,0.0,0.0,37.34,0.0,0.0,0.0,20.87,19.12,0.0,14.72,0.0,7.95,100.00000000000001,True
CAND_00156,Fe22.10Mo26.86Ni21.46V29.58,4,0.0,0.0,0.0,0.0,22.1,0.0,26.86,0.0,21.46,0.0,29.58,0.0,100.0,True
CAND_00157,Al10.73Co37.54Mn29.87Mo21.86,4,10.73,37.54,0.0,0.0,0.0,29.87,21.86,0.0,0.0,0.0,0.0,0.0,100.0,True
CAND_00158,Al26.95Mn17.27Mo14.19Nb17.73Ni23.86,5,26.95,0.0,0.0,0.0,0.0,17.27,14.19,17.73,23.86,0.0,0.0,0.0,100.0,True
CAND_00159,Co11.63Cr11.08Cu20.73Nb20.54Ni26.96Ti9.06,6,0.0,11.63,11.08,20.73,0.0,0.0,0.0,20.54,26.96,9.06,0.0,0.0,100.0,True
CAND_00160,Al32.15Cr11.33Fe20.87V17.61W18.04,5,32.15,0.0,11.33,0.0,20.87,0.0,0.0,0.0,0.0,0.0,17.61,18.04,100.0,True
CAND_00161,Al19.06Cu22.70Mo22.29Ni8.63Ti27.32,5,19.06,0.0,0.0,22.7,0.0,0.0,22.29,0.0,8.63,27.32,0.0,0.0,100.0,True
CAND_00162,Co8.07Cr35.72Mn16.00Nb8.76Ti25.99W5.46,6,0.0,8.07,35.72,0.0,0.0,16.0,0.0,8.76,0.0,25.99,0.0,5.46,99.99999999999999,True
CAND_00163,Al23.08Cu21.61Mn16.42Mo17.78Nb9.33W11.78,6,23.08,0.0,0.0,21.61,0.0,16.42,17.78,9.33,0.0,0.0,0.0,11.78,100.0,True
CAND_00164,Cu29.64Fe8.53Mn25.54Ni19.04W17.25,5,0.0,0.0,0.0,29.64,8.53,25.54,0.0,0.0,19.04,0.0,0.0,17.25,100.0,True
CAND_00165,Co22.85Cr7.54Fe20.91Mo41.15Nb7.55,5,0.0,22.85,7.54,0.0,20.91,0.0,41.15,7.55,0.0,0.0,0.0,0.0,99.99999999999999,True
CAND_00166,Fe38.35Mo19.66Ti9.78V32.21,4,0.0,0.0,0.0,0.0,38.35,0.0,19.66,0.0,0.0,9.78,32.21,0.0,100.0,True
CAND_00167,Cr6.56Fe25.00Mn31.23Nb6.45V14.48W16.28,6,0.0,0.0,6.56,0.0,25.0,31.23,0.0,6.45,0.0,0.0,14.48,16.28,100.0,True
CAND_00168,Cr12.60Cu12.80Mn42.33Ni16.74W15.53,5,0.0,0.0,12.6,12.8,0.0,42.33,0.0,0.0,16.74,0.0,0.0,15.53,99.99999999999999,True
CAND_00169,Cr17.12Fe29.61Mn31.41Ti21.86,4,0.0,0.0,17.12,0.0,29.61,31.41,0.0,0.0,0.0,21.86,0.0,0.0,100.0,True
CAND_00170,Co8.92Cr18.82Mn31.09Ni41.17,4,0.0,8.92,18.82,0.0,0.0,31.09,0.0,0.0,41.17,0.0,0.0,0.0,100.0,True
CAND_00171,Co28.26Cr6.90Fe26.05Mo16.45Ti22.34,5,0.0,28.26,6.9,0.0,26.05,0.0,16.45,0.0,0.0,22.34,0.0,0.0,100.00000000000001,True
CAND_00172,Al29.03Ni17.55Ti15.60V6.03W31.79,5,29.03,0.0,0.0,0.0,0.0,0.0,0.0,0.0,17.55,15.6,6.03,31.79,100.0,True
CAND_00173,Co17.58Cr13.09Mo7.88Ni28.75Ti32.70,5,0.0,17.58,13.09,0.0,0.0,0.0,7.88,0.0,28.75,32.7,0.0,0.0,100.0,True
CAND_00174,Al44.47Co7.03Mn24.39Nb17.56W6.55,5,44.47,7.03,0.0,0.0,0.0,24.39,0.0,17.56,0.0,0.0,0.0,6.55,100.0,True
CAND_00175,Cr15.48Fe26.19Mn33.53Nb12.48W12.32,5,0.0,0.0,15.48,0.0,26.19,33.53,0.0,12.48,0.0,0.0,0.0,12.32,100.0,True
CAND_00176,Cr12.10Fe10.70Mo14.69Ni15.78Ti20.16W26.57,6,0.0,0.0,12.1,0.0,10.7,0.0,14.69,0.0,15.78,20.16,0.0,26.57,100.0,True
CAND_00177,Co20.57Mo15.42Nb26.12W37.89,4,0.0,20.57,0.0,0.0,0.0,0.0,15.42,26.12,0.0,0.0,0.0,37.89,100.0,True
CAND_00178,Al33.45Co15.15Mn24.92Mo15.73Ni10.75,5,33.45,15.15,0.0,0.0,0.0,24.92,15.73,0.0,10.75,0.0,0.0,0.0,100.00000000000001,True
CAND_00179,Al16.24Cr10.49Cu28.32Mo28.97Nb5.85Ni10.13,6,16.24,0.0,10.49,28.32,0.0,0.0,28.97,5.85,10.13,0.0,0.0,0.0,99.99999999999999,True
CAND_00180,Co16.42Cr13.96Cu7.77Ni15.55Ti32.71W13.59,6,0.0,16.42,13.96,7.77,0.0,0.0,0.0,0.0,15.55,32.71,0.0,13.59,100.0,True
CAND_00181,Cr24.40Cu23.14Ni29.91W22.55,4,0.0,0.0,24.4,23.14,0.0,0.0,0.0,0.0,29.91,0.0,0.0,22.55,100.0,True
CAND_00182,Al22.36Cu30.72Ni20.07Ti26.85,4,22.36,0.0,0.0,30.72,0.0,0.0,0.0,0.0,20.07,26.85,0.0,0.0,100.0,True
CAND_00183,Co31.51Cr31.29Mn5.12Ti32.08,4,0.0,31.51,31.29,0.0,0.0,5.12,0.0,0.0,0.0,32.08,0.0,0.0,100.0,True
CAND_00184,Fe36.02Mn12.63Ti12.15V39.20,4,0.0,0.0,0.0,0.0,36.02,12.63,0.0,0.0,0.0,12.15,39.2,0.0,100.0,True
CAND_00185,Co6.34Cu23.11Mo38.00V16.30W16.25,5,0.0,6.34,0.0,23.11,0.0,0.0,38.0,0.0,0.0,0.0,16.3,16.25,100.0,True
CAND_00186,Al23.48Cu10.65Mn21.02W44.85,4,23.48,0.0,0.0,10.65,0.0,21.02,0.0,0.0,0.0,0.0,0.0,44.85,100.0,True
CAND_00187,Al42.89Co17.82Mo6.98Ni19.95W12.36,5,42.89,17.82,0.0,0.0,0.0,0.0,6.98,0.0,19.95,0.0,0.0,12.36,100.0,True
CAND_00188,Al33.72Co18.33Mn20.10Nb27.85,4,33.72,18.33,0.0,0.0,0.0,20.1,0.0,27.85,0.0,0.0,0.0,0.0,100.0,True
CAND_00189,Al12.91Cu13.61Mn21.84Mo27.75Nb9.43Ti14.46,6,12.91,0.0,0.0,13.61,0.0,21.84,27.75,9.43,0.0,14.46,0.0,0.0,100.0,True
CAND_00190,Cu18.78Mn11.81Nb17.77V31.82W19.82,5,0.0,0.0,0.0,18.78,0.0,11.81,0.0,17.77,0.0,0.0,31.82,19.82,100.0,True
CAND_00191,Cu19.30Fe31.72Mn11.80Ni28.91V8.27,5,0.0,0.0,0.0,19.3,31.72,11.8,0.0,0.0,28.91,0.0,8.27,0.0,99.99999999999999,True
CAND_00192,Co27.30Mn20.55Mo27.10Ti19.11W5.94,5,0.0,27.3,0.0,0.0,0.0,20.55,27.1,0.0,0.0,19.11,0.0,5.94,100.0,True
CAND_00193,Cr22.96Fe36.48Mo25.59Nb9.46V5.51,5,0.0,0.0,22.96,0.0,36.48,0.0,25.59,9.46,0.0,0.0,5.51,0.0,100.00000000000001,True
CAND_00194,Al10.84Cu9.88Mn40.52Mo38.76,4,10.84,0.0,0.0,9.88,0.0,40.52,38.76,0.0,0.0,0.0,0.0,0.0,100.0,True
CAND_00195,Mn36.39Ti31.49V11.86W20.26,4,0.0,0.0,0.0,0.0,0.0,36.39,0.0,0.0,0.0,31.49,11.86,20.26,100.0,True
CAND_00196,Cr35.72Fe19.83Mn17.85Mo11.31V15.29,5,0.0,0.0,35.72,0.0,19.83,17.85,11.31,0.0,0.0,0.0,15.29,0.0,100.0,True
CAND_00197,Al9.12Co28.78Cr13.97Mn18.42Mo5.16Ni24.55,6,9.12,28.78,13.97,0.0,0.0,18.42,5.16,0.0,24.55,0.0,0.0,0.0,99.99999999999999,True
CAND_00198,Al19.98Mo11.97Nb25.34Ni35.88V6.83,5,19.98,0.0,0.0,0.0,0.0,0.0,11.97,25.34,35.88,0.0,6.83,0.0,100.00000000000001,True
CAND_00199,Al26.55Mo31.19Ti29.62W12.64,4,26.55,0.0,0.0,0.0,0.0,0.0,31.19,0.0,0.0,29.62,0.0,12.64,100.0,True
CAND_00200,Fe24.79Mo27.25Nb17.29V16.08W14.59,5,0.0,0.0,0.0,0.0,24.79,0.0,27.25,17.29,0.0,0.0,16.08,14.59,100.0,True
CAND_00201,Fe10.62Mn6.79Mo44.97Nb12.13V25.49,5,0.0,0.0,0.0,0.0,10.62,6.79,44.97,12.13,0.0,0.0,25.49,0.0,99.99999999999999,True
CAND_00202,Co9.10Cr23.47Fe12.19Mn18.38Ni30.60W6.26,6,0.0,9.1,23.47,0.0,12.19,18.38,0.0,0.0,30.6,0.0,0.0,6.26,100.00000000000001,True
CAND_00203,Cu24.80Fe15.37Mn24.99Ni6.80V28.04,5,0.0,0.0,0.0,24.8,15.37,24.99,0.0,0.0,6.8,0.0,28.04,0.0,100.0,True
CAND_00204,Co13.78Mo10.73Ni18.76V41.83W14.90,5,0.0,13.78,0.0,0.0,0.0,0.0,10.73,0.0,18.76,0.0,41.83,14.9,100.0,True
CAND_00205,Cu19.09Mo14.61Ni30.73W35.57,4,0.0,0.0,0.0,19.09,0.0,0.0,14.61,0.0,30.73,0.0,0.0,35.57,100.0,True
CAND_00206,Al25.88Mn23.61Mo29.52Nb20.99,4,25.88,0.0,0.0,0.0,0.0,23.61,29.52,20.99,0.0,0.0,0.0,0.0,99.99999999999999,True
CAND_00207,Co33.77Cr25.47Nb12.97Ti8.03V19.76,5,0.0,33.77,25.47,0.0,0.0,0.0,0.0,12.97,0.0,8.03,19.76,0.0,100.00000000000001,True
CAND_00208,Co28.66Fe18.08Nb10.19Ni12.50V30.57,5,0.0,28.66,0.0,0.0,18.08,0.0,0.0,10.19,12.5,0.0,30.57,0.0,100.0,True
CAND_00209,Fe31.95Mo9.24Nb39.47W19.34,4,0.0,0.0,0.0,0.0,31.95,0.0,9.24,39.47,0.0,0.0,0.0,19.34,100.0,True
CAND_00210,Fe17.12Mo12.53Nb23.33V24.37W22.65,5,0.0,0.0,0.0,0.0,17.12,0.0,12.53,23.33,0.0,0.0,24.37,22.65,100.0,True
CAND_00211,Cu15.07Fe12.02Mo6.35Nb17.14Ni33.60Ti15.82,6,0.0,0.0,0.0,15.07,12.02,0.0,6.35,17.14,33.6,15.82,0.0,0.0,100.0,True
CAND_00212,Co40.35Mn6.11Nb44.62Ni8.92,4,0.0,40.35,0.0,0.0,0.0,6.11,0.0,44.62,8.92,0.0,0.0,0.0,100.0,True
CAND_00213,Al34.41Cr15.80Cu10.43Nb12.29Ni19.86V7.21,6,34.41,0.0,15.8,10.43,0.0,0.0,0.0,12.29,19.86,0.0,7.21,0.0,99.99999999999999,True
CAND_00214,Co6.13Cr12.98Mo17.85Ni17.86V17.58W27.60,6,0.0,6.13,12.98,0.0,0.0,0.0,17.85,0.0,17.86,0.0,17.58,27.6,100.0,True
CAND_00215,Al16.89Fe36.86Mn8.51Mo37.74,4,16.89,0.0,0.0,0.0,36.86,8.51,37.74,0.0,0.0,0.0,0.0,0.0,100.0,True
CAND_00216,Al32.02Co34.63Mo10.09Nb23.26,4,32.02,34.63,0.0,0.0,0.0,0.0,10.09,23.26,0.0,0.0,0.0,0.0,100.00000000000001,True
CAND_00217,Co23.42Fe13.50Ni17.26V32.52W13.30,5,0.0,23.42,0.0,0.0,13.5,0.0,0.0,0.0,17.26,0.0,32.52,13.3,100.00000000000001,True
CAND_00218,Al22.94Co33.82Mo16.85Ti18.68V7.71,5,22.94,33.82,0.0,0.0,0.0,0.0,16.85,0.0,0.0,18.68,7.71,0.0,100.00000000000001,True
CAND_00219,Cr9.61Mo37.14Nb25.33V20.58W7.34,5,0.0,0.0,9.61,0.0,0.0,0.0,37.14,25.33,0.0,0.0,20.58,7.34,100.0,True
CAND_00220,Mn27.80Ti28.36V8.26W35.58,4,0.0,0.0,0.0,0.0,0.0,27.8,0.0,0.0,0.0,28.36,8.26,35.58,100.0,True
CAND_00221,Co13.62Cr30.06Cu32.77Nb9.73V13.82,5,0.0,13.62,30.06,32.77,0.0,0.0,0.0,9.73,0.0,0.0,13.82,0.0,100.0,True
CAND_00222,Co13.44Cu43.42Fe7.88Mo17.53V17.73,5,0.0,13.44,0.0,43.42,7.88,0.0,17.53,0.0,0.0,0.0,17.73,0.0,100.0,True
CAND_00223,Co44.26Mo16.49Ti27.97V11.28,4,0.0,44.26,0.0,0.0,0.0,0.0,16.49,0.0,0.0,27.97,11.28,0.0,100.0,True
CAND_00224,Co27.34Nb20.25Ti16.40V36.01,4,0.0,27.34,0.0,0.0,0.0,0.0,0.0,20.25,0.0,16.4,36.01,0.0,100.0,True
CAND_00225,Al13.93Cu17.64Fe19.11Mn16.96Nb22.12W10.24,6,13.93,0.0,0.0,17.64,19.11,16.96,0.0,22.12,0.0,0.0,0.0,10.24,100.0,True
CAND_00226,Al10.04Cr11.98Mo27.33Ti16.47V20.83W13.35,6,10.04,0.0,11.98,0.0,0.0,0.0,27.33,0.0,0.0,16.47,20.83,13.35,99.99999999999999,True
CAND_00227,Al21.56Mn18.67Mo34.06Ni9.35V16.36,5,21.56,0.0,0.0,0.0,0.0,18.67,34.06,0.0,9.35,0.0,16.36,0.0,100.0,True
CAND_00228,Al27.55Co13.33Cr11.96Cu26.88Nb9.81Ti10.47,6,27.55,13.33,11.96,26.88,0.0,0.0,0.0,9.81,0.0,10.47,0.0,0.0,100.0,True
CAND_00229,Al11.19Cr16.13Mn12.17Ni35.95V24.56,5,11.19,0.0,16.13,0.0,0.0,12.17,0.0,0.0,35.95,0.0,24.56,0.0,100.0,True
CAND_00230,Mn19.56Mo22.10Nb40.48V7.45W10.41,5,0.0,0.0,0.0,0.0,0.0,19.56,22.1,40.48,0.0,0.0,7.45,10.41,99.99999999999999,True
CAND_00231,Al17.68Co22.81Cr28.31Cu20.74W10.46,5,17.68,22.81,28.31,20.74,0.0,0.0,0.0,0.0,0.0,0.0,0.0,10.46,100.0,True
CAND_00232,Al16.19Fe33.35Mn43.11V7.35,4,16.19,0.0,0.0,0.0,33.35,43.11,0.0,0.0,0.0,0.0,7.35,0.0,100.0,True
CAND_00233,Al32.86Fe38.12Mn15.49Mo13.53,4,32.86,0.0,0.0,0.0,38.12,15.49,13.53,0.0,0.0,0.0,0.0,0.0,99.99999999999999,True
CAND_00234,Al28.83Cr27.96Cu11.01Nb14.59Ti7.97V9.64,6,28.83,0.0,27.96,11.01,0.0,0.0,0.0,14.59,0.0,7.97,9.64,0.0,100.0,True
CAND_00235,Al7.64Fe7.57Mn21.42Mo12.42Ti19.89V31.06,6,7.64,0.0,0.0,0.0,7.57,21.42,12.42,0.0,0.0,19.89,31.06,0.0,100.0,True
CAND_00236,Al11.20Co20.93Cr12.55Mo17.27Ti27.63V10.42,6,11.2,20.93,12.55,0.0,0.0,0.0,17.27,0.0,0.0,27.63,10.42,0.0,99.99999999999999,True
CAND_00237,Al33.73Co13.64Cu9.13Mn25.88Mo8.02Ti9.60,6,33.73,13.64,0.0,9.13,0.0,25.88,8.02,0.0,0.0,9.6,0.0,0.0,99.99999999999999,True
CAND_00238,Al26.90Mo17.14Ni8.27Ti14.96W32.73,5,26.9,0.0,0.0,0.0,0.0,0.0,17.14,0.0,8.27,14.96,0.0,32.73,100.0,True
CAND_00239,Al35.84Fe27.26Mn21.58Mo15.32,4,35.84,0.0,0.0,0.0,27.26,21.58,15.32,0.0,0.0,0.0,0.0,0.0,100.0,True
CAND_00240,Mo41.99Ni12.79Ti19.96W25.26,4,0.0,0.0,0.0,0.0,0.0,0.0,41.99,0.0,12.79,19.96,0.0,25.26,100.00000000000001,True
CAND_00241,Co7.79Cr12.82Cu9.69Fe36.46Ti33.24,5,0.0,7.79,12.82,9.69,36.46,0.0,0.0,0.0,0.0,33.24,0.0,0.0,100.0,True
CAND_00242,Cr20.01Cu24.55Fe27.40Ni28.04,4,0.0,0.0,20.01,24.55,27.4,0.0,0.0,0.0,28.04,0.0,0.0,0.0,100.0,True
CAND_00243,Cr14.41Cu17.96Mn23.42Ni19.26Ti13.39V11.56,6,0.0,0.0,14.41,17.96,0.0,23.42,0.0,0.0,19.26,13.39,11.56,0.0,100.00000000000001,True
CAND_00244,Al5.26Cr34.32Mn16.41Mo9.61Ni24.45V9.95,6,5.26,0.0,34.32,0.0,0.0,16.41,9.61,0.0,24.45,0.0,9.95,0.0,100.0,True
CAND_00245,Al30.22Fe8.74Ni43.36Ti10.94V6.74,5,30.22,0.0,0.0,0.0,8.74,0.0,0.0,0.0,43.36,10.94,6.74,0.0,99.99999999999999,True
CAND_00246,Al35.55Co6.22Ti11.51V30.26W16.46,5,35.55,6.22,0.0,0.0,0.0,0.0,0.0,0.0,0.0,11.51,30.26,16.46,100.0,True
CAND_00247,Co6.62Cr23.12Cu9.62Fe9.80Ti24.17V26.67,6,0.0,6.62,23.12,9.62,9.8,0.0,0.0,0.0,0.0,24.17,26.67,0.0,100.0,True
CAND_00248,Co15.29Cu9.21Nb36.66V33.41W5.43,5,0.0,15.29,0.0,9.21,0.0,0.0,0.0,36.66,0.0,0.0,33.41,5.43,100.0,True
CAND_00249,Cr31.87Mn6.59Mo9.29Nb10.25Ni10.38V31.62,6,0.0,0.0,31.87,0.0,0.0,6.59,9.29,10.25,10.38,0.0,31.62,0.0,100.0,True
CAND_00250,Al44.29Fe6.85Mn21.71Ni27.15,4,44.29,0.0,0.0,0.0,6.85,21.71,0.0,0.0,27.15,0.0,0.0,0.0,100.0,True
CAND_00251,Al21.78Cu9.51Fe14.10Ni18.58Ti11.85W24.18,6,21.78,0.0,0.0,9.51,14.1,0.0,0.0,0.0,18.58,11.85,0.0,24.18,100.0,True
CAND_00252,Al24.03Cr9.68Mo10.76Nb23.55Ti14.21V17.77,6,24.03,0.0,9.68,0.0,0.0,0.0,10.76,23.55,0.0,14.21,17.77,0.0,99.99999999999999,True
CAND_00253,Cu7.84Fe10.24Mn27.39Nb12.54Ni24.75V17.24,6,0.0,0.0,0.0,7.84,10.24,27.39,0.0,12.54,24.75,0.0,17.24,0.0,99.99999999999999,True
CAND_00254,Cu25.35Mn18.48Ni44.04V12.13,4,0.0,0.0,0.0,25.35,0.0,18.48,0.0,0.0,44.04,0.0,12.13,0.0,100.0,True
CAND_00255,Mn12.70Nb22.57Ni28.97Ti25.83W9.93,5,0.0,0.0,0.0,0.0,0.0,12.7,0.0,22.57,28.97,25.83,0.0,9.93,100.0,True
CAND_00256,Co26.95Cu10.10Fe12.22Mo7.18Nb9.89Ti33.66,6,0.0,26.95,0.0,10.1,12.22,0.0,7.18,9.89,0.0,33.66,0.0,0.0,100.0,True
CAND_00257,Al32.96Co30.70Cu12.31W24.03,4,32.96,30.7,0.0,12.31,0.0,0.0,0.0,0.0,0.0,0.0,0.0,24.03,100.0,True
CAND_00258,Al22.56Cr11.32Cu23.56Mo6.47Ti22.19V13.90,6,22.56,0.0,11.32,23.56,0.0,0.0,6.47,0.0,0.0,22.19,13.9,0.0,100.0,True
CAND_00259,Cr21.86Fe34.32Mn12.31Nb6.73Ti16.05W8.73,6,0.0,0.0,21.86,0.0,34.32,12.31,0.0,6.73,0.0,16.05,0.0,8.73,100.0,True
CAND_00260,Co5.28Cr36.67Mn13.50V31.35W13.20,5,0.0,5.28,36.67,0.0,0.0,13.5,0.0,0.0,0.0,0.0,31.35,13.2,100.00000000000001,True
CAND_00261,Al19.07Co35.10Cu13.29Mn6.11Ni26.43,5,19.07,35.1,0.0,13.29,0.0,6.11,0.0,0.0,26.43,0.0,0.0,0.0,100.0,True
CAND_00262,Al18.13Cu23.69Fe27.00Ti15.47V15.71,5,18.13,0.0,0.0,23.69,27.0,0.0,0.0,0.0,0.0,15.47,15.71,0.0,100.0,True
CAND_00263,Al12.68Cu29.66Mo24.01W33.65,4,12.68,0.0,0.0,29.66,0.0,0.0,24.01,0.0,0.0,0.0,0.0,33.65,100.0,True
CAND_00264,Al11.79Cu21.16Fe16.16Mn7.53Ti11.78V31.58,6,11.79,0.0,0.0,21.16,16.16,7.53,0.0,0.0,0.0,11.78,31.58,0.0,100.0,True
CAND_00265,Al9.80Cu27.04Fe26.01Ni21.23W15.92,5,9.8,0.0,0.0,27.04,26.01,0.0,0.0,0.0,21.23,0.0,0.0,15.92,100.00000000000001,True
CAND_00266,Fe10.45Mn6.18Nb36.85V17.69W28.83,5,0.0,0.0,0.0,0.0,10.45,6.18,0.0,36.85,0.0,0.0,17.69,28.83,100.0,True
CAND_00267,Al28.33Cr8.01Fe44.01W19.65,4,28.33,0.0,8.01,0.0,44.01,0.0,0.0,0.0,0.0,0.0,0.0,19.65,100.0,True
CAND_00268,Co30.31Fe11.32Mn21.91Mo6.21Ni13.19Ti17.06,6,0.0,30.31,0.0,0.0,11.32,21.91,6.21,0.0,13.19,17.06,0.0,0.0,99.99999999999999,True
CAND_00269,Al21.51Mo16.03Nb43.85V18.61,4,21.51,0.0,0.0,0.0,0.0,0.0,16.03,43.85,0.0,0.0,18.61,0.0,100.00000000000001,True
CAND_00270,Al13.98Cu16.01Fe22.70Ti31.27W16.04,5,13.98,0.0,0.0,16.01,22.7,0.0,0.0,0.0,0.0,31.27,0.0,16.04,100.0,True
CAND_00271,Cu17.08Mn9.43Mo24.52Nb33.09V15.88,5,0.0,0.0,0.0,17.08,0.0,9.43,24.52,33.09,0.0,0.0,15.88,0.0,100.0,True
CAND_00272,Al14.02Co19.86Cu13.05Fe41.94Mo11.13,5,14.02,19.86,0.0,13.05,41.94,0.0,11.13,0.0,0.0,0.0,0.0,0.0,99.99999999999999,True
CAND_00273,Al21.45Mn29.60Nb40.21Ti8.74,4,21.45,0.0,0.0,0.0,0.0,29.6,0.0,40.21,0.0,8.74,0.0,0.0,99.99999999999999,True
CAND_00274,Al29.57Cr10.71Nb24.26V35.46,4,29.57,0.0,10.71,0.0,0.0,0.0,0.0,24.26,0.0,0.0,35.46,0.0,100.0,True
CAND_00275,Cr12.45Mn36.11Nb8.61Ni20.98Ti21.85,5,0.0,0.0,12.45,0.0,0.0,36.11,0.0,8.61,20.98,21.85,0.0,0.0,100.0,True
CAND_00276,Cr11.93Mo40.23V16.74W31.10,4,0.0,0.0,11.93,0.0,0.0,0.0,40.23,0.0,0.0,0.0,16.74,31.1,100.0,True
CAND_00277,Co27.17Mn24.49Nb39.10Ni9.24,4,0.0,27.17,0.0,0.0,0.0,24.49,0.0,39.1,9.24,0.0,0.0,0.0,99.99999999999999,True
CAND_00278,Co24.76Fe5.80Mn44.83Ni24.61,4,0.0,24.76,0.0,0.0,5.8,44.83,0.0,0.0,24.61,0.0,0.0,0.0,100.0,True
CAND_00279,Al20.32Cr5.97Fe7.28Mo39.95Ti6.80V19.68,6,20.32,0.0,5.97,0.0,7.28,0.0,39.95,0.0,0.0,6.8,19.68,0.0,100.0,True
CAND_00280,Cr6.48Nb24.43Ni39.69W29.40,4,0.0,0.0,6.48,0.0,0.0,0.0,0.0,24.43,39.69,0.0,0.0,29.4,100.0,True
CAND_00281,Cu34.33Fe25.76Ti10.63V29.28,4,0.0,0.0,0.0,34.33,25.76,0.0,0.0,0.0,0.0,10.63,29.28,0.0,100.0,True
CAND_00282,Al38.32Cu13.70Fe16.79Ni31.19,4,38.32,0.0,0.0,13.7,16.79,0.0,0.0,0.0,31.19,0.0,0.0,0.0,100.0,True
CAND_00283,Co24.37Cr18.80Fe17.66Nb32.07Ni7.10,5,0.0,24.37,18.8,0.0,17.66,0.0,0.0,32.07,7.1,0.0,0.0,0.0,100.0,True
CAND_00284,Al20.37Co8.70Cr14.48Fe16.43Ni15.28V24.74,6,20.37,8.7,14.48,0.0,16.43,0.0,0.0,0.0,15.28,0.0,24.74,0.0,99.99999999999999,True
CAND_00285,Co10.01Cu32.75Mn10.45Nb20.39Ti26.40,5,0.0,10.01,0.0,32.75,0.0,10.45,0.0,20.39,0.0,26.4,0.0,0.0,100.0,True
CAND_00286,Al34.06Cu7.99Fe20.25Mn31.85Ti5.85,5,34.06,0.0,0.0,7.99,20.25,31.85,0.0,0.0,0.0,5.85,0.0,0.0,100.0,True
CAND_00287,Al23.58Cu13.99Fe33.97Mn12.74W15.72,5,23.58,0.0,0.0,13.99,33.97,12.74,0.0,0.0,0.0,0.0,0.0,15.72,99.99999999999999,True
CAND_00288,Al36.73Cr7.80Cu40.85W14.62,4,36.73,0.0,7.8,40.85,0.0,0.0,0.0,0.0,0.0,0.0,0.0,14.62,100.0,True
CAND_00289,Cr34.76Cu5.50Mo20.98Nb20.61Ti10.95V7.20,6,0.0,0.0,34.76,5.5,0.0,0.0,20.98,20.61,0.0,10.95,7.2,0.0,100.0,True
CAND_00290,Cu20.81Mn21.75Nb19.70W37.74,4,0.0,0.0,0.0,20.81,0.0,21.75,0.0,19.7,0.0,0.0,0.0,37.74,100.0,True
CAND_00291,Fe14.95Mn12.66Mo8.26Nb6.84Ni39.43W17.86,6,0.0,0.0,0.0,0.0,14.95,12.66,8.26,6.84,39.43,0.0,0.0,17.86,99.99999999999999,True
CAND_00292,Co39.81Fe32.13Nb11.96Ni6.55Ti9.55,5,0.0,39.81,0.0,0.0,32.13,0.0,0.0,11.96,6.55,9.55,0.0,0.0,100.0,True
CAND_00293,Al26.84Fe21.53Mn41.34Ti10.29,4,26.84,0.0,0.0,0.0,21.53,41.34,0.0,0.0,0.0,10.29,0.0,0.0,100.0,True
CAND_00294,Al5.97Cu19.06Ni40.63Ti19.50V14.84,5,5.97,0.0,0.0,19.06,0.0,0.0,0.0,0.0,40.63,19.5,14.84,0.0,100.0,True
CAND_00295,Fe31.42Mo28.58Nb8.71Ni31.29,4,0.0,0.0,0.0,0.0,31.42,0.0,28.58,8.71,31.29,0.0,0.0,0.0,100.0,True
CAND_00296,Al13.51Co13.13Cr12.09Cu12.16Fe21.02Mo28.09,6,13.51,13.13,12.09,12.16,21.02,0.0,28.09,0.0,0.0,0.0,0.0,0.0,100.0,True
CAND_00297,Co35.61Fe25.85Ti15.78V10.90W11.86,5,0.0,35.61,0.0,0.0,25.85,0.0,0.0,0.0,0.0,15.78,10.9,11.86,100.0,True
CAND_00298,Cr28.20Mn18.09Mo8.91Ni25.07W19.73,5,0.0,0.0,28.2,0.0,0.0,18.09,8.91,0.0,25.07,0.0,0.0,19.73,100.00000000000001,True
CAND_00299,Cr37.11Mn21.28Nb6.16V35.45,4,0.0,0.0,37.11,0.0,0.0,21.28,0.0,6.16,0.0,0.0,35.45,0.0,100.0,True
CAND_00300,Cu21.52Fe25.06Nb11.18Ti22.41V19.83,5,0.0,0.0,0.0,21.52,25.06,0.0,0.0,11.18,0.0,22.41,19.83,0.0,100.0,True
CAND_00301,Al30.18Cu36.18Mn7.22Ni11.10V15.32,5,30.18,0.0,0.0,36.18,0.0,7.22,0.0,0.0,11.1,0.0,15.32,0.0,100.0,True
CAND_00302,Al18.04Co21.61Cr22.60Mo12.27Ti19.69V5.79,6,18.04,21.61,22.6,0.0,0.0,0.0,12.27,0.0,0.0,19.69,5.79,0.0,100.0,True
CAND_00303,Al38.27Cr12.16Cu13.48Mo6.96Nb15.98Ni13.15,6,38.27,0.0,12.16,13.48,0.0,0.0,6.96,15.98,13.15,0.0,0.0,0.0,100.00000000000001,True
CAND_00304,Al36.32Co34.95Cr5.74Cu22.99,4,36.32,34.95,5.74,22.99,0.0,0.0,0.0,0.0,0.0,0.0,0.0,0.0,100.0,True
CAND_00305,Cu22.35Fe39.82Mo5.07Nb23.03V9.73,5,0.0,0.0,0.0,22.35,39.82,0.0,5.07,23.03,0.0,0.0,9.73,0.0,100.00000000000001,True
CAND_00306,Cu25.52Fe20.09Mn18.40Nb12.47V23.52,5,0.0,0.0,0.0,25.52,20.09,18.4,0.0,12.47,0.0,0.0,23.52,0.0,99.99999999999999,True
CAND_00307,Co16.14Cu31.00Fe11.20Mo41.66,4,0.0,16.14,0.0,31.0,11.2,0.0,41.66,0.0,0.0,0.0,0.0,0.0,100.0,True
CAND_00308,Al23.99Co29.86Cu5.31Mo9.65Ni31.19,5,23.99,29.86,0.0,5.31,0.0,0.0,9.65,0.0,31.19,0.0,0.0,0.0,100.0,True
CAND_00309,Al8.77Co7.78Cr26.94Nb10.46Ti26.27V19.78,6,8.77,7.78,26.94,0.0,0.0,0.0,0.0,10.46,0.0,26.27,19.78,0.0,100.0,True
CAND_00310,Fe26.87Mo22.38Nb17.87Ni12.55Ti20.33,5,0.0,0.0,0.0,0.0,26.87,0.0,22.38,17.87,12.55,20.33,0.0,0.0,100.0,True
CAND_00311,Al21.35Cu11.26Mn6.91Mo40.11Ni10.94Ti9.43,6,21.35,0.0,0.0,11.26,0.0,6.91,40.11,0.0,10.94,9.43,0.0,0.0,100.0,True
CAND_00312,Al18.18Cr25.34Fe17.17Mo14.67Nb12.11Ni12.53,6,18.18,0.0,25.34,0.0,17.17,0.0,14.67,12.11,12.53,0.0,0.0,0.0,100.0,True
CAND_00313,Al16.87Cr38.65Cu6.63Mn18.66Mo19.19,5,16.87,0.0,38.65,6.63,0.0,18.66,19.19,0.0,0.0,0.0,0.0,0.0,100.0,True
CAND_00314,Cr7.37Fe29.37Mo17.40Nb12.33Ni7.12Ti26.41,6,0.0,0.0,7.37,0.0,29.37,0.0,17.4,12.33,7.12,26.41,0.0,0.0,100.0,True
CAND_00315,Cr18.21Cu11.64Mn9.54Mo20.08Ni33.70V6.83,6,0.0,0.0,18.21,11.64,0.0,9.54,20.08,0.0,33.7,0.0,6.83,0.0,100.0,True
CAND_00316,Co16.44Mn16.52Ti36.36W30.68,4,0.0,16.44,0.0,0.0,0.0,16.52,0.0,0.0,0.0,36.36,0.0,30.68,100.0,True
CAND_00317,Al32.42Mn25.82Ni20.98Ti12.90W7.88,5,32.42,0.0,0.0,0.0,0.0,25.82,0.0,0.0,20.98,12.9,0.0,7.88,100.0,True
CAND_00318,Cu7.61Mn36.17Nb33.49Ni16.99V5.74,5,0.0,0.0,0.0,7.61,0.0,36.17,0.0,33.49,16.99,0.0,5.74,0.0,100.0,True
CAND_00319,Co13.49Cu38.02Mn24.13Nb24.36,4,0.0,13.49,0.0,38.02,0.0,24.13,0.0,24.36,0.0,0.0,0.0,0.0,100.0,True
CAND_00320,Al25.54Co30.66Cr6.85Fe36.95,4,25.54,30.66,6.85,0.0,36.95,0.0,0.0,0.0,0.0,0.0,0.0,0.0,100.0,True
CAND_00321,Co10.49Cr17.67Nb18.76Ti10.19W42.89,5,0.0,10.49,17.67,0.0,0.0,0.0,0.0,18.76,0.0,10.19,0.0,42.89,100.0,True
CAND_00322,Al5.82Co31.87Cr31.76Mo13.48W17.07,5,5.82,31.87,31.76,0.0,0.0,0.0,13.48,0.0,0.0,0.0,0.0,17.07,100.0,True
CAND_00323,Cr16.56Cu16.71Mo8.65Ti16.72W41.36,5,0.0,0.0,16.56,16.71,0.0,0.0,8.65,0.0,0.0,16.72,0.0,41.36,100.0,True
CAND_00324,Al19.43Cr6.96Cu11.37Fe15.69Nb25.39Ti21.16,6,19.43,0.0,6.96,11.37,15.69,0.0,0.0,25.39,0.0,21.16,0.0,0.0,100.0,True
CAND_00325,Fe36.08Mn31.52Nb24.25Ti8.15,4,0.0,0.0,0.0,0.0,36.08,31.52,0.0,24.25,0.0,8.15,0.0,0.0,100.0,True
CAND_00326,Cr29.38Mo7.74Ni13.64Ti36.59W12.65,5,0.0,0.0,29.38,0.0,0.0,0.0,7.74,0.0,13.64,36.59,0.0,12.65,100.0,True
CAND_00327,Al33.45Co9.53Cr17.70Mo39.32,4,33.45,9.53,17.7,0.0,0.0,0.0,39.32,0.0,0.0,0.0,0.0,0.0,100.0,True
CAND_00328,Cu37.74Fe10.04Mn7.53Mo7.05Nb16.55V21.09,6,0.0,0.0,0.0,37.74,10.04,7.53,7.05,16.55,0.0,0.0,21.09,0.0,100.0,True
CAND_00329,Fe20.51Nb40.70Ti28.43V10.36,4,0.0,0.0,0.0,0.0,20.51,0.0,0.0,40.7,0.0,28.43,10.36,0.0,100.00000000000001,True
CAND_00330,Al12.27Co8.32Cr24.84Fe31.05Mn14.38W9.14,6,12.27,8.32,24.84,0.0,31.05,14.38,0.0,0.0,0.0,0.0,0.0,9.14,100.0,True
CAND_00331,Co19.30Fe40.89Mn14.13Ni25.68,4,0.0,19.3,0.0,0.0,40.89,14.13,0.0,0.0,25.68,0.0,0.0,0.0,100.0,True
CAND_00332,Co37.22Cr9.30Mn14.62Mo11.52W27.34,5,0.0,37.22,9.3,0.0,0.0,14.62,11.52,0.0,0.0,0.0,0.0,27.34,100.0,True
CAND_00333,Co17.53Cu27.26Mn15.31Nb8.44Ti21.71V9.75,6,0.0,17.53,0.0,27.26,0.0,15.31,0.0,8.44,0.0,21.71,9.75,0.0,100.0,True
CAND_00334,Cu35.91Mo34.38Ti21.95W7.76,4,0.0,0.0,0.0,35.91,0.0,0.0,34.38,0.0,0.0,21.95,0.0,7.76,100.0,True
CAND_00335,Al13.66Co36.19V31.31W18.84,4,13.66,36.19,0.0,0.0,0.0,0.0,0.0,0.0,0.0,0.0,31.31,18.84,100.0,True
CAND_00336,Al29.47Co23.03Mo32.65Ti14.85,4,29.47,23.03,0.0,0.0,0.0,0.0,32.65,0.0,0.0,14.85,0.0,0.0,100.0,True
CAND_00337,Mn33.44Mo18.82Nb9.97V18.38W19.39,5,0.0,0.0,0.0,0.0,0.0,33.44,18.82,9.97,0.0,0.0,18.38,19.39,100.0,True
CAND_00338,Al14.10Cr28.94Mn16.48Ni29.90Ti10.58,5,14.1,0.0,28.94,0.0,0.0,16.48,0.0,0.0,29.9,10.58,0.0,0.0,99.99999999999999,True
CAND_00339,Cr29.85Mn30.38Ti19.82V19.95,4,0.0,0.0,29.85,0.0,0.0,30.38,0.0,0.0,0.0,19.82,19.95,0.0,100.00000000000001,True
CAND_00340,Co15.63Cu30.77Mn29.36Mo17.51Nb6.73,5,0.0,15.63,0.0,30.77,0.0,29.36,17.51,6.73,0.0,0.0,0.0,0.0,100.0,True
CAND_00341,Cu10.23Mn13.40Ti23.17V18.21W34.99,5,0.0,0.0,0.0,10.23,0.0,13.4,0.0,0.0,0.0,23.17,18.21,34.99,100.0,True
CAND_00342,Cr35.13Mn14.04Nb33.09W17.74,4,0.0,0.0,35.13,0.0,0.0,14.04,0.0,33.09,0.0,0.0,0.0,17.74,100.0,True
CAND_00343,Al18.39Co25.84Mn6.64Ni12.84V36.29,5,18.39,25.84,0.0,0.0,0.0,6.64,0.0,0.0,12.84,0.0,36.29,0.0,100.0,True
CAND_00344,Al9.81Co16.10Cu11.03Mo23.57Nb28.77V10.72,6,9.81,16.1,0.0,11.03,0.0,0.0,23.57,28.77,0.0,0.0,10.72,0.0,100.0,True
CAND_00345,Al22.04Cr11.66Nb18.71Ti8.18W39.41,5,22.04,0.0,11.66,0.0,0.0,0.0,0.0,18.71,0.0,8.18,0.0,39.41,100.0,True
CAND_00346,Cr39.14Fe5.74Mn15.63Nb39.49,4,0.0,0.0,39.14,0.0,5.74,15.63,0.0,39.49,0.0,0.0,0.0,0.0,100.0,True
CAND_00347,Cu25.00Mn13.98Mo37.05Nb23.97,4,0.0,0.0,0.0,25.0,0.0,13.98,37.05,23.97,0.0,0.0,0.0,0.0,100.0,True
CAND_00348,Cr16.08Fe27.76Mn16.81Mo8.75Ti10.87V19.73,6,0.0,0.0,16.08,0.0,27.76,16.81,8.75,0.0,0.0,10.87,19.73,0.0,100.00000000000001,True
CAND_00349,Co9.88Mo11.90Nb24.90Ni27.47Ti16.12V9.73,6,0.0,9.88,0.0,0.0,0.0,0.0,11.9,24.9,27.47,16.12,9.73,0.0,100.00000000000001,True
CAND_00350,Co18.66Fe21.37Nb42.04V17.93,4,0.0,18.66,0.0,0.0,21.37,0.0,0.0,42.04,0.0,0.0,17.93,0.0,100.0,True
CAND_00351,Al12.51Cr24.92Mn8.32Mo20.29V24.23W9.73,6,12.51,0.0,24.92,0.0,0.0,8.32,20.29,0.0,0.0,0.0,24.23,9.73,100.0,True
CAND_00352,Al5.19Cr21.15Cu8.22Mo8.92Ni36.73W19.79,6,5.19,0.0,21.15,8.22,0.0,0.0,8.92,0.0,36.73,0.0,0.0,19.79,100.0,True
CAND_00353,Co21.59Cr17.68Fe7.77Mo21.23Nb23.19W8.54,6,0.0,21.59,17.68,0.0,7.77,0.0,21.23,23.19,0.0,0.0,0.0,8.54,100.0,True
CAND_00354,Cu29.27Fe25.50Nb17.02Ti13.36W14.85,5,0.0,0.0,0.0,29.27,25.5,0.0,0.0,17.02,0.0,13.36,0.0,14.85,99.99999999999999,True
CAND_00355,Co9.15Mn24.02Nb18.89Ni28.03Ti19.91,5,0.0,9.15,0.0,0.0,0.0,24.02,0.0,18.89,28.03,19.91,0.0,0.0,100.0,True
CAND_00356,Fe37.58Mo9.87Nb22.74Ni29.81,4,0.0,0.0,0.0,0.0,37.58,0.0,9.87,22.74,29.81,0.0,0.0,0.0,100.0,True
CAND_00357,Al19.22Cu12.32Mn13.96Mo26.18Ti28.32,5,19.22,0.0,0.0,12.32,0.0,13.96,26.18,0.0,0.0,28.32,0.0,0.0,100.0,True
CAND_00358,Al17.76Co20.08Fe24.83Ni31.40W5.93,5,17.76,20.08,0.0,0.0,24.83,0.0,0.0,0.0,31.4,0.0,0.0,5.93,100.0,True
CAND_00359,Cr16.81Mn35.98Mo24.94V16.60W5.67,5,0.0,0.0,16.81,0.0,0.0,35.98,24.94,0.0,0.0,0.0,16.6,5.67,99.99999999999999,True
CAND_00360,Al36.19Fe14.32Nb14.13W35.36,4,36.19,0.0,0.0,0.0,14.32,0.0,0.0,14.13,0.0,0.0,0.0,35.36,100.0,True
CAND_00361,Al12.33Cr26.16Ni32.02Ti18.22V11.27,5,12.33,0.0,26.16,0.0,0.0,0.0,0.0,0.0,32.02,18.22,11.27,0.0,100.0,True
CAND_00362,Co24.91Cr5.72Fe35.39Ni20.76V13.22,5,0.0,24.91,5.72,0.0,35.39,0.0,0.0,0.0,20.76,0.0,13.22,0.0,100.0,True
CAND_00363,Al12.84Cu15.81Mn8.90Mo32.15Ti17.57V12.73,6,12.84,0.0,0.0,15.81,0.0,8.9,32.15,0.0,0.0,17.57,12.73,0.0,99.99999999999999,True
CAND_00364,Al21.62Fe10.06Nb15.73Ti31.48W21.11,5,21.62,0.0,0.0,0.0,10.06,0.0,0.0,15.73,0.0,31.48,0.0,21.11,100.0,True
CAND_00365,Cr10.98Cu27.06Fe26.88Mn17.59Nb8.95Ti8.54,6,0.0,0.0,10.98,27.06,26.88,17.59,0.0,8.95,0.0,8.54,0.0,0.0,100.0,True
CAND_00366,Cr23.13Cu26.50Ti43.69W6.68,4,0.0,0.0,23.13,26.5,0.0,0.0,0.0,0.0,0.0,43.69,0.0,6.68,100.0,True
CAND_00367,Co7.48Mn17.20Mo11.01Nb11.74Ni29.95V22.62,6,0.0,7.48,0.0,0.0,0.0,17.2,11.01,11.74,29.95,0.0,22.62,0.0,100.0,True
CAND_00368,Cr7.67Nb35.14Ni30.83Ti26.36,4,0.0,0.0,7.67,0.0,0.0,0.0,0.0,35.14,30.83,26.36,0.0,0.0,100.0,True
CAND_00369,Fe8.18Mo8.46Ti42.65V19.51W21.20,5,0.0,0.0,0.0,0.0,8.18,0.0,8.46,0.0,0.0,42.65,19.51,21.2,100.0,True
CAND_00370,Mo11.93Nb8.35Ni18.12Ti10.46V31.43W19.71,6,0.0,0.0,0.0,0.0,0.0,0.0,11.93,8.35,18.12,10.46,31.43,19.71,100.0,True
CAND_00371,Mo42.58Ni15.97Ti9.27V32.18,4,0.0,0.0,0.0,0.0,0.0,0.0,42.58,0.0,15.97,9.27,32.18,0.0,100.0,True
CAND_00372,Cr19.38Cu21.92Mn39.19Nb19.51,4,0.0,0.0,19.38,21.92,0.0,39.19,0.0,19.51,0.0,0.0,0.0,0.0,100.0,True
CAND_00373,Cr35.42Fe8.37Mn11.89Ti35.99W8.33,5,0.0,0.0,35.42,0.0,8.37,11.89,0.0,0.0,0.0,35.99,0.0,8.33,100.0,True
CAND_00374,Cr11.40Cu11.07Nb25.53Ni13.23Ti16.43W22.34,6,0.0,0.0,11.4,11.07,0.0,0.0,0.0,25.53,13.23,16.43,0.0,22.34,100.0,True
CAND_00375,Mn23.63Mo20.38Nb20.10V22.74W13.15,5,0.0,0.0,0.0,0.0,0.0,23.63,20.38,20.1,0.0,0.0,22.74,13.15,100.0,True
CAND_00376,Al25.42Cr14.84Mo21.25Ti9.83W28.66,5,25.42,0.0,14.84,0.0,0.0,0.0,21.25,0.0,0.0,9.83,0.0,28.66,100.0,True
CAND_00377,Cr8.47Mo36.28Nb24.69Ti30.56,4,0.0,0.0,8.47,0.0,0.0,0.0,36.28,24.69,0.0,30.56,0.0,0.0,100.0,True
CAND_00378,Cr7.73Fe16.71Nb10.58Ti27.58V5.59W31.81,6,0.0,0.0,7.73,0.0,16.71,0.0,0.0,10.58,0.0,27.58,5.59,31.81,100.0,True
CAND_00379,Al21.70Co20.34Cr33.44Mo10.96Ni13.56,5,21.7,20.34,33.44,0.0,0.0,0.0,10.96,0.0,13.56,0.0,0.0,0.0,100.0,True
CAND_00380,Al9.81Mn43.54Nb23.06Ni7.69Ti15.90,5,9.81,0.0,0.0,0.0,0.0,43.54,0.0,23.06,7.69,15.9,0.0,0.0,100.0,True
CAND_00381,Al12.27Fe27.95Mo18.13Nb15.67W25.98,5,12.27,0.0,0.0,0.0,27.95,0.0,18.13,15.67,0.0,0.0,0.0,25.98,100.0,True
CAND_00382,Al17.64Co20.99Nb7.05Ni31.55V14.47W8.30,6,17.64,20.99,0.0,0.0,0.0,0.0,0.0,7.05,31.55,0.0,14.47,8.3,99.99999999999999,True
CAND_00383,Co24.90Mn8.26Mo34.13Nb21.65W11.06,5,0.0,24.9,0.0,0.0,0.0,8.26,34.13,21.65,0.0,0.0,0.0,11.06,100.0,True
CAND_00384,Co17.55Cu27.45Nb14.16Ni16.19Ti16.53V8.12,6,0.0,17.55,0.0,27.45,0.0,0.0,0.0,14.16,16.19,16.53,8.12,0.0,100.0,True
CAND_00385,Al40.25Cu12.10Mo41.04V6.61,4,40.25,0.0,0.0,12.1,0.0,0.0,41.04,0.0,0.0,0.0,6.61,0.0,100.0,True
CAND_00386,Co21.07Cr31.05Nb17.53Ni13.49W16.86,5,0.0,21.07,31.05,0.0,0.0,0.0,0.0,17.53,13.49,0.0,0.0,16.86,100.0,True
CAND_00387,Al19.02Co16.57Cu28.88Ni14.58W20.95,5,19.02,16.57,0.0,28.88,0.0,0.0,0.0,0.0,14.58,0.0,0.0,20.95,100.0,True
CAND_00388,Al31.36Co12.63Mn7.42Mo13.04V24.59W10.96,6,31.36,12.63,0.0,0.0,0.0,7.42,13.04,0.0,0.0,0.0,24.59,10.96,100.0,True
CAND_00389,Mn30.57Ni16.51Ti5.57V26.20W21.15,5,0.0,0.0,0.0,0.0,0.0,30.57,0.0,0.0,16.51,5.57,26.2,21.15,100.0,True
CAND_00390,Cu28.93Mn36.42Mo13.78Ni20.87,4,0.0,0.0,0.0,28.93,0.0,36.42,13.78,0.0,20.87,0.0,0.0,0.0,100.0,True
CAND_00391,Al15.57Co17.29Cr13.52Ni32.48Ti21.14,5,15.57,17.29,13.52,0.0,0.0,0.0,0.0,0.0,32.48,21.14,0.0,0.0,99.99999999999999,True
CAND_00392,Al12.64Cr22.70Fe21.83Ni25.20Ti8.75V8.88,6,12.64,0.0,22.7,0.0,21.83,0.0,0.0,0.0,25.2,8.75,8.88,0.0,100.0,True
CAND_00393,Fe6.73Mn27.06Ni21.49Ti25.65V19.07,5,0.0,0.0,0.0,0.0,6.73,27.06,0.0,0.0,21.49,25.65,19.07,0.0,100.0,True
CAND_00394,Co38.45Cr5.98Fe29.19Mn10.22Mo16.16,5,0.0,38.45,5.98,0.0,29.19,10.22,16.16,0.0,0.0,0.0,0.0,0.0,100.0,True
CAND_00395,Al39.57Co21.44Cr16.53Cu10.04Fe12.42,5,39.57,21.44,16.53,10.04,12.42,0.0,0.0,0.0,0.0,0.0,0.0,0.0,100.00000000000001,True
CAND_00396,Co17.08Cu6.45Fe16.66Mo20.18Ti19.01V20.62,6,0.0,17.08,0.0,6.45,16.66,0.0,20.18,0.0,0.0,19.01,20.62,0.0,100.0,True
CAND_00397,Al43.55Ni23.29Ti19.65W13.51,4,43.55,0.0,0.0,0.0,0.0,0.0,0.0,0.0,23.29,19.65,0.0,13.51,100.00000000000001,True
CAND_00398,Co16.39Mo15.87Ti40.23W27.51,4,0.0,16.39,0.0,0.0,0.0,0.0,15.87,0.0,0.0,40.23,0.0,27.51,100.0,True
CAND_00399,Al30.66Co8.01Cr9.04Nb10.71Ti27.08W14.50,6,30.66,8.01,9.04,0.0,0.0,0.0,0.0,10.71,0.0,27.08,0.0,14.5,100.0,True
CAND_00400,Co33.86Cr33.40Ni20.75Ti11.99,4,0.0,33.86,33.4,0.0,0.0,0.0,0.0,0.0,20.75,11.99,0.0,0.0,99.99999999999999,True
CAND_00401,Co43.19Mn18.60Nb13.22Ti13.14V11.85,5,0.0,43.19,0.0,0.0,0.0,18.6,0.0,13.22,0.0,13.14,11.85,0.0,100.0,True
CAND_00402,Co22.06Fe7.81Ni44.15V18.74W7.24,5,0.0,22.06,0.0,0.0,7.81,0.0,0.0,0.0,44.15,0.0,18.74,7.24,99.99999999999999,True
CAND_00403,Co18.87Cr8.41Cu25.90Mn15.35Mo12.12Nb19.35,6,0.0,18.87,8.41,25.9,0.0,15.35,12.12,19.35,0.0,0.0,0.0,0.0,100.0,True
CAND_00404,Co14.69Cu9.49Mo29.70Nb29.85Ni16.27,5,0.0,14.69,0.0,9.49,0.0,0.0,29.7,29.85,16.27,0.0,0.0,0.0,99.99999999999999,True
CAND_00405,Co24.15Cu15.22Mn38.23Nb22.40,4,0.0,24.15,0.0,15.22,0.0,38.23,0.0,22.4,0.0,0.0,0.0,0.0,100.0,True
CAND_00406,Cr24.19Cu34.80Mo27.55Nb13.46,4,0.0,0.0,24.19,34.8,0.0,0.0,27.55,13.46,0.0,0.0,0.0,0.0,100.0,True
CAND_00407,Cr18.35Cu21.06Mn29.74Mo19.64Ni11.21,5,0.0,0.0,18.35,21.06,0.0,29.74,19.64,0.0,11.21,0.0,0.0,0.0,100.0,True
CAND_00408,Al6.04Co8.54Cu19.55Nb35.55Ni15.97V14.35,6,6.04,8.54,0.0,19.55,0.0,0.0,0.0,35.55,15.97,0.0,14.35,0.0,99.99999999999999,True
CAND_00409,Fe31.29Nb25.99Ti17.36W25.36,4,0.0,0.0,0.0,0.0,31.29,0.0,0.0,25.99,0.0,17.36,0.0,25.36,100.0,True
CAND_00410,Cu23.26Fe25.09Ni32.64V19.01,4,0.0,0.0,0.0,23.26,25.09,0.0,0.0,0.0,32.64,0.0,19.01,0.0,100.00000000000001,True
CAND_00411,Cu10.88Fe26.81Mo17.35Nb9.08Ti18.98V16.90,6,0.0,0.0,0.0,10.88,26.81,0.0,17.35,9.08,0.0,18.98,16.9,0.0,100.0,True
CAND_00412,Fe29.85Mo38.29Nb10.08W21.78,4,0.0,0.0,0.0,0.0,29.85,0.0,38.29,10.08,0.0,0.0,0.0,21.78,100.0,True
CAND_00413,Co5.09Cr12.03Cu27.12Fe5.41Mn35.56Ni14.79,6,0.0,5.09,12.03,27.12,5.41,35.56,0.0,0.0,14.79,0.0,0.0,0.0,100.0,True
CAND_00414,Fe9.12Mn39.07Nb39.00V7.02W5.79,5,0.0,0.0,0.0,0.0,9.12,39.07,0.0,39.0,0.0,0.0,7.02,5.79,100.0,True
CAND_00415,Mn31.36Mo12.95Nb7.10Ti32.10W16.49,5,0.0,0.0,0.0,0.0,0.0,31.36,12.95,7.1,0.0,32.1,0.0,16.49,100.0,True
CAND_00416,Cu33.15Mn19.36Mo16.72Ni16.66Ti14.11,5,0.0,0.0,0.0,33.15,0.0,19.36,16.72,0.0,16.66,14.11,0.0,0.0,99.99999999999999,True
CAND_00417,Co21.14Cr32.24Cu5.25Ni15.86V25.51,5,0.0,21.14,32.24,5.25,0.0,0.0,0.0,0.0,15.86,0.0,25.51,0.0,100.00000000000001,True
CAND_00418,Al6.99Co31.94Cu34.58Ti19.51W6.98,5,6.99,31.94,0.0,34.58,0.0,0.0,0.0,0.0,0.0,19.51,0.0,6.98,100.0,True
CAND_00419,Al13.40Mn18.62Mo25.21Ni15.59Ti15.48W11.70,6,13.4,0.0,0.0,0.0,0.0,18.62,25.21,0.0,15.59,15.48,0.0,11.7,100.00000000000001,True
CAND_00420,Al18.74Cu10.59Fe17.53Mn30.68Nb9.98Ni12.48,6,18.74,0.0,0.0,10.59,17.53,30.68,0.0,9.98,12.48,0.0,0.0,0.0,100.0,True
CAND_00421,Mn10.64Nb39.13Ti22.39V27.84,4,0.0,0.0,0.0,0.0,0.0,10.64,0.0,39.13,0.0,22.39,27.84,0.0,100.0,True
CAND_00422,Co27.39Cu16.43Mo11.29Ni24.89V6.96W13.04,6,0.0,27.39,0.0,16.43,0.0,0.0,11.29,0.0,24.89,0.0,6.96,13.04,100.0,True
CAND_00423,Cu25.07Nb19.09Ni16.40V39.44,4,0.0,0.0,0.0,25.07,0.0,0.0,0.0,19.09,16.4,0.0,39.44,0.0,100.0,True
CAND_00424,Co31.38Fe30.63V23.54W14.45,4,0.0,31.38,0.0,0.0,30.63,0.0,0.0,0.0,0.0,0.0,23.54,14.45,100.0,True
CAND_00425,Al17.07Co16.90Cr18.22Fe14.72V13.63W19.46,6,17.07,16.9,18.22,0.0,14.72,0.0,0.0,0.0,0.0,0.0,13.63,19.46,100.0,True
CAND_00426,Co20.96Cr14.56Mn16.57Nb9.71W38.20,5,0.0,20.96,14.56,0.0,0.0,16.57,0.0,9.71,0.0,0.0,0.0,38.2,100.0,True
CAND_00427,Co11.06Cu28.82Fe5.18Mn14.29Mo6.08Ti34.57,6,0.0,11.06,0.0,28.82,5.18,14.29,6.08,0.0,0.0,34.57,0.0,0.0,100.0,True
CAND_00428,Co21.82Mn8.30Nb32.75Ni13.91Ti6.90V16.32,6,0.0,21.82,0.0,0.0,0.0,8.3,0.0,32.75,13.91,6.9,16.32,0.0,100.0,True
CAND_00429,Cu12.61Mn23.44Mo10.80Ni28.37Ti24.78,5,0.0,0.0,0.0,12.61,0.0,23.44,10.8,0.0,28.37,24.78,0.0,0.0,100.0,True
CAND_00430,Al15.47Mn29.46Nb35.78Ti19.29,4,15.47,0.0,0.0,0.0,0.0,29.46,0.0,35.78,0.0,19.29,0.0,0.0,100.0,True
CAND_00431,Al10.45Cr6.71Cu37.24Mo10.02Ni10.89Ti24.69,6,10.45,0.0,6.71,37.24,0.0,0.0,10.02,0.0,10.89,24.69,0.0,0.0,100.0,True
CAND_00432,Al30.20Cu44.00Mn11.54Ti14.26,4,30.2,0.0,0.0,44.0,0.0,11.54,0.0,0.0,0.0,14.26,0.0,0.0,100.00000000000001,True
CAND_00433,Cu5.89Fe11.84Mn23.15Mo44.10Ti9.06W5.96,6,0.0,0.0,0.0,5.89,11.84,23.15,44.1,0.0,0.0,9.06,0.0,5.96,99.99999999999999,True
CAND_00434,Cr14.61Fe19.05Nb43.12Ni11.34V11.88,5,0.0,0.0,14.61,0.0,19.05,0.0,0.0,43.12,11.34,0.0,11.88,0.0,100.0,True
CAND_00435,Al7.59Mn24.54Mo33.38Ni9.19Ti15.77V9.53,6,7.59,0.0,0.0,0.0,0.0,24.54,33.38,0.0,9.19,15.77,9.53,0.0,99.99999999999999,True
CAND_00436,Al44.16Cr8.17Mn20.42Mo10.96Ni16.29,5,44.16,0.0,8.17,0.0,0.0,20.42,10.96,0.0,16.29,0.0,0.0,0.0,100.0,True
CAND_00437,Al20.57Mn9.91Mo25.00Nb24.21V20.31,5,20.57,0.0,0.0,0.0,0.0,9.91,25.0,24.21,0.0,0.0,20.31,0.0,100.0,True
CAND_00438,Cr10.12Fe16.69Mn17.94Nb11.79Ni13.91V29.55,6,0.0,0.0,10.12,0.0,16.69,17.94,0.0,11.79,13.91,0.0,29.55,0.0,100.0,True
CAND_00439,Al14.20Cu30.88Fe16.89Nb32.10V5.93,5,14.2,0.0,0.0,30.88,16.89,0.0,0.0,32.1,0.0,0.0,5.93,0.0,100.0,True
CAND_00440,Al21.72Co22.95Cu14.55Mo6.62Nb11.22Ni22.94,6,21.72,22.95,0.0,14.55,0.0,0.0,6.62,11.22,22.94,0.0,0.0,0.0,100.0,True
CAND_00441,Cu7.80Mn11.91Nb13.97Ni35.34V30.98,5,0.0,0.0,0.0,7.8,0.0,11.91,0.0,13.97,35.34,0.0,30.98,0.0,100.00000000000001,True
CAND_00442,Mn9.63Nb21.73Ti22.11V35.90W10.63,5,0.0,0.0,0.0,0.0,0.0,9.63,0.0,21.73,0.0,22.11,35.9,10.63,100.0,True
CAND_00443,Al17.67Co22.25Cr25.09Cu23.52Mo11.47,5,17.67,22.25,25.09,23.52,0.0,0.0,11.47,0.0,0.0,0.0,0.0,0.0,100.0,True
CAND_00444,Co28.20Cr10.90Mn30.01Ni17.67Ti13.22,5,0.0,28.2,10.9,0.0,0.0,30.01,0.0,0.0,17.67,13.22,0.0,0.0,100.0,True
CAND_00445,Al35.44Cr14.93Mo22.85Ni17.12Ti9.66,5,35.44,0.0,14.93,0.0,0.0,0.0,22.85,0.0,17.12,9.66,0.0,0.0,100.0,True
CAND_00446,Co10.52Cu42.23Fe6.74Ni18.65Ti14.35W7.51,6,0.0,10.52,0.0,42.23,6.74,0.0,0.0,0.0,18.65,14.35,0.0,7.51,100.0,True
CAND_00447,Al17.29Mo42.21Ti7.16V33.34,4,17.29,0.0,0.0,0.0,0.0,0.0,42.21,0.0,0.0,7.16,33.34,0.0,100.0,True
CAND_00448,Co8.28Cr22.64Fe10.23Mn10.87Mo27.72V20.26,6,0.0,8.28,22.64,0.0,10.23,10.87,27.72,0.0,0.0,0.0,20.26,0.0,100.00000000000001,True
CAND_00449,Co6.25Cu34.39Mn33.05Mo26.31,4,0.0,6.25,0.0,34.39,0.0,33.05,26.31,0.0,0.0,0.0,0.0,0.0,100.0,True
CAND_00450,Al12.16Cu26.21Nb21.15V24.36W16.12,5,12.16,0.0,0.0,26.21,0.0,0.0,0.0,21.15,0.0,0.0,24.36,16.12,100.0,True
CAND_00451,Mn28.00Ni29.22Ti12.61V30.17,4,0.0,0.0,0.0,0.0,0.0,28.0,0.0,0.0,29.22,12.61,30.17,0.0,100.0,True
CAND_00452,Al13.99Co16.67Mn17.85Mo23.85Nb12.70W14.94,6,13.99,16.67,0.0,0.0,0.0,17.85,23.85,12.7,0.0,0.0,0.0,14.94,100.00000000000001,True
CAND_00453,Co40.18Cr23.93Ni23.27Ti12.62,4,0.0,40.18,23.93,0.0,0.0,0.0,0.0,0.0,23.27,12.62,0.0,0.0,100.0,True
CAND_00454,Co8.54Mo35.35Nb35.18Ti20.93,4,0.0,8.54,0.0,0.0,0.0,0.0,35.35,35.18,0.0,20.93,0.0,0.0,100.0,True
CAND_00455,Cr8.83Cu20.76Nb33.40Ti11.46W25.55,5,0.0,0.0,8.83,20.76,0.0,0.0,0.0,33.4,0.0,11.46,0.0,25.55,100.0,True
CAND_00456,Al9.27Co36.68Cu10.25Fe14.99Nb18.23V10.58,6,9.27,36.68,0.0,10.25,14.99,0.0,0.0,18.23,0.0,0.0,10.58,0.0,100.0,True
CAND_00457,Al20.08Cr34.26Cu27.39Mn18.27,4,20.08,0.0,34.26,27.39,0.0,18.27,0.0,0.0,0.0,0.0,0.0,0.0,99.99999999999999,True
CAND_00458,Cr11.46Cu33.35Mo18.87Nb10.78Ni25.54,5,0.0,0.0,11.46,33.35,0.0,0.0,18.87,10.78,25.54,0.0,0.0,0.0,100.0,True
CAND_00459,Co14.09Cu6.92Ni12.88Ti42.84V12.76W10.51,6,0.0,14.09,0.0,6.92,0.0,0.0,0.0,0.0,12.88,42.84,12.76,10.51,100.00000000000001,True
CAND_00460,Co24.13Mo14.59Ti27.22V34.06,4,0.0,24.13,0.0,0.0,0.0,0.0,14.59,0.0,0.0,27.22,34.06,0.0,100.0,True
CAND_00461,Al23.34Cr18.19Fe16.22Ni10.69Ti31.56,5,23.34,0.0,18.19,0.0,16.22,0.0,0.0,0.0,10.69,31.56,0.0,0.0,100.0,True
CAND_00462,Co24.50Fe34.87Mn19.24Mo15.32Ni6.07,5,0.0,24.5,0.0,0.0,34.87,19.24,15.32,0.0,6.07,0.0,0.0,0.0,100.0,True
CAND_00463,Al6.75Co7.80Fe16.67Mn39.42Mo14.40V14.96,6,6.75,7.8,0.0,0.0,16.67,39.42,14.4,0.0,0.0,0.0,14.96,0.0,100.0,True
CAND_00464,Al25.41Cu14.50Fe11.84Mo16.12W32.13,5,25.41,0.0,0.0,14.5,11.84,0.0,16.12,0.0,0.0,0.0,0.0,32.13,100.0,True
CAND_00465,Co12.67Cr26.87Cu6.85Mn9.93Ni28.53Ti15.15,6,0.0,12.67,26.87,6.85,0.0,9.93,0.0,0.0,28.53,15.15,0.0,0.0,100.0,True
CAND_00466,Co7.02Cr26.94Fe13.52Nb28.15Ti24.37,5,0.0,7.02,26.94,0.0,13.52,0.0,0.0,28.15,0.0,24.37,0.0,0.0,100.0,True
CAND_00467,Al10.00Cr6.01Cu17.62Mo14.03V36.74W15.60,6,10.0,0.0,6.01,17.62,0.0,0.0,14.03,0.0,0.0,0.0,36.74,15.6,100.0,True
CAND_00468,Mn11.01Mo28.21Nb27.22V19.28W14.28,5,0.0,0.0,0.0,0.0,0.0,11.01,28.21,27.22,0.0,0.0,19.28,14.28,100.0,True
CAND_00469,Al6.99Co37.34Cr26.12Cu23.18Ni6.37,5,6.99,37.34,26.12,23.18,0.0,0.0,0.0,0.0,6.37,0.0,0.0,0.0,100.0,True
CAND_00470,Al26.79Co16.07Mn24.06Ti11.87W21.21,5,26.79,16.07,0.0,0.0,0.0,24.06,0.0,0.0,0.0,11.87,0.0,21.21,100.0,True
CAND_00471,Al17.59Co14.34Cu31.15Ti13.00V23.92,5,17.59,14.34,0.0,31.15,0.0,0.0,0.0,0.0,0.0,13.0,23.92,0.0,100.0,True
CAND_00472,Co38.80Fe22.99Ti31.03V7.18,4,0.0,38.8,0.0,0.0,22.99,0.0,0.0,0.0,0.0,31.03,7.18,0.0,100.0,True
CAND_00473,Cu25.99Fe8.92Mo24.21V40.88,4,0.0,0.0,0.0,25.99,8.92,0.0,24.21,0.0,0.0,0.0,40.88,0.0,100.0,True
CAND_00474,Cr22.52Cu24.30Fe12.95Mo32.05Ni8.18,5,0.0,0.0,22.52,24.3,12.95,0.0,32.05,0.0,8.18,0.0,0.0,0.0,100.0,True
CAND_00475,Co14.37Fe35.51Mn18.90Nb14.88W16.34,5,0.0,14.37,0.0,0.0,35.51,18.9,0.0,14.88,0.0,0.0,0.0,16.34,100.0,True
CAND_00476,Cr11.94Fe7.52Mo11.70Nb24.13Ni44.71,5,0.0,0.0,11.94,0.0,7.52,0.0,11.7,24.13,44.71,0.0,0.0,0.0,100.0,True
CAND_00477,Cr6.22Cu43.96Mo15.93Ti5.32V28.57,5,0.0,0.0,6.22,43.96,0.0,0.0,15.93,0.0,0.0,5.32,28.57,0.0,100.0,True
CAND_00478,Cr37.81Cu24.78Ti20.37W17.04,4,0.0,0.0,37.81,24.78,0.0,0.0,0.0,0.0,0.0,20.37,0.0,17.04,100.0,True
CAND_00479,Al25.72Cu40.81Mo19.51V13.96,4,25.72,0.0,0.0,40.81,0.0,0.0,19.51,0.0,0.0,0.0,13.96,0.0,100.0,True
CAND_00480,Co11.28Fe27.90Mo15.90Nb36.29W8.63,5,0.0,11.28,0.0,0.0,27.9,0.0,15.9,36.29,0.0,0.0,0.0,8.63,100.0,True
CAND_00481,Co31.42Cr34.28Ti28.75V5.55,4,0.0,31.42,34.28,0.0,0.0,0.0,0.0,0.0,0.0,28.75,5.55,0.0,100.0,True
CAND_00482,Co23.17Cr14.25Cu7.02Nb5.89V21.52W28.15,6,0.0,23.17,14.25,7.02,0.0,0.0,0.0,5.89,0.0,0.0,21.52,28.15,100.0,True
CAND_00483,Al17.08Cu8.57Mn18.28Nb37.21Ni18.86,5,17.08,0.0,0.0,8.57,0.0,18.28,0.0,37.21,18.86,0.0,0.0,0.0,100.0,True
CAND_00484,Cr37.47Cu13.02Fe35.16Mn14.35,4,0.0,0.0,37.47,13.02,35.16,14.35,0.0,0.0,0.0,0.0,0.0,0.0,99.99999999999999,True
CAND_00485,Cr36.31Cu19.31Mo14.34Nb13.21Ni16.83,5,0.0,0.0,36.31,19.31,0.0,0.0,14.34,13.21,16.83,0.0,0.0,0.0,100.00000000000001,True
CAND_00486,Al31.72Cu16.15Fe14.56W37.57,4,31.72,0.0,0.0,16.15,14.56,0.0,0.0,0.0,0.0,0.0,0.0,37.57,100.0,True
CAND_00487,Al29.62Co11.35Cr7.72Nb14.25V20.26W16.80,6,29.62,11.35,7.72,0.0,0.0,0.0,0.0,14.25,0.0,0.0,20.26,16.8,100.0,True
CAND_00488,Co14.02Cu13.10Mn14.64Nb27.13V10.25W20.86,6,0.0,14.02,0.0,13.1,0.0,14.64,0.0,27.13,0.0,0.0,10.25,20.86,100.0,True
CAND_00489,Al19.05Co5.20Mn44.72V18.87W12.16,5,19.05,5.2,0.0,0.0,0.0,44.72,0.0,0.0,0.0,0.0,18.87,12.16,100.0,True
CAND_00490,Cu11.91Fe13.07Nb40.54Ni26.23W8.25,5,0.0,0.0,0.0,11.91,13.07,0.0,0.0,40.54,26.23,0.0,0.0,8.25,100.0,True
CAND_00491,Al22.62Mn20.15Nb14.18Ni28.78Ti14.27,5,22.62,0.0,0.0,0.0,0.0,20.15,0.0,14.18,28.78,14.27,0.0,0.0,99.99999999999999,True
CAND_00492,Cu13.10Mo20.96Nb38.99V26.95,4,0.0,0.0,0.0,13.1,0.0,0.0,20.96,38.99,0.0,0.0,26.95,0.0,100.00000000000001,True
CAND_00493,Co15.21Cu5.86Mo7.35Ni27.14W44.44,5,0.0,15.21,0.0,5.86,0.0,0.0,7.35,0.0,27.14,0.0,0.0,44.44,100.0,True
CAND_00494,Co20.88Cu13.96Ni34.47V30.69,4,0.0,20.88,0.0,13.96,0.0,0.0,0.0,0.0,34.47,0.0,30.69,0.0,100.0,True
CAND_00495,Al8.03Co23.21Cr5.93Cu26.23Ti20.26V16.34,6,8.03,23.21,5.93,26.23,0.0,0.0,0.0,0.0,0.0,20.26,16.34,0.0,100.00000000000001,True
CAND_00496,Fe28.42Mo6.38Ti11.03V22.95W31.22,5,0.0,0.0,0.0,0.0,28.42,0.0,6.38,0.0,0.0,11.03,22.95,31.22,100.0,True
CAND_00497,Cr6.33Fe12.35Nb22.14Ti24.63W34.55,5,0.0,0.0,6.33,0.0,12.35,0.0,0.0,22.14,0.0,24.63,0.0,34.55,100.0,True
CAND_00498,Al16.64Cu30.14Mo19.82Nb33.40,4,16.64,0.0,0.0,30.14,0.0,0.0,19.82,33.4,0.0,0.0,0.0,0.0,100.0,True
CAND_00499,Al16.74Cu9.42Fe23.13Mo20.24Nb23.58V6.89,6,16.74,0.0,0.0,9.42,23.13,0.0,20.24,23.58,0.0,0.0,6.89,0.0,99.99999999999999,True
CAND_00500,Al14.59Co15.75Fe11.89Ni22.24V35.53,5,14.59,15.75,0.0,0.0,11.89,0.0,0.0,0.0,22.24,0.0,35.53,0.0,100.0,True
CAND_00501,Cu23.07Mn6.12Nb10.88Ni30.33V6.93W22.67,6,0.0,0.0,0.0,23.07,0.0,6.12,0.0,10.88,30.33,0.0,6.93,22.67,100.00000000000001,True
CAND_00502,Al29.14Cu12.50Fe18.81Ni30.18V9.37,5,29.14,0.0,0.0,12.5,18.81,0.0,0.0,0.0,30.18,0.0,9.37,0.0,100.0,True
CAND_00503,Al18.38Cr28.07Mn27.45Ni11.20V5.71W9.19,6,18.38,0.0,28.07,0.0,0.0,27.45,0.0,0.0,11.2,0.0,5.71,9.19,100.0,True
CAND_00504,Co17.49Cr5.12Mn20.76Mo12.31Nb5.11V39.21,6,0.0,17.49,5.12,0.0,0.0,20.76,12.31,5.11,0.0,0.0,39.21,0.0,100.0,True
CAND_00505,Mn25.46Mo10.36Ni28.25Ti5.87V30.06,5,0.0,0.0,0.0,0.0,0.0,25.46,10.36,0.0,28.25,5.87,30.06,0.0,100.0,True
CAND_00506,Co20.87Cr22.68Mn6.84Nb22.20Ni15.37W12.04,6,0.0,20.87,22.68,0.0,0.0,6.84,0.0,22.2,15.37,0.0,0.0,12.04,100.0,True
CAND_00507,Al19.22Co14.69Cr11.71Cu6.31Mo25.31V22.76,6,19.22,14.69,11.71,6.31,0.0,0.0,25.31,0.0,0.0,0.0,22.76,0.0,100.0,True
CAND_00508,Al38.85Nb28.66Ni20.63V11.86,4,38.85,0.0,0.0,0.0,0.0,0.0,0.0,28.66,20.63,0.0,11.86,0.0,100.0,True
CAND_00509,Co20.70Cu18.97Mn11.65V19.25W29.43,5,0.0,20.7,0.0,18.97,0.0,11.65,0.0,0.0,0.0,0.0,19.25,29.43,100.0,True
CAND_00510,Cu18.29Nb21.95Ni11.04Ti17.14V22.29W9.29,6,0.0,0.0,0.0,18.29,0.0,0.0,0.0,21.95,11.04,17.14,22.29,9.29,99.99999999999997,True
CAND_00511,Al41.19Mo40.25Nb12.00Ni6.56,4,41.19,0.0,0.0,0.0,0.0,0.0,40.25,12.0,6.56,0.0,0.0,0.0,100.0,True
CAND_00512,Al10.02Cr27.07Fe5.07Mn24.64Nb22.34Ti10.86,6,10.02,0.0,27.07,0.0,5.07,24.64,0.0,22.34,0.0,10.86,0.0,0.0,100.00000000000001,True
CAND_00513,Cr19.84Cu27.72Mo17.68Nb7.03Ti18.14V9.59,6,0.0,0.0,19.84,27.72,0.0,0.0,17.68,7.03,0.0,18.14,9.59,0.0,100.00000000000001,True
CAND_00514,Al17.42Fe21.26Nb12.94V32.63W15.75,5,17.42,0.0,0.0,0.0,21.26,0.0,0.0,12.94,0.0,0.0,32.63,15.75,100.0,True
CAND_00515,Co13.14Mo29.89V13.74W43.23,4,0.0,13.14,0.0,0.0,0.0,0.0,29.89,0.0,0.0,0.0,13.74,43.23,100.0,True
CAND_00516,Co19.31Cu12.01Mn10.99Mo24.41V33.28,5,0.0,19.31,0.0,12.01,0.0,10.99,24.41,0.0,0.0,0.0,33.28,0.0,100.0,True
CAND_00517,Cr43.90Cu21.01Nb20.77V14.32,4,0.0,0.0,43.9,21.01,0.0,0.0,0.0,20.77,0.0,0.0,14.32,0.0,100.0,True
CAND_00518,Co11.98Cr43.68Cu21.96Nb22.38,4,0.0,11.98,43.68,21.96,0.0,0.0,0.0,22.38,0.0,0.0,0.0,0.0,100.0,True
CAND_00519,Mn12.28Nb10.33Ni28.28Ti15.93V33.18,5,0.0,0.0,0.0,0.0,0.0,12.28,0.0,10.33,28.28,15.93,33.18,0.0,100.0,True
CAND_00520,Cr6.35Cu25.62Mo40.05Ni27.98,4,0.0,0.0,6.35,25.62,0.0,0.0,40.05,0.0,27.98,0.0,0.0,0.0,100.0,True
CAND_00521,Cr42.82Fe17.64Mo30.29W9.25,4,0.0,0.0,42.82,0.0,17.64,0.0,30.29,0.0,0.0,0.0,0.0,9.25,100.0,True
CAND_00522,Cr28.66Cu7.04Ni27.51Ti14.25V22.54,5,0.0,0.0,28.66,7.04,0.0,0.0,0.0,0.0,27.51,14.25,22.54,0.0,100.0,True
CAND_00523,Co11.42Fe16.28Mo37.71V34.59,4,0.0,11.42,0.0,0.0,16.28,0.0,37.71,0.0,0.0,0.0,34.59,0.0,100.0,True
CAND_00524,Co9.71Cr12.30Cu22.51Mn18.17Mo29.58W7.73,6,0.0,9.71,12.3,22.51,0.0,18.17,29.58,0.0,0.0,0.0,0.0,7.73,100.00000000000001,True
CAND_00525,Cr27.74Fe18.45Mo34.00Nb19.81,4,0.0,0.0,27.74,0.0,18.45,0.0,34.0,19.81,0.0,0.0,0.0,0.0,100.0,True
CAND_00526,Al13.42Co18.70Nb18.19Ni9.13Ti6.93W33.63,6,13.42,18.7,0.0,0.0,0.0,0.0,0.0,18.19,9.13,6.93,0.0,33.63,100.0,True
CAND_00527,Al14.01Cu14.20Mo16.73Nb38.33Ni16.73,5,14.01,0.0,0.0,14.2,0.0,0.0,16.73,38.33,16.73,0.0,0.0,0.0,100.0,True
CAND_00528,Co8.91Cu25.87Fe22.01Nb29.15W14.06,5,0.0,8.91,0.0,25.87,22.01,0.0,0.0,29.15,0.0,0.0,0.0,14.06,100.0,True
CAND_00529,Co5.69Cr7.68Mn18.77Mo34.95Ti5.55V27.36,6,0.0,5.69,7.68,0.0,0.0,18.77,34.95,0.0,0.0,5.55,27.36,0.0,100.0,True
CAND_00530,Al29.27Co23.33Mn24.05Mo23.35,4,29.27,23.33,0.0,0.0,0.0,24.05,23.35,0.0,0.0,0.0,0.0,0.0,100.0,True
CAND_00531,Al22.42Co21.92Mo17.34V27.01W11.31,5,22.42,21.92,0.0,0.0,0.0,0.0,17.34,0.0,0.0,0.0,27.01,11.31,100.00000000000001,True
CAND_00532,Cu24.92Fe7.57Mn8.84V38.82W19.85,5,0.0,0.0,0.0,24.92,7.57,8.84,0.0,0.0,0.0,0.0,38.82,19.85,100.0,True
CAND_00533,Al36.41Co8.74Mn30.22Nb5.76W18.87,5,36.41,8.74,0.0,0.0,0.0,30.22,0.0,5.76,0.0,0.0,0.0,18.87,100.00000000000001,True
CAND_00534,Al20.39Co14.67Mo29.42Ti35.52,4,20.39,14.67,0.0,0.0,0.0,0.0,29.42,0.0,0.0,35.52,0.0,0.0,100.0,True
CAND_00535,Cr13.21Cu8.37Fe14.81Mo40.94Nb8.00Ni14.67,6,0.0,0.0,13.21,8.37,14.81,0.0,40.94,8.0,14.67,0.0,0.0,0.0,100.0,True
CAND_00536,Co18.70Nb19.88Ti28.30V33.12,4,0.0,18.7,0.0,0.0,0.0,0.0,0.0,19.88,0.0,28.3,33.12,0.0,100.0,True
CAND_00537,Co12.61Cr12.19Cu27.25Ni8.53Ti39.42,5,0.0,12.61,12.19,27.25,0.0,0.0,0.0,0.0,8.53,39.42,0.0,0.0,100.0,True
CAND_00538,Co13.04Cr41.02Mo13.82W32.12,4,0.0,13.04,41.02,0.0,0.0,0.0,13.82,0.0,0.0,0.0,0.0,32.12,100.0,True
CAND_00539,Cr17.12Mo9.22Nb5.92Ni29.25V9.30W29.19,6,0.0,0.0,17.12,0.0,0.0,0.0,9.22,5.92,29.25,0.0,9.3,29.19,100.0,True
CAND_00540,Cu33.78Ni17.64Ti20.34W28.24,4,0.0,0.0,0.0,33.78,0.0,0.0,0.0,0.0,17.64,20.34,0.0,28.24,100.0,True
CAND_00541,Cr42.02Cu6.12Fe30.53Ti21.33,4,0.0,0.0,42.02,6.12,30.53,0.0,0.0,0.0,0.0,21.33,0.0,0.0,100.0,True
CAND_00542,Al21.29Cr28.15Mo33.79Ni16.77,4,21.29,0.0,28.15,0.0,0.0,0.0,33.79,0.0,16.77,0.0,0.0,0.0,99.99999999999999,True
CAND_00543,Cu9.98Fe18.66Nb17.50Ni9.59Ti33.87V10.40,6,0.0,0.0,0.0,9.98,18.66,0.0,0.0,17.5,9.59,33.87,10.4,0.0,100.0,True
CAND_00544,Co42.52Cr16.58Ni15.25Ti6.35V13.61W5.69,6,0.0,42.52,16.58,0.0,0.0,0.0,0.0,0.0,15.25,6.35,13.61,5.69,99.99999999999999,True
CAND_00545,Mo9.99Nb38.37Ti39.80W11.84,4,0.0,0.0,0.0,0.0,0.0,0.0,9.99,38.37,0.0,39.8,0.0,11.84,100.0,True
CAND_00546,Co31.92Cu14.76Nb5.04Ni34.94Ti13.34,5,0.0,31.92,0.0,14.76,0.0,0.0,0.0,5.04,34.94,13.34,0.0,0.0,100.0,True
CAND_00547,Al16.26Cu23.84Nb34.90Ti25.00,4,16.26,0.0,0.0,23.84,0.0,0.0,0.0,34.9,0.0,25.0,0.0,0.0,100.0,True
CAND_00548,Al26.00Cu21.06Fe15.45Nb37.49,4,26.0,0.0,0.0,21.06,15.45,0.0,0.0,37.49,0.0,0.0,0.0,0.0,100.0,True
CAND_00549,Al23.71Fe5.75Mn26.56Mo8.71Nb13.87Ti21.40,6,23.71,0.0,0.0,0.0,5.75,26.56,8.71,13.87,0.0,21.4,0.0,0.0,100.0,True
CAND_00550,Al27.53Cr19.78Cu21.62Ti22.32V8.75,5,27.53,0.0,19.78,21.62,0.0,0.0,0.0,0.0,0.0,22.32,8.75,0.0,100.0,True
CAND_00551,Al33.09Fe33.35Mn9.73Ti23.83,4,33.09,0.0,0.0,0.0,33.35,9.73,0.0,0.0,0.0,23.83,0.0,0.0,100.0,True
CAND_00552,Co26.05Cu28.03Fe9.59V36.33,4,0.0,26.05,0.0,28.03,9.59,0.0,0.0,0.0,0.0,0.0,36.33,0.0,100.0,True
CAND_00553,Al20.68Cr28.18Mn16.36Ti34.78,4,20.68,0.0,28.18,0.0,0.0,16.36,0.0,0.0,0.0,34.78,0.0,0.0,100.0,True
CAND_00554,Co18.12Fe35.60Mn33.13Mo13.15,4,0.0,18.12,0.0,0.0,35.6,33.13,13.15,0.0,0.0,0.0,0.0,0.0,100.0,True
CAND_00555,Co7.38Cr13.29Fe19.34Ni35.47W24.52,5,0.0,7.38,13.29,0.0,19.34,0.0,0.0,0.0,35.47,0.0,0.0,24.52,99.99999999999999,True
CAND_00556,Al33.30Fe7.74Mo33.29Ni25.67,4,33.3,0.0,0.0,0.0,7.74,0.0,33.29,0.0,25.67,0.0,0.0,0.0,100.0,True
CAND_00557,Cr20.08Cu10.71Fe43.75Ni25.46,4,0.0,0.0,20.08,10.71,43.75,0.0,0.0,0.0,25.46,0.0,0.0,0.0,100.0,True
CAND_00558,Co10.98Cu15.38Nb15.59Ni40.09Ti17.96,5,0.0,10.98,0.0,15.38,0.0,0.0,0.0,15.59,40.09,17.96,0.0,0.0,100.0,True
CAND_00559,Cr26.53Mo5.70Nb11.72Ni15.97V23.96W16.12,6,0.0,0.0,26.53,0.0,0.0,0.0,5.7,11.72,15.97,0.0,23.96,16.12,100.0,True
CAND_00560,Fe36.05Mo24.76V13.47W25.72,4,0.0,0.0,0.0,0.0,36.05,0.0,24.76,0.0,0.0,0.0,13.47,25.72,100.0,True
CAND_00561,Co28.19Fe39.49Mn14.83Nb17.49,4,0.0,28.19,0.0,0.0,39.49,14.83,0.0,17.49,0.0,0.0,0.0,0.0,100.0,True
CAND_00562,Al20.43Cr34.88Cu10.30Fe19.34Ni15.05,5,20.43,0.0,34.88,10.3,19.34,0.0,0.0,0.0,15.05,0.0,0.0,0.0,100.0,True
CAND_00563,Al8.16Cr18.32Cu33.44Mn40.08,4,8.16,0.0,18.32,33.44,0.0,40.08,0.0,0.0,0.0,0.0,0.0,0.0,100.0,True
CAND_00564,Co12.22Cr41.25Mo9.28Nb5.88Ti31.37,5,0.0,12.22,41.25,0.0,0.0,0.0,9.28,5.88,0.0,31.37,0.0,0.0,100.0,True
CAND_00565,Cr15.74Cu39.67Mo11.91Ni6.66Ti18.36W7.66,6,0.0,0.0,15.74,39.67,0.0,0.0,11.91,0.0,6.66,18.36,0.0,7.66,100.0,True
CAND_00566,Co25.59Mn35.87Mo17.19Ni11.31V10.04,5,0.0,25.59,0.0,0.0,0.0,35.87,17.19,0.0,11.31,0.0,10.04,0.0,100.0,True
CAND_00567,Al9.71Co29.21Mo7.63Nb16.17Ni11.81Ti25.47,6,9.71,29.21,0.0,0.0,0.0,0.0,7.63,16.17,11.81,25.47,0.0,0.0,100.0,True
CAND_00568,Fe37.49Mn14.29Mo31.15Ti8.00W9.07,5,0.0,0.0,0.0,0.0,37.49,14.29,31.15,0.0,0.0,8.0,0.0,9.07,100.0,True
CAND_00569,Al42.11Cu15.56Nb29.58Ti12.75,4,42.11,0.0,0.0,15.56,0.0,0.0,0.0,29.58,0.0,12.75,0.0,0.0,100.0,True
CAND_00570,Co35.20Cu5.30Fe23.03Nb8.50Ti22.72V5.25,6,0.0,35.2,0.0,5.3,23.03,0.0,0.0,8.5,0.0,22.72,5.25,0.0,100.0,True
CAND_00571,Al12.23Co20.64Fe6.11Ni10.83V25.42W24.77,6,12.23,20.64,0.0,0.0,6.11,0.0,0.0,0.0,10.83,0.0,25.42,24.77,100.0,True
CAND_00572,Al33.62Cu19.15Fe11.69Ti19.63W15.91,5,33.62,0.0,0.0,19.15,11.69,0.0,0.0,0.0,0.0,19.63,0.0,15.91,99.99999999999999,True
CAND_00573,Al8.61Cu20.94Mn17.84Ni16.67Ti22.29W13.65,6,8.61,0.0,0.0,20.94,0.0,17.84,0.0,0.0,16.67,22.29,0.0,13.65,100.0,True
CAND_00574,Fe31.99Mn39.69Mo16.32V12.00,4,0.0,0.0,0.0,0.0,31.99,39.69,16.32,0.0,0.0,0.0,12.0,0.0,100.0,True
CAND_00575,Fe22.61Mn31.70V22.79W22.90,4,0.0,0.0,0.0,0.0,22.61,31.7,0.0,0.0,0.0,0.0,22.79,22.9,100.0,True
CAND_00576,Al17.43Cu6.14Fe30.74Mn23.58Ni22.11,5,17.43,0.0,0.0,6.14,30.74,23.58,0.0,0.0,22.11,0.0,0.0,0.0,100.0,True
CAND_00577,Al9.37Cr27.03Cu5.62Fe21.56Ti24.21W12.21,6,9.37,0.0,27.03,5.62,21.56,0.0,0.0,0.0,0.0,24.21,0.0,12.21,100.0,True
CAND_00578,Al9.20Cr29.59Cu8.82Mn8.91Nb19.55Ti23.93,6,9.2,0.0,29.59,8.82,0.0,8.91,0.0,19.55,0.0,23.93,0.0,0.0,100.0,True
CAND_00579,Cr12.59Cu26.53Fe30.34Ti30.54,4,0.0,0.0,12.59,26.53,30.34,0.0,0.0,0.0,0.0,30.54,0.0,0.0,100.0,True
CAND_00580,Co18.21Cu10.95Mn37.02Ni33.82,4,0.0,18.21,0.0,10.95,0.0,37.02,0.0,0.0,33.82,0.0,0.0,0.0,100.0,True
CAND_00581,Al9.34Cu17.01Nb13.62Ni9.29V32.25W18.49,6,9.34,0.0,0.0,17.01,0.0,0.0,0.0,13.62,9.29,0.0,32.25,18.49,99.99999999999999,True
CAND_00582,Cu6.90Fe20.80Nb8.13Ni27.07V25.72W11.38,6,0.0,0.0,0.0,6.9,20.8,0.0,0.0,8.13,27.07,0.0,25.72,11.38,100.0,True
CAND_00583,Cr9.53Fe9.40Nb35.91Ni24.92Ti7.87W12.37,6,0.0,0.0,9.53,0.0,9.4,0.0,0.0,35.91,24.92,7.87,0.0,12.37,100.0,True
CAND_00584,Fe15.12Mo22.04Ni24.80Ti22.41W15.63,5,0.0,0.0,0.0,0.0,15.12,0.0,22.04,0.0,24.8,22.41,0.0,15.63,99.99999999999999,True
CAND_00585,Al27.98Fe25.17Nb8.65Ni38.20,4,27.98,0.0,0.0,0.0,25.17,0.0,0.0,8.65,38.2,0.0,0.0,0.0,100.0,True
CAND_00586,Al32.26Co28.26Mn26.25V13.23,4,32.26,28.26,0.0,0.0,0.0,26.25,0.0,0.0,0.0,0.0,13.23,0.0,100.0,True
CAND_00587,Al32.56Cu5.97Fe20.90W40.57,4,32.56,0.0,0.0,5.97,20.9,0.0,0.0,0.0,0.0,0.0,0.0,40.57,100.0,True
CAND_00588,Cr22.38Fe23.22Mo27.68Nb6.84Ti19.88,5,0.0,0.0,22.38,0.0,23.22,0.0,27.68,6.84,0.0,19.88,0.0,0.0,100.0,True
CAND_00589,Cu13.24Mn15.98Nb25.21Ni10.72Ti5.44W29.41,6,0.0,0.0,0.0,13.24,0.0,15.98,0.0,25.21,10.72,5.44,0.0,29.41,100.0,True
CAND_00590,Cu44.09Mn10.24Nb31.16Ti14.51,4,0.0,0.0,0.0,44.09,0.0,10.24,0.0,31.16,0.0,14.51,0.0,0.0,100.00000000000001,True
CAND_00591,Co35.61Nb15.68Ti9.01W39.70,4,0.0,35.61,0.0,0.0,0.0,0.0,0.0,15.68,0.0,9.01,0.0,39.7,100.0,True
CAND_00592,Cu5.21Nb41.99Ni18.12Ti10.69W23.99,5,0.0,0.0,0.0,5.21,0.0,0.0,0.0,41.99,18.12,10.69,0.0,23.99,100.0,True
CAND_00593,Co6.34Cu11.75Fe24.53Mn22.49Ti34.89,5,0.0,6.34,0.0,11.75,24.53,22.49,0.0,0.0,0.0,34.89,0.0,0.0,100.0,True
CAND_00594,Co24.24Nb10.50V37.77W27.49,4,0.0,24.24,0.0,0.0,0.0,0.0,0.0,10.5,0.0,0.0,37.77,27.49,99.99999999999999,True
CAND_00595,Fe5.80Mo19.12Ni21.88Ti5.82V19.97W27.41,6,0.0,0.0,0.0,0.0,5.8,0.0,19.12,0.0,21.88,5.82,19.97,27.41,100.0,True
CAND_00596,Al41.61Ni20.89Ti20.00V17.50,4,41.61,0.0,0.0,0.0,0.0,0.0,0.0,0.0,20.89,20.0,17.5,0.0,100.0,True
CAND_00597,Al27.80Fe13.42Mn26.60Nb7.94V24.24,5,27.8,0.0,0.0,0.0,13.42,26.6,0.0,7.94,0.0,0.0,24.24,0.0,99.99999999999999,True
CAND_00598,Al10.94Cr22.93Cu32.29Fe20.09Ni13.75,5,10.94,0.0,22.93,32.29,20.09,0.0,0.0,0.0,13.75,0.0,0.0,0.0,100.0,True
CAND_00599,Al13.82Co13.13Cr10.70Nb6.84Ni41.82W13.69,6,13.82,13.13,10.7,0.0,0.0,0.0,0.0,6.84,41.82,0.0,0.0,13.69,100.0,True
CAND_00600,Cu10.19Ti29.81V36.79W23.21,4,0.0,0.0,0.0,10.19,0.0,0.0,0.0,0.0,0.0,29.81,36.79,23.21,100.0,True
CAND_00601,Al17.53Co10.25Cr10.51V30.39W31.32,5,17.53,10.25,10.51,0.0,0.0,0.0,0.0,0.0,0.0,0.0,30.39,31.32,100.0,True
CAND_00602,Cr20.73Cu29.10Fe7.96Mn7.88Ni22.98Ti11.35,6,0.0,0.0,20.73,29.1,7.96,7.88,0.0,0.0,22.98,11.35,0.0,0.0,100.0,True
CAND_00603,Cu30.32Fe12.03Nb18.71V20.17W18.77,5,0.0,0.0,0.0,30.32,12.03,0.0,0.0,18.71,0.0,0.0,20.17,18.77,100.0,True
CAND_00604,Al10.54Cr8.32Mn33.10Mo26.13Ni21.91,5,10.54,0.0,8.32,0.0,0.0,33.1,26.13,0.0,21.91,0.0,0.0,0.0,100.0,True
CAND_00605,Cu8.22Fe20.33Nb39.04W32.41,4,0.0,0.0,0.0,8.22,20.33,0.0,0.0,39.04,0.0,0.0,0.0,32.41,100.0,True
CAND_00606,Al20.33Nb13.65Ni8.34Ti14.17V9.35W34.16,6,20.33,0.0,0.0,0.0,0.0,0.0,0.0,13.65,8.34,14.17,9.35,34.16,99.99999999999999,True
CAND_00607,Cr10.34Cu5.78Mn16.75Nb15.58Ti18.22V33.33,6,0.0,0.0,10.34,5.78,0.0,16.75,0.0,15.58,0.0,18.22,33.33,0.0,100.0,True
CAND_00608,Al28.34Co34.24Cu5.68Mn25.99W5.75,5,28.34,34.24,0.0,5.68,0.0,25.99,0.0,0.0,0.0,0.0,0.0,5.75,99.99999999999999,True
CAND_00609,Al26.79Nb31.20Ni31.28V10.73,4,26.79,0.0,0.0,0.0,0.0,0.0,0.0,31.2,31.28,0.0,10.73,0.0,100.0,True
CAND_00610,Co16.35Fe15.67Mo43.59Ti24.39,4,0.0,16.35,0.0,0.0,15.67,0.0,43.59,0.0,0.0,24.39,0.0,0.0,100.00000000000001,True
CAND_00611,Al19.63Cr10.06Nb17.91V31.69W20.71,5,19.63,0.0,10.06,0.0,0.0,0.0,0.0,17.91,0.0,0.0,31.69,20.71,100.0,True
CAND_00612,Fe30.54Nb13.30Ni14.75V26.95W14.46,5,0.0,0.0,0.0,0.0,30.54,0.0,0.0,13.3,14.75,0.0,26.95,14.46,100.0,True
CAND_00613,Al27.28Cr19.28Mn10.79Mo18.53Nb10.75Ti13.37,6,27.28,0.0,19.28,0.0,0.0,10.79,18.53,10.75,0.0,13.37,0.0,0.0,100.0,True
CAND_00614,Cr18.27Cu26.57Fe22.04Ti12.50W20.62,5,0.0,0.0,18.27,26.57,22.04,0.0,0.0,0.0,0.0,12.5,0.0,20.62,100.0,True
CAND_00615,Mn17.94Mo32.55Nb25.02Ni6.50V17.99,5,0.0,0.0,0.0,0.0,0.0,17.94,32.55,25.02,6.5,0.0,17.99,0.0,99.99999999999999,True
CAND_00616,Al5.99Co19.82Cr6.82Mo32.04Nb13.33Ni22.00,6,5.99,19.82,6.82,0.0,0.0,0.0,32.04,13.33,22.0,0.0,0.0,0.0,100.0,True
CAND_00617,Al14.51Co15.60Fe25.82Mn19.92V24.15,5,14.51,15.6,0.0,0.0,25.82,19.92,0.0,0.0,0.0,0.0,24.15,0.0,100.0,True
CAND_00618,Cr10.59Cu21.41Mo17.30Nb11.00V24.84W14.86,6,0.0,0.0,10.59,21.41,0.0,0.0,17.3,11.0,0.0,0.0,24.84,14.86,100.0,True
CAND_00619,Al20.13Co30.71Cu21.44Ni11.85V15.87,5,20.13,30.71,0.0,21.44,0.0,0.0,0.0,0.0,11.85,0.0,15.87,0.0,100.0,True
CAND_00620,Al16.34Cr12.57Fe8.33Mn25.51Nb26.11Ni11.14,6,16.34,0.0,12.57,0.0,8.33,25.51,0.0,26.11,11.14,0.0,0.0,0.0,100.0,True
CAND_00621,Al29.40Co15.26Mn8.30Nb13.89Ni19.43V13.72,6,29.4,15.26,0.0,0.0,0.0,8.3,0.0,13.89,19.43,0.0,13.72,0.0,100.0,True
CAND_00622,Co27.19Cr18.37Fe24.06Ti20.07W10.31,5,0.0,27.19,18.37,0.0,24.06,0.0,0.0,0.0,0.0,20.07,0.0,10.31,100.0,True
CAND_00623,Co19.96Mn14.83Mo15.89Ti32.84W16.48,5,0.0,19.96,0.0,0.0,0.0,14.83,15.89,0.0,0.0,32.84,0.0,16.48,100.00000000000001,True
CAND_00624,Al28.45Co23.10Cu17.72Ti10.61V20.12,5,28.45,23.1,0.0,17.72,0.0,0.0,0.0,0.0,0.0,10.61,20.12,0.0,100.0,True
CAND_00625,Cr26.66Cu5.94Fe19.31Mn9.23Nb19.83Ti19.03,6,0.0,0.0,26.66,5.94,19.31,9.23,0.0,19.83,0.0,19.03,0.0,0.0,100.0,True
CAND_00626,Cr14.70Fe27.13Mo23.58Ti34.59,4,0.0,0.0,14.7,0.0,27.13,0.0,23.58,0.0,0.0,34.59,0.0,0.0,100.0,True
CAND_00627,Nb12.32Ni43.74V32.47W11.47,4,0.0,0.0,0.0,0.0,0.0,0.0,0.0,12.32,43.74,0.0,32.47,11.47,100.0,True
CAND_00628,Co29.64Mn28.50Nb11.45W30.41,4,0.0,29.64,0.0,0.0,0.0,28.5,0.0,11.45,0.0,0.0,0.0,30.41,100.0,True
CAND_00629,Cr16.17Cu20.34Fe23.35Mn23.59Ti16.55,5,0.0,0.0,16.17,20.34,23.35,23.59,0.0,0.0,0.0,16.55,0.0,0.0,100.0,True
CAND_00630,Co22.32Cu25.59Mn26.79V12.12W13.18,5,0.0,22.32,0.0,25.59,0.0,26.79,0.0,0.0,0.0,0.0,12.12,13.18,100.0,True
CAND_00631,Cr36.55Fe21.66Nb29.98V11.81,4,0.0,0.0,36.55,0.0,21.66,0.0,0.0,29.98,0.0,0.0,11.81,0.0,100.0,True
CAND_00632,Co15.55Cr26.56Mn21.45Ni9.34Ti12.00W15.10,6,0.0,15.55,26.56,0.0,0.0,21.45,0.0,0.0,9.34,12.0,0.0,15.1,100.0,True
CAND_00633,Al23.17Cu30.57Mo33.60W12.66,4,23.17,0.0,0.0,30.57,0.0,0.0,33.6,0.0,0.0,0.0,0.0,12.66,100.0,True
CAND_00634,Al7.86Cu19.64Ti13.88V27.68W30.94,5,7.86,0.0,0.0,19.64,0.0,0.0,0.0,0.0,0.0,13.88,27.68,30.94,100.0,True
CAND_00635,Co20.44Cu15.28Mn25.29Ni21.27V7.49W10.23,6,0.0,20.44,0.0,15.28,0.0,25.29,0.0,0.0,21.27,0.0,7.49,10.23,100.0,True
CAND_00636,Al43.83Cr17.10Nb10.03V12.57W16.47,5,43.83,0.0,17.1,0.0,0.0,0.0,0.0,10.03,0.0,0.0,12.57,16.47,100.0,True
CAND_00637,Al35.38Mo17.57Nb25.77V21.28,4,35.38,0.0,0.0,0.0,0.0,0.0,17.57,25.77,0.0,0.0,21.28,0.0,100.0,True
CAND_00638,Co12.20Mn21.53Mo18.16Ti29.69V18.42,5,0.0,12.2,0.0,0.0,0.0,21.53,18.16,0.0,0.0,29.69,18.42,0.0,100.0,True
CAND_00639,Cr12.92Cu8.33Mn34.04Ti44.71,4,0.0,0.0,12.92,8.33,0.0,34.04,0.0,0.0,0.0,44.71,0.0,0.0,100.0,True
CAND_00640,Al33.91Fe32.54Nb8.78W24.77,4,33.91,0.0,0.0,0.0,32.54,0.0,0.0,8.78,0.0,0.0,0.0,24.77,99.99999999999999,True
CAND_00641,Al32.70Cu11.33Mn44.81Ni11.16,4,32.7,0.0,0.0,11.33,0.0,44.81,0.0,0.0,11.16,0.0,0.0,0.0,100.0,True
CAND_00642,Al9.29Cr33.94Mn15.59Mo17.13Nb5.83Ti18.22,6,9.29,0.0,33.94,0.0,0.0,15.59,17.13,5.83,0.0,18.22,0.0,0.0,99.99999999999999,True
CAND_00643,Al17.67Co10.87Cu19.58Fe22.72Mo22.48W6.68,6,17.67,10.87,0.0,19.58,22.72,0.0,22.48,0.0,0.0,0.0,0.0,6.68,100.0,True
CAND_00644,Al6.25Cr5.57Fe27.24Mn25.08Ti8.75V27.11,6,6.25,0.0,5.57,0.0,27.24,25.08,0.0,0.0,0.0,8.75,27.11,0.0,100.0,True
CAND_00645,Al16.84Cr12.71Fe25.08Nb22.52Ti22.85,5,16.84,0.0,12.71,0.0,25.08,0.0,0.0,22.52,0.0,22.85,0.0,0.0,100.0,True
CAND_00646,Al29.52Cr12.67Fe11.11Nb11.21V22.75W12.74,6,29.52,0.0,12.67,0.0,11.11,0.0,0.0,11.21,0.0,0.0,22.75,12.74,99.99999999999999,True
CAND_00647,Cr14.23Cu22.56Mn11.53V7.82W43.86,5,0.0,0.0,14.23,22.56,0.0,11.53,0.0,0.0,0.0,0.0,7.82,43.86,100.0,True
CAND_00648,Al11.70Fe24.77Nb38.22V7.74W17.57,5,11.7,0.0,0.0,0.0,24.77,0.0,0.0,38.22,0.0,0.0,7.74,17.57,100.0,True
CAND_00649,Fe6.74Mn11.72Mo25.47V14.10W41.97,5,0.0,0.0,0.0,0.0,6.74,11.72,25.47,0.0,0.0,0.0,14.1,41.97,100.0,True
CAND_00650,Co11.88Cr13.37Cu22.83Fe21.74Nb19.55Ni10.63,6,0.0,11.88,13.37,22.83,21.74,0.0,0.0,19.55,10.63,0.0,0.0,0.0,99.99999999999999,True
CAND_00651,Co20.27Cr23.11Mo21.00Ni35.62,4,0.0,20.27,23.11,0.0,0.0,0.0,21.0,0.0,35.62,0.0,0.0,0.0,100.0,True
CAND_00652,Al41.45Co17.81Mo22.77Ti6.24W11.73,5,41.45,17.81,0.0,0.0,0.0,0.0,22.77,0.0,0.0,6.24,0.0,11.73,100.0,True
CAND_00653,Cr21.31Fe20.14Mn10.09Mo19.19Ni11.64W17.63,6,0.0,0.0,21.31,0.0,20.14,10.09,19.19,0.0,11.64,0.0,0.0,17.63,100.0,True
CAND_00654,Al31.23Co22.48Cr26.51Cu19.78,4,31.23,22.48,26.51,19.78,0.0,0.0,0.0,0.0,0.0,0.0,0.0,0.0,100.0,True
CAND_00655,Al10.90Cr17.02Fe16.63Nb19.45Ti18.90W17.10,6,10.9,0.0,17.02,0.0,16.63,0.0,0.0,19.45,0.0,18.9,0.0,17.1,100.0,True
CAND_00656,Cr31.56Cu6.06Mn11.71V13.97W36.70,5,0.0,0.0,31.56,6.06,0.0,11.71,0.0,0.0,0.0,0.0,13.97,36.7,100.0,True
CAND_00657,Co24.43Cr8.74Nb15.61Ni38.80V12.42,5,0.0,24.43,8.74,0.0,0.0,0.0,0.0,15.61,38.8,0.0,12.42,0.0,100.0,True
CAND_00658,Cu18.73Fe27.02Ni40.01Ti14.24,4,0.0,0.0,0.0,18.73,27.02,0.0,0.0,0.0,40.01,14.24,0.0,0.0,99.99999999999999,True
CAND_00659,Al7.02Co20.75Cu16.02Mn28.32Mo10.36V17.53,6,7.02,20.75,0.0,16.02,0.0,28.32,10.36,0.0,0.0,0.0,17.53,0.0,100.0,True
CAND_00660,Cr32.18Fe42.84Nb11.43W13.55,4,0.0,0.0,32.18,0.0,42.84,0.0,0.0,11.43,0.0,0.0,0.0,13.55,100.00000000000001,True
CAND_00661,Ni7.80Ti17.49V41.44W33.27,4,0.0,0.0,0.0,0.0,0.0,0.0,0.0,0.0,7.8,17.49,41.44,33.27,100.0,True
CAND_00662,Al17.85Co17.93Cr11.51Cu22.04Mn5.49Mo25.18,6,17.85,17.93,11.51,22.04,0.0,5.49,25.18,0.0,0.0,0.0,0.0,0.0,100.0,True
CAND_00663,Co26.45Cr15.77Cu8.29Mo21.73Nb19.35Ni8.41,6,0.0,26.45,15.77,8.29,0.0,0.0,21.73,19.35,8.41,0.0,0.0,0.0,100.0,True
CAND_00664,Al14.55Mo15.10V30.15W40.20,4,14.55,0.0,0.0,0.0,0.0,0.0,15.1,0.0,0.0,0.0,30.15,40.2,100.0,True
CAND_00665,Al22.42Co14.45Cu33.66Fe29.47,4,22.42,14.45,0.0,33.66,29.47,0.0,0.0,0.0,0.0,0.0,0.0,0.0,100.0,True
CAND_00666,Fe12.93Mo29.38V42.10W15.59,4,0.0,0.0,0.0,0.0,12.93,0.0,29.38,0.0,0.0,0.0,42.1,15.59,100.0,True
CAND_00667,Cu19.41Fe23.05Ni44.42W13.12,4,0.0,0.0,0.0,19.41,23.05,0.0,0.0,0.0,44.42,0.0,0.0,13.12,100.0,True
CAND_00668,Cu21.16Ti32.95V22.55W23.34,4,0.0,0.0,0.0,21.16,0.0,0.0,0.0,0.0,0.0,32.95,22.55,23.34,100.0,True
CAND_00669,Al23.39Co20.08Cu24.53Mo32.00,4,23.39,20.08,0.0,24.53,0.0,0.0,32.0,0.0,0.0,0.0,0.0,0.0,100.0,True
CAND_00670,Al14.60Cr8.69Fe26.29Nb15.80Ti34.62,5,14.6,0.0,8.69,0.0,26.29,0.0,0.0,15.8,0.0,34.62,0.0,0.0,100.0,True
CAND_00671,Co24.33Cu18.94Fe8.69Mn31.91V16.13,5,0.0,24.33,0.0,18.94,8.69,31.91,0.0,0.0,0.0,0.0,16.13,0.0,99.99999999999999,True
CAND_00672,Cr32.77Cu25.54Nb16.70V24.99,4,0.0,0.0,32.77,25.54,0.0,0.0,0.0,16.7,0.0,0.0,24.99,0.0,100.0,True
CAND_00673,Cr20.83Fe8.63Mn11.99Ti37.25V21.30,5,0.0,0.0,20.83,0.0,8.63,11.99,0.0,0.0,0.0,37.25,21.3,0.0,100.0,True
CAND_00674,Cr27.15Cu24.10Mo16.53Nb17.18Ti7.81V7.23,6,0.0,0.0,27.15,24.1,0.0,0.0,16.53,17.18,0.0,7.81,7.23,0.0,100.00000000000001,True
CAND_00675,Cu8.79Fe21.23Mn28.31Nb6.04Ti20.77W14.86,6,0.0,0.0,0.0,8.79,21.23,28.31,0.0,6.04,0.0,20.77,0.0,14.86,100.0,True
CAND_00676,Cr31.12Mn11.35Nb41.20V16.33,4,0.0,0.0,31.12,0.0,0.0,11.35,0.0,41.2,0.0,0.0,16.33,0.0,100.0,True
CAND_00677,Cr35.45Fe11.65Mn14.34Nb9.12W29.44,5,0.0,0.0,35.45,0.0,11.65,14.34,0.0,9.12,0.0,0.0,0.0,29.44,100.0,True
CAND_00678,Cu23.34Nb13.22Ni35.88Ti19.55W8.01,5,0.0,0.0,0.0,23.34,0.0,0.0,0.0,13.22,35.88,19.55,0.0,8.01,100.0,True
CAND_00679,Co18.55Cu32.14Mo30.45Nb7.16Ti6.11W5.59,6,0.0,18.55,0.0,32.14,0.0,0.0,30.45,7.16,0.0,6.11,0.0,5.59,100.0,True
CAND_00680,Cr25.83Fe17.26Ti23.06W33.85,4,0.0,0.0,25.83,0.0,17.26,0.0,0.0,0.0,0.0,23.06,0.0,33.85,100.0,True
CAND_00681,Al22.14Mn22.03Ni13.27Ti16.24V26.32,5,22.14,0.0,0.0,0.0,0.0,22.03,0.0,0.0,13.27,16.24,26.32,0.0,100.0,True
CAND_00682,Al19.74Fe21.13Mn28.09Mo31.04,4,19.74,0.0,0.0,0.0,21.13,28.09,31.04,0.0,0.0,0.0,0.0,0.0,100.0,True
CAND_00683,Al23.00Co7.29Mn17.68Mo20.29Nb13.78Ti17.96,6,23.0,7.29,0.0,0.0,0.0,17.68,20.29,13.78,0.0,17.96,0.0,0.0,100.0,True
CAND_00684,Al35.65Nb7.49Ni12.55V26.70W17.61,5,35.65,0.0,0.0,0.0,0.0,0.0,0.0,7.49,12.55,0.0,26.7,17.61,100.0,True
CAND_00685,Al10.32Co10.80Cu33.78Nb8.81Ni16.43W19.86,6,10.32,10.8,0.0,33.78,0.0,0.0,0.0,8.81,16.43,0.0,0.0,19.86,100.00000000000001,True
CAND_00686,Al10.56Co21.84Cr21.57Fe6.57Ti33.75W5.71,6,10.56,21.84,21.57,0.0,6.57,0.0,0.0,0.0,0.0,33.75,0.0,5.71,99.99999999999999,True
CAND_00687,Cr13.57Cu11.11Mo43.29Nb22.88Ni9.15,5,0.0,0.0,13.57,11.11,0.0,0.0,43.29,22.88,9.15,0.0,0.0,0.0,100.0,True
CAND_00688,Co9.25Cr18.65Fe29.60Mo10.12Ti24.54W7.84,6,0.0,9.25,18.65,0.0,29.6,0.0,10.12,0.0,0.0,24.54,0.0,7.84,100.0,True
CAND_00689,Fe24.53Mn6.67Mo17.62Nb13.18Ni38.00,5,0.0,0.0,0.0,0.0,24.53,6.67,17.62,13.18,38.0,0.0,0.0,0.0,100.0,True
CAND_00690,Al16.04Co29.99Cr19.62Fe13.04Mn11.03V10.28,6,16.04,29.99,19.62,0.0,13.04,11.03,0.0,0.0,0.0,0.0,10.28,0.0,100.0,True
CAND_00691,Cr20.89Cu10.69Fe25.93Nb10.79Ti31.70,5,0.0,0.0,20.89,10.69,25.93,0.0,0.0,10.79,0.0,31.7,0.0,0.0,100.0,True
CAND_00692,Co18.48Cu9.71Fe19.41Ni10.55V22.99W18.86,6,0.0,18.48,0.0,9.71,19.41,0.0,0.0,0.0,10.55,0.0,22.99,18.86,100.0,True
CAND_00693,Co20.75Cr6.59Fe41.39Nb16.04W15.23,5,0.0,20.75,6.59,0.0,41.39,0.0,0.0,16.04,0.0,0.0,0.0,15.23,100.00000000000001,True
CAND_00694,Cr9.61Fe25.24Ti18.43V16.39W30.33,5,0.0,0.0,9.61,0.0,25.24,0.0,0.0,0.0,0.0,18.43,16.39,30.33,99.99999999999999,True
CAND_00695,Al24.17Fe12.64Mo27.56Ni10.15V18.45W7.03,6,24.17,0.0,0.0,0.0,12.64,0.0,27.56,0.0,10.15,0.0,18.45,7.03,100.00000000000001,True
CAND_00696,Cr24.73Fe39.85Nb16.38Ti7.71W11.33,5,0.0,0.0,24.73,0.0,39.85,0.0,0.0,16.38,0.0,7.71,0.0,11.33,99.99999999999999,True
CAND_00697,Al20.50Cu11.91Fe17.43Nb7.46Ti31.15W11.55,6,20.5,0.0,0.0,11.91,17.43,0.0,0.0,7.46,0.0,31.15,0.0,11.55,99.99999999999999,True
CAND_00698,Al8.61Cu17.72Mo15.21Nb28.12W30.34,5,8.61,0.0,0.0,17.72,0.0,0.0,15.21,28.12,0.0,0.0,0.0,30.34,100.0,True
CAND_00699,Al30.82Co15.24Mn21.02Ni24.54W8.38,5,30.82,15.24,0.0,0.0,0.0,21.02,0.0,0.0,24.54,0.0,0.0,8.38,100.0,True
CAND_00700,Al9.60Cu27.42Fe37.56Ni6.19V19.23,5,9.6,0.0,0.0,27.42,37.56,0.0,0.0,0.0,6.19,0.0,19.23,0.0,100.00000000000001,True
CAND_00701,Al10.68Mn15.95Mo38.90Ni6.62V27.85,5,10.68,0.0,0.0,0.0,0.0,15.95,38.9,0.0,6.62,0.0,27.85,0.0,100.0,True
CAND_00702,Cr27.90Cu9.76Fe6.67Ni28.28V27.39,5,0.0,0.0,27.9,9.76,6.67,0.0,0.0,0.0,28.28,0.0,27.39,0.0,100.0,True
CAND_00703,Cr5.78Fe24.48Mo8.63Nb32.64Ni5.99V22.48,6,0.0,0.0,5.78,0.0,24.48,0.0,8.63,32.64,5.99,0.0,22.48,0.0,100.0,True
CAND_00704,Co12.32Fe18.97Mo26.42Ni42.29,4,0.0,12.32,0.0,0.0,18.97,0.0,26.42,0.0,42.29,0.0,0.0,0.0,100.0,True
CAND_00705,Al15.91Cu20.60Nb26.68Ti36.81,4,15.91,0.0,0.0,20.6,0.0,0.0,0.0,26.68,0.0,36.81,0.0,0.0,100.0,True
CAND_00706,Cu39.60Mo14.28Ni28.22Ti17.90,4,0.0,0.0,0.0,39.6,0.0,0.0,14.28,0.0,28.22,17.9,0.0,0.0,100.0,True
CAND_00707,Cu24.09Nb22.09Ni31.43W22.39,4,0.0,0.0,0.0,24.09,0.0,0.0,0.0,22.09,31.43,0.0,0.0,22.39,100.0,True
CAND_00708,Al19.13Mn16.21Nb22.30Ti8.98V33.38,5,19.13,0.0,0.0,0.0,0.0,16.21,0.0,22.3,0.0,8.98,33.38,0.0,100.0,True
CAND_00709,Mo42.40Ni7.75Ti16.99V32.86,4,0.0,0.0,0.0,0.0,0.0,0.0,42.4,0.0,7.75,16.99,32.86,0.0,100.0,True
CAND_00710,Al8.60Cr28.17Cu7.20Mn12.06Ti19.13V24.84,6,8.6,0.0,28.17,7.2,0.0,12.06,0.0,0.0,0.0,19.13,24.84,0.0,100.00000000000001,True
CAND_00711,Al7.71Cr34.60Cu30.67Mn7.65Mo19.37,5,7.71,0.0,34.6,30.67,0.0,7.65,19.37,0.0,0.0,0.0,0.0,0.0,100.00000000000001,True
CAND_00712,Cr7.28Mn40.87Mo14.96Nb36.89,4,0.0,0.0,7.28,0.0,0.0,40.87,14.96,36.89,0.0,0.0,0.0,0.0,100.0,True
CAND_00713,Cr26.47Mo31.28Ni32.70W9.55,4,0.0,0.0,26.47,0.0,0.0,0.0,31.28,0.0,32.7,0.0,0.0,9.55,100.0,True
CAND_00714,Al16.04Co17.43Mn27.81V38.72,4,16.04,17.43,0.0,0.0,0.0,27.81,0.0,0.0,0.0,0.0,38.72,0.0,100.0,True
CAND_00715,Co44.82Cu19.61Ni15.88W19.69,4,0.0,44.82,0.0,19.61,0.0,0.0,0.0,0.0,15.88,0.0,0.0,19.69,100.0,True
CAND_00716,Cr34.60Nb26.43Ni9.55V29.42,4,0.0,0.0,34.6,0.0,0.0,0.0,0.0,26.43,9.55,0.0,29.42,0.0,100.0,True
CAND_00717,Co12.00Cr11.54Fe7.56Ti23.30V31.40W14.20,6,0.0,12.0,11.54,0.0,7.56,0.0,0.0,0.0,0.0,23.3,31.4,14.2,100.0,True
CAND_00718,Al43.14Co20.15Cu19.57Fe11.63Ni5.51,5,43.14,20.15,0.0,19.57,11.63,0.0,0.0,0.0,5.51,0.0,0.0,0.0,100.0,True
CAND_00719,Al18.11Cr10.73Cu20.24Fe14.86Ti28.69W7.37,6,18.11,0.0,10.73,20.24,14.86,0.0,0.0,0.0,0.0,28.69,0.0,7.37,100.0,True
CAND_00720,Al30.51Mo6.81Nb29.40W33.28,4,30.51,0.0,0.0,0.0,0.0,0.0,6.81,29.4,0.0,0.0,0.0,33.28,100.0,True
CAND_00721,Al24.71Cu24.38Mn6.79Ni28.47Ti15.65,5,24.71,0.0,0.0,24.38,0.0,6.79,0.0,0.0,28.47,15.65,0.0,0.0,100.0,True
CAND_00722,Mo29.72Ni9.64V35.35W25.29,4,0.0,0.0,0.0,0.0,0.0,0.0,29.72,0.0,9.64,0.0,35.35,25.29,100.0,True
CAND_00723,Cr14.82Cu6.22Mn22.76Mo27.71V28.49,5,0.0,0.0,14.82,6.22,0.0,22.76,27.71,0.0,0.0,0.0,28.49,0.0,99.99999999999999,True
CAND_00724,Cr33.01Cu15.79Mn15.96W35.24,4,0.0,0.0,33.01,15.79,0.0,15.96,0.0,0.0,0.0,0.0,0.0,35.24,100.0,True
CAND_00725,Mo6.45Nb37.39Ni34.20Ti21.96,4,0.0,0.0,0.0,0.0,0.0,0.0,6.45,37.39,34.2,21.96,0.0,0.0,100.0,True
CAND_00726,Al14.97Ni27.63Ti9.85V11.27W36.28,5,14.97,0.0,0.0,0.0,0.0,0.0,0.0,0.0,27.63,9.85,11.27,36.28,100.0,True
CAND_00727,Al20.38Co39.28Nb11.07V29.27,4,20.38,39.28,0.0,0.0,0.0,0.0,0.0,11.07,0.0,0.0,29.27,0.0,99.99999999999999,True
CAND_00728,Al8.31Cr23.18Cu29.62Fe33.64Mo5.25,5,8.31,0.0,23.18,29.62,33.64,0.0,5.25,0.0,0.0,0.0,0.0,0.0,100.0,True
CAND_00729,Al25.90Cr8.86Fe33.88Nb24.53W6.83,5,25.9,0.0,8.86,0.0,33.88,0.0,0.0,24.53,0.0,0.0,0.0,6.83,100.0,True
CAND_00730,Cu22.11Mn12.27Nb10.36Ni23.60W31.66,5,0.0,0.0,0.0,22.11,0.0,12.27,0.0,10.36,23.6,0.0,0.0,31.66,100.0,True
CAND_00731,Al27.71Co16.33Cr34.20V21.76,4,27.71,16.33,34.2,0.0,0.0,0.0,0.0,0.0,0.0,0.0,21.76,0.0,100.00000000000001,True
CAND_00732,Co17.52Mn9.42Mo15.58Ti11.16V10.41W35.91,6,0.0,17.52,0.0,0.0,0.0,9.42,15.58,0.0,0.0,11.16,10.41,35.91,99.99999999999999,True
CAND_00733,Co14.06Cr14.69Cu37.54Mn21.38V12.33,5,0.0,14.06,14.69,37.54,0.0,21.38,0.0,0.0,0.0,0.0,12.33,0.0,99.99999999999999,True
CAND_00734,Mn28.03Mo26.81V15.30W29.86,4,0.0,0.0,0.0,0.0,0.0,28.03,26.81,0.0,0.0,0.0,15.3,29.86,100.0,True
CAND_00735,Cr16.38Cu27.25Mo26.20Ni19.62V10.55,5,0.0,0.0,16.38,27.25,0.0,0.0,26.2,0.0,19.62,0.0,10.55,0.0,100.0,True
CAND_00736,Al7.77Cu5.54Fe12.84Ni41.79Ti32.06,5,7.77,0.0,0.0,5.54,12.84,0.0,0.0,0.0,41.79,32.06,0.0,0.0,100.0,True
CAND_00737,Cu41.77Mo5.79Nb18.72Ti33.72,4,0.0,0.0,0.0,41.77,0.0,0.0,5.79,18.72,0.0,33.72,0.0,0.0,100.0,True
CAND_00738,Al18.09Fe5.25Nb36.49Ni6.76V33.41,5,18.09,0.0,0.0,0.0,5.25,0.0,0.0,36.49,6.76,0.0,33.41,0.0,100.0,True
CAND_00739,Cr13.71Cu16.82Mo12.40Ni34.08V22.99,5,0.0,0.0,13.71,16.82,0.0,0.0,12.4,0.0,34.08,0.0,22.99,0.0,99.99999999999999,True
CAND_00740,Al33.78Cr21.56Nb17.40Ti10.67V16.59,5,33.78,0.0,21.56,0.0,0.0,0.0,0.0,17.4,0.0,10.67,16.59,0.0,100.00000000000001,True
CAND_00741,Al27.50Cr13.85Mo15.07V43.58,4,27.5,0.0,13.85,0.0,0.0,0.0,15.07,0.0,0.0,0.0,43.58,0.0,100.0,True
CAND_00742,Cr5.89Mo28.59Nb41.82Ni23.70,4,0.0,0.0,5.89,0.0,0.0,0.0,28.59,41.82,23.7,0.0,0.0,0.0,100.0,True
CAND_00743,Cr8.96Fe16.32Mn13.99Ti20.15W40.58,5,0.0,0.0,8.96,0.0,16.32,13.99,0.0,0.0,0.0,20.15,0.0,40.58,100.0,True
CAND_00744,Cr26.80Cu37.78Mn14.17Nb12.84Ni8.41,5,0.0,0.0,26.8,37.78,0.0,14.17,0.0,12.84,8.41,0.0,0.0,0.0,100.0,True
CAND_00745,Al38.14Cu10.73Fe9.68Nb11.32Ti19.37V10.76,6,38.14,0.0,0.0,10.73,9.68,0.0,0.0,11.32,0.0,19.37,10.76,0.0,100.00000000000001,True
CAND_00746,Cr29.56Fe31.98Nb6.79Ti14.17W17.50,5,0.0,0.0,29.56,0.0,31.98,0.0,0.0,6.79,0.0,14.17,0.0,17.5,100.0,True
CAND_00747,Al6.50Co12.90Mn17.76Nb13.19Ni34.01Ti15.64,6,6.5,12.9,0.0,0.0,0.0,17.76,0.0,13.19,34.01,15.64,0.0,0.0,99.99999999999999,True
CAND_00748,Al38.45Co16.28Cr7.72Mn29.21Ti8.34,5,38.45,16.28,7.72,0.0,0.0,29.21,0.0,0.0,0.0,8.34,0.0,0.0,100.0,True
CAND_00749,Co19.00Cu13.91Mn32.72Mo5.07Ni13.83W15.47,6,0.0,19.0,0.0,13.91,0.0,32.72,5.07,0.0,13.83,0.0,0.0,15.47,99.99999999999999,True
CAND_00750,Cr35.71Fe27.00Mo10.01Nb8.04W19.24,5,0.0,0.0,35.71,0.0,27.0,0.0,10.01,8.04,0.0,0.0,0.0,19.24,99.99999999999999,True
CAND_00751,Al34.72Cu32.77Ni11.25V21.26,4,34.72,0.0,0.0,32.77,0.0,0.0,0.0,0.0,11.25,0.0,21.26,0.0,100.00000000000001,True
CAND_00752,Co19.17Cu21.91Mo33.89Ni7.66Ti17.37,5,0.0,19.17,0.0,21.91,0.0,0.0,33.89,0.0,7.66,17.37,0.0,0.0,100.0,True
CAND_00753,Co8.52Cr34.32Fe8.65Mo17.92Nb30.59,5,0.0,8.52,34.32,0.0,8.65,0.0,17.92,30.59,0.0,0.0,0.0,0.0,100.0,True
CAND_00754,Co7.32Cu22.74Fe17.26Mn6.49Nb31.35W14.84,6,0.0,7.32,0.0,22.74,17.26,6.49,0.0,31.35,0.0,0.0,0.0,14.84,100.0,True
CAND_00755,Co33.21Fe6.45Mo6.54V15.66W38.14,5,0.0,33.21,0.0,0.0,6.45,0.0,6.54,0.0,0.0,0.0,15.66,38.14,100.0,True
CAND_00756,Co16.30Cr28.88Fe33.44Mn7.90Ti13.48,5,0.0,16.3,28.88,0.0,33.44,7.9,0.0,0.0,0.0,13.48,0.0,0.0,100.00000000000001,True
CAND_00757,Co11.89Cu19.93Mn44.95Mo5.01V5.77W12.45,6,0.0,11.89,0.0,19.93,0.0,44.95,5.01,0.0,0.0,0.0,5.77,12.45,100.00000000000001,True
CAND_00758,Co15.45Cu21.95Ni36.07V26.53,4,0.0,15.45,0.0,21.95,0.0,0.0,0.0,0.0,36.07,0.0,26.53,0.0,100.0,True
CAND_00759,Al39.52Mo24.48Ni10.41V25.59,4,39.52,0.0,0.0,0.0,0.0,0.0,24.48,0.0,10.41,0.0,25.59,0.0,100.0,True
CAND_00760,Fe19.52Mn14.26Mo32.29Ni18.72W15.21,5,0.0,0.0,0.0,0.0,19.52,14.26,32.29,0.0,18.72,0.0,0.0,15.21,100.0,True
CAND_00761,Al13.35Cu17.47Mn22.05Mo29.69Ni17.44,5,13.35,0.0,0.0,17.47,0.0,22.05,29.69,0.0,17.44,0.0,0.0,0.0,100.0,True
CAND_00762,Co24.47Mo6.37Nb15.15Ti28.44W25.57,5,0.0,24.47,0.0,0.0,0.0,0.0,6.37,15.15,0.0,28.44,0.0,25.57,100.0,True
CAND_00763,Co20.16Cr16.37Cu9.63Nb6.64Ti9.26W37.94,6,0.0,20.16,16.37,9.63,0.0,0.0,0.0,6.64,0.0,9.26,0.0,37.94,100.0,True
CAND_00764,Cr22.91Cu18.48Mn12.83Mo17.57Ni10.65V17.56,6,0.0,0.0,22.91,18.48,0.0,12.83,17.57,0.0,10.65,0.0,17.56,0.0,100.0,True
CAND_00765,Al23.46Cr6.45Fe16.52Nb7.92Ti37.51W8.14,6,23.46,0.0,6.45,0.0,16.52,0.0,0.0,7.92,0.0,37.51,0.0,8.14,100.0,True
CAND_00766,Cr12.10Mn19.96Ni37.00Ti6.55V7.47W16.92,6,0.0,0.0,12.1,0.0,0.0,19.96,0.0,0.0,37.0,6.55,7.47,16.92,100.0,True
CAND_00767,Co19.32Cu16.89Mn15.10Nb14.65V34.04,5,0.0,19.32,0.0,16.89,0.0,15.1,0.0,14.65,0.0,0.0,34.04,0.0,100.0,True
CAND_00768,Cr34.70Fe17.26Mn17.88Nb12.91Ni8.51V8.74,6,0.0,0.0,34.7,0.0,17.26,17.88,0.0,12.91,8.51,0.0,8.74,0.0,100.0,True
CAND_00769,Al31.13Cr12.33Mo37.09Nb19.45,4,31.13,0.0,12.33,0.0,0.0,0.0,37.09,19.45,0.0,0.0,0.0,0.0,100.00000000000001,True
CAND_00770,Al10.44Co39.43Mo13.26Nb13.60Ni18.05V5.22,6,10.44,39.43,0.0,0.0,0.0,0.0,13.26,13.6,18.05,0.0,5.22,0.0,99.99999999999999,True
CAND_00771,Al6.18Co10.21Cu16.75Ti18.86V11.74W36.26,6,6.18,10.21,0.0,16.75,0.0,0.0,0.0,0.0,0.0,18.86,11.74,36.26,100.0,True
CAND_00772,Al12.78Co19.55Cr29.18Fe13.18W25.31,5,12.78,19.55,29.18,0.0,13.18,0.0,0.0,0.0,0.0,0.0,0.0,25.31,100.0,True
CAND_00773,Co27.92Cu21.41Mn32.61Ti18.06,4,0.0,27.92,0.0,21.41,0.0,32.61,0.0,0.0,0.0,18.06,0.0,0.0,100.0,True
CAND_00774,Al43.16Cu6.46Mo14.18Ni36.20,4,43.16,0.0,0.0,6.46,0.0,0.0,14.18,0.0,36.2,0.0,0.0,0.0,100.0,True
CAND_00775,Fe21.71Mn39.00Mo26.78Nb12.51,4,0.0,0.0,0.0,0.0,21.71,39.0,26.78,12.51,0.0,0.0,0.0,0.0,100.00000000000001,True
CAND_00776,Cr37.01Mn15.54Ni18.09V29.36,4,0.0,0.0,37.01,0.0,0.0,15.54,0.0,0.0,18.09,0.0,29.36,0.0,100.0,True
CAND_00777,Cr28.77Cu14.22Fe13.74Mo13.00Ti11.59W18.68,6,0.0,0.0,28.77,14.22,13.74,0.0,13.0,0.0,0.0,11.59,0.0,18.68,100.0,True
CAND_00778,Al41.91Mo26.37Ni6.45W25.27,4,41.91,0.0,0.0,0.0,0.0,0.0,26.37,0.0,6.45,0.0,0.0,25.27,100.0,True
CAND_00779,Al29.60Cu13.33Mn39.13Ni17.94,4,29.6,0.0,0.0,13.33,0.0,39.13,0.0,0.0,17.94,0.0,0.0,0.0,100.0,True
CAND_00780,Al30.43Ni15.79V27.44W26.34,4,30.43,0.0,0.0,0.0,0.0,0.0,0.0,0.0,15.79,0.0,27.44,26.34,100.0,True
CAND_00781,Al23.94Co11.74Cr8.94Mn30.33Ni12.31Ti12.74,6,23.94,11.74,8.94,0.0,0.0,30.33,0.0,0.0,12.31,12.74,0.0,0.0,99.99999999999999,True
CAND_00782,Al7.73Cr44.10Fe16.63Mo22.44V9.10,5,7.73,0.0,44.1,0.0,16.63,0.0,22.44,0.0,0.0,0.0,9.1,0.0,99.99999999999999,True
CAND_00783,Al8.89Fe7.42Mn39.72Mo9.59V34.38,5,8.89,0.0,0.0,0.0,7.42,39.72,9.59,0.0,0.0,0.0,34.38,0.0,100.0,True
CAND_00784,Co19.54Cu28.59Ni13.99W37.88,4,0.0,19.54,0.0,28.59,0.0,0.0,0.0,0.0,13.99,0.0,0.0,37.88,100.0,True
CAND_00785,Al10.20Co33.39Cr9.30Mo19.90Nb11.53W15.68,6,10.2,33.39,9.3,0.0,0.0,0.0,19.9,11.53,0.0,0.0,0.0,15.68,100.0,True
CAND_00786,Cr24.85Cu22.25Nb7.69Ti14.42W30.79,5,0.0,0.0,24.85,22.25,0.0,0.0,0.0,7.69,0.0,14.42,0.0,30.79,100.0,True
CAND_00787,Cr13.48Fe17.27Mo26.43Ti17.11V25.71,5,0.0,0.0,13.48,0.0,17.27,0.0,26.43,0.0,0.0,17.11,25.71,0.0,100.0,True
CAND_00788,Al6.91Co37.85Nb8.54Ni9.52V11.07W26.11,6,6.91,37.85,0.0,0.0,0.0,0.0,0.0,8.54,9.52,0.0,11.07,26.11,100.00000000000001,True
CAND_00789,Cu9.04Fe19.35Mn7.06Mo36.34Ti28.21,5,0.0,0.0,0.0,9.04,19.35,7.06,36.34,0.0,0.0,28.21,0.0,0.0,100.0,True
CAND_00790,Al43.35Co6.66Cu20.59Mn8.85Ni7.32W13.23,6,43.35,6.66,0.0,20.59,0.0,8.85,0.0,0.0,7.32,0.0,0.0,13.23,100.00000000000001,True
CAND_00791,Co31.69Cr5.53Cu18.10Mn10.85Ti28.82W5.01,6,0.0,31.69,5.53,18.1,0.0,10.85,0.0,0.0,0.0,28.82,0.0,5.01,100.00000000000001,True
CAND_00792,Al43.54Cr22.27Fe13.73W20.46,4,43.54,0.0,22.27,0.0,13.73,0.0,0.0,0.0,0.0,0.0,0.0,20.46,100.0,True
CAND_00793,Fe22.26Mn40.67Nb6.21W30.86,4,0.0,0.0,0.0,0.0,22.26,40.67,0.0,6.21,0.0,0.0,0.0,30.86,100.0,True
CAND_00794,Al8.83Cu27.82Mo9.43Nb8.20Ni19.84W25.88,6,8.83,0.0,0.0,27.82,0.0,0.0,9.43,8.2,19.84,0.0,0.0,25.88,100.0,True
CAND_00795,Co12.27Cr26.98Cu7.47Mn10.81Ni13.75Ti28.72,6,0.0,12.27,26.98,7.47,0.0,10.81,0.0,0.0,13.75,28.72,0.0,0.0,100.0,True
CAND_00796,Fe13.94Nb34.10Ti15.89W36.07,4,0.0,0.0,0.0,0.0,13.94,0.0,0.0,34.1,0.0,15.89,0.0,36.07,100.0,True
CAND_00797,Mn7.22Mo11.26Nb44.58Ti12.58W24.36,5,0.0,0.0,0.0,0.0,0.0,7.22,11.26,44.58,0.0,12.58,0.0,24.36,100.0,True
CAND_00798,Mn22.34Mo7.73Ti28.79V41.14,4,0.0,0.0,0.0,0.0,0.0,22.34,7.73,0.0,0.0,28.79,41.14,0.0,100.0,True
CAND_00799,Al25.97Cr8.24Fe11.78Mn40.10Nb13.91,5,25.97,0.0,8.24,0.0,11.78,40.1,0.0,13.91,0.0,0.0,0.0,0.0,100.0,True
CAND_00800,Cr15.40Cu41.09Mn37.26Ti6.25,4,0.0,0.0,15.4,41.09,0.0,37.26,0.0,0.0,0.0,6.25,0.0,0.0,100.0,True
CAND_00801,Al9.10Co20.99Cu21.79Mn16.24Nb10.12Ni21.76,6,9.1,20.99,0.0,21.79,0.0,16.24,0.0,10.12,21.76,0.0,0.0,0.0,100.0,True
CAND_00802,Co19.83Mo6.85Ni11.07Ti12.04V29.47W20.74,6,0.0,19.83,0.0,0.0,0.0,0.0,6.85,0.0,11.07,12.04,29.47,20.74,99.99999999999999,True
CAND_00803,Al33.68Nb25.26Ti31.00V10.06,4,33.68,0.0,0.0,0.0,0.0,0.0,0.0,25.26,0.0,31.0,10.06,0.0,100.0,True
CAND_00804,Al29.69Cu24.49Fe21.36Mn24.46,4,29.69,0.0,0.0,24.49,21.36,24.46,0.0,0.0,0.0,0.0,0.0,0.0,100.0,True
CAND_00805,Co30.84Cr10.34Nb27.45Ti12.88V18.49,5,0.0,30.84,10.34,0.0,0.0,0.0,0.0,27.45,0.0,12.88,18.49,0.0,99.99999999999999,True
CAND_00806,Co16.28Cr15.46Mo34.47Ni33.79,4,0.0,16.28,15.46,0.0,0.0,0.0,34.47,0.0,33.79,0.0,0.0,0.0,100.0,True
CAND_00807,Co22.28Mo38.61Nb19.46V19.65,4,0.0,22.28,0.0,0.0,0.0,0.0,38.61,19.46,0.0,0.0,19.65,0.0,100.0,True
CAND_00808,Co7.66Cu13.92Fe30.49Mn14.95Mo15.26Ti17.72,6,0.0,7.66,0.0,13.92,30.49,14.95,15.26,0.0,0.0,17.72,0.0,0.0,100.0,True
CAND_00809,Al24.55Co24.62Fe24.44Mo26.39,4,24.55,24.62,0.0,0.0,24.44,0.0,26.39,0.0,0.0,0.0,0.0,0.0,100.0,True
CAND_00810,Co8.89Cr20.09Mn14.92Mo29.69Ni26.41,5,0.0,8.89,20.09,0.0,0.0,14.92,29.69,0.0,26.41,0.0,0.0,0.0,100.0,True
CAND_00811,Co18.14Cr39.70Mo18.59V12.78W10.79,5,0.0,18.14,39.7,0.0,0.0,0.0,18.59,0.0,0.0,0.0,12.78,10.79,100.0,True
CAND_00812,Mo19.17Nb7.02Ni9.08V37.97W26.76,5,0.0,0.0,0.0,0.0,0.0,0.0,19.17,7.02,9.08,0.0,37.97,26.76,100.00000000000001,True
CAND_00813,Co18.51Mn40.55V19.22W21.72,4,0.0,18.51,0.0,0.0,0.0,40.55,0.0,0.0,0.0,0.0,19.22,21.72,100.0,True
CAND_00814,Cr12.46Cu23.35Ti19.27V44.92,4,0.0,0.0,12.46,23.35,0.0,0.0,0.0,0.0,0.0,19.27,44.92,0.0,100.0,True
CAND_00815,Al8.26Cu35.73Nb41.54Ti14.47,4,8.26,0.0,0.0,35.73,0.0,0.0,0.0,41.54,0.0,14.47,0.0,0.0,100.0,True
CAND_00816,Cu37.00Fe6.88Mo9.63Ni35.33Ti11.16,5,0.0,0.0,0.0,37.0,6.88,0.0,9.63,0.0,35.33,11.16,0.0,0.0,100.0,True
CAND_00817,Al19.42Mn29.52Mo12.07Ni38.99,4,19.42,0.0,0.0,0.0,0.0,29.52,12.07,0.0,38.99,0.0,0.0,0.0,100.0,True
CAND_00818,Al21.81Co36.51V15.77W25.91,4,21.81,36.51,0.0,0.0,0.0,0.0,0.0,0.0,0.0,0.0,15.77,25.91,99.99999999999999,True
CAND_00819,Al16.83Cr30.24Cu26.52Mn26.41,4,16.83,0.0,30.24,26.52,0.0,26.41,0.0,0.0,0.0,0.0,0.0,0.0,99.99999999999999,True
CAND_00820,Al23.94Mn19.14Mo31.62Nb7.30Ni18.00,5,23.94,0.0,0.0,0.0,0.0,19.14,31.62,7.3,18.0,0.0,0.0,0.0,100.0,True
CAND_00821,Al25.94Cu23.17Mo16.56Nb24.69Ti9.64,5,25.94,0.0,0.0,23.17,0.0,0.0,16.56,24.69,0.0,9.64,0.0,0.0,100.0,True
CAND_00822,Cu8.61Mn10.36Nb38.52Ni42.51,4,0.0,0.0,0.0,8.61,0.0,10.36,0.0,38.52,42.51,0.0,0.0,0.0,100.0,True
CAND_00823,Al15.64Cr22.99Cu24.72Mn12.85Nb8.68Ti15.12,6,15.64,0.0,22.99,24.72,0.0,12.85,0.0,8.68,0.0,15.12,0.0,0.0,100.0,True
CAND_00824,Al39.67Cu5.36Fe16.01Mo14.91Nb11.08V12.97,6,39.67,0.0,0.0,5.36,16.01,0.0,14.91,11.08,0.0,0.0,12.97,0.0,100.0,True
CAND_00825,Al20.88Nb6.30Ni9.05V42.72W21.05,5,20.88,0.0,0.0,0.0,0.0,0.0,0.0,6.3,9.05,0.0,42.72,21.05,100.0,True
CAND_00826,Co38.37Cu26.63Mn13.12Mo11.29W10.59,5,0.0,38.37,0.0,26.63,0.0,13.12,11.29,0.0,0.0,0.0,0.0,10.59,100.0,True
CAND_00827,Al19.99Mn16.15Mo6.46Ni30.01V17.11W10.28,6,19.99,0.0,0.0,0.0,0.0,16.15,6.46,0.0,30.01,0.0,17.11,10.28,100.0,True
CAND_00828,Al5.67Mn7.80Mo18.00Nb42.09Ni8.43Ti18.01,6,5.67,0.0,0.0,0.0,0.0,7.8,18.0,42.09,8.43,18.01,0.0,0.0,100.00000000000001,True
CAND_00829,Co13.89Cu41.22Mn7.74Mo37.15,4,0.0,13.89,0.0,41.22,0.0,7.74,37.15,0.0,0.0,0.0,0.0,0.0,100.0,True
CAND_00830,Cu14.80Mn30.01Nb9.42Ni9.09Ti23.14W13.54,6,0.0,0.0,0.0,14.8,0.0,30.01,0.0,9.42,9.09,23.14,0.0,13.54,100.0,True
CAND_00831,Al5.08Cu11.21Fe31.17Mo37.34Nb5.97Ni9.23,6,5.08,0.0,0.0,11.21,31.17,0.0,37.34,5.97,9.23,0.0,0.0,0.0,100.00000000000001,True
CAND_00832,Cu15.23Mo19.00V34.84W30.93,4,0.0,0.0,0.0,15.23,0.0,0.0,19.0,0.0,0.0,0.0,34.84,30.93,100.0,True
CAND_00833,Fe23.36Mn17.96Nb8.78V12.89W37.01,5,0.0,0.0,0.0,0.0,23.36,17.96,0.0,8.78,0.0,0.0,12.89,37.01,100.0,True
CAND_00834,Al31.32Co13.69Cu16.53Fe11.90Ti16.87V9.69,6,31.32,13.69,0.0,16.53,11.9,0.0,0.0,0.0,0.0,16.87,9.69,0.0,100.0,True
CAND_00835,Cu10.00Fe22.69Mn34.44Ti25.62W7.25,5,0.0,0.0,0.0,10.0,22.69,34.44,0.0,0.0,0.0,25.62,0.0,7.25,100.0,True
CAND_00836,Al26.95Fe27.98Mo29.61V15.46,4,26.95,0.0,0.0,0.0,27.98,0.0,29.61,0.0,0.0,0.0,15.46,0.0,100.0,True
CAND_00837,Al21.94Cr27.08Mn16.21Mo13.24Nb11.10Ni10.43,6,21.94,0.0,27.08,0.0,0.0,16.21,13.24,11.1,10.43,0.0,0.0,0.0,99.99999999999997,True
CAND_00838,Al21.61Mn12.69Mo35.89Ti22.85V6.96,5,21.61,0.0,0.0,0.0,0.0,12.69,35.89,0.0,0.0,22.85,6.96,0.0,99.99999999999999,True
CAND_00839,Fe39.96Ni41.69V5.60W12.75,4,0.0,0.0,0.0,0.0,39.96,0.0,0.0,0.0,41.69,0.0,5.6,12.75,100.0,True
CAND_00840,Cr35.26Mn11.24Mo12.92Nb11.02Ni20.37W9.19,6,0.0,0.0,35.26,0.0,0.0,11.24,12.92,11.02,20.37,0.0,0.0,9.19,100.0,True
CAND_00841,Al22.44Co19.65Cr14.91Fe6.70Mn29.89Ni6.41,6,22.44,19.65,14.91,0.0,6.7,29.89,0.0,0.0,6.41,0.0,0.0,0.0,100.0,True
CAND_00842,Al7.55Cr11.47Mn13.19Mo21.22Nb26.27Ti20.30,6,7.55,0.0,11.47,0.0,0.0,13.19,21.22,26.27,0.0,20.3,0.0,0.0,100.0,True
CAND_00843,Co10.42Fe8.04Mn17.02Nb26.05V30.87W7.60,6,0.0,10.42,0.0,0.0,8.04,17.02,0.0,26.05,0.0,0.0,30.87,7.6,100.0,True
CAND_00844,Al8.75Mn17.17Mo22.78Ti26.23V25.07,5,8.75,0.0,0.0,0.0,0.0,17.17,22.78,0.0,0.0,26.23,25.07,0.0,100.0,True
CAND_00845,Co17.93Cr23.62Cu17.06Fe25.46Ti15.93,5,0.0,17.93,23.62,17.06,25.46,0.0,0.0,0.0,0.0,15.93,0.0,0.0,100.0,True
CAND_00846,Cr9.66Mn40.03Nb28.97Ni21.34,4,0.0,0.0,9.66,0.0,0.0,40.03,0.0,28.97,21.34,0.0,0.0,0.0,100.0,True
CAND_00847,Cr16.87Fe13.09Ni40.63Ti11.19W18.22,5,0.0,0.0,16.87,0.0,13.09,0.0,0.0,0.0,40.63,11.19,0.0,18.22,100.0,True
CAND_00848,Co44.96Fe20.69Mo10.81Nb10.23V13.31,5,0.0,44.96,0.0,0.0,20.69,0.0,10.81,10.23,0.0,0.0,13.31,0.0,100.00000000000001,True
CAND_00849,Co39.33Cu16.82Fe9.74Nb15.09Ni9.86W9.16,6,0.0,39.33,0.0,16.82,9.74,0.0,0.0,15.09,9.86,0.0,0.0,9.16,100.0,True
CAND_00850,Al44.34Cu16.45Ni27.86Ti11.35,4,44.34,0.0,0.0,16.45,0.0,0.0,0.0,0.0,27.86,11.35,0.0,0.0,100.0,True
CAND_00851,Co22.69Ni9.68Ti21.28V15.64W30.71,5,0.0,22.69,0.0,0.0,0.0,0.0,0.0,0.0,9.68,21.28,15.64,30.71,100.0,True
CAND_00852,Cr19.13Nb33.47Ni40.52W6.88,4,0.0,0.0,19.13,0.0,0.0,0.0,0.0,33.47,40.52,0.0,0.0,6.88,100.0,True
CAND_00853,Al13.76Cr25.66Cu40.95Nb19.63,4,13.76,0.0,25.66,40.95,0.0,0.0,0.0,19.63,0.0,0.0,0.0,0.0,100.0,True
CAND_00854,Al20.68Co13.55Cu12.64Mo12.05Nb27.76Ni13.32,6,20.68,13.55,0.0,12.64,0.0,0.0,12.05,27.76,13.32,0.0,0.0,0.0,100.0,True
CAND_00855,Al42.58Fe6.95Mo11.00Nb8.17Ti23.64V7.66,6,42.58,0.0,0.0,0.0,6.95,0.0,11.0,8.17,0.0,23.64,7.66,0.0,100.0,True
CAND_00856,Al11.24Cr23.72Nb37.53Ni27.51,4,11.24,0.0,23.72,0.0,0.0,0.0,0.0,37.53,27.51,0.0,0.0,0.0,100.00000000000001,True
CAND_00857,Cu20.14Fe12.87Mn24.24Mo27.07Ti15.68,5,0.0,0.0,0.0,20.14,12.87,24.24,27.07,0.0,0.0,15.68,0.0,0.0,100.0,True
CAND_00858,Co6.86Fe5.50Mn38.02Nb10.42Ni18.42V20.78,6,0.0,6.86,0.0,0.0,5.5,38.02,0.0,10.42,18.42,0.0,20.78,0.0,100.0,True
CAND_00859,Cu15.19Fe9.74Nb7.15Ni19.27V38.02W10.63,6,0.0,0.0,0.0,15.19,9.74,0.0,0.0,7.15,19.27,0.0,38.02,10.63,100.0,True
CAND_00860,Co7.29Cu11.65Mn12.55Mo21.84Ni11.91Ti34.76,6,0.0,7.29,0.0,11.65,0.0,12.55,21.84,0.0,11.91,34.76,0.0,0.0,100.0,True
CAND_00861,Al12.15Cr7.49Fe19.40Mn17.35Mo43.61,5,12.15,0.0,7.49,0.0,19.4,17.35,43.61,0.0,0.0,0.0,0.0,0.0,100.0,True
CAND_00862,Cu25.30Mo16.96Ni41.64Ti16.10,4,0.0,0.0,0.0,25.3,0.0,0.0,16.96,0.0,41.64,16.1,0.0,0.0,100.0,True
CAND_00863,Cr15.31Mn36.52Nb29.76Ti10.54V7.87,5,0.0,0.0,15.31,0.0,0.0,36.52,0.0,29.76,0.0,10.54,7.87,0.0,100.0,True
CAND_00864,Al10.89Cr36.68Mn41.25Mo11.18,4,10.89,0.0,36.68,0.0,0.0,41.25,11.18,0.0,0.0,0.0,0.0,0.0,100.0,True
CAND_00865,Al22.20Cu11.06Nb10.42Ni44.62W11.70,5,22.2,0.0,0.0,11.06,0.0,0.0,0.0,10.42,44.62,0.0,0.0,11.7,100.0,True
CAND_00866,Al36.18Fe20.43Ni32.83Ti10.56,4,36.18,0.0,0.0,0.0,20.43,0.0,0.0,0.0,32.83,10.56,0.0,0.0,100.0,True
CAND_00867,Cu5.22Mn38.73Mo15.02Nb26.78Ni6.95Ti7.30,6,0.0,0.0,0.0,5.22,0.0,38.73,15.02,26.78,6.95,7.3,0.0,0.0,100.0,True
CAND_00868,Co14.00Mn15.38Ni34.35Ti7.37V28.90,5,0.0,14.0,0.0,0.0,0.0,15.38,0.0,0.0,34.35,7.37,28.9,0.0,100.0,True
CAND_00869,Al6.17Co35.87Cu5.13Fe18.92Ti33.91,5,6.17,35.87,0.0,5.13,18.92,0.0,0.0,0.0,0.0,33.91,0.0,0.0,100.0,True
CAND_00870,Cr18.07Cu6.94Fe34.09V40.90,4,0.0,0.0,18.07,6.94,34.09,0.0,0.0,0.0,0.0,0.0,40.9,0.0,100.0,True
CAND_00871,Cr19.94Fe11.22Mn26.65Mo17.79Nb18.59Ti5.81,6,0.0,0.0,19.94,0.0,11.22,26.65,17.79,18.59,0.0,5.81,0.0,0.0,100.0,True
CAND_00872,Fe13.76Nb27.92Ni37.45Ti12.52W8.35,5,0.0,0.0,0.0,0.0,13.76,0.0,0.0,27.92,37.45,12.52,0.0,8.35,99.99999999999999,True
CAND_00873,Al7.26Co6.70Mn29.70Ti12.15W44.19,5,7.26,6.7,0.0,0.0,0.0,29.7,0.0,0.0,0.0,12.15,0.0,44.19,100.0,True
CAND_00874,Al28.72Cr11.46Cu8.60Mn13.14Nb29.90Ni8.18,6,28.72,0.0,11.46,8.6,0.0,13.14,0.0,29.9,8.18,0.0,0.0,0.0,100.0,True
CAND_00875,Co25.85Mo18.02Ni7.37Ti22.16V14.91W11.69,6,0.0,25.85,0.0,0.0,0.0,0.0,18.02,0.0,7.37,22.16,14.91,11.69,100.0,True
CAND_00876,Al21.02Cr35.42Fe15.84Ni14.94W12.78,5,21.02,0.0,35.42,0.0,15.84,0.0,0.0,0.0,14.94,0.0,0.0,12.78,100.0,True
CAND_00877,Al13.03Co26.69Nb8.60V18.08W33.60,5,13.03,26.69,0.0,0.0,0.0,0.0,0.0,8.6,0.0,0.0,18.08,33.6,100.0,True
CAND_00878,Cr16.06Cu39.70Nb11.82Ti6.63V6.46W19.33,6,0.0,0.0,16.06,39.7,0.0,0.0,0.0,11.82,0.0,6.63,6.46,19.33,100.0,True
CAND_00879,Co29.16Cr21.02Fe8.82Ni6.03Ti18.00W16.97,6,0.0,29.16,21.02,0.0,8.82,0.0,0.0,0.0,6.03,18.0,0.0,16.97,100.0,True
CAND_00880,Co10.06Cr9.11Cu40.54Nb19.69V20.60,5,0.0,10.06,9.11,40.54,0.0,0.0,0.0,19.69,0.0,0.0,20.6,0.0,100.0,True
CAND_00881,Al13.28Co40.95Nb12.09Ni21.82V11.86,5,13.28,40.95,0.0,0.0,0.0,0.0,0.0,12.09,21.82,0.0,11.86,0.0,100.00000000000001,True
CAND_00882,Al7.61Cr20.24Mn22.29Mo19.54V5.74W24.58,6,7.61,0.0,20.24,0.0,0.0,22.29,19.54,0.0,0.0,0.0,5.74,24.58,100.0,True
CAND_00883,Al24.29Cr19.67Cu6.53Nb20.98Ni13.30V15.23,6,24.29,0.0,19.67,6.53,0.0,0.0,0.0,20.98,13.3,0.0,15.23,0.0,100.0,True
CAND_00884,Al17.79Cr15.54Fe11.49Mn17.57Mo23.08Nb14.53,6,17.79,0.0,15.54,0.0,11.49,17.57,23.08,14.53,0.0,0.0,0.0,0.0,100.0,True
CAND_00885,Cr31.94Mo31.33Ti19.56W17.17,4,0.0,0.0,31.94,0.0,0.0,0.0,31.33,0.0,0.0,19.56,0.0,17.17,100.0,True
CAND_00886,Al29.73Fe22.18Mo7.63Nb27.88Ti12.58,5,29.73,0.0,0.0,0.0,22.18,0.0,7.63,27.88,0.0,12.58,0.0,0.0,100.0,True
CAND_00887,Fe28.17Nb20.68Ni28.96V22.19,4,0.0,0.0,0.0,0.0,28.17,0.0,0.0,20.68,28.96,0.0,22.19,0.0,100.0,True
CAND_00888,Al14.07Mo32.17Nb22.06Ti7.74W23.96,5,14.07,0.0,0.0,0.0,0.0,0.0,32.17,22.06,0.0,7.74,0.0,23.96,100.0,True
CAND_00889,Co11.50Cu11.88Fe11.34Mo15.26V37.02W13.00,6,0.0,11.5,0.0,11.88,11.34,0.0,15.26,0.0,0.0,0.0,37.02,13.0,100.0,True
CAND_00890,Fe41.38Mn15.03Ni10.07V16.28W17.24,5,0.0,0.0,0.0,0.0,41.38,15.03,0.0,0.0,10.07,0.0,16.28,17.24,100.0,True
CAND_00891,Co38.97Mo5.05Ni23.82W32.16,4,0.0,38.97,0.0,0.0,0.0,0.0,5.05,0.0,23.82,0.0,0.0,32.16,100.0,True
CAND_00892,Co14.63Cr17.32Fe13.74Mn35.44Mo6.21Ti12.66,6,0.0,14.63,17.32,0.0,13.74,35.44,6.21,0.0,0.0,12.66,0.0,0.0,99.99999999999999,True
CAND_00893,Co24.30Nb20.53Ni17.23W37.94,4,0.0,24.3,0.0,0.0,0.0,0.0,0.0,20.53,17.23,0.0,0.0,37.94,100.0,True
CAND_00894,Al5.92Co24.48Fe9.17Mn12.32Mo27.51Ni20.60,6,5.92,24.48,0.0,0.0,9.17,12.32,27.51,0.0,20.6,0.0,0.0,0.0,100.0,True
CAND_00895,Al16.80Mn44.57Mo6.96Nb31.67,4,16.8,0.0,0.0,0.0,0.0,44.57,6.96,31.67,0.0,0.0,0.0,0.0,100.0,True
CAND_00896,Co23.15Fe25.81Mn6.42Mo36.14Nb8.48,5,0.0,23.15,0.0,0.0,25.81,6.42,36.14,8.48,0.0,0.0,0.0,0.0,100.0,True
CAND_00897,Fe16.94Ni39.97V23.08W20.01,4,0.0,0.0,0.0,0.0,16.94,0.0,0.0,0.0,39.97,0.0,23.08,20.01,100.0,True
CAND_00898,Mo35.00Ti15.77V19.92W29.31,4,0.0,0.0,0.0,0.0,0.0,0.0,35.0,0.0,0.0,15.77,19.92,29.31,100.0,True
CAND_00899,Al10.37Cu11.07Mn33.71Mo21.02Nb15.87Ti7.96,6,10.37,0.0,0.0,11.07,0.0,33.71,21.02,15.87,0.0,7.96,0.0,0.0,100.0,True
CAND_00900,Al23.56Co26.41Cu15.37Fe15.97Ni10.66Ti8.03,6,23.56,26.41,0.0,15.37,15.97,0.0,0.0,0.0,10.66,8.03,0.0,0.0,100.0,True
CAND_00901,Cr25.96Cu25.23Fe25.63Ni8.00W15.18,5,0.0,0.0,25.96,25.23,25.63,0.0,0.0,0.0,8.0,0.0,0.0,15.18,100.0,True
CAND_00902,Co10.52Cr10.57Nb22.07Ni7.16V11.58W38.10,6,0.0,10.52,10.57,0.0,0.0,0.0,0.0,22.07,7.16,0.0,11.58,38.1,100.0,True
CAND_00903,Al19.52Cu10.08Fe16.65Mo27.68V13.66W12.41,6,19.52,0.0,0.0,10.08,16.65,0.0,27.68,0.0,0.0,0.0,13.66,12.41,100.0,True
CAND_00904,Cr25.19Nb25.75Ti21.91W27.15,4,0.0,0.0,25.19,0.0,0.0,0.0,0.0,25.75,0.0,21.91,0.0,27.15,100.0,True
CAND_00905,Al18.51Co10.32Nb8.94Ti29.80V20.80W11.63,6,18.51,10.32,0.0,0.0,0.0,0.0,0.0,8.94,0.0,29.8,20.8,11.63,100.0,True
CAND_00906,Cu20.30Mo14.63Nb37.42V17.35W10.30,5,0.0,0.0,0.0,20.3,0.0,0.0,14.63,37.42,0.0,0.0,17.35,10.3,99.99999999999999,True
CAND_00907,Cr26.57Mn18.44Mo5.60Ni9.74Ti18.98W20.67,6,0.0,0.0,26.57,0.0,0.0,18.44,5.6,0.0,9.74,18.98,0.0,20.67,100.00000000000001,True
CAND_00908,Al36.95Fe26.09Mn10.65Mo5.35W20.96,5,36.95,0.0,0.0,0.0,26.09,10.65,5.35,0.0,0.0,0.0,0.0,20.96,100.0,True
CAND_00909,Al19.35Cr24.25Cu14.36Mo16.15Nb25.89,5,19.35,0.0,24.25,14.36,0.0,0.0,16.15,25.89,0.0,0.0,0.0,0.0,100.0,True
CAND_00910,Co22.34Cu34.83Mo15.00Ti15.31W12.52,5,0.0,22.34,0.0,34.83,0.0,0.0,15.0,0.0,0.0,15.31,0.0,12.52,100.0,True
CAND_00911,Co28.37Cr5.65Fe15.80Mo16.33Ni33.85,5,0.0,28.37,5.65,0.0,15.8,0.0,16.33,0.0,33.85,0.0,0.0,0.0,100.0,True
CAND_00912,Al11.14Co15.95Fe26.87Ni20.10W25.94,5,11.14,15.95,0.0,0.0,26.87,0.0,0.0,0.0,20.1,0.0,0.0,25.94,100.0,True
CAND_00913,Co30.41Cu35.48Mn20.49Ti13.62,4,0.0,30.41,0.0,35.48,0.0,20.49,0.0,0.0,0.0,13.62,0.0,0.0,100.0,True
CAND_00914,Al13.62Co9.76Cr36.35Mo23.13Ti17.14,5,13.62,9.76,36.35,0.0,0.0,0.0,23.13,0.0,0.0,17.14,0.0,0.0,100.0,True
CAND_00915,Al22.58Fe23.74Mo15.48Nb18.45Ni10.91Ti8.84,6,22.58,0.0,0.0,0.0,23.74,0.0,15.48,18.45,10.91,8.84,0.0,0.0,100.0,True
CAND_00916,Cr24.99Cu17.78Fe19.44Nb12.57Ti25.22,5,0.0,0.0,24.99,17.78,19.44,0.0,0.0,12.57,0.0,25.22,0.0,0.0,100.0,True
CAND_00917,Cr25.89Fe23.34Mn12.22Nb24.93V13.62,5,0.0,0.0,25.89,0.0,23.34,12.22,0.0,24.93,0.0,0.0,13.62,0.0,100.0,True
CAND_00918,Cu21.89Mo19.00Nb23.98Ni35.13,4,0.0,0.0,0.0,21.89,0.0,0.0,19.0,23.98,35.13,0.0,0.0,0.0,100.0,True
CAND_00919,Cr34.59Ni36.51Ti19.10W9.80,4,0.0,0.0,34.59,0.0,0.0,0.0,0.0,0.0,36.51,19.1,0.0,9.8,99.99999999999999,True
CAND_00920,Co23.24Cu22.81Mn16.61Nb7.27Ni14.67V15.40,6,0.0,23.24,0.0,22.81,0.0,16.61,0.0,7.27,14.67,0.0,15.4,0.0,100.0,True
CAND_00921,Al14.97Cu11.88Mn7.81Mo17.65Ti41.80V5.89,6,14.97,0.0,0.0,11.88,0.0,7.81,17.65,0.0,0.0,41.8,5.89,0.0,100.0,True
CAND_00922,Co6.10Cr8.75Cu21.37Fe30.32Mo21.26W12.20,6,0.0,6.1,8.75,21.37,30.32,0.0,21.26,0.0,0.0,0.0,0.0,12.2,100.0,True
CAND_00923,Al28.22Cr8.97Cu23.28Fe10.92V28.61,5,28.22,0.0,8.97,23.28,10.92,0.0,0.0,0.0,0.0,0.0,28.61,0.0,100.0,True
CAND_00924,Al12.58Cr25.66Mn14.28Ti16.46V18.14W12.88,6,12.58,0.0,25.66,0.0,0.0,14.28,0.0,0.0,0.0,16.46,18.14,12.88,100.0,True
CAND_00925,Co5.42Cr25.17Mn35.49Mo7.35Nb9.94Ti16.63,6,0.0,5.42,25.17,0.0,0.0,35.49,7.35,9.94,0.0,16.63,0.0,0.0,100.0,True
CAND_00926,Fe31.08Mn15.03Mo11.01Nb10.51Ni32.37,5,0.0,0.0,0.0,0.0,31.08,15.03,11.01,10.51,32.37,0.0,0.0,0.0,100.0,True
CAND_00927,Al18.72Co20.32Cr14.34Cu7.30Nb24.91V14.41,6,18.72,20.32,14.34,7.3,0.0,0.0,0.0,24.91,0.0,0.0,14.41,0.0,99.99999999999999,True
CAND_00928,Co31.06Fe34.11Mo10.09V14.91W9.83,5,0.0,31.06,0.0,0.0,34.11,0.0,10.09,0.0,0.0,0.0,14.91,9.83,100.0,True
CAND_00929,Cr20.99Mn23.80Mo10.98V15.89W28.34,5,0.0,0.0,20.99,0.0,0.0,23.8,10.98,0.0,0.0,0.0,15.89,28.34,100.0,True
CAND_00930,Cr25.73Mo43.47Nb20.34Ni10.46,4,0.0,0.0,25.73,0.0,0.0,0.0,43.47,20.34,10.46,0.0,0.0,0.0,100.0,True
CAND_00931,Al28.40Cr28.61Cu10.90Fe12.54W19.55,5,28.4,0.0,28.61,10.9,12.54,0.0,0.0,0.0,0.0,0.0,0.0,19.55,99.99999999999999,True
CAND_00932,Al25.93Mn28.18Ni9.11Ti36.78,4,25.93,0.0,0.0,0.0,0.0,28.18,0.0,0.0,9.11,36.78,0.0,0.0,100.0,True
CAND_00933,Cr10.69Fe6.62Nb40.36Ni42.33,4,0.0,0.0,10.69,0.0,6.62,0.0,0.0,40.36,42.33,0.0,0.0,0.0,100.0,True
CAND_00934,Al9.02Co5.10Cr27.11Cu25.21Mo14.15Ni19.41,6,9.02,5.1,27.11,25.21,0.0,0.0,14.15,0.0,19.41,0.0,0.0,0.0,100.0,True
CAND_00935,Cu21.20Fe43.20Ni13.25V22.35,4,0.0,0.0,0.0,21.2,43.2,0.0,0.0,0.0,13.25,0.0,22.35,0.0,100.0,True
CAND_00936,Al34.37Cr21.99Fe16.65Mn6.33V20.66,5,34.37,0.0,21.99,0.0,16.65,6.33,0.0,0.0,0.0,0.0,20.66,0.0,99.99999999999999,True
CAND_00937,Al20.48Fe19.46Ni16.79V11.00W32.27,5,20.48,0.0,0.0,0.0,19.46,0.0,0.0,0.0,16.79,0.0,11.0,32.27,100.0,True
CAND_00938,Al8.74Cr6.75Cu23.20Ti40.18V21.13,5,8.74,0.0,6.75,23.2,0.0,0.0,0.0,0.0,0.0,40.18,21.13,0.0,100.0,True
CAND_00939,Co13.53Cu30.49Fe13.59Mo29.16Ti6.67V6.56,6,0.0,13.53,0.0,30.49,13.59,0.0,29.16,0.0,0.0,6.67,6.56,0.0,100.0,True
CAND_00940,Cr13.55Cu6.37Mn13.45Mo43.36Ni23.27,5,0.0,0.0,13.55,6.37,0.0,13.45,43.36,0.0,23.27,0.0,0.0,0.0,100.0,True
CAND_00941,Al37.05Co13.82Fe17.67Nb14.61Ni16.85,5,37.05,13.82,0.0,0.0,17.67,0.0,0.0,14.61,16.85,0.0,0.0,0.0,100.0,True
CAND_00942,Al24.94Cu21.55Fe31.47Nb22.04,4,24.94,0.0,0.0,21.55,31.47,0.0,0.0,22.04,0.0,0.0,0.0,0.0,100.0,True
CAND_00943,Al24.96Cu14.96Mo11.16Ti25.14V23.78,5,24.96,0.0,0.0,14.96,0.0,0.0,11.16,0.0,0.0,25.14,23.78,0.0,100.0,True
CAND_00944,Co25.17Cr14.75Fe14.25Nb19.71W26.12,5,0.0,25.17,14.75,0.0,14.25,0.0,0.0,19.71,0.0,0.0,0.0,26.12,100.0,True
CAND_00945,Fe10.25Ni24.99Ti40.45W24.31,4,0.0,0.0,0.0,0.0,10.25,0.0,0.0,0.0,24.99,40.45,0.0,24.31,100.0,True
CAND_00946,Co11.49Cr16.21Cu11.87Fe22.94Ni14.64Ti22.85,6,0.0,11.49,16.21,11.87,22.94,0.0,0.0,0.0,14.64,22.85,0.0,0.0,100.0,True
CAND_00947,Cr17.91Cu10.66Fe19.62Ni23.73V28.08,5,0.0,0.0,17.91,10.66,19.62,0.0,0.0,0.0,23.73,0.0,28.08,0.0,100.0,True
CAND_00948,Al10.76Cr33.20Mn16.00Mo26.90W13.14,5,10.76,0.0,33.2,0.0,0.0,16.0,26.9,0.0,0.0,0.0,0.0,13.14,100.0,True
CAND_00949,Al7.32Cu18.28Mn19.38Mo5.30V26.90W22.82,6,7.32,0.0,0.0,18.28,0.0,19.38,5.3,0.0,0.0,0.0,26.9,22.82,100.0,True
CAND_00950,Cu15.98Fe29.01V29.37W25.64,4,0.0,0.0,0.0,15.98,29.01,0.0,0.0,0.0,0.0,0.0,29.37,25.64,100.0,True
CAND_00951,Co28.93Mn16.51Mo13.94Nb12.38V28.24,5,0.0,28.93,0.0,0.0,0.0,16.51,13.94,12.38,0.0,0.0,28.24,0.0,99.99999999999999,True
CAND_00952,Al20.15Co31.69Cr14.56Cu27.59W6.01,5,20.15,31.69,14.56,27.59,0.0,0.0,0.0,0.0,0.0,0.0,0.0,6.01,100.00000000000001,True
CAND_00953,Al35.70Cr27.98Fe25.75Nb10.57,4,35.7,0.0,27.98,0.0,25.75,0.0,0.0,10.57,0.0,0.0,0.0,0.0,100.0,True
CAND_00954,Al24.39Co28.40Fe16.35Mo8.39Ti22.47,5,24.39,28.4,0.0,0.0,16.35,0.0,8.39,0.0,0.0,22.47,0.0,0.0,100.0,True
CAND_00955,Cr28.32Fe11.85Mn26.45Ti33.38,4,0.0,0.0,28.32,0.0,11.85,26.45,0.0,0.0,0.0,33.38,0.0,0.0,100.0,True
CAND_00956,Cu16.80Mo10.59Nb8.91Ni25.88Ti37.82,5,0.0,0.0,0.0,16.8,0.0,0.0,10.59,8.91,25.88,37.82,0.0,0.0,100.0,True
CAND_00957,Al19.59Cr18.93Cu28.96Ni9.43W23.09,5,19.59,0.0,18.93,28.96,0.0,0.0,0.0,0.0,9.43,0.0,0.0,23.09,100.0,True
CAND_00958,Cu8.65Fe35.37Mo14.24Nb15.30Ti11.15V15.29,6,0.0,0.0,0.0,8.65,35.37,0.0,14.24,15.3,0.0,11.15,15.29,0.0,100.0,True
CAND_00959,Co20.29Cr9.40Fe13.81Mo27.57Ni20.24Ti8.69,6,0.0,20.29,9.4,0.0,13.81,0.0,27.57,0.0,20.24,8.69,0.0,0.0,99.99999999999999,True
CAND_00960,Al37.55Cr34.69Cu6.86Fe6.29Mn5.32Nb9.29,6,37.55,0.0,34.69,6.86,6.29,5.32,0.0,9.29,0.0,0.0,0.0,0.0,100.0,True
CAND_00961,Al27.83Co31.70Mn27.82Ti12.65,4,27.83,31.7,0.0,0.0,0.0,27.82,0.0,0.0,0.0,12.65,0.0,0.0,100.0,True
CAND_00962,Cr27.99Cu19.95Ni31.22V20.84,4,0.0,0.0,27.99,19.95,0.0,0.0,0.0,0.0,31.22,0.0,20.84,0.0,100.0,True
CAND_00963,Al14.76Co8.46Mn33.32Ti27.03W16.43,5,14.76,8.46,0.0,0.0,0.0,33.32,0.0,0.0,0.0,27.03,0.0,16.43,100.0,True
CAND_00964,Co12.03Cr39.30Cu6.63Nb27.79W14.25,5,0.0,12.03,39.3,6.63,0.0,0.0,0.0,27.79,0.0,0.0,0.0,14.25,100.0,True
CAND_00965,Fe27.48Mn25.87Nb6.49Ti12.42W27.74,5,0.0,0.0,0.0,0.0,27.48,25.87,0.0,6.49,0.0,12.42,0.0,27.74,100.0,True
CAND_00966,Cu15.69Mn14.14Mo9.44Nb25.38Ni13.14V22.21,6,0.0,0.0,0.0,15.69,0.0,14.14,9.44,25.38,13.14,0.0,22.21,0.0,100.0,True
CAND_00967,Co23.17Cr29.61Mn17.05Nb12.71Ni17.46,5,0.0,23.17,29.61,0.0,0.0,17.05,0.0,12.71,17.46,0.0,0.0,0.0,100.0,True
CAND_00968,Al29.57Mo22.40Nb11.96Ni20.32W15.75,5,29.57,0.0,0.0,0.0,0.0,0.0,22.4,11.96,20.32,0.0,0.0,15.75,100.0,True
CAND_00969,Cu32.32Mo24.32Ti26.87V5.31W11.18,5,0.0,0.0,0.0,32.32,0.0,0.0,24.32,0.0,0.0,26.87,5.31,11.18,100.0,True
CAND_00970,Al21.40Cu5.58Fe44.88Mo7.08Ni13.12Ti7.94,6,21.4,0.0,0.0,5.58,44.88,0.0,7.08,0.0,13.12,7.94,0.0,0.0,100.0,True
CAND_00971,Co7.29Cu14.59Mn7.18Mo33.94V37.00,5,0.0,7.29,0.0,14.59,0.0,7.18,33.94,0.0,0.0,0.0,37.0,0.0,100.0,True
CAND_00972,Co41.99Cr26.69Nb24.42Ti6.90,4,0.0,41.99,26.69,0.0,0.0,0.0,0.0,24.42,0.0,6.9,0.0,0.0,100.00000000000001,True
CAND_00973,Co32.08Cu11.63Nb36.58Ni6.65Ti13.06,5,0.0,32.08,0.0,11.63,0.0,0.0,0.0,36.58,6.65,13.06,0.0,0.0,100.0,True
CAND_00974,Al24.17Fe27.33Mo8.06Ti6.58V33.86,5,24.17,0.0,0.0,0.0,27.33,0.0,8.06,0.0,0.0,6.58,33.86,0.0,100.0,True
CAND_00975,Co35.68Cr37.51Mo10.66V16.15,4,0.0,35.68,37.51,0.0,0.0,0.0,10.66,0.0,0.0,0.0,16.15,0.0,100.0,True
CAND_00976,Al19.68Cu22.52Mn23.96Mo19.95W13.89,5,19.68,0.0,0.0,22.52,0.0,23.96,19.95,0.0,0.0,0.0,0.0,13.89,100.0,True
CAND_00977,Al6.55Co14.50Mo24.63Ti28.53W25.79,5,6.55,14.5,0.0,0.0,0.0,0.0,24.63,0.0,0.0,28.53,0.0,25.79,100.0,True
CAND_00978,Cu32.66Mn39.75Mo12.26Ti15.33,4,0.0,0.0,0.0,32.66,0.0,39.75,12.26,0.0,0.0,15.33,0.0,0.0,100.0,True
CAND_00979,Cr22.88Fe15.92Mo35.26W25.94,4,0.0,0.0,22.88,0.0,15.92,0.0,35.26,0.0,0.0,0.0,0.0,25.94,100.0,True
CAND_00980,Al12.58Cr21.87Fe22.04Mn5.24Mo17.81Nb20.46,6,12.58,0.0,21.87,0.0,22.04,5.24,17.81,20.46,0.0,0.0,0.0,0.0,100.0,True
CAND_00981,Cu22.22Mn9.23Mo21.55Nb37.89W9.11,5,0.0,0.0,0.0,22.22,0.0,9.23,21.55,37.89,0.0,0.0,0.0,9.11,100.0,True
CAND_00982,Fe31.16Mo7.79Nb40.55Ni20.50,4,0.0,0.0,0.0,0.0,31.16,0.0,7.79,40.55,20.5,0.0,0.0,0.0,100.0,True
CAND_00983,Co15.88Mo10.47Ni29.22Ti11.90V17.82W14.71,6,0.0,15.88,0.0,0.0,0.0,0.0,10.47,0.0,29.22,11.9,17.82,14.71,100.0,True
CAND_00984,Co33.59Cu10.67Mn27.10W28.64,4,0.0,33.59,0.0,10.67,0.0,27.1,0.0,0.0,0.0,0.0,0.0,28.64,100.00000000000001,True
CAND_00985,Al42.60Mn27.83Mo16.32Ti13.25,4,42.6,0.0,0.0,0.0,0.0,27.83,16.32,0.0,0.0,13.25,0.0,0.0,100.0,True
CAND_00986,Cr31.62Fe26.93Mo31.26Nb10.19,4,0.0,0.0,31.62,0.0,26.93,0.0,31.26,10.19,0.0,0.0,0.0,0.0,100.0,True
CAND_00987,Cu11.55Fe12.48Nb24.02Ni16.09V14.45W21.41,6,0.0,0.0,0.0,11.55,12.48,0.0,0.0,24.02,16.09,0.0,14.45,21.41,100.0,True
CAND_00988,Al34.06Nb24.89Ni17.15W23.90,4,34.06,0.0,0.0,0.0,0.0,0.0,0.0,24.89,17.15,0.0,0.0,23.9,100.0,True
CAND_00989,Cr8.55Cu16.67Fe22.19Mn7.61Mo29.13V15.85,6,0.0,0.0,8.55,16.67,22.19,7.61,29.13,0.0,0.0,0.0,15.85,0.0,100.0,True
CAND_00990,Co10.51Cr8.51Cu21.86Fe31.44Ti8.87V18.81,6,0.0,10.51,8.51,21.86,31.44,0.0,0.0,0.0,0.0,8.87,18.81,0.0,100.0,True
CAND_00991,Al8.77Co20.50Fe20.15Mn7.37Nb16.01W27.20,6,8.77,20.5,0.0,0.0,20.15,7.37,0.0,16.01,0.0,0.0,0.0,27.2,100.0,True
CAND_00992,Fe15.19Mn8.05Mo12.58Nb36.93Ni18.14W9.11,6,0.0,0.0,0.0,0.0,15.19,8.05,12.58,36.93,18.14,0.0,0.0,9.11,100.0,True
CAND_00993,Al21.23Cr7.64Cu11.95Fe18.61Ni40.57,5,21.23,0.0,7.64,11.95,18.61,0.0,0.0,0.0,40.57,0.0,0.0,0.0,100.0,True
CAND_00994,Co27.65Fe19.90Mo19.50Ti8.40V24.55,5,0.0,27.65,0.0,0.0,19.9,0.0,19.5,0.0,0.0,8.4,24.55,0.0,100.0,True
CAND_00995,Co10.43Cu20.18Mn9.84Nb29.59Ni7.22Ti22.74,6,0.0,10.43,0.0,20.18,0.0,9.84,0.0,29.59,7.22,22.74,0.0,0.0,100.0,True
CAND_00996,Al25.07Cr10.08Mo6.17Nb37.41V21.27,5,25.07,0.0,10.08,0.0,0.0,0.0,6.17,37.41,0.0,0.0,21.27,0.0,99.99999999999999,True
CAND_00997,Cu13.82Mo17.19Nb32.50Ni16.97Ti19.52,5,0.0,0.0,0.0,13.82,0.0,0.0,17.19,32.5,16.97,19.52,0.0,0.0,100.0,True
CAND_00998,Cr21.77Nb30.50Ni19.53W28.20,4,0.0,0.0,21.77,0.0,0.0,0.0,0.0,30.5,19.53,0.0,0.0,28.2,100.0,True
CAND_00999,Co11.65Cu31.36Mo35.93Nb21.06,4,0.0,11.65,0.0,31.36,0.0,0.0,35.93,21.06,0.0,0.0,0.0,0.0,100.0,True
CAND_01000,Fe13.29Mn36.39V8.97W41.35,4,0.0,0.0,0.0,0.0,13.29,36.39,0.0,0.0,0.0,0.0,8.97,41.35,100.0,True
CAND_01001,Cu36.17Fe37.90Mn11.12Ti14.81,4,0.0,0.0,0.0,36.17,37.9,11.12,0.0,0.0,0.0,14.81,0.0,0.0,100.0,True
CAND_01002,Fe26.37Ni27.70Ti17.65V28.28,4,0.0,0.0,0.0,0.0,26.37,0.0,0.0,0.0,27.7,17.65,28.28,0.0,100.0,True
CAND_01003,Co30.54Cr20.62Mn23.06Mo6.64W19.14,5,0.0,30.54,20.62,0.0,0.0,23.06,6.64,0.0,0.0,0.0,0.0,19.14,100.0,True
CAND_01004,Al7.75Co40.26Cu28.92Mo9.47Nb13.60,5,7.75,40.26,0.0,28.92,0.0,0.0,9.47,13.6,0.0,0.0,0.0,0.0,100.0,True
CAND_01005,Cr18.48Cu42.02Fe17.02Mn13.41Ni9.07,5,0.0,0.0,18.48,42.02,17.02,13.41,0.0,0.0,9.07,0.0,0.0,0.0,100.0,True
CAND_01006,Cu9.95Mo41.10Ni6.80Ti29.56V12.59,5,0.0,0.0,0.0,9.95,0.0,0.0,41.1,0.0,6.8,29.56,12.59,0.0,100.0,True
CAND_01007,Al30.44Co22.57Cr17.66V29.33,4,30.44,22.57,17.66,0.0,0.0,0.0,0.0,0.0,0.0,0.0,29.33,0.0,100.0,True
CAND_01008,Al26.63Co27.65Cu11.42Ni34.30,4,26.63,27.65,0.0,11.42,0.0,0.0,0.0,0.0,34.3,0.0,0.0,0.0,100.0,True
CAND_01009,Al21.70Mn18.58Mo9.74V16.81W33.17,5,21.7,0.0,0.0,0.0,0.0,18.58,9.74,0.0,0.0,0.0,16.81,33.17,100.0,True
CAND_01010,Co11.30Cr24.62Ni15.19Ti11.95W36.94,5,0.0,11.3,24.62,0.0,0.0,0.0,0.0,0.0,15.19,11.95,0.0,36.94,100.0,True
CAND_01011,Co13.52Cu10.10Mo13.12Nb16.27Ni18.75W28.24,6,0.0,13.52,0.0,10.1,0.0,0.0,13.12,16.27,18.75,0.0,0.0,28.24,99.99999999999999,True
CAND_01012,Co23.50Cu21.41Mn13.48Mo9.25Ni12.99V19.37,6,0.0,23.5,0.0,21.41,0.0,13.48,9.25,0.0,12.99,0.0,19.37,0.0,100.0,True
CAND_01013,Co32.88Cr5.66Fe36.78Mo7.70Nb16.98,5,0.0,32.88,5.66,0.0,36.78,0.0,7.7,16.98,0.0,0.0,0.0,0.0,100.00000000000001,True
CAND_01014,Al37.15Fe11.66Ni23.63Ti7.98V19.58,5,37.15,0.0,0.0,0.0,11.66,0.0,0.0,0.0,23.63,7.98,19.58,0.0,100.0,True
CAND_01015,Co19.83Cr42.61Mo30.45W7.11,4,0.0,19.83,42.61,0.0,0.0,0.0,30.45,0.0,0.0,0.0,0.0,7.11,100.0,True
CAND_01016,Al10.45Cr41.87Mo13.18W34.50,4,10.45,0.0,41.87,0.0,0.0,0.0,13.18,0.0,0.0,0.0,0.0,34.5,100.0,True
CAND_01017,Cr10.39Cu22.29Mn13.54Nb42.37V11.41,5,0.0,0.0,10.39,22.29,0.0,13.54,0.0,42.37,0.0,0.0,11.41,0.0,100.0,True
CAND_01018,Al12.84Fe17.99Nb32.83Ni25.33V11.01,5,12.84,0.0,0.0,0.0,17.99,0.0,0.0,32.83,25.33,0.0,11.01,0.0,100.0,True
CAND_01019,Co14.13Cu35.03Fe12.77W38.07,4,0.0,14.13,0.0,35.03,12.77,0.0,0.0,0.0,0.0,0.0,0.0,38.07,100.0,True
CAND_01020,Cu13.00Mn13.35Mo34.97V38.68,4,0.0,0.0,0.0,13.0,0.0,13.35,34.97,0.0,0.0,0.0,38.68,0.0,100.0,True
CAND_01021,Co9.96Cu40.45Fe10.17Nb39.42,4,0.0,9.96,0.0,40.45,10.17,0.0,0.0,39.42,0.0,0.0,0.0,0.0,100.0,True
CAND_01022,Al25.52Co13.31Mo18.76Ti21.05V13.30W8.06,6,25.52,13.31,0.0,0.0,0.0,0.0,18.76,0.0,0.0,21.05,13.3,8.06,100.0,True
CAND_01023,Co39.56Cr13.91Nb15.89Ni12.46Ti18.18,5,0.0,39.56,13.91,0.0,0.0,0.0,0.0,15.89,12.46,18.18,0.0,0.0,100.0,True
CAND_01024,Al19.43Co20.11Cu10.18Fe18.12Mn8.42Mo23.74,6,19.43,20.11,0.0,10.18,18.12,8.42,23.74,0.0,0.0,0.0,0.0,0.0,100.0,True
CAND_01025,Co17.82Cu34.63Ni8.16V39.39,4,0.0,17.82,0.0,34.63,0.0,0.0,0.0,0.0,8.16,0.0,39.39,0.0,100.0,True
CAND_01026,Fe18.02Mo21.86Nb18.68Ni26.67V14.77,5,0.0,0.0,0.0,0.0,18.02,0.0,21.86,18.68,26.67,0.0,14.77,0.0,99.99999999999999,True
CAND_01027,Co21.34Fe16.64Mo20.76Ti41.26,4,0.0,21.34,0.0,0.0,16.64,0.0,20.76,0.0,0.0,41.26,0.0,0.0,100.0,True
CAND_01028,Mn5.76Mo12.22Ti7.82V40.59W33.61,5,0.0,0.0,0.0,0.0,0.0,5.76,12.22,0.0,0.0,7.82,40.59,33.61,100.0,True
CAND_01029,Al13.26Fe17.81Mn34.41Nb17.45Ni7.13V9.94,6,13.26,0.0,0.0,0.0,17.81,34.41,0.0,17.45,7.13,0.0,9.94,0.0,99.99999999999999,True
CAND_01030,Cr29.39Mn26.01Nb21.56Ni5.71Ti6.14V11.19,6,0.0,0.0,29.39,0.0,0.0,26.01,0.0,21.56,5.71,6.14,11.19,0.0,100.0,True
CAND_01031,Cr29.89Fe10.80Mo24.86Nb7.02Ni16.97V10.46,6,0.0,0.0,29.89,0.0,10.8,0.0,24.86,7.02,16.97,0.0,10.46,0.0,100.0,True
CAND_01032,Al22.48Fe18.08Mn25.83Mo33.61,4,22.48,0.0,0.0,0.0,18.08,25.83,33.61,0.0,0.0,0.0,0.0,0.0,100.0,True
CAND_01033,Al11.72Co10.03Fe27.73Mo22.94Nb17.45Ti10.13,6,11.72,10.03,0.0,0.0,27.73,0.0,22.94,17.45,0.0,10.13,0.0,0.0,100.0,True
CAND_01034,Cr18.50Cu17.73Mo12.09Nb22.91Ti8.88W19.89,6,0.0,0.0,18.5,17.73,0.0,0.0,12.09,22.91,0.0,8.88,0.0,19.89,100.0,True
CAND_01035,Al12.33Cr40.95Fe19.68Ti27.04,4,12.33,0.0,40.95,0.0,19.68,0.0,0.0,0.0,0.0,27.04,0.0,0.0,100.0,True
CAND_01036,Cu29.27Mn10.39Ni12.06V32.92W15.36,5,0.0,0.0,0.0,29.27,0.0,10.39,0.0,0.0,12.06,0.0,32.92,15.36,100.0,True
CAND_01037,Cu11.40Fe21.24Ni24.94V42.42,4,0.0,0.0,0.0,11.4,21.24,0.0,0.0,0.0,24.94,0.0,42.42,0.0,100.0,True
CAND_01038,Co31.79Cr16.56Cu11.96Mn25.18Ti6.59W7.92,6,0.0,31.79,16.56,11.96,0.0,25.18,0.0,0.0,0.0,6.59,0.0,7.92,100.0,True
CAND_01039,Co24.08Ni15.44Ti30.09V19.89W10.50,5,0.0,24.08,0.0,0.0,0.0,0.0,0.0,0.0,15.44,30.09,19.89,10.5,100.0,True
CAND_01040,Al18.39Co22.82Cr25.06Fe9.11Mn14.68W9.94,6,18.39,22.82,25.06,0.0,9.11,14.68,0.0,0.0,0.0,0.0,0.0,9.94,100.0,True
CAND_01041,Co22.02Cr22.07Mn13.65Mo20.57Nb21.69,5,0.0,22.02,22.07,0.0,0.0,13.65,20.57,21.69,0.0,0.0,0.0,0.0,100.0,True
CAND_01042,Cu32.64Fe14.88Mo35.14W17.34,4,0.0,0.0,0.0,32.64,14.88,0.0,35.14,0.0,0.0,0.0,0.0,17.34,100.0,True
CAND_01043,Al16.61Co19.16Nb33.21Ti17.45W13.57,5,16.61,19.16,0.0,0.0,0.0,0.0,0.0,33.21,0.0,17.45,0.0,13.57,100.0,True
CAND_01044,Co5.02Cu8.06Mo44.75Ti6.69W35.48,5,0.0,5.02,0.0,8.06,0.0,0.0,44.75,0.0,0.0,6.69,0.0,35.48,100.0,True
CAND_01045,Al21.40Co10.95Cu17.06Mo27.25Ni14.40Ti8.94,6,21.4,10.95,0.0,17.06,0.0,0.0,27.25,0.0,14.4,8.94,0.0,0.0,100.0,True
CAND_01046,Cu21.29Fe10.32Mn9.28Nb17.14Ti16.12V25.85,6,0.0,0.0,0.0,21.29,10.32,9.28,0.0,17.14,0.0,16.12,25.85,0.0,100.0,True
CAND_01047,Co24.83Cu16.17Fe27.22Mn8.28V8.69W14.81,6,0.0,24.83,0.0,16.17,27.22,8.28,0.0,0.0,0.0,0.0,8.69,14.81,100.0,True
CAND_01048,Cr23.37Mn18.77Mo23.50W34.36,4,0.0,0.0,23.37,0.0,0.0,18.77,23.5,0.0,0.0,0.0,0.0,34.36,100.0,True
CAND_01049,Co6.67Cr20.97Cu23.63Nb14.14Ti34.59,5,0.0,6.67,20.97,23.63,0.0,0.0,0.0,14.14,0.0,34.59,0.0,0.0,100.0,True
CAND_01050,Al17.68Fe5.84Mn19.69V25.48W31.31,5,17.68,0.0,0.0,0.0,5.84,19.69,0.0,0.0,0.0,0.0,25.48,31.31,100.0,True
CAND_01051,Al14.24Fe24.93Mn16.01Ni44.82,4,14.24,0.0,0.0,0.0,24.93,16.01,0.0,0.0,44.82,0.0,0.0,0.0,100.0,True
CAND_01052,Fe43.35Mn10.99Nb26.23W19.43,4,0.0,0.0,0.0,0.0,43.35,10.99,0.0,26.23,0.0,0.0,0.0,19.43,100.0,True
CAND_01053,Co13.91Mo39.19Ni20.34Ti9.04V17.52,5,0.0,13.91,0.0,0.0,0.0,0.0,39.19,0.0,20.34,9.04,17.52,0.0,99.99999999999999,True
CAND_01054,Cr21.90Fe23.93Nb24.46Ni17.01Ti12.70,5,0.0,0.0,21.9,0.0,23.93,0.0,0.0,24.46,17.01,12.7,0.0,0.0,100.0,True
CAND_01055,Al25.64Co15.61Cr11.17Fe26.51Nb9.61W11.46,6,25.64,15.61,11.17,0.0,26.51,0.0,0.0,9.61,0.0,0.0,0.0,11.46,100.0,True
CAND_01056,Al29.49Co13.83Mo11.47Ni32.75V12.46,5,29.49,13.83,0.0,0.0,0.0,0.0,11.47,0.0,32.75,0.0,12.46,0.0,100.0,True
CAND_01057,Cr16.22Mn5.94Mo23.23Nb21.02V24.89W8.70,6,0.0,0.0,16.22,0.0,0.0,5.94,23.23,21.02,0.0,0.0,24.89,8.7,100.0,True
CAND_01058,Co22.03Mo21.79Ni19.95Ti12.32W23.91,5,0.0,22.03,0.0,0.0,0.0,0.0,21.79,0.0,19.95,12.32,0.0,23.91,100.0,True
CAND_01059,Cu19.29Fe16.38Mn16.16Mo31.86Nb16.31,5,0.0,0.0,0.0,19.29,16.38,16.16,31.86,16.31,0.0,0.0,0.0,0.0,100.0,True
CAND_01060,Al16.21Cu21.93Fe10.66Nb7.19Ni44.01,5,16.21,0.0,0.0,21.93,10.66,0.0,0.0,7.19,44.01,0.0,0.0,0.0,100.0,True
CAND_01061,Mn29.28Mo20.02Nb24.16Ti26.54,4,0.0,0.0,0.0,0.0,0.0,29.28,20.02,24.16,0.0,26.54,0.0,0.0,100.0,True
CAND_01062,Co17.99Cu32.01Fe27.50Nb22.50,4,0.0,17.99,0.0,32.01,27.5,0.0,0.0,22.5,0.0,0.0,0.0,0.0,100.0,True
CAND_01063,Al11.61Fe21.64Mo22.72Nb10.41Ti33.62,5,11.61,0.0,0.0,0.0,21.64,0.0,22.72,10.41,0.0,33.62,0.0,0.0,100.0,True
CAND_01064,Co17.57Mn28.15Mo8.33Ti13.29W32.66,5,0.0,17.57,0.0,0.0,0.0,28.15,8.33,0.0,0.0,13.29,0.0,32.66,100.0,True
CAND_01065,Al24.71Cu24.49Nb22.04Ni28.76,4,24.71,0.0,0.0,24.49,0.0,0.0,0.0,22.04,28.76,0.0,0.0,0.0,100.00000000000001,True
CAND_01066,Cr12.72Fe35.69Ni22.53W29.06,4,0.0,0.0,12.72,0.0,35.69,0.0,0.0,0.0,22.53,0.0,0.0,29.06,100.0,True
CAND_01067,Cr37.59Mn41.82Nb12.41W8.18,4,0.0,0.0,37.59,0.0,0.0,41.82,0.0,12.41,0.0,0.0,0.0,8.18,100.0,True
CAND_01068,Al38.59Co9.39Fe10.48Mn34.81Nb6.73,5,38.59,9.39,0.0,0.0,10.48,34.81,0.0,6.73,0.0,0.0,0.0,0.0,100.00000000000001,True
CAND_01069,Al12.86Fe18.39Nb24.68Ni24.41V19.66,5,12.86,0.0,0.0,0.0,18.39,0.0,0.0,24.68,24.41,0.0,19.66,0.0,100.0,True
CAND_01070,Al13.44Fe18.79Nb30.80Ni21.26W15.71,5,13.44,0.0,0.0,0.0,18.79,0.0,0.0,30.8,21.26,0.0,0.0,15.71,100.0,True
CAND_01071,Cu16.30Mn27.03Ni23.93W32.74,4,0.0,0.0,0.0,16.3,0.0,27.03,0.0,0.0,23.93,0.0,0.0,32.74,100.0,True
CAND_01072,Co15.53Cr19.28Cu9.53Mn19.96Mo35.70,5,0.0,15.53,19.28,9.53,0.0,19.96,35.7,0.0,0.0,0.0,0.0,0.0,100.00000000000001,True
CAND_01073,Cr28.09Cu6.36Fe32.92Nb17.53Ti15.10,5,0.0,0.0,28.09,6.36,32.92,0.0,0.0,17.53,0.0,15.1,0.0,0.0,100.0,True
CAND_01074,Co37.00Fe15.14Mn23.06Mo6.52W18.28,5,0.0,37.0,0.0,0.0,15.14,23.06,6.52,0.0,0.0,0.0,0.0,18.28,100.0,True
CAND_01075,Co33.48Cr36.60Mn9.08V20.84,4,0.0,33.48,36.6,0.0,0.0,9.08,0.0,0.0,0.0,0.0,20.84,0.0,100.0,True
CAND_01076,Cu7.33Fe21.24Ni9.00Ti17.90V24.34W20.19,6,0.0,0.0,0.0,7.33,21.24,0.0,0.0,0.0,9.0,17.9,24.34,20.19,100.0,True
CAND_01077,Al32.88Fe28.55Mo13.43Nb8.51W16.63,5,32.88,0.0,0.0,0.0,28.55,0.0,13.43,8.51,0.0,0.0,0.0,16.63,100.00000000000001,True
CAND_01078,Cr14.58Cu14.46Mn13.68Ni5.44Ti32.20V19.64,6,0.0,0.0,14.58,14.46,0.0,13.68,0.0,0.0,5.44,32.2,19.64,0.0,100.0,True
CAND_01079,Al18.52Cr13.24Mo39.47W28.77,4,18.52,0.0,13.24,0.0,0.0,0.0,39.47,0.0,0.0,0.0,0.0,28.77,99.99999999999999,True
CAND_01080,Mn14.07Mo18.26Nb22.92Ti19.22V14.05W11.48,6,0.0,0.0,0.0,0.0,0.0,14.07,18.26,22.92,0.0,19.22,14.05,11.48,100.0,True
CAND_01081,Mn22.97Ni10.16V36.80W30.07,4,0.0,0.0,0.0,0.0,0.0,22.97,0.0,0.0,10.16,0.0,36.8,30.07,100.0,True
CAND_01082,Co9.99Cu16.56Mn24.42V15.38W33.65,5,0.0,9.99,0.0,16.56,0.0,24.42,0.0,0.0,0.0,0.0,15.38,33.65,100.0,True
CAND_01083,Cu15.46Fe14.96Mo13.01Nb10.54Ni19.15Ti26.88,6,0.0,0.0,0.0,15.46,14.96,0.0,13.01,10.54,19.15,26.88,0.0,0.0,100.0,True
CAND_01084,Al20.45Co40.88Cu24.60Mn14.07,4,20.45,40.88,0.0,24.6,0.0,14.07,0.0,0.0,0.0,0.0,0.0,0.0,100.0,True
CAND_01085,Cr32.93Cu7.32Fe20.27Ni24.89V14.59,5,0.0,0.0,32.93,7.32,20.27,0.0,0.0,0.0,24.89,0.0,14.59,0.0,100.0,True
CAND_01086,Co16.11Fe7.84Mn19.79Nb29.01Ni6.04Ti21.21,6,0.0,16.11,0.0,0.0,7.84,19.79,0.0,29.01,6.04,21.21,0.0,0.0,100.0,True
CAND_01087,Al9.38Co22.29Cr20.80Mn12.91Mo15.61Nb19.01,6,9.38,22.29,20.8,0.0,0.0,12.91,15.61,19.01,0.0,0.0,0.0,0.0,100.0,True
CAND_01088,Cr12.63Cu16.71Mn9.95Mo36.14Ni16.74V7.83,6,0.0,0.0,12.63,16.71,0.0,9.95,36.14,0.0,16.74,0.0,7.83,0.0,100.0,True
CAND_01089,Al28.37Co31.80Cr24.22Nb15.61,4,28.37,31.8,24.22,0.0,0.0,0.0,0.0,15.61,0.0,0.0,0.0,0.0,100.0,True
CAND_01090,Al5.32Cr21.49Fe35.36Mn8.41Ni23.97W5.45,6,5.32,0.0,21.49,0.0,35.36,8.41,0.0,0.0,23.97,0.0,0.0,5.45,100.0,True
CAND_01091,Mo24.94Ni23.99V41.52W9.55,4,0.0,0.0,0.0,0.0,0.0,0.0,24.94,0.0,23.99,0.0,41.52,9.55,100.0,True
CAND_01092,Co10.37Cu42.93Nb14.68Ti9.55V22.47,5,0.0,10.37,0.0,42.93,0.0,0.0,0.0,14.68,0.0,9.55,22.47,0.0,99.99999999999999,True
CAND_01093,Al23.49Cr15.41Cu17.16Fe23.41Mo10.25Nb10.28,6,23.49,0.0,15.41,17.16,23.41,0.0,10.25,10.28,0.0,0.0,0.0,0.0,100.0,True
CAND_01094,Co35.43Cr9.69Cu30.49Mn24.39,4,0.0,35.43,9.69,30.49,0.0,24.39,0.0,0.0,0.0,0.0,0.0,0.0,100.0,True
CAND_01095,Co32.27Fe23.95Mn12.19Nb31.59,4,0.0,32.27,0.0,0.0,23.95,12.19,0.0,31.59,0.0,0.0,0.0,0.0,100.0,True
CAND_01096,Fe9.50Mn15.75Mo30.81Ti17.71W26.23,5,0.0,0.0,0.0,0.0,9.5,15.75,30.81,0.0,0.0,17.71,0.0,26.23,100.00000000000001,True
CAND_01097,Al27.56Cr19.67Cu7.82Ni8.46Ti36.49,5,27.56,0.0,19.67,7.82,0.0,0.0,0.0,0.0,8.46,36.49,0.0,0.0,100.0,True
CAND_01098,Co27.65Cr39.23Nb13.16Ti19.96,4,0.0,27.65,39.23,0.0,0.0,0.0,0.0,13.16,0.0,19.96,0.0,0.0,100.0,True
CAND_01099,Fe18.85Nb42.67Ni9.21Ti17.47V11.80,5,0.0,0.0,0.0,0.0,18.85,0.0,0.0,42.67,9.21,17.47,11.8,0.0,100.0,True
CAND_01100,Al15.24Co19.37Fe21.57Mn7.45Ti19.05W17.32,6,15.24,19.37,0.0,0.0,21.57,7.45,0.0,0.0,0.0,19.05,0.0,17.32,100.0,True
CAND_01101,Cr10.50Cu13.02Mo14.39Nb40.79Ni13.28Ti8.02,6,0.0,0.0,10.5,13.02,0.0,0.0,14.39,40.79,13.28,8.02,0.0,0.0,99.99999999999999,True
CAND_01102,Al32.46Co27.93Mn14.36W25.25,4,32.46,27.93,0.0,0.0,0.0,14.36,0.0,0.0,0.0,0.0,0.0,25.25,100.0,True
CAND_01103,Cr18.01Fe16.57Nb16.94Ti19.22V5.31W23.95,6,0.0,0.0,18.01,0.0,16.57,0.0,0.0,16.94,0.0,19.22,5.31,23.95,100.0,True
CAND_01104,Al13.38Co21.00Fe15.61Mn30.33W19.68,5,13.38,21.0,0.0,0.0,15.61,30.33,0.0,0.0,0.0,0.0,0.0,19.68,100.0,True
CAND_01105,Al29.91Co6.85Cu26.42Fe23.01Nb7.83W5.98,6,29.91,6.85,0.0,26.42,23.01,0.0,0.0,7.83,0.0,0.0,0.0,5.98,100.0,True
CAND_01106,Cu42.94Fe34.74Mo7.61V14.71,4,0.0,0.0,0.0,42.94,34.74,0.0,7.61,0.0,0.0,0.0,14.71,0.0,100.0,True
CAND_01107,Co19.41Fe18.70Mo43.49Ni18.40,4,0.0,19.41,0.0,0.0,18.7,0.0,43.49,0.0,18.4,0.0,0.0,0.0,100.0,True
CAND_01108,Al25.04Cu30.59Fe8.65Ni30.58Ti5.14,5,25.04,0.0,0.0,30.59,8.65,0.0,0.0,0.0,30.58,5.14,0.0,0.0,100.0,True
CAND_01109,Fe15.27Mn32.07Mo19.00V15.33W18.33,5,0.0,0.0,0.0,0.0,15.27,32.07,19.0,0.0,0.0,0.0,15.33,18.33,100.0,True
CAND_01110,Cu18.91Fe27.62Mn7.85Mo22.66Nb22.96,5,0.0,0.0,0.0,18.91,27.62,7.85,22.66,22.96,0.0,0.0,0.0,0.0,100.0,True
CAND_01111,Cr5.96Cu37.51Fe16.70Mn21.94Ti17.89,5,0.0,0.0,5.96,37.51,16.7,21.94,0.0,0.0,0.0,17.89,0.0,0.0,100.0,True
CAND_01112,Cr7.35Cu7.35Mo10.69Ni33.64V29.83W11.14,6,0.0,0.0,7.35,7.35,0.0,0.0,10.69,0.0,33.64,0.0,29.83,11.14,100.0,True
CAND_01113,Cr5.76Cu12.75Fe41.76Mn6.95Ti25.83W6.95,6,0.0,0.0,5.76,12.75,41.76,6.95,0.0,0.0,0.0,25.83,0.0,6.95,100.0,True
CAND_01114,Al34.93Fe6.57Mn13.65Ni31.88V12.97,5,34.93,0.0,0.0,0.0,6.57,13.65,0.0,0.0,31.88,0.0,12.97,0.0,100.0,True
CAND_01115,Co12.89Fe6.83Mn29.56Mo20.66Ti30.06,5,0.0,12.89,0.0,0.0,6.83,29.56,20.66,0.0,0.0,30.06,0.0,0.0,100.0,True
CAND_01116,Cu16.31Fe14.79Mn31.31Mo15.80V21.79,5,0.0,0.0,0.0,16.31,14.79,31.31,15.8,0.0,0.0,0.0,21.79,0.0,100.0,True
CAND_01117,Cu10.13Mo39.08Nb9.09Ti41.70,4,0.0,0.0,0.0,10.13,0.0,0.0,39.08,9.09,0.0,41.7,0.0,0.0,100.0,True
CAND_01118,Al24.41Cu39.69Mo17.64W18.26,4,24.41,0.0,0.0,39.69,0.0,0.0,17.64,0.0,0.0,0.0,0.0,18.26,100.0,True
CAND_01119,Co27.34Cr10.16Fe17.41Mn18.90Mo18.04Ni8.15,6,0.0,27.34,10.16,0.0,17.41,18.9,18.04,0.0,8.15,0.0,0.0,0.0,100.0,True
CAND_01120,Cu25.77Mn23.10V21.13W30.00,4,0.0,0.0,0.0,25.77,0.0,23.1,0.0,0.0,0.0,0.0,21.13,30.0,100.0,True
CAND_01121,Cr10.19Mo30.66Nb21.23Ti37.92,4,0.0,0.0,10.19,0.0,0.0,0.0,30.66,21.23,0.0,37.92,0.0,0.0,100.0,True
CAND_01122,Cr15.94Cu27.15Fe34.24V22.67,4,0.0,0.0,15.94,27.15,34.24,0.0,0.0,0.0,0.0,0.0,22.67,0.0,100.0,True
CAND_01123,Cu26.50Fe17.27Mo25.82V30.41,4,0.0,0.0,0.0,26.5,17.27,0.0,25.82,0.0,0.0,0.0,30.41,0.0,100.0,True
CAND_01124,Nb12.59Ni21.40Ti30.58W35.43,4,0.0,0.0,0.0,0.0,0.0,0.0,0.0,12.59,21.4,30.58,0.0,35.43,100.0,True
CAND_01125,Co21.16Cu18.23Ni11.36Ti20.81V28.44,5,0.0,21.16,0.0,18.23,0.0,0.0,0.0,0.0,11.36,20.81,28.44,0.0,100.0,True
CAND_01126,Cr8.28Cu18.20Fe7.99Mo10.25Ni28.25W27.03,6,0.0,0.0,8.28,18.2,7.99,0.0,10.25,0.0,28.25,0.0,0.0,27.03,100.0,True
CAND_01127,Al12.59Cu28.48Nb21.91Ni13.81Ti6.64V16.57,6,12.59,0.0,0.0,28.48,0.0,0.0,0.0,21.91,13.81,6.64,16.57,0.0,100.0,True
CAND_01128,Cu15.67Fe14.93Ti31.82V25.16W12.42,5,0.0,0.0,0.0,15.67,14.93,0.0,0.0,0.0,0.0,31.82,25.16,12.42,100.0,True
CAND_01129,Al9.21Co19.61Cu42.93Ti28.25,4,9.21,19.61,0.0,42.93,0.0,0.0,0.0,0.0,0.0,28.25,0.0,0.0,100.0,True
CAND_01130,Al25.63Fe29.82Mn5.47Nb22.38Ni10.16V6.54,6,25.63,0.0,0.0,0.0,29.82,5.47,0.0,22.38,10.16,0.0,6.54,0.0,100.0,True
CAND_01131,Co13.20Cu12.19Ni11.20Ti36.10V5.73W21.58,6,0.0,13.2,0.0,12.19,0.0,0.0,0.0,0.0,11.2,36.1,5.73,21.58,100.0,True
CAND_01132,Co6.50Cr41.33Mn28.08V24.09,4,0.0,6.5,41.33,0.0,0.0,28.08,0.0,0.0,0.0,0.0,24.09,0.0,100.0,True
CAND_01133,Co11.37Fe36.20Mo7.83V32.82W11.78,5,0.0,11.37,0.0,0.0,36.2,0.0,7.83,0.0,0.0,0.0,32.82,11.78,100.0,True
CAND_01134,Al34.30Cr24.40Mn29.72Nb11.58,4,34.3,0.0,24.4,0.0,0.0,29.72,0.0,11.58,0.0,0.0,0.0,0.0,99.99999999999999,True
CAND_01135,Cr21.07Mn42.13Ni19.56W17.24,4,0.0,0.0,21.07,0.0,0.0,42.13,0.0,0.0,19.56,0.0,0.0,17.24,100.0,True
CAND_01136,Co10.62Fe30.72Ni18.54Ti23.73W16.39,5,0.0,10.62,0.0,0.0,30.72,0.0,0.0,0.0,18.54,23.73,0.0,16.39,100.0,True
CAND_01137,Al21.16Fe13.75Ni9.96V26.80W28.33,5,21.16,0.0,0.0,0.0,13.75,0.0,0.0,0.0,9.96,0.0,26.8,28.33,100.0,True
CAND_01138,Cr23.83Mn23.46Nb7.30Ti30.58V14.83,5,0.0,0.0,23.83,0.0,0.0,23.46,0.0,7.3,0.0,30.58,14.83,0.0,99.99999999999999,True
CAND_01139,Al42.04Co5.26Cr6.46Fe25.74Ti20.50,5,42.04,5.26,6.46,0.0,25.74,0.0,0.0,0.0,0.0,20.5,0.0,0.0,100.0,True
CAND_01140,Al11.96Co13.97Mn21.60Ni15.60W36.87,5,11.96,13.97,0.0,0.0,0.0,21.6,0.0,0.0,15.6,0.0,0.0,36.87,100.0,True
CAND_01141,Cr17.22Cu40.21Ni28.87W13.70,4,0.0,0.0,17.22,40.21,0.0,0.0,0.0,0.0,28.87,0.0,0.0,13.7,100.0,True
CAND_01142,Cu42.16Mn6.49Nb23.07Ti12.71V15.57,5,0.0,0.0,0.0,42.16,0.0,6.49,0.0,23.07,0.0,12.71,15.57,0.0,100.0,True
CAND_01143,Co5.30Cr16.95Mn30.22Mo28.54Ni7.26W11.73,6,0.0,5.3,16.95,0.0,0.0,30.22,28.54,0.0,7.26,0.0,0.0,11.73,100.0,True
CAND_01144,Cr5.59Fe5.99Nb25.52Ti41.35V12.99W8.56,6,0.0,0.0,5.59,0.0,5.99,0.0,0.0,25.52,0.0,41.35,12.99,8.56,100.0,True
CAND_01145,Fe22.26Mn13.06Mo24.29V30.07W10.32,5,0.0,0.0,0.0,0.0,22.26,13.06,24.29,0.0,0.0,0.0,30.07,10.32,100.0,True
CAND_01146,Al19.64Cr17.54Mo21.84Nb6.48V15.18W19.32,6,19.64,0.0,17.54,0.0,0.0,0.0,21.84,6.48,0.0,0.0,15.18,19.32,100.0,True
CAND_01147,Al6.00Co13.82Mn9.33Mo21.35Ni33.20Ti16.30,6,6.0,13.82,0.0,0.0,0.0,9.33,21.35,0.0,33.2,16.3,0.0,0.0,100.0,True
CAND_01148,Al17.81Co22.10Fe16.34Mn30.51Mo13.24,5,17.81,22.1,0.0,0.0,16.34,30.51,13.24,0.0,0.0,0.0,0.0,0.0,100.0,True
CAND_01149,Al7.68Co30.59Fe6.17Nb22.33Ni33.23,5,7.68,30.59,0.0,0.0,6.17,0.0,0.0,22.33,33.23,0.0,0.0,0.0,100.0,True
CAND_01150,Co18.09Mo16.97Nb42.35V22.59,4,0.0,18.09,0.0,0.0,0.0,0.0,16.97,42.35,0.0,0.0,22.59,0.0,100.0,True
CAND_01151,Co19.32Mn17.93Mo15.36Nb19.82Ni12.61V14.96,6,0.0,19.32,0.0,0.0,0.0,17.93,15.36,19.82,12.61,0.0,14.96,0.0,100.0,True
CAND_01152,Cu28.42Mo10.68Nb9.63Ni36.84Ti14.43,5,0.0,0.0,0.0,28.42,0.0,0.0,10.68,9.63,36.84,14.43,0.0,0.0,100.0,True
CAND_01153,Al19.75Cu14.34Fe40.01Mn11.28Nb14.62,5,19.75,0.0,0.0,14.34,40.01,11.28,0.0,14.62,0.0,0.0,0.0,0.0,100.0,True
CAND_01154,Cu8.35Fe19.09Mn16.34Nb13.10Ti28.53W14.59,6,0.0,0.0,0.0,8.35,19.09,16.34,0.0,13.1,0.0,28.53,0.0,14.59,100.0,True
CAND_01155,Fe6.68Mn9.29Ni15.73Ti12.21V33.08W23.01,6,0.0,0.0,0.0,0.0,6.68,9.29,0.0,0.0,15.73,12.21,33.08,23.01,100.0,True
CAND_01156,Co10.37Cr16.35Cu34.42Fe15.34Mn23.52,5,0.0,10.37,16.35,34.42,15.34,23.52,0.0,0.0,0.0,0.0,0.0,0.0,100.0,True
CAND_01157,Co42.07Mn28.31Ni18.42V11.20,4,0.0,42.07,0.0,0.0,0.0,28.31,0.0,0.0,18.42,0.0,11.2,0.0,100.0,True
CAND_01158,Al9.42Co20.53Cr8.30Mn14.26Mo25.46Ni22.03,6,9.42,20.53,8.3,0.0,0.0,14.26,25.46,0.0,22.03,0.0,0.0,0.0,100.0,True
CAND_01159,Al16.42Co20.89Ni13.78Ti7.26W41.65,5,16.42,20.89,0.0,0.0,0.0,0.0,0.0,0.0,13.78,7.26,0.0,41.65,100.0,True
CAND_01160,Al17.06Co30.24Mo19.27V17.21W16.22,5,17.06,30.24,0.0,0.0,0.0,0.0,19.27,0.0,0.0,0.0,17.21,16.22,100.0,True
CAND_01161,Cr38.92Mo20.45Nb35.43Ti5.20,4,0.0,0.0,38.92,0.0,0.0,0.0,20.45,35.43,0.0,5.2,0.0,0.0,100.00000000000001,True
CAND_01162,Cr22.87Fe36.39Mn26.00Ti14.74,4,0.0,0.0,22.87,0.0,36.39,26.0,0.0,0.0,0.0,14.74,0.0,0.0,100.0,True
CAND_01163,Al9.93Mn7.98Mo23.34Nb29.16Ni17.34V12.25,6,9.93,0.0,0.0,0.0,0.0,7.98,23.34,29.16,17.34,0.0,12.25,0.0,100.0,True
CAND_01164,Al22.39Fe33.04Nb20.05Ni8.94Ti15.58,5,22.39,0.0,0.0,0.0,33.04,0.0,0.0,20.05,8.94,15.58,0.0,0.0,100.0,True
CAND_01165,Co38.06Cr19.98Fe20.92Nb14.42W6.62,5,0.0,38.06,19.98,0.0,20.92,0.0,0.0,14.42,0.0,0.0,0.0,6.62,100.00000000000001,True
CAND_01166,Cr18.06Fe15.34Mn20.10Ni25.94V20.56,5,0.0,0.0,18.06,0.0,15.34,20.1,0.0,0.0,25.94,0.0,20.56,0.0,100.0,True
CAND_01167,Co13.79Cu16.61Fe6.62Mo17.12Ti34.01W11.85,6,0.0,13.79,0.0,16.61,6.62,0.0,17.12,0.0,0.0,34.01,0.0,11.85,100.0,True
CAND_01168,Co42.89Mn16.36Ni18.45W22.30,4,0.0,42.89,0.0,0.0,0.0,16.36,0.0,0.0,18.45,0.0,0.0,22.3,100.0,True
CAND_01169,Al20.32Fe10.73Mn5.55Mo32.00W31.40,5,20.32,0.0,0.0,0.0,10.73,5.55,32.0,0.0,0.0,0.0,0.0,31.4,100.0,True
CAND_01170,Al14.19Cu26.06V33.75W26.00,4,14.19,0.0,0.0,26.06,0.0,0.0,0.0,0.0,0.0,0.0,33.75,26.0,100.0,True
CAND_01171,Cu19.09Fe14.15Mn32.46W34.30,4,0.0,0.0,0.0,19.09,14.15,32.46,0.0,0.0,0.0,0.0,0.0,34.3,100.0,True
CAND_01172,Co23.53Cr25.03Nb21.18V30.26,4,0.0,23.53,25.03,0.0,0.0,0.0,0.0,21.18,0.0,0.0,30.26,0.0,100.00000000000001,True
CAND_01173,Al21.12Co32.17Fe15.34Ni31.37,4,21.12,32.17,0.0,0.0,15.34,0.0,0.0,0.0,31.37,0.0,0.0,0.0,100.00000000000001,True
CAND_01174,Al32.36Co11.48Cr14.75Ni6.83Ti20.64V13.94,6,32.36,11.48,14.75,0.0,0.0,0.0,0.0,0.0,6.83,20.64,13.94,0.0,100.0,True
CAND_01175,Cr31.41Cu21.30Mn26.49Ni9.50W11.30,5,0.0,0.0,31.41,21.3,0.0,26.49,0.0,0.0,9.5,0.0,0.0,11.3,100.0,True
CAND_01176,Co29.66Cu18.71Fe11.39Mn40.24,4,0.0,29.66,0.0,18.71,11.39,40.24,0.0,0.0,0.0,0.0,0.0,0.0,100.0,True
CAND_01177,Al15.12Fe39.61Mo6.54Nb8.95Ni29.78,5,15.12,0.0,0.0,0.0,39.61,0.0,6.54,8.95,29.78,0.0,0.0,0.0,100.0,True
CAND_01178,Co16.72Cr42.36Cu20.68Ni8.05W12.19,5,0.0,16.72,42.36,20.68,0.0,0.0,0.0,0.0,8.05,0.0,0.0,12.19,99.99999999999999,True
CAND_01179,Co24.22Cu5.20Nb29.96Ti40.62,4,0.0,24.22,0.0,5.2,0.0,0.0,0.0,29.96,0.0,40.62,0.0,0.0,100.0,True
CAND_01180,Cr6.77Cu16.31Fe21.40Mn31.42Nb11.38V12.72,6,0.0,0.0,6.77,16.31,21.4,31.42,0.0,11.38,0.0,0.0,12.72,0.0,100.0,True
CAND_01181,Co22.97Fe7.33Mn27.96W41.74,4,0.0,22.97,0.0,0.0,7.33,27.96,0.0,0.0,0.0,0.0,0.0,41.74,100.0,True
CAND_01182,Co10.38Mo37.41Nb31.34Ni10.68V10.19,5,0.0,10.38,0.0,0.0,0.0,0.0,37.41,31.34,10.68,0.0,10.19,0.0,100.0,True
CAND_01183,Mn15.39Mo14.76V28.16W41.69,4,0.0,0.0,0.0,0.0,0.0,15.39,14.76,0.0,0.0,0.0,28.16,41.69,100.0,True
CAND_01184,Co40.32Fe7.03Mn5.85Ti33.09W13.71,5,0.0,40.32,0.0,0.0,7.03,5.85,0.0,0.0,0.0,33.09,0.0,13.71,100.0,True
CAND_01185,Al20.78Co16.37Mn14.41Ni13.24W35.20,5,20.78,16.37,0.0,0.0,0.0,14.41,0.0,0.0,13.24,0.0,0.0,35.2,100.0,True
CAND_01186,Cu10.84Mo9.28Nb18.20Ti11.30V30.80W19.58,6,0.0,0.0,0.0,10.84,0.0,0.0,9.28,18.2,0.0,11.3,30.8,19.58,99.99999999999999,True
CAND_01187,Al27.89Fe31.12Mo13.51Ni17.55V9.93,5,27.89,0.0,0.0,0.0,31.12,0.0,13.51,0.0,17.55,0.0,9.93,0.0,100.0,True
CAND_01188,Co10.47Cu34.86Fe21.76Ni18.42W14.49,5,0.0,10.47,0.0,34.86,21.76,0.0,0.0,0.0,18.42,0.0,0.0,14.49,100.0,True
CAND_01189,Cu39.86Mo21.69V12.13W26.32,4,0.0,0.0,0.0,39.86,0.0,0.0,21.69,0.0,0.0,0.0,12.13,26.32,100.0,True
CAND_01190,Co36.38Fe17.75Mn11.04W34.83,4,0.0,36.38,0.0,0.0,17.75,11.04,0.0,0.0,0.0,0.0,0.0,34.83,100.0,True
CAND_01191,Co10.74Cr18.07Mo19.92Ni10.39Ti5.27V35.61,6,0.0,10.74,18.07,0.0,0.0,0.0,19.92,0.0,10.39,5.27,35.61,0.0,100.0,True
CAND_01192,Co32.14Fe20.77Nb16.82Ti30.27,4,0.0,32.14,0.0,0.0,20.77,0.0,0.0,16.82,0.0,30.27,0.0,0.0,99.99999999999999,True
CAND_01193,Al21.47Co30.03Ti40.65W7.85,4,21.47,30.03,0.0,0.0,0.0,0.0,0.0,0.0,0.0,40.65,0.0,7.85,100.0,True
CAND_01194,Cr25.24Cu9.20Fe7.53Mn25.61V32.42,5,0.0,0.0,25.24,9.2,7.53,25.61,0.0,0.0,0.0,0.0,32.42,0.0,100.0,True
CAND_01195,Cu22.54Mn6.19Mo5.30Nb29.52Ti21.77W14.68,6,0.0,0.0,0.0,22.54,0.0,6.19,5.3,29.52,0.0,21.77,0.0,14.68,100.0,True
CAND_01196,Al9.70Fe26.91Mo21.85Ni41.54,4,9.7,0.0,0.0,0.0,26.91,0.0,21.85,0.0,41.54,0.0,0.0,0.0,100.0,True
CAND_01197,Al28.70Cu35.53Mn5.86Mo8.73Ni9.06W12.12,6,28.7,0.0,0.0,35.53,0.0,5.86,8.73,0.0,9.06,0.0,0.0,12.12,100.00000000000001,True
CAND_01198,Co44.97Mn17.96Nb18.48Ti18.59,4,0.0,44.97,0.0,0.0,0.0,17.96,0.0,18.48,0.0,18.59,0.0,0.0,100.0,True
CAND_01199,Al27.70Mn24.13Mo23.64W24.53,4,27.7,0.0,0.0,0.0,0.0,24.13,23.64,0.0,0.0,0.0,0.0,24.53,100.0,True
CAND_01200,Co10.25Fe14.73Mo35.51Nb16.24Ni9.81Ti13.46,6,0.0,10.25,0.0,0.0,14.73,0.0,35.51,16.24,9.81,13.46,0.0,0.0,100.0,True
CAND_01201,Al8.85Co39.20Cr25.37Cu5.57Mo11.17V9.84,6,8.85,39.2,25.37,5.57,0.0,0.0,11.17,0.0,0.0,0.0,9.84,0.0,100.00000000000001,True
CAND_01202,Cr8.23Cu36.83Ni33.66V21.28,4,0.0,0.0,8.23,36.83,0.0,0.0,0.0,0.0,33.66,0.0,21.28,0.0,100.0,True
CAND_01203,Cr8.48Nb10.80Ni42.18Ti22.84W15.70,5,0.0,0.0,8.48,0.0,0.0,0.0,0.0,10.8,42.18,22.84,0.0,15.7,100.0,True
CAND_01204,Co11.05Cu29.18Mn9.94Nb5.15Ni16.96V27.72,6,0.0,11.05,0.0,29.18,0.0,9.94,0.0,5.15,16.96,0.0,27.72,0.0,100.0,True
CAND_01205,Al26.13Cr15.44Cu16.21Nb28.29Ti13.93,5,26.13,0.0,15.44,16.21,0.0,0.0,0.0,28.29,0.0,13.93,0.0,0.0,100.0,True
CAND_01206,Co24.67Cr41.97Ti13.32V20.04,4,0.0,24.67,41.97,0.0,0.0,0.0,0.0,0.0,0.0,13.32,20.04,0.0,100.0,True
CAND_01207,Al8.37Co22.04Fe28.94Mo11.23Nb9.99V19.43,6,8.37,22.04,0.0,0.0,28.94,0.0,11.23,9.99,0.0,0.0,19.43,0.0,100.0,True
CAND_01208,Al8.04Mo23.08Ni33.32Ti18.06W17.50,5,8.04,0.0,0.0,0.0,0.0,0.0,23.08,0.0,33.32,18.06,0.0,17.5,100.0,True
CAND_01209,Co22.31Fe19.86Mo24.54Nb6.36Ni26.93,5,0.0,22.31,0.0,0.0,19.86,0.0,24.54,6.36,26.93,0.0,0.0,0.0,100.0,True
CAND_01210,Al25.95Co33.88Cu6.84Nb11.12Ni14.44V7.77,6,25.95,33.88,0.0,6.84,0.0,0.0,0.0,11.12,14.44,0.0,7.77,0.0,100.0,True
CAND_01211,Co12.60Fe39.92Mo24.24V23.24,4,0.0,12.6,0.0,0.0,39.92,0.0,24.24,0.0,0.0,0.0,23.24,0.0,100.0,True
CAND_01212,Al35.04Co17.31Cr29.08Nb12.60Ti5.97,5,35.04,17.31,29.08,0.0,0.0,0.0,0.0,12.6,0.0,5.97,0.0,0.0,99.99999999999999,True
CAND_01213,Co13.20Cu17.10Fe6.81Mo36.98Nb11.36V14.55,6,0.0,13.2,0.0,17.1,6.81,0.0,36.98,11.36,0.0,0.0,14.55,0.0,100.0,True
CAND_01214,Al29.44Co14.30Cu13.06Fe7.52Mo16.97Ti18.71,6,29.44,14.3,0.0,13.06,7.52,0.0,16.97,0.0,0.0,18.71,0.0,0.0,100.0,True
CAND_01215,Co22.05Cr21.37Mo7.46V39.21W9.91,5,0.0,22.05,21.37,0.0,0.0,0.0,7.46,0.0,0.0,0.0,39.21,9.91,100.0,True
CAND_01216,Al28.11Co14.55Cr27.57Nb29.77,4,28.11,14.55,27.57,0.0,0.0,0.0,0.0,29.77,0.0,0.0,0.0,0.0,99.99999999999999,True
CAND_01217,Al5.65Co18.92Fe38.10Mo16.57Nb20.76,5,5.65,18.92,0.0,0.0,38.1,0.0,16.57,20.76,0.0,0.0,0.0,0.0,100.00000000000001,True
CAND_01218,Cr9.34Cu13.50Fe10.46Mn38.73W27.97,5,0.0,0.0,9.34,13.5,10.46,38.73,0.0,0.0,0.0,0.0,0.0,27.97,100.0,True
CAND_01219,Co8.00Cr15.75Mo6.34Ti10.30V20.56W39.05,6,0.0,8.0,15.75,0.0,0.0,0.0,6.34,0.0,0.0,10.3,20.56,39.05,100.0,True
CAND_01220,Al9.78Cu39.39Ti16.02V18.66W16.15,5,9.78,0.0,0.0,39.39,0.0,0.0,0.0,0.0,0.0,16.02,18.66,16.15,100.0,True
CAND_01221,Al5.67Co31.52Cu35.80Fe8.63Nb9.84Ni8.54,6,5.67,31.52,0.0,35.8,8.63,0.0,0.0,9.84,8.54,0.0,0.0,0.0,100.0,True
CAND_01222,Cr18.68Mo32.04Nb31.41V17.87,4,0.0,0.0,18.68,0.0,0.0,0.0,32.04,31.41,0.0,0.0,17.87,0.0,100.0,True
CAND_01223,Al16.60Co6.92Mn15.59Nb14.89Ti28.12V17.88,6,16.6,6.92,0.0,0.0,0.0,15.59,0.0,14.89,0.0,28.12,17.88,0.0,100.0,True
CAND_01224,Cr13.83Cu17.40Fe33.64Ni6.07V18.85W10.21,6,0.0,0.0,13.83,17.4,33.64,0.0,0.0,0.0,6.07,0.0,18.85,10.21,100.0,True
CAND_01225,Al16.02Fe30.30Nb15.50Ni38.18,4,16.02,0.0,0.0,0.0,30.3,0.0,0.0,15.5,38.18,0.0,0.0,0.0,100.0,True
CAND_01226,Al13.41Fe23.21Ti23.06V40.32,4,13.41,0.0,0.0,0.0,23.21,0.0,0.0,0.0,0.0,23.06,40.32,0.0,100.0,True
CAND_01227,Co5.88Cu13.87Nb15.51Ni38.89Ti25.85,5,0.0,5.88,0.0,13.87,0.0,0.0,0.0,15.51,38.89,25.85,0.0,0.0,100.0,True
CAND_01228,Al14.46Cr34.54Mn9.63Mo20.51Ni20.86,5,14.46,0.0,34.54,0.0,0.0,9.63,20.51,0.0,20.86,0.0,0.0,0.0,100.0,True
CAND_01229,Fe19.95Mn21.35V28.30W30.40,4,0.0,0.0,0.0,0.0,19.95,21.35,0.0,0.0,0.0,0.0,28.3,30.4,100.0,True
CAND_01230,Cr6.74Cu9.37Mo15.31Ti30.87V37.71,5,0.0,0.0,6.74,9.37,0.0,0.0,15.31,0.0,0.0,30.87,37.71,0.0,100.0,True
CAND_01231,Al32.04Cu10.56Mn10.77Ni40.79W5.84,5,32.04,0.0,0.0,10.56,0.0,10.77,0.0,0.0,40.79,0.0,0.0,5.84,100.0,True
CAND_01232,Al18.82Co21.40Cu29.95Fe7.02Nb7.32Ti15.49,6,18.82,21.4,0.0,29.95,7.02,0.0,0.0,7.32,0.0,15.49,0.0,0.0,99.99999999999999,True
CAND_01233,Cr12.69Fe20.57Mn23.30Mo12.13Ni10.52V20.79,6,0.0,0.0,12.69,0.0,20.57,23.3,12.13,0.0,10.52,0.0,20.79,0.0,100.0,True
CAND_01234,Al10.66Cu16.42Mo19.46Ti26.03V27.43,5,10.66,0.0,0.0,16.42,0.0,0.0,19.46,0.0,0.0,26.03,27.43,0.0,100.0,True
CAND_01235,Al21.96Cr7.84Cu19.53Ni7.34Ti12.03V31.30,6,21.96,0.0,7.84,19.53,0.0,0.0,0.0,0.0,7.34,12.03,31.3,0.0,100.0,True
CAND_01236,Fe35.20Nb5.67Ti35.77W23.36,4,0.0,0.0,0.0,0.0,35.2,0.0,0.0,5.67,0.0,35.77,0.0,23.36,100.00000000000001,True
CAND_01237,Al12.12Co17.51Cr40.70Cu19.36W10.31,5,12.12,17.51,40.7,19.36,0.0,0.0,0.0,0.0,0.0,0.0,0.0,10.31,100.00000000000001,True
CAND_01238,Al15.71Cr13.48Nb6.75Ni20.88Ti33.38W9.80,6,15.71,0.0,13.48,0.0,0.0,0.0,0.0,6.75,20.88,33.38,0.0,9.8,99.99999999999999,True
CAND_01239,Al21.63Co13.09Cr18.63Cu23.99Ni12.93Ti9.73,6,21.63,13.09,18.63,23.99,0.0,0.0,0.0,0.0,12.93,9.73,0.0,0.0,99.99999999999999,True
CAND_01240,Fe13.81Mo19.08Nb39.97Ti27.14,4,0.0,0.0,0.0,0.0,13.81,0.0,19.08,39.97,0.0,27.14,0.0,0.0,100.0,True
CAND_01241,Al21.02Fe19.91Mn32.98Nb11.10Ti14.99,5,21.02,0.0,0.0,0.0,19.91,32.98,0.0,11.1,0.0,14.99,0.0,0.0,99.99999999999999,True
CAND_01242,Al30.38Co13.42Cu33.57Fe6.46Mo16.17,5,30.38,13.42,0.0,33.57,6.46,0.0,16.17,0.0,0.0,0.0,0.0,0.0,100.0,True
CAND_01243,Al33.18Cu17.31Fe7.51Mn29.73Ni12.27,5,33.18,0.0,0.0,17.31,7.51,29.73,0.0,0.0,12.27,0.0,0.0,0.0,99.99999999999999,True
CAND_01244,Al20.04Cu37.93Fe5.29Mo21.08Ti15.66,5,20.04,0.0,0.0,37.93,5.29,0.0,21.08,0.0,0.0,15.66,0.0,0.0,100.0,True
CAND_01245,Co21.82Fe17.47Nb15.24Ni17.50W27.97,5,0.0,21.82,0.0,0.0,17.47,0.0,0.0,15.24,17.5,0.0,0.0,27.97,100.0,True
CAND_01246,Al18.51Co8.78Cr22.40Nb27.35Ti10.61W12.35,6,18.51,8.78,22.4,0.0,0.0,0.0,0.0,27.35,0.0,10.61,0.0,12.35,99.99999999999999,True
CAND_01247,Al21.78Cr7.01Cu18.07Mo36.94Nb8.15V8.05,6,21.78,0.0,7.01,18.07,0.0,0.0,36.94,8.15,0.0,0.0,8.05,0.0,100.0,True
CAND_01248,Al5.98Cr12.88Nb14.86Ni14.06Ti12.73W39.49,6,5.98,0.0,12.88,0.0,0.0,0.0,0.0,14.86,14.06,12.73,0.0,39.49,100.0,True
CAND_01249,Al14.02Nb17.06Ni21.43Ti31.57V15.92,5,14.02,0.0,0.0,0.0,0.0,0.0,0.0,17.06,21.43,31.57,15.92,0.0,100.0,True
CAND_01250,Al17.01Co35.66Mn9.14Nb23.51Ni14.68,5,17.01,35.66,0.0,0.0,0.0,9.14,0.0,23.51,14.68,0.0,0.0,0.0,100.0,True
CAND_01251,Al16.99Cr15.46Cu7.75Fe16.82Mn12.65V30.33,6,16.99,0.0,15.46,7.75,16.82,12.65,0.0,0.0,0.0,0.0,30.33,0.0,100.0,True
CAND_01252,Al7.69Cu7.45Nb8.74Ni42.25Ti18.59W15.28,6,7.69,0.0,0.0,7.45,0.0,0.0,0.0,8.74,42.25,18.59,0.0,15.28,100.0,True
CAND_01253,Al12.33Cr9.73Mo36.37Nb36.47W5.10,5,12.33,0.0,9.73,0.0,0.0,0.0,36.37,36.47,0.0,0.0,0.0,5.1,100.0,True
CAND_01254,Al8.77Cr40.77Cu11.03Mo12.48Nb5.59Ti21.36,6,8.77,0.0,40.77,11.03,0.0,0.0,12.48,5.59,0.0,21.36,0.0,0.0,100.00000000000001,True
CAND_01255,Al15.62Fe5.17Nb15.81Ti16.07V33.61W13.72,6,15.62,0.0,0.0,0.0,5.17,0.0,0.0,15.81,0.0,16.07,33.61,13.72,100.0,True
CAND_01256,Co5.98Fe17.39Mn40.09Mo23.08Nb13.46,5,0.0,5.98,0.0,0.0,17.39,40.09,23.08,13.46,0.0,0.0,0.0,0.0,100.0,True
CAND_01257,Al18.14Co24.90Cu28.33Mn9.91Ni10.83W7.89,6,18.14,24.9,0.0,28.33,0.0,9.91,0.0,0.0,10.83,0.0,0.0,7.89,100.0,True
CAND_01258,Cr10.09Cu24.11Fe14.41Ni16.63V15.82W18.94,6,0.0,0.0,10.09,24.11,14.41,0.0,0.0,0.0,16.63,0.0,15.82,18.94,100.0,True
CAND_01259,Co12.67Cu25.51Mn19.06Nb11.06Ni24.73W6.97,6,0.0,12.67,0.0,25.51,0.0,19.06,0.0,11.06,24.73,0.0,0.0,6.97,100.0,True
CAND_01260,Co8.63Cr11.31Nb40.56Ni9.22V20.02W10.26,6,0.0,8.63,11.31,0.0,0.0,0.0,0.0,40.56,9.22,0.0,20.02,10.26,100.0,True
CAND_01261,Co5.86Cr28.51Mn11.26Nb8.16Ni28.25W17.96,6,0.0,5.86,28.51,0.0,0.0,11.26,0.0,8.16,28.25,0.0,0.0,17.96,100.0,True
CAND_01262,Fe6.45Mn16.64Mo10.30Ti13.37V18.88W34.36,6,0.0,0.0,0.0,0.0,6.45,16.64,10.3,0.0,0.0,13.37,18.88,34.36,100.0,True
CAND_01263,Al41.99Co6.43Mn16.64Ni8.80V18.76W7.38,6,41.99,6.43,0.0,0.0,0.0,16.64,0.0,0.0,8.8,0.0,18.76,7.38,100.0,True
CAND_01264,Al23.70Co7.29Cu15.01Fe32.17Mo21.83,5,23.7,7.29,0.0,15.01,32.17,0.0,21.83,0.0,0.0,0.0,0.0,0.0,100.0,True
CAND_01265,Co14.06Fe30.44Mn11.10Nb20.28W24.12,5,0.0,14.06,0.0,0.0,30.44,11.1,0.0,20.28,0.0,0.0,0.0,24.12,100.0,True
CAND_01266,Al13.81Cr19.77Fe24.58Mo23.07Ni18.77,5,13.81,0.0,19.77,0.0,24.58,0.0,23.07,0.0,18.77,0.0,0.0,0.0,99.99999999999999,True
CAND_01267,Co21.89Cr8.00Fe11.95Mn16.14Nb42.02,5,0.0,21.89,8.0,0.0,11.95,16.14,0.0,42.02,0.0,0.0,0.0,0.0,100.0,True
CAND_01268,Co25.22Cr12.55Fe33.88Mn8.50Ni11.65W8.20,6,0.0,25.22,12.55,0.0,33.88,8.5,0.0,0.0,11.65,0.0,0.0,8.2,100.00000000000001,True
CAND_01269,Co35.19Fe10.83Mn35.11Ni18.87,4,0.0,35.19,0.0,0.0,10.83,35.11,0.0,0.0,18.87,0.0,0.0,0.0,100.0,True
CAND_01270,Cu40.05Nb26.46Ni19.77W13.72,4,0.0,0.0,0.0,40.05,0.0,0.0,0.0,26.46,19.77,0.0,0.0,13.72,99.99999999999999,True
CAND_01271,Al10.17Cr31.39Ni26.54W31.90,4,10.17,0.0,31.39,0.0,0.0,0.0,0.0,0.0,26.54,0.0,0.0,31.9,100.0,True
CAND_01272,Co16.19Cr28.20Cu24.01Mn11.16W20.44,5,0.0,16.19,28.2,24.01,0.0,11.16,0.0,0.0,0.0,0.0,0.0,20.44,100.0,True
CAND_01273,Co23.65Cr37.23Mn16.82W22.30,4,0.0,23.65,37.23,0.0,0.0,16.82,0.0,0.0,0.0,0.0,0.0,22.3,99.99999999999999,True
CAND_01274,Al24.91Co11.35Cu9.99Mo16.19Ni13.91V23.65,6,24.91,11.35,0.0,9.99,0.0,0.0,16.19,0.0,13.91,0.0,23.65,0.0,100.0,True
CAND_01275,Al10.90Co39.94Cr10.25Mn6.67Nb32.24,5,10.9,39.94,10.25,0.0,0.0,6.67,0.0,32.24,0.0,0.0,0.0,0.0,100.0,True
CAND_01276,Cr28.67Fe39.07Mo10.85Ni21.41,4,0.0,0.0,28.67,0.0,39.07,0.0,10.85,0.0,21.41,0.0,0.0,0.0,100.0,True
CAND_01277,Al13.19Co28.26Mn19.23Nb28.88V10.44,5,13.19,28.26,0.0,0.0,0.0,19.23,0.0,28.88,0.0,0.0,10.44,0.0,100.0,True
CAND_01278,Mn7.25Mo12.70Nb8.98Ni36.67V34.40,5,0.0,0.0,0.0,0.0,0.0,7.25,12.7,8.98,36.67,0.0,34.4,0.0,100.0,True
CAND_01279,Al20.45Cu27.23Mo14.96Nb29.27Ti8.09,5,20.45,0.0,0.0,27.23,0.0,0.0,14.96,29.27,0.0,8.09,0.0,0.0,100.0,True
CAND_01280,Al12.91Co31.73Fe18.78Mn17.50Ni19.08,5,12.91,31.73,0.0,0.0,18.78,17.5,0.0,0.0,19.08,0.0,0.0,0.0,100.0,True
CAND_01281,Co13.12Cr29.38Cu8.66Mn23.89Mo9.38Ni15.57,6,0.0,13.12,29.38,8.66,0.0,23.89,9.38,0.0,15.57,0.0,0.0,0.0,100.0,True
CAND_01282,Al31.27Fe16.59Mo15.64Ni36.50,4,31.27,0.0,0.0,0.0,16.59,0.0,15.64,0.0,36.5,0.0,0.0,0.0,100.0,True
CAND_01283,Cr31.91Fe6.53Mn17.13Nb30.72Ti13.71,5,0.0,0.0,31.91,0.0,6.53,17.13,0.0,30.72,0.0,13.71,0.0,0.0,100.0,True
CAND_01284,Al29.88Cu8.76Nb7.36Ni36.71Ti17.29,5,29.88,0.0,0.0,8.76,0.0,0.0,0.0,7.36,36.71,17.29,0.0,0.0,100.0,True
CAND_01285,Al22.67Cr22.09Fe10.91Mn30.62V13.71,5,22.67,0.0,22.09,0.0,10.91,30.62,0.0,0.0,0.0,0.0,13.71,0.0,100.0,True
CAND_01286,Al6.72Cu15.36Fe14.49Mn23.67Mo17.71Nb22.05,6,6.72,0.0,0.0,15.36,14.49,23.67,17.71,22.05,0.0,0.0,0.0,0.0,100.0,True
CAND_01287,Al11.00Co28.55Cr10.76Mo13.25Ti12.50V23.94,6,11.0,28.55,10.76,0.0,0.0,0.0,13.25,0.0,0.0,12.5,23.94,0.0,100.0,True
CAND_01288,Cu31.96Fe9.83Mn16.93Mo8.55Ni32.73,5,0.0,0.0,0.0,31.96,9.83,16.93,8.55,0.0,32.73,0.0,0.0,0.0,100.0,True
CAND_01289,Co14.91Cu9.34Mn36.77Ni10.33Ti28.65,5,0.0,14.91,0.0,9.34,0.0,36.77,0.0,0.0,10.33,28.65,0.0,0.0,100.0,True
CAND_01290,Al11.32Co10.92Cu5.46Fe16.12Ti28.02V28.16,6,11.32,10.92,0.0,5.46,16.12,0.0,0.0,0.0,0.0,28.02,28.16,0.0,100.0,True
CAND_01291,Al13.35Cu27.87Nb29.33Ti9.79W19.66,5,13.35,0.0,0.0,27.87,0.0,0.0,0.0,29.33,0.0,9.79,0.0,19.66,100.0,True
CAND_01292,Al5.40Co10.48Cr9.29Cu31.76Mn16.30Ni26.77,6,5.4,10.48,9.29,31.76,0.0,16.3,0.0,0.0,26.77,0.0,0.0,0.0,100.0,True
CAND_01293,Cu8.91Mn31.21Mo14.46Nb18.41Ti27.01,5,0.0,0.0,0.0,8.91,0.0,31.21,14.46,18.41,0.0,27.01,0.0,0.0,100.00000000000001,True
CAND_01294,Cu25.89Nb12.40Ni43.31Ti18.40,4,0.0,0.0,0.0,25.89,0.0,0.0,0.0,12.4,43.31,18.4,0.0,0.0,100.0,True
CAND_01295,Cr37.96Mn7.33Mo8.81Ti28.22V17.68,5,0.0,0.0,37.96,0.0,0.0,7.33,8.81,0.0,0.0,28.22,17.68,0.0,100.0,True
CAND_01296,Al13.20Co20.95Ti20.95W44.90,4,13.2,20.95,0.0,0.0,0.0,0.0,0.0,0.0,0.0,20.95,0.0,44.9,100.0,True
CAND_01297,Al7.86Co11.96Cu15.06Mo17.04Nb5.68Ni42.40,6,7.86,11.96,0.0,15.06,0.0,0.0,17.04,5.68,42.4,0.0,0.0,0.0,100.0,True
CAND_01298,Al14.15Cu21.82Fe27.20Nb8.69Ni14.03Ti14.11,6,14.15,0.0,0.0,21.82,27.2,0.0,0.0,8.69,14.03,14.11,0.0,0.0,100.0,True
CAND_01299,Cu13.05Fe15.60Mo24.04Nb8.74Ti22.89V15.68,6,0.0,0.0,0.0,13.05,15.6,0.0,24.04,8.74,0.0,22.89,15.68,0.0,100.0,True
CAND_01300,Co19.31Fe5.66Nb25.82Ni15.68V17.41W16.12,6,0.0,19.31,0.0,0.0,5.66,0.0,0.0,25.82,15.68,0.0,17.41,16.12,100.0,True
CAND_01301,Al13.81Cu13.11Mo36.80Nb8.09V9.93W18.26,6,13.81,0.0,0.0,13.11,0.0,0.0,36.8,8.09,0.0,0.0,9.93,18.26,100.00000000000001,True
CAND_01302,Co14.04Mn13.97Nb30.22Ti28.78V12.99,5,0.0,14.04,0.0,0.0,0.0,13.97,0.0,30.22,0.0,28.78,12.99,0.0,99.99999999999999,True
CAND_01303,Al24.50Cu30.94Nb23.23V21.33,4,24.5,0.0,0.0,30.94,0.0,0.0,0.0,23.23,0.0,0.0,21.33,0.0,100.0,True
CAND_01304,Co12.67Fe19.56Mn26.50Mo11.34V29.93,5,0.0,12.67,0.0,0.0,19.56,26.5,11.34,0.0,0.0,0.0,29.93,0.0,100.0,True
CAND_01305,Al18.27Cr14.30Fe28.51Mn6.00Mo10.78Ni22.14,6,18.27,0.0,14.3,0.0,28.51,6.0,10.78,0.0,22.14,0.0,0.0,0.0,100.0,True
CAND_01306,Cr13.77Fe10.65Mo42.70Ti9.26W23.62,5,0.0,0.0,13.77,0.0,10.65,0.0,42.7,0.0,0.0,9.26,0.0,23.62,100.00000000000001,True
CAND_01307,Al6.83Cr15.24Cu30.61Nb36.99V10.33,5,6.83,0.0,15.24,30.61,0.0,0.0,0.0,36.99,0.0,0.0,10.33,0.0,100.0,True
CAND_01308,Co31.27Cr42.02Cu10.27W16.44,4,0.0,31.27,42.02,10.27,0.0,0.0,0.0,0.0,0.0,0.0,0.0,16.44,100.0,True
CAND_01309,Co5.92Fe18.52Mo19.85Nb18.30Ni28.93V8.48,6,0.0,5.92,0.0,0.0,18.52,0.0,19.85,18.3,28.93,0.0,8.48,0.0,100.00000000000001,True
CAND_01310,Co21.65Mn23.96Mo21.14W33.25,4,0.0,21.65,0.0,0.0,0.0,23.96,21.14,0.0,0.0,0.0,0.0,33.25,100.0,True
CAND_01311,Co21.92Cu28.91Mn17.00Mo11.47Ni6.80W13.90,6,0.0,21.92,0.0,28.91,0.0,17.0,11.47,0.0,6.8,0.0,0.0,13.9,100.0,True
CAND_01312,Co17.86Fe9.69Mn11.31Mo8.74Nb33.56Ni18.84,6,0.0,17.86,0.0,0.0,9.69,11.31,8.74,33.56,18.84,0.0,0.0,0.0,100.0,True
CAND_01313,Co21.33Fe12.78Mo9.80Ni22.40Ti6.09V27.60,6,0.0,21.33,0.0,0.0,12.78,0.0,9.8,0.0,22.4,6.09,27.6,0.0,100.0,True
CAND_01314,Al16.29Cr19.88Fe9.52Ni17.39Ti36.92,5,16.29,0.0,19.88,0.0,9.52,0.0,0.0,0.0,17.39,36.92,0.0,0.0,100.0,True
CAND_01315,Cr26.23Cu18.42Mn32.05Ni23.30,4,0.0,0.0,26.23,18.42,0.0,32.05,0.0,0.0,23.3,0.0,0.0,0.0,100.0,True
CAND_01316,Al27.53Cu22.55Nb14.63Ti35.29,4,27.53,0.0,0.0,22.55,0.0,0.0,0.0,14.63,0.0,35.29,0.0,0.0,100.0,True
CAND_01317,Co32.54Mo33.19Ni25.34Ti8.93,4,0.0,32.54,0.0,0.0,0.0,0.0,33.19,0.0,25.34,8.93,0.0,0.0,100.0,True
CAND_01318,Cu41.35Fe15.37Mn27.77Ni15.51,4,0.0,0.0,0.0,41.35,15.37,27.77,0.0,0.0,15.51,0.0,0.0,0.0,100.0,True
CAND_01319,Al14.47Co33.34Cu44.96Ni7.23,4,14.47,33.34,0.0,44.96,0.0,0.0,0.0,0.0,7.23,0.0,0.0,0.0,100.00000000000001,True
CAND_01320,Co16.30Cu14.52Fe14.25Mn7.60Ti29.06V18.27,6,0.0,16.3,0.0,14.52,14.25,7.6,0.0,0.0,0.0,29.06,18.27,0.0,100.0,True
CAND_01321,Mn28.38Nb5.93V22.31W43.38,4,0.0,0.0,0.0,0.0,0.0,28.38,0.0,5.93,0.0,0.0,22.31,43.38,100.0,True
CAND_01322,Cu40.13Fe23.54Nb26.96W9.37,4,0.0,0.0,0.0,40.13,23.54,0.0,0.0,26.96,0.0,0.0,0.0,9.37,100.0,True
CAND_01323,Co13.93Cu31.70Mo17.69V21.68W15.00,5,0.0,13.93,0.0,31.7,0.0,0.0,17.69,0.0,0.0,0.0,21.68,15.0,100.0,True
CAND_01324,Co27.35Cr17.17Ti10.52V44.96,4,0.0,27.35,17.17,0.0,0.0,0.0,0.0,0.0,0.0,10.52,44.96,0.0,100.0,True
CAND_01325,Cr16.23Cu22.15Fe20.71Mo25.68W15.23,5,0.0,0.0,16.23,22.15,20.71,0.0,25.68,0.0,0.0,0.0,0.0,15.23,100.0,True
CAND_01326,Cr22.48Cu16.13Nb23.50Ni27.78V10.11,5,0.0,0.0,22.48,16.13,0.0,0.0,0.0,23.5,27.78,0.0,10.11,0.0,100.0,True
CAND_01327,Cr11.52Mn39.06Mo34.07V15.35,4,0.0,0.0,11.52,0.0,0.0,39.06,34.07,0.0,0.0,0.0,15.35,0.0,100.0,True
CAND_01328,Al39.60Cr18.05Ni12.15Ti12.22V17.98,5,39.6,0.0,18.05,0.0,0.0,0.0,0.0,0.0,12.15,12.22,17.98,0.0,100.00000000000001,True
CAND_01329,Al11.43Mn23.39Nb13.42Ni35.56W16.20,5,11.43,0.0,0.0,0.0,0.0,23.39,0.0,13.42,35.56,0.0,0.0,16.2,100.00000000000001,True
CAND_01330,Al29.78Cu21.93Mn13.31Nb5.86Ti29.12,5,29.78,0.0,0.0,21.93,0.0,13.31,0.0,5.86,0.0,29.12,0.0,0.0,100.0,True
CAND_01331,Co15.69Cr11.33Mo13.50Nb15.00Ni17.44Ti27.04,6,0.0,15.69,11.33,0.0,0.0,0.0,13.5,15.0,17.44,27.04,0.0,0.0,100.0,True
CAND_01332,Al22.58Co5.72Cr19.28Cu22.47Fe24.30W5.65,6,22.58,5.72,19.28,22.47,24.3,0.0,0.0,0.0,0.0,0.0,0.0,5.65,100.0,True
CAND_01333,Cu33.76Fe7.43Mn26.27V32.54,4,0.0,0.0,0.0,33.76,7.43,26.27,0.0,0.0,0.0,0.0,32.54,0.0,100.0,True
CAND_01334,Co9.64Mn5.83V42.09W42.44,4,0.0,9.64,0.0,0.0,0.0,5.83,0.0,0.0,0.0,0.0,42.09,42.44,100.0,True
CAND_01335,Co7.05Cr27.56Cu15.28Nb12.75V14.82W22.54,6,0.0,7.05,27.56,15.28,0.0,0.0,0.0,12.75,0.0,0.0,14.82,22.54,100.0,True
CAND_01336,Al15.02Co29.39Cu13.81Fe32.42V9.36,5,15.02,29.39,0.0,13.81,32.42,0.0,0.0,0.0,0.0,0.0,9.36,0.0,100.0,True
CAND_01337,Al31.80Co16.67Nb10.01Ni26.60W14.92,5,31.8,16.67,0.0,0.0,0.0,0.0,0.0,10.01,26.6,0.0,0.0,14.92,100.0,True
CAND_01338,Cr5.39Mo8.86Nb19.40Ni35.18V31.17,5,0.0,0.0,5.39,0.0,0.0,0.0,8.86,19.4,35.18,0.0,31.17,0.0,100.0,True
CAND_01339,Al17.57Cu12.48Mn37.95Nb32.00,4,17.57,0.0,0.0,12.48,0.0,37.95,0.0,32.0,0.0,0.0,0.0,0.0,100.0,True
CAND_01340,Al8.51Cr7.37Cu27.77Mo10.89V31.84W13.62,6,8.51,0.0,7.37,27.77,0.0,0.0,10.89,0.0,0.0,0.0,31.84,13.62,100.0,True
CAND_01341,Fe34.75Mo19.24Ni23.19Ti14.91W7.91,5,0.0,0.0,0.0,0.0,34.75,0.0,19.24,0.0,23.19,14.91,0.0,7.91,99.99999999999999,True
CAND_01342,Co20.48Cr14.64Cu14.07Nb22.81Ti28.00,5,0.0,20.48,14.64,14.07,0.0,0.0,0.0,22.81,0.0,28.0,0.0,0.0,100.0,True
CAND_01343,Al5.13Co10.70Mo16.18Nb30.42Ni37.57,5,5.13,10.7,0.0,0.0,0.0,0.0,16.18,30.42,37.57,0.0,0.0,0.0,100.0,True
CAND_01344,Al6.21Co30.68Cu32.55W30.56,4,6.21,30.68,0.0,32.55,0.0,0.0,0.0,0.0,0.0,0.0,0.0,30.56,100.0,True
CAND_01345,Cu16.99Fe13.76Mn12.20Mo24.86W32.19,5,0.0,0.0,0.0,16.99,13.76,12.2,24.86,0.0,0.0,0.0,0.0,32.19,100.0,True
CAND_01346,Co6.33Cr13.28Fe29.00Ni20.42Ti30.97,5,0.0,6.33,13.28,0.0,29.0,0.0,0.0,0.0,20.42,30.97,0.0,0.0,100.0,True
CAND_01347,Al14.55Co42.41Fe11.82Mn16.51V14.71,5,14.55,42.41,0.0,0.0,11.82,16.51,0.0,0.0,0.0,0.0,14.71,0.0,100.0,True
CAND_01348,Co20.19Cu8.93Fe26.72Mn11.73Mo9.72Nb22.71,6,0.0,20.19,0.0,8.93,26.72,11.73,9.72,22.71,0.0,0.0,0.0,0.0,100.0,True
CAND_01349,Fe30.52Nb33.20Ni18.82Ti17.46,4,0.0,0.0,0.0,0.0,30.52,0.0,0.0,33.2,18.82,17.46,0.0,0.0,100.0,True
CAND_01350,Cr22.27Mn24.05Ni24.08V29.60,4,0.0,0.0,22.27,0.0,0.0,24.05,0.0,0.0,24.08,0.0,29.6,0.0,100.0,True
CAND_01351,Co16.44Cr44.35Fe24.80Mn14.41,4,0.0,16.44,44.35,0.0,24.8,14.41,0.0,0.0,0.0,0.0,0.0,0.0,100.0,True
CAND_01352,Al39.82Mn7.67Ni16.99V35.52,4,39.82,0.0,0.0,0.0,0.0,7.67,0.0,0.0,16.99,0.0,35.52,0.0,100.0,True
CAND_01353,Al12.93Co15.12Cu16.62Mn11.59Mo9.08V34.66,6,12.93,15.12,0.0,16.62,0.0,11.59,9.08,0.0,0.0,0.0,34.66,0.0,100.0,True
CAND_01354,Al20.52Co5.81Cr26.79Cu20.92V25.96,5,20.52,5.81,26.79,20.92,0.0,0.0,0.0,0.0,0.0,0.0,25.96,0.0,100.0,True
CAND_01355,Al5.88Cr11.84Fe8.46Nb24.99Ti24.66V24.17,6,5.88,0.0,11.84,0.0,8.46,0.0,0.0,24.99,0.0,24.66,24.17,0.0,100.0,True
CAND_01356,Co11.89Ni42.01V7.54W38.56,4,0.0,11.89,0.0,0.0,0.0,0.0,0.0,0.0,42.01,0.0,7.54,38.56,100.0,True
CAND_01357,Al16.49Cu39.19Fe15.08Mn29.24,4,16.49,0.0,0.0,39.19,15.08,29.24,0.0,0.0,0.0,0.0,0.0,0.0,99.99999999999999,True
CAND_01358,Co20.62Mn25.82Ni11.01V21.59W20.96,5,0.0,20.62,0.0,0.0,0.0,25.82,0.0,0.0,11.01,0.0,21.59,20.96,100.0,True
CAND_01359,Cr11.12Fe12.86Mn32.24Nb27.43V6.89W9.46,6,0.0,0.0,11.12,0.0,12.86,32.24,0.0,27.43,0.0,0.0,6.89,9.46,100.0,True
CAND_01360,Co22.78Cu23.73Mn35.28Mo18.21,4,0.0,22.78,0.0,23.73,0.0,35.28,18.21,0.0,0.0,0.0,0.0,0.0,100.0,True
CAND_01361,Al13.62Co9.16Cr31.53Cu28.67Mn17.02,5,13.62,9.16,31.53,28.67,0.0,17.02,0.0,0.0,0.0,0.0,0.0,0.0,100.0,True
CAND_01362,Co28.81Cu8.48Mn17.79Mo13.14Nb17.83W13.95,6,0.0,28.81,0.0,8.48,0.0,17.79,13.14,17.83,0.0,0.0,0.0,13.95,100.0,True
CAND_01363,Al22.35Fe14.52Mn12.55Mo7.09Ni9.08V34.41,6,22.35,0.0,0.0,0.0,14.52,12.55,7.09,0.0,9.08,0.0,34.41,0.0,100.0,True
CAND_01364,Al8.60Cr33.58Mo9.88Nb19.48Ti28.46,5,8.6,0.0,33.58,0.0,0.0,0.0,9.88,19.48,0.0,28.46,0.0,0.0,100.0,True
CAND_01365,Co25.35Fe23.86Mn17.01Ti7.10V26.68,5,0.0,25.35,0.0,0.0,23.86,17.01,0.0,0.0,0.0,7.1,26.68,0.0,100.0,True
CAND_01366,Al19.59Mn20.12Mo7.86Ti19.94W32.49,5,19.59,0.0,0.0,0.0,0.0,20.12,7.86,0.0,0.0,19.94,0.0,32.49,100.0,True
CAND_01367,Co7.55Cu12.51Fe13.71Mo6.20Nb24.73Ni35.30,6,0.0,7.55,0.0,12.51,13.71,0.0,6.2,24.73,35.3,0.0,0.0,0.0,100.0,True
CAND_01368,Co14.13Cr8.34Mo8.42Ni27.09W42.02,5,0.0,14.13,8.34,0.0,0.0,0.0,8.42,0.0,27.09,0.0,0.0,42.02,100.0,True
CAND_01369,Co28.09Cr20.16Fe12.23Mo11.71Ni8.78Ti19.03,6,0.0,28.09,20.16,0.0,12.23,0.0,11.71,0.0,8.78,19.03,0.0,0.0,100.0,True
CAND_01370,Cr12.10Mn38.97Nb7.96Ni5.70Ti15.90V19.37,6,0.0,0.0,12.1,0.0,0.0,38.97,0.0,7.96,5.7,15.9,19.37,0.0,100.00000000000001,True
CAND_01371,Cr5.33Cu23.97Fe19.50Nb11.59Ti21.15W18.46,6,0.0,0.0,5.33,23.97,19.5,0.0,0.0,11.59,0.0,21.15,0.0,18.46,100.0,True
CAND_01372,Cr9.74Fe27.61Mn10.82Nb40.95Ti10.88,5,0.0,0.0,9.74,0.0,27.61,10.82,0.0,40.95,0.0,10.88,0.0,0.0,100.0,True
CAND_01373,Al21.58Mo18.47V24.14W35.81,4,21.58,0.0,0.0,0.0,0.0,0.0,18.47,0.0,0.0,0.0,24.14,35.81,100.0,True
CAND_01374,Al26.08Co13.03Mn10.35Mo39.08Ni6.20Ti5.26,6,26.08,13.03,0.0,0.0,0.0,10.35,39.08,0.0,6.2,5.26,0.0,0.0,100.0,True
CAND_01375,Al10.35Cr31.63Ni8.68Ti6.39V20.94W22.01,6,10.35,0.0,31.63,0.0,0.0,0.0,0.0,0.0,8.68,6.39,20.94,22.01,100.0,True
CAND_01376,Al10.99Co14.90Cr11.06Cu13.85Nb31.06Ni18.14,6,10.99,14.9,11.06,13.85,0.0,0.0,0.0,31.06,18.14,0.0,0.0,0.0,100.0,True
CAND_01377,Co31.47Cr29.98Mn18.15Nb20.40,4,0.0,31.47,29.98,0.0,0.0,18.15,0.0,20.4,0.0,0.0,0.0,0.0,100.0,True
CAND_01378,Al15.00Co8.07Fe32.25Nb9.88V21.41W13.39,6,15.0,8.07,0.0,0.0,32.25,0.0,0.0,9.88,0.0,0.0,21.41,13.39,100.0,True
CAND_01379,Al15.38Co23.63Fe18.49Mn33.79Ni8.71,5,15.38,23.63,0.0,0.0,18.49,33.79,0.0,0.0,8.71,0.0,0.0,0.0,100.0,True
CAND_01380,Al16.31Co20.34Cr12.36Ni27.89W23.10,5,16.31,20.34,12.36,0.0,0.0,0.0,0.0,0.0,27.89,0.0,0.0,23.1,100.0,True
CAND_01381,Cu14.18Fe24.11Nb15.49Ni15.54V30.68,5,0.0,0.0,0.0,14.18,24.11,0.0,0.0,15.49,15.54,0.0,30.68,0.0,100.0,True
CAND_01382,Fe11.09Mn9.47Mo19.00Nb26.69Ni14.73W19.02,6,0.0,0.0,0.0,0.0,11.09,9.47,19.0,26.69,14.73,0.0,0.0,19.02,100.0,True
CAND_01383,Al38.66Cu21.96Nb6.45V24.63W8.30,5,38.66,0.0,0.0,21.96,0.0,0.0,0.0,6.45,0.0,0.0,24.63,8.3,99.99999999999999,True
CAND_01384,Co11.93Cu20.67Ni14.98Ti22.48V29.94,5,0.0,11.93,0.0,20.67,0.0,0.0,0.0,0.0,14.98,22.48,29.94,0.0,100.0,True
CAND_01385,Al28.39Cu13.09Nb8.16Ni29.27W21.09,5,28.39,0.0,0.0,13.09,0.0,0.0,0.0,8.16,29.27,0.0,0.0,21.09,100.0,True
CAND_01386,Al7.99Co20.31Cr40.07Fe6.99Mn18.93Mo5.71,6,7.99,20.31,40.07,0.0,6.99,18.93,5.71,0.0,0.0,0.0,0.0,0.0,99.99999999999999,True
CAND_01387,Fe13.63Mn20.43Mo34.48Ni8.83V7.26W15.37,6,0.0,0.0,0.0,0.0,13.63,20.43,34.48,0.0,8.83,0.0,7.26,15.37,100.0,True
CAND_01388,Co8.09Cr7.42Cu17.24Mn11.30Ti29.56W26.39,6,0.0,8.09,7.42,17.24,0.0,11.3,0.0,0.0,0.0,29.56,0.0,26.39,100.0,True
CAND_01389,Al24.81Cr20.25Mn13.14Ni23.00W18.80,5,24.81,0.0,20.25,0.0,0.0,13.14,0.0,0.0,23.0,0.0,0.0,18.8,100.0,True
CAND_01390,Al31.36Mn6.01Mo14.75Ni8.89V8.58W30.41,6,31.36,0.0,0.0,0.0,0.0,6.01,14.75,0.0,8.89,0.0,8.58,30.41,100.0,True
CAND_01391,Co27.67Fe21.53Ti29.79V21.01,4,0.0,27.67,0.0,0.0,21.53,0.0,0.0,0.0,0.0,29.79,21.01,0.0,100.00000000000001,True
CAND_01392,Al12.57Co12.79Mn31.01Ti19.84V23.79,5,12.57,12.79,0.0,0.0,0.0,31.01,0.0,0.0,0.0,19.84,23.79,0.0,100.0,True
CAND_01393,Al16.72Co7.94Cr11.99Cu13.41Ni20.42Ti29.52,6,16.72,7.94,11.99,13.41,0.0,0.0,0.0,0.0,20.42,29.52,0.0,0.0,100.0,True
CAND_01394,Al14.07Co16.77Fe26.92Nb29.70V12.54,5,14.07,16.77,0.0,0.0,26.92,0.0,0.0,29.7,0.0,0.0,12.54,0.0,100.0,True
CAND_01395,Co23.18Cr12.23Cu15.54Mo10.08Ni15.18W23.79,6,0.0,23.18,12.23,15.54,0.0,0.0,10.08,0.0,15.18,0.0,0.0,23.79,100.0,True
CAND_01396,Al20.25Cr10.35Cu26.32Fe5.16Ti30.43W7.49,6,20.25,0.0,10.35,26.32,5.16,0.0,0.0,0.0,0.0,30.43,0.0,7.49,99.99999999999999,True
CAND_01397,Co31.64Cu15.36Fe12.08Mo19.55V15.82W5.55,6,0.0,31.64,0.0,15.36,12.08,0.0,19.55,0.0,0.0,0.0,15.82,5.55,99.99999999999999,True
CAND_01398,Co11.41Cr24.99Nb29.37Ni15.09W19.14,5,0.0,11.41,24.99,0.0,0.0,0.0,0.0,29.37,15.09,0.0,0.0,19.14,100.0,True
CAND_01399,Al26.46Co11.20Mo26.35Ti35.99,4,26.46,11.2,0.0,0.0,0.0,0.0,26.35,0.0,0.0,35.99,0.0,0.0,100.0,True
CAND_01400,Al6.29Cr39.77Mo22.12Ti17.24V14.58,5,6.29,0.0,39.77,0.0,0.0,0.0,22.12,0.0,0.0,17.24,14.58,0.0,100.0,True
CAND_01401,Fe33.04Mo26.44Ti29.11W11.41,4,0.0,0.0,0.0,0.0,33.04,0.0,26.44,0.0,0.0,29.11,0.0,11.41,100.0,True
CAND_01402,Al11.62Cr11.15Mo10.54Nb36.07V30.62,5,11.62,0.0,11.15,0.0,0.0,0.0,10.54,36.07,0.0,0.0,30.62,0.0,100.0,True
CAND_01403,Cr8.86Cu14.48Ti44.65V32.01,4,0.0,0.0,8.86,14.48,0.0,0.0,0.0,0.0,0.0,44.65,32.01,0.0,100.0,True
CAND_01404,Co37.54Mo13.08Ni20.80Ti28.58,4,0.0,37.54,0.0,0.0,0.0,0.0,13.08,0.0,20.8,28.58,0.0,0.0,100.0,True
CAND_01405,Al16.93Cr12.00Cu7.20Mn21.74Mo14.95Nb27.18,6,16.93,0.0,12.0,7.2,0.0,21.74,14.95,27.18,0.0,0.0,0.0,0.0,100.0,True
CAND_01406,Cr19.87Fe17.34Mn19.11Mo6.25Nb18.05W19.38,6,0.0,0.0,19.87,0.0,17.34,19.11,6.25,18.05,0.0,0.0,0.0,19.38,100.0,True
CAND_01407,Cu11.52Mn5.12Mo20.83Ni29.95Ti32.58,5,0.0,0.0,0.0,11.52,0.0,5.12,20.83,0.0,29.95,32.58,0.0,0.0,100.0,True
CAND_01408,Cr5.86Fe40.20Mn12.41Mo25.08W16.45,5,0.0,0.0,5.86,0.0,40.2,12.41,25.08,0.0,0.0,0.0,0.0,16.45,100.0,True
CAND_01409,Al13.93Co24.21Cr25.45Nb36.41,4,13.93,24.21,25.45,0.0,0.0,0.0,0.0,36.41,0.0,0.0,0.0,0.0,100.0,True
CAND_01410,Al14.39Co12.15Cr39.62V33.84,4,14.39,12.15,39.62,0.0,0.0,0.0,0.0,0.0,0.0,0.0,33.84,0.0,100.0,True
CAND_01411,Cr19.55Mn40.93Mo7.82Ti12.25V7.87W11.58,6,0.0,0.0,19.55,0.0,0.0,40.93,7.82,0.0,0.0,12.25,7.87,11.58,100.00000000000001,True
CAND_01412,Al35.07Fe34.23Mo13.13Ti10.82V6.75,5,35.07,0.0,0.0,0.0,34.23,0.0,13.13,0.0,0.0,10.82,6.75,0.0,100.0,True
CAND_01413,Cu21.28Mo25.20Ni10.85Ti37.13W5.54,5,0.0,0.0,0.0,21.28,0.0,0.0,25.2,0.0,10.85,37.13,0.0,5.54,100.00000000000001,True
CAND_01414,Cu32.49Fe34.15Mn8.00Nb14.96Ni10.40,5,0.0,0.0,0.0,32.49,34.15,8.0,0.0,14.96,10.4,0.0,0.0,0.0,100.0,True
CAND_01415,Al17.42Co25.64Cu11.62Mo31.29Nb14.03,5,17.42,25.64,0.0,11.62,0.0,0.0,31.29,14.03,0.0,0.0,0.0,0.0,100.0,True
CAND_01416,Cu6.69Mo12.78Ni28.31Ti12.26V39.96,5,0.0,0.0,0.0,6.69,0.0,0.0,12.78,0.0,28.31,12.26,39.96,0.0,100.0,True
CAND_01417,Al25.25Cr29.22Fe23.22Ti22.31,4,25.25,0.0,29.22,0.0,23.22,0.0,0.0,0.0,0.0,22.31,0.0,0.0,100.0,True
CAND_01418,Cr14.13Cu6.72Fe8.06Mn39.21Ti21.51V10.37,6,0.0,0.0,14.13,6.72,8.06,39.21,0.0,0.0,0.0,21.51,10.37,0.0,100.00000000000001,True
CAND_01419,Cr14.83Cu26.50Fe6.61Mn26.39Ti25.67,5,0.0,0.0,14.83,26.5,6.61,26.39,0.0,0.0,0.0,25.67,0.0,0.0,100.0,True
CAND_01420,Al12.00Co15.14Mn36.28Ni36.58,4,12.0,15.14,0.0,0.0,0.0,36.28,0.0,0.0,36.58,0.0,0.0,0.0,100.0,True
CAND_01421,Al11.78Cu9.11Fe40.85Mo12.59Ti8.64V17.03,6,11.78,0.0,0.0,9.11,40.85,0.0,12.59,0.0,0.0,8.64,17.03,0.0,100.0,True
CAND_01422,Co24.41Cr19.98Mo14.07V19.91W21.63,5,0.0,24.41,19.98,0.0,0.0,0.0,14.07,0.0,0.0,0.0,19.91,21.63,100.0,True
CAND_01423,Cr18.50Cu29.12Mo44.23Ti8.15,4,0.0,0.0,18.5,29.12,0.0,0.0,44.23,0.0,0.0,8.15,0.0,0.0,100.0,True
CAND_01424,Al14.21Co7.46Cr26.61Cu22.51Mn9.89Mo19.32,6,14.21,7.46,26.61,22.51,0.0,9.89,19.32,0.0,0.0,0.0,0.0,0.0,100.0,True
CAND_01425,Al16.92Cu37.44Mo12.55Ti22.20W10.89,5,16.92,0.0,0.0,37.44,0.0,0.0,12.55,0.0,0.0,22.2,0.0,10.89,100.0,True
CAND_01426,Al17.10Co16.26Mn14.09Ti17.29V35.26,5,17.1,16.26,0.0,0.0,0.0,14.09,0.0,0.0,0.0,17.29,35.26,0.0,100.0,True
CAND_01427,Al33.18Cu31.51Mo13.65Ti12.80V8.86,5,33.18,0.0,0.0,31.51,0.0,0.0,13.65,0.0,0.0,12.8,8.86,0.0,100.0,True
CAND_01428,Cr32.08Mo16.89Ni21.98Ti8.49W20.56,5,0.0,0.0,32.08,0.0,0.0,0.0,16.89,0.0,21.98,8.49,0.0,20.56,100.0,True
CAND_01429,Co37.75Mo18.55Nb8.59Ti7.81V5.49W21.81,6,0.0,37.75,0.0,0.0,0.0,0.0,18.55,8.59,0.0,7.81,5.49,21.81,100.0,True
CAND_01430,Co7.59Cu12.01Mn11.67Mo12.93Nb26.55W29.25,6,0.0,7.59,0.0,12.01,0.0,11.67,12.93,26.55,0.0,0.0,0.0,29.25,100.0,True
CAND_01431,Fe23.51Mo32.79Nb22.78Ni20.92,4,0.0,0.0,0.0,0.0,23.51,0.0,32.79,22.78,20.92,0.0,0.0,0.0,100.0,True
CAND_01432,Al11.15Mn16.95Mo12.45Nb22.84Ni19.78V16.83,6,11.15,0.0,0.0,0.0,0.0,16.95,12.45,22.84,19.78,0.0,16.83,0.0,100.0,True
CAND_01433,Co25.98Cr9.41Cu15.06Fe12.35Mn37.20,5,0.0,25.98,9.41,15.06,12.35,37.2,0.0,0.0,0.0,0.0,0.0,0.0,100.0,True
CAND_01434,Fe30.64Ni29.30V20.58W19.48,4,0.0,0.0,0.0,0.0,30.64,0.0,0.0,0.0,29.3,0.0,20.58,19.48,100.0,True
CAND_01435,Co11.35Cu27.68Mn7.30Mo19.59Ni7.12W26.96,6,0.0,11.35,0.0,27.68,0.0,7.3,19.59,0.0,7.12,0.0,0.0,26.96,100.0,True
CAND_01436,Al15.12Mn20.49Mo23.96W40.43,4,15.12,0.0,0.0,0.0,0.0,20.49,23.96,0.0,0.0,0.0,0.0,40.43,100.0,True
CAND_01437,Al24.51Co22.37Cr17.28Cu6.25Ti17.53V12.06,6,24.51,22.37,17.28,6.25,0.0,0.0,0.0,0.0,0.0,17.53,12.06,0.0,100.0,True
CAND_01438,Al23.22Fe19.50Mo11.15Nb14.98V31.15,5,23.22,0.0,0.0,0.0,19.5,0.0,11.15,14.98,0.0,0.0,31.15,0.0,100.0,True
CAND_01439,Al16.07Cr14.84Nb36.48Ti12.97V6.05W13.59,6,16.07,0.0,14.84,0.0,0.0,0.0,0.0,36.48,0.0,12.97,6.05,13.59,100.0,True
CAND_01440,Al23.55Cu36.65Nb21.50W18.30,4,23.55,0.0,0.0,36.65,0.0,0.0,0.0,21.5,0.0,0.0,0.0,18.3,100.0,True
CAND_01441,Al14.13Cr27.45Cu5.13Mo23.03W30.26,5,14.13,0.0,27.45,5.13,0.0,0.0,23.03,0.0,0.0,0.0,0.0,30.26,100.00000000000001,True
CAND_01442,Al7.99Cu28.31Nb36.99Ti26.71,4,7.99,0.0,0.0,28.31,0.0,0.0,0.0,36.99,0.0,26.71,0.0,0.0,100.0,True
CAND_01443,Fe21.99Mn10.22Nb16.65Ni36.52V14.62,5,0.0,0.0,0.0,0.0,21.99,10.22,0.0,16.65,36.52,0.0,14.62,0.0,100.0,True
CAND_01444,Cr10.19Cu30.44Fe18.68Mo12.93V27.76,5,0.0,0.0,10.19,30.44,18.68,0.0,12.93,0.0,0.0,0.0,27.76,0.0,100.00000000000001,True
CAND_01445,Cr38.48Cu15.95Mo30.26Ni15.31,4,0.0,0.0,38.48,15.95,0.0,0.0,30.26,0.0,15.31,0.0,0.0,0.0,100.0,True
CAND_01446,Al13.73Cr25.08Fe34.01Ti27.18,4,13.73,0.0,25.08,0.0,34.01,0.0,0.0,0.0,0.0,27.18,0.0,0.0,100.0,True
CAND_01447,Cr18.59Fe24.22Mn11.35Nb14.89Ti30.95,5,0.0,0.0,18.59,0.0,24.22,11.35,0.0,14.89,0.0,30.95,0.0,0.0,100.00000000000001,True
CAND_01448,Cr19.05Mo28.18Ni41.16Ti11.61,4,0.0,0.0,19.05,0.0,0.0,0.0,28.18,0.0,41.16,11.61,0.0,0.0,100.0,True
CAND_01449,Al8.40Co13.35Cu16.84Mn23.05Nb29.49Ti8.87,6,8.4,13.35,0.0,16.84,0.0,23.05,0.0,29.49,0.0,8.87,0.0,0.0,100.0,True
CAND_01450,Al15.89Cr18.05Mo14.44Ni7.99V19.46W24.17,6,15.89,0.0,18.05,0.0,0.0,0.0,14.44,0.0,7.99,0.0,19.46,24.17,100.0,True
CAND_01451,Mo38.68Nb8.29Ni10.15V19.00W23.88,5,0.0,0.0,0.0,0.0,0.0,0.0,38.68,8.29,10.15,0.0,19.0,23.88,100.0,True
CAND_01452,Cr9.88Mn15.23Ti33.04W41.85,4,0.0,0.0,9.88,0.0,0.0,15.23,0.0,0.0,0.0,33.04,0.0,41.85,100.0,True
CAND_01453,Cr16.08Cu31.10Fe10.15Nb12.76V13.30W16.61,6,0.0,0.0,16.08,31.1,10.15,0.0,0.0,12.76,0.0,0.0,13.3,16.61,100.0,True
CAND_01454,Al17.74Cu8.17Ni34.56Ti39.53,4,17.74,0.0,0.0,8.17,0.0,0.0,0.0,0.0,34.56,39.53,0.0,0.0,100.0,True
CAND_01455,Co8.42Cu17.88Mn25.58Mo7.07V26.64W14.41,6,0.0,8.42,0.0,17.88,0.0,25.58,7.07,0.0,0.0,0.0,26.64,14.41,100.0,True
CAND_01456,Cu7.74Mn30.90Nb10.11Ni31.35Ti6.40W13.50,6,0.0,0.0,0.0,7.74,0.0,30.9,0.0,10.11,31.35,6.4,0.0,13.5,100.0,True
CAND_01457,Cu7.82Fe19.17Mn7.67Ni14.46Ti28.02W22.86,6,0.0,0.0,0.0,7.82,19.17,7.67,0.0,0.0,14.46,28.02,0.0,22.86,100.0,True
CAND_01458,Cu16.01Mn23.51Nb10.49Ni12.85Ti5.15W31.99,6,0.0,0.0,0.0,16.01,0.0,23.51,0.0,10.49,12.85,5.15,0.0,31.99,100.0,True
CAND_01459,Co11.19Cr34.24Mn13.71Ti13.04W27.82,5,0.0,11.19,34.24,0.0,0.0,13.71,0.0,0.0,0.0,13.04,0.0,27.82,100.0,True
CAND_01460,Al21.02Cu13.98Fe40.74Ni24.26,4,21.02,0.0,0.0,13.98,40.74,0.0,0.0,0.0,24.26,0.0,0.0,0.0,100.00000000000001,True
CAND_01461,Cr19.70Mo41.04Ni19.07W20.19,4,0.0,0.0,19.7,0.0,0.0,0.0,41.04,0.0,19.07,0.0,0.0,20.19,100.0,True
CAND_01462,Co26.97Fe27.09Mo15.84Ni30.10,4,0.0,26.97,0.0,0.0,27.09,0.0,15.84,0.0,30.1,0.0,0.0,0.0,100.0,True
CAND_01463,Al42.51Cr5.71Cu19.34Mo12.26W20.18,5,42.51,0.0,5.71,19.34,0.0,0.0,12.26,0.0,0.0,0.0,0.0,20.18,100.0,True
CAND_01464,Al16.01Cu16.04Mn17.00Nb11.92V39.03,5,16.01,0.0,0.0,16.04,0.0,17.0,0.0,11.92,0.0,0.0,39.03,0.0,100.0,True
CAND_01465,Al7.91Co16.38Mo10.12Ni27.09Ti11.97W26.53,6,7.91,16.38,0.0,0.0,0.0,0.0,10.12,0.0,27.09,11.97,0.0,26.53,100.0,True
CAND_01466,Fe9.68Mn10.64Mo14.16Ni37.20Ti19.93V8.39,6,0.0,0.0,0.0,0.0,9.68,10.64,14.16,0.0,37.2,19.93,8.39,0.0,100.00000000000001,True
CAND_01467,Co10.56Cr10.52Mo30.92Ni13.78Ti34.22,5,0.0,10.56,10.52,0.0,0.0,0.0,30.92,0.0,13.78,34.22,0.0,0.0,100.0,True
CAND_01468,Al14.44Co10.59Fe16.52Nb25.56V18.75W14.14,6,14.44,10.59,0.0,0.0,16.52,0.0,0.0,25.56,0.0,0.0,18.75,14.14,100.0,True
CAND_01469,Al33.10Cu18.46Mn8.22Mo40.22,4,33.1,0.0,0.0,18.46,0.0,8.22,40.22,0.0,0.0,0.0,0.0,0.0,100.0,True
CAND_01470,Cr14.20Cu11.67Mo16.77Nb29.00V28.36,5,0.0,0.0,14.2,11.67,0.0,0.0,16.77,29.0,0.0,0.0,28.36,0.0,100.0,True
CAND_01471,Co7.16Cu15.40Mn21.98Ni15.31Ti22.15W18.00,6,0.0,7.16,0.0,15.4,0.0,21.98,0.0,0.0,15.31,22.15,0.0,18.0,100.0,True
CAND_01472,Al36.12Ni19.93V17.18W26.77,4,36.12,0.0,0.0,0.0,0.0,0.0,0.0,0.0,19.93,0.0,17.18,26.77,99.99999999999999,True
CAND_01473,Co5.95Cr17.25Fe12.59Mo20.50Nb25.95Ni17.76,6,0.0,5.95,17.25,0.0,12.59,0.0,20.5,25.95,17.76,0.0,0.0,0.0,100.0,True
CAND_01474,Al14.84Fe10.40Mo12.78Nb15.64V20.35W25.99,6,14.84,0.0,0.0,0.0,10.4,0.0,12.78,15.64,0.0,0.0,20.35,25.99,100.0,True
CAND_01475,Co19.16Nb23.80Ni9.49Ti36.82V10.73,5,0.0,19.16,0.0,0.0,0.0,0.0,0.0,23.8,9.49,36.82,10.73,0.0,100.00000000000001,True
CAND_01476,Co17.58Fe26.80Mo18.55Ti37.07,4,0.0,17.58,0.0,0.0,26.8,0.0,18.55,0.0,0.0,37.07,0.0,0.0,100.0,True
CAND_01477,Al16.27Cu14.53Mn31.94Nb28.58Ni8.68,5,16.27,0.0,0.0,14.53,0.0,31.94,0.0,28.58,8.68,0.0,0.0,0.0,100.0,True
CAND_01478,Al12.56Co17.88Mn10.76Mo14.83Ti15.81W28.16,6,12.56,17.88,0.0,0.0,0.0,10.76,14.83,0.0,0.0,15.81,0.0,28.16,99.99999999999999,True
CAND_01479,Co12.03Mn42.96Nb9.56Ti35.45,4,0.0,12.03,0.0,0.0,0.0,42.96,0.0,9.56,0.0,35.45,0.0,0.0,100.0,True
CAND_01480,Al35.31Cu16.71Fe22.14Nb25.84,4,35.31,0.0,0.0,16.71,22.14,0.0,0.0,25.84,0.0,0.0,0.0,0.0,100.0,True
CAND_01481,Al6.54Co34.16Fe42.64Ti16.66,4,6.54,34.16,0.0,0.0,42.64,0.0,0.0,0.0,0.0,16.66,0.0,0.0,100.0,True
CAND_01482,Al25.60Cu16.35Fe20.61Ti37.44,4,25.6,0.0,0.0,16.35,20.61,0.0,0.0,0.0,0.0,37.44,0.0,0.0,100.0,True
CAND_01483,Co28.81Cr17.14Fe26.55Ni6.35W21.15,5,0.0,28.81,17.14,0.0,26.55,0.0,0.0,0.0,6.35,0.0,0.0,21.15,100.0,True
CAND_01484,Al31.22Co12.68Cr10.58Mn5.76Nb30.59Ni9.17,6,31.22,12.68,10.58,0.0,0.0,5.76,0.0,30.59,9.17,0.0,0.0,0.0,100.0,True
CAND_01485,Cr27.77Fe33.86Ni13.67W24.70,4,0.0,0.0,27.77,0.0,33.86,0.0,0.0,0.0,13.67,0.0,0.0,24.7,100.0,True
CAND_01486,Al6.73Co21.76Cr23.13Mo31.49Nb16.89,5,6.73,21.76,23.13,0.0,0.0,0.0,31.49,16.89,0.0,0.0,0.0,0.0,100.0,True
CAND_01487,Al31.10Cr21.93Cu14.67Nb7.66Ti18.67V5.97,6,31.1,0.0,21.93,14.67,0.0,0.0,0.0,7.66,0.0,18.67,5.97,0.0,100.0,True
CAND_01488,Al14.42Cr30.55Nb27.74Ni8.37W18.92,5,14.42,0.0,30.55,0.0,0.0,0.0,0.0,27.74,8.37,0.0,0.0,18.92,100.0,True
CAND_01489,Co9.93Cr5.07Cu11.20Mn20.74Mo40.64Ti12.42,6,0.0,9.93,5.07,11.2,0.0,20.74,40.64,0.0,0.0,12.42,0.0,0.0,100.0,True
CAND_01490,Co13.32Cu8.78Mn18.41Mo21.68W37.81,5,0.0,13.32,0.0,8.78,0.0,18.41,21.68,0.0,0.0,0.0,0.0,37.81,100.0,True
CAND_01491,Fe25.11Mn19.57Mo6.36Ti19.44V29.52,5,0.0,0.0,0.0,0.0,25.11,19.57,6.36,0.0,0.0,19.44,29.52,0.0,100.0,True
CAND_01492,Al22.69Co20.15Mo20.99Ti8.99V11.80W15.38,6,22.69,20.15,0.0,0.0,0.0,0.0,20.99,0.0,0.0,8.99,11.8,15.38,99.99999999999999,True
CAND_01493,Fe14.85Nb28.12V31.82W25.21,4,0.0,0.0,0.0,0.0,14.85,0.0,0.0,28.12,0.0,0.0,31.82,25.21,100.0,True
CAND_01494,Mn12.48Mo43.35Ti5.56V38.61,4,0.0,0.0,0.0,0.0,0.0,12.48,43.35,0.0,0.0,5.56,38.61,0.0,100.0,True
CAND_01495,Al19.43Co13.48Nb28.95Ni38.14,4,19.43,13.48,0.0,0.0,0.0,0.0,0.0,28.95,38.14,0.0,0.0,0.0,100.0,True
CAND_01496,Al19.24Cu9.29Fe16.64Mo21.57Ni33.26,5,19.24,0.0,0.0,9.29,16.64,0.0,21.57,0.0,33.26,0.0,0.0,0.0,100.0,True
CAND_01497,Co19.80Fe12.91Mo35.43Ni31.86,4,0.0,19.8,0.0,0.0,12.91,0.0,35.43,0.0,31.86,0.0,0.0,0.0,100.0,True
CAND_01498,Co15.68Fe6.65Mn15.54Nb7.77Ni16.36Ti38.00,6,0.0,15.68,0.0,0.0,6.65,15.54,0.0,7.77,16.36,38.0,0.0,0.0,100.0,True
CAND_01499,Al31.63Mn5.55Mo31.42Ni20.92V10.48,5,31.63,0.0,0.0,0.0,0.0,5.55,31.42,0.0,20.92,0.0,10.48,0.0,100.0,True
CAND_01500,Mn21.84Mo31.07Nb32.73W14.36,4,0.0,0.0,0.0,0.0,0.0,21.84,31.07,32.73,0.0,0.0,0.0,14.36,99.99999999999999,True
CAND_01501,Al14.99Cu27.08Nb21.28Ti24.62W12.03,5,14.99,0.0,0.0,27.08,0.0,0.0,0.0,21.28,0.0,24.62,0.0,12.03,100.0,True
CAND_01502,Cr18.02Fe11.18Mo17.78Nb17.85Ti35.17,5,0.0,0.0,18.02,0.0,11.18,0.0,17.78,17.85,0.0,35.17,0.0,0.0,100.00000000000001,True
CAND_01503,Al24.59Cr34.86Mo13.89Nb19.24Ni7.42,5,24.59,0.0,34.86,0.0,0.0,0.0,13.89,19.24,7.42,0.0,0.0,0.0,100.0,True
CAND_01504,Al34.36Nb16.91Ti6.40V18.22W24.11,5,34.36,0.0,0.0,0.0,0.0,0.0,0.0,16.91,0.0,6.4,18.22,24.11,99.99999999999999,True
CAND_01505,Cr38.34Fe17.30Ti10.44V33.92,4,0.0,0.0,38.34,0.0,17.3,0.0,0.0,0.0,0.0,10.44,33.92,0.0,100.0,True
CAND_01506,Co13.96Cr33.64Nb10.15Ti42.25,4,0.0,13.96,33.64,0.0,0.0,0.0,0.0,10.15,0.0,42.25,0.0,0.0,100.0,True
CAND_01507,Nb18.86Ni23.60V36.46W21.08,4,0.0,0.0,0.0,0.0,0.0,0.0,0.0,18.86,23.6,0.0,36.46,21.08,100.0,True
CAND_01508,Al20.62Cr9.34Cu13.21Mn11.01Mo18.24W27.58,6,20.62,0.0,9.34,13.21,0.0,11.01,18.24,0.0,0.0,0.0,0.0,27.58,100.0,True
CAND_01509,Mn12.97Mo35.34Nb14.52V37.17,4,0.0,0.0,0.0,0.0,0.0,12.97,35.34,14.52,0.0,0.0,37.17,0.0,100.0,True
CAND_01510,Mn30.35Ni21.93Ti23.57W24.15,4,0.0,0.0,0.0,0.0,0.0,30.35,0.0,0.0,21.93,23.57,0.0,24.15,100.0,True
CAND_01511,Co21.19Cr31.60Fe27.94V19.27,4,0.0,21.19,31.6,0.0,27.94,0.0,0.0,0.0,0.0,0.0,19.27,0.0,100.0,True
CAND_01512,Al14.36Cr18.05Cu12.97Nb31.87Ni11.68Ti11.07,6,14.36,0.0,18.05,12.97,0.0,0.0,0.0,31.87,11.68,11.07,0.0,0.0,100.0,True
CAND_01513,Al10.43Cr16.23Mo21.24Ni33.20Ti18.90,5,10.43,0.0,16.23,0.0,0.0,0.0,21.24,0.0,33.2,18.9,0.0,0.0,100.0,True
CAND_01514,Al24.75Co15.38Cr12.80Fe16.84Ni11.34V18.89,6,24.75,15.38,12.8,0.0,16.84,0.0,0.0,0.0,11.34,0.0,18.89,0.0,100.00000000000001,True
CAND_01515,Cr33.63Fe24.73Nb15.28W26.36,4,0.0,0.0,33.63,0.0,24.73,0.0,0.0,15.28,0.0,0.0,0.0,26.36,100.0,True
CAND_01516,Mn31.97Mo10.14Nb20.01V37.88,4,0.0,0.0,0.0,0.0,0.0,31.97,10.14,20.01,0.0,0.0,37.88,0.0,100.0,True
CAND_01517,Al19.67Cr7.97Fe8.77Ni29.48Ti8.45V25.66,6,19.67,0.0,7.97,0.0,8.77,0.0,0.0,0.0,29.48,8.45,25.66,0.0,100.0,True
CAND_01518,Co5.16Fe23.36Mo11.49Nb24.66W35.33,5,0.0,5.16,0.0,0.0,23.36,0.0,11.49,24.66,0.0,0.0,0.0,35.33,100.0,True
CAND_01519,Al10.77Cr23.04Cu8.38Fe5.52Mo21.08Nb31.21,6,10.77,0.0,23.04,8.38,5.52,0.0,21.08,31.21,0.0,0.0,0.0,0.0,100.0,True
CAND_01520,Cu25.49Fe9.20Mn11.26Nb7.65Ti17.97W28.43,6,0.0,0.0,0.0,25.49,9.2,11.26,0.0,7.65,0.0,17.97,0.0,28.43,100.0,True
CAND_01521,Al24.95Cr21.22Cu14.88Nb6.04Ni19.47V13.44,6,24.95,0.0,21.22,14.88,0.0,0.0,0.0,6.04,19.47,0.0,13.44,0.0,100.0,True
CAND_01522,Co10.80Cr13.77Mo19.77Ni25.81V29.85,5,0.0,10.8,13.77,0.0,0.0,0.0,19.77,0.0,25.81,0.0,29.85,0.0,100.0,True
CAND_01523,Fe14.30Mo10.78Nb18.67Ti13.86V42.39,5,0.0,0.0,0.0,0.0,14.3,0.0,10.78,18.67,0.0,13.86,42.39,0.0,100.0,True
CAND_01524,Cu14.07Fe12.61Ni42.41W30.91,4,0.0,0.0,0.0,14.07,12.61,0.0,0.0,0.0,42.41,0.0,0.0,30.91,100.0,True
CAND_01525,Cr8.35Cu11.49Fe13.64Mo6.51Nb43.92Ti16.09,6,0.0,0.0,8.35,11.49,13.64,0.0,6.51,43.92,0.0,16.09,0.0,0.0,100.0,True
CAND_01526,Al25.32Cu20.02Fe34.19Mo20.47,4,25.32,0.0,0.0,20.02,34.19,0.0,20.47,0.0,0.0,0.0,0.0,0.0,100.0,True
CAND_01527,Co20.19Fe27.44Mo17.85Ti22.32W12.20,5,0.0,20.19,0.0,0.0,27.44,0.0,17.85,0.0,0.0,22.32,0.0,12.2,100.00000000000001,True
CAND_01528,Cr34.35Fe14.39Mn10.74Mo12.83V13.84W13.85,6,0.0,0.0,34.35,0.0,14.39,10.74,12.83,0.0,0.0,0.0,13.84,13.85,100.0,True
CAND_01529,Cr44.01Mn33.22Mo11.79W10.98,4,0.0,0.0,44.01,0.0,0.0,33.22,11.79,0.0,0.0,0.0,0.0,10.98,99.99999999999999,True
CAND_01530,Mn5.61Nb39.53Ti14.19V40.67,4,0.0,0.0,0.0,0.0,0.0,5.61,0.0,39.53,0.0,14.19,40.67,0.0,100.0,True
CAND_01531,Al6.05Cr18.11Cu22.11Ni21.57W32.16,5,6.05,0.0,18.11,22.11,0.0,0.0,0.0,0.0,21.57,0.0,0.0,32.16,100.0,True
CAND_01532,Co6.43Cr13.45Cu14.24Mo37.21Ni21.14W7.53,6,0.0,6.43,13.45,14.24,0.0,0.0,37.21,0.0,21.14,0.0,0.0,7.53,100.0,True
CAND_01533,Co31.26Cr11.23Fe14.34Nb7.40Ni35.77,5,0.0,31.26,11.23,0.0,14.34,0.0,0.0,7.4,35.77,0.0,0.0,0.0,100.0,True
CAND_01534,Cu18.14Fe18.81Mn6.05Mo8.17Nb36.38Ni12.45,6,0.0,0.0,0.0,18.14,18.81,6.05,8.17,36.38,12.45,0.0,0.0,0.0,100.00000000000001,True
CAND_01535,Al26.33Cr25.65Cu20.83Mn27.19,4,26.33,0.0,25.65,20.83,0.0,27.19,0.0,0.0,0.0,0.0,0.0,0.0,100.0,True
CAND_01536,Al13.12Fe41.79Mn6.66Mo9.39Ni21.47W7.57,6,13.12,0.0,0.0,0.0,41.79,6.66,9.39,0.0,21.47,0.0,0.0,7.57,100.0,True
CAND_01537,Al28.32Co5.99Cr16.60Nb10.96Ni38.13,5,28.32,5.99,16.6,0.0,0.0,0.0,0.0,10.96,38.13,0.0,0.0,0.0,100.0,True
CAND_01538,Al10.87Cu7.82Mo31.66Nb11.92Ni13.54V24.19,6,10.87,0.0,0.0,7.82,0.0,0.0,31.66,11.92,13.54,0.0,24.19,0.0,100.0,True
CAND_01539,Al6.91Co11.22Cr21.85Fe24.27Ti26.16W9.59,6,6.91,11.22,21.85,0.0,24.27,0.0,0.0,0.0,0.0,26.16,0.0,9.59,100.0,True
CAND_01540,Al15.19Fe20.75Mn11.96Mo26.37Nb19.91W5.82,6,15.19,0.0,0.0,0.0,20.75,11.96,26.37,19.91,0.0,0.0,0.0,5.82,100.0,True
CAND_01541,Al14.71Mn12.11Mo10.40Ni25.36Ti27.47W9.95,6,14.71,0.0,0.0,0.0,0.0,12.11,10.4,0.0,25.36,27.47,0.0,9.95,100.0,True
CAND_01542,Cu42.04Mn26.15Mo6.29V25.52,4,0.0,0.0,0.0,42.04,0.0,26.15,6.29,0.0,0.0,0.0,25.52,0.0,100.0,True
CAND_01543,Al16.38Cu34.39Mn21.00Nb22.36Ti5.87,5,16.38,0.0,0.0,34.39,0.0,21.0,0.0,22.36,0.0,5.87,0.0,0.0,100.0,True
CAND_01544,Al41.97Cr18.49Cu25.43Mn14.11,4,41.97,0.0,18.49,25.43,0.0,14.11,0.0,0.0,0.0,0.0,0.0,0.0,99.99999999999999,True
CAND_01545,Co9.47Cr6.79Mo6.05Nb23.75Ni43.21W10.73,6,0.0,9.47,6.79,0.0,0.0,0.0,6.05,23.75,43.21,0.0,0.0,10.73,100.00000000000001,True
CAND_01546,Al13.26Cu14.14Nb28.57Ni18.56Ti20.15V5.32,6,13.26,0.0,0.0,14.14,0.0,0.0,0.0,28.57,18.56,20.15,5.32,0.0,100.0,True
CAND_01547,Co19.23Cu37.70Fe33.90Mo9.17,4,0.0,19.23,0.0,37.7,33.9,0.0,9.17,0.0,0.0,0.0,0.0,0.0,100.00000000000001,True
CAND_01548,Al40.25Cr7.75Mn31.20Mo8.31Ni7.36V5.13,6,40.25,0.0,7.75,0.0,0.0,31.2,8.31,0.0,7.36,0.0,5.13,0.0,100.0,True
CAND_01549,Co8.90Cr19.46Cu17.87Fe14.32Ni18.73Ti20.72,6,0.0,8.9,19.46,17.87,14.32,0.0,0.0,0.0,18.73,20.72,0.0,0.0,100.0,True
CAND_01550,Mn17.38Mo14.19Ni25.89Ti13.95V16.04W12.55,6,0.0,0.0,0.0,0.0,0.0,17.38,14.19,0.0,25.89,13.95,16.04,12.55,99.99999999999999,True
CAND_01551,Co18.19Cr15.36Mn26.82V39.63,4,0.0,18.19,15.36,0.0,0.0,26.82,0.0,0.0,0.0,0.0,39.63,0.0,100.0,True
CAND_01552,Fe36.18Mn31.77Ni10.53Ti21.52,4,0.0,0.0,0.0,0.0,36.18,31.77,0.0,0.0,10.53,21.52,0.0,0.0,100.0,True
CAND_01553,Al31.25Cu18.61Fe28.50Mn21.64,4,31.25,0.0,0.0,18.61,28.5,21.64,0.0,0.0,0.0,0.0,0.0,0.0,100.0,True
CAND_01554,Cr26.41Nb27.06Ni10.38Ti30.27W5.88,5,0.0,0.0,26.41,0.0,0.0,0.0,0.0,27.06,10.38,30.27,0.0,5.88,100.0,True
CAND_01555,Cu36.93Mn20.84Nb19.71Ti22.52,4,0.0,0.0,0.0,36.93,0.0,20.84,0.0,19.71,0.0,22.52,0.0,0.0,99.99999999999999,True
CAND_01556,Al13.24Cr30.94Fe7.00Nb18.53Ni7.87Ti22.42,6,13.24,0.0,30.94,0.0,7.0,0.0,0.0,18.53,7.87,22.42,0.0,0.0,100.00000000000001,True
CAND_01557,Al14.67Cr37.71Nb7.28Ni40.34,4,14.67,0.0,37.71,0.0,0.0,0.0,0.0,7.28,40.34,0.0,0.0,0.0,100.0,True
CAND_01558,Cr34.80Fe9.05Mo14.53W41.62,4,0.0,0.0,34.8,0.0,9.05,0.0,14.53,0.0,0.0,0.0,0.0,41.62,100.0,True
CAND_01559,Co7.28Cr28.90Cu7.49Mn17.04Mo20.76Ni18.53,6,0.0,7.28,28.9,7.49,0.0,17.04,20.76,0.0,18.53,0.0,0.0,0.0,100.0,True
CAND_01560,Cu34.12Mo34.73Nb13.02W18.13,4,0.0,0.0,0.0,34.12,0.0,0.0,34.73,13.02,0.0,0.0,0.0,18.13,99.99999999999999,True
CAND_01561,Al11.57Cr29.38Cu13.45Mo20.52Ti18.37V6.71,6,11.57,0.0,29.38,13.45,0.0,0.0,20.52,0.0,0.0,18.37,6.71,0.0,100.0,True
CAND_01562,Al28.06Co9.83Cr7.13Mn17.36Mo20.27W17.35,6,28.06,9.83,7.13,0.0,0.0,17.36,20.27,0.0,0.0,0.0,0.0,17.35,100.0,True
CAND_01563,Al31.99Co30.57Cu14.02Mn9.74Ni13.68,5,31.99,30.57,0.0,14.02,0.0,9.74,0.0,0.0,13.68,0.0,0.0,0.0,100.0,True
CAND_01564,Cu7.44Fe7.47Mo36.41Nb18.85Ni29.83,5,0.0,0.0,0.0,7.44,7.47,0.0,36.41,18.85,29.83,0.0,0.0,0.0,99.99999999999999,True
CAND_01565,Cr36.56Cu13.56Fe20.65Ti7.10V15.18W6.95,6,0.0,0.0,36.56,13.56,20.65,0.0,0.0,0.0,0.0,7.1,15.18,6.95,100.00000000000001,True
CAND_01566,Al16.96Fe6.77Ni20.05Ti43.99V12.23,5,16.96,0.0,0.0,0.0,6.77,0.0,0.0,0.0,20.05,43.99,12.23,0.0,100.00000000000001,True
CAND_01567,Co35.55Fe9.09Mn20.08Ti35.28,4,0.0,35.55,0.0,0.0,9.09,20.08,0.0,0.0,0.0,35.28,0.0,0.0,100.0,True
CAND_01568,Al30.25Cr30.90Nb9.66Ti8.48W20.71,5,30.25,0.0,30.9,0.0,0.0,0.0,0.0,9.66,0.0,8.48,0.0,20.71,100.0,True
CAND_01569,Co8.15Nb43.04Ti24.99V23.82,4,0.0,8.15,0.0,0.0,0.0,0.0,0.0,43.04,0.0,24.99,23.82,0.0,100.0,True
CAND_01570,Cu12.00Fe7.44Mn24.74Ni14.90Ti40.92,5,0.0,0.0,0.0,12.0,7.44,24.74,0.0,0.0,14.9,40.92,0.0,0.0,100.0,True
CAND_01571,Al35.29Co34.90Cr14.36Mo15.45,4,35.29,34.9,14.36,0.0,0.0,0.0,15.45,0.0,0.0,0.0,0.0,0.0,100.0,True
CAND_01572,Cu17.30Fe17.29Mo14.52Ni6.08Ti20.35V24.46,6,0.0,0.0,0.0,17.3,17.29,0.0,14.52,0.0,6.08,20.35,24.46,0.0,100.0,True
CAND_01573,Co36.58Cu28.14Fe7.00Mn18.91Ti9.37,5,0.0,36.58,0.0,28.14,7.0,18.91,0.0,0.0,0.0,9.37,0.0,0.0,100.0,True
CAND_01574,Al44.78Co6.92Ni20.27V28.03,4,44.78,6.92,0.0,0.0,0.0,0.0,0.0,0.0,20.27,0.0,28.03,0.0,100.0,True
CAND_01575,Co27.29Cu5.91Nb9.61Ni37.69W19.50,5,0.0,27.29,0.0,5.91,0.0,0.0,0.0,9.61,37.69,0.0,0.0,19.5,100.0,True
CAND_01576,Al20.17Cr27.00Mo36.98V15.85,4,20.17,0.0,27.0,0.0,0.0,0.0,36.98,0.0,0.0,0.0,15.85,0.0,100.0,True
CAND_01577,Co23.75Cr24.53Mo8.14Ni29.96Ti13.62,5,0.0,23.75,24.53,0.0,0.0,0.0,8.14,0.0,29.96,13.62,0.0,0.0,100.0,True
CAND_01578,Cu6.90Nb16.55Ni22.42Ti22.29V12.99W18.85,6,0.0,0.0,0.0,6.9,0.0,0.0,0.0,16.55,22.42,22.29,12.99,18.85,100.0,True
CAND_01579,Fe44.16Mo19.99Ti22.05W13.80,4,0.0,0.0,0.0,0.0,44.16,0.0,19.99,0.0,0.0,22.05,0.0,13.8,99.99999999999999,True
CAND_01580,Fe30.10Mo22.24Ni20.29V27.37,4,0.0,0.0,0.0,0.0,30.1,0.0,22.24,0.0,20.29,0.0,27.37,0.0,100.0,True
CAND_01581,Al23.17Cr9.50Fe27.88Mo9.35Ni14.20W15.90,6,23.17,0.0,9.5,0.0,27.88,0.0,9.35,0.0,14.2,0.0,0.0,15.9,100.0,True
CAND_01582,Al30.83Mn8.42Mo26.28Nb15.51Ti18.96,5,30.83,0.0,0.0,0.0,0.0,8.42,26.28,15.51,0.0,18.96,0.0,0.0,100.0,True
CAND_01583,Co34.26Cr11.14Ni7.77Ti19.87V26.96,5,0.0,34.26,11.14,0.0,0.0,0.0,0.0,0.0,7.77,19.87,26.96,0.0,100.0,True
CAND_01584,Al26.07Cu21.01Fe19.18Mo33.74,4,26.07,0.0,0.0,21.01,19.18,0.0,33.74,0.0,0.0,0.0,0.0,0.0,100.0,True
CAND_01585,Co18.63Cu15.84Mo12.43Nb19.35V5.76W27.99,6,0.0,18.63,0.0,15.84,0.0,0.0,12.43,19.35,0.0,0.0,5.76,27.99,100.0,True
CAND_01586,Al14.01Cr16.78Cu42.67Fe15.25Ni11.29,5,14.01,0.0,16.78,42.67,15.25,0.0,0.0,0.0,11.29,0.0,0.0,0.0,100.0,True
CAND_01587,Co29.12Cu43.49Mn18.28W9.11,4,0.0,29.12,0.0,43.49,0.0,18.28,0.0,0.0,0.0,0.0,0.0,9.11,100.0,True
CAND_01588,Al17.62Cu14.84Mn9.93Mo26.28Ti20.50V10.83,6,17.62,0.0,0.0,14.84,0.0,9.93,26.28,0.0,0.0,20.5,10.83,0.0,100.0,True
CAND_01589,Al25.07Cu23.47Mn10.12Ni41.34,4,25.07,0.0,0.0,23.47,0.0,10.12,0.0,0.0,41.34,0.0,0.0,0.0,100.0,True
CAND_01590,Al9.93Cu22.75Fe36.72Mn15.96Ni14.64,5,9.93,0.0,0.0,22.75,36.72,15.96,0.0,0.0,14.64,0.0,0.0,0.0,100.00000000000001,True
CAND_01591,Cu25.94Fe35.00Mo8.54Ni18.35W12.17,5,0.0,0.0,0.0,25.94,35.0,0.0,8.54,0.0,18.35,0.0,0.0,12.17,99.99999999999999,True
CAND_01592,Mn20.74Mo38.25Ti28.06W12.95,4,0.0,0.0,0.0,0.0,0.0,20.74,38.25,0.0,0.0,28.06,0.0,12.95,100.0,True
CAND_01593,Co15.61Fe21.12Mn20.09Ni18.97V24.21,5,0.0,15.61,0.0,0.0,21.12,20.09,0.0,0.0,18.97,0.0,24.21,0.0,100.0,True
CAND_01594,Al6.40Co27.55Cr9.89Fe27.97Ti15.88V12.31,6,6.4,27.55,9.89,0.0,27.97,0.0,0.0,0.0,0.0,15.88,12.31,0.0,100.0,True
CAND_01595,Cr12.53Fe17.44Ni19.90Ti23.46V26.67,5,0.0,0.0,12.53,0.0,17.44,0.0,0.0,0.0,19.9,23.46,26.67,0.0,100.0,True
CAND_01596,Al16.84Mn26.00Nb25.69Ni19.48Ti11.99,5,16.84,0.0,0.0,0.0,0.0,26.0,0.0,25.69,19.48,11.99,0.0,0.0,100.0,True
CAND_01597,Co18.82Ni36.38Ti6.45V38.35,4,0.0,18.82,0.0,0.0,0.0,0.0,0.0,0.0,36.38,6.45,38.35,0.0,100.0,True
CAND_01598,Al17.87Co22.84Cu5.90Mn5.41Mo23.14Ni24.84,6,17.87,22.84,0.0,5.9,0.0,5.41,23.14,0.0,24.84,0.0,0.0,0.0,100.0,True
CAND_01599,Co12.18Cr6.90Nb20.66Ni27.66V22.35W10.25,6,0.0,12.18,6.9,0.0,0.0,0.0,0.0,20.66,27.66,0.0,22.35,10.25,100.0,True
CAND_01600,Cu33.03Ni8.44Ti31.72V26.81,4,0.0,0.0,0.0,33.03,0.0,0.0,0.0,0.0,8.44,31.72,26.81,0.0,100.0,True
CAND_01601,Cr20.96Cu14.49Ni16.48Ti19.91W28.16,5,0.0,0.0,20.96,14.49,0.0,0.0,0.0,0.0,16.48,19.91,0.0,28.16,100.0,True
CAND_01602,Al15.51Co35.02Mo16.47Ni26.94Ti6.06,5,15.51,35.02,0.0,0.0,0.0,0.0,16.47,0.0,26.94,6.06,0.0,0.0,100.0,True
CAND_01603,Cr21.97Mo19.29Ti20.45V31.90W6.39,5,0.0,0.0,21.97,0.0,0.0,0.0,19.29,0.0,0.0,20.45,31.9,6.39,99.99999999999999,True
CAND_01604,Cr12.54Mo38.43Nb12.53Ni36.50,4,0.0,0.0,12.54,0.0,0.0,0.0,38.43,12.53,36.5,0.0,0.0,0.0,100.0,True
CAND_01605,Co23.95Cr21.49Cu15.23V34.29W5.04,5,0.0,23.95,21.49,15.23,0.0,0.0,0.0,0.0,0.0,0.0,34.29,5.04,100.00000000000001,True
CAND_01606,Al22.07Co10.58Cr13.91Cu9.41Ti44.03,5,22.07,10.58,13.91,9.41,0.0,0.0,0.0,0.0,0.0,44.03,0.0,0.0,100.0,True
CAND_01607,Cr7.00Cu13.29Mo29.22Nb21.54Ti11.37V17.58,6,0.0,0.0,7.0,13.29,0.0,0.0,29.22,21.54,0.0,11.37,17.58,0.0,100.0,True
CAND_01608,Al13.79Mn12.33Mo22.81Ni19.17Ti13.77V18.13,6,13.79,0.0,0.0,0.0,0.0,12.33,22.81,0.0,19.17,13.77,18.13,0.0,99.99999999999999,True
CAND_01609,Cr11.72Mn33.59Nb9.26Ti6.42V21.44W17.57,6,0.0,0.0,11.72,0.0,0.0,33.59,0.0,9.26,0.0,6.42,21.44,17.57,100.0,True
CAND_01610,Al18.72Cr7.55Fe16.13Mo9.93Nb24.10V23.57,6,18.72,0.0,7.55,0.0,16.13,0.0,9.93,24.1,0.0,0.0,23.57,0.0,100.0,True
CAND_01611,Cr37.93Fe23.64Mn17.27W21.16,4,0.0,0.0,37.93,0.0,23.64,17.27,0.0,0.0,0.0,0.0,0.0,21.16,100.0,True
CAND_01612,Al34.20Cu7.25Fe44.93Ti13.62,4,34.2,0.0,0.0,7.25,44.93,0.0,0.0,0.0,0.0,13.62,0.0,0.0,100.0,True
CAND_01613,Cu25.67Nb42.70Ni5.18Ti26.45,4,0.0,0.0,0.0,25.67,0.0,0.0,0.0,42.7,5.18,26.45,0.0,0.0,100.00000000000001,True
CAND_01614,Cr11.60Mo32.48Ni20.26W35.66,4,0.0,0.0,11.6,0.0,0.0,0.0,32.48,0.0,20.26,0.0,0.0,35.66,100.0,True
CAND_01615,Al12.18Cr9.38Fe15.66Mn31.76Ti20.72V10.30,6,12.18,0.0,9.38,0.0,15.66,31.76,0.0,0.0,0.0,20.72,10.3,0.0,100.0,True
CAND_01616,Cr15.84Mn27.26Ni24.19Ti26.88V5.83,5,0.0,0.0,15.84,0.0,0.0,27.26,0.0,0.0,24.19,26.88,5.83,0.0,100.0,True
CAND_01617,Co18.57Cr26.29Cu19.68Fe17.08V18.38,5,0.0,18.57,26.29,19.68,17.08,0.0,0.0,0.0,0.0,0.0,18.38,0.0,99.99999999999999,True
CAND_01618,Co28.73Fe12.50Nb17.67Ni41.10,4,0.0,28.73,0.0,0.0,12.5,0.0,0.0,17.67,41.1,0.0,0.0,0.0,100.0,True
CAND_01619,Co39.77Cu18.94Fe23.00V18.29,4,0.0,39.77,0.0,18.94,23.0,0.0,0.0,0.0,0.0,0.0,18.29,0.0,100.0,True
CAND_01620,Cr6.41Cu25.42Fe27.92Mn8.33V9.43W22.49,6,0.0,0.0,6.41,25.42,27.92,8.33,0.0,0.0,0.0,0.0,9.43,22.49,99.99999999999999,True
CAND_01621,Al21.33Mn33.16Mo11.00V34.51,4,21.33,0.0,0.0,0.0,0.0,33.16,11.0,0.0,0.0,0.0,34.51,0.0,100.0,True
CAND_01622,Mn24.14Ni31.97Ti18.87V25.02,4,0.0,0.0,0.0,0.0,0.0,24.14,0.0,0.0,31.97,18.87,25.02,0.0,100.0,True
CAND_01623,Al10.74Cu14.05Fe26.11Ti30.13W18.97,5,10.74,0.0,0.0,14.05,26.11,0.0,0.0,0.0,0.0,30.13,0.0,18.97,100.0,True
CAND_01624,Cr22.84Cu22.27Fe20.45Mo19.30Ni15.14,5,0.0,0.0,22.84,22.27,20.45,0.0,19.3,0.0,15.14,0.0,0.0,0.0,100.0,True
CAND_01625,Cr12.94Cu14.95Fe43.24Mn19.91Nb8.96,5,0.0,0.0,12.94,14.95,43.24,19.91,0.0,8.96,0.0,0.0,0.0,0.0,100.0,True
CAND_01626,Co22.79Fe23.26Mo14.54Nb20.32Ni10.27W8.82,6,0.0,22.79,0.0,0.0,23.26,0.0,14.54,20.32,10.27,0.0,0.0,8.82,100.0,True
CAND_01627,Cr7.68Mo18.52Ni17.67Ti28.38V19.20W8.55,6,0.0,0.0,7.68,0.0,0.0,0.0,18.52,0.0,17.67,28.38,19.2,8.55,100.0,True
CAND_01628,Al34.79Cr23.08Fe36.70V5.43,4,34.79,0.0,23.08,0.0,36.7,0.0,0.0,0.0,0.0,0.0,5.43,0.0,100.0,True
CAND_01629,Co6.62Mo11.02V43.22W39.14,4,0.0,6.62,0.0,0.0,0.0,0.0,11.02,0.0,0.0,0.0,43.22,39.14,100.0,True
CAND_01630,Al17.32Co24.06Cr14.28Cu8.76Fe15.46V20.12,6,17.32,24.06,14.28,8.76,15.46,0.0,0.0,0.0,0.0,0.0,20.12,0.0,100.0,True
CAND_01631,Al6.57Co41.42Cr32.61Nb5.82W13.58,5,6.57,41.42,32.61,0.0,0.0,0.0,0.0,5.82,0.0,0.0,0.0,13.58,99.99999999999999,True
CAND_01632,Co10.28Cr16.16Fe20.73Mo12.57Ni24.09W16.17,6,0.0,10.28,16.16,0.0,20.73,0.0,12.57,0.0,24.09,0.0,0.0,16.17,100.0,True
CAND_01633,Cr31.51Cu19.60Mo11.95Nb18.17Ni11.38Ti7.39,6,0.0,0.0,31.51,19.6,0.0,0.0,11.95,18.17,11.38,7.39,0.0,0.0,100.0,True
CAND_01634,Al15.84Cr10.75Fe40.90Nb7.96V12.27W12.28,6,15.84,0.0,10.75,0.0,40.9,0.0,0.0,7.96,0.0,0.0,12.27,12.28,99.99999999999999,True
CAND_01635,Co37.40Mo17.59Ni24.56Ti20.45,4,0.0,37.4,0.0,0.0,0.0,0.0,17.59,0.0,24.56,20.45,0.0,0.0,100.0,True
CAND_01636,Al18.75Cu8.32Mn26.84Nb16.97Ni12.06V17.06,6,18.75,0.0,0.0,8.32,0.0,26.84,0.0,16.97,12.06,0.0,17.06,0.0,100.0,True
CAND_01637,Co10.55Mo31.80Ni28.66W28.99,4,0.0,10.55,0.0,0.0,0.0,0.0,31.8,0.0,28.66,0.0,0.0,28.99,100.0,True
CAND_01638,Cr33.15Cu8.83Nb34.46Ni23.56,4,0.0,0.0,33.15,8.83,0.0,0.0,0.0,34.46,23.56,0.0,0.0,0.0,100.0,True
CAND_01639,Cu19.73Fe7.78Mn32.49Ti10.94V29.06,5,0.0,0.0,0.0,19.73,7.78,32.49,0.0,0.0,0.0,10.94,29.06,0.0,100.0,True
CAND_01640,Co11.01Cu11.65Nb29.59Ni15.75Ti32.00,5,0.0,11.01,0.0,11.65,0.0,0.0,0.0,29.59,15.75,32.0,0.0,0.0,100.0,True
CAND_01641,Fe5.21Mn24.51Mo28.29Nb22.58Ni19.41,5,0.0,0.0,0.0,0.0,5.21,24.51,28.29,22.58,19.41,0.0,0.0,0.0,100.0,True
CAND_01642,Al10.94Fe34.43Nb42.09V12.54,4,10.94,0.0,0.0,0.0,34.43,0.0,0.0,42.09,0.0,0.0,12.54,0.0,100.0,True
CAND_01643,Co34.52Cr28.74Fe20.22Ti8.91V7.61,5,0.0,34.52,28.74,0.0,20.22,0.0,0.0,0.0,0.0,8.91,7.61,0.0,100.0,True
CAND_01644,Cu31.01Mo38.01Nb8.25Ti16.26W6.47,5,0.0,0.0,0.0,31.01,0.0,0.0,38.01,8.25,0.0,16.26,0.0,6.47,100.0,True
CAND_01645,Cu28.63Fe19.25Ti35.22W16.90,4,0.0,0.0,0.0,28.63,19.25,0.0,0.0,0.0,0.0,35.22,0.0,16.9,100.0,True
CAND_01646,Co19.79Cr24.11Cu7.27Mo28.66V20.17,5,0.0,19.79,24.11,7.27,0.0,0.0,28.66,0.0,0.0,0.0,20.17,0.0,100.0,True
CAND_01647,Cu19.38Mn16.15Nb13.81Ti10.98V39.68,5,0.0,0.0,0.0,19.38,0.0,16.15,0.0,13.81,0.0,10.98,39.68,0.0,100.0,True
CAND_01648,Al6.37Co21.68Mn26.41Mo17.14Nb12.21W16.19,6,6.37,21.68,0.0,0.0,0.0,26.41,17.14,12.21,0.0,0.0,0.0,16.19,100.0,True
CAND_01649,Co37.53Cr24.46Fe17.56Ti20.45,4,0.0,37.53,24.46,0.0,17.56,0.0,0.0,0.0,0.0,20.45,0.0,0.0,100.0,True
CAND_01650,Al11.62Cu10.44Nb28.06Ni15.07V5.08W29.73,6,11.62,0.0,0.0,10.44,0.0,0.0,0.0,28.06,15.07,0.0,5.08,29.73,100.0,True
CAND_01651,Co18.28Cu32.84Mn5.20Mo9.14Ni7.64V26.90,6,0.0,18.28,0.0,32.84,0.0,5.2,9.14,0.0,7.64,0.0,26.9,0.0,100.0,True
CAND_01652,Cu7.20Mn24.53Nb20.82Ni12.62V8.00W26.83,6,0.0,0.0,0.0,7.2,0.0,24.53,0.0,20.82,12.62,0.0,8.0,26.83,100.0,True
CAND_01653,Al15.93Fe17.08Nb26.08Ni40.91,4,15.93,0.0,0.0,0.0,17.08,0.0,0.0,26.08,40.91,0.0,0.0,0.0,100.0,True
CAND_01654,Al30.96Fe11.14Mn27.30Ti5.86V24.74,5,30.96,0.0,0.0,0.0,11.14,27.3,0.0,0.0,0.0,5.86,24.74,0.0,100.0,True
CAND_01655,Al11.39Cr34.60Cu9.62Mo44.39,4,11.39,0.0,34.6,9.62,0.0,0.0,44.39,0.0,0.0,0.0,0.0,0.0,100.0,True
CAND_01656,Co36.03Cr19.66Cu13.00Nb19.04Ni12.27,5,0.0,36.03,19.66,13.0,0.0,0.0,0.0,19.04,12.27,0.0,0.0,0.0,99.99999999999999,True
CAND_01657,Al13.71Fe10.71Mn39.34Nb20.69V8.20W7.35,6,13.71,0.0,0.0,0.0,10.71,39.34,0.0,20.69,0.0,0.0,8.2,7.35,100.0,True
CAND_01658,Co18.94Cr16.63Fe6.64Mo9.39Ni39.25W9.15,6,0.0,18.94,16.63,0.0,6.64,0.0,9.39,0.0,39.25,0.0,0.0,9.15,100.0,True
CAND_01659,Al28.42Fe34.27Mn20.34Nb16.97,4,28.42,0.0,0.0,0.0,34.27,20.34,0.0,16.97,0.0,0.0,0.0,0.0,100.0,True
CAND_01660,Al18.26Cr7.82Fe14.68Mo27.89Nb31.35,5,18.26,0.0,7.82,0.0,14.68,0.0,27.89,31.35,0.0,0.0,0.0,0.0,100.0,True
CAND_01661,Cr10.60Cu22.54Mn16.23Nb18.12Ni12.35Ti20.16,6,0.0,0.0,10.6,22.54,0.0,16.23,0.0,18.12,12.35,20.16,0.0,0.0,100.0,True
CAND_01662,Cr7.56Cu22.30Fe8.46V20.42W41.26,5,0.0,0.0,7.56,22.3,8.46,0.0,0.0,0.0,0.0,0.0,20.42,41.26,100.0,True
CAND_01663,Al6.78Co5.98Cr13.63Cu11.92Nb33.71Ni27.98,6,6.78,5.98,13.63,11.92,0.0,0.0,0.0,33.71,27.98,0.0,0.0,0.0,100.00000000000001,True
CAND_01664,Al33.57Cr26.06Fe25.71Ni9.32Ti5.34,5,33.57,0.0,26.06,0.0,25.71,0.0,0.0,0.0,9.32,5.34,0.0,0.0,100.0,True
CAND_01665,Cu36.63Mn21.70Mo24.06W17.61,4,0.0,0.0,0.0,36.63,0.0,21.7,24.06,0.0,0.0,0.0,0.0,17.61,100.0,True
CAND_01666,Al42.01Cu9.96Fe15.67Mo14.14W18.22,5,42.01,0.0,0.0,9.96,15.67,0.0,14.14,0.0,0.0,0.0,0.0,18.22,100.0,True
CAND_01667,Cr21.15Mn13.39Nb13.86Ti11.96V39.64,5,0.0,0.0,21.15,0.0,0.0,13.39,0.0,13.86,0.0,11.96,39.64,0.0,100.0,True
CAND_01668,Cr35.78Mn18.87Mo19.37Ni12.32Ti13.66,5,0.0,0.0,35.78,0.0,0.0,18.87,19.37,0.0,12.32,13.66,0.0,0.0,100.0,True
CAND_01669,Al17.44Co19.62Nb20.31Ti42.63,4,17.44,19.62,0.0,0.0,0.0,0.0,0.0,20.31,0.0,42.63,0.0,0.0,100.0,True
CAND_01670,Cu15.99Mn21.90Mo18.73Nb5.41Ti10.12W27.85,6,0.0,0.0,0.0,15.99,0.0,21.9,18.73,5.41,0.0,10.12,0.0,27.85,100.0,True
CAND_01671,Al6.84Cr9.68Mn35.03V13.21W35.24,5,6.84,0.0,9.68,0.0,0.0,35.03,0.0,0.0,0.0,0.0,13.21,35.24,100.0,True
CAND_01672,Al10.27Co9.36Mn28.93Mo8.88Ni29.21V13.35,6,10.27,9.36,0.0,0.0,0.0,28.93,8.88,0.0,29.21,0.0,13.35,0.0,100.0,True
CAND_01673,Co14.68Cu23.84Fe13.65Mo23.58Ti5.38V18.87,6,0.0,14.68,0.0,23.84,13.65,0.0,23.58,0.0,0.0,5.38,18.87,0.0,100.0,True
CAND_01674,Al20.00Cu10.04Fe33.36Mn20.18Mo7.19Nb9.23,6,20.0,0.0,0.0,10.04,33.36,20.18,7.19,9.23,0.0,0.0,0.0,0.0,100.0,True
CAND_01675,Co37.70Fe24.93Mo11.97Nb9.80Ni8.21V7.39,6,0.0,37.7,0.0,0.0,24.93,0.0,11.97,9.8,8.21,0.0,7.39,0.0,100.00000000000001,True
CAND_01676,Al24.78Co27.97Mo5.13V42.12,4,24.78,27.97,0.0,0.0,0.0,0.0,5.13,0.0,0.0,0.0,42.12,0.0,100.0,True
CAND_01677,Cr36.06Mo21.12Nb34.21V8.61,4,0.0,0.0,36.06,0.0,0.0,0.0,21.12,34.21,0.0,0.0,8.61,0.0,100.00000000000001,True
CAND_01678,Co33.29Cu25.38Fe16.52Nb17.86V6.95,5,0.0,33.29,0.0,25.38,16.52,0.0,0.0,17.86,0.0,0.0,6.95,0.0,100.0,True
CAND_01679,Co12.11Cr18.75Cu30.47Ni13.54V25.13,5,0.0,12.11,18.75,30.47,0.0,0.0,0.0,0.0,13.54,0.0,25.13,0.0,100.0,True
CAND_01680,Cr29.60Mn43.36Ti18.34W8.70,4,0.0,0.0,29.6,0.0,0.0,43.36,0.0,0.0,0.0,18.34,0.0,8.7,100.00000000000001,True
CAND_01681,Cu29.55Mn15.06Nb26.96W28.43,4,0.0,0.0,0.0,29.55,0.0,15.06,0.0,26.96,0.0,0.0,0.0,28.43,100.0,True
CAND_01682,Co25.78Cu6.41Mo41.10Ni15.84W10.87,5,0.0,25.78,0.0,6.41,0.0,0.0,41.1,0.0,15.84,0.0,0.0,10.87,100.0,True
CAND_01683,Cr14.84Fe25.48Ni24.78V34.90,4,0.0,0.0,14.84,0.0,25.48,0.0,0.0,0.0,24.78,0.0,34.9,0.0,100.0,True
CAND_01684,Fe35.96Mo38.50Nb5.99V19.55,4,0.0,0.0,0.0,0.0,35.96,0.0,38.5,5.99,0.0,0.0,19.55,0.0,100.0,True
CAND_01685,Fe12.89Mn29.35Ni13.38W44.38,4,0.0,0.0,0.0,0.0,12.89,29.35,0.0,0.0,13.38,0.0,0.0,44.38,100.0,True
CAND_01686,Cr5.68Mo42.83Ti44.52W6.97,4,0.0,0.0,5.68,0.0,0.0,0.0,42.83,0.0,0.0,44.52,0.0,6.97,100.0,True
CAND_01687,Al43.28Cr21.23Cu9.30Ti26.19,4,43.28,0.0,21.23,9.3,0.0,0.0,0.0,0.0,0.0,26.19,0.0,0.0,100.0,True
CAND_01688,Co9.75Cr36.73Fe19.24Mo10.49V14.72W9.07,6,0.0,9.75,36.73,0.0,19.24,0.0,10.49,0.0,0.0,0.0,14.72,9.07,100.0,True
CAND_01689,Cr12.78Mn11.93Mo7.84Ti26.92W40.53,5,0.0,0.0,12.78,0.0,0.0,11.93,7.84,0.0,0.0,26.92,0.0,40.53,100.0,True
CAND_01690,Al43.13Mn12.50Mo15.17W29.20,4,43.13,0.0,0.0,0.0,0.0,12.5,15.17,0.0,0.0,0.0,0.0,29.2,100.0,True
CAND_01691,Al12.75Co22.94Cr21.91Ni32.15V10.25,5,12.75,22.94,21.91,0.0,0.0,0.0,0.0,0.0,32.15,0.0,10.25,0.0,100.0,True
CAND_01692,Al10.11Mn33.95Mo9.93V10.01W36.00,5,10.11,0.0,0.0,0.0,0.0,33.95,9.93,0.0,0.0,0.0,10.01,36.0,100.0,True
CAND_01693,Al20.02Cr13.21Mn44.00Mo22.77,4,20.02,0.0,13.21,0.0,0.0,44.0,22.77,0.0,0.0,0.0,0.0,0.0,100.0,True
CAND_01694,Al9.76Co38.01Cr8.75Mo8.01Nb11.55Ni23.92,6,9.76,38.01,8.75,0.0,0.0,0.0,8.01,11.55,23.92,0.0,0.0,0.0,100.0,True
CAND_01695,Al20.65Nb5.02Ni5.99Ti28.76W39.58,5,20.65,0.0,0.0,0.0,0.0,0.0,0.0,5.02,5.99,28.76,0.0,39.58,100.0,True
CAND_01696,Al7.16Cu32.08Fe18.19Mn9.12Ni21.14V12.31,6,7.16,0.0,0.0,32.08,18.19,9.12,0.0,0.0,21.14,0.0,12.31,0.0,100.0,True
CAND_01697,Cr21.88Cu17.30Fe20.38Mo11.04Nb21.88Ti7.52,6,0.0,0.0,21.88,17.3,20.38,0.0,11.04,21.88,0.0,7.52,0.0,0.0,99.99999999999999,True
CAND_01698,Co11.57Cu36.52Mn30.69W21.22,4,0.0,11.57,0.0,36.52,0.0,30.69,0.0,0.0,0.0,0.0,0.0,21.22,100.0,True
CAND_01699,Al17.06Cu30.54Mo21.19Nb31.21,4,17.06,0.0,0.0,30.54,0.0,0.0,21.19,31.21,0.0,0.0,0.0,0.0,100.0,True
CAND_01700,Al12.66Co25.08Fe26.42Nb9.34Ti10.03W16.47,6,12.66,25.08,0.0,0.0,26.42,0.0,0.0,9.34,0.0,10.03,0.0,16.47,100.0,True
CAND_01701,Al6.52Co18.12Mn31.45Ti43.91,4,6.52,18.12,0.0,0.0,0.0,31.45,0.0,0.0,0.0,43.91,0.0,0.0,100.0,True
CAND_01702,Al25.27Co16.97Ti41.81W15.95,4,25.27,16.97,0.0,0.0,0.0,0.0,0.0,0.0,0.0,41.81,0.0,15.95,100.0,True
CAND_01703,Fe5.51Mn15.02Mo12.63Nb36.81Ni24.13W5.90,6,0.0,0.0,0.0,0.0,5.51,15.02,12.63,36.81,24.13,0.0,0.0,5.9,100.0,True
CAND_01704,Al18.55Cr18.77Mn32.86Nb29.82,4,18.55,0.0,18.77,0.0,0.0,32.86,0.0,29.82,0.0,0.0,0.0,0.0,100.0,True
CAND_01705,Cu18.71Fe21.40Mn41.05Ti18.84,4,0.0,0.0,0.0,18.71,21.4,41.05,0.0,0.0,0.0,18.84,0.0,0.0,100.0,True
CAND_01706,Cr14.57Mo6.45Nb21.52Ni33.20W24.26,5,0.0,0.0,14.57,0.0,0.0,0.0,6.45,21.52,33.2,0.0,0.0,24.26,100.00000000000001,True
CAND_01707,Al10.09Cr25.35Fe14.11Mn26.04Nb24.41,5,10.09,0.0,25.35,0.0,14.11,26.04,0.0,24.41,0.0,0.0,0.0,0.0,100.0,True
CAND_01708,Al21.91Co25.69Fe13.16Mo14.07Nb25.17,5,21.91,25.69,0.0,0.0,13.16,0.0,14.07,25.17,0.0,0.0,0.0,0.0,100.00000000000001,True
CAND_01709,Co29.85Cr16.88Fe43.67W9.60,4,0.0,29.85,16.88,0.0,43.67,0.0,0.0,0.0,0.0,0.0,0.0,9.6,100.0,True
CAND_01710,Al19.55Co30.83Cr33.57Cu16.05,4,19.55,30.83,33.57,16.05,0.0,0.0,0.0,0.0,0.0,0.0,0.0,0.0,99.99999999999999,True
CAND_01711,Al14.59Cu18.52Mo28.04Nb16.95Ni6.60V15.30,6,14.59,0.0,0.0,18.52,0.0,0.0,28.04,16.95,6.6,0.0,15.3,0.0,99.99999999999999,True
CAND_01712,Fe27.45Ni16.40Ti32.60V23.55,4,0.0,0.0,0.0,0.0,27.45,0.0,0.0,0.0,16.4,32.6,23.55,0.0,99.99999999999999,True
CAND_01713,Cu25.80Fe23.49Mn24.28Ni9.38W17.05,5,0.0,0.0,0.0,25.8,23.49,24.28,0.0,0.0,9.38,0.0,0.0,17.05,99.99999999999999,True
CAND_01714,Cr6.19Fe22.99Mn5.06Mo30.27Nb35.49,5,0.0,0.0,6.19,0.0,22.99,5.06,30.27,35.49,0.0,0.0,0.0,0.0,100.0,True
CAND_01715,Al22.91Cr9.58Nb26.92Ni33.22W7.37,5,22.91,0.0,9.58,0.0,0.0,0.0,0.0,26.92,33.22,0.0,0.0,7.37,100.0,True
CAND_01716,Al36.74Fe34.99Mn19.40Nb8.87,4,36.74,0.0,0.0,0.0,34.99,19.4,0.0,8.87,0.0,0.0,0.0,0.0,100.0,True
CAND_01717,Cu17.08Fe24.63Mn17.46Nb13.96V5.81W21.06,6,0.0,0.0,0.0,17.08,24.63,17.46,0.0,13.96,0.0,0.0,5.81,21.06,100.0,True
CAND_01718,Co17.63Ni7.05Ti31.95V43.37,4,0.0,17.63,0.0,0.0,0.0,0.0,0.0,0.0,7.05,31.95,43.37,0.0,100.0,True
CAND_01719,Co13.56Mn11.57Mo39.53Ti8.38V10.83W16.13,6,0.0,13.56,0.0,0.0,0.0,11.57,39.53,0.0,0.0,8.38,10.83,16.13,99.99999999999999,True
CAND_01720,Co9.54Cr20.58Mn22.80Ni7.41Ti22.70V16.97,6,0.0,9.54,20.58,0.0,0.0,22.8,0.0,0.0,7.41,22.7,16.97,0.0,100.0,True
CAND_01721,Al5.71Cr30.64Nb13.11V26.66W23.88,5,5.71,0.0,30.64,0.0,0.0,0.0,0.0,13.11,0.0,0.0,26.66,23.88,100.0,True
CAND_01722,Al22.44Co26.62Cu21.24Mn14.91Nb14.79,5,22.44,26.62,0.0,21.24,0.0,14.91,0.0,14.79,0.0,0.0,0.0,0.0,100.0,True
CAND_01723,Cr41.19Nb17.47Ni27.12V14.22,4,0.0,0.0,41.19,0.0,0.0,0.0,0.0,17.47,27.12,0.0,14.22,0.0,100.0,True
CAND_01724,Al7.76Co11.64Cr7.99Nb44.63V27.98,5,7.76,11.64,7.99,0.0,0.0,0.0,0.0,44.63,0.0,0.0,27.98,0.0,100.00000000000001,True
CAND_01725,Cu25.61Fe28.12Mo17.97Nb18.52Ni9.78,5,0.0,0.0,0.0,25.61,28.12,0.0,17.97,18.52,9.78,0.0,0.0,0.0,100.0,True
CAND_01726,Cr20.33Mn8.06Ni39.29V32.32,4,0.0,0.0,20.33,0.0,0.0,8.06,0.0,0.0,39.29,0.0,32.32,0.0,100.0,True
CAND_01727,Al12.73Mn6.79Mo15.46Nb30.79Ni8.09V26.14,6,12.73,0.0,0.0,0.0,0.0,6.79,15.46,30.79,8.09,0.0,26.14,0.0,100.00000000000001,True
CAND_01728,Al18.23Cr15.00Cu31.82Mn10.96Nb9.51Ti14.48,6,18.23,0.0,15.0,31.82,0.0,10.96,0.0,9.51,0.0,14.48,0.0,0.0,100.00000000000003,True
CAND_01729,Al20.43Co25.77Cu44.30Ni9.50,4,20.43,25.77,0.0,44.3,0.0,0.0,0.0,0.0,9.5,0.0,0.0,0.0,100.0,True
CAND_01730,Cr17.42Cu26.04Mn21.36V14.22W20.96,5,0.0,0.0,17.42,26.04,0.0,21.36,0.0,0.0,0.0,0.0,14.22,20.96,100.0,True
CAND_01731,Al37.14Cu27.76Ni24.34V10.76,4,37.14,0.0,0.0,27.76,0.0,0.0,0.0,0.0,24.34,0.0,10.76,0.0,100.00000000000001,True
CAND_01732,Cr29.59Fe16.94Nb38.87W14.60,4,0.0,0.0,29.59,0.0,16.94,0.0,0.0,38.87,0.0,0.0,0.0,14.6,100.0,True
CAND_01733,Al22.16Fe13.48Mn14.27Nb24.40W25.69,5,22.16,0.0,0.0,0.0,13.48,14.27,0.0,24.4,0.0,0.0,0.0,25.69,100.0,True
CAND_01734,Al8.40Mn18.47Mo15.63Ni35.73V21.77,5,8.4,0.0,0.0,0.0,0.0,18.47,15.63,0.0,35.73,0.0,21.77,0.0,99.99999999999999,True
CAND_01735,Nb28.21Ni41.08Ti6.59W24.12,4,0.0,0.0,0.0,0.0,0.0,0.0,0.0,28.21,41.08,6.59,0.0,24.12,100.0,True
CAND_01736,Al33.25Cr15.56Nb27.24Ni9.11Ti14.84,5,33.25,0.0,15.56,0.0,0.0,0.0,0.0,27.24,9.11,14.84,0.0,0.0,100.0,True
CAND_01737,Cu35.48Fe6.66Mo23.60Ti34.26,4,0.0,0.0,0.0,35.48,6.66,0.0,23.6,0.0,0.0,34.26,0.0,0.0,100.0,True
CAND_01738,Al31.67Cr26.00Fe11.28Mn22.44V8.61,5,31.67,0.0,26.0,0.0,11.28,22.44,0.0,0.0,0.0,0.0,8.61,0.0,100.0,True
CAND_01739,Co26.63Cr27.18Cu35.76Ti10.43,4,0.0,26.63,27.18,35.76,0.0,0.0,0.0,0.0,0.0,10.43,0.0,0.0,100.0,True
CAND_01740,Cr20.71Fe11.51Mo37.83Nb7.81Ti12.98W9.16,6,0.0,0.0,20.71,0.0,11.51,0.0,37.83,7.81,0.0,12.98,0.0,9.16,100.0,True
CAND_01741,Al5.70Co11.71Cr6.94Cu38.95Ni21.01Ti15.69,6,5.7,11.71,6.94,38.95,0.0,0.0,0.0,0.0,21.01,15.69,0.0,0.0,100.0,True
CAND_01742,Cu17.87Nb11.39Ni17.94Ti14.65V24.26W13.89,6,0.0,0.0,0.0,17.87,0.0,0.0,0.0,11.39,17.94,14.65,24.26,13.89,100.0,True
CAND_01743,Co21.35Cr10.53Cu6.96Nb35.85Ni8.79W16.52,6,0.0,21.35,10.53,6.96,0.0,0.0,0.0,35.85,8.79,0.0,0.0,16.52,99.99999999999999,True
CAND_01744,Al15.23Co21.94Cr8.40Mo38.39W16.04,5,15.23,21.94,8.4,0.0,0.0,0.0,38.39,0.0,0.0,0.0,0.0,16.04,100.0,True
CAND_01745,Al9.18Co17.42Cu16.65Mo16.81Ni30.16W9.78,6,9.18,17.42,0.0,16.65,0.0,0.0,16.81,0.0,30.16,0.0,0.0,9.78,100.0,True
CAND_01746,Cr12.79Cu21.21Nb6.11Ni33.93V13.27W12.69,6,0.0,0.0,12.79,21.21,0.0,0.0,0.0,6.11,33.93,0.0,13.27,12.69,99.99999999999999,True
CAND_01747,Cr20.87Fe8.89Mn15.85Ni32.50V21.89,5,0.0,0.0,20.87,0.0,8.89,15.85,0.0,0.0,32.5,0.0,21.89,0.0,100.0,True
CAND_01748,Fe24.60Ti11.97V39.71W23.72,4,0.0,0.0,0.0,0.0,24.6,0.0,0.0,0.0,0.0,11.97,39.71,23.72,100.0,True
CAND_01749,Al15.42Mo34.17Nb26.14Ti24.27,4,15.42,0.0,0.0,0.0,0.0,0.0,34.17,26.14,0.0,24.27,0.0,0.0,100.0,True
CAND_01750,Fe39.59Mn13.55Nb24.26Ti22.60,4,0.0,0.0,0.0,0.0,39.59,13.55,0.0,24.26,0.0,22.6,0.0,0.0,100.0,True
CAND_01751,Co44.29Cu7.62Mo17.25V30.84,4,0.0,44.29,0.0,7.62,0.0,0.0,17.25,0.0,0.0,0.0,30.84,0.0,100.0,True
CAND_01752,Co6.44Cu18.32Mn23.76Mo31.83V8.11W11.54,6,0.0,6.44,0.0,18.32,0.0,23.76,31.83,0.0,0.0,0.0,8.11,11.54,100.0,True
CAND_01753,Co38.26Mo17.16Nb19.51Ni7.50V17.57,5,0.0,38.26,0.0,0.0,0.0,0.0,17.16,19.51,7.5,0.0,17.57,0.0,100.0,True
CAND_01754,Cr16.76Mn7.07Nb11.35Ni10.56Ti25.26V29.00,6,0.0,0.0,16.76,0.0,0.0,7.07,0.0,11.35,10.56,25.26,29.0,0.0,100.0,True
CAND_01755,Al24.47Cu13.07Mo11.26Nb19.39Ni18.57V13.24,6,24.47,0.0,0.0,13.07,0.0,0.0,11.26,19.39,18.57,0.0,13.24,0.0,99.99999999999999,True
CAND_01756,Al16.07Mn12.32Mo31.71Nb13.42Ti14.31V12.17,6,16.07,0.0,0.0,0.0,0.0,12.32,31.71,13.42,0.0,14.31,12.17,0.0,100.0,True
CAND_01757,Co30.28Mo12.15Ni24.28Ti33.29,4,0.0,30.28,0.0,0.0,0.0,0.0,12.15,0.0,24.28,33.29,0.0,0.0,100.0,True
CAND_01758,Al18.67Cr25.20Ni18.69Ti5.65V31.79,5,18.67,0.0,25.2,0.0,0.0,0.0,0.0,0.0,18.69,5.65,31.79,0.0,100.0,True
CAND_01759,Al16.69Cr9.62Fe8.36Ni40.51Ti11.10V13.72,6,16.69,0.0,9.62,0.0,8.36,0.0,0.0,0.0,40.51,11.1,13.72,0.0,100.0,True
CAND_01760,Fe16.13Mn41.94Ni13.80Ti28.13,4,0.0,0.0,0.0,0.0,16.13,41.94,0.0,0.0,13.8,28.13,0.0,0.0,99.99999999999999,True
CAND_01761,Mo8.01Ti27.77V32.06W32.16,4,0.0,0.0,0.0,0.0,0.0,0.0,8.01,0.0,0.0,27.77,32.06,32.16,100.0,True
CAND_01762,Co13.12Cu19.75Fe17.52Ni8.43Ti25.29V15.89,6,0.0,13.12,0.0,19.75,17.52,0.0,0.0,0.0,8.43,25.29,15.89,0.0,100.0,True
CAND_01763,Co17.01Cu23.99Ni36.62V22.38,4,0.0,17.01,0.0,23.99,0.0,0.0,0.0,0.0,36.62,0.0,22.38,0.0,100.0,True
CAND_01764,Co19.94Cu9.18Fe42.06Ni17.54W11.28,5,0.0,19.94,0.0,9.18,42.06,0.0,0.0,0.0,17.54,0.0,0.0,11.28,100.0,True
CAND_01765,Cr15.66Cu38.13Mn6.68Ti14.58V24.95,5,0.0,0.0,15.66,38.13,0.0,6.68,0.0,0.0,0.0,14.58,24.95,0.0,100.00000000000001,True
CAND_01766,Al15.78Cu16.90Fe44.81Mo22.51,4,15.78,0.0,0.0,16.9,44.81,0.0,22.51,0.0,0.0,0.0,0.0,0.0,100.00000000000001,True
CAND_01767,Cr9.66Cu10.68Fe15.38Mo44.46Ti6.20W13.62,6,0.0,0.0,9.66,10.68,15.38,0.0,44.46,0.0,0.0,6.2,0.0,13.62,100.00000000000001,True
CAND_01768,Al14.81Cu17.28Fe7.01Mo19.72Nb33.36Ti7.82,6,14.81,0.0,0.0,17.28,7.01,0.0,19.72,33.36,0.0,7.82,0.0,0.0,100.0,True
CAND_01769,Al34.08Co9.31Cu11.29Mn11.68Nb18.05Ni15.59,6,34.08,9.31,0.0,11.29,0.0,11.68,0.0,18.05,15.59,0.0,0.0,0.0,100.0,True
CAND_01770,Al35.39Cr20.98Ti20.82V14.14W8.67,5,35.39,0.0,20.98,0.0,0.0,0.0,0.0,0.0,0.0,20.82,14.14,8.67,100.0,True
CAND_01771,Co5.49Cr40.97Mo14.56Nb27.62Ni11.36,5,0.0,5.49,40.97,0.0,0.0,0.0,14.56,27.62,11.36,0.0,0.0,0.0,100.0,True
CAND_01772,Al10.88Mo13.78Nb18.30Ni27.16Ti20.51W9.37,6,10.88,0.0,0.0,0.0,0.0,0.0,13.78,18.3,27.16,20.51,0.0,9.37,100.00000000000001,True
CAND_01773,Cu9.99Nb29.85Ni8.32Ti5.57V18.44W27.83,6,0.0,0.0,0.0,9.99,0.0,0.0,0.0,29.85,8.32,5.57,18.44,27.83,100.0,True
CAND_01774,Co22.51Cu10.40Mn13.75Nb9.93Ti17.17W26.24,6,0.0,22.51,0.0,10.4,0.0,13.75,0.0,9.93,0.0,17.17,0.0,26.24,100.0,True
CAND_01775,Cu12.38Fe7.57Nb44.47Ni25.61V9.97,5,0.0,0.0,0.0,12.38,7.57,0.0,0.0,44.47,25.61,0.0,9.97,0.0,100.0,True
CAND_01776,Cr24.22Mo21.80Nb22.36Ni20.41V11.21,5,0.0,0.0,24.22,0.0,0.0,0.0,21.8,22.36,20.41,0.0,11.21,0.0,100.0,True
CAND_01777,Al17.48Mo37.70Nb24.22W20.60,4,17.48,0.0,0.0,0.0,0.0,0.0,37.7,24.22,0.0,0.0,0.0,20.6,100.0,True
CAND_01778,Al19.57Cu12.04Fe16.14Nb9.48Ni15.60Ti27.17,6,19.57,0.0,0.0,12.04,16.14,0.0,0.0,9.48,15.6,27.17,0.0,0.0,100.0,True
CAND_01779,Al25.53Co20.33Cr12.64Fe5.35Ti31.15W5.00,6,25.53,20.33,12.64,0.0,5.35,0.0,0.0,0.0,0.0,31.15,0.0,5.0,100.0,True
CAND_01780,Cr44.66Fe11.86V15.34W28.14,4,0.0,0.0,44.66,0.0,11.86,0.0,0.0,0.0,0.0,0.0,15.34,28.14,100.0,True
CAND_01781,Fe38.73Nb13.25Ni12.01V36.01,4,0.0,0.0,0.0,0.0,38.73,0.0,0.0,13.25,12.01,0.0,36.01,0.0,100.0,True
CAND_01782,Al19.17Fe31.91Mn20.77Mo28.15,4,19.17,0.0,0.0,0.0,31.91,20.77,28.15,0.0,0.0,0.0,0.0,0.0,100.0,True
CAND_01783,Al15.33Co40.18Mn35.60Nb8.89,4,15.33,40.18,0.0,0.0,0.0,35.6,0.0,8.89,0.0,0.0,0.0,0.0,100.0,True
CAND_01784,Fe15.02Nb14.90Ni11.51Ti27.01W31.56,5,0.0,0.0,0.0,0.0,15.02,0.0,0.0,14.9,11.51,27.01,0.0,31.56,100.0,True
CAND_01785,Co35.71Fe19.32Mn17.00Mo27.97,4,0.0,35.71,0.0,0.0,19.32,17.0,27.97,0.0,0.0,0.0,0.0,0.0,100.0,True
CAND_01786,Cr25.53Cu13.26Fe24.81Mn14.76Mo10.08Ni11.56,6,0.0,0.0,25.53,13.26,24.81,14.76,10.08,0.0,11.56,0.0,0.0,0.0,100.0,True
CAND_01787,Fe28.06Mn32.55Nb14.17V6.80W18.42,5,0.0,0.0,0.0,0.0,28.06,32.55,0.0,14.17,0.0,0.0,6.8,18.42,100.0,True
CAND_01788,Co17.95Cr7.54Cu26.84Fe15.30Mo26.41W5.96,6,0.0,17.95,7.54,26.84,15.3,0.0,26.41,0.0,0.0,0.0,0.0,5.96,99.99999999999999,True
CAND_01789,Cr39.24Mn26.81Nb6.41Ni8.70V18.84,5,0.0,0.0,39.24,0.0,0.0,26.81,0.0,6.41,8.7,0.0,18.84,0.0,100.0,True
CAND_01790,Co18.69Mo24.80Nb15.14Ni18.33V23.04,5,0.0,18.69,0.0,0.0,0.0,0.0,24.8,15.14,18.33,0.0,23.04,0.0,100.0,True
CAND_01791,Cu38.51Nb29.47V15.12W16.90,4,0.0,0.0,0.0,38.51,0.0,0.0,0.0,29.47,0.0,0.0,15.12,16.9,100.0,True
CAND_01792,Fe24.92Mo41.11Nb9.77W24.20,4,0.0,0.0,0.0,0.0,24.92,0.0,41.11,9.77,0.0,0.0,0.0,24.2,100.0,True
CAND_01793,Al43.79Co12.41Cu14.14Fe19.21Nb10.45,5,43.79,12.41,0.0,14.14,19.21,0.0,0.0,10.45,0.0,0.0,0.0,0.0,100.00000000000001,True
CAND_01794,Co7.76Cu24.47Ti8.88V17.68W41.21,5,0.0,7.76,0.0,24.47,0.0,0.0,0.0,0.0,0.0,8.88,17.68,41.21,100.0,True
CAND_01795,Co5.43Cr16.67Cu18.18Fe6.15Ti25.95W27.62,6,0.0,5.43,16.67,18.18,6.15,0.0,0.0,0.0,0.0,25.95,0.0,27.62,100.0,True
CAND_01796,Co27.60Cu12.05Ni24.23V36.12,4,0.0,27.6,0.0,12.05,0.0,0.0,0.0,0.0,24.23,0.0,36.12,0.0,100.0,True
CAND_01797,Cu12.91Mn16.76Nb22.84Ni36.85V10.64,5,0.0,0.0,0.0,12.91,0.0,16.76,0.0,22.84,36.85,0.0,10.64,0.0,100.00000000000001,True
CAND_01798,Al5.75Co42.69Ti24.22V27.34,4,5.75,42.69,0.0,0.0,0.0,0.0,0.0,0.0,0.0,24.22,27.34,0.0,100.0,True
CAND_01799,Co42.78Fe8.31Mn33.14Ni8.48V7.29,5,0.0,42.78,0.0,0.0,8.31,33.14,0.0,0.0,8.48,0.0,7.29,0.0,100.00000000000001,True
CAND_01800,Co43.52Cr5.10Ni41.93V9.45,4,0.0,43.52,5.1,0.0,0.0,0.0,0.0,0.0,41.93,0.0,9.45,0.0,100.00000000000001,True
CAND_01801,Cr12.68Fe11.82Nb11.56Ti29.68V34.26,5,0.0,0.0,12.68,0.0,11.82,0.0,0.0,11.56,0.0,29.68,34.26,0.0,100.0,True
CAND_01802,Cr41.42Fe20.47Ni32.52V5.59,4,0.0,0.0,41.42,0.0,20.47,0.0,0.0,0.0,32.52,0.0,5.59,0.0,100.0,True
CAND_01803,Mo18.26Ni15.61V38.98W27.15,4,0.0,0.0,0.0,0.0,0.0,0.0,18.26,0.0,15.61,0.0,38.98,27.15,100.0,True
CAND_01804,Al15.26Co6.29Fe21.26Nb21.41V24.14W11.64,6,15.26,6.29,0.0,0.0,21.26,0.0,0.0,21.41,0.0,0.0,24.14,11.64,100.0,True
CAND_01805,Fe33.40Mn18.57Nb7.85Ti8.21W31.97,5,0.0,0.0,0.0,0.0,33.4,18.57,0.0,7.85,0.0,8.21,0.0,31.97,100.0,True
CAND_01806,Fe17.62Mn11.14Nb7.43Ni20.24Ti21.12V22.45,6,0.0,0.0,0.0,0.0,17.62,11.14,0.0,7.43,20.24,21.12,22.45,0.0,100.0,True
CAND_01807,Mn32.05Mo23.76Ni28.51V15.68,4,0.0,0.0,0.0,0.0,0.0,32.05,23.76,0.0,28.51,0.0,15.68,0.0,100.0,True
CAND_01808,Cu21.34Mo15.10Nb31.09V7.47W25.00,5,0.0,0.0,0.0,21.34,0.0,0.0,15.1,31.09,0.0,0.0,7.47,25.0,100.0,True
CAND_01809,Al34.73Cr17.39Fe20.18Mn9.55W18.15,5,34.73,0.0,17.39,0.0,20.18,9.55,0.0,0.0,0.0,0.0,0.0,18.15,100.0,True
CAND_01810,Al10.63Cr11.92Cu37.09Mo13.86Nb17.28V9.22,6,10.63,0.0,11.92,37.09,0.0,0.0,13.86,17.28,0.0,0.0,9.22,0.0,100.0,True
CAND_01811,Co28.66Cu21.20Mo30.64V19.50,4,0.0,28.66,0.0,21.2,0.0,0.0,30.64,0.0,0.0,0.0,19.5,0.0,100.0,True
CAND_01812,Cu21.49Fe32.49Mo25.94Ni20.08,4,0.0,0.0,0.0,21.49,32.49,0.0,25.94,0.0,20.08,0.0,0.0,0.0,100.0,True
CAND_01813,Cu25.98Mo28.01Ti24.48V21.53,4,0.0,0.0,0.0,25.98,0.0,0.0,28.01,0.0,0.0,24.48,21.53,0.0,100.0,True
CAND_01814,Fe35.33Mn26.50Ni22.19V15.98,4,0.0,0.0,0.0,0.0,35.33,26.5,0.0,0.0,22.19,0.0,15.98,0.0,100.0,True
CAND_01815,Al24.40Co20.01Cr23.05Ni32.54,4,24.4,20.01,23.05,0.0,0.0,0.0,0.0,0.0,32.54,0.0,0.0,0.0,100.0,True
CAND_01816,Co27.24Cr14.67Mo33.92Ti24.17,4,0.0,27.24,14.67,0.0,0.0,0.0,33.92,0.0,0.0,24.17,0.0,0.0,100.0,True
CAND_01817,Cu17.09Mo30.41Ni11.10V17.53W23.87,5,0.0,0.0,0.0,17.09,0.0,0.0,30.41,0.0,11.1,0.0,17.53,23.87,100.0,True
CAND_01818,Cr34.47Mn19.73Mo7.75V38.05,4,0.0,0.0,34.47,0.0,0.0,19.73,7.75,0.0,0.0,0.0,38.05,0.0,100.0,True
CAND_01819,Al23.14Cr14.73Fe12.87Mn7.26Nb27.54V14.46,6,23.14,0.0,14.73,0.0,12.87,7.26,0.0,27.54,0.0,0.0,14.46,0.0,100.0,True
CAND_01820,Co18.54Cr15.37Mo34.78Ti31.31,4,0.0,18.54,15.37,0.0,0.0,0.0,34.78,0.0,0.0,31.31,0.0,0.0,100.0,True
CAND_01821,Co23.26Fe15.63Mn9.44Mo7.05Ti14.75V29.87,6,0.0,23.26,0.0,0.0,15.63,9.44,7.05,0.0,0.0,14.75,29.87,0.0,100.0,True
CAND_01822,Al18.35Co7.56Cr23.79Mn26.17V13.08W11.05,6,18.35,7.56,23.79,0.0,0.0,26.17,0.0,0.0,0.0,0.0,13.08,11.05,100.0,True
CAND_01823,Cu5.13Fe18.62Mn13.19Mo11.69Nb13.94Ti37.43,6,0.0,0.0,0.0,5.13,18.62,13.19,11.69,13.94,0.0,37.43,0.0,0.0,100.0,True
CAND_01824,Co12.53Cr19.38Cu22.12Mo12.73Ti26.14W7.10,6,0.0,12.53,19.38,22.12,0.0,0.0,12.73,0.0,0.0,26.14,0.0,7.1,100.0,True
CAND_01825,Cu11.88Fe31.91Mo12.73Ti23.93V19.55,5,0.0,0.0,0.0,11.88,31.91,0.0,12.73,0.0,0.0,23.93,19.55,0.0,99.99999999999999,True
CAND_01826,Co23.36Fe40.41Ti20.57W15.66,4,0.0,23.36,0.0,0.0,40.41,0.0,0.0,0.0,0.0,20.57,0.0,15.66,100.0,True
CAND_01827,Al17.92Cr23.26Cu16.02Fe7.24Mn18.28Ti17.28,6,17.92,0.0,23.26,16.02,7.24,18.28,0.0,0.0,0.0,17.28,0.0,0.0,100.0,True
CAND_01828,Co7.48Cu9.20Mn44.04Mo17.54V21.74,5,0.0,7.48,0.0,9.2,0.0,44.04,17.54,0.0,0.0,0.0,21.74,0.0,99.99999999999999,True
CAND_01829,Co25.09Mo5.68Nb8.05Ni9.39Ti24.23W27.56,6,0.0,25.09,0.0,0.0,0.0,0.0,5.68,8.05,9.39,24.23,0.0,27.56,100.0,True
CAND_01830,Cu10.62Fe38.48Mn9.73Ni41.17,4,0.0,0.0,0.0,10.62,38.48,9.73,0.0,0.0,41.17,0.0,0.0,0.0,100.0,True
CAND_01831,Al36.29Cu22.78Mn9.08Mo15.72Nb9.99V6.14,6,36.29,0.0,0.0,22.78,0.0,9.08,15.72,9.99,0.0,0.0,6.14,0.0,100.0,True
CAND_01832,Co23.42Cr11.76Cu14.04Mo20.70Ni10.63Ti19.45,6,0.0,23.42,11.76,14.04,0.0,0.0,20.7,0.0,10.63,19.45,0.0,0.0,100.0,True
CAND_01833,Fe26.00Mo29.71Ti37.14W7.15,4,0.0,0.0,0.0,0.0,26.0,0.0,29.71,0.0,0.0,37.14,0.0,7.15,100.0,True
CAND_01834,Al30.28Nb39.68Ni9.65V20.39,4,30.28,0.0,0.0,0.0,0.0,0.0,0.0,39.68,9.65,0.0,20.39,0.0,100.00000000000001,True
CAND_01835,Al7.60Co17.30Ti42.99W32.11,4,7.6,17.3,0.0,0.0,0.0,0.0,0.0,0.0,0.0,42.99,0.0,32.11,100.0,True
CAND_01836,Cr40.05Fe21.93Mo8.94Ni29.08,4,0.0,0.0,40.05,0.0,21.93,0.0,8.94,0.0,29.08,0.0,0.0,0.0,100.0,True
CAND_01837,Al15.67Cu34.52Fe33.61V16.20,4,15.67,0.0,0.0,34.52,33.61,0.0,0.0,0.0,0.0,0.0,16.2,0.0,100.00000000000001,True
CAND_01838,Co17.96Mo10.84Ti42.56V22.17W6.47,5,0.0,17.96,0.0,0.0,0.0,0.0,10.84,0.0,0.0,42.56,22.17,6.47,100.0,True
CAND_01839,Al17.95Cu18.96Fe18.13Ti25.03W19.93,5,17.95,0.0,0.0,18.96,18.13,0.0,0.0,0.0,0.0,25.03,0.0,19.93,100.0,True
CAND_01840,Al39.30Cr19.31Cu7.88Mn6.77Mo12.23Ti14.51,6,39.3,0.0,19.31,7.88,0.0,6.77,12.23,0.0,0.0,14.51,0.0,0.0,100.0,True
CAND_01841,Al9.05Cr21.59Fe24.08Mo24.09Ni11.90Ti9.29,6,9.05,0.0,21.59,0.0,24.08,0.0,24.09,0.0,11.9,9.29,0.0,0.0,100.0,True
CAND_01842,Cu16.98Fe9.59Mo23.89Nb6.71Ti34.09V8.74,6,0.0,0.0,0.0,16.98,9.59,0.0,23.89,6.71,0.0,34.09,8.74,0.0,100.0,True
CAND_01843,Al17.41Cr17.19Fe8.04Nb14.10Ni23.56V19.70,6,17.41,0.0,17.19,0.0,8.04,0.0,0.0,14.1,23.56,0.0,19.7,0.0,100.0,True
CAND_01844,Mn20.50Mo24.61Nb11.97Ni20.83W22.09,5,0.0,0.0,0.0,0.0,0.0,20.5,24.61,11.97,20.83,0.0,0.0,22.09,100.0,True
CAND_01845,Cu30.67Fe19.15Nb21.50Ti10.33V18.35,5,0.0,0.0,0.0,30.67,19.15,0.0,0.0,21.5,0.0,10.33,18.35,0.0,100.0,True
CAND_01846,Al28.27Cr7.92Cu20.80Mn23.29V19.72,5,28.27,0.0,7.92,20.8,0.0,23.29,0.0,0.0,0.0,0.0,19.72,0.0,100.0,True
CAND_01847,Co28.19Fe21.14Mn12.63Mo6.15Ti31.89,5,0.0,28.19,0.0,0.0,21.14,12.63,6.15,0.0,0.0,31.89,0.0,0.0,100.0,True
CAND_01848,Al20.03Cu27.44Mn19.84Nb9.04Ni10.44Ti13.21,6,20.03,0.0,0.0,27.44,0.0,19.84,0.0,9.04,10.44,13.21,0.0,0.0,100.0,True
CAND_01849,Co18.09Fe12.77Ni44.83Ti24.31,4,0.0,18.09,0.0,0.0,12.77,0.0,0.0,0.0,44.83,24.31,0.0,0.0,100.0,True
CAND_01850,Fe30.07Mn23.68Mo11.15Nb35.10,4,0.0,0.0,0.0,0.0,30.07,23.68,11.15,35.1,0.0,0.0,0.0,0.0,100.0,True
CAND_01851,Al41.01Cu26.73Ni10.21V22.05,4,41.01,0.0,0.0,26.73,0.0,0.0,0.0,0.0,10.21,0.0,22.05,0.0,99.99999999999999,True
CAND_01852,Al15.88Cr5.26Cu33.07Fe16.99Nb9.28W19.52,6,15.88,0.0,5.26,33.07,16.99,0.0,0.0,9.28,0.0,0.0,0.0,19.52,100.0,True
CAND_01853,Co13.71Cr7.90Cu10.67Mn20.76Mo35.20V11.76,6,0.0,13.71,7.9,10.67,0.0,20.76,35.2,0.0,0.0,0.0,11.76,0.0,100.00000000000001,True
CAND_01854,Al10.53Cr22.37Mn24.54Mo18.06Ti8.23W16.27,6,10.53,0.0,22.37,0.0,0.0,24.54,18.06,0.0,0.0,8.23,0.0,16.27,100.0,True
CAND_01855,Co7.82Mo31.71Nb9.26Ni23.12Ti12.12W15.97,6,0.0,7.82,0.0,0.0,0.0,0.0,31.71,9.26,23.12,12.12,0.0,15.97,100.0,True
CAND_01856,Al11.72Cu14.28Fe13.01Nb21.77Ni32.90W6.32,6,11.72,0.0,0.0,14.28,13.01,0.0,0.0,21.77,32.9,0.0,0.0,6.32,100.0,True
CAND_01857,Cr17.02Cu7.04Fe19.61Mo30.84Nb17.38Ti8.11,6,0.0,0.0,17.02,7.04,19.61,0.0,30.84,17.38,0.0,8.11,0.0,0.0,100.0,True
CAND_01858,Al25.69Co8.93Cr6.47Nb27.57Ti17.10V14.24,6,25.69,8.93,6.47,0.0,0.0,0.0,0.0,27.57,0.0,17.1,14.24,0.0,99.99999999999999,True
CAND_01859,Co33.37Cr12.04Cu13.84Mo16.56Nb24.19,5,0.0,33.37,12.04,13.84,0.0,0.0,16.56,24.19,0.0,0.0,0.0,0.0,100.0,True
CAND_01860,Cu18.30Fe18.13Nb16.32Ti22.22V25.03,5,0.0,0.0,0.0,18.3,18.13,0.0,0.0,16.32,0.0,22.22,25.03,0.0,100.0,True
CAND_01861,Al12.53Fe43.99Mn14.67Ni28.81,4,12.53,0.0,0.0,0.0,43.99,14.67,0.0,0.0,28.81,0.0,0.0,0.0,100.0,True
CAND_01862,Co15.28Cr10.21Mo44.11Nb7.04W23.36,5,0.0,15.28,10.21,0.0,0.0,0.0,44.11,7.04,0.0,0.0,0.0,23.36,100.0,True
CAND_01863,Al16.44Co24.97Fe44.87Mn13.72,4,16.44,24.97,0.0,0.0,44.87,13.72,0.0,0.0,0.0,0.0,0.0,0.0,100.0,True
CAND_01864,Co44.11Cu5.65Mn17.41V32.83,4,0.0,44.11,0.0,5.65,0.0,17.41,0.0,0.0,0.0,0.0,32.83,0.0,100.0,True
CAND_01865,Al9.29Cu24.01Mn13.71Nb14.39Ni16.81W21.79,6,9.29,0.0,0.0,24.01,0.0,13.71,0.0,14.39,16.81,0.0,0.0,21.79,100.0,True
CAND_01866,Co16.64Cu23.30Fe33.06Nb21.53V5.47,5,0.0,16.64,0.0,23.3,33.06,0.0,0.0,21.53,0.0,0.0,5.47,0.0,100.0,True
CAND_01867,Al13.14Co25.68Mn37.29Nb23.89,4,13.14,25.68,0.0,0.0,0.0,37.29,0.0,23.89,0.0,0.0,0.0,0.0,100.0,True
CAND_01868,Al26.38Cr13.87Cu11.50Ni16.78V31.47,5,26.38,0.0,13.87,11.5,0.0,0.0,0.0,0.0,16.78,0.0,31.47,0.0,100.0,True
CAND_01869,Al23.56Cu17.96Mn15.30Nb10.69Ni32.49,5,23.56,0.0,0.0,17.96,0.0,15.3,0.0,10.69,32.49,0.0,0.0,0.0,100.0,True
CAND_01870,Al13.04Co30.42Cu27.37Mo9.49V19.68,5,13.04,30.42,0.0,27.37,0.0,0.0,9.49,0.0,0.0,0.0,19.68,0.0,100.0,True
CAND_01871,Co9.97Cr10.63Fe18.53Ti24.16V11.38W25.33,6,0.0,9.97,10.63,0.0,18.53,0.0,0.0,0.0,0.0,24.16,11.38,25.33,100.0,True
CAND_01872,Co20.98Fe21.85Mn14.96Nb42.21,4,0.0,20.98,0.0,0.0,21.85,14.96,0.0,42.21,0.0,0.0,0.0,0.0,100.0,True
CAND_01873,Al15.06Co17.49Cu8.51Fe19.83Ni39.11,5,15.06,17.49,0.0,8.51,19.83,0.0,0.0,0.0,39.11,0.0,0.0,0.0,100.0,True
CAND_01874,Cr5.77Cu21.36Nb26.50Ti6.67W39.70,5,0.0,0.0,5.77,21.36,0.0,0.0,0.0,26.5,0.0,6.67,0.0,39.7,100.0,True
CAND_01875,Co12.86Cu17.97Nb17.24V23.43W28.50,5,0.0,12.86,0.0,17.97,0.0,0.0,0.0,17.24,0.0,0.0,23.43,28.5,100.0,True
CAND_01876,Cu38.81Fe13.67Mo15.82Nb20.09Ti11.61,5,0.0,0.0,0.0,38.81,13.67,0.0,15.82,20.09,0.0,11.61,0.0,0.0,100.00000000000001,True
CAND_01877,Fe15.25Mo17.37Ni42.95V24.43,4,0.0,0.0,0.0,0.0,15.25,0.0,17.37,0.0,42.95,0.0,24.43,0.0,100.0,True
CAND_01878,Co19.33Cr21.30Cu19.24Mn11.67Nb18.00V10.46,6,0.0,19.33,21.3,19.24,0.0,11.67,0.0,18.0,0.0,0.0,10.46,0.0,100.0,True
CAND_01879,Cr25.21Fe5.92Mn32.23Nb36.64,4,0.0,0.0,25.21,0.0,5.92,32.23,0.0,36.64,0.0,0.0,0.0,0.0,100.0,True
CAND_01880,Al6.67Cr30.77Cu19.71Mn10.49V22.48W9.88,6,6.67,0.0,30.77,19.71,0.0,10.49,0.0,0.0,0.0,0.0,22.48,9.88,100.0,True
CAND_01881,Al34.85Co23.61Cu13.00Ti28.54,4,34.85,23.61,0.0,13.0,0.0,0.0,0.0,0.0,0.0,28.54,0.0,0.0,100.0,True
CAND_01882,Al21.38Mo38.84Ni19.85W19.93,4,21.38,0.0,0.0,0.0,0.0,0.0,38.84,0.0,19.85,0.0,0.0,19.93,100.0,True
CAND_01883,Cr21.65Cu19.32Mo40.01Nb19.02,4,0.0,0.0,21.65,19.32,0.0,0.0,40.01,19.02,0.0,0.0,0.0,0.0,99.99999999999999,True
CAND_01884,Cr13.31Mo8.61Nb20.58Ni15.51Ti23.62W18.37,6,0.0,0.0,13.31,0.0,0.0,0.0,8.61,20.58,15.51,23.62,0.0,18.37,100.0,True
CAND_01885,Al13.88Cr8.03Mn16.81Nb13.81V26.27W21.20,6,13.88,0.0,8.03,0.0,0.0,16.81,0.0,13.81,0.0,0.0,26.27,21.2,100.0,True
CAND_01886,Fe9.49Mo37.30Nb20.99Ni17.77V14.45,5,0.0,0.0,0.0,0.0,9.49,0.0,37.3,20.99,17.77,0.0,14.45,0.0,100.0,True
CAND_01887,Al31.64Fe17.93Ni31.85Ti18.58,4,31.64,0.0,0.0,0.0,17.93,0.0,0.0,0.0,31.85,18.58,0.0,0.0,100.0,True
CAND_01888,Cr34.09Mn8.50Nb6.91Ni5.69W44.81,5,0.0,0.0,34.09,0.0,0.0,8.5,0.0,6.91,5.69,0.0,0.0,44.81,100.0,True
CAND_01889,Cr12.98Mn10.13Mo22.72Nb16.25V37.92,5,0.0,0.0,12.98,0.0,0.0,10.13,22.72,16.25,0.0,0.0,37.92,0.0,100.0,True
CAND_01890,Cu18.33Fe11.09Mo9.63Nb8.28Ni38.45V14.22,6,0.0,0.0,0.0,18.33,11.09,0.0,9.63,8.28,38.45,0.0,14.22,0.0,100.0,True
CAND_01891,Co12.62Mo20.94Nb31.07Ti20.32V8.22W6.83,6,0.0,12.62,0.0,0.0,0.0,0.0,20.94,31.07,0.0,20.32,8.22,6.83,99.99999999999999,True
CAND_01892,Cr30.69Cu32.20Mn25.42V11.69,4,0.0,0.0,30.69,32.2,0.0,25.42,0.0,0.0,0.0,0.0,11.69,0.0,100.0,True
CAND_01893,Al5.93Co17.65Fe27.00Mn7.12Mo16.55Nb25.75,6,5.93,17.65,0.0,0.0,27.0,7.12,16.55,25.75,0.0,0.0,0.0,0.0,100.0,True
CAND_01894,Co11.99Cr8.69Mn22.07Mo19.61Ni19.46V18.18,6,0.0,11.99,8.69,0.0,0.0,22.07,19.61,0.0,19.46,0.0,18.18,0.0,100.0,True
CAND_01895,Fe17.66Mn7.01Mo19.49Nb41.29V14.55,5,0.0,0.0,0.0,0.0,17.66,7.01,19.49,41.29,0.0,0.0,14.55,0.0,99.99999999999999,True
CAND_01896,Co6.72Fe22.41Mn27.71Mo11.59W31.57,5,0.0,6.72,0.0,0.0,22.41,27.71,11.59,0.0,0.0,0.0,0.0,31.57,100.0,True
CAND_01897,Al18.08Cr16.61Cu18.63Mn19.11Nb15.69Ti11.88,6,18.08,0.0,16.61,18.63,0.0,19.11,0.0,15.69,0.0,11.88,0.0,0.0,99.99999999999999,True
CAND_01898,Al34.44Co8.41Cr20.14Fe25.21Mn6.16Ni5.64,6,34.44,8.41,20.14,0.0,25.21,6.16,0.0,0.0,5.64,0.0,0.0,0.0,99.99999999999999,True
CAND_01899,Mn17.23Mo29.74V13.95W39.08,4,0.0,0.0,0.0,0.0,0.0,17.23,29.74,0.0,0.0,0.0,13.95,39.08,100.0,True
CAND_01900,Cu25.12Mn38.05Mo22.75Ni14.08,4,0.0,0.0,0.0,25.12,0.0,38.05,22.75,0.0,14.08,0.0,0.0,0.0,100.0,True
CAND_01901,Al14.73Cr21.61Mn10.22Ni11.99Ti41.45,5,14.73,0.0,21.61,0.0,0.0,10.22,0.0,0.0,11.99,41.45,0.0,0.0,100.0,True
CAND_01902,Al24.03Cr13.28Cu23.00Fe18.10Nb8.03Ni13.56,6,24.03,0.0,13.28,23.0,18.1,0.0,0.0,8.03,13.56,0.0,0.0,0.0,100.0,True
CAND_01903,Al11.07Cu26.72Fe24.37Ti13.47V24.37,5,11.07,0.0,0.0,26.72,24.37,0.0,0.0,0.0,0.0,13.47,24.37,0.0,100.0,True
CAND_01904,Co21.61Fe10.07Mn42.30W26.02,4,0.0,21.61,0.0,0.0,10.07,42.3,0.0,0.0,0.0,0.0,0.0,26.02,99.99999999999999,True
CAND_01905,Al34.32Fe26.20Ti17.43V22.05,4,34.32,0.0,0.0,0.0,26.2,0.0,0.0,0.0,0.0,17.43,22.05,0.0,99.99999999999999,True
CAND_01906,Al7.38Cr33.62Fe23.79Nb35.21,4,7.38,0.0,33.62,0.0,23.79,0.0,0.0,35.21,0.0,0.0,0.0,0.0,100.0,True
CAND_01907,Al19.15Cr13.91Fe18.34Ni19.57V20.20W8.83,6,19.15,0.0,13.91,0.0,18.34,0.0,0.0,0.0,19.57,0.0,20.2,8.83,100.0,True
CAND_01908,Al40.59Cu17.92Nb19.50W21.99,4,40.59,0.0,0.0,17.92,0.0,0.0,0.0,19.5,0.0,0.0,0.0,21.99,100.0,True
CAND_01909,Co26.84Cr12.47Mo39.82Ni20.87,4,0.0,26.84,12.47,0.0,0.0,0.0,39.82,0.0,20.87,0.0,0.0,0.0,100.0,True
CAND_01910,Cu30.79Mo41.95Ni6.58V20.68,4,0.0,0.0,0.0,30.79,0.0,0.0,41.95,0.0,6.58,0.0,20.68,0.0,100.0,True
CAND_01911,Al33.14Cu14.60Mo9.32Ni17.58W25.36,5,33.14,0.0,0.0,14.6,0.0,0.0,9.32,0.0,17.58,0.0,0.0,25.36,100.0,True
CAND_01912,Al5.58Cr16.66Fe27.74Ti24.83V15.01W10.18,6,5.58,0.0,16.66,0.0,27.74,0.0,0.0,0.0,0.0,24.83,15.01,10.18,100.0,True
CAND_01913,Al16.18Co16.16Cr19.35Fe37.54Nb5.26Ni5.51,6,16.18,16.16,19.35,0.0,37.54,0.0,0.0,5.26,5.51,0.0,0.0,0.0,100.00000000000001,True
CAND_01914,Al15.12Cr25.33Cu23.14Fe20.20Ni16.21,5,15.12,0.0,25.33,23.14,20.2,0.0,0.0,0.0,16.21,0.0,0.0,0.0,100.0,True
CAND_01915,Co14.13Fe28.22Mn12.71W44.94,4,0.0,14.13,0.0,0.0,28.22,12.71,0.0,0.0,0.0,0.0,0.0,44.94,100.0,True
CAND_01916,Co30.86Cr12.11Fe10.32Nb15.31Ni14.21Ti17.19,6,0.0,30.86,12.11,0.0,10.32,0.0,0.0,15.31,14.21,17.19,0.0,0.0,100.0,True
CAND_01917,Co19.67Cr15.14Cu7.49Mn29.83Nb27.87,5,0.0,19.67,15.14,7.49,0.0,29.83,0.0,27.87,0.0,0.0,0.0,0.0,100.0,True
CAND_01918,Cr41.78Fe19.81Mo26.27Ni12.14,4,0.0,0.0,41.78,0.0,19.81,0.0,26.27,0.0,12.14,0.0,0.0,0.0,100.0,True
CAND_01919,Al12.57Co21.42Cu15.06Mo42.42Ni8.53,5,12.57,21.42,0.0,15.06,0.0,0.0,42.42,0.0,8.53,0.0,0.0,0.0,100.0,True
CAND_01920,Cr23.32Cu14.09V27.23W35.36,4,0.0,0.0,23.32,14.09,0.0,0.0,0.0,0.0,0.0,0.0,27.23,35.36,100.0,True
CAND_01921,Mo32.73Nb25.69Ni9.35V11.21W21.02,5,0.0,0.0,0.0,0.0,0.0,0.0,32.73,25.69,9.35,0.0,11.21,21.02,99.99999999999999,True
CAND_01922,Al18.91Cu8.45Mo8.02Ni18.23Ti17.95W28.44,6,18.91,0.0,0.0,8.45,0.0,0.0,8.02,0.0,18.23,17.95,0.0,28.44,100.0,True
CAND_01923,Cr23.23Cu9.46Ni30.13Ti10.87V10.33W15.98,6,0.0,0.0,23.23,9.46,0.0,0.0,0.0,0.0,30.13,10.87,10.33,15.98,100.0,True
CAND_01924,Al25.19Mn13.80Mo14.12Nb38.35Ni8.54,5,25.19,0.0,0.0,0.0,0.0,13.8,14.12,38.35,8.54,0.0,0.0,0.0,100.0,True
CAND_01925,Al23.73Co38.81Fe24.18V13.28,4,23.73,38.81,0.0,0.0,24.18,0.0,0.0,0.0,0.0,0.0,13.28,0.0,100.0,True
CAND_01926,Co8.52Cr31.70Nb20.20Ni10.13V29.45,5,0.0,8.52,31.7,0.0,0.0,0.0,0.0,20.2,10.13,0.0,29.45,0.0,100.0,True
CAND_01927,Co25.94Cr10.83Nb10.12Ni14.03Ti18.51V20.57,6,0.0,25.94,10.83,0.0,0.0,0.0,0.0,10.12,14.03,18.51,20.57,0.0,100.0,True
CAND_01928,Cr26.24Cu11.45Mo21.97Nb5.89V18.29W16.16,6,0.0,0.0,26.24,11.45,0.0,0.0,21.97,5.89,0.0,0.0,18.29,16.16,100.0,True
CAND_01929,Co44.74Mo30.96Ti11.46W12.84,4,0.0,44.74,0.0,0.0,0.0,0.0,30.96,0.0,0.0,11.46,0.0,12.84,100.0,True
CAND_01930,Co18.26Cr13.10Cu8.35Fe43.59V16.70,5,0.0,18.26,13.1,8.35,43.59,0.0,0.0,0.0,0.0,0.0,16.7,0.0,100.00000000000001,True
CAND_01931,Co7.28Cr10.83Fe14.01Mn13.84Mo16.83Ti37.21,6,0.0,7.28,10.83,0.0,14.01,13.84,16.83,0.0,0.0,37.21,0.0,0.0,100.0,True
CAND_01932,Co16.51Cr5.92Fe24.70Ti18.96V33.91,5,0.0,16.51,5.92,0.0,24.7,0.0,0.0,0.0,0.0,18.96,33.91,0.0,100.0,True
CAND_01933,Cr31.37Cu21.09Fe17.63Mn6.81Mo12.17Nb10.93,6,0.0,0.0,31.37,21.09,17.63,6.81,12.17,10.93,0.0,0.0,0.0,0.0,100.0,True
CAND_01934,Cr21.78Fe24.50Mn5.36Mo26.27Nb22.09,5,0.0,0.0,21.78,0.0,24.5,5.36,26.27,22.09,0.0,0.0,0.0,0.0,100.0,True
CAND_01935,Co17.29Cr26.60Cu25.06Ni23.21V7.84,5,0.0,17.29,26.6,25.06,0.0,0.0,0.0,0.0,23.21,0.0,7.84,0.0,100.0,True
CAND_01936,Al17.79Co15.65Cr34.56Mn9.73Ni14.11V8.16,6,17.79,15.65,34.56,0.0,0.0,9.73,0.0,0.0,14.11,0.0,8.16,0.0,100.0,True
CAND_01937,Co34.74Cr38.18Mn20.89Nb6.19,4,0.0,34.74,38.18,0.0,0.0,20.89,0.0,6.19,0.0,0.0,0.0,0.0,100.0,True
CAND_01938,Co26.19Cr12.69Mo14.80Ni28.58W17.74,5,0.0,26.19,12.69,0.0,0.0,0.0,14.8,0.0,28.58,0.0,0.0,17.74,100.0,True
CAND_01939,Al19.50Mo26.66Nb15.20Ti29.76V8.88,5,19.5,0.0,0.0,0.0,0.0,0.0,26.66,15.2,0.0,29.76,8.88,0.0,100.0,True
CAND_01940,Co9.78Fe33.32Mn24.94Mo9.23W22.73,5,0.0,9.78,0.0,0.0,33.32,24.94,9.23,0.0,0.0,0.0,0.0,22.73,100.00000000000001,True
CAND_01941,Al34.76Mo12.37Ni25.14V13.79W13.94,5,34.76,0.0,0.0,0.0,0.0,0.0,12.37,0.0,25.14,0.0,13.79,13.94,100.0,True
CAND_01942,Mo13.16Ni39.23V33.55W14.06,4,0.0,0.0,0.0,0.0,0.0,0.0,13.16,0.0,39.23,0.0,33.55,14.06,100.0,True
CAND_01943,Co24.70Cr33.66Fe20.01Ti21.63,4,0.0,24.7,33.66,0.0,20.01,0.0,0.0,0.0,0.0,21.63,0.0,0.0,100.0,True
CAND_01944,Co20.04Cr29.62Fe28.43Nb21.91,4,0.0,20.04,29.62,0.0,28.43,0.0,0.0,21.91,0.0,0.0,0.0,0.0,100.0,True
CAND_01945,Al16.45Mn6.43Nb26.13Ni15.62Ti35.37,5,16.45,0.0,0.0,0.0,0.0,6.43,0.0,26.13,15.62,35.37,0.0,0.0,100.0,True
CAND_01946,Mn32.97Ti17.83V26.14W23.06,4,0.0,0.0,0.0,0.0,0.0,32.97,0.0,0.0,0.0,17.83,26.14,23.06,100.0,True
CAND_01947,Co10.31Cu25.35Nb42.91W21.43,4,0.0,10.31,0.0,25.35,0.0,0.0,0.0,42.91,0.0,0.0,0.0,21.43,100.0,True
CAND_01948,Al19.08Co12.97Cu27.91Mn12.53Ti27.51,5,19.08,12.97,0.0,27.91,0.0,12.53,0.0,0.0,0.0,27.51,0.0,0.0,100.0,True
CAND_01949,Al41.17Cu15.95Mo16.95W25.93,4,41.17,0.0,0.0,15.95,0.0,0.0,16.95,0.0,0.0,0.0,0.0,25.93,100.0,True
CAND_01950,Co33.63Cu10.77Mo5.32Nb15.96V9.09W25.23,6,0.0,33.63,0.0,10.77,0.0,0.0,5.32,15.96,0.0,0.0,9.09,25.23,100.00000000000001,True
CAND_01951,Co43.57Cr9.43Nb14.64Ti32.36,4,0.0,43.57,9.43,0.0,0.0,0.0,0.0,14.64,0.0,32.36,0.0,0.0,100.0,True
CAND_01952,Al5.34Co10.36Mn14.16Mo22.06Nb5.23Ti42.85,6,5.34,10.36,0.0,0.0,0.0,14.16,22.06,5.23,0.0,42.85,0.0,0.0,100.0,True
CAND_01953,Al17.93Mn39.24Mo27.13Ni15.70,4,17.93,0.0,0.0,0.0,0.0,39.24,27.13,0.0,15.7,0.0,0.0,0.0,100.0,True
CAND_01954,Co36.37Mn9.64Nb27.25W26.74,4,0.0,36.37,0.0,0.0,0.0,9.64,0.0,27.25,0.0,0.0,0.0,26.74,99.99999999999999,True
CAND_01955,Co23.64Cr14.61Fe22.01Mo7.03V6.64W26.07,6,0.0,23.64,14.61,0.0,22.01,0.0,7.03,0.0,0.0,0.0,6.64,26.07,100.0,True
CAND_01956,Co14.61Cr9.77Cu22.08Mo22.92Nb11.56V19.06,6,0.0,14.61,9.77,22.08,0.0,0.0,22.92,11.56,0.0,0.0,19.06,0.0,100.0,True
CAND_01957,Al13.04Co13.17Fe15.52Mo27.97Ni9.74V20.56,6,13.04,13.17,0.0,0.0,15.52,0.0,27.97,0.0,9.74,0.0,20.56,0.0,100.0,True
CAND_01958,Cr16.67Fe21.77Mo13.44Ti19.71V28.41,5,0.0,0.0,16.67,0.0,21.77,0.0,13.44,0.0,0.0,19.71,28.41,0.0,100.0,True
CAND_01959,Al34.39Co17.26Nb28.91V19.44,4,34.39,17.26,0.0,0.0,0.0,0.0,0.0,28.91,0.0,0.0,19.44,0.0,100.0,True
CAND_01960,Al12.63Co12.76Fe27.28Mn10.98Nb15.81W20.54,6,12.63,12.76,0.0,0.0,27.28,10.98,0.0,15.81,0.0,0.0,0.0,20.54,100.0,True
CAND_01961,Co11.12Cr9.05Ni22.58Ti20.23V24.37W12.65,6,0.0,11.12,9.05,0.0,0.0,0.0,0.0,0.0,22.58,20.23,24.37,12.65,100.00000000000001,True
CAND_01962,Al21.59Cr21.21Ni42.65Ti14.55,4,21.59,0.0,21.21,0.0,0.0,0.0,0.0,0.0,42.65,14.55,0.0,0.0,99.99999999999999,True
CAND_01963,Cu23.73Fe25.80Mn29.38Ni21.09,4,0.0,0.0,0.0,23.73,25.8,29.38,0.0,0.0,21.09,0.0,0.0,0.0,100.0,True
CAND_01964,Cr35.81Mn13.12Mo41.83V9.24,4,0.0,0.0,35.81,0.0,0.0,13.12,41.83,0.0,0.0,0.0,9.24,0.0,99.99999999999999,True
CAND_01965,Cr40.65Fe17.41Mo10.74Nb20.99V10.21,5,0.0,0.0,40.65,0.0,17.41,0.0,10.74,20.99,0.0,0.0,10.21,0.0,100.0,True
CAND_01966,Co6.64Cu15.37Mn6.10Mo27.18Ti24.34V20.37,6,0.0,6.64,0.0,15.37,0.0,6.1,27.18,0.0,0.0,24.34,20.37,0.0,100.0,True
CAND_01967,Al23.55Cu9.98Mo26.10Nb21.59V10.46W8.32,6,23.55,0.0,0.0,9.98,0.0,0.0,26.1,21.59,0.0,0.0,10.46,8.32,100.0,True
CAND_01968,Cr14.15Cu16.76Mn20.74Nb29.68Ni12.79W5.88,6,0.0,0.0,14.15,16.76,0.0,20.74,0.0,29.68,12.79,0.0,0.0,5.88,100.0,True
CAND_01969,Al21.73Co7.33Cu33.93Nb22.97Ti14.04,5,21.73,7.33,0.0,33.93,0.0,0.0,0.0,22.97,0.0,14.04,0.0,0.0,100.0,True
CAND_01970,Al13.79Co37.71Fe33.43Ni15.07,4,13.79,37.71,0.0,0.0,33.43,0.0,0.0,0.0,15.07,0.0,0.0,0.0,100.0,True
CAND_01971,Cr42.39Cu33.65Mo14.40Ti9.56,4,0.0,0.0,42.39,33.65,0.0,0.0,14.4,0.0,0.0,9.56,0.0,0.0,100.0,True
CAND_01972,Al22.24Cu11.99Mn19.90Mo13.74Nb9.57W22.56,6,22.24,0.0,0.0,11.99,0.0,19.9,13.74,9.57,0.0,0.0,0.0,22.56,100.0,True
CAND_01973,Cr13.88Fe16.84Mn23.70Nb8.93Ni14.46Ti22.19,6,0.0,0.0,13.88,0.0,16.84,23.7,0.0,8.93,14.46,22.19,0.0,0.0,100.0,True
CAND_01974,Co18.49Cr25.47Fe32.08Nb16.45Ti7.51,5,0.0,18.49,25.47,0.0,32.08,0.0,0.0,16.45,0.0,7.51,0.0,0.0,100.0,True
CAND_01975,Al39.52Cr10.71Mo15.11Nb9.16Ni17.61Ti7.89,6,39.52,0.0,10.71,0.0,0.0,0.0,15.11,9.16,17.61,7.89,0.0,0.0,100.0,True
CAND_01976,Fe20.46Mo22.98Nb16.41Ti5.44V18.20W16.51,6,0.0,0.0,0.0,0.0,20.46,0.0,22.98,16.41,0.0,5.44,18.2,16.51,100.0,True
CAND_01977,Al12.05Co19.47Mo15.57Nb33.46Ti7.65V11.80,6,12.05,19.47,0.0,0.0,0.0,0.0,15.57,33.46,0.0,7.65,11.8,0.0,100.00000000000001,True
CAND_01978,Cu5.92Mn39.30Mo8.33Ni22.50Ti23.95,5,0.0,0.0,0.0,5.92,0.0,39.3,8.33,0.0,22.5,23.95,0.0,0.0,100.0,True
CAND_01979,Al33.95Co8.73Cu5.35Nb12.20V26.14W13.63,6,33.95,8.73,0.0,5.35,0.0,0.0,0.0,12.2,0.0,0.0,26.14,13.63,100.0,True
CAND_01980,Al26.53Ti18.12V37.33W18.02,4,26.53,0.0,0.0,0.0,0.0,0.0,0.0,0.0,0.0,18.12,37.33,18.02,100.0,True
CAND_01981,Al16.59Co41.46Cu8.82Mn16.07Ni17.06,5,16.59,41.46,0.0,8.82,0.0,16.07,0.0,0.0,17.06,0.0,0.0,0.0,100.0,True
CAND_01982,Co23.39Nb18.09Ni28.36Ti30.16,4,0.0,23.39,0.0,0.0,0.0,0.0,0.0,18.09,28.36,30.16,0.0,0.0,100.0,True
CAND_01983,Co17.88Mo17.65Ni30.37V34.10,4,0.0,17.88,0.0,0.0,0.0,0.0,17.65,0.0,30.37,0.0,34.1,0.0,100.0,True
CAND_01984,Co7.96Cu11.70Mn27.58Ti19.46V24.52W8.78,6,0.0,7.96,0.0,11.7,0.0,27.58,0.0,0.0,0.0,19.46,24.52,8.78,99.99999999999999,True
CAND_01985,Co16.33Cu39.26Mn27.09Ni17.32,4,0.0,16.33,0.0,39.26,0.0,27.09,0.0,0.0,17.32,0.0,0.0,0.0,100.0,True
CAND_01986,Co17.76Cr11.93Fe21.81Nb15.35Ni18.37W14.78,6,0.0,17.76,11.93,0.0,21.81,0.0,0.0,15.35,18.37,0.0,0.0,14.78,100.0,True
CAND_01987,Co16.62Cu43.39V28.78W11.21,4,0.0,16.62,0.0,43.39,0.0,0.0,0.0,0.0,0.0,0.0,28.78,11.21,100.0,True
CAND_01988,Al23.22Cr14.70Fe17.98Mn21.67Nb22.43,5,23.22,0.0,14.7,0.0,17.98,21.67,0.0,22.43,0.0,0.0,0.0,0.0,100.0,True
CAND_01989,Al17.62Co10.40Fe18.32Mn14.19Ni26.52Ti12.95,6,17.62,10.4,0.0,0.0,18.32,14.19,0.0,0.0,26.52,12.95,0.0,0.0,100.0,True
CAND_01990,Co32.34Cr19.44Cu5.39Ti42.83,4,0.0,32.34,19.44,5.39,0.0,0.0,0.0,0.0,0.0,42.83,0.0,0.0,100.0,True
CAND_01991,Al42.97Co22.44Nb15.27Ni19.32,4,42.97,22.44,0.0,0.0,0.0,0.0,0.0,15.27,19.32,0.0,0.0,0.0,100.0,True
CAND_01992,Al18.95Co35.90Cu16.83Mo11.84V16.48,5,18.95,35.9,0.0,16.83,0.0,0.0,11.84,0.0,0.0,0.0,16.48,0.0,100.0,True
CAND_01993,Al24.74Co6.15Cu8.67Ni26.54Ti8.51V25.39,6,24.74,6.15,0.0,8.67,0.0,0.0,0.0,0.0,26.54,8.51,25.39,0.0,100.0,True
CAND_01994,Cr17.68Nb9.57Ni12.44Ti21.46V19.41W19.44,6,0.0,0.0,17.68,0.0,0.0,0.0,0.0,9.57,12.44,21.46,19.41,19.44,100.0,True
CAND_01995,Co28.11Cr22.22Mn22.93Mo14.14V12.60,5,0.0,28.11,22.22,0.0,0.0,22.93,14.14,0.0,0.0,0.0,12.6,0.0,99.99999999999999,True
CAND_01996,Al13.01Co27.77Nb39.75Ni7.98W11.49,5,13.01,27.77,0.0,0.0,0.0,0.0,0.0,39.75,7.98,0.0,0.0,11.49,100.0,True
CAND_01997,Co8.52Cr9.94Mo43.71Ni13.39Ti24.44,5,0.0,8.52,9.94,0.0,0.0,0.0,43.71,0.0,13.39,24.44,0.0,0.0,100.0,True
CAND_01998,Cu6.36Mo16.73Nb32.32Ni7.95Ti11.45W25.19,6,0.0,0.0,0.0,6.36,0.0,0.0,16.73,32.32,7.95,11.45,0.0,25.19,100.0,True
CAND_01999,Co24.88Cr6.01Cu40.99Ti28.12,4,0.0,24.88,6.01,40.99,0.0,0.0,0.0,0.0,0.0,28.12,0.0,0.0,100.0,True
CAND_02000,Nb21.56Ni28.03Ti31.82V5.12W13.47,5,0.0,0.0,0.0,0.0,0.0,0.0,0.0,21.56,28.03,31.82,5.12,13.47,100.0,True
CAND_02001,Al16.40Co11.91Fe41.73Nb20.43V9.53,5,16.4,11.91,0.0,0.0,41.73,0.0,0.0,20.43,0.0,0.0,9.53,0.0,100.0,True
CAND_02002,Al16.64Co14.22Cu12.07Ti27.89V29.18,5,16.64,14.22,0.0,12.07,0.0,0.0,0.0,0.0,0.0,27.89,29.18,0.0,100.0,True
CAND_02003,Co28.80Fe33.95Mo6.15Ti31.10,4,0.0,28.8,0.0,0.0,33.95,0.0,6.15,0.0,0.0,31.1,0.0,0.0,100.0,True
CAND_02004,Al17.36Cu8.57Mn37.22Mo8.63W28.22,5,17.36,0.0,0.0,8.57,0.0,37.22,8.63,0.0,0.0,0.0,0.0,28.22,100.0,True
CAND_02005,Mo41.69Nb31.83Ti9.96V10.61W5.91,5,0.0,0.0,0.0,0.0,0.0,0.0,41.69,31.83,0.0,9.96,10.61,5.91,99.99999999999999,True
CAND_02006,Cu22.01Ni37.61Ti6.61V20.86W12.91,5,0.0,0.0,0.0,22.01,0.0,0.0,0.0,0.0,37.61,6.61,20.86,12.91,100.0,True
CAND_02007,Al21.05Cr14.05Fe5.06Mn21.21Ni38.63,5,21.05,0.0,14.05,0.0,5.06,21.21,0.0,0.0,38.63,0.0,0.0,0.0,100.0,True
CAND_02008,Co9.45Mn34.41Ni14.44Ti41.70,4,0.0,9.45,0.0,0.0,0.0,34.41,0.0,0.0,14.44,41.7,0.0,0.0,100.0,True
CAND_02009,Al12.91Co20.15Cu5.90Mo29.74Ni19.38W11.92,6,12.91,20.15,0.0,5.9,0.0,0.0,29.74,0.0,19.38,0.0,0.0,11.92,100.0,True
CAND_02010,Cr18.08Cu27.49Ni23.71W30.72,4,0.0,0.0,18.08,27.49,0.0,0.0,0.0,0.0,23.71,0.0,0.0,30.72,100.0,True
CAND_02011,Cr28.15Fe14.76Mo28.99Ni28.10,4,0.0,0.0,28.15,0.0,14.76,0.0,28.99,0.0,28.1,0.0,0.0,0.0,100.0,True
CAND_02012,Co11.75Fe24.70Mn13.17Mo12.99W37.39,5,0.0,11.75,0.0,0.0,24.7,13.17,12.99,0.0,0.0,0.0,0.0,37.39,100.0,True
CAND_02013,Al14.89Cr26.67Fe27.78Mo30.66,4,14.89,0.0,26.67,0.0,27.78,0.0,30.66,0.0,0.0,0.0,0.0,0.0,100.0,True
CAND_02014,Al41.27Cr16.25Cu27.05Nb9.05Ti6.38,5,41.27,0.0,16.25,27.05,0.0,0.0,0.0,9.05,0.0,6.38,0.0,0.0,100.0,True
CAND_02015,Al14.68Cu17.99Fe12.46Ni25.62Ti14.30V14.95,6,14.68,0.0,0.0,17.99,12.46,0.0,0.0,0.0,25.62,14.3,14.95,0.0,100.0,True
CAND_02016,Co38.04Cr12.73Fe22.91Mn9.04Nb10.10Ni7.18,6,0.0,38.04,12.73,0.0,22.91,9.04,0.0,10.1,7.18,0.0,0.0,0.0,100.0,True
CAND_02017,Cr33.50Fe38.18Mo18.97V9.35,4,0.0,0.0,33.5,0.0,38.18,0.0,18.97,0.0,0.0,0.0,9.35,0.0,100.0,True
CAND_02018,Fe31.27Mn30.94Mo10.05V27.74,4,0.0,0.0,0.0,0.0,31.27,30.94,10.05,0.0,0.0,0.0,27.74,0.0,100.0,True
CAND_02019,Al6.96Mn22.01Mo38.82Ni16.05V6.84W9.32,6,6.96,0.0,0.0,0.0,0.0,22.01,38.82,0.0,16.05,0.0,6.84,9.32,100.0,True
CAND_02020,Co18.26Mn9.30Mo23.33Ni13.84Ti8.63W26.64,6,0.0,18.26,0.0,0.0,0.0,9.3,23.33,0.0,13.84,8.63,0.0,26.64,100.0,True
CAND_02021,Mn28.23Nb38.91Ni15.33V17.53,4,0.0,0.0,0.0,0.0,0.0,28.23,0.0,38.91,15.33,0.0,17.53,0.0,100.0,True
CAND_02022,Al41.38Co10.40Cr5.85Cu21.25Fe10.16Mo10.96,6,41.38,10.4,5.85,21.25,10.16,0.0,10.96,0.0,0.0,0.0,0.0,0.0,100.0,True
CAND_02023,Fe5.51Mn10.39Nb33.64Ti12.46V38.00,5,0.0,0.0,0.0,0.0,5.51,10.39,0.0,33.64,0.0,12.46,38.0,0.0,100.0,True
CAND_02024,Co6.71Mo18.56Nb25.69Ni32.62W16.42,5,0.0,6.71,0.0,0.0,0.0,0.0,18.56,25.69,32.62,0.0,0.0,16.42,100.0,True
CAND_02025,Co14.43Cu19.34Mo20.00Ti20.00V17.03W9.20,6,0.0,14.43,0.0,19.34,0.0,0.0,20.0,0.0,0.0,20.0,17.03,9.2,100.0,True
CAND_02026,Al30.69Cr16.02Cu6.50Mo5.88Nb24.69W16.22,6,30.69,0.0,16.02,6.5,0.0,0.0,5.88,24.69,0.0,0.0,0.0,16.22,100.0,True
CAND_02027,Nb15.85Ni17.94V40.11W26.10,4,0.0,0.0,0.0,0.0,0.0,0.0,0.0,15.85,17.94,0.0,40.11,26.1,100.0,True
CAND_02028,Al14.29Fe11.86Mn13.91Mo11.39Nb22.46Ti26.09,6,14.29,0.0,0.0,0.0,11.86,13.91,11.39,22.46,0.0,26.09,0.0,0.0,100.0,True
CAND_02029,Al33.02Co15.22Fe11.67Mo25.66Ti14.43,5,33.02,15.22,0.0,0.0,11.67,0.0,25.66,0.0,0.0,14.43,0.0,0.0,100.0,True
CAND_02030,Cr17.74Cu17.77Mn7.00Mo14.70Ni24.35Ti18.44,6,0.0,0.0,17.74,17.77,0.0,7.0,14.7,0.0,24.35,18.44,0.0,0.0,100.0,True
CAND_02031,Co18.44Cr9.36Fe25.82Mn16.37Nb16.16Ti13.85,6,0.0,18.44,9.36,0.0,25.82,16.37,0.0,16.16,0.0,13.85,0.0,0.0,100.0,True
CAND_02032,Al16.74Cr5.51Cu21.04Mn21.37Ti24.71W10.63,6,16.74,0.0,5.51,21.04,0.0,21.37,0.0,0.0,0.0,24.71,0.0,10.63,100.0,True
CAND_02033,Cr6.39Cu23.98Fe27.10Nb16.53Ni26.00,5,0.0,0.0,6.39,23.98,27.1,0.0,0.0,16.53,26.0,0.0,0.0,0.0,100.0,True
CAND_02034,Al14.87Co25.18Mo10.98Nb19.69V23.52W5.76,6,14.87,25.18,0.0,0.0,0.0,0.0,10.98,19.69,0.0,0.0,23.52,5.76,100.0,True
CAND_02035,Cr14.57Cu35.76Ni21.74Ti27.93,4,0.0,0.0,14.57,35.76,0.0,0.0,0.0,0.0,21.74,27.93,0.0,0.0,100.0,True
CAND_02036,Al25.19Cu15.66Mn6.65Nb11.26Ni33.37V7.87,6,25.19,0.0,0.0,15.66,0.0,6.65,0.0,11.26,33.37,0.0,7.87,0.0,100.0,True
CAND_02037,Cu38.43Mo16.27Nb33.36W11.94,4,0.0,0.0,0.0,38.43,0.0,0.0,16.27,33.36,0.0,0.0,0.0,11.94,100.0,True
CAND_02038,Cr27.03Cu9.85Fe43.60W19.52,4,0.0,0.0,27.03,9.85,43.6,0.0,0.0,0.0,0.0,0.0,0.0,19.52,100.0,True
CAND_02039,Co5.30Cr31.80Mo6.54Nb10.70Ti32.10W13.56,6,0.0,5.3,31.8,0.0,0.0,0.0,6.54,10.7,0.0,32.1,0.0,13.56,100.0,True
CAND_02040,Co42.71Mn29.16Ti9.41W18.72,4,0.0,42.71,0.0,0.0,0.0,29.16,0.0,0.0,0.0,9.41,0.0,18.72,100.0,True
CAND_02041,Fe12.79Nb27.05Ti32.82W27.34,4,0.0,0.0,0.0,0.0,12.79,0.0,0.0,27.05,0.0,32.82,0.0,27.34,100.0,True
CAND_02042,Cr24.94Cu22.17Mn13.50Ni26.59Ti6.60V6.20,6,0.0,0.0,24.94,22.17,0.0,13.5,0.0,0.0,26.59,6.6,6.2,0.0,100.0,True
CAND_02043,Co17.57Cu26.16Mn28.67Nb9.74V7.70W10.16,6,0.0,17.57,0.0,26.16,0.0,28.67,0.0,9.74,0.0,0.0,7.7,10.16,100.0,True
CAND_02044,Al19.76Co28.84Cr6.23Cu11.03Mn12.38W21.76,6,19.76,28.84,6.23,11.03,0.0,12.38,0.0,0.0,0.0,0.0,0.0,21.76,100.0,True
CAND_02045,Mo6.17Ni20.32Ti38.49V35.02,4,0.0,0.0,0.0,0.0,0.0,0.0,6.17,0.0,20.32,38.49,35.02,0.0,100.0,True
CAND_02046,Cu22.79Mo11.67Nb40.47Ti12.58V12.49,5,0.0,0.0,0.0,22.79,0.0,0.0,11.67,40.47,0.0,12.58,12.49,0.0,100.0,True
CAND_02047,Al29.30Cu15.59Ti29.89V25.22,4,29.3,0.0,0.0,15.59,0.0,0.0,0.0,0.0,0.0,29.89,25.22,0.0,100.0,True
CAND_02048,Mn16.09Mo18.34Nb18.22Ni24.18W23.17,5,0.0,0.0,0.0,0.0,0.0,16.09,18.34,18.22,24.18,0.0,0.0,23.17,100.0,True
CAND_02049,Cr5.45Mn10.47Mo35.33Ni10.88V17.37W20.50,6,0.0,0.0,5.45,0.0,0.0,10.47,35.33,0.0,10.88,0.0,17.37,20.5,100.0,True
CAND_02050,Al31.62Cu11.54Mn9.14Mo40.95Nb6.75,5,31.62,0.0,0.0,11.54,0.0,9.14,40.95,6.75,0.0,0.0,0.0,0.0,100.0,True
CAND_02051,Co25.36Cr13.40Fe24.93Nb24.96W11.35,5,0.0,25.36,13.4,0.0,24.93,0.0,0.0,24.96,0.0,0.0,0.0,11.35,100.0,True
CAND_02052,Al7.79Cu36.53Fe17.84Nb11.38Ti26.46,5,7.79,0.0,0.0,36.53,17.84,0.0,0.0,11.38,0.0,26.46,0.0,0.0,100.0,True
CAND_02053,Cr35.15Fe30.61Mo5.58Nb28.66,4,0.0,0.0,35.15,0.0,30.61,0.0,5.58,28.66,0.0,0.0,0.0,0.0,99.99999999999999,True
CAND_02054,Fe32.70Mn17.23Ti11.10V38.97,4,0.0,0.0,0.0,0.0,32.7,17.23,0.0,0.0,0.0,11.1,38.97,0.0,100.0,True
CAND_02055,Al16.94Mn11.92Ni26.96Ti44.18,4,16.94,0.0,0.0,0.0,0.0,11.92,0.0,0.0,26.96,44.18,0.0,0.0,100.0,True
CAND_02056,Al7.02Co5.43Cu30.82Mn11.48Mo19.74V25.51,6,7.02,5.43,0.0,30.82,0.0,11.48,19.74,0.0,0.0,0.0,25.51,0.0,100.0,True
CAND_02057,Fe6.32Mo43.08Ni17.70Ti32.90,4,0.0,0.0,0.0,0.0,6.32,0.0,43.08,0.0,17.7,32.9,0.0,0.0,100.0,True
CAND_02058,Cr15.62Cu27.15Mn32.23Mo25.00,4,0.0,0.0,15.62,27.15,0.0,32.23,25.0,0.0,0.0,0.0,0.0,0.0,100.0,True
CAND_02059,Co14.23Cu23.03Mo15.61Ti13.50V33.63,5,0.0,14.23,0.0,23.03,0.0,0.0,15.61,0.0,0.0,13.5,33.63,0.0,100.0,True
CAND_02060,Cr12.22Mn19.19Mo16.31Ni6.31Ti14.71W31.26,6,0.0,0.0,12.22,0.0,0.0,19.19,16.31,0.0,6.31,14.71,0.0,31.26,100.00000000000001,True
CAND_02061,Al5.42Cu15.44Mo25.58Nb7.38Ni19.66Ti26.52,6,5.42,0.0,0.0,15.44,0.0,0.0,25.58,7.38,19.66,26.52,0.0,0.0,100.0,True
CAND_02062,Cr28.80Nb19.70Ti30.90W20.60,4,0.0,0.0,28.8,0.0,0.0,0.0,0.0,19.7,0.0,30.9,0.0,20.6,100.0,True
CAND_02063,Al11.94Mo44.91Nb8.31V6.88W27.96,5,11.94,0.0,0.0,0.0,0.0,0.0,44.91,8.31,0.0,0.0,6.88,27.96,100.0,True
CAND_02064,Co23.37Fe16.90Mn10.70Mo8.89Ti12.03V28.11,6,0.0,23.37,0.0,0.0,16.9,10.7,8.89,0.0,0.0,12.03,28.11,0.0,100.0,True
CAND_02065,Al34.68Cr12.71Fe15.18Nb25.19V12.24,5,34.68,0.0,12.71,0.0,15.18,0.0,0.0,25.19,0.0,0.0,12.24,0.0,100.0,True
CAND_02066,Fe27.55Mn9.22Nb31.28Ni10.66V21.29,5,0.0,0.0,0.0,0.0,27.55,9.22,0.0,31.28,10.66,0.0,21.29,0.0,100.0,True
CAND_02067,Co8.39Cr37.36Mo6.98Ni19.25V28.02,5,0.0,8.39,37.36,0.0,0.0,0.0,6.98,0.0,19.25,0.0,28.02,0.0,100.0,True
CAND_02068,Co16.56Fe14.64Mo14.72Ni20.94V27.51W5.63,6,0.0,16.56,0.0,0.0,14.64,0.0,14.72,0.0,20.94,0.0,27.51,5.63,100.0,True
CAND_02069,Al33.11Cu10.12Nb42.44V14.33,4,33.11,0.0,0.0,10.12,0.0,0.0,0.0,42.44,0.0,0.0,14.33,0.0,99.99999999999999,True
CAND_02070,Al12.98Cr5.59Cu11.39Nb13.92Ni11.53Ti44.59,6,12.98,0.0,5.59,11.39,0.0,0.0,0.0,13.92,11.53,44.59,0.0,0.0,100.0,True
CAND_02071,Nb39.47Ti23.13V8.41W28.99,4,0.0,0.0,0.0,0.0,0.0,0.0,0.0,39.47,0.0,23.13,8.41,28.99,99.99999999999999,True
CAND_02072,Cu26.62Mn23.22Ni11.27V38.89,4,0.0,0.0,0.0,26.62,0.0,23.22,0.0,0.0,11.27,0.0,38.89,0.0,100.0,True
CAND_02073,Co21.14Mn26.18Mo9.80Nb26.35Ni16.53,5,0.0,21.14,0.0,0.0,0.0,26.18,9.8,26.35,16.53,0.0,0.0,0.0,100.0,True
CAND_02074,Al23.12Cu17.51Fe10.58Nb11.03Ni28.95V8.81,6,23.12,0.0,0.0,17.51,10.58,0.0,0.0,11.03,28.95,0.0,8.81,0.0,100.0,True
CAND_02075,Co6.00Mo25.14Ni41.34V27.52,4,0.0,6.0,0.0,0.0,0.0,0.0,25.14,0.0,41.34,0.0,27.52,0.0,100.0,True
CAND_02076,Cr12.30Fe42.53Mn7.38Mo9.40V28.39,5,0.0,0.0,12.3,0.0,42.53,7.38,9.4,0.0,0.0,0.0,28.39,0.0,100.0,True
CAND_02077,Cu15.96Mn22.97Ni22.58Ti38.49,4,0.0,0.0,0.0,15.96,0.0,22.97,0.0,0.0,22.58,38.49,0.0,0.0,100.0,True
CAND_02078,Al8.67Co23.04Fe31.10W37.19,4,8.67,23.04,0.0,0.0,31.1,0.0,0.0,0.0,0.0,0.0,0.0,37.19,100.0,True
CAND_02079,Co42.32Fe20.90Mn24.42W12.36,4,0.0,42.32,0.0,0.0,20.9,24.42,0.0,0.0,0.0,0.0,0.0,12.36,100.0,True
CAND_02080,Al42.77Cr6.98Cu41.91V8.34,4,42.77,0.0,6.98,41.91,0.0,0.0,0.0,0.0,0.0,0.0,8.34,0.0,100.0,True
CAND_02081,Al8.90Cr38.87Fe9.96Ti8.00W34.27,5,8.9,0.0,38.87,0.0,9.96,0.0,0.0,0.0,0.0,8.0,0.0,34.27,100.0,True
CAND_02082,Co15.85Mn13.21Nb14.02Ni15.60W41.32,5,0.0,15.85,0.0,0.0,0.0,13.21,0.0,14.02,15.6,0.0,0.0,41.32,100.0,True
CAND_02083,Al29.32Cr13.39Mo29.79Ni21.05V6.45,5,29.32,0.0,13.39,0.0,0.0,0.0,29.79,0.0,21.05,0.0,6.45,0.0,100.0,True
CAND_02084,Al23.98Cr18.34Fe28.46Ti15.39V13.83,5,23.98,0.0,18.34,0.0,28.46,0.0,0.0,0.0,0.0,15.39,13.83,0.0,100.0,True
CAND_02085,Co22.48Cr38.83Mo26.25Nb12.44,4,0.0,22.48,38.83,0.0,0.0,0.0,26.25,12.44,0.0,0.0,0.0,0.0,100.0,True
CAND_02086,Al23.26Cr15.46Mo6.09Nb16.67Ni18.42W20.10,6,23.26,0.0,15.46,0.0,0.0,0.0,6.09,16.67,18.42,0.0,0.0,20.1,100.0,True
CAND_02087,Al10.62Co11.68Mn8.12Ni15.76V43.22W10.60,6,10.62,11.68,0.0,0.0,0.0,8.12,0.0,0.0,15.76,0.0,43.22,10.6,99.99999999999999,True
CAND_02088,Al36.99Cu11.43Fe31.41Mo20.17,4,36.99,0.0,0.0,11.43,31.41,0.0,20.17,0.0,0.0,0.0,0.0,0.0,100.0,True
CAND_02089,Cr12.15Fe25.34Mn8.15Ti23.82V20.81W9.73,6,0.0,0.0,12.15,0.0,25.34,8.15,0.0,0.0,0.0,23.82,20.81,9.73,100.00000000000001,True
CAND_02090,Cr35.84Fe34.27Ni16.28V13.61,4,0.0,0.0,35.84,0.0,34.27,0.0,0.0,0.0,16.28,0.0,13.61,0.0,100.00000000000001,True
CAND_02091,Al28.33Co23.62Mn9.06V8.15W30.84,5,28.33,23.62,0.0,0.0,0.0,9.06,0.0,0.0,0.0,0.0,8.15,30.84,100.00000000000001,True
CAND_02092,Cu33.75Nb8.21Ti26.21V15.71W16.12,5,0.0,0.0,0.0,33.75,0.0,0.0,0.0,8.21,0.0,26.21,15.71,16.12,100.0,True
CAND_02093,Co17.82Cu6.74Fe9.61Ni28.16W37.67,5,0.0,17.82,0.0,6.74,9.61,0.0,0.0,0.0,28.16,0.0,0.0,37.67,100.0,True
CAND_02094,Al21.79Fe33.33Mo12.50Ni32.38,4,21.79,0.0,0.0,0.0,33.33,0.0,12.5,0.0,32.38,0.0,0.0,0.0,100.0,True
CAND_02095,Co29.58Cr12.42Mo12.65Nb17.75V13.70W13.90,6,0.0,29.58,12.42,0.0,0.0,0.0,12.65,17.75,0.0,0.0,13.7,13.9,100.00000000000001,True
CAND_02096,Co8.18Cr26.01Cu5.18Fe20.00Ni24.96Ti15.67,6,0.0,8.18,26.01,5.18,20.0,0.0,0.0,0.0,24.96,15.67,0.0,0.0,100.0,True
CAND_02097,Al31.72Co9.45Fe13.79Nb13.69Ni23.54Ti7.81,6,31.72,9.45,0.0,0.0,13.79,0.0,0.0,13.69,23.54,7.81,0.0,0.0,100.0,True
CAND_02098,Cu9.13Fe25.01Nb14.99Ti37.60W13.27,5,0.0,0.0,0.0,9.13,25.01,0.0,0.0,14.99,0.0,37.6,0.0,13.27,100.0,True
CAND_02099,Co11.93Cr17.95Cu20.45Mo10.35Ni31.69V7.63,6,0.0,11.93,17.95,20.45,0.0,0.0,10.35,0.0,31.69,0.0,7.63,0.0,100.0,True
CAND_02100,Co31.02Mo14.20Nb37.41V17.37,4,0.0,31.02,0.0,0.0,0.0,0.0,14.2,37.41,0.0,0.0,17.37,0.0,100.0,True
CAND_02101,Cr17.14Fe33.56Nb13.75Ni15.93V19.62,5,0.0,0.0,17.14,0.0,33.56,0.0,0.0,13.75,15.93,0.0,19.62,0.0,100.0,True
CAND_02102,Cu14.53Mo10.68Nb30.60Ni8.09V13.53W22.57,6,0.0,0.0,0.0,14.53,0.0,0.0,10.68,30.6,8.09,0.0,13.53,22.57,100.0,True
CAND_02103,Mn37.18Mo11.07Nb31.51Ni11.01V9.23,5,0.0,0.0,0.0,0.0,0.0,37.18,11.07,31.51,11.01,0.0,9.23,0.0,100.00000000000001,True
CAND_02104,Co41.08Cr12.96Nb11.81Ni19.73W14.42,5,0.0,41.08,12.96,0.0,0.0,0.0,0.0,11.81,19.73,0.0,0.0,14.42,100.0,True
CAND_02105,Cr30.04Fe36.30Mo10.99V22.67,4,0.0,0.0,30.04,0.0,36.3,0.0,10.99,0.0,0.0,0.0,22.67,0.0,100.0,True
CAND_02106,Cr23.13Cu20.15Mn21.66Ni16.36V18.70,5,0.0,0.0,23.13,20.15,0.0,21.66,0.0,0.0,16.36,0.0,18.7,0.0,100.0,True
CAND_02107,Co20.65Mn24.89Mo6.98Nb20.44Ni20.85V6.19,6,0.0,20.65,0.0,0.0,0.0,24.89,6.98,20.44,20.85,0.0,6.19,0.0,100.0,True
CAND_02108,Al16.10Mo34.79Nb8.32Ti9.84W30.95,5,16.1,0.0,0.0,0.0,0.0,0.0,34.79,8.32,0.0,9.84,0.0,30.95,100.0,True
CAND_02109,Cr28.60Fe25.71Mn9.06Mo12.95Ti7.22V16.46,6,0.0,0.0,28.6,0.0,25.71,9.06,12.95,0.0,0.0,7.22,16.46,0.0,100.0,True
CAND_02110,Co22.72Cr8.06Cu14.31Mn16.18Ni25.21W13.52,6,0.0,22.72,8.06,14.31,0.0,16.18,0.0,0.0,25.21,0.0,0.0,13.52,100.0,True
CAND_02111,Al19.38Co35.48Cr30.06Ti15.08,4,19.38,35.48,30.06,0.0,0.0,0.0,0.0,0.0,0.0,15.08,0.0,0.0,100.0,True
CAND_02112,Al19.81Co23.13Cu29.79Mo9.80Ni17.47,5,19.81,23.13,0.0,29.79,0.0,0.0,9.8,0.0,17.47,0.0,0.0,0.0,99.99999999999999,True
CAND_02113,Al20.32Co22.12Fe10.14Nb20.75V26.67,5,20.32,22.12,0.0,0.0,10.14,0.0,0.0,20.75,0.0,0.0,26.67,0.0,100.0,True
CAND_02114,Al25.22Mn22.87Nb20.48Ti31.43,4,25.22,0.0,0.0,0.0,0.0,22.87,0.0,20.48,0.0,31.43,0.0,0.0,100.0,True
CAND_02115,Al5.72Co16.96Cu15.04Mn32.14Mo10.32Nb19.82,6,5.72,16.96,0.0,15.04,0.0,32.14,10.32,19.82,0.0,0.0,0.0,0.0,100.0,True
CAND_02116,Co23.73Cr5.73Cu37.13Nb22.91Ti10.50,5,0.0,23.73,5.73,37.13,0.0,0.0,0.0,22.91,0.0,10.5,0.0,0.0,100.0,True
CAND_02117,Al14.79Mo19.54Ti21.53V36.60W7.54,5,14.79,0.0,0.0,0.0,0.0,0.0,19.54,0.0,0.0,21.53,36.6,7.54,100.00000000000001,True
CAND_02118,Al31.17Cr5.30Nb9.14Ni19.89V34.50,5,31.17,0.0,5.3,0.0,0.0,0.0,0.0,9.14,19.89,0.0,34.5,0.0,100.0,True
CAND_02119,Cu23.41Fe7.25Mn28.58Ti9.01W31.75,5,0.0,0.0,0.0,23.41,7.25,28.58,0.0,0.0,0.0,9.01,0.0,31.75,100.0,True
CAND_02120,Fe15.71Mn21.89Mo34.82Ni27.58,4,0.0,0.0,0.0,0.0,15.71,21.89,34.82,0.0,27.58,0.0,0.0,0.0,100.0,True
CAND_02121,Co6.49Cu12.04Fe18.08Nb26.32V37.07,5,0.0,6.49,0.0,12.04,18.08,0.0,0.0,26.32,0.0,0.0,37.07,0.0,100.0,True
CAND_02122,Co14.92Cr8.67Ni25.74Ti37.49V13.18,5,0.0,14.92,8.67,0.0,0.0,0.0,0.0,0.0,25.74,37.49,13.18,0.0,100.0,True
CAND_02123,Al12.64Co7.28Fe23.50Mn6.35Nb21.87W28.36,6,12.64,7.28,0.0,0.0,23.5,6.35,0.0,21.87,0.0,0.0,0.0,28.36,100.0,True
CAND_02124,Mn12.44Mo11.14Ni44.03Ti17.30V9.08W6.01,6,0.0,0.0,0.0,0.0,0.0,12.44,11.14,0.0,44.03,17.3,9.08,6.01,100.0,True
CAND_02125,Co12.13Cr14.06Fe20.32Mn8.64Nb17.62W27.23,6,0.0,12.13,14.06,0.0,20.32,8.64,0.0,17.62,0.0,0.0,0.0,27.23,100.00000000000001,True
CAND_02126,Cu22.11Mn7.04Mo17.30Ti7.01V10.27W36.27,6,0.0,0.0,0.0,22.11,0.0,7.04,17.3,0.0,0.0,7.01,10.27,36.27,100.0,True
CAND_02127,Cr35.91Cu10.41Mn28.11Nb7.52V6.60W11.45,6,0.0,0.0,35.91,10.41,0.0,28.11,0.0,7.52,0.0,0.0,6.6,11.45,99.99999999999999,True
CAND_02128,Co17.14Cr19.63Cu20.27Mn12.24Ti17.82W12.90,6,0.0,17.14,19.63,20.27,0.0,12.24,0.0,0.0,0.0,17.82,0.0,12.9,100.0,True
CAND_02129,Al9.93Cu6.12Mn21.69Ni9.45Ti15.03V37.78,6,9.93,0.0,0.0,6.12,0.0,21.69,0.0,0.0,9.45,15.03,37.78,0.0,100.0,True
CAND_02130,Al13.30Co14.18Fe9.16Mo12.73Nb23.06W27.57,6,13.3,14.18,0.0,0.0,9.16,0.0,12.73,23.06,0.0,0.0,0.0,27.57,100.0,True
CAND_02131,Cu23.05Mn11.87Ti43.16V21.92,4,0.0,0.0,0.0,23.05,0.0,11.87,0.0,0.0,0.0,43.16,21.92,0.0,100.0,True
CAND_02132,Co25.91Cu31.74Fe14.35Mn8.84Ti8.80V10.36,6,0.0,25.91,0.0,31.74,14.35,8.84,0.0,0.0,0.0,8.8,10.36,0.0,100.0,True
CAND_02133,Al40.29Co10.19Cu21.98Mo6.15V21.39,5,40.29,10.19,0.0,21.98,0.0,0.0,6.15,0.0,0.0,0.0,21.39,0.0,100.0,True
CAND_02134,Mo23.10Ti30.51V28.27W18.12,4,0.0,0.0,0.0,0.0,0.0,0.0,23.1,0.0,0.0,30.51,28.27,18.12,100.0,True
CAND_02135,Al44.18Cu6.23Mn17.57Ti17.53V14.49,5,44.18,0.0,0.0,6.23,0.0,17.57,0.0,0.0,0.0,17.53,14.49,0.0,99.99999999999999,True
CAND_02136,Cr20.17Cu6.92Mn10.33Mo29.78Ni19.74W13.06,6,0.0,0.0,20.17,6.92,0.0,10.33,29.78,0.0,19.74,0.0,0.0,13.06,100.0,True
CAND_02137,Al18.37Cr36.64Nb15.18Ti24.76W5.05,5,18.37,0.0,36.64,0.0,0.0,0.0,0.0,15.18,0.0,24.76,0.0,5.05,100.0,True
CAND_02138,Fe41.99Mo18.24Nb8.06Ti31.71,4,0.0,0.0,0.0,0.0,41.99,0.0,18.24,8.06,0.0,31.71,0.0,0.0,100.0,True
CAND_02139,Al15.15Co15.42Cr12.61Fe17.18W39.64,5,15.15,15.42,12.61,0.0,17.18,0.0,0.0,0.0,0.0,0.0,0.0,39.64,100.0,True
CAND_02140,Al14.75Cr28.69Cu17.73Mo12.35Nb19.06Ti7.42,6,14.75,0.0,28.69,17.73,0.0,0.0,12.35,19.06,0.0,7.42,0.0,0.0,100.0,True
CAND_02141,Fe32.08Mo22.16Ni33.21V6.20W6.35,5,0.0,0.0,0.0,0.0,32.08,0.0,22.16,0.0,33.21,0.0,6.2,6.35,99.99999999999999,True
CAND_02142,Cu29.53Mn12.80Mo10.12Nb27.84V19.71,5,0.0,0.0,0.0,29.53,0.0,12.8,10.12,27.84,0.0,0.0,19.71,0.0,100.0,True
CAND_02143,Al43.53Mn26.77Nb17.54Ni12.16,4,43.53,0.0,0.0,0.0,0.0,26.77,0.0,17.54,12.16,0.0,0.0,0.0,100.0,True
CAND_02144,Cu9.25Fe14.98Mo25.82Nb33.31Ni16.64,5,0.0,0.0,0.0,9.25,14.98,0.0,25.82,33.31,16.64,0.0,0.0,0.0,100.0,True
CAND_02145,Al16.45Fe37.04Mn20.00Nb26.51,4,16.45,0.0,0.0,0.0,37.04,20.0,0.0,26.51,0.0,0.0,0.0,0.0,100.0,True
CAND_02146,Co24.71Cu20.73Ni18.51V17.14W18.91,5,0.0,24.71,0.0,20.73,0.0,0.0,0.0,0.0,18.51,0.0,17.14,18.91,100.0,True
CAND_02147,Co16.13Cr37.61Mo28.60V9.93W7.73,5,0.0,16.13,37.61,0.0,0.0,0.0,28.6,0.0,0.0,0.0,9.93,7.73,100.00000000000001,True
CAND_02148,Cu17.06Mn12.18Ni36.07V34.69,4,0.0,0.0,0.0,17.06,0.0,12.18,0.0,0.0,36.07,0.0,34.69,0.0,100.0,True
CAND_02149,Al31.25Cr6.38Fe16.90Mo5.49Ni19.44Ti20.54,6,31.25,0.0,6.38,0.0,16.9,0.0,5.49,0.0,19.44,20.54,0.0,0.0,100.0,True
CAND_02150,Co35.76Mo7.92Nb9.30Ni18.13Ti8.58W20.31,6,0.0,35.76,0.0,0.0,0.0,0.0,7.92,9.3,18.13,8.58,0.0,20.31,100.0,True
CAND_02151,Cu39.34Mn18.90Mo29.52W12.24,4,0.0,0.0,0.0,39.34,0.0,18.9,29.52,0.0,0.0,0.0,0.0,12.24,100.0,True
CAND_02152,Co10.53Cu20.54Fe9.21Ni17.79V41.93,5,0.0,10.53,0.0,20.54,9.21,0.0,0.0,0.0,17.79,0.0,41.93,0.0,100.0,True
CAND_02153,Co37.82Cu24.86Fe10.95Mo7.43Ti11.55W7.39,6,0.0,37.82,0.0,24.86,10.95,0.0,7.43,0.0,0.0,11.55,0.0,7.39,100.0,True
CAND_02154,Al19.70Cr15.57Mo12.82Ni17.52V23.19W11.20,6,19.7,0.0,15.57,0.0,0.0,0.0,12.82,0.0,17.52,0.0,23.19,11.2,100.0,True
CAND_02155,Co7.71Cr7.95Mn22.31Ti17.61V44.42,5,0.0,7.71,7.95,0.0,0.0,22.31,0.0,0.0,0.0,17.61,44.42,0.0,100.0,True
CAND_02156,Al44.04Cr13.99Cu8.33Mn8.92Mo8.03Nb16.69,6,44.04,0.0,13.99,8.33,0.0,8.92,8.03,16.69,0.0,0.0,0.0,0.0,100.0,True
CAND_02157,Cr19.43Nb22.90Ni24.12Ti33.55,4,0.0,0.0,19.43,0.0,0.0,0.0,0.0,22.9,24.12,33.55,0.0,0.0,100.0,True
CAND_02158,Cu41.53Mo5.41Nb22.89V30.17,4,0.0,0.0,0.0,41.53,0.0,0.0,5.41,22.89,0.0,0.0,30.17,0.0,100.0,True
CAND_02159,Co19.32Mn20.56Nb22.11Ni38.01,4,0.0,19.32,0.0,0.0,0.0,20.56,0.0,22.11,38.01,0.0,0.0,0.0,100.0,True
CAND_02160,Co38.66Cr18.10Cu15.23Mn10.25Mo17.76,5,0.0,38.66,18.1,15.23,0.0,10.25,17.76,0.0,0.0,0.0,0.0,0.0,100.0,True
CAND_02161,Cr26.03Cu14.92Fe10.01Mo17.11Nb16.96V14.97,6,0.0,0.0,26.03,14.92,10.01,0.0,17.11,16.96,0.0,0.0,14.97,0.0,100.0,True
CAND_02162,Cr15.55Cu24.96Fe12.92Mn10.96Mo13.25Ni22.36,6,0.0,0.0,15.55,24.96,12.92,10.96,13.25,0.0,22.36,0.0,0.0,0.0,100.00000000000001,True
CAND_02163,Co7.59Cu26.71Fe23.03Mn10.89Nb12.86Ti18.92,6,0.0,7.59,0.0,26.71,23.03,10.89,0.0,12.86,0.0,18.92,0.0,0.0,100.0,True
CAND_02164,Mo29.07Ni24.96Ti28.35V17.62,4,0.0,0.0,0.0,0.0,0.0,0.0,29.07,0.0,24.96,28.35,17.62,0.0,100.0,True
CAND_02165,Al11.24Fe11.73Mo16.89Ti35.87W24.27,5,11.24,0.0,0.0,0.0,11.73,0.0,16.89,0.0,0.0,35.87,0.0,24.27,99.99999999999999,True
CAND_02166,Cr14.79Cu23.03Ni29.56Ti7.66V24.96,5,0.0,0.0,14.79,23.03,0.0,0.0,0.0,0.0,29.56,7.66,24.96,0.0,100.0,True
CAND_02167,Co21.09Mo14.33Ni24.65Ti10.73V29.20,5,0.0,21.09,0.0,0.0,0.0,0.0,14.33,0.0,24.65,10.73,29.2,0.0,100.0,True
CAND_02168,Fe20.28Mn13.27Ti31.00W35.45,4,0.0,0.0,0.0,0.0,20.28,13.27,0.0,0.0,0.0,31.0,0.0,35.45,100.0,True
CAND_02169,Al24.69Co31.34Cu20.85Nb8.80V14.32,5,24.69,31.34,0.0,20.85,0.0,0.0,0.0,8.8,0.0,0.0,14.32,0.0,100.0,True
CAND_02170,Al10.70Cr21.49Cu28.93Fe17.40Mo8.21Ni13.27,6,10.7,0.0,21.49,28.93,17.4,0.0,8.21,0.0,13.27,0.0,0.0,0.0,99.99999999999999,True
CAND_02171,Al12.55Cu14.57Fe13.49Mo14.72Ni25.39W19.28,6,12.55,0.0,0.0,14.57,13.49,0.0,14.72,0.0,25.39,0.0,0.0,19.28,100.0,True
CAND_02172,Al8.21Cu17.79Fe15.63Nb37.05Ti12.92W8.40,6,8.21,0.0,0.0,17.79,15.63,0.0,0.0,37.05,0.0,12.92,0.0,8.4,100.00000000000001,True
CAND_02173,Al10.87Co22.62Cr38.40Mo15.53W12.58,5,10.87,22.62,38.4,0.0,0.0,0.0,15.53,0.0,0.0,0.0,0.0,12.58,100.0,True
CAND_02174,Cr15.57Fe25.58Mn15.03Mo6.48Ti37.34,5,0.0,0.0,15.57,0.0,25.58,15.03,6.48,0.0,0.0,37.34,0.0,0.0,100.0,True
CAND_02175,Cr7.56Fe8.86Mn12.27Nb18.50Ti25.43V27.38,6,0.0,0.0,7.56,0.0,8.86,12.27,0.0,18.5,0.0,25.43,27.38,0.0,100.0,True
CAND_02176,Cu31.44Fe9.57Mo20.25Nb7.85Ni16.34Ti14.55,6,0.0,0.0,0.0,31.44,9.57,0.0,20.25,7.85,16.34,14.55,0.0,0.0,100.0,True
CAND_02177,Cu16.05Fe27.04Ti42.80W14.11,4,0.0,0.0,0.0,16.05,27.04,0.0,0.0,0.0,0.0,42.8,0.0,14.11,100.0,True
CAND_02178,Co14.87Cr43.86Mo28.25Ti13.02,4,0.0,14.87,43.86,0.0,0.0,0.0,28.25,0.0,0.0,13.02,0.0,0.0,99.99999999999999,True
CAND_02179,Cr26.48Cu8.41Fe13.16Mn34.95Mo17.00,5,0.0,0.0,26.48,8.41,13.16,34.95,17.0,0.0,0.0,0.0,0.0,0.0,100.0,True
CAND_02180,Fe18.18Mn31.33Nb10.18Ni22.65Ti9.32W8.34,6,0.0,0.0,0.0,0.0,18.18,31.33,0.0,10.18,22.65,9.32,0.0,8.34,100.0,True
CAND_02181,Cr40.70Cu30.99Nb21.98V6.33,4,0.0,0.0,40.7,30.99,0.0,0.0,0.0,21.98,0.0,0.0,6.33,0.0,100.0,True
CAND_02182,Al10.57Co18.15Fe17.56Nb26.46V27.26,5,10.57,18.15,0.0,0.0,17.56,0.0,0.0,26.46,0.0,0.0,27.26,0.0,100.00000000000001,True
CAND_02183,Al11.27Mn22.52Mo25.19Nb20.16W20.86,5,11.27,0.0,0.0,0.0,0.0,22.52,25.19,20.16,0.0,0.0,0.0,20.86,100.0,True
CAND_02184,Al8.52Co20.46Cu9.22Fe16.67Nb31.02Ni14.11,6,8.52,20.46,0.0,9.22,16.67,0.0,0.0,31.02,14.11,0.0,0.0,0.0,100.0,True
CAND_02185,Al12.40Co14.34Cu23.57Fe23.57Nb16.98W9.14,6,12.4,14.34,0.0,23.57,23.57,0.0,0.0,16.98,0.0,0.0,0.0,9.14,100.0,True
CAND_02186,Al6.28Co20.09Cr9.97Cu8.81Mn40.22V14.63,6,6.28,20.09,9.97,8.81,0.0,40.22,0.0,0.0,0.0,0.0,14.63,0.0,100.0,True
CAND_02187,Cu30.07Fe14.81Mo6.22Nb33.75Ni5.03W10.12,6,0.0,0.0,0.0,30.07,14.81,0.0,6.22,33.75,5.03,0.0,0.0,10.12,100.0,True
CAND_02188,Co17.54Cr22.16Fe28.58Mn8.70Mo7.27V15.75,6,0.0,17.54,22.16,0.0,28.58,8.7,7.27,0.0,0.0,0.0,15.75,0.0,100.0,True
CAND_02189,Co7.95Cr10.90Mn9.41Mo16.72Ni31.83Ti23.19,6,0.0,7.95,10.9,0.0,0.0,9.41,16.72,0.0,31.83,23.19,0.0,0.0,100.0,True
CAND_02190,Al22.16Co5.06Ti35.66V37.12,4,22.16,5.06,0.0,0.0,0.0,0.0,0.0,0.0,0.0,35.66,37.12,0.0,100.0,True
CAND_02191,Co20.43Cr16.59Fe7.72Mo18.08Ni21.55V15.63,6,0.0,20.43,16.59,0.0,7.72,0.0,18.08,0.0,21.55,0.0,15.63,0.0,99.99999999999999,True
CAND_02192,Fe37.39Mn8.91Mo22.51Nb31.19,4,0.0,0.0,0.0,0.0,37.39,8.91,22.51,31.19,0.0,0.0,0.0,0.0,100.0,True
CAND_02193,Cu37.60Mn10.99Mo7.54Ni9.76Ti19.68W14.43,6,0.0,0.0,0.0,37.6,0.0,10.99,7.54,0.0,9.76,19.68,0.0,14.43,100.0,True
CAND_02194,Al11.95Cr21.67Cu29.98Mn8.84Ni15.92Ti11.64,6,11.95,0.0,21.67,29.98,0.0,8.84,0.0,0.0,15.92,11.64,0.0,0.0,100.00000000000001,True
CAND_02195,Cu39.54Mn20.02Ni6.28Ti9.48V12.81W11.87,6,0.0,0.0,0.0,39.54,0.0,20.02,0.0,0.0,6.28,9.48,12.81,11.87,100.00000000000001,True
CAND_02196,Al18.31Cr7.20Mn33.67Mo19.66W21.16,5,18.31,0.0,7.2,0.0,0.0,33.67,19.66,0.0,0.0,0.0,0.0,21.16,100.0,True
CAND_02197,Fe19.21Mo33.30Ti20.55W26.94,4,0.0,0.0,0.0,0.0,19.21,0.0,33.3,0.0,0.0,20.55,0.0,26.94,100.0,True
CAND_02198,Al28.24Co30.56Cr5.47Cu16.55Mo14.09Nb5.09,6,28.24,30.56,5.47,16.55,0.0,0.0,14.09,5.09,0.0,0.0,0.0,0.0,100.0,True
CAND_02199,Cr10.48Mo15.12Nb7.77Ti16.23V41.71W8.69,6,0.0,0.0,10.48,0.0,0.0,0.0,15.12,7.77,0.0,16.23,41.71,8.69,100.0,True
CAND_02200,Al26.26Mn8.75Nb32.04Ti11.99W20.96,5,26.26,0.0,0.0,0.0,0.0,8.75,0.0,32.04,0.0,11.99,0.0,20.96,100.0,True
CAND_02201,Co10.74Cr23.04Ni17.17Ti12.50V13.65W22.90,6,0.0,10.74,23.04,0.0,0.0,0.0,0.0,0.0,17.17,12.5,13.65,22.9,100.0,True
CAND_02202,Cr28.90Fe7.05Mn22.95Ti7.29V9.38W24.43,6,0.0,0.0,28.9,0.0,7.05,22.95,0.0,0.0,0.0,7.29,9.38,24.43,100.0,True
CAND_02203,Cu40.87Mn19.53Nb14.49Ti25.11,4,0.0,0.0,0.0,40.87,0.0,19.53,0.0,14.49,0.0,25.11,0.0,0.0,100.0,True
CAND_02204,Mn14.14Nb14.60Ni23.61Ti13.30V24.60W9.75,6,0.0,0.0,0.0,0.0,0.0,14.14,0.0,14.6,23.61,13.3,24.6,9.75,100.0,True
CAND_02205,Al22.67Cr7.05Cu25.73Fe9.60Mo17.75V17.20,6,22.67,0.0,7.05,25.73,9.6,0.0,17.75,0.0,0.0,0.0,17.2,0.0,100.0,True
CAND_02206,Al27.29Co15.78Cr16.90Nb30.44W9.59,5,27.29,15.78,16.9,0.0,0.0,0.0,0.0,30.44,0.0,0.0,0.0,9.59,100.0,True
CAND_02207,Cr24.42Cu19.47Mo21.16Nb25.80W9.15,5,0.0,0.0,24.42,19.47,0.0,0.0,21.16,25.8,0.0,0.0,0.0,9.15,100.0,True
CAND_02208,Co13.71Cu11.30Mo20.21Ni37.39V17.39,5,0.0,13.71,0.0,11.3,0.0,0.0,20.21,0.0,37.39,0.0,17.39,0.0,100.0,True
CAND_02209,Al7.06Cr15.67Cu27.57Fe8.75Mn30.71Ni10.24,6,7.06,0.0,15.67,27.57,8.75,30.71,0.0,0.0,10.24,0.0,0.0,0.0,99.99999999999999,True
CAND_02210,Al44.40Co29.14Ti11.47V14.99,4,44.4,29.14,0.0,0.0,0.0,0.0,0.0,0.0,0.0,11.47,14.99,0.0,99.99999999999999,True
CAND_02211,Co9.66Cu12.21Fe10.79Mo35.03V20.47W11.84,6,0.0,9.66,0.0,12.21,10.79,0.0,35.03,0.0,0.0,0.0,20.47,11.84,100.0,True
CAND_02212,Al37.89Cr42.43Cu12.90Ni6.78,4,37.89,0.0,42.43,12.9,0.0,0.0,0.0,0.0,6.78,0.0,0.0,0.0,100.0,True
CAND_02213,Al30.36Mn35.31Mo10.94Nb13.18V10.21,5,30.36,0.0,0.0,0.0,0.0,35.31,10.94,13.18,0.0,0.0,10.21,0.0,100.0,True
CAND_02214,Al25.33Co9.18Fe38.93Ti5.54V21.02,5,25.33,9.18,0.0,0.0,38.93,0.0,0.0,0.0,0.0,5.54,21.02,0.0,100.0,True
CAND_02215,Al31.20Mn22.19Ti16.25W30.36,4,31.2,0.0,0.0,0.0,0.0,22.19,0.0,0.0,0.0,16.25,0.0,30.36,100.0,True
CAND_02216,Al7.69Cu8.23Fe31.44Mn12.37Ti40.27,5,7.69,0.0,0.0,8.23,31.44,12.37,0.0,0.0,0.0,40.27,0.0,0.0,100.0,True
CAND_02217,Cu17.56Mo12.31Ti30.05V19.35W20.73,5,0.0,0.0,0.0,17.56,0.0,0.0,12.31,0.0,0.0,30.05,19.35,20.73,100.00000000000001,True
CAND_02218,Cu17.01Fe26.44Mn29.16Ni27.39,4,0.0,0.0,0.0,17.01,26.44,29.16,0.0,0.0,27.39,0.0,0.0,0.0,100.0,True
CAND_02219,Mo6.11Ni24.06Ti27.06V42.77,4,0.0,0.0,0.0,0.0,0.0,0.0,6.11,0.0,24.06,27.06,42.77,0.0,100.0,True
CAND_02220,Cr30.28Mo17.31Ti35.49V16.92,4,0.0,0.0,30.28,0.0,0.0,0.0,17.31,0.0,0.0,35.49,16.92,0.0,100.00000000000001,True
CAND_02221,Mn13.11Ni29.84Ti16.71V40.34,4,0.0,0.0,0.0,0.0,0.0,13.11,0.0,0.0,29.84,16.71,40.34,0.0,100.0,True
CAND_02222,Al21.13Cr31.45Mo14.14Ni18.07W15.21,5,21.13,0.0,31.45,0.0,0.0,0.0,14.14,0.0,18.07,0.0,0.0,15.21,100.0,True
CAND_02223,Co18.69Cu5.70Fe39.91V35.70,4,0.0,18.69,0.0,5.7,39.91,0.0,0.0,0.0,0.0,0.0,35.7,0.0,100.0,True
CAND_02224,Al13.26Cu16.25Fe34.57Mo7.43Nb13.72Ni14.77,6,13.26,0.0,0.0,16.25,34.57,0.0,7.43,13.72,14.77,0.0,0.0,0.0,99.99999999999999,True
CAND_02225,Al27.90Co14.16Mo7.62Ti22.60V27.72,5,27.9,14.16,0.0,0.0,0.0,0.0,7.62,0.0,0.0,22.6,27.72,0.0,100.0,True
CAND_02226,Co15.19Fe21.20Mn21.60Mo11.56Ni30.45,5,0.0,15.19,0.0,0.0,21.2,21.6,11.56,0.0,30.45,0.0,0.0,0.0,100.0,True
CAND_02227,Co11.98Cu7.31Mn26.85Ti14.31V20.83W18.72,6,0.0,11.98,0.0,7.31,0.0,26.85,0.0,0.0,0.0,14.31,20.83,18.72,100.0,True
CAND_02228,Cr20.82Fe5.04Mo27.26Nb40.98V5.90,5,0.0,0.0,20.82,0.0,5.04,0.0,27.26,40.98,0.0,0.0,5.9,0.0,100.0,True
CAND_02229,Al5.91Co29.73Cu18.43Fe17.29Mo11.91W16.73,6,5.91,29.73,0.0,18.43,17.29,0.0,11.91,0.0,0.0,0.0,0.0,16.73,100.0,True
CAND_02230,Al27.38Mn35.33Nb12.71Ni24.58,4,27.38,0.0,0.0,0.0,0.0,35.33,0.0,12.71,24.58,0.0,0.0,0.0,99.99999999999999,True
CAND_02231,Co28.79Fe16.58Mn11.41Mo35.72Ni7.50,5,0.0,28.79,0.0,0.0,16.58,11.41,35.72,0.0,7.5,0.0,0.0,0.0,100.0,True
CAND_02232,Cr43.28Fe10.41Nb7.33Ti16.20V22.78,5,0.0,0.0,43.28,0.0,10.41,0.0,0.0,7.33,0.0,16.2,22.78,0.0,100.0,True
CAND_02233,Co38.21Cr8.60Cu11.52Mo16.54V14.92W10.21,6,0.0,38.21,8.6,11.52,0.0,0.0,16.54,0.0,0.0,0.0,14.92,10.21,100.0,True
CAND_02234,Co19.32Cu9.12Fe7.99Mo35.14Nb11.69Ni16.74,6,0.0,19.32,0.0,9.12,7.99,0.0,35.14,11.69,16.74,0.0,0.0,0.0,99.99999999999999,True
CAND_02235,Al23.46Nb32.59Ti28.22V7.27W8.46,5,23.46,0.0,0.0,0.0,0.0,0.0,0.0,32.59,0.0,28.22,7.27,8.46,100.0,True
CAND_02236,Al16.59Mn9.67Nb10.86Ni24.73Ti38.15,5,16.59,0.0,0.0,0.0,0.0,9.67,0.0,10.86,24.73,38.15,0.0,0.0,100.0,True
CAND_02237,Fe9.68Mn17.68Mo17.52Nb38.42Ni6.30V10.40,6,0.0,0.0,0.0,0.0,9.68,17.68,17.52,38.42,6.3,0.0,10.4,0.0,100.0,True
CAND_02238,Al23.67Cr27.04Cu9.63Fe7.76Mo31.90,5,23.67,0.0,27.04,9.63,7.76,0.0,31.9,0.0,0.0,0.0,0.0,0.0,100.0,True
CAND_02239,Co11.10Cr19.11Mo6.36Ni33.68Ti29.75,5,0.0,11.1,19.11,0.0,0.0,0.0,6.36,0.0,33.68,29.75,0.0,0.0,100.0,True
CAND_02240,Co7.64Cr22.06Nb40.47W29.83,4,0.0,7.64,22.06,0.0,0.0,0.0,0.0,40.47,0.0,0.0,0.0,29.83,100.0,True
CAND_02241,Al30.25Fe26.92Ni15.75V27.08,4,30.25,0.0,0.0,0.0,26.92,0.0,0.0,0.0,15.75,0.0,27.08,0.0,100.0,True
CAND_02242,Cr6.79Cu8.82Fe27.12Mn19.00Mo13.03V25.24,6,0.0,0.0,6.79,8.82,27.12,19.0,13.03,0.0,0.0,0.0,25.24,0.0,100.0,True
CAND_02243,Co17.51Cr5.49Mo8.93Ni39.12W28.95,5,0.0,17.51,5.49,0.0,0.0,0.0,8.93,0.0,39.12,0.0,0.0,28.95,100.0,True
CAND_02244,Al25.32Cu36.05Fe6.04Mn8.98Nb23.61,5,25.32,0.0,0.0,36.05,6.04,8.98,0.0,23.61,0.0,0.0,0.0,0.0,100.0,True
CAND_02245,Al13.22Cr7.63Cu8.24Mo34.61Ni16.02V20.28,6,13.22,0.0,7.63,8.24,0.0,0.0,34.61,0.0,16.02,0.0,20.28,0.0,100.0,True
CAND_02246,Cr38.72Mn30.68Ti10.37V20.23,4,0.0,0.0,38.72,0.0,0.0,30.68,0.0,0.0,0.0,10.37,20.23,0.0,100.00000000000001,True
CAND_02247,Co14.76Fe18.70Mn5.20Ni32.68Ti9.66V19.00,6,0.0,14.76,0.0,0.0,18.7,5.2,0.0,0.0,32.68,9.66,19.0,0.0,100.0,True
CAND_02248,Al10.89Mn17.29Mo44.16Nb27.66,4,10.89,0.0,0.0,0.0,0.0,17.29,44.16,27.66,0.0,0.0,0.0,0.0,100.0,True
CAND_02249,Fe29.42Mo25.49Nb14.96Ti25.11W5.02,5,0.0,0.0,0.0,0.0,29.42,0.0,25.49,14.96,0.0,25.11,0.0,5.02,100.0,True
CAND_02250,Al20.78Cr19.82Fe14.20Mo31.96Nb13.24,5,20.78,0.0,19.82,0.0,14.2,0.0,31.96,13.24,0.0,0.0,0.0,0.0,99.99999999999999,True
CAND_02251,Co13.81Cu9.70Fe17.61Mn5.11Mo24.79Ni28.98,6,0.0,13.81,0.0,9.7,17.61,5.11,24.79,0.0,28.98,0.0,0.0,0.0,100.0,True
CAND_02252,Co9.84Cu7.35Fe6.52Ni9.32V23.90W43.07,6,0.0,9.84,0.0,7.35,6.52,0.0,0.0,0.0,9.32,0.0,23.9,43.07,100.0,True
CAND_02253,Al5.99Co36.38Fe43.39Mo14.24,4,5.99,36.38,0.0,0.0,43.39,0.0,14.24,0.0,0.0,0.0,0.0,0.0,100.0,True
CAND_02254,Cr17.68Cu7.32Mn11.59Mo11.37V40.34W11.70,6,0.0,0.0,17.68,7.32,0.0,11.59,11.37,0.0,0.0,0.0,40.34,11.7,100.00000000000001,True
CAND_02255,Al6.87Co18.07Mn19.11Mo19.29W36.66,5,6.87,18.07,0.0,0.0,0.0,19.11,19.29,0.0,0.0,0.0,0.0,36.66,100.0,True
CAND_02256,Al10.84Cr16.73Cu18.32Nb8.90Ti17.08W28.13,6,10.84,0.0,16.73,18.32,0.0,0.0,0.0,8.9,0.0,17.08,0.0,28.13,100.0,True
CAND_02257,Cu10.99Fe13.00Ni6.85Ti13.75V17.00W38.41,6,0.0,0.0,0.0,10.99,13.0,0.0,0.0,0.0,6.85,13.75,17.0,38.41,100.0,True
CAND_02258,Mo14.73Ti20.08V21.16W44.03,4,0.0,0.0,0.0,0.0,0.0,0.0,14.73,0.0,0.0,20.08,21.16,44.03,100.0,True
CAND_02259,Al26.90Cu19.61Mo16.82Nb6.50Ni8.90V21.27,6,26.9,0.0,0.0,19.61,0.0,0.0,16.82,6.5,8.9,0.0,21.27,0.0,100.0,True
CAND_02260,Al11.60Fe13.09Ni28.38Ti37.38W9.55,5,11.6,0.0,0.0,0.0,13.09,0.0,0.0,0.0,28.38,37.38,0.0,9.55,99.99999999999999,True
CAND_02261,Cr10.83Cu30.61Fe20.61Mo23.92V14.03,5,0.0,0.0,10.83,30.61,20.61,0.0,23.92,0.0,0.0,0.0,14.03,0.0,100.0,True
CAND_02262,Fe5.41Mn34.80Ni21.14Ti38.65,4,0.0,0.0,0.0,0.0,5.41,34.8,0.0,0.0,21.14,38.65,0.0,0.0,100.0,True
CAND_02263,Al33.95Cu7.88Fe14.84Mn43.33,4,33.95,0.0,0.0,7.88,14.84,43.33,0.0,0.0,0.0,0.0,0.0,0.0,100.0,True
CAND_02264,Co25.25Cu10.16Mn37.55Ti27.04,4,0.0,25.25,0.0,10.16,0.0,37.55,0.0,0.0,0.0,27.04,0.0,0.0,100.0,True
CAND_02265,Cr26.99Cu11.90Nb22.25Ti38.86,4,0.0,0.0,26.99,11.9,0.0,0.0,0.0,22.25,0.0,38.86,0.0,0.0,100.0,True
CAND_02266,Al22.65Fe10.38Mo23.25Ni31.85Ti11.87,5,22.65,0.0,0.0,0.0,10.38,0.0,23.25,0.0,31.85,11.87,0.0,0.0,100.0,True
CAND_02267,Cu21.47Mo16.12Nb30.27V32.14,4,0.0,0.0,0.0,21.47,0.0,0.0,16.12,30.27,0.0,0.0,32.14,0.0,100.0,True
CAND_02268,Al24.78Cu13.41Nb30.26Ni16.08W15.47,5,24.78,0.0,0.0,13.41,0.0,0.0,0.0,30.26,16.08,0.0,0.0,15.47,100.0,True
CAND_02269,Al19.76Fe33.94Mn17.97Mo10.04V18.29,5,19.76,0.0,0.0,0.0,33.94,17.97,10.04,0.0,0.0,0.0,18.29,0.0,100.0,True
CAND_02270,Al21.57Cu9.47Mo35.38Ni33.58,4,21.57,0.0,0.0,9.47,0.0,0.0,35.38,0.0,33.58,0.0,0.0,0.0,100.0,True
CAND_02271,Al5.21Cr11.88Mn24.64Ni27.17Ti25.39V5.71,6,5.21,0.0,11.88,0.0,0.0,24.64,0.0,0.0,27.17,25.39,5.71,0.0,100.0,True
CAND_02272,Cu6.93Fe24.90Mn20.05Ni29.47V18.65,5,0.0,0.0,0.0,6.93,24.9,20.05,0.0,0.0,29.47,0.0,18.65,0.0,100.0,True
CAND_02273,Al24.32Co36.49Mo18.42Ni9.90Ti10.87,5,24.32,36.49,0.0,0.0,0.0,0.0,18.42,0.0,9.9,10.87,0.0,0.0,100.00000000000001,True
CAND_02274,Cr13.52Fe20.16Mn11.56Mo27.26Ni6.14V21.36,6,0.0,0.0,13.52,0.0,20.16,11.56,27.26,0.0,6.14,0.0,21.36,0.0,100.0,True
CAND_02275,Mn15.07Mo20.58Ni32.10Ti16.68V15.57,5,0.0,0.0,0.0,0.0,0.0,15.07,20.58,0.0,32.1,16.68,15.57,0.0,100.0,True
CAND_02276,Al9.42Cr30.08Mo20.04Nb11.33V15.15W13.98,6,9.42,0.0,30.08,0.0,0.0,0.0,20.04,11.33,0.0,0.0,15.15,13.98,100.00000000000001,True
CAND_02277,Cr17.46Cu13.91Fe19.09Mo15.27W34.27,5,0.0,0.0,17.46,13.91,19.09,0.0,15.27,0.0,0.0,0.0,0.0,34.27,100.0,True
CAND_02278,Co19.93Cr15.21Ti35.41V29.45,4,0.0,19.93,15.21,0.0,0.0,0.0,0.0,0.0,0.0,35.41,29.45,0.0,100.0,True
CAND_02279,Co5.99Cu26.49Mn28.09Ti17.65V8.88W12.90,6,0.0,5.99,0.0,26.49,0.0,28.09,0.0,0.0,0.0,17.65,8.88,12.9,100.0,True
CAND_02280,Co18.19Mn26.86Mo31.73V23.22,4,0.0,18.19,0.0,0.0,0.0,26.86,31.73,0.0,0.0,0.0,23.22,0.0,100.0,True
CAND_02281,Cr9.85Cu6.61Mn34.11Mo12.73V23.16W13.54,6,0.0,0.0,9.85,6.61,0.0,34.11,12.73,0.0,0.0,0.0,23.16,13.54,100.0,True
CAND_02282,Co35.14Fe10.13Mn15.11Mo15.95Nb8.33Ti15.34,6,0.0,35.14,0.0,0.0,10.13,15.11,15.95,8.33,0.0,15.34,0.0,0.0,100.0,True
CAND_02283,Al24.27Fe18.98Ti17.08V8.34W31.33,5,24.27,0.0,0.0,0.0,18.98,0.0,0.0,0.0,0.0,17.08,8.34,31.33,100.0,True
CAND_02284,Al11.11Co8.28Cu21.54Fe10.72Ni18.29W30.06,6,11.11,8.28,0.0,21.54,10.72,0.0,0.0,0.0,18.29,0.0,0.0,30.06,100.0,True
CAND_02285,Al12.52Co18.80Ni27.05V41.63,4,12.52,18.8,0.0,0.0,0.0,0.0,0.0,0.0,27.05,0.0,41.63,0.0,100.0,True
CAND_02286,Co11.95Mo30.71Nb20.00Ti9.32V28.02,5,0.0,11.95,0.0,0.0,0.0,0.0,30.71,20.0,0.0,9.32,28.02,0.0,99.99999999999999,True
CAND_02287,Cr41.17Cu7.19Fe44.48Nb7.16,4,0.0,0.0,41.17,7.19,44.48,0.0,0.0,7.16,0.0,0.0,0.0,0.0,100.0,True
CAND_02288,Cu34.25Fe14.38Mn21.26Mo13.91Ni5.10W11.10,6,0.0,0.0,0.0,34.25,14.38,21.26,13.91,0.0,5.1,0.0,0.0,11.1,99.99999999999999,True
CAND_02289,Co30.47Mo16.51Nb17.08V35.94,4,0.0,30.47,0.0,0.0,0.0,0.0,16.51,17.08,0.0,0.0,35.94,0.0,100.0,True
CAND_02290,Cr29.51Mo11.10Ni26.56Ti6.05V26.78,5,0.0,0.0,29.51,0.0,0.0,0.0,11.1,0.0,26.56,6.05,26.78,0.0,100.0,True
CAND_02291,Co22.10Mn21.28Nb40.99V15.63,4,0.0,22.1,0.0,0.0,0.0,21.28,0.0,40.99,0.0,0.0,15.63,0.0,100.0,True
CAND_02292,Al20.51Cr8.28Cu40.85Fe21.13Ti9.23,5,20.51,0.0,8.28,40.85,21.13,0.0,0.0,0.0,0.0,9.23,0.0,0.0,100.0,True
CAND_02293,Cr7.11Mo29.00Ni22.21V14.30W27.38,5,0.0,0.0,7.11,0.0,0.0,0.0,29.0,0.0,22.21,0.0,14.3,27.38,100.0,True
CAND_02294,Fe5.97Mo13.59Ti38.96V41.48,4,0.0,0.0,0.0,0.0,5.97,0.0,13.59,0.0,0.0,38.96,41.48,0.0,100.0,True
CAND_02295,Al18.96Cr14.93Mn16.08Nb23.18Ti14.19V12.66,6,18.96,0.0,14.93,0.0,0.0,16.08,0.0,23.18,0.0,14.19,12.66,0.0,100.0,True
CAND_02296,Al10.87Cr25.20Fe8.57Ni28.37Ti26.99,5,10.87,0.0,25.2,0.0,8.57,0.0,0.0,0.0,28.37,26.99,0.0,0.0,100.0,True
CAND_02297,Cu5.55Fe14.75Mo26.14Ni26.01Ti27.55,5,0.0,0.0,0.0,5.55,14.75,0.0,26.14,0.0,26.01,27.55,0.0,0.0,100.0,True
CAND_02298,Al26.40Cu17.38Fe18.08Nb7.10Ni24.08V6.96,6,26.4,0.0,0.0,17.38,18.08,0.0,0.0,7.1,24.08,0.0,6.96,0.0,99.99999999999999,True
CAND_02299,Nb39.75Ti8.43V30.11W21.71,4,0.0,0.0,0.0,0.0,0.0,0.0,0.0,39.75,0.0,8.43,30.11,21.71,100.0,True
CAND_02300,Al5.73Co15.82Cr19.44Mo27.93Ni31.08,5,5.73,15.82,19.44,0.0,0.0,0.0,27.93,0.0,31.08,0.0,0.0,0.0,100.0,True
CAND_02301,Fe12.18Mo13.61Ni32.97Ti10.51V21.92W8.81,6,0.0,0.0,0.0,0.0,12.18,0.0,13.61,0.0,32.97,10.51,21.92,8.81,100.0,True
CAND_02302,Mn30.66Mo9.17Nb14.43Ni19.40Ti6.34V20.00,6,0.0,0.0,0.0,0.0,0.0,30.66,9.17,14.43,19.4,6.34,20.0,0.0,100.0,True
CAND_02303,Cr7.31Cu32.17Mo37.37Ni23.15,4,0.0,0.0,7.31,32.17,0.0,0.0,37.37,0.0,23.15,0.0,0.0,0.0,100.0,True
CAND_02304,Nb40.01Ti16.48V24.02W19.49,4,0.0,0.0,0.0,0.0,0.0,0.0,0.0,40.01,0.0,16.48,24.02,19.49,99.99999999999999,True
CAND_02305,Al7.24Cu11.50Mo31.84Ni8.04Ti28.49V12.89,6,7.24,0.0,0.0,11.5,0.0,0.0,31.84,0.0,8.04,28.49,12.89,0.0,100.0,True
CAND_02306,Fe10.24Mn12.08Mo16.24Nb13.32Ni14.83V33.29,6,0.0,0.0,0.0,0.0,10.24,12.08,16.24,13.32,14.83,0.0,33.29,0.0,100.0,True
CAND_02307,Co5.84Cr27.13Cu8.48Fe33.36Mo5.12V20.07,6,0.0,5.84,27.13,8.48,33.36,0.0,5.12,0.0,0.0,0.0,20.07,0.0,100.0,True
CAND_02308,Cr23.22Mn17.06Mo21.15Ni7.50W31.07,5,0.0,0.0,23.22,0.0,0.0,17.06,21.15,0.0,7.5,0.0,0.0,31.07,100.0,True
CAND_02309,Fe13.52Mo13.73Ni20.28Ti44.09V8.38,5,0.0,0.0,0.0,0.0,13.52,0.0,13.73,0.0,20.28,44.09,8.38,0.0,100.0,True
CAND_02310,Al22.96Co13.13Mn18.88Mo15.99Ni29.04,5,22.96,13.13,0.0,0.0,0.0,18.88,15.99,0.0,29.04,0.0,0.0,0.0,100.0,True
CAND_02311,Al39.63Mn26.97Nb9.21W24.19,4,39.63,0.0,0.0,0.0,0.0,26.97,0.0,9.21,0.0,0.0,0.0,24.19,100.0,True
CAND_02312,Cr28.41Fe19.52Mn6.95Nb24.05W21.07,5,0.0,0.0,28.41,0.0,19.52,6.95,0.0,24.05,0.0,0.0,0.0,21.07,100.0,True
CAND_02313,Al12.60Cr20.15Cu24.63Mo6.95V10.00W25.67,6,12.6,0.0,20.15,24.63,0.0,0.0,6.95,0.0,0.0,0.0,10.0,25.67,100.0,True
CAND_02314,Fe28.61Mo24.69Ni25.72V7.36W13.62,5,0.0,0.0,0.0,0.0,28.61,0.0,24.69,0.0,25.72,0.0,7.36,13.62,100.0,True
CAND_02315,Al7.19Fe19.92Mn20.02Mo18.01Nb22.52W12.34,6,7.19,0.0,0.0,0.0,19.92,20.02,18.01,22.52,0.0,0.0,0.0,12.34,100.0,True
CAND_02316,Co18.82Nb6.98Ti23.39V20.46W30.35,5,0.0,18.82,0.0,0.0,0.0,0.0,0.0,6.98,0.0,23.39,20.46,30.35,100.0,True
CAND_02317,Co24.92Cu6.17Mn30.62Ni22.77W15.52,5,0.0,24.92,0.0,6.17,0.0,30.62,0.0,0.0,22.77,0.0,0.0,15.52,100.0,True
CAND_02318,Cr9.36Cu20.88Fe21.85Mo5.18Nb19.58V23.15,6,0.0,0.0,9.36,20.88,21.85,0.0,5.18,19.58,0.0,0.0,23.15,0.0,100.0,True
CAND_02319,Al6.60Mo13.58Ti43.13V18.60W18.09,5,6.6,0.0,0.0,0.0,0.0,0.0,13.58,0.0,0.0,43.13,18.6,18.09,100.0,True
CAND_02320,Al43.97Cu20.19Fe24.38Ti11.46,4,43.97,0.0,0.0,20.19,24.38,0.0,0.0,0.0,0.0,11.46,0.0,0.0,100.0,True
CAND_02321,Cr20.37Fe13.64Mo36.36Nb29.63,4,0.0,0.0,20.37,0.0,13.64,0.0,36.36,29.63,0.0,0.0,0.0,0.0,100.0,True
CAND_02322,Al36.30Mn17.99Nb39.91W5.80,4,36.3,0.0,0.0,0.0,0.0,17.99,0.0,39.91,0.0,0.0,0.0,5.8,99.99999999999999,True
CAND_02323,Al18.79Cr6.20Cu8.87Nb10.48Ti14.26V41.40,6,18.79,0.0,6.2,8.87,0.0,0.0,0.0,10.48,0.0,14.26,41.4,0.0,100.0,True
CAND_02324,Cr16.10Mn17.47Nb8.76Ni9.24Ti42.06W6.37,6,0.0,0.0,16.1,0.0,0.0,17.47,0.0,8.76,9.24,42.06,0.0,6.37,100.0,True
CAND_02325,Co37.38Fe13.93Ti12.01W36.68,4,0.0,37.38,0.0,0.0,13.93,0.0,0.0,0.0,0.0,12.01,0.0,36.68,100.0,True
CAND_02326,Cr10.95Fe31.93Mn19.21Nb13.42Ti6.32V18.17,6,0.0,0.0,10.95,0.0,31.93,19.21,0.0,13.42,0.0,6.32,18.17,0.0,99.99999999999999,True
CAND_02327,Co20.94Cr29.24Ni6.45Ti23.08V13.47W6.82,6,0.0,20.94,29.24,0.0,0.0,0.0,0.0,0.0,6.45,23.08,13.47,6.82,100.0,True
CAND_02328,Cr13.61Cu39.45Mn16.55Mo22.99Nb7.40,5,0.0,0.0,13.61,39.45,0.0,16.55,22.99,7.4,0.0,0.0,0.0,0.0,100.0,True
CAND_02329,Cr43.98Mn16.69Nb28.34Ti10.99,4,0.0,0.0,43.98,0.0,0.0,16.69,0.0,28.34,0.0,10.99,0.0,0.0,100.0,True
CAND_02330,Al6.73Co16.25Mn18.55Nb33.74V24.73,5,6.73,16.25,0.0,0.0,0.0,18.55,0.0,33.74,0.0,0.0,24.73,0.0,100.00000000000001,True
CAND_02331,Al17.51Fe19.68Nb19.46Ti13.90V19.06W10.39,6,17.51,0.0,0.0,0.0,19.68,0.0,0.0,19.46,0.0,13.9,19.06,10.39,100.0,True
CAND_02332,Al13.59Fe14.36Nb10.24Ni14.31Ti13.65V33.85,6,13.59,0.0,0.0,0.0,14.36,0.0,0.0,10.24,14.31,13.65,33.85,0.0,100.0,True
CAND_02333,Al8.81Co25.25Mo12.65Nb30.25Ni11.21Ti11.83,6,8.81,25.25,0.0,0.0,0.0,0.0,12.65,30.25,11.21,11.83,0.0,0.0,100.00000000000001,True
CAND_02334,Mo8.92Ni29.80V21.13W40.15,4,0.0,0.0,0.0,0.0,0.0,0.0,8.92,0.0,29.8,0.0,21.13,40.15,100.0,True
CAND_02335,Co38.58Cr18.99Mn18.44Ti8.80W15.19,5,0.0,38.58,18.99,0.0,0.0,18.44,0.0,0.0,0.0,8.8,0.0,15.19,99.99999999999999,True
CAND_02336,Al14.60Co29.34Cr22.90Cu26.67Mn6.49,5,14.6,29.34,22.9,26.67,0.0,6.49,0.0,0.0,0.0,0.0,0.0,0.0,100.0,True
CAND_02337,Al19.35Cr6.73Cu35.57Fe23.03V15.32,5,19.35,0.0,6.73,35.57,23.03,0.0,0.0,0.0,0.0,0.0,15.32,0.0,100.0,True
CAND_02338,Al21.36Co29.44Cu12.55Ti36.65,4,21.36,29.44,0.0,12.55,0.0,0.0,0.0,0.0,0.0,36.65,0.0,0.0,100.0,True
CAND_02339,Cr16.10Mn37.38Nb26.03V20.49,4,0.0,0.0,16.1,0.0,0.0,37.38,0.0,26.03,0.0,0.0,20.49,0.0,100.0,True
CAND_02340,Al21.83Cu6.99Fe21.86Ti10.31V39.01,5,21.83,0.0,0.0,6.99,21.86,0.0,0.0,0.0,0.0,10.31,39.01,0.0,100.0,True
CAND_02341,Al28.75Co15.61Cr14.98Cu26.73Ti13.93,5,28.75,15.61,14.98,26.73,0.0,0.0,0.0,0.0,0.0,13.93,0.0,0.0,100.0,True
CAND_02342,Co24.00Fe15.13Mo25.26W35.61,4,0.0,24.0,0.0,0.0,15.13,0.0,25.26,0.0,0.0,0.0,0.0,35.61,100.0,True
CAND_02343,Cr15.21Mn41.32Mo28.25Ni15.22,4,0.0,0.0,15.21,0.0,0.0,41.32,28.25,0.0,15.22,0.0,0.0,0.0,100.0,True
CAND_02344,Al29.88Mn11.72Mo18.63Ni39.77,4,29.88,0.0,0.0,0.0,0.0,11.72,18.63,0.0,39.77,0.0,0.0,0.0,100.0,True
CAND_02345,Al35.20Co15.95Fe13.86Nb14.34V20.65,5,35.2,15.95,0.0,0.0,13.86,0.0,0.0,14.34,0.0,0.0,20.65,0.0,100.0,True
CAND_02346,Al42.72Mo17.13Nb26.72Ni13.43,4,42.72,0.0,0.0,0.0,0.0,0.0,17.13,26.72,13.43,0.0,0.0,0.0,100.0,True
CAND_02347,Co9.03Cr19.97Fe17.25Mn18.58Mo18.30Ti16.87,6,0.0,9.03,19.97,0.0,17.25,18.58,18.3,0.0,0.0,16.87,0.0,0.0,100.0,True
CAND_02348,Al28.00Cr9.43Cu9.39Nb11.80Ti35.02V6.36,6,28.0,0.0,9.43,9.39,0.0,0.0,0.0,11.8,0.0,35.02,6.36,0.0,100.00000000000001,True
CAND_02349,Co17.28Cu23.80Mn13.64Nb35.07Ti10.21,5,0.0,17.28,0.0,23.8,0.0,13.64,0.0,35.07,0.0,10.21,0.0,0.0,100.0,True
CAND_02350,Co21.40Fe11.45Mo9.63Nb17.80V8.77W30.95,6,0.0,21.4,0.0,0.0,11.45,0.0,9.63,17.8,0.0,0.0,8.77,30.95,100.0,True
CAND_02351,Cr18.65Cu22.94Mo32.06Nb26.35,4,0.0,0.0,18.65,22.94,0.0,0.0,32.06,26.35,0.0,0.0,0.0,0.0,100.0,True
CAND_02352,Al25.33Fe5.27Mo13.08Nb26.30Ti30.02,5,25.33,0.0,0.0,0.0,5.27,0.0,13.08,26.3,0.0,30.02,0.0,0.0,100.0,True
CAND_02353,Al30.11Cu10.47Mn11.88Ni30.56Ti16.98,5,30.11,0.0,0.0,10.47,0.0,11.88,0.0,0.0,30.56,16.98,0.0,0.0,100.0,True
CAND_02354,Cr21.56Cu13.05Fe26.97Mn11.80W26.62,5,0.0,0.0,21.56,13.05,26.97,11.8,0.0,0.0,0.0,0.0,0.0,26.62,100.0,True
CAND_02355,Co22.47Fe8.25Nb13.87Ni12.83Ti42.58,5,0.0,22.47,0.0,0.0,8.25,0.0,0.0,13.87,12.83,42.58,0.0,0.0,100.0,True
CAND_02356,Al26.67Co19.30Nb17.31Ni11.37V18.47W6.88,6,26.67,19.3,0.0,0.0,0.0,0.0,0.0,17.31,11.37,0.0,18.47,6.88,100.0,True
CAND_02357,Cu32.89Nb36.52Ti11.85V18.74,4,0.0,0.0,0.0,32.89,0.0,0.0,0.0,36.52,0.0,11.85,18.74,0.0,99.99999999999999,True
CAND_02358,Cu5.53Fe13.61Nb8.49Ni28.29Ti32.26V11.82,6,0.0,0.0,0.0,5.53,13.61,0.0,0.0,8.49,28.29,32.26,11.82,0.0,100.0,True
CAND_02359,Co41.07Cr12.17Cu21.57W25.19,4,0.0,41.07,12.17,21.57,0.0,0.0,0.0,0.0,0.0,0.0,0.0,25.19,100.0,True
CAND_02360,Fe43.40Ni17.16Ti23.11V16.33,4,0.0,0.0,0.0,0.0,43.4,0.0,0.0,0.0,17.16,23.11,16.33,0.0,100.0,True
CAND_02361,Al22.95Cu5.36Fe7.53Mn33.03V24.34W6.79,6,22.95,0.0,0.0,5.36,7.53,33.03,0.0,0.0,0.0,0.0,24.34,6.79,100.00000000000001,True
CAND_02362,Co26.28Cr27.64Fe26.86W19.22,4,0.0,26.28,27.64,0.0,26.86,0.0,0.0,0.0,0.0,0.0,0.0,19.22,100.0,True
CAND_02363,Al7.77Cu21.83Mn24.50Nb5.42Ni6.67W33.81,6,7.77,0.0,0.0,21.83,0.0,24.5,0.0,5.42,6.67,0.0,0.0,33.81,100.0,True
CAND_02364,Co28.25Fe17.66Mo10.62Ti15.42V28.05,5,0.0,28.25,0.0,0.0,17.66,0.0,10.62,0.0,0.0,15.42,28.05,0.0,99.99999999999999,True
CAND_02365,Al18.04Cr40.51Mo12.55Nb28.90,4,18.04,0.0,40.51,0.0,0.0,0.0,12.55,28.9,0.0,0.0,0.0,0.0,100.0,True
CAND_02366,Co31.87Cr13.11Fe28.14Nb26.88,4,0.0,31.87,13.11,0.0,28.14,0.0,0.0,26.88,0.0,0.0,0.0,0.0,100.0,True
CAND_02367,Al7.55Co15.02Fe28.99Mn12.08Mo10.96Nb25.40,6,7.55,15.02,0.0,0.0,28.99,12.08,10.96,25.4,0.0,0.0,0.0,0.0,100.0,True
CAND_02368,Cr26.21Cu24.17Fe39.39Ni10.23,4,0.0,0.0,26.21,24.17,39.39,0.0,0.0,0.0,10.23,0.0,0.0,0.0,100.00000000000001,True
CAND_02369,Al17.38Fe27.42Mn15.43V39.77,4,17.38,0.0,0.0,0.0,27.42,15.43,0.0,0.0,0.0,0.0,39.77,0.0,100.0,True
CAND_02370,Co14.66Cr28.28Mo16.33Nb5.87Ti28.22V6.64,6,0.0,14.66,28.28,0.0,0.0,0.0,16.33,5.87,0.0,28.22,6.64,0.0,100.0,True
CAND_02371,Cr37.94Mo19.03Nb9.91Ti22.69V10.43,5,0.0,0.0,37.94,0.0,0.0,0.0,19.03,9.91,0.0,22.69,10.43,0.0,100.0,True
CAND_02372,Al5.53Co31.02Cu22.98Mn25.05Ti9.07V6.35,6,5.53,31.02,0.0,22.98,0.0,25.05,0.0,0.0,0.0,9.07,6.35,0.0,100.0,True
CAND_02373,Cr15.57Cu17.26Fe34.22Ni19.12V13.83,5,0.0,0.0,15.57,17.26,34.22,0.0,0.0,0.0,19.12,0.0,13.83,0.0,100.0,True
CAND_02374,Al13.90Co17.30Cu35.10Mn5.84W27.86,5,13.9,17.3,0.0,35.1,0.0,5.84,0.0,0.0,0.0,0.0,0.0,27.86,100.00000000000001,True
CAND_02375,Al12.05Cr5.20Nb10.98Ni25.60V16.22W29.95,6,12.05,0.0,5.2,0.0,0.0,0.0,0.0,10.98,25.6,0.0,16.22,29.95,100.0,True
CAND_02376,Al13.64Co34.08Cu5.93Mn6.82Nb21.47V18.06,6,13.64,34.08,0.0,5.93,0.0,6.82,0.0,21.47,0.0,0.0,18.06,0.0,100.0,True
CAND_02377,Cu21.94Fe16.57Mo12.68Ni18.68Ti20.39V9.74,6,0.0,0.0,0.0,21.94,16.57,0.0,12.68,0.0,18.68,20.39,9.74,0.0,100.0,True
CAND_02378,Al33.74Cr8.89Cu9.49Mo11.20V16.37W20.31,6,33.74,0.0,8.89,9.49,0.0,0.0,11.2,0.0,0.0,0.0,16.37,20.31,100.00000000000001,True
CAND_02379,Al20.11Co36.70Cr16.19Cu12.51Fe14.49,5,20.11,36.7,16.19,12.51,14.49,0.0,0.0,0.0,0.0,0.0,0.0,0.0,100.0,True
CAND_02380,Al39.31Cr6.31Cu15.62Ti38.76,4,39.31,0.0,6.31,15.62,0.0,0.0,0.0,0.0,0.0,38.76,0.0,0.0,100.0,True
CAND_02381,Co16.53Cu22.98Mn28.04Ti9.15V23.30,5,0.0,16.53,0.0,22.98,0.0,28.04,0.0,0.0,0.0,9.15,23.3,0.0,100.00000000000001,True
CAND_02382,Al14.91Co21.14Fe10.06Mn5.57Ni32.69Ti15.63,6,14.91,21.14,0.0,0.0,10.06,5.57,0.0,0.0,32.69,15.63,0.0,0.0,100.0,True
CAND_02383,Al10.63Co6.03Mn27.88Nb13.49Ni27.95Ti14.02,6,10.63,6.03,0.0,0.0,0.0,27.88,0.0,13.49,27.95,14.02,0.0,0.0,100.0,True
CAND_02384,Co36.18Cu36.50Mn8.69Nb6.64Ni11.99,5,0.0,36.18,0.0,36.5,0.0,8.69,0.0,6.64,11.99,0.0,0.0,0.0,100.0,True
CAND_02385,Al14.86Cr7.32Cu21.39Nb23.11Ti20.82V12.50,6,14.86,0.0,7.32,21.39,0.0,0.0,0.0,23.11,0.0,20.82,12.5,0.0,100.0,True
CAND_02386,Al7.07Cu7.32Mn21.47Mo17.75Ni16.58V29.81,6,7.07,0.0,0.0,7.32,0.0,21.47,17.75,0.0,16.58,0.0,29.81,0.0,100.0,True
CAND_02387,Co42.99Mo23.70Ni10.91Ti14.73V7.67,5,0.0,42.99,0.0,0.0,0.0,0.0,23.7,0.0,10.91,14.73,7.67,0.0,100.0,True
CAND_02388,Co13.09Fe32.27Mn20.02Ti34.62,4,0.0,13.09,0.0,0.0,32.27,20.02,0.0,0.0,0.0,34.62,0.0,0.0,100.0,True
CAND_02389,Cu28.26Mo21.82Nb12.47Ti6.36W31.09,5,0.0,0.0,0.0,28.26,0.0,0.0,21.82,12.47,0.0,6.36,0.0,31.09,100.0,True
CAND_02390,Al15.36Cu7.86Mo20.44Nb18.23Ni19.34V18.77,6,15.36,0.0,0.0,7.86,0.0,0.0,20.44,18.23,19.34,0.0,18.77,0.0,100.0,True
CAND_02391,Co30.37Mn28.97Mo33.12Nb7.54,4,0.0,30.37,0.0,0.0,0.0,28.97,33.12,7.54,0.0,0.0,0.0,0.0,100.00000000000001,True
CAND_02392,Al22.58Co6.98Mn30.54Mo31.88Ti8.02,5,22.58,6.98,0.0,0.0,0.0,30.54,31.88,0.0,0.0,8.02,0.0,0.0,99.99999999999999,True
CAND_02393,Fe29.17Mo8.49Nb8.92Ti28.75V24.67,5,0.0,0.0,0.0,0.0,29.17,0.0,8.49,8.92,0.0,28.75,24.67,0.0,100.00000000000001,True
CAND_02394,Co8.56Cr16.39Cu16.31Fe15.20V28.90W14.64,6,0.0,8.56,16.39,16.31,15.2,0.0,0.0,0.0,0.0,0.0,28.9,14.64,100.00000000000001,True
CAND_02395,Al11.13Co6.74Cu16.37Mn37.45Mo16.15W12.16,6,11.13,6.74,0.0,16.37,0.0,37.45,16.15,0.0,0.0,0.0,0.0,12.16,100.0,True
CAND_02396,Cu44.06Fe42.00Mo5.21Ni8.73,4,0.0,0.0,0.0,44.06,42.0,0.0,5.21,0.0,8.73,0.0,0.0,0.0,100.0,True
CAND_02397,Al37.19Cu28.08Ni14.44Ti9.43W10.86,5,37.19,0.0,0.0,28.08,0.0,0.0,0.0,0.0,14.44,9.43,0.0,10.86,99.99999999999999,True
CAND_02398,Al16.33Cr19.98Ni28.57Ti11.75V10.39W12.98,6,16.33,0.0,19.98,0.0,0.0,0.0,0.0,0.0,28.57,11.75,10.39,12.98,100.0,True
CAND_02399,Mn5.72Mo28.63Nb38.36Ni8.98V6.59W11.72,6,0.0,0.0,0.0,0.0,0.0,5.72,28.63,38.36,8.98,0.0,6.59,11.72,100.00000000000001,True
CAND_02400,Cr10.42Mn6.65Nb6.87Ti34.18V41.88,5,0.0,0.0,10.42,0.0,0.0,6.65,0.0,6.87,0.0,34.18,41.88,0.0,100.0,True
CAND_02401,Al8.17Co13.85Mn10.90Nb34.26Ni32.82,5,8.17,13.85,0.0,0.0,0.0,10.9,0.0,34.26,32.82,0.0,0.0,0.0,100.0,True
CAND_02402,Co9.26Cu5.26Mn21.45Nb13.75Ni39.68V10.60,6,0.0,9.26,0.0,5.26,0.0,21.45,0.0,13.75,39.68,0.0,10.6,0.0,100.0,True
CAND_02403,Cu21.55Fe9.96Ni12.45V29.37W26.67,5,0.0,0.0,0.0,21.55,9.96,0.0,0.0,0.0,12.45,0.0,29.37,26.67,100.0,True
CAND_02404,Al17.84Cr6.54Fe24.73Nb26.14Ni24.75,5,17.84,0.0,6.54,0.0,24.73,0.0,0.0,26.14,24.75,0.0,0.0,0.0,100.0,True
CAND_02405,Cu36.08Ni23.74Ti33.08V7.10,4,0.0,0.0,0.0,36.08,0.0,0.0,0.0,0.0,23.74,33.08,7.1,0.0,99.99999999999999,True
CAND_02406,Cu28.20Nb42.25V12.50W17.05,4,0.0,0.0,0.0,28.2,0.0,0.0,0.0,42.25,0.0,0.0,12.5,17.05,100.0,True
CAND_02407,Al23.45Co10.03Fe22.59Mn43.93,4,23.45,10.03,0.0,0.0,22.59,43.93,0.0,0.0,0.0,0.0,0.0,0.0,100.0,True
CAND_02408,Co10.02Cu21.14Mn22.89Mo5.65Nb12.38W27.92,6,0.0,10.02,0.0,21.14,0.0,22.89,5.65,12.38,0.0,0.0,0.0,27.92,100.0,True
CAND_02409,Mn15.52Mo21.23Nb23.55Ni11.89W27.81,5,0.0,0.0,0.0,0.0,0.0,15.52,21.23,23.55,11.89,0.0,0.0,27.81,100.0,True
CAND_02410,Cu41.90Fe10.13Mn34.12Mo13.85,4,0.0,0.0,0.0,41.9,10.13,34.12,13.85,0.0,0.0,0.0,0.0,0.0,100.0,True
CAND_02411,Cr8.54Cu30.61Fe6.90Mo23.55V10.07W20.33,6,0.0,0.0,8.54,30.61,6.9,0.0,23.55,0.0,0.0,0.0,10.07,20.33,99.99999999999999,True
CAND_02412,Al5.40Cr21.75Cu11.94Mn8.11Nb37.88V14.92,6,5.4,0.0,21.75,11.94,0.0,8.11,0.0,37.88,0.0,0.0,14.92,0.0,100.0,True
CAND_02413,Cr18.88Fe37.49Mn13.51Nb30.12,4,0.0,0.0,18.88,0.0,37.49,13.51,0.0,30.12,0.0,0.0,0.0,0.0,100.00000000000001,True
CAND_02414,Al7.94Co6.99Mn31.24Ni24.68Ti7.51V21.64,6,7.94,6.99,0.0,0.0,0.0,31.24,0.0,0.0,24.68,7.51,21.64,0.0,100.0,True
CAND_02415,Al16.07Cu22.35Mn11.86Ni7.53Ti10.44W31.75,6,16.07,0.0,0.0,22.35,0.0,11.86,0.0,0.0,7.53,10.44,0.0,31.75,100.0,True
CAND_02416,Al19.13Cr5.50Fe19.63Ni16.97Ti38.77,5,19.13,0.0,5.5,0.0,19.63,0.0,0.0,0.0,16.97,38.77,0.0,0.0,100.0,True
CAND_02417,Co30.72Cr25.71Nb19.48Ti16.73V7.36,5,0.0,30.72,25.71,0.0,0.0,0.0,0.0,19.48,0.0,16.73,7.36,0.0,100.0,True
CAND_02418,Cr17.17Mn23.15Nb29.25Ti30.43,4,0.0,0.0,17.17,0.0,0.0,23.15,0.0,29.25,0.0,30.43,0.0,0.0,100.0,True
CAND_02419,Cr27.27Mo8.33Nb32.77Ti9.64W21.99,5,0.0,0.0,27.27,0.0,0.0,0.0,8.33,32.77,0.0,9.64,0.0,21.99,100.0,True
CAND_02420,Al13.00Fe35.97Mo14.08Ni10.64V26.31,5,13.0,0.0,0.0,0.0,35.97,0.0,14.08,0.0,10.64,0.0,26.31,0.0,100.0,True
CAND_02421,Fe18.19Mn27.34Ni17.68V29.01W7.78,5,0.0,0.0,0.0,0.0,18.19,27.34,0.0,0.0,17.68,0.0,29.01,7.78,100.0,True
CAND_02422,Al8.12Co10.49Cr18.15Mn15.29Ti26.71W21.24,6,8.12,10.49,18.15,0.0,0.0,15.29,0.0,0.0,0.0,26.71,0.0,21.24,99.99999999999999,True
CAND_02423,Al13.56Mn28.30Nb31.10V27.04,4,13.56,0.0,0.0,0.0,0.0,28.3,0.0,31.1,0.0,0.0,27.04,0.0,100.0,True
CAND_02424,Al21.89Co17.64Fe18.21Mo42.26,4,21.89,17.64,0.0,0.0,18.21,0.0,42.26,0.0,0.0,0.0,0.0,0.0,100.0,True
CAND_02425,Cr12.30Cu38.04Fe15.19Mn10.20Ti11.11W13.16,6,0.0,0.0,12.3,38.04,15.19,10.2,0.0,0.0,0.0,11.11,0.0,13.16,100.0,True
CAND_02426,Al24.97Cr29.20Fe14.72Ni31.11,4,24.97,0.0,29.2,0.0,14.72,0.0,0.0,0.0,31.11,0.0,0.0,0.0,100.0,True
CAND_02427,Mn23.38Ni33.59Ti24.90V9.54W8.59,5,0.0,0.0,0.0,0.0,0.0,23.38,0.0,0.0,33.59,24.9,9.54,8.59,100.0,True
CAND_02428,Cr16.28Cu17.28Mo17.70Ti11.83V36.91,5,0.0,0.0,16.28,17.28,0.0,0.0,17.7,0.0,0.0,11.83,36.91,0.0,100.0,True
CAND_02429,Al8.09Co22.64Mn8.56Mo36.52W24.19,5,8.09,22.64,0.0,0.0,0.0,8.56,36.52,0.0,0.0,0.0,0.0,24.19,100.0,True
CAND_02430,Al6.21Fe6.21Ni10.30Ti35.31V24.37W17.60,6,6.21,0.0,0.0,0.0,6.21,0.0,0.0,0.0,10.3,35.31,24.37,17.6,100.0,True
CAND_02431,Cr6.63Nb31.34Ni33.38Ti17.42W11.23,5,0.0,0.0,6.63,0.0,0.0,0.0,0.0,31.34,33.38,17.42,0.0,11.23,100.0,True
CAND_02432,Co13.37Nb19.89Ni10.73Ti15.60V40.41,5,0.0,13.37,0.0,0.0,0.0,0.0,0.0,19.89,10.73,15.6,40.41,0.0,100.0,True
CAND_02433,Cu9.45Mo20.43Nb32.80W37.32,4,0.0,0.0,0.0,9.45,0.0,0.0,20.43,32.8,0.0,0.0,0.0,37.32,100.0,True
CAND_02434,Co34.09Cr11.66Fe10.46Mn34.51Ni9.28,5,0.0,34.09,11.66,0.0,10.46,34.51,0.0,0.0,9.28,0.0,0.0,0.0,100.0,True
CAND_02435,Al44.37Co6.68Mo31.76Ni17.19,4,44.37,6.68,0.0,0.0,0.0,0.0,31.76,0.0,17.19,0.0,0.0,0.0,100.0,True
CAND_02436,Al13.73Co26.48Fe10.87Mn26.01Mo17.51Nb5.40,6,13.73,26.48,0.0,0.0,10.87,26.01,17.51,5.4,0.0,0.0,0.0,0.0,100.00000000000001,True
CAND_02437,Al26.37Cr6.42Ni24.19Ti43.02,4,26.37,0.0,6.42,0.0,0.0,0.0,0.0,0.0,24.19,43.02,0.0,0.0,100.0,True
CAND_02438,Cr24.03Cu5.78Nb17.00Ni37.56V15.63,5,0.0,0.0,24.03,5.78,0.0,0.0,0.0,17.0,37.56,0.0,15.63,0.0,100.0,True
CAND_02439,Cr25.94Cu22.10Fe28.40Ni23.56,4,0.0,0.0,25.94,22.1,28.4,0.0,0.0,0.0,23.56,0.0,0.0,0.0,100.0,True
CAND_02440,Al18.63Cr20.23Cu27.00Fe18.84Nb15.30,5,18.63,0.0,20.23,27.0,18.84,0.0,0.0,15.3,0.0,0.0,0.0,0.0,100.0,True
CAND_02441,Cu26.32Nb12.08Ti26.26V11.93W23.41,5,0.0,0.0,0.0,26.32,0.0,0.0,0.0,12.08,0.0,26.26,11.93,23.41,100.0,True
CAND_02442,Al33.13Mo8.34Nb26.89Ti31.64,4,33.13,0.0,0.0,0.0,0.0,0.0,8.34,26.89,0.0,31.64,0.0,0.0,100.0,True
CAND_02443,Fe33.68Mn12.89Mo31.74Ti21.69,4,0.0,0.0,0.0,0.0,33.68,12.89,31.74,0.0,0.0,21.69,0.0,0.0,100.0,True
CAND_02444,Al35.48Cr17.82Cu17.67Fe29.03,4,35.48,0.0,17.82,17.67,29.03,0.0,0.0,0.0,0.0,0.0,0.0,0.0,100.0,True
CAND_02445,Co25.07Cu19.24Nb13.99Ni16.85V13.43W11.42,6,0.0,25.07,0.0,19.24,0.0,0.0,0.0,13.99,16.85,0.0,13.43,11.42,100.00000000000001,True
CAND_02446,Cr19.53Cu16.86Mo9.60Nb28.76Ni14.10V11.15,6,0.0,0.0,19.53,16.86,0.0,0.0,9.6,28.76,14.1,0.0,11.15,0.0,100.0,True
CAND_02447,Cr37.72Cu28.12Mo16.09Ni18.07,4,0.0,0.0,37.72,28.12,0.0,0.0,16.09,0.0,18.07,0.0,0.0,0.0,100.0,True
CAND_02448,Cr8.03Fe16.08Ti42.86V20.10W12.93,5,0.0,0.0,8.03,0.0,16.08,0.0,0.0,0.0,0.0,42.86,20.1,12.93,100.0,True
CAND_02449,Cr8.05Cu22.34Nb15.85Ti16.20V37.56,5,0.0,0.0,8.05,22.34,0.0,0.0,0.0,15.85,0.0,16.2,37.56,0.0,100.0,True
CAND_02450,Al7.28Cu9.39Mo21.73Nb27.81W33.79,5,7.28,0.0,0.0,9.39,0.0,0.0,21.73,27.81,0.0,0.0,0.0,33.79,100.0,True
CAND_02451,Cr33.49Fe9.02Mo25.63Nb31.86,4,0.0,0.0,33.49,0.0,9.02,0.0,25.63,31.86,0.0,0.0,0.0,0.0,100.0,True
CAND_02452,Fe11.78Mo24.61Nb30.45Ni7.13V9.60W16.43,6,0.0,0.0,0.0,0.0,11.78,0.0,24.61,30.45,7.13,0.0,9.6,16.43,100.0,True
CAND_02453,Mn30.45Nb20.24Ni34.41V14.90,4,0.0,0.0,0.0,0.0,0.0,30.45,0.0,20.24,34.41,0.0,14.9,0.0,100.0,True
CAND_02454,Cu23.27Mn38.31Ni32.87Ti5.55,4,0.0,0.0,0.0,23.27,0.0,38.31,0.0,0.0,32.87,5.55,0.0,0.0,99.99999999999999,True
CAND_02455,Al17.64Fe39.75Mo7.15W35.46,4,17.64,0.0,0.0,0.0,39.75,0.0,7.15,0.0,0.0,0.0,0.0,35.46,100.0,True
CAND_02456,Al15.67Cr14.18Cu14.79Fe41.81Mn13.55,5,15.67,0.0,14.18,14.79,41.81,13.55,0.0,0.0,0.0,0.0,0.0,0.0,100.0,True
CAND_02457,Al26.07Cr43.81Fe10.73Mo19.39,4,26.07,0.0,43.81,0.0,10.73,0.0,19.39,0.0,0.0,0.0,0.0,0.0,100.0,True
CAND_02458,Co9.46Cr15.90Cu44.34Mo30.30,4,0.0,9.46,15.9,44.34,0.0,0.0,30.3,0.0,0.0,0.0,0.0,0.0,100.0,True
CAND_02459,Co7.78Mo10.96Nb23.06Ni10.83Ti15.95V31.42,6,0.0,7.78,0.0,0.0,0.0,0.0,10.96,23.06,10.83,15.95,31.42,0.0,100.0,True
CAND_02460,Al10.58Co7.32Cr16.09Mn29.27Mo31.40W5.34,6,10.58,7.32,16.09,0.0,0.0,29.27,31.4,0.0,0.0,0.0,0.0,5.34,100.0,True
CAND_02461,Cr30.96Fe17.22Mn5.34Mo8.58V37.90,5,0.0,0.0,30.96,0.0,17.22,5.34,8.58,0.0,0.0,0.0,37.9,0.0,100.0,True
CAND_02462,Co24.61Cu5.48Mn21.91Nb17.14Ti5.16W25.70,6,0.0,24.61,0.0,5.48,0.0,21.91,0.0,17.14,0.0,5.16,0.0,25.7,100.0,True
CAND_02463,Al11.26Co19.83Fe16.96Nb28.88V16.30W6.77,6,11.26,19.83,0.0,0.0,16.96,0.0,0.0,28.88,0.0,0.0,16.3,6.77,99.99999999999999,True
CAND_02464,Mn29.99Mo26.87Nb11.73Ti31.41,4,0.0,0.0,0.0,0.0,0.0,29.99,26.87,11.73,0.0,31.41,0.0,0.0,100.0,True
CAND_02465,Cu25.76Fe11.37Mn26.11Mo9.13Nb21.27W6.36,6,0.0,0.0,0.0,25.76,11.37,26.11,9.13,21.27,0.0,0.0,0.0,6.36,100.0,True
CAND_02466,Cr13.25Fe5.35Mn24.88Nb5.63Ti39.70W11.19,6,0.0,0.0,13.25,0.0,5.35,24.88,0.0,5.63,0.0,39.7,0.0,11.19,100.0,True
CAND_02467,Fe41.56Ti11.93V34.51W12.00,4,0.0,0.0,0.0,0.0,41.56,0.0,0.0,0.0,0.0,11.93,34.51,12.0,100.0,True
CAND_02468,Al23.43Cr19.13Mo23.27Ni13.99W20.18,5,23.43,0.0,19.13,0.0,0.0,0.0,23.27,0.0,13.99,0.0,0.0,20.18,100.0,True
CAND_02469,Al17.58Co16.49Fe33.51Mo24.74Ni7.68,5,17.58,16.49,0.0,0.0,33.51,0.0,24.74,0.0,7.68,0.0,0.0,0.0,99.99999999999997,True
CAND_02470,Al15.67Fe9.81Nb21.98Ni21.34Ti5.96V25.24,6,15.67,0.0,0.0,0.0,9.81,0.0,0.0,21.98,21.34,5.96,25.24,0.0,99.99999999999999,True
CAND_02471,Al40.46Cr11.85Fe8.86Mn5.97Ni32.86,5,40.46,0.0,11.85,0.0,8.86,5.97,0.0,0.0,32.86,0.0,0.0,0.0,100.0,True
CAND_02472,Co25.46Fe10.73Mo36.17V20.24W7.40,5,0.0,25.46,0.0,0.0,10.73,0.0,36.17,0.0,0.0,0.0,20.24,7.4,100.0,True
CAND_02473,Cr18.24Cu38.24Fe20.20Mo11.39W11.93,5,0.0,0.0,18.24,38.24,20.2,0.0,11.39,0.0,0.0,0.0,0.0,11.93,100.0,True
CAND_02474,Co32.71Mn21.67Mo17.24Ti10.30W18.08,5,0.0,32.71,0.0,0.0,0.0,21.67,17.24,0.0,0.0,10.3,0.0,18.08,100.0,True
CAND_02475,Cr31.43Cu6.17Fe8.62Ti16.41V18.87W18.50,6,0.0,0.0,31.43,6.17,8.62,0.0,0.0,0.0,0.0,16.41,18.87,18.5,100.0,True
CAND_02476,Al28.16Co11.76Cr32.84Ni5.45Ti8.12W13.67,6,28.16,11.76,32.84,0.0,0.0,0.0,0.0,0.0,5.45,8.12,0.0,13.67,100.00000000000001,True
CAND_02477,Al36.99Cu10.94Fe15.42Ni8.28Ti6.88W21.49,6,36.99,0.0,0.0,10.94,15.42,0.0,0.0,0.0,8.28,6.88,0.0,21.49,99.99999999999999,True
CAND_02478,Al19.61Cr7.13Cu7.32Fe22.18Ni23.47V20.29,6,19.61,0.0,7.13,7.32,22.18,0.0,0.0,0.0,23.47,0.0,20.29,0.0,100.0,True
CAND_02479,Al7.43Cu20.65Mn28.24V12.87W30.81,5,7.43,0.0,0.0,20.65,0.0,28.24,0.0,0.0,0.0,0.0,12.87,30.81,100.0,True
CAND_02480,Co26.70Cu32.31Mn18.31Mo13.15W9.53,5,0.0,26.7,0.0,32.31,0.0,18.31,13.15,0.0,0.0,0.0,0.0,9.53,100.00000000000001,True
CAND_02481,Co6.99Fe8.34Mn8.03Ti44.03V32.61,5,0.0,6.99,0.0,0.0,8.34,8.03,0.0,0.0,0.0,44.03,32.61,0.0,100.0,True
CAND_02482,Cu28.49Nb21.48Ni16.90V10.91W22.22,5,0.0,0.0,0.0,28.49,0.0,0.0,0.0,21.48,16.9,0.0,10.91,22.22,100.0,True
CAND_02483,Cr20.55Cu20.60Fe15.10Mo32.91Ni10.84,5,0.0,0.0,20.55,20.6,15.1,0.0,32.91,0.0,10.84,0.0,0.0,0.0,100.0,True
CAND_02484,Cu24.06Fe8.10Mn11.75Mo11.28Ni9.95W34.86,6,0.0,0.0,0.0,24.06,8.1,11.75,11.28,0.0,9.95,0.0,0.0,34.86,100.0,True
CAND_02485,Co8.71Cr14.55Fe20.66Mo44.14Ni11.94,5,0.0,8.71,14.55,0.0,20.66,0.0,44.14,0.0,11.94,0.0,0.0,0.0,100.0,True
CAND_02486,Co16.36Cu17.44Fe26.94Ti39.26,4,0.0,16.36,0.0,17.44,26.94,0.0,0.0,0.0,0.0,39.26,0.0,0.0,100.0,True
CAND_02487,Co15.97Fe31.79Ti40.81W11.43,4,0.0,15.97,0.0,0.0,31.79,0.0,0.0,0.0,0.0,40.81,0.0,11.43,100.0,True
CAND_02488,Al31.97Ti21.26V25.97W20.80,4,31.97,0.0,0.0,0.0,0.0,0.0,0.0,0.0,0.0,21.26,25.97,20.8,100.0,True
CAND_02489,Co12.78Mn13.95Mo24.02Nb22.54Ni15.98W10.73,6,0.0,12.78,0.0,0.0,0.0,13.95,24.02,22.54,15.98,0.0,0.0,10.73,100.0,True
CAND_02490,Co8.15Cu11.89Mn34.02Mo11.77Nb14.72Ti19.45,6,0.0,8.15,0.0,11.89,0.0,34.02,11.77,14.72,0.0,19.45,0.0,0.0,100.0,True
CAND_02491,Co33.51Cu17.57Mo6.82Nb24.79Ti17.31,5,0.0,33.51,0.0,17.57,0.0,0.0,6.82,24.79,0.0,17.31,0.0,0.0,100.0,True
CAND_02492,Cr17.46Cu30.73Fe14.50Nb10.55V19.00W7.76,6,0.0,0.0,17.46,30.73,14.5,0.0,0.0,10.55,0.0,0.0,19.0,7.76,100.0,True
CAND_02493,Al7.53Fe8.61Mo12.46Nb14.33Ni43.15V13.92,6,7.53,0.0,0.0,0.0,8.61,0.0,12.46,14.33,43.15,0.0,13.92,0.0,100.0,True
CAND_02494,Al15.08Cr25.88Fe18.15Mn23.52Nb11.25V6.12,6,15.08,0.0,25.88,0.0,18.15,23.52,0.0,11.25,0.0,0.0,6.12,0.0,100.0,True
CAND_02495,Mn30.20Mo11.13Ni5.25Ti26.92V10.67W15.83,6,0.0,0.0,0.0,0.0,0.0,30.2,11.13,0.0,5.25,26.92,10.67,15.83,100.0,True
CAND_02496,Co6.03Fe19.70Mo14.64Nb22.33Ti24.87W12.43,6,0.0,6.03,0.0,0.0,19.7,0.0,14.64,22.33,0.0,24.87,0.0,12.43,100.0,True
CAND_02497,Cu11.54Fe17.90Nb17.31V21.76W31.49,5,0.0,0.0,0.0,11.54,17.9,0.0,0.0,17.31,0.0,0.0,21.76,31.49,100.0,True
CAND_02498,Co19.74Fe9.77Mn12.42Ni15.32Ti42.75,5,0.0,19.74,0.0,0.0,9.77,12.42,0.0,0.0,15.32,42.75,0.0,0.0,100.0,True
CAND_02499,Cu39.09Fe24.02Mn16.71Nb5.44V14.74,5,0.0,0.0,0.0,39.09,24.02,16.71,0.0,5.44,0.0,0.0,14.74,0.0,99.99999999999999,True
CAND_02500,Al19.26Cr29.14Fe9.73Nb24.48Ti17.39,5,19.26,0.0,29.14,0.0,9.73,0.0,0.0,24.48,0.0,17.39,0.0,0.0,100.00000000000001,True
CAND_02501,Cr13.22Cu13.87Fe24.14Mo32.21Ni16.56,5,0.0,0.0,13.22,13.87,24.14,0.0,32.21,0.0,16.56,0.0,0.0,0.0,100.0,True
CAND_02502,Al8.17Fe33.09Mn11.08Ti32.71V14.95,5,8.17,0.0,0.0,0.0,33.09,11.08,0.0,0.0,0.0,32.71,14.95,0.0,100.00000000000001,True
CAND_02503,Cu15.61Fe6.11Mo22.23Nb26.70Ti20.31V9.04,6,0.0,0.0,0.0,15.61,6.11,0.0,22.23,26.7,0.0,20.31,9.04,0.0,100.0,True
CAND_02504,Co5.27Cr25.60Fe28.35Nb8.63Ni7.58V24.57,6,0.0,5.27,25.6,0.0,28.35,0.0,0.0,8.63,7.58,0.0,24.57,0.0,100.0,True
CAND_02505,Co28.22Cr27.04Mo6.08Ni30.07W8.59,5,0.0,28.22,27.04,0.0,0.0,0.0,6.08,0.0,30.07,0.0,0.0,8.59,100.0,True
CAND_02506,Cu14.07Mo17.44Nb12.36Ni18.10V6.45W31.58,6,0.0,0.0,0.0,14.07,0.0,0.0,17.44,12.36,18.1,0.0,6.45,31.58,100.0,True
CAND_02507,Cu12.71Fe23.50Mo14.04Ni34.04Ti15.71,5,0.0,0.0,0.0,12.71,23.5,0.0,14.04,0.0,34.04,15.71,0.0,0.0,100.0,True
CAND_02508,Al13.46Cr6.89Mo23.43Ni42.43W13.79,5,13.46,0.0,6.89,0.0,0.0,0.0,23.43,0.0,42.43,0.0,0.0,13.79,100.0,True
CAND_02509,Co22.89Mo12.56Ni28.00Ti8.68V27.87,5,0.0,22.89,0.0,0.0,0.0,0.0,12.56,0.0,28.0,8.68,27.87,0.0,100.0,True
CAND_02510,Al6.65Co26.38Cr9.49Mo17.85Ni16.68W22.95,6,6.65,26.38,9.49,0.0,0.0,0.0,17.85,0.0,16.68,0.0,0.0,22.95,100.00000000000001,True
CAND_02511,Al8.81Cr16.65Mn22.99Mo22.35Nb23.30Ni5.90,6,8.81,0.0,16.65,0.0,0.0,22.99,22.35,23.3,5.9,0.0,0.0,0.0,100.00000000000001,True
CAND_02512,Co17.80Cu27.42Ni18.30V11.22W25.26,5,0.0,17.8,0.0,27.42,0.0,0.0,0.0,0.0,18.3,0.0,11.22,25.26,100.0,True
CAND_02513,Al37.55Co9.84Cr21.02Cu5.61Ti15.94W10.04,6,37.55,9.84,21.02,5.61,0.0,0.0,0.0,0.0,0.0,15.94,0.0,10.04,100.0,True
CAND_02514,Fe15.53Mn11.24Mo11.02Nb20.03Ni27.39V14.79,6,0.0,0.0,0.0,0.0,15.53,11.24,11.02,20.03,27.39,0.0,14.79,0.0,100.0,True
CAND_02515,Cr29.21Fe7.63Mn33.96W29.20,4,0.0,0.0,29.21,0.0,7.63,33.96,0.0,0.0,0.0,0.0,0.0,29.2,100.00000000000001,True
CAND_02516,Al14.12Co8.24Fe15.63Mn30.45Mo22.80V8.76,6,14.12,8.24,0.0,0.0,15.63,30.45,22.8,0.0,0.0,0.0,8.76,0.0,100.0,True
CAND_02517,Cu38.20Fe8.06V8.90W44.84,4,0.0,0.0,0.0,38.2,8.06,0.0,0.0,0.0,0.0,0.0,8.9,44.84,100.0,True
CAND_02518,Al10.87Co37.58Nb13.95Ti37.60,4,10.87,37.58,0.0,0.0,0.0,0.0,0.0,13.95,0.0,37.6,0.0,0.0,100.0,True
CAND_02519,Al15.16Co11.21Cu35.96Fe12.27Ti25.40,5,15.16,11.21,0.0,35.96,12.27,0.0,0.0,0.0,0.0,25.4,0.0,0.0,100.0,True
CAND_02520,Co23.96Cr13.22Mn25.81Mo25.05Nb11.96,5,0.0,23.96,13.22,0.0,0.0,25.81,25.05,11.96,0.0,0.0,0.0,0.0,100.0,True
CAND_02521,Al20.14Mn38.05Ni16.28V25.53,4,20.14,0.0,0.0,0.0,0.0,38.05,0.0,0.0,16.28,0.0,25.53,0.0,100.0,True
CAND_02522,Cr39.01Mo11.33Ni30.23W19.43,4,0.0,0.0,39.01,0.0,0.0,0.0,11.33,0.0,30.23,0.0,0.0,19.43,100.0,True
CAND_02523,Al16.18Co21.33Cr12.10Fe20.71Mn29.68,5,16.18,21.33,12.1,0.0,20.71,29.68,0.0,0.0,0.0,0.0,0.0,0.0,100.0,True
CAND_02524,Al19.12Co23.75Cu30.93Fe26.20,4,19.12,23.75,0.0,30.93,26.2,0.0,0.0,0.0,0.0,0.0,0.0,0.0,100.00000000000001,True
CAND_02525,Al9.20Co31.73Mo28.13Ni30.94,4,9.2,31.73,0.0,0.0,0.0,0.0,28.13,0.0,30.94,0.0,0.0,0.0,100.0,True
CAND_02526,Al27.11Cr7.04Ni27.14V23.84W14.87,5,27.11,0.0,7.04,0.0,0.0,0.0,0.0,0.0,27.14,0.0,23.84,14.87,100.0,True
CAND_02527,Al8.10Co38.05Ni28.06Ti6.73V10.95W8.11,6,8.1,38.05,0.0,0.0,0.0,0.0,0.0,0.0,28.06,6.73,10.95,8.11,100.0,True
CAND_02528,Cu26.43Mo39.54Ti16.36V17.67,4,0.0,0.0,0.0,26.43,0.0,0.0,39.54,0.0,0.0,16.36,17.67,0.0,100.0,True
CAND_02529,Cu37.77Mn21.33Nb27.72Ni13.18,4,0.0,0.0,0.0,37.77,0.0,21.33,0.0,27.72,13.18,0.0,0.0,0.0,100.0,True
CAND_02530,Al19.41Co23.93Fe28.22Mn7.80Nb9.81Ni10.83,6,19.41,23.93,0.0,0.0,28.22,7.8,0.0,9.81,10.83,0.0,0.0,0.0,100.0,True
CAND_02531,Co26.70Cr15.60V27.88W29.82,4,0.0,26.7,15.6,0.0,0.0,0.0,0.0,0.0,0.0,0.0,27.88,29.82,100.0,True
CAND_02532,Cu33.05Mo18.51Ti11.43W37.01,4,0.0,0.0,0.0,33.05,0.0,0.0,18.51,0.0,0.0,11.43,0.0,37.01,100.0,True
CAND_02533,Cu8.26Fe37.02Mo9.06Ti28.04W17.62,5,0.0,0.0,0.0,8.26,37.02,0.0,9.06,0.0,0.0,28.04,0.0,17.62,100.0,True
CAND_02534,Cr19.90Cu21.11Mn9.46Mo44.25W5.28,5,0.0,0.0,19.9,21.11,0.0,9.46,44.25,0.0,0.0,0.0,0.0,5.28,100.0,True
CAND_02535,Al5.97Mo36.00Ti26.11V31.92,4,5.97,0.0,0.0,0.0,0.0,0.0,36.0,0.0,0.0,26.11,31.92,0.0,100.0,True
CAND_02536,Al11.09Cr19.36Cu26.60Nb42.95,4,11.09,0.0,19.36,26.6,0.0,0.0,0.0,42.95,0.0,0.0,0.0,0.0,100.0,True
CAND_02537,Co26.85Cu7.56Nb12.92Ni17.36Ti35.31,5,0.0,26.85,0.0,7.56,0.0,0.0,0.0,12.92,17.36,35.31,0.0,0.0,100.0,True
CAND_02538,Cr22.03Fe11.41Nb15.08Ni29.75V21.73,5,0.0,0.0,22.03,0.0,11.41,0.0,0.0,15.08,29.75,0.0,21.73,0.0,100.0,True
CAND_02539,Al26.68Cu9.79Mn13.00Nb11.91Ni33.44Ti5.18,6,26.68,0.0,0.0,9.79,0.0,13.0,0.0,11.91,33.44,5.18,0.0,0.0,100.0,True
CAND_02540,Co18.06Cr14.92Fe21.08Mo22.74V23.20,5,0.0,18.06,14.92,0.0,21.08,0.0,22.74,0.0,0.0,0.0,23.2,0.0,100.0,True
CAND_02541,Al7.96Co24.75Mo13.90Ni17.33Ti16.17V19.89,6,7.96,24.75,0.0,0.0,0.0,0.0,13.9,0.0,17.33,16.17,19.89,0.0,100.0,True
CAND_02542,Cr15.57Cu36.48Mn30.40Ni17.55,4,0.0,0.0,15.57,36.48,0.0,30.4,0.0,0.0,17.55,0.0,0.0,0.0,99.99999999999999,True
CAND_02543,Cu28.43Fe14.44Mo21.75V14.11W21.27,5,0.0,0.0,0.0,28.43,14.44,0.0,21.75,0.0,0.0,0.0,14.11,21.27,100.0,True
CAND_02544,Al36.44Fe25.19Nb6.82Ni10.58V20.97,5,36.44,0.0,0.0,0.0,25.19,0.0,0.0,6.82,10.58,0.0,20.97,0.0,99.99999999999999,True
CAND_02545,Co14.76Cu6.80Mn22.23Mo20.12Nb18.15Ti17.94,6,0.0,14.76,0.0,6.8,0.0,22.23,20.12,18.15,0.0,17.94,0.0,0.0,100.0,True
CAND_02546,Cr11.87Cu44.02Mo13.61V30.50,4,0.0,0.0,11.87,44.02,0.0,0.0,13.61,0.0,0.0,0.0,30.5,0.0,100.0,True
CAND_02547,Fe16.34Mo21.49Ti26.49W35.68,4,0.0,0.0,0.0,0.0,16.34,0.0,21.49,0.0,0.0,26.49,0.0,35.68,100.0,True
CAND_02548,Al7.94Cr17.35Mn28.01Ti33.86W12.84,5,7.94,0.0,17.35,0.0,0.0,28.01,0.0,0.0,0.0,33.86,0.0,12.84,100.0,True
CAND_02549,Co14.48Mn27.95Mo25.48Ti13.53V18.56,5,0.0,14.48,0.0,0.0,0.0,27.95,25.48,0.0,0.0,13.53,18.56,0.0,100.0,True
CAND_02550,Co23.50Cr11.60Cu11.51Mn31.18W22.21,5,0.0,23.5,11.6,11.51,0.0,31.18,0.0,0.0,0.0,0.0,0.0,22.21,100.0,True
CAND_02551,Cr31.68Cu27.94Mo20.10Ti20.28,4,0.0,0.0,31.68,27.94,0.0,0.0,20.1,0.0,0.0,20.28,0.0,0.0,100.0,True
CAND_02552,Co37.73Nb13.50Ti10.34V38.43,4,0.0,37.73,0.0,0.0,0.0,0.0,0.0,13.5,0.0,10.34,38.43,0.0,100.0,True
CAND_02553,Al15.81Co22.22Fe11.49Nb8.78W41.70,5,15.81,22.22,0.0,0.0,11.49,0.0,0.0,8.78,0.0,0.0,0.0,41.7,100.0,True
CAND_02554,Nb19.50Ti34.40V25.67W20.43,4,0.0,0.0,0.0,0.0,0.0,0.0,0.0,19.5,0.0,34.4,25.67,20.43,100.0,True
CAND_02555,Co31.38Cu11.40Fe17.80Ni26.64W12.78,5,0.0,31.38,0.0,11.4,17.8,0.0,0.0,0.0,26.64,0.0,0.0,12.78,100.0,True
CAND_02556,Al25.35Co12.51Cr22.71Nb23.38Ni16.05,5,25.35,12.51,22.71,0.0,0.0,0.0,0.0,23.38,16.05,0.0,0.0,0.0,100.0,True
CAND_02557,Cr31.07Cu11.24Fe27.02V30.67,4,0.0,0.0,31.07,11.24,27.02,0.0,0.0,0.0,0.0,0.0,30.67,0.0,100.0,True
CAND_02558,Co8.43Cr5.65Cu19.73Fe10.33Ti33.37V22.49,6,0.0,8.43,5.65,19.73,10.33,0.0,0.0,0.0,0.0,33.37,22.49,0.0,99.99999999999999,True
CAND_02559,Al42.10Nb8.86V25.14W23.90,4,42.1,0.0,0.0,0.0,0.0,0.0,0.0,8.86,0.0,0.0,25.14,23.9,100.0,True
CAND_02560,Al7.89Cu11.29Mo16.53Nb15.40Ni18.92W29.97,6,7.89,0.0,0.0,11.29,0.0,0.0,16.53,15.4,18.92,0.0,0.0,29.97,100.0,True
CAND_02561,Al9.96Mn22.67Ni7.05Ti31.38W28.94,5,9.96,0.0,0.0,0.0,0.0,22.67,0.0,0.0,7.05,31.38,0.0,28.94,100.0,True
CAND_02562,Al9.38Cr10.24Cu25.46Fe19.57Mn23.83V11.52,6,9.38,0.0,10.24,25.46,19.57,23.83,0.0,0.0,0.0,0.0,11.52,0.0,100.0,True
CAND_02563,Cr8.69Cu43.10Mo36.22Ti11.99,4,0.0,0.0,8.69,43.1,0.0,0.0,36.22,0.0,0.0,11.99,0.0,0.0,99.99999999999999,True
CAND_02564,Co25.71Cu35.24Mn10.76Mo5.22Ni23.07,5,0.0,25.71,0.0,35.24,0.0,10.76,5.22,0.0,23.07,0.0,0.0,0.0,100.0,True
CAND_02565,Cr24.07Fe23.10Mn23.01Mo19.54Ti10.28,5,0.0,0.0,24.07,0.0,23.1,23.01,19.54,0.0,0.0,10.28,0.0,0.0,100.0,True
CAND_02566,Al7.58Co22.09Fe31.44Nb18.64Ni14.25W6.00,6,7.58,22.09,0.0,0.0,31.44,0.0,0.0,18.64,14.25,0.0,0.0,6.0,100.0,True
CAND_02567,Cr9.44Nb37.65Ni15.21V25.36W12.34,5,0.0,0.0,9.44,0.0,0.0,0.0,0.0,37.65,15.21,0.0,25.36,12.34,100.0,True
CAND_02568,Al8.64Co19.70Cu13.16Mo43.75Nb14.75,5,8.64,19.7,0.0,13.16,0.0,0.0,43.75,14.75,0.0,0.0,0.0,0.0,100.0,True
CAND_02569,Al16.60Mn26.16Nb28.49V19.41W9.34,5,16.6,0.0,0.0,0.0,0.0,26.16,0.0,28.49,0.0,0.0,19.41,9.34,100.0,True
CAND_02570,Fe11.64Mn18.32Mo34.58Nb26.78Ni8.68,5,0.0,0.0,0.0,0.0,11.64,18.32,34.58,26.78,8.68,0.0,0.0,0.0,100.0,True
CAND_02571,Co12.38Cr34.88Nb17.51Ni16.68W18.55,5,0.0,12.38,34.88,0.0,0.0,0.0,0.0,17.51,16.68,0.0,0.0,18.55,100.00000000000001,True
CAND_02572,Al23.20Cr29.27Cu19.68Mn17.29Ti10.56,5,23.2,0.0,29.27,19.68,0.0,17.29,0.0,0.0,0.0,10.56,0.0,0.0,100.0,True
CAND_02573,Co11.88Cu8.62Mn36.05Nb26.92Ni11.48Ti5.05,6,0.0,11.88,0.0,8.62,0.0,36.05,0.0,26.92,11.48,5.05,0.0,0.0,100.0,True
CAND_02574,Mn30.64Mo27.20Ni5.78Ti13.62V9.92W12.84,6,0.0,0.0,0.0,0.0,0.0,30.64,27.2,0.0,5.78,13.62,9.92,12.84,100.00000000000001,True
CAND_02575,Fe7.51Mo24.72Nb15.74Ti16.56V23.54W11.93,6,0.0,0.0,0.0,0.0,7.51,0.0,24.72,15.74,0.0,16.56,23.54,11.93,100.0,True
CAND_02576,Al20.28Cu38.84Mo11.26V29.62,4,20.28,0.0,0.0,38.84,0.0,0.0,11.26,0.0,0.0,0.0,29.62,0.0,100.00000000000001,True
CAND_02577,Co28.69Mo35.19Nb21.62V14.50,4,0.0,28.69,0.0,0.0,0.0,0.0,35.19,21.62,0.0,0.0,14.5,0.0,100.0,True
CAND_02578,Al29.62Cr29.26Nb17.81Ti23.31,4,29.62,0.0,29.26,0.0,0.0,0.0,0.0,17.81,0.0,23.31,0.0,0.0,100.0,True
CAND_02579,Al27.27Cu31.25Fe14.00Mo7.43Ni20.05,5,27.27,0.0,0.0,31.25,14.0,0.0,7.43,0.0,20.05,0.0,0.0,0.0,99.99999999999999,True
CAND_02580,Cu41.04Mn18.25Nb29.46V11.25,4,0.0,0.0,0.0,41.04,0.0,18.25,0.0,29.46,0.0,0.0,11.25,0.0,100.0,True
CAND_02581,Fe42.53Mo23.27Ti19.42W14.78,4,0.0,0.0,0.0,0.0,42.53,0.0,23.27,0.0,0.0,19.42,0.0,14.78,100.0,True
CAND_02582,Al40.47Co37.98Cr14.58Ni6.97,4,40.47,37.98,14.58,0.0,0.0,0.0,0.0,0.0,6.97,0.0,0.0,0.0,99.99999999999999,True
CAND_02583,Mn22.34Mo28.41Ti18.71W30.54,4,0.0,0.0,0.0,0.0,0.0,22.34,28.41,0.0,0.0,18.71,0.0,30.54,100.0,True
CAND_02584,Co19.79Cr13.44Mn18.70Nb7.87Ti16.90V23.30,6,0.0,19.79,13.44,0.0,0.0,18.7,0.0,7.87,0.0,16.9,23.3,0.0,99.99999999999999,True
CAND_02585,Cr15.19Mn7.38Mo8.97Nb14.64Ti21.87V31.95,6,0.0,0.0,15.19,0.0,0.0,7.38,8.97,14.64,0.0,21.87,31.95,0.0,100.0,True
CAND_02586,Al7.41Cr22.91Cu35.96Fe9.82V10.55W13.35,6,7.41,0.0,22.91,35.96,9.82,0.0,0.0,0.0,0.0,0.0,10.55,13.35,99.99999999999999,True
CAND_02587,Al22.10Co12.23Cr40.56Mn19.26Ni5.85,5,22.1,12.23,40.56,0.0,0.0,19.26,0.0,0.0,5.85,0.0,0.0,0.0,100.0,True
CAND_02588,Al5.65Co30.96Mn17.93Nb11.83Ni12.49Ti21.14,6,5.65,30.96,0.0,0.0,0.0,17.93,0.0,11.83,12.49,21.14,0.0,0.0,100.0,True
CAND_02589,Cr20.19Fe14.42Nb21.82Ti21.88V6.84W14.85,6,0.0,0.0,20.19,0.0,14.42,0.0,0.0,21.82,0.0,21.88,6.84,14.85,100.0,True
CAND_02590,Co37.63Cu11.66Mo11.92Nb28.42Ni10.37,5,0.0,37.63,0.0,11.66,0.0,0.0,11.92,28.42,10.37,0.0,0.0,0.0,100.00000000000001,True
CAND_02591,Co24.84Cu28.77Fe21.46Mo24.93,4,0.0,24.84,0.0,28.77,21.46,0.0,24.93,0.0,0.0,0.0,0.0,0.0,100.0,True
CAND_02592,Al21.36Cu6.68Fe10.81Ni5.97Ti12.55W42.63,6,21.36,0.0,0.0,6.68,10.81,0.0,0.0,0.0,5.97,12.55,0.0,42.63,100.0,True
CAND_02593,Fe10.98Mo40.28Nb22.53Ni6.90W19.31,5,0.0,0.0,0.0,0.0,10.98,0.0,40.28,22.53,6.9,0.0,0.0,19.31,100.00000000000001,True
CAND_02594,Al10.88Co21.83Cr7.75Cu20.08Mo22.80Nb16.66,6,10.88,21.83,7.75,20.08,0.0,0.0,22.8,16.66,0.0,0.0,0.0,0.0,100.0,True
CAND_02595,Al27.70Cu38.97Mo8.97Ni24.36,4,27.7,0.0,0.0,38.97,0.0,0.0,8.97,0.0,24.36,0.0,0.0,0.0,100.0,True
CAND_02596,Al29.35Ni27.05V32.30W11.30,4,29.35,0.0,0.0,0.0,0.0,0.0,0.0,0.0,27.05,0.0,32.3,11.3,100.0,True
CAND_02597,Co18.19Cr6.21Mo9.93Nb36.21V29.46,5,0.0,18.19,6.21,0.0,0.0,0.0,9.93,36.21,0.0,0.0,29.46,0.0,100.0,True
CAND_02598,Al21.01Co25.91Cr35.12Nb10.18Ni7.78,5,21.01,25.91,35.12,0.0,0.0,0.0,0.0,10.18,7.78,0.0,0.0,0.0,100.0,True
CAND_02599,Al10.96Co12.52Nb14.06Ti24.67V32.61W5.18,6,10.96,12.52,0.0,0.0,0.0,0.0,0.0,14.06,0.0,24.67,32.61,5.18,100.0,True
CAND_02600,Co24.88Cu8.47Fe20.90Nb12.52Ni33.23,5,0.0,24.88,0.0,8.47,20.9,0.0,0.0,12.52,33.23,0.0,0.0,0.0,100.0,True
CAND_02601,Cu14.00Fe38.67Mn11.45Nb20.62Ti15.26,5,0.0,0.0,0.0,14.0,38.67,11.45,0.0,20.62,0.0,15.26,0.0,0.0,100.00000000000001,True
CAND_02602,Al26.43Cu12.64Mn11.47Nb10.07Ni30.12Ti9.27,6,26.43,0.0,0.0,12.64,0.0,11.47,0.0,10.07,30.12,9.27,0.0,0.0,100.0,True
CAND_02603,Cu22.72Fe30.59Mn11.95Ni9.62V25.12,5,0.0,0.0,0.0,22.72,30.59,11.95,0.0,0.0,9.62,0.0,25.12,0.0,100.00000000000001,True
CAND_02604,Al23.60Cu10.30Fe29.09Ni37.01,4,23.6,0.0,0.0,10.3,29.09,0.0,0.0,0.0,37.01,0.0,0.0,0.0,100.0,True
CAND_02605,Cr19.84Fe42.77Ti16.96W20.43,4,0.0,0.0,19.84,0.0,42.77,0.0,0.0,0.0,0.0,16.96,0.0,20.43,100.0,True
CAND_02606,Co30.73Mo28.39Nb11.70Ti29.18,4,0.0,30.73,0.0,0.0,0.0,0.0,28.39,11.7,0.0,29.18,0.0,0.0,100.0,True
CAND_02607,Al7.81Mo26.78Ni32.54V17.55W15.32,5,7.81,0.0,0.0,0.0,0.0,0.0,26.78,0.0,32.54,0.0,17.55,15.32,100.0,True
CAND_02608,Cr37.42Fe43.95Mn5.46Mo13.17,4,0.0,0.0,37.42,0.0,43.95,5.46,13.17,0.0,0.0,0.0,0.0,0.0,100.0,True
CAND_02609,Mo32.50Nb35.58Ni16.84W15.08,4,0.0,0.0,0.0,0.0,0.0,0.0,32.5,35.58,16.84,0.0,0.0,15.08,100.0,True
CAND_02610,Al5.39Cu25.69Fe35.48V33.44,4,5.39,0.0,0.0,25.69,35.48,0.0,0.0,0.0,0.0,0.0,33.44,0.0,100.0,True
CAND_02611,Co32.86Mn12.66Nb11.86Ni36.22W6.40,5,0.0,32.86,0.0,0.0,0.0,12.66,0.0,11.86,36.22,0.0,0.0,6.4,100.0,True
CAND_02612,Co21.31Cr14.03Cu31.17Fe14.96Mo7.94Ti10.59,6,0.0,21.31,14.03,31.17,14.96,0.0,7.94,0.0,0.0,10.59,0.0,0.0,100.0,True
CAND_02613,Co31.08Fe7.67Mo23.40Ni37.85,4,0.0,31.08,0.0,0.0,7.67,0.0,23.4,0.0,37.85,0.0,0.0,0.0,100.0,True
CAND_02614,Al27.87Cu33.35Ni21.52V17.26,4,27.87,0.0,0.0,33.35,0.0,0.0,0.0,0.0,21.52,0.0,17.26,0.0,100.0,True
CAND_02615,Al8.74Fe8.68Nb21.74Ti41.87V7.75W11.22,6,8.74,0.0,0.0,0.0,8.68,0.0,0.0,21.74,0.0,41.87,7.75,11.22,100.0,True
CAND_02616,Cr15.46Fe17.20Mn5.32Nb34.25Ni13.32V14.45,6,0.0,0.0,15.46,0.0,17.2,5.32,0.0,34.25,13.32,0.0,14.45,0.0,99.99999999999999,True
CAND_02617,Co27.82Cu31.62Fe7.99Mn7.18Ni8.48W16.91,6,0.0,27.82,0.0,31.62,7.99,7.18,0.0,0.0,8.48,0.0,0.0,16.91,99.99999999999999,True
CAND_02618,Cu14.45Fe39.05Nb5.54Ti15.66V25.30,5,0.0,0.0,0.0,14.45,39.05,0.0,0.0,5.54,0.0,15.66,25.3,0.0,100.0,True
CAND_02619,Fe18.62Mn8.31Ni15.27Ti9.17V26.67W21.96,6,0.0,0.0,0.0,0.0,18.62,8.31,0.0,0.0,15.27,9.17,26.67,21.96,100.0,True
CAND_02620,Co24.49Cr8.30Cu27.54Fe16.22Ti23.45,5,0.0,24.49,8.3,27.54,16.22,0.0,0.0,0.0,0.0,23.45,0.0,0.0,100.0,True
CAND_02621,Al16.72Cr7.15Fe39.52Ti36.61,4,16.72,0.0,7.15,0.0,39.52,0.0,0.0,0.0,0.0,36.61,0.0,0.0,100.0,True
CAND_02622,Cu30.01Fe10.70Mo10.58Ti15.86V32.85,5,0.0,0.0,0.0,30.01,10.7,0.0,10.58,0.0,0.0,15.86,32.85,0.0,100.0,True
CAND_02623,Al9.12Co10.09Cr21.85Cu35.04Mn12.60Ti11.30,6,9.12,10.09,21.85,35.04,0.0,12.6,0.0,0.0,0.0,11.3,0.0,0.0,99.99999999999999,True
CAND_02624,Al20.48Cr7.73Nb16.00Ni17.68V17.48W20.63,6,20.48,0.0,7.73,0.0,0.0,0.0,0.0,16.0,17.68,0.0,17.48,20.63,100.0,True
CAND_02625,Fe39.51Mo19.22Nb16.11Ti13.80W11.36,5,0.0,0.0,0.0,0.0,39.51,0.0,19.22,16.11,0.0,13.8,0.0,11.36,100.0,True
CAND_02626,Mn11.42Mo6.58Nb19.61Ni27.34W35.05,5,0.0,0.0,0.0,0.0,0.0,11.42,6.58,19.61,27.34,0.0,0.0,35.05,100.0,True
CAND_02627,Cu8.90Mo19.33Nb20.07Ni24.78Ti12.71V14.21,6,0.0,0.0,0.0,8.9,0.0,0.0,19.33,20.07,24.78,12.71,14.21,0.0,100.0,True
CAND_02628,Co31.84Cu13.06Mn34.40Nb13.41W7.29,5,0.0,31.84,0.0,13.06,0.0,34.4,0.0,13.41,0.0,0.0,0.0,7.29,100.0,True
CAND_02629,Al21.62Mo27.82Ni43.63W6.93,4,21.62,0.0,0.0,0.0,0.0,0.0,27.82,0.0,43.63,0.0,0.0,6.93,100.0,True
CAND_02630,Al8.55Co40.99Mn21.18Mo29.28,4,8.55,40.99,0.0,0.0,0.0,21.18,29.28,0.0,0.0,0.0,0.0,0.0,100.0,True
CAND_02631,Mn22.52Nb36.12Ti30.01W11.35,4,0.0,0.0,0.0,0.0,0.0,22.52,0.0,36.12,0.0,30.01,0.0,11.35,100.0,True
CAND_02632,Al27.86Co24.12Cu17.94Ti5.11V12.67W12.30,6,27.86,24.12,0.0,17.94,0.0,0.0,0.0,0.0,0.0,5.11,12.67,12.3,100.0,True
CAND_02633,Cr28.30Cu18.61Nb44.38V8.71,4,0.0,0.0,28.3,18.61,0.0,0.0,0.0,44.38,0.0,0.0,8.71,0.0,100.0,True
CAND_02634,Al9.06Cu18.83Mn22.53Mo12.93Ni22.81V13.84,6,9.06,0.0,0.0,18.83,0.0,22.53,12.93,0.0,22.81,0.0,13.84,0.0,100.0,True
CAND_02635,Co42.57Cr22.39Cu23.61Nb11.43,4,0.0,42.57,22.39,23.61,0.0,0.0,0.0,11.43,0.0,0.0,0.0,0.0,100.0,True
CAND_02636,Al16.57Cu12.05Mo15.15Nb17.15Ti29.29V9.79,6,16.57,0.0,0.0,12.05,0.0,0.0,15.15,17.15,0.0,29.29,9.79,0.0,100.0,True
CAND_02637,Al9.02Cu9.70Fe23.86Ni22.10Ti24.23W11.09,6,9.02,0.0,0.0,9.7,23.86,0.0,0.0,0.0,22.1,24.23,0.0,11.09,100.00000000000001,True
CAND_02638,Co14.07Cr17.00Mo6.63Ni8.15Ti25.49V28.66,6,0.0,14.07,17.0,0.0,0.0,0.0,6.63,0.0,8.15,25.49,28.66,0.0,100.0,True
CAND_02639,Cu20.46Fe12.92Mo13.27Ti33.23W20.12,5,0.0,0.0,0.0,20.46,12.92,0.0,13.27,0.0,0.0,33.23,0.0,20.12,100.0,True
CAND_02640,Al9.83Co24.65Cu14.09Fe19.14Mn6.88Ti25.41,6,9.83,24.65,0.0,14.09,19.14,6.88,0.0,0.0,0.0,25.41,0.0,0.0,99.99999999999999,True
CAND_02641,Al19.25Co21.05Mn24.99Mo9.64W25.07,5,19.25,21.05,0.0,0.0,0.0,24.99,9.64,0.0,0.0,0.0,0.0,25.07,100.0,True
CAND_02642,Co14.30Cr16.06Cu19.78Mo27.04Nb11.43Ni11.39,6,0.0,14.3,16.06,19.78,0.0,0.0,27.04,11.43,11.39,0.0,0.0,0.0,100.00000000000001,True
CAND_02643,Al21.55Cr14.67Mn27.16Nb11.88Ti24.74,5,21.55,0.0,14.67,0.0,0.0,27.16,0.0,11.88,0.0,24.74,0.0,0.0,99.99999999999999,True
CAND_02644,Al26.16Cr29.03Ni20.41Ti24.40,4,26.16,0.0,29.03,0.0,0.0,0.0,0.0,0.0,20.41,24.4,0.0,0.0,100.0,True
CAND_02645,Al42.61Cu23.08Mn12.67Mo21.64,4,42.61,0.0,0.0,23.08,0.0,12.67,21.64,0.0,0.0,0.0,0.0,0.0,100.0,True
CAND_02646,Al32.56Cr20.52Mo21.07Nb15.79Ni10.06,5,32.56,0.0,20.52,0.0,0.0,0.0,21.07,15.79,10.06,0.0,0.0,0.0,100.0,True
CAND_02647,Cu35.16Fe8.78V12.56W43.50,4,0.0,0.0,0.0,35.16,8.78,0.0,0.0,0.0,0.0,0.0,12.56,43.5,100.0,True
CAND_02648,Al18.42Co25.29Cr15.09Cu5.16Nb19.52V16.52,6,18.42,25.29,15.09,5.16,0.0,0.0,0.0,19.52,0.0,0.0,16.52,0.0,99.99999999999999,True
CAND_02649,Cr9.47Cu41.89Ni21.16V5.50W21.98,5,0.0,0.0,9.47,41.89,0.0,0.0,0.0,0.0,21.16,0.0,5.5,21.98,100.0,True
CAND_02650,Mn17.02Nb30.62Ti25.28V13.43W13.65,5,0.0,0.0,0.0,0.0,0.0,17.02,0.0,30.62,0.0,25.28,13.43,13.65,100.0,True
CAND_02651,Al9.50Cr15.50Cu18.83Mn18.49Ni37.68,5,9.5,0.0,15.5,18.83,0.0,18.49,0.0,0.0,37.68,0.0,0.0,0.0,100.0,True
CAND_02652,Al20.32Co28.17Cr7.09Mo10.62Ni16.58Ti17.22,6,20.32,28.17,7.09,0.0,0.0,0.0,10.62,0.0,16.58,17.22,0.0,0.0,100.0,True
CAND_02653,Cr20.51Nb11.05Ni26.69V12.81W28.94,5,0.0,0.0,20.51,0.0,0.0,0.0,0.0,11.05,26.69,0.0,12.81,28.94,100.0,True
CAND_02654,Cu6.16Mn14.60Nb19.98Ni22.77Ti9.84W26.65,6,0.0,0.0,0.0,6.16,0.0,14.6,0.0,19.98,22.77,9.84,0.0,26.65,100.0,True
CAND_02655,Co18.51Fe27.15Mn12.98Mo8.00Ti33.36,5,0.0,18.51,0.0,0.0,27.15,12.98,8.0,0.0,0.0,33.36,0.0,0.0,100.0,True
CAND_02656,Co43.91Mn16.14Mo9.90Ti10.86V6.55W12.64,6,0.0,43.91,0.0,0.0,0.0,16.14,9.9,0.0,0.0,10.86,6.55,12.64,100.0,True
CAND_02657,Al20.88Cr32.86Cu11.91Mo34.35,4,20.88,0.0,32.86,11.91,0.0,0.0,34.35,0.0,0.0,0.0,0.0,0.0,100.0,True
CAND_02658,Al28.88Co17.51Cr16.07Cu28.77Ni8.77,5,28.88,17.51,16.07,28.77,0.0,0.0,0.0,0.0,8.77,0.0,0.0,0.0,100.0,True
CAND_02659,Co18.84Cu31.62Fe14.26Ni17.41Ti17.87,5,0.0,18.84,0.0,31.62,14.26,0.0,0.0,0.0,17.41,17.87,0.0,0.0,100.0,True
CAND_02660,Al22.13Fe11.31Mn20.01Ni11.28Ti35.27,5,22.13,0.0,0.0,0.0,11.31,20.01,0.0,0.0,11.28,35.27,0.0,0.0,100.0,True
CAND_02661,Cr22.67Fe9.97Nb23.34Ni44.02,4,0.0,0.0,22.67,0.0,9.97,0.0,0.0,23.34,44.02,0.0,0.0,0.0,100.0,True
CAND_02662,Mn8.19Mo23.14Ti24.06V34.76W9.85,5,0.0,0.0,0.0,0.0,0.0,8.19,23.14,0.0,0.0,24.06,34.76,9.85,100.0,True
CAND_02663,Al5.86Co25.68Ni38.81V29.65,4,5.86,25.68,0.0,0.0,0.0,0.0,0.0,0.0,38.81,0.0,29.65,0.0,100.0,True
CAND_02664,Cu27.92Mn23.96Ni19.99Ti28.13,4,0.0,0.0,0.0,27.92,0.0,23.96,0.0,0.0,19.99,28.13,0.0,0.0,100.0,True
CAND_02665,Cu12.93Mn18.79Mo10.98Ti13.34W43.96,5,0.0,0.0,0.0,12.93,0.0,18.79,10.98,0.0,0.0,13.34,0.0,43.96,100.0,True
CAND_02666,Cr19.31Fe39.19Mo16.93Ni11.17Ti6.39V7.01,6,0.0,0.0,19.31,0.0,39.19,0.0,16.93,0.0,11.17,6.39,7.01,0.0,100.00000000000001,True
CAND_02667,Cu18.54Fe9.99Ni12.64Ti42.16V16.67,5,0.0,0.0,0.0,18.54,9.99,0.0,0.0,0.0,12.64,42.16,16.67,0.0,100.0,True
CAND_02668,Fe30.65Mo35.28Ni11.62V22.45,4,0.0,0.0,0.0,0.0,30.65,0.0,35.28,0.0,11.62,0.0,22.45,0.0,100.00000000000001,True
CAND_02669,Cu18.91Fe15.38Mn44.47W21.24,4,0.0,0.0,0.0,18.91,15.38,44.47,0.0,0.0,0.0,0.0,0.0,21.24,99.99999999999999,True
CAND_02670,Co30.32Cu31.47Ti6.07V32.14,4,0.0,30.32,0.0,31.47,0.0,0.0,0.0,0.0,0.0,6.07,32.14,0.0,100.0,True
CAND_02671,Co16.56Cr38.22Cu15.72Nb23.16W6.34,5,0.0,16.56,38.22,15.72,0.0,0.0,0.0,23.16,0.0,0.0,0.0,6.34,100.0,True
CAND_02672,Al6.30Co15.46Ni40.08Ti38.16,4,6.3,15.46,0.0,0.0,0.0,0.0,0.0,0.0,40.08,38.16,0.0,0.0,100.0,True
CAND_02673,Co8.12Nb8.52Ni38.78V44.58,4,0.0,8.12,0.0,0.0,0.0,0.0,0.0,8.52,38.78,0.0,44.58,0.0,100.0,True
CAND_02674,Al23.09Cr41.03Nb9.51Ni8.97V17.40,5,23.09,0.0,41.03,0.0,0.0,0.0,0.0,9.51,8.97,0.0,17.4,0.0,100.0,True
CAND_02675,Cr27.53Nb18.40Ti19.05V18.64W16.38,5,0.0,0.0,27.53,0.0,0.0,0.0,0.0,18.4,0.0,19.05,18.64,16.38,100.0,True
CAND_02676,Al17.10Co24.34Mn21.62Mo14.53Nb22.41,5,17.1,24.34,0.0,0.0,0.0,21.62,14.53,22.41,0.0,0.0,0.0,0.0,100.0,True
CAND_02677,Al25.06Co6.41Fe26.36Mn29.88Mo12.29,5,25.06,6.41,0.0,0.0,26.36,29.88,12.29,0.0,0.0,0.0,0.0,0.0,100.0,True
CAND_02678,Al20.65Co12.75Nb31.55Ti5.88V17.54W11.63,6,20.65,12.75,0.0,0.0,0.0,0.0,0.0,31.55,0.0,5.88,17.54,11.63,100.0,True
CAND_02679,Al15.14Nb21.01Ti8.49V23.01W32.35,5,15.14,0.0,0.0,0.0,0.0,0.0,0.0,21.01,0.0,8.49,23.01,32.35,100.0,True
CAND_02680,Co27.59Cr8.18Fe17.65Nb11.47Ni13.54Ti21.57,6,0.0,27.59,8.18,0.0,17.65,0.0,0.0,11.47,13.54,21.57,0.0,0.0,100.0,True
CAND_02681,Al7.75Cr20.66V30.84W40.75,4,7.75,0.0,20.66,0.0,0.0,0.0,0.0,0.0,0.0,0.0,30.84,40.75,100.0,True
CAND_02682,Cu27.80Fe15.57Mn24.01Mo20.04Ni6.57W6.01,6,0.0,0.0,0.0,27.8,15.57,24.01,20.04,0.0,6.57,0.0,0.0,6.01,100.00000000000001,True
CAND_02683,Al11.30Co36.48Cr14.69Nb6.24Ni13.32V17.97,6,11.3,36.48,14.69,0.0,0.0,0.0,0.0,6.24,13.32,0.0,17.97,0.0,100.0,True
CAND_02684,Al26.09Cr6.88Fe28.49Mo14.84V23.70,5,26.09,0.0,6.88,0.0,28.49,0.0,14.84,0.0,0.0,0.0,23.7,0.0,100.0,True
CAND_02685,Fe25.40Ni15.81V14.94W43.85,4,0.0,0.0,0.0,0.0,25.4,0.0,0.0,0.0,15.81,0.0,14.94,43.85,100.0,True
CAND_02686,Cr12.44Mo18.74Ni35.31Ti18.19V15.32,5,0.0,0.0,12.44,0.0,0.0,0.0,18.74,0.0,35.31,18.19,15.32,0.0,100.0,True
CAND_02687,Cr26.41Cu14.88Nb42.74Ti15.97,4,0.0,0.0,26.41,14.88,0.0,0.0,0.0,42.74,0.0,15.97,0.0,0.0,100.0,True
CAND_02688,Co33.05Nb19.36V13.03W34.56,4,0.0,33.05,0.0,0.0,0.0,0.0,0.0,19.36,0.0,0.0,13.03,34.56,100.0,True
CAND_02689,Al9.28Fe14.85Mn7.55Ti24.51V24.83W18.98,6,9.28,0.0,0.0,0.0,14.85,7.55,0.0,0.0,0.0,24.51,24.83,18.98,100.0,True
CAND_02690,Co17.99Mo41.95Nb34.15Ti5.91,4,0.0,17.99,0.0,0.0,0.0,0.0,41.95,34.15,0.0,5.91,0.0,0.0,100.0,True
CAND_02691,Al12.47Co18.52Mn21.88Nb19.12V11.28W16.73,6,12.47,18.52,0.0,0.0,0.0,21.88,0.0,19.12,0.0,0.0,11.28,16.73,100.00000000000001,True
CAND_02692,Co29.16Fe19.85Mo38.82W12.17,4,0.0,29.16,0.0,0.0,19.85,0.0,38.82,0.0,0.0,0.0,0.0,12.17,100.00000000000001,True
CAND_02693,Al16.34Cu29.92Fe28.48Mn25.26,4,16.34,0.0,0.0,29.92,28.48,25.26,0.0,0.0,0.0,0.0,0.0,0.0,100.00000000000001,True
CAND_02694,Al33.22Cr8.67Mo38.98Nb19.13,4,33.22,0.0,8.67,0.0,0.0,0.0,38.98,19.13,0.0,0.0,0.0,0.0,100.0,True
CAND_02695,Cr28.23Mn39.13Ti23.63W9.01,4,0.0,0.0,28.23,0.0,0.0,39.13,0.0,0.0,0.0,23.63,0.0,9.01,100.0,True
CAND_02696,Co35.25Cr8.68Cu22.66Ni33.41,4,0.0,35.25,8.68,22.66,0.0,0.0,0.0,0.0,33.41,0.0,0.0,0.0,100.0,True
CAND_02697,Al44.15Co12.25Cu12.40Mn11.61Mo8.75W10.84,6,44.15,12.25,0.0,12.4,0.0,11.61,8.75,0.0,0.0,0.0,0.0,10.84,100.0,True
CAND_02698,Al13.63Fe28.85Mn17.78Ni19.79Ti11.68W8.27,6,13.63,0.0,0.0,0.0,28.85,17.78,0.0,0.0,19.79,11.68,0.0,8.27,100.00000000000001,True
CAND_02699,Al28.14Cu17.20Fe9.58Mo9.23Ni19.44Ti16.41,6,28.14,0.0,0.0,17.2,9.58,0.0,9.23,0.0,19.44,16.41,0.0,0.0,100.0,True
CAND_02700,Al24.76Cu7.16Mo30.15Ni10.92Ti10.40V16.61,6,24.76,0.0,0.0,7.16,0.0,0.0,30.15,0.0,10.92,10.4,16.61,0.0,100.0,True
CAND_02701,Al5.29Fe12.19Ni39.68Ti33.44V9.40,5,5.29,0.0,0.0,0.0,12.19,0.0,0.0,0.0,39.68,33.44,9.4,0.0,100.0,True
CAND_02702,Co27.75Cr10.47Mn27.13Mo10.28Ti10.27W14.10,6,0.0,27.75,10.47,0.0,0.0,27.13,10.28,0.0,0.0,10.27,0.0,14.1,99.99999999999999,True
CAND_02703,Al13.20Cr21.45Cu12.12Fe13.73Ti31.49V8.01,6,13.2,0.0,21.45,12.12,13.73,0.0,0.0,0.0,0.0,31.49,8.01,0.0,100.0,True
CAND_02704,Co24.71Cr7.76Mn11.86Ti14.97V25.96W14.74,6,0.0,24.71,7.76,0.0,0.0,11.86,0.0,0.0,0.0,14.97,25.96,14.74,99.99999999999999,True
CAND_02705,Cr18.93Cu29.94Mn35.35Ti15.78,4,0.0,0.0,18.93,29.94,0.0,35.35,0.0,0.0,0.0,15.78,0.0,0.0,100.0,True
CAND_02706,Al20.22Co7.02Cr6.73Cu24.50W41.53,5,20.22,7.02,6.73,24.5,0.0,0.0,0.0,0.0,0.0,0.0,0.0,41.53,100.0,True
CAND_02707,Co18.56Cr15.33Cu25.50Mn31.47Ti9.14,5,0.0,18.56,15.33,25.5,0.0,31.47,0.0,0.0,0.0,9.14,0.0,0.0,100.0,True
CAND_02708,Al13.99Mn36.01Mo30.53Ti19.47,4,13.99,0.0,0.0,0.0,0.0,36.01,30.53,0.0,0.0,19.47,0.0,0.0,100.0,True
CAND_02709,Al31.03Nb35.86Ni16.72Ti16.39,4,31.03,0.0,0.0,0.0,0.0,0.0,0.0,35.86,16.72,16.39,0.0,0.0,100.0,True
CAND_02710,Cu32.59Mn9.73Mo21.32Nb36.36,4,0.0,0.0,0.0,32.59,0.0,9.73,21.32,36.36,0.0,0.0,0.0,0.0,100.0,True
CAND_02711,Cr24.73Cu22.67Mn26.60Nb8.41Ni17.59,5,0.0,0.0,24.73,22.67,0.0,26.6,0.0,8.41,17.59,0.0,0.0,0.0,100.0,True
CAND_02712,Al32.79Cu6.27Mn6.88Ni18.69Ti10.30W25.07,6,32.79,0.0,0.0,6.27,0.0,6.88,0.0,0.0,18.69,10.3,0.0,25.07,100.0,True
CAND_02713,Cu41.14Mn13.13Mo19.65Ni26.08,4,0.0,0.0,0.0,41.14,0.0,13.13,19.65,0.0,26.08,0.0,0.0,0.0,100.0,True
CAND_02714,Cr16.55Fe7.10Ti37.46V31.19W7.70,5,0.0,0.0,16.55,0.0,7.1,0.0,0.0,0.0,0.0,37.46,31.19,7.7,100.0,True
CAND_02715,Co8.41Cu31.89V24.49W35.21,4,0.0,8.41,0.0,31.89,0.0,0.0,0.0,0.0,0.0,0.0,24.49,35.21,100.0,True
CAND_02716,Cr28.75Cu26.58Ni12.58Ti32.09,4,0.0,0.0,28.75,26.58,0.0,0.0,0.0,0.0,12.58,32.09,0.0,0.0,100.0,True
CAND_02717,Cr10.89Cu30.37Fe10.74Mo15.39Nb6.54Ni26.07,6,0.0,0.0,10.89,30.37,10.74,0.0,15.39,6.54,26.07,0.0,0.0,0.0,100.00000000000003,True
CAND_02718,Al27.61Fe36.06Nb21.02W15.31,4,27.61,0.0,0.0,0.0,36.06,0.0,0.0,21.02,0.0,0.0,0.0,15.31,100.0,True
CAND_02719,Co29.90Fe20.93Nb14.19Ni22.02V12.96,5,0.0,29.9,0.0,0.0,20.93,0.0,0.0,14.19,22.02,0.0,12.96,0.0,100.0,True
CAND_02720,Cr23.05Fe14.34Ti35.11W27.50,4,0.0,0.0,23.05,0.0,14.34,0.0,0.0,0.0,0.0,35.11,0.0,27.5,100.0,True
CAND_02721,Al9.49Cu16.99Fe7.00Mn30.91Mo7.41W28.20,6,9.49,0.0,0.0,16.99,7.0,30.91,7.41,0.0,0.0,0.0,0.0,28.2,100.0,True
CAND_02722,Al18.23Co13.76Cu31.83Mo36.18,4,18.23,13.76,0.0,31.83,0.0,0.0,36.18,0.0,0.0,0.0,0.0,0.0,100.0,True
CAND_02723,Cr10.30Mn39.78Mo32.38V17.54,4,0.0,0.0,10.3,0.0,0.0,39.78,32.38,0.0,0.0,0.0,17.54,0.0,100.0,True
CAND_02724,Co24.89Fe8.89Mn9.27Mo23.76V33.19,5,0.0,24.89,0.0,0.0,8.89,9.27,23.76,0.0,0.0,0.0,33.19,0.0,100.0,True
CAND_02725,Al5.46Cr23.96Mo8.97Nb15.37Ti39.27V6.97,6,5.46,0.0,23.96,0.0,0.0,0.0,8.97,15.37,0.0,39.27,6.97,0.0,100.0,True
CAND_02726,Al36.02Fe17.43Mo21.77V24.78,4,36.02,0.0,0.0,0.0,17.43,0.0,21.77,0.0,0.0,0.0,24.78,0.0,100.0,True
CAND_02727,Cr6.79Mo22.53Ni41.60Ti20.79W8.29,5,0.0,0.0,6.79,0.0,0.0,0.0,22.53,0.0,41.6,20.79,0.0,8.29,100.0,True
CAND_02728,Cu30.52Ni39.04Ti19.14V11.30,4,0.0,0.0,0.0,30.52,0.0,0.0,0.0,0.0,39.04,19.14,11.3,0.0,100.0,True
CAND_02729,Al36.20Fe9.50Mo9.71W44.59,4,36.2,0.0,0.0,0.0,9.5,0.0,9.71,0.0,0.0,0.0,0.0,44.59,100.0,True
CAND_02730,Al18.89Co16.90Cr30.02V5.62W28.57,5,18.89,16.9,30.02,0.0,0.0,0.0,0.0,0.0,0.0,0.0,5.62,28.57,100.0,True
CAND_02731,Al22.42Cr6.24Cu26.99Fe15.20Mo22.36W6.79,6,22.42,0.0,6.24,26.99,15.2,0.0,22.36,0.0,0.0,0.0,0.0,6.79,100.00000000000001,True
CAND_02732,Al18.14Cr34.49V38.64W8.73,4,18.14,0.0,34.49,0.0,0.0,0.0,0.0,0.0,0.0,0.0,38.64,8.73,100.00000000000001,True
CAND_02733,Co22.50Cu6.88Mn11.67Mo12.69Nb24.23Ti22.03,6,0.0,22.5,0.0,6.88,0.0,11.67,12.69,24.23,0.0,22.03,0.0,0.0,100.0,True
CAND_02734,Co18.09Mn30.25Ti10.99V40.67,4,0.0,18.09,0.0,0.0,0.0,30.25,0.0,0.0,0.0,10.99,40.67,0.0,100.0,True
CAND_02735,Al37.68Cr14.07Mo16.60Nb26.18Ti5.47,5,37.68,0.0,14.07,0.0,0.0,0.0,16.6,26.18,0.0,5.47,0.0,0.0,100.0,True
CAND_02736,Mn10.84Nb29.67Ni20.56Ti13.94W24.99,5,0.0,0.0,0.0,0.0,0.0,10.84,0.0,29.67,20.56,13.94,0.0,24.99,100.0,True
CAND_02737,Cr37.10Cu6.54Mn18.19Ni26.76V11.41,5,0.0,0.0,37.1,6.54,0.0,18.19,0.0,0.0,26.76,0.0,11.41,0.0,100.0,True
CAND_02738,Al11.57Co40.35Mo17.98Nb30.10,4,11.57,40.35,0.0,0.0,0.0,0.0,17.98,30.1,0.0,0.0,0.0,0.0,100.0,True
CAND_02739,Al5.79Fe17.78Mn32.78V15.84W27.81,5,5.79,0.0,0.0,0.0,17.78,32.78,0.0,0.0,0.0,0.0,15.84,27.81,100.0,True
CAND_02740,Fe12.14Mn28.11Mo15.15Nb29.14Ni10.43W5.03,6,0.0,0.0,0.0,0.0,12.14,28.11,15.15,29.14,10.43,0.0,0.0,5.03,100.0,True
CAND_02741,Co11.20Cu27.84Fe19.91Nb41.05,4,0.0,11.2,0.0,27.84,19.91,0.0,0.0,41.05,0.0,0.0,0.0,0.0,100.0,True
CAND_02742,Fe10.24Mo27.74Nb11.16Ni30.79Ti5.03W15.04,6,0.0,0.0,0.0,0.0,10.24,0.0,27.74,11.16,30.79,5.03,0.0,15.04,100.0,True
CAND_02743,Al13.61Cr14.19Cu24.06Mo14.41Nb28.11V5.62,6,13.61,0.0,14.19,24.06,0.0,0.0,14.41,28.11,0.0,0.0,5.62,0.0,100.0,True
CAND_02744,Al24.64Cu16.36Mn19.08Mo22.23Nb17.69,5,24.64,0.0,0.0,16.36,0.0,19.08,22.23,17.69,0.0,0.0,0.0,0.0,100.0,True
CAND_02745,Co8.02Cu24.34Mn9.12Nb21.99Ni36.53,5,0.0,8.02,0.0,24.34,0.0,9.12,0.0,21.99,36.53,0.0,0.0,0.0,100.0,True
CAND_02746,Cr26.52Mn26.84Mo9.33Ti27.70W9.61,5,0.0,0.0,26.52,0.0,0.0,26.84,9.33,0.0,0.0,27.7,0.0,9.61,100.0,True
CAND_02747,Al20.14Cr7.62Cu9.05Mn32.46Ni10.92V19.81,6,20.14,0.0,7.62,9.05,0.0,32.46,0.0,0.0,10.92,0.0,19.81,0.0,100.00000000000001,True
CAND_02748,Cu11.92Mn36.75Ti10.40W40.93,4,0.0,0.0,0.0,11.92,0.0,36.75,0.0,0.0,0.0,10.4,0.0,40.93,100.0,True
CAND_02749,Cr14.39Nb22.34V43.54W19.73,4,0.0,0.0,14.39,0.0,0.0,0.0,0.0,22.34,0.0,0.0,43.54,19.73,100.00000000000001,True
CAND_02750,Cr13.92Cu9.82Fe34.29Mo7.30Nb19.61Ti15.06,6,0.0,0.0,13.92,9.82,34.29,0.0,7.3,19.61,0.0,15.06,0.0,0.0,100.0,True
CAND_02751,Co17.59Cr16.37Nb20.45Ti25.23V20.36,5,0.0,17.59,16.37,0.0,0.0,0.0,0.0,20.45,0.0,25.23,20.36,0.0,100.0,True
CAND_02752,Al14.27Nb11.02Ni41.16Ti16.34V17.21,5,14.27,0.0,0.0,0.0,0.0,0.0,0.0,11.02,41.16,16.34,17.21,0.0,100.0,True
CAND_02753,Al43.13Cr12.65Fe23.52V20.70,4,43.13,0.0,12.65,0.0,23.52,0.0,0.0,0.0,0.0,0.0,20.7,0.0,100.0,True
CAND_02754,Cr42.53Fe15.81Mn25.70Mo15.96,4,0.0,0.0,42.53,0.0,15.81,25.7,15.96,0.0,0.0,0.0,0.0,0.0,100.0,True
CAND_02755,Cr30.38Cu14.77Fe5.56Ni19.59Ti20.70W9.00,6,0.0,0.0,30.38,14.77,5.56,0.0,0.0,0.0,19.59,20.7,0.0,9.0,100.0,True
CAND_02756,Al8.21Mn27.91Mo18.20Ni40.60Ti5.08,5,8.21,0.0,0.0,0.0,0.0,27.91,18.2,0.0,40.6,5.08,0.0,0.0,100.00000000000001,True
CAND_02757,Al6.76Cr31.28Cu15.90Fe20.97Nb18.99Ni6.10,6,6.76,0.0,31.28,15.9,20.97,0.0,0.0,18.99,6.1,0.0,0.0,0.0,99.99999999999999,True
CAND_02758,Co41.46Nb13.64Ni31.22W13.68,4,0.0,41.46,0.0,0.0,0.0,0.0,0.0,13.64,31.22,0.0,0.0,13.68,100.0,True
CAND_02759,Al31.91Cu11.83Mn15.73Mo10.99Ni16.86V12.68,6,31.91,0.0,0.0,11.83,0.0,15.73,10.99,0.0,16.86,0.0,12.68,0.0,100.0,True
CAND_02760,Co17.97Mn20.21Ni27.53Ti23.71V10.58,5,0.0,17.97,0.0,0.0,0.0,20.21,0.0,0.0,27.53,23.71,10.58,0.0,100.00000000000001,True
CAND_02761,Al16.53Co15.61Cu8.58Mn14.95Ni12.59W31.74,6,16.53,15.61,0.0,8.58,0.0,14.95,0.0,0.0,12.59,0.0,0.0,31.74,100.0,True
CAND_02762,Al12.14Cu19.62Mn17.96Mo5.71Nb28.86W15.71,6,12.14,0.0,0.0,19.62,0.0,17.96,5.71,28.86,0.0,0.0,0.0,15.71,100.0,True
CAND_02763,Al20.09Fe16.95Mn12.71Nb21.30W28.95,5,20.09,0.0,0.0,0.0,16.95,12.71,0.0,21.3,0.0,0.0,0.0,28.95,100.0,True
CAND_02764,Cr24.96Mn8.84Nb18.04Ti10.12V26.35W11.69,6,0.0,0.0,24.96,0.0,0.0,8.84,0.0,18.04,0.0,10.12,26.35,11.69,100.0,True
CAND_02765,Co12.53Mn15.79Mo29.65Ti20.11V21.92,5,0.0,12.53,0.0,0.0,0.0,15.79,29.65,0.0,0.0,20.11,21.92,0.0,100.0,True
CAND_02766,Fe29.97Mn23.56Mo10.60Ti18.39V17.48,5,0.0,0.0,0.0,0.0,29.97,23.56,10.6,0.0,0.0,18.39,17.48,0.0,100.0,True
CAND_02767,Al8.51Co20.40Mo19.55Nb19.42Ti7.39W24.73,6,8.51,20.4,0.0,0.0,0.0,0.0,19.55,19.42,0.0,7.39,0.0,24.73,100.0,True
CAND_02768,Cr12.48Cu12.18Mn23.40Nb26.22Ti18.50W7.22,6,0.0,0.0,12.48,12.18,0.0,23.4,0.0,26.22,0.0,18.5,0.0,7.22,100.0,True
CAND_02769,Co17.60Cu27.69Mn42.05Nb12.66,4,0.0,17.6,0.0,27.69,0.0,42.05,0.0,12.66,0.0,0.0,0.0,0.0,100.0,True
CAND_02770,Co7.33Cu25.03Fe38.95Mn10.97Ti17.72,5,0.0,7.33,0.0,25.03,38.95,10.97,0.0,0.0,0.0,17.72,0.0,0.0,100.0,True
CAND_02771,Cu5.18Mn26.50Nb34.13W34.19,4,0.0,0.0,0.0,5.18,0.0,26.5,0.0,34.13,0.0,0.0,0.0,34.19,100.0,True
CAND_02772,Mo14.18Ni6.53Ti43.91V35.38,4,0.0,0.0,0.0,0.0,0.0,0.0,14.18,0.0,6.53,43.91,35.38,0.0,100.0,True
CAND_02773,Al41.62Co14.14Nb34.90W9.34,4,41.62,14.14,0.0,0.0,0.0,0.0,0.0,34.9,0.0,0.0,0.0,9.34,100.0,True
CAND_02774,Al29.68Cu19.00Mo23.94Ti17.45W9.93,5,29.68,0.0,0.0,19.0,0.0,0.0,23.94,0.0,0.0,17.45,0.0,9.93,100.0,True
CAND_02775,Co35.62Fe29.34V9.13W25.91,4,0.0,35.62,0.0,0.0,29.34,0.0,0.0,0.0,0.0,0.0,9.13,25.91,99.99999999999999,True
CAND_02776,Cr8.86Mn13.58Ni20.42Ti26.71V20.54W9.89,6,0.0,0.0,8.86,0.0,0.0,13.58,0.0,0.0,20.42,26.71,20.54,9.89,99.99999999999999,True
CAND_02777,Co14.70Fe9.07Mn23.46Nb37.31W15.46,5,0.0,14.7,0.0,0.0,9.07,23.46,0.0,37.31,0.0,0.0,0.0,15.46,100.0,True
CAND_02778,Co27.47Cu8.45Mn10.89Nb35.58W17.61,5,0.0,27.47,0.0,8.45,0.0,10.89,0.0,35.58,0.0,0.0,0.0,17.61,100.0,True
CAND_02779,Al7.06Co12.33Fe15.33Mn12.84Ni27.96V24.48,6,7.06,12.33,0.0,0.0,15.33,12.84,0.0,0.0,27.96,0.0,24.48,0.0,100.00000000000001,True
CAND_02780,Cr32.02Fe14.78Mn26.34Mo6.34Ti7.92W12.60,6,0.0,0.0,32.02,0.0,14.78,26.34,6.34,0.0,0.0,7.92,0.0,12.6,100.0,True
CAND_02781,Co5.30Fe9.60Nb35.30V41.97W7.83,5,0.0,5.3,0.0,0.0,9.6,0.0,0.0,35.3,0.0,0.0,41.97,7.83,99.99999999999999,True
CAND_02782,Cu11.95Mo32.09Ni35.51Ti20.45,4,0.0,0.0,0.0,11.95,0.0,0.0,32.09,0.0,35.51,20.45,0.0,0.0,100.00000000000001,True
CAND_02783,Cr12.34Cu13.05Mo22.76Nb25.41W26.44,5,0.0,0.0,12.34,13.05,0.0,0.0,22.76,25.41,0.0,0.0,0.0,26.44,100.0,True
CAND_02784,Co41.31Cu9.64Nb8.95Ti33.37W6.73,5,0.0,41.31,0.0,9.64,0.0,0.0,0.0,8.95,0.0,33.37,0.0,6.73,100.00000000000001,True
CAND_02785,Cr17.00Fe6.67Mn12.53Ni28.33V35.47,5,0.0,0.0,17.0,0.0,6.67,12.53,0.0,0.0,28.33,0.0,35.47,0.0,100.0,True
CAND_02786,Co12.60Mn21.42Nb24.51Ni6.43W35.04,5,0.0,12.6,0.0,0.0,0.0,21.42,0.0,24.51,6.43,0.0,0.0,35.04,100.0,True
CAND_02787,Cr31.94Cu21.75Mn34.95Ti11.36,4,0.0,0.0,31.94,21.75,0.0,34.95,0.0,0.0,0.0,11.36,0.0,0.0,100.0,True
CAND_02788,Cr17.61Cu14.59Mo25.69V26.21W15.90,5,0.0,0.0,17.61,14.59,0.0,0.0,25.69,0.0,0.0,0.0,26.21,15.9,100.0,True
CAND_02789,Al29.16Cr18.88Cu38.37Ni13.59,4,29.16,0.0,18.88,38.37,0.0,0.0,0.0,0.0,13.59,0.0,0.0,0.0,100.0,True
CAND_02790,Cr28.66Cu8.71Mn22.07Nb16.46Ni24.10,5,0.0,0.0,28.66,8.71,0.0,22.07,0.0,16.46,24.1,0.0,0.0,0.0,100.0,True
CAND_02791,Co22.18Cu16.70Mo9.54Ti16.08V16.92W18.58,6,0.0,22.18,0.0,16.7,0.0,0.0,9.54,0.0,0.0,16.08,16.92,18.58,100.0,True
CAND_02792,Cr18.89Mo44.85Nb10.75W25.51,4,0.0,0.0,18.89,0.0,0.0,0.0,44.85,10.75,0.0,0.0,0.0,25.51,100.00000000000001,True
CAND_02793,Al21.58Fe10.13Mn6.24Mo5.98Ni12.46V43.61,6,21.58,0.0,0.0,0.0,10.13,6.24,5.98,0.0,12.46,0.0,43.61,0.0,100.0,True
CAND_02794,Co8.21Cr21.32Mn17.24Ni22.35Ti10.88W20.00,6,0.0,8.21,21.32,0.0,0.0,17.24,0.0,0.0,22.35,10.88,0.0,20.0,100.0,True
CAND_02795,Cr5.55Mn37.91Nb8.60Ni17.03W30.91,5,0.0,0.0,5.55,0.0,0.0,37.91,0.0,8.6,17.03,0.0,0.0,30.91,100.0,True
CAND_02796,Co25.37Cu21.43Fe11.71Mo19.60W21.89,5,0.0,25.37,0.0,21.43,11.71,0.0,19.6,0.0,0.0,0.0,0.0,21.89,100.0,True
CAND_02797,Co13.43Cu6.49Fe13.55Nb33.24Ni11.65V21.64,6,0.0,13.43,0.0,6.49,13.55,0.0,0.0,33.24,11.65,0.0,21.64,0.0,100.00000000000001,True
CAND_02798,Co21.86Fe6.61Mo17.61Nb23.75V22.66W7.51,6,0.0,21.86,0.0,0.0,6.61,0.0,17.61,23.75,0.0,0.0,22.66,7.51,100.0,True
CAND_02799,Co20.93Fe29.36Mo34.62Ni15.09,4,0.0,20.93,0.0,0.0,29.36,0.0,34.62,0.0,15.09,0.0,0.0,0.0,100.0,True
CAND_02800,Al23.46Cu24.10Fe6.45Mo21.03Ni24.96,5,23.46,0.0,0.0,24.1,6.45,0.0,21.03,0.0,24.96,0.0,0.0,0.0,100.0,True
CAND_02801,Al15.93Cr9.49Fe19.26Mo17.80Ni15.40Ti22.12,6,15.93,0.0,9.49,0.0,19.26,0.0,17.8,0.0,15.4,22.12,0.0,0.0,100.00000000000001,True
CAND_02802,Al24.86Cr21.60Mo22.04Ni21.55W9.95,5,24.86,0.0,21.6,0.0,0.0,0.0,22.04,0.0,21.55,0.0,0.0,9.95,100.0,True
CAND_02803,Al8.82Cr22.92Cu20.21Fe20.27Ti27.78,5,8.82,0.0,22.92,20.21,20.27,0.0,0.0,0.0,0.0,27.78,0.0,0.0,100.0,True
CAND_02804,Co11.58Cr16.96Cu6.91Mn39.94Mo24.61,5,0.0,11.58,16.96,6.91,0.0,39.94,24.61,0.0,0.0,0.0,0.0,0.0,100.0,True
CAND_02805,Cr9.14Cu11.68Mn44.72Mo11.04V23.42,5,0.0,0.0,9.14,11.68,0.0,44.72,11.04,0.0,0.0,0.0,23.42,0.0,99.99999999999999,True
CAND_02806,Al15.97Co20.34Fe15.51Ni26.16V6.49W15.53,6,15.97,20.34,0.0,0.0,15.51,0.0,0.0,0.0,26.16,0.0,6.49,15.53,100.0,True
CAND_02807,Cr39.80Cu34.35Fe9.83Mn5.95Ni10.07,5,0.0,0.0,39.8,34.35,9.83,5.95,0.0,0.0,10.07,0.0,0.0,0.0,100.0,True
CAND_02808,Al15.82Co5.72Cu29.60Mn11.71Nb26.30V10.85,6,15.82,5.72,0.0,29.6,0.0,11.71,0.0,26.3,0.0,0.0,10.85,0.0,100.0,True
CAND_02809,Cr14.52Fe22.44Mn23.61Mo30.52W8.91,5,0.0,0.0,14.52,0.0,22.44,23.61,30.52,0.0,0.0,0.0,0.0,8.91,100.0,True
CAND_02810,Cr16.59Fe13.60Mn19.94Mo5.05Nb29.98W14.84,6,0.0,0.0,16.59,0.0,13.6,19.94,5.05,29.98,0.0,0.0,0.0,14.84,100.0,True
CAND_02811,Al12.21Co29.37Cu5.38Mo14.54Ni8.82W29.68,6,12.21,29.37,0.0,5.38,0.0,0.0,14.54,0.0,8.82,0.0,0.0,29.68,100.0,True
CAND_02812,Al34.67Co31.51Cr17.92Cu8.38Fe7.52,5,34.67,31.51,17.92,8.38,7.52,0.0,0.0,0.0,0.0,0.0,0.0,0.0,100.0,True
CAND_02813,Co19.84Cu10.96Mn16.96Nb16.15Ni21.04Ti15.05,6,0.0,19.84,0.0,10.96,0.0,16.96,0.0,16.15,21.04,15.05,0.0,0.0,100.0,True
CAND_02814,Cr30.22Mo29.32Ni19.73Ti15.36V5.37,5,0.0,0.0,30.22,0.0,0.0,0.0,29.32,0.0,19.73,15.36,5.37,0.0,100.0,True
CAND_02815,Mo43.26Ni28.00Ti17.24W11.50,4,0.0,0.0,0.0,0.0,0.0,0.0,43.26,0.0,28.0,17.24,0.0,11.5,99.99999999999999,True
CAND_02816,Co13.87Cr23.70Mn7.57Ni31.57V23.29,5,0.0,13.87,23.7,0.0,0.0,7.57,0.0,0.0,31.57,0.0,23.29,0.0,100.0,True
CAND_02817,Al33.49Co8.44Cu35.10Ni22.97,4,33.49,8.44,0.0,35.1,0.0,0.0,0.0,0.0,22.97,0.0,0.0,0.0,100.0,True
CAND_02818,Fe27.42Nb5.51Ni28.93W38.14,4,0.0,0.0,0.0,0.0,27.42,0.0,0.0,5.51,28.93,0.0,0.0,38.14,100.0,True
CAND_02819,Cr26.21Fe22.18Mn6.61Mo20.61Nb14.78W9.61,6,0.0,0.0,26.21,0.0,22.18,6.61,20.61,14.78,0.0,0.0,0.0,9.61,100.0,True
CAND_02820,Co18.96Cr24.31Ti6.74V30.94W19.05,5,0.0,18.96,24.31,0.0,0.0,0.0,0.0,0.0,0.0,6.74,30.94,19.05,100.0,True
CAND_02821,Cr12.56Mn42.92Nb31.58V12.94,4,0.0,0.0,12.56,0.0,0.0,42.92,0.0,31.58,0.0,0.0,12.94,0.0,100.0,True
CAND_02822,Al42.78Fe8.00Ti19.09V30.13,4,42.78,0.0,0.0,0.0,8.0,0.0,0.0,0.0,0.0,19.09,30.13,0.0,100.0,True
CAND_02823,Co9.99Cu21.05Mn14.29Mo21.99V32.68,5,0.0,9.99,0.0,21.05,0.0,14.29,21.99,0.0,0.0,0.0,32.68,0.0,100.0,True
CAND_02824,Fe15.17Mo29.92Ni35.59Ti19.32,4,0.0,0.0,0.0,0.0,15.17,0.0,29.92,0.0,35.59,19.32,0.0,0.0,100.0,True
CAND_02825,Co16.95Cr12.20Cu40.69Nb17.06W13.10,5,0.0,16.95,12.2,40.69,0.0,0.0,0.0,17.06,0.0,0.0,0.0,13.1,100.0,True
CAND_02826,Al44.72Cu28.58Mn19.14W7.56,4,44.72,0.0,0.0,28.58,0.0,19.14,0.0,0.0,0.0,0.0,0.0,7.56,100.0,True
CAND_02827,Mn33.67Mo8.88Nb17.00Ni22.65Ti17.80,5,0.0,0.0,0.0,0.0,0.0,33.67,8.88,17.0,22.65,17.8,0.0,0.0,100.0,True
CAND_02828,Co7.59Mn23.27Mo22.22Ti13.99V32.93,5,0.0,7.59,0.0,0.0,0.0,23.27,22.22,0.0,0.0,13.99,32.93,0.0,100.0,True
CAND_02829,Al13.02Cr29.51Mn23.57Mo18.94Nb14.96,5,13.02,0.0,29.51,0.0,0.0,23.57,18.94,14.96,0.0,0.0,0.0,0.0,100.0,True
CAND_02830,Al22.43Mn16.47Ti40.15W20.95,4,22.43,0.0,0.0,0.0,0.0,16.47,0.0,0.0,0.0,40.15,0.0,20.95,100.0,True
CAND_02831,Al5.65Co43.79Ti9.37W41.19,4,5.65,43.79,0.0,0.0,0.0,0.0,0.0,0.0,0.0,9.37,0.0,41.19,100.0,True
CAND_02832,Cu18.60Mn42.27Nb12.14V11.14W15.85,5,0.0,0.0,0.0,18.6,0.0,42.27,0.0,12.14,0.0,0.0,11.14,15.85,100.0,True
CAND_02833,Co28.86Cr14.60Mo31.41W25.13,4,0.0,28.86,14.6,0.0,0.0,0.0,31.41,0.0,0.0,0.0,0.0,25.13,100.0,True
CAND_02834,Cu22.47Mn30.16Mo18.43Ni17.23Ti11.71,5,0.0,0.0,0.0,22.47,0.0,30.16,18.43,0.0,17.23,11.71,0.0,0.0,100.0,True
CAND_02835,Al16.20Cu13.22Nb39.08V31.50,4,16.2,0.0,0.0,13.22,0.0,0.0,0.0,39.08,0.0,0.0,31.5,0.0,100.0,True
CAND_02836,Al22.50Co10.05Nb15.43Ni24.39Ti22.45V5.18,6,22.5,10.05,0.0,0.0,0.0,0.0,0.0,15.43,24.39,22.45,5.18,0.0,100.0,True
CAND_02837,Fe17.02Ti44.42V6.14W32.42,4,0.0,0.0,0.0,0.0,17.02,0.0,0.0,0.0,0.0,44.42,6.14,32.42,100.0,True
CAND_02838,Al26.09Mn16.05Ti21.91V18.19W17.76,5,26.09,0.0,0.0,0.0,0.0,16.05,0.0,0.0,0.0,21.91,18.19,17.76,100.0,True
CAND_02839,Co16.90Mo16.68Nb13.39Ni37.23Ti15.80,5,0.0,16.9,0.0,0.0,0.0,0.0,16.68,13.39,37.23,15.8,0.0,0.0,99.99999999999999,True
CAND_02840,Cu24.66Mn26.86Mo17.55W30.93,4,0.0,0.0,0.0,24.66,0.0,26.86,17.55,0.0,0.0,0.0,0.0,30.93,100.0,True
CAND_02841,Co33.20Cu19.40Fe5.07Mn33.87Ni8.46,5,0.0,33.2,0.0,19.4,5.07,33.87,0.0,0.0,8.46,0.0,0.0,0.0,100.0,True
CAND_02842,Co7.76Fe24.40Nb23.20Ni17.72Ti26.92,5,0.0,7.76,0.0,0.0,24.4,0.0,0.0,23.2,17.72,26.92,0.0,0.0,100.0,True
CAND_02843,Co5.95Cr9.09Cu11.04Fe43.13Mo21.08Nb9.71,6,0.0,5.95,9.09,11.04,43.13,0.0,21.08,9.71,0.0,0.0,0.0,0.0,100.0,True
CAND_02844,Co35.15Cu18.19Mo9.15Nb7.80Ti20.85W8.86,6,0.0,35.15,0.0,18.19,0.0,0.0,9.15,7.8,0.0,20.85,0.0,8.86,100.00000000000001,True
CAND_02845,Al31.30Mn13.77Nb22.01Ni10.95V21.97,5,31.3,0.0,0.0,0.0,0.0,13.77,0.0,22.01,10.95,0.0,21.97,0.0,100.0,True
CAND_02846,Co7.32Mn40.33Nb23.78Ni10.21Ti18.36,5,0.0,7.32,0.0,0.0,0.0,40.33,0.0,23.78,10.21,18.36,0.0,0.0,100.00000000000001,True
CAND_02847,Al29.15Co10.46Fe23.10Mn15.38V21.91,5,29.15,10.46,0.0,0.0,23.1,15.38,0.0,0.0,0.0,0.0,21.91,0.0,100.0,True
CAND_02848,Cr18.51Cu35.74Mn6.41Mo15.02Ti5.70V18.62,6,0.0,0.0,18.51,35.74,0.0,6.41,15.02,0.0,0.0,5.7,18.62,0.0,100.0,True
CAND_02849,Al29.06Cr7.38Cu13.81Fe8.10Ti16.64W25.01,6,29.06,0.0,7.38,13.81,8.1,0.0,0.0,0.0,0.0,16.64,0.0,25.01,100.00000000000001,True
CAND_02850,Co15.35Fe21.86Mo11.72Ti25.52W25.55,5,0.0,15.35,0.0,0.0,21.86,0.0,11.72,0.0,0.0,25.52,0.0,25.55,100.0,True
CAND_02851,Al31.60Cr27.80Fe9.82Ti11.11W19.67,5,31.6,0.0,27.8,0.0,9.82,0.0,0.0,0.0,0.0,11.11,0.0,19.67,100.0,True
CAND_02852,Al12.22Co29.38Mn18.83Ni32.64Ti6.93,5,12.22,29.38,0.0,0.0,0.0,18.83,0.0,0.0,32.64,6.93,0.0,0.0,100.0,True
CAND_02853,Co14.18Cu6.98Mo31.11Nb21.69V26.04,5,0.0,14.18,0.0,6.98,0.0,0.0,31.11,21.69,0.0,0.0,26.04,0.0,100.0,True
CAND_02854,Al21.02Cr20.34Cu25.74Mo6.95V15.24W10.71,6,21.02,0.0,20.34,25.74,0.0,0.0,6.95,0.0,0.0,0.0,15.24,10.71,100.0,True
CAND_02855,Co14.09Cu8.11Mo26.87Ni25.35Ti25.58,5,0.0,14.09,0.0,8.11,0.0,0.0,26.87,0.0,25.35,25.58,0.0,0.0,100.0,True
CAND_02856,Co5.98Cr37.12Cu14.16Fe14.64Mo15.57V12.53,6,0.0,5.98,37.12,14.16,14.64,0.0,15.57,0.0,0.0,0.0,12.53,0.0,100.0,True
CAND_02857,Fe31.00Mn44.83Ni9.09W15.08,4,0.0,0.0,0.0,0.0,31.0,44.83,0.0,0.0,9.09,0.0,0.0,15.08,100.0,True
CAND_02858,Al28.60Cr16.23Cu5.34Mn8.44V13.96W27.43,6,28.6,0.0,16.23,5.34,0.0,8.44,0.0,0.0,0.0,0.0,13.96,27.43,100.0,True
CAND_02859,Co19.21Fe33.39Nb5.33Ni42.07,4,0.0,19.21,0.0,0.0,33.39,0.0,0.0,5.33,42.07,0.0,0.0,0.0,100.0,True
CAND_02860,Al7.21Co25.53Cu18.11Mn15.84V26.18W7.13,6,7.21,25.53,0.0,18.11,0.0,15.84,0.0,0.0,0.0,0.0,26.18,7.13,100.0,True
CAND_02861,Al12.52Co10.86Mo28.88Nb10.92W36.82,5,12.52,10.86,0.0,0.0,0.0,0.0,28.88,10.92,0.0,0.0,0.0,36.82,100.0,True
CAND_02862,Cr22.47Cu20.18Fe35.79Mn7.23V7.90W6.43,6,0.0,0.0,22.47,20.18,35.79,7.23,0.0,0.0,0.0,0.0,7.9,6.43,100.0,True
CAND_02863,Co24.06Cr13.17Nb12.71Ti13.78W36.28,5,0.0,24.06,13.17,0.0,0.0,0.0,0.0,12.71,0.0,13.78,0.0,36.28,100.0,True
CAND_02864,Al40.75Cr16.11Mo11.84Ti23.74W7.56,5,40.75,0.0,16.11,0.0,0.0,0.0,11.84,0.0,0.0,23.74,0.0,7.56,100.0,True
CAND_02865,Al37.02Mn33.84Mo19.94W9.20,4,37.02,0.0,0.0,0.0,0.0,33.84,19.94,0.0,0.0,0.0,0.0,9.2,100.00000000000001,True
CAND_02866,Al30.59Co38.96Nb14.32V16.13,4,30.59,38.96,0.0,0.0,0.0,0.0,0.0,14.32,0.0,0.0,16.13,0.0,100.0,True
CAND_02867,Al7.86Cu21.86Mo31.67Nb20.38Ni6.74V11.49,6,7.86,0.0,0.0,21.86,0.0,0.0,31.67,20.38,6.74,0.0,11.49,0.0,99.99999999999999,True
CAND_02868,Al23.45Co14.30Cu5.90Nb39.13V7.74W9.48,6,23.45,14.3,0.0,5.9,0.0,0.0,0.0,39.13,0.0,0.0,7.74,9.48,100.0,True
CAND_02869,Cr19.98Mo20.97Ni12.08V20.86W26.11,5,0.0,0.0,19.98,0.0,0.0,0.0,20.97,0.0,12.08,0.0,20.86,26.11,100.0,True
CAND_02870,Co8.26Cr6.36Fe10.47Ti29.26V12.53W33.12,6,0.0,8.26,6.36,0.0,10.47,0.0,0.0,0.0,0.0,29.26,12.53,33.12,100.0,True
CAND_02871,Co25.76Cr17.12Nb23.80Ni21.69V11.63,5,0.0,25.76,17.12,0.0,0.0,0.0,0.0,23.8,21.69,0.0,11.63,0.0,100.0,True
CAND_02872,Cu13.54Fe15.54Mo24.71V16.50W29.71,5,0.0,0.0,0.0,13.54,15.54,0.0,24.71,0.0,0.0,0.0,16.5,29.71,100.0,True
CAND_02873,Cr13.99Fe42.57Mn35.65W7.79,4,0.0,0.0,13.99,0.0,42.57,35.65,0.0,0.0,0.0,0.0,0.0,7.79,100.00000000000001,True
CAND_02874,Cr10.65Cu6.57Fe6.22Mn15.84V28.33W32.39,6,0.0,0.0,10.65,6.57,6.22,15.84,0.0,0.0,0.0,0.0,28.33,32.39,100.0,True
CAND_02875,Al18.25Cr39.27Fe12.40Nb30.08,4,18.25,0.0,39.27,0.0,12.4,0.0,0.0,30.08,0.0,0.0,0.0,0.0,100.0,True
CAND_02876,Al38.37Co11.13Mn18.04Ni32.46,4,38.37,11.13,0.0,0.0,0.0,18.04,0.0,0.0,32.46,0.0,0.0,0.0,100.0,True
CAND_02877,Co12.72Cr16.70Fe25.69Mn29.94Mo8.36Nb6.59,6,0.0,12.72,16.7,0.0,25.69,29.94,8.36,6.59,0.0,0.0,0.0,0.0,100.0,True
CAND_02878,Al11.78Cu34.98Mn9.69Nb24.05W19.50,5,11.78,0.0,0.0,34.98,0.0,9.69,0.0,24.05,0.0,0.0,0.0,19.5,100.0,True
CAND_02879,Al11.98Cr8.44Fe23.06Nb14.88Ni24.02V17.62,6,11.98,0.0,8.44,0.0,23.06,0.0,0.0,14.88,24.02,0.0,17.62,0.0,100.00000000000001,True
CAND_02880,Co6.13Fe22.45Mn27.49Nb10.73Ni33.20,5,0.0,6.13,0.0,0.0,22.45,27.49,0.0,10.73,33.2,0.0,0.0,0.0,100.0,True
CAND_02881,Al24.38Cu6.66Mn27.02Nb34.37V7.57,5,24.38,0.0,0.0,6.66,0.0,27.02,0.0,34.37,0.0,0.0,7.57,0.0,100.0,True
CAND_02882,Al17.44Co18.77Fe14.07Ni14.80V28.00W6.92,6,17.44,18.77,0.0,0.0,14.07,0.0,0.0,0.0,14.8,0.0,28.0,6.92,100.0,True
CAND_02883,Al18.88Mo7.63Ni22.80Ti28.32V10.30W12.07,6,18.88,0.0,0.0,0.0,0.0,0.0,7.63,0.0,22.8,28.32,10.3,12.07,100.0,True
CAND_02884,Al28.95Cu8.51Mo6.48Ni19.98Ti27.31W8.77,6,28.95,0.0,0.0,8.51,0.0,0.0,6.48,0.0,19.98,27.31,0.0,8.77,100.0,True
CAND_02885,Co12.38Cr12.69V41.01W33.92,4,0.0,12.38,12.69,0.0,0.0,0.0,0.0,0.0,0.0,0.0,41.01,33.92,100.0,True
CAND_02886,Co13.94Fe23.64Nb27.21V25.91W9.30,5,0.0,13.94,0.0,0.0,23.64,0.0,0.0,27.21,0.0,0.0,25.91,9.3,99.99999999999999,True
CAND_02887,Al41.80Mn19.70Mo26.50Ni12.00,4,41.8,0.0,0.0,0.0,0.0,19.7,26.5,0.0,12.0,0.0,0.0,0.0,100.0,True
CAND_02888,Mn6.00Nb40.38Ni13.34W40.28,4,0.0,0.0,0.0,0.0,0.0,6.0,0.0,40.38,13.34,0.0,0.0,40.28,100.0,True
CAND_02889,Cr28.40Cu12.03Fe20.43Mn39.14,4,0.0,0.0,28.4,12.03,20.43,39.14,0.0,0.0,0.0,0.0,0.0,0.0,100.0,True
CAND_02890,Cr9.53Fe10.63Mo18.46Ni9.26V32.31W19.81,6,0.0,0.0,9.53,0.0,10.63,0.0,18.46,0.0,9.26,0.0,32.31,19.81,100.0,True
CAND_02891,Cu43.44Ni15.36Ti8.98V32.22,4,0.0,0.0,0.0,43.44,0.0,0.0,0.0,0.0,15.36,8.98,32.22,0.0,100.0,True
CAND_02892,Co13.20Cr16.14Mn17.43Ti23.80V18.57W10.86,6,0.0,13.2,16.14,0.0,0.0,17.43,0.0,0.0,0.0,23.8,18.57,10.86,99.99999999999999,True
CAND_02893,Co39.28Cr7.65Cu11.25Fe19.79Ni22.03,5,0.0,39.28,7.65,11.25,19.79,0.0,0.0,0.0,22.03,0.0,0.0,0.0,100.0,True
CAND_02894,Co20.40Cu6.70Mn8.53Mo10.25Ni24.80W29.32,6,0.0,20.4,0.0,6.7,0.0,8.53,10.25,0.0,24.8,0.0,0.0,29.32,100.0,True
CAND_02895,Co23.47Cr26.40Ni15.89Ti15.58V13.17W5.49,6,0.0,23.47,26.4,0.0,0.0,0.0,0.0,0.0,15.89,15.58,13.17,5.49,99.99999999999999,True
CAND_02896,Co8.61Cr21.05Cu19.48Mo10.86V40.00,5,0.0,8.61,21.05,19.48,0.0,0.0,10.86,0.0,0.0,0.0,40.0,0.0,100.0,True
CAND_02897,Mo30.47Ti20.09V9.37W40.07,4,0.0,0.0,0.0,0.0,0.0,0.0,30.47,0.0,0.0,20.09,9.37,40.07,100.0,True
CAND_02898,Co40.67Nb37.67Ni13.05Ti8.61,4,0.0,40.67,0.0,0.0,0.0,0.0,0.0,37.67,13.05,8.61,0.0,0.0,100.0,True
CAND_02899,Co22.79Cr27.88Mn14.17Mo17.50V17.66,5,0.0,22.79,27.88,0.0,0.0,14.17,17.5,0.0,0.0,0.0,17.66,0.0,100.0,True
CAND_02900,Al5.60Cu16.88Fe12.70Mn16.56Ni41.88V6.38,6,5.6,0.0,0.0,16.88,12.7,16.56,0.0,0.0,41.88,0.0,6.38,0.0,100.0,True
CAND_02901,Co43.58Mo8.15Nb16.40Ni9.78V22.09,5,0.0,43.58,0.0,0.0,0.0,0.0,8.15,16.4,9.78,0.0,22.09,0.0,100.0,True
CAND_02902,Co11.68Cu9.89Fe22.66Mn8.88Ti23.37W23.52,6,0.0,11.68,0.0,9.89,22.66,8.88,0.0,0.0,0.0,23.37,0.0,23.52,100.0,True
CAND_02903,Al25.01Cu9.41Fe7.03Mn27.74Mo30.81,5,25.01,0.0,0.0,9.41,7.03,27.74,30.81,0.0,0.0,0.0,0.0,0.0,100.0,True
CAND_02904,Al19.89Cr19.49Cu7.44Mo17.06V15.52W20.60,6,19.89,0.0,19.49,7.44,0.0,0.0,17.06,0.0,0.0,0.0,15.52,20.6,100.0,True
CAND_02905,Co16.27Fe43.82Nb13.77W26.14,4,0.0,16.27,0.0,0.0,43.82,0.0,0.0,13.77,0.0,0.0,0.0,26.14,100.0,True
CAND_02906,Nb16.00Ti12.82V39.94W31.24,4,0.0,0.0,0.0,0.0,0.0,0.0,0.0,16.0,0.0,12.82,39.94,31.24,99.99999999999999,True
CAND_02907,Fe35.38Nb19.84Ti39.06W5.72,4,0.0,0.0,0.0,0.0,35.38,0.0,0.0,19.84,0.0,39.06,0.0,5.72,100.0,True
CAND_02908,Cu26.45Mo17.38Ni38.71V10.83W6.63,5,0.0,0.0,0.0,26.45,0.0,0.0,17.38,0.0,38.71,0.0,10.83,6.63,99.99999999999999,True
CAND_02909,Al40.91Co6.49Fe9.00Mn34.66Mo8.94,5,40.91,6.49,0.0,0.0,9.0,34.66,8.94,0.0,0.0,0.0,0.0,0.0,100.0,True
CAND_02910,Cr25.71Cu11.59Fe20.28Mn15.95Mo18.12Ni8.35,6,0.0,0.0,25.71,11.59,20.28,15.95,18.12,0.0,8.35,0.0,0.0,0.0,100.0,True
CAND_02911,Al18.39Cr15.80Fe25.38Mn17.84Ti22.59,5,18.39,0.0,15.8,0.0,25.38,17.84,0.0,0.0,0.0,22.59,0.0,0.0,100.0,True
CAND_02912,Co29.18Mn17.95Mo21.59Nb31.28,4,0.0,29.18,0.0,0.0,0.0,17.95,21.59,31.28,0.0,0.0,0.0,0.0,100.0,True
CAND_02913,Mo43.82Ni19.03Ti23.08W14.07,4,0.0,0.0,0.0,0.0,0.0,0.0,43.82,0.0,19.03,23.08,0.0,14.07,100.0,True
CAND_02914,Al23.71Cu24.17Mo10.16Ni10.51Ti6.30W25.15,6,23.71,0.0,0.0,24.17,0.0,0.0,10.16,0.0,10.51,6.3,0.0,25.15,100.0,True
CAND_02915,Fe41.05Nb26.95Ni21.40W10.60,4,0.0,0.0,0.0,0.0,41.05,0.0,0.0,26.95,21.4,0.0,0.0,10.6,100.0,True
CAND_02916,Al35.54Co7.22Cr9.08Fe42.57Ni5.59,5,35.54,7.22,9.08,0.0,42.57,0.0,0.0,0.0,5.59,0.0,0.0,0.0,100.0,True
CAND_02917,Al13.32Cr10.71Mo26.70Nb16.69Ti22.87V9.71,6,13.32,0.0,10.71,0.0,0.0,0.0,26.7,16.69,0.0,22.87,9.71,0.0,100.0,True
CAND_02918,Co30.79Fe24.55Nb12.24V32.42,4,0.0,30.79,0.0,0.0,24.55,0.0,0.0,12.24,0.0,0.0,32.42,0.0,100.0,True
CAND_02919,Co42.09Fe23.95Mn14.64Mo11.43W7.89,5,0.0,42.09,0.0,0.0,23.95,14.64,11.43,0.0,0.0,0.0,0.0,7.89,100.00000000000001,True
CAND_02920,Al5.85Cr21.87Fe15.72Nb19.48W37.08,5,5.85,0.0,21.87,0.0,15.72,0.0,0.0,19.48,0.0,0.0,0.0,37.08,100.0,True
CAND_02921,Cr7.91Mo14.84Nb22.79Ni20.76W33.70,5,0.0,0.0,7.91,0.0,0.0,0.0,14.84,22.79,20.76,0.0,0.0,33.7,100.0,True
CAND_02922,Co21.46Cu15.69Mo13.26Ni31.47Ti18.12,5,0.0,21.46,0.0,15.69,0.0,0.0,13.26,0.0,31.47,18.12,0.0,0.0,100.0,True
CAND_02923,Al30.36Fe20.72Mn26.00V22.92,4,30.36,0.0,0.0,0.0,20.72,26.0,0.0,0.0,0.0,0.0,22.92,0.0,100.0,True
CAND_02924,Al15.89Cr6.56Nb9.77Ti21.06V18.05W28.67,6,15.89,0.0,6.56,0.0,0.0,0.0,0.0,9.77,0.0,21.06,18.05,28.67,100.0,True
CAND_02925,Fe8.57Nb40.50Ni17.62V33.31,4,0.0,0.0,0.0,0.0,8.57,0.0,0.0,40.5,17.62,0.0,33.31,0.0,100.0,True
CAND_02926,Al12.83Cu17.64Fe13.54Mn32.71V23.28,5,12.83,0.0,0.0,17.64,13.54,32.71,0.0,0.0,0.0,0.0,23.28,0.0,100.0,True
CAND_02927,Al16.32Co22.73Cu7.91Mn20.43Ni19.48W13.13,6,16.32,22.73,0.0,7.91,0.0,20.43,0.0,0.0,19.48,0.0,0.0,13.13,99.99999999999999,True
CAND_02928,Al18.34Co25.97Cr14.59Mo8.97Ti15.13W17.00,6,18.34,25.97,14.59,0.0,0.0,0.0,8.97,0.0,0.0,15.13,0.0,17.0,100.0,True
CAND_02929,Cr21.47Cu11.78Nb40.60Ni26.15,4,0.0,0.0,21.47,11.78,0.0,0.0,0.0,40.6,26.15,0.0,0.0,0.0,100.0,True
CAND_02930,Fe11.64Mn12.41Ti34.01V41.94,4,0.0,0.0,0.0,0.0,11.64,12.41,0.0,0.0,0.0,34.01,41.94,0.0,100.0,True
CAND_02931,Al7.21Co18.84Mo14.13Nb40.89Ni18.93,5,7.21,18.84,0.0,0.0,0.0,0.0,14.13,40.89,18.93,0.0,0.0,0.0,100.0,True
CAND_02932,Cr27.48Mn14.20Mo11.00Nb5.75Ti41.57,5,0.0,0.0,27.48,0.0,0.0,14.2,11.0,5.75,0.0,41.57,0.0,0.0,100.0,True
CAND_02933,Cr17.82Cu10.88Fe33.74Nb37.56,4,0.0,0.0,17.82,10.88,33.74,0.0,0.0,37.56,0.0,0.0,0.0,0.0,100.0,True
CAND_02934,Co18.84Fe15.85Mn18.23Ti24.08V14.53W8.47,6,0.0,18.84,0.0,0.0,15.85,18.23,0.0,0.0,0.0,24.08,14.53,8.47,100.0,True
CAND_02935,Cr27.98Cu37.28Fe7.92Nb7.21Ni19.61,5,0.0,0.0,27.98,37.28,7.92,0.0,0.0,7.21,19.61,0.0,0.0,0.0,100.0,True
CAND_02936,Cr20.83Fe19.19Nb12.92Ni11.07Ti19.32V16.67,6,0.0,0.0,20.83,0.0,19.19,0.0,0.0,12.92,11.07,19.32,16.67,0.0,99.99999999999999,True
CAND_02937,Al5.20Co20.08Cr20.90Cu7.34Mn30.38V16.10,6,5.2,20.08,20.9,7.34,0.0,30.38,0.0,0.0,0.0,0.0,16.1,0.0,100.0,True
CAND_02938,Co25.81Cr41.10Cu27.06Ni6.03,4,0.0,25.81,41.1,27.06,0.0,0.0,0.0,0.0,6.03,0.0,0.0,0.0,100.0,True
CAND_02939,Al22.36Cr25.80Mo10.74Nb13.42Ni27.68,5,22.36,0.0,25.8,0.0,0.0,0.0,10.74,13.42,27.68,0.0,0.0,0.0,100.0,True
CAND_02940,Al20.82Co7.63Fe15.90Mo12.43V26.54W16.68,6,20.82,7.63,0.0,0.0,15.9,0.0,12.43,0.0,0.0,0.0,26.54,16.68,100.0,True
CAND_02941,Fe28.63Mn13.40Ni21.86W36.11,4,0.0,0.0,0.0,0.0,28.63,13.4,0.0,0.0,21.86,0.0,0.0,36.11,100.0,True
CAND_02942,Co12.08Cr37.01Mo5.03Ni23.37Ti12.15W10.36,6,0.0,12.08,37.01,0.0,0.0,0.0,5.03,0.0,23.37,12.15,0.0,10.36,100.0,True
CAND_02943,Al37.33Cu14.90Ni29.60W18.17,4,37.33,0.0,0.0,14.9,0.0,0.0,0.0,0.0,29.6,0.0,0.0,18.17,100.0,True
CAND_02944,Cr27.23Fe26.87Mn37.02V8.88,4,0.0,0.0,27.23,0.0,26.87,37.02,0.0,0.0,0.0,0.0,8.88,0.0,100.0,True
CAND_02945,Al8.26Co14.05Nb11.07Ni33.03W33.59,5,8.26,14.05,0.0,0.0,0.0,0.0,0.0,11.07,33.03,0.0,0.0,33.59,100.0,True
CAND_02946,Co16.86Cr5.96Cu28.40Ti15.00V17.71W16.07,6,0.0,16.86,5.96,28.4,0.0,0.0,0.0,0.0,0.0,15.0,17.71,16.07,100.0,True
CAND_02947,Al5.71Fe28.62Mn9.74Ni32.21W23.72,5,5.71,0.0,0.0,0.0,28.62,9.74,0.0,0.0,32.21,0.0,0.0,23.72,100.0,True
CAND_02948,Al32.89Co10.77Mn12.13Ti14.93V29.28,5,32.89,10.77,0.0,0.0,0.0,12.13,0.0,0.0,0.0,14.93,29.28,0.0,100.0,True
CAND_02949,Co22.78Cu29.18Mn9.05V38.99,4,0.0,22.78,0.0,29.18,0.0,9.05,0.0,0.0,0.0,0.0,38.99,0.0,100.0,True
CAND_02950,Al40.33Co15.00Cr10.18Cu7.01Ni7.99Ti19.49,6,40.33,15.0,10.18,7.01,0.0,0.0,0.0,0.0,7.99,19.49,0.0,0.0,99.99999999999999,True
CAND_02951,Co17.65Fe25.63Mo13.53Nb43.19,4,0.0,17.65,0.0,0.0,25.63,0.0,13.53,43.19,0.0,0.0,0.0,0.0,100.0,True
CAND_02952,Al29.81Cu9.37Mn27.54Ni33.28,4,29.81,0.0,0.0,9.37,0.0,27.54,0.0,0.0,33.28,0.0,0.0,0.0,100.0,True
CAND_02953,Cr7.72Mn39.24Ti6.37V30.24W16.43,5,0.0,0.0,7.72,0.0,0.0,39.24,0.0,0.0,0.0,6.37,30.24,16.43,100.0,True
CAND_02954,Al15.01Cr9.21Mn43.32Ti32.46,4,15.01,0.0,9.21,0.0,0.0,43.32,0.0,0.0,0.0,32.46,0.0,0.0,100.0,True
CAND_02955,Co10.05Mo31.61Nb39.57V18.77,4,0.0,10.05,0.0,0.0,0.0,0.0,31.61,39.57,0.0,0.0,18.77,0.0,99.99999999999999,True
CAND_02956,Al17.47Co22.59Mn15.03Mo19.60Nb15.93W9.38,6,17.47,22.59,0.0,0.0,0.0,15.03,19.6,15.93,0.0,0.0,0.0,9.38,100.0,True
CAND_02957,Al15.39Fe20.83Mo9.49Nb23.69Ni30.60,5,15.39,0.0,0.0,0.0,20.83,0.0,9.49,23.69,30.6,0.0,0.0,0.0,100.0,True
CAND_02958,Co6.17Cr24.45Mo13.87Ni22.08V33.43,5,0.0,6.17,24.45,0.0,0.0,0.0,13.87,0.0,22.08,0.0,33.43,0.0,100.0,True
CAND_02959,Al38.92Co8.75Cr15.41Nb11.48V14.14W11.30,6,38.92,8.75,15.41,0.0,0.0,0.0,0.0,11.48,0.0,0.0,14.14,11.3,100.0,True
CAND_02960,Cr18.76Mn11.87Nb12.62Ni21.59Ti15.43V19.73,6,0.0,0.0,18.76,0.0,0.0,11.87,0.0,12.62,21.59,15.43,19.73,0.0,100.00000000000001,True
CAND_02961,Al25.26Nb18.32Ni21.30Ti13.51W21.61,5,25.26,0.0,0.0,0.0,0.0,0.0,0.0,18.32,21.3,13.51,0.0,21.61,100.0,True
CAND_02962,Al12.19Cu7.61Mn12.70Nb40.18Ni27.32,5,12.19,0.0,0.0,7.61,0.0,12.7,0.0,40.18,27.32,0.0,0.0,0.0,100.0,True
CAND_02963,Cr30.80Cu13.72Fe16.51Nb18.03V20.94,5,0.0,0.0,30.8,13.72,16.51,0.0,0.0,18.03,0.0,0.0,20.94,0.0,100.0,True
CAND_02964,Al27.44Cu9.71Mo27.40Ni8.12V27.33,5,27.44,0.0,0.0,9.71,0.0,0.0,27.4,0.0,8.12,0.0,27.33,0.0,100.00000000000001,True
CAND_02965,Al8.29Cr39.96Fe12.27Mn8.08Nb8.68V22.72,6,8.29,0.0,39.96,0.0,12.27,8.08,0.0,8.68,0.0,0.0,22.72,0.0,100.0,True
CAND_02966,Co12.20Cr19.12Cu20.29Fe16.12Ni14.00W18.27,6,0.0,12.2,19.12,20.29,16.12,0.0,0.0,0.0,14.0,0.0,0.0,18.27,100.0,True
CAND_02967,Al22.06Co13.23Fe21.48Mn27.88Nb5.22V10.13,6,22.06,13.23,0.0,0.0,21.48,27.88,0.0,5.22,0.0,0.0,10.13,0.0,99.99999999999999,True
CAND_02968,Al9.59Co22.19Cu10.70Ni14.75Ti10.38V32.39,6,9.59,22.19,0.0,10.7,0.0,0.0,0.0,0.0,14.75,10.38,32.39,0.0,100.0,True
CAND_02969,Cr7.20Cu36.97Nb21.87Ti33.96,4,0.0,0.0,7.2,36.97,0.0,0.0,0.0,21.87,0.0,33.96,0.0,0.0,100.0,True
CAND_02970,Al8.41Co44.10Cu5.31Mn23.10Ni19.08,5,8.41,44.1,0.0,5.31,0.0,23.1,0.0,0.0,19.08,0.0,0.0,0.0,100.00000000000001,True
CAND_02971,Mn40.01Mo15.04Nb13.42Ni5.78Ti25.75,5,0.0,0.0,0.0,0.0,0.0,40.01,15.04,13.42,5.78,25.75,0.0,0.0,100.0,True
CAND_02972,Al10.38Cu7.08Fe40.99Mn21.03Ni9.00W11.52,6,10.38,0.0,0.0,7.08,40.99,21.03,0.0,0.0,9.0,0.0,0.0,11.52,100.0,True
CAND_02973,Cr11.76Fe29.00Ni23.76V35.48,4,0.0,0.0,11.76,0.0,29.0,0.0,0.0,0.0,23.76,0.0,35.48,0.0,100.0,True
CAND_02974,Al17.64Co11.08Cu7.15Mo11.03Ni16.63V36.47,6,17.64,11.08,0.0,7.15,0.0,0.0,11.03,0.0,16.63,0.0,36.47,0.0,100.0,True
CAND_02975,Co25.10Cr30.81Cu16.14V27.95,4,0.0,25.1,30.81,16.14,0.0,0.0,0.0,0.0,0.0,0.0,27.95,0.0,100.0,True
CAND_02976,Al24.41Cr28.98Mn7.12Ni26.02W13.47,5,24.41,0.0,28.98,0.0,0.0,7.12,0.0,0.0,26.02,0.0,0.0,13.47,100.0,True
CAND_02977,Al16.60Co18.04Cr8.24Cu23.07Mn7.88Mo26.17,6,16.6,18.04,8.24,23.07,0.0,7.88,26.17,0.0,0.0,0.0,0.0,0.0,100.0,True
CAND_02978,Al25.62Cr12.38Fe19.08Mo8.55Ti23.82V10.55,6,25.62,0.0,12.38,0.0,19.08,0.0,8.55,0.0,0.0,23.82,10.55,0.0,99.99999999999999,True
CAND_02979,Co16.68Mn12.19Ni28.58Ti19.29V23.26,5,0.0,16.68,0.0,0.0,0.0,12.19,0.0,0.0,28.58,19.29,23.26,0.0,100.0,True
CAND_02980,Co12.13Cr13.44Cu17.37Fe8.08Mo35.73Ti13.25,6,0.0,12.13,13.44,17.37,8.08,0.0,35.73,0.0,0.0,13.25,0.0,0.0,100.0,True
CAND_02981,Fe12.90Mo24.31Ni18.65Ti36.31V7.83,5,0.0,0.0,0.0,0.0,12.9,0.0,24.31,0.0,18.65,36.31,7.83,0.0,100.0,True
CAND_02982,Co12.03Cu10.55Mo20.84Nb11.10Ni13.28W32.20,6,0.0,12.03,0.0,10.55,0.0,0.0,20.84,11.1,13.28,0.0,0.0,32.2,100.0,True
CAND_02983,Al12.12Co43.54Cu20.39Mo9.09Nb14.86,5,12.12,43.54,0.0,20.39,0.0,0.0,9.09,14.86,0.0,0.0,0.0,0.0,100.0,True
CAND_02984,Al12.32Cr33.93Nb16.90Ni11.03Ti25.82,5,12.32,0.0,33.93,0.0,0.0,0.0,0.0,16.9,11.03,25.82,0.0,0.0,100.0,True
CAND_02985,Co10.13Cr29.38Mo25.43Ti35.06,4,0.0,10.13,29.38,0.0,0.0,0.0,25.43,0.0,0.0,35.06,0.0,0.0,100.0,True
CAND_02986,Al37.86Mn27.71Nb18.71V15.72,4,37.86,0.0,0.0,0.0,0.0,27.71,0.0,18.71,0.0,0.0,15.72,0.0,100.0,True
CAND_02987,Cr21.92Nb22.58Ni26.72Ti28.78,4,0.0,0.0,21.92,0.0,0.0,0.0,0.0,22.58,26.72,28.78,0.0,0.0,100.0,True
CAND_02988,Al10.91Fe10.52Mo8.41Ni39.13Ti31.03,5,10.91,0.0,0.0,0.0,10.52,0.0,8.41,0.0,39.13,31.03,0.0,0.0,100.0,True
CAND_02989,Co10.35Cr14.40Fe23.06Mn24.15Nb11.43Ti16.61,6,0.0,10.35,14.4,0.0,23.06,24.15,0.0,11.43,0.0,16.61,0.0,0.0,100.00000000000001,True
CAND_02990,Al13.72Fe6.01Mn27.59Mo25.22Nb21.68W5.78,6,13.72,0.0,0.0,0.0,6.01,27.59,25.22,21.68,0.0,0.0,0.0,5.78,100.0,True
CAND_02991,Al39.33Co12.46Ni26.90V21.31,4,39.33,12.46,0.0,0.0,0.0,0.0,0.0,0.0,26.9,0.0,21.31,0.0,100.0,True
CAND_02992,Fe10.79Mn24.77Nb43.70Ni20.74,4,0.0,0.0,0.0,0.0,10.79,24.77,0.0,43.7,20.74,0.0,0.0,0.0,100.0,True
CAND_02993,Fe25.24Mn29.86Mo14.45Nb24.41Ni6.04,5,0.0,0.0,0.0,0.0,25.24,29.86,14.45,24.41,6.04,0.0,0.0,0.0,100.0,True
CAND_02994,Co36.17Cu13.62V36.47W13.74,4,0.0,36.17,0.0,13.62,0.0,0.0,0.0,0.0,0.0,0.0,36.47,13.74,99.99999999999999,True
CAND_02995,Cr31.01Cu27.77Ni13.32V27.90,4,0.0,0.0,31.01,27.77,0.0,0.0,0.0,0.0,13.32,0.0,27.9,0.0,100.0,True
CAND_02996,Al9.38Cr18.63Mn9.79Mo22.55Ni23.96W15.69,6,9.38,0.0,18.63,0.0,0.0,9.79,22.55,0.0,23.96,0.0,0.0,15.69,100.0,True
CAND_02997,Al18.83Cu37.10Fe32.40V11.67,4,18.83,0.0,0.0,37.1,32.4,0.0,0.0,0.0,0.0,0.0,11.67,0.0,100.0,True
CAND_02998,Al9.32Cr23.09Cu16.28Fe19.64Nb11.75W19.92,6,9.32,0.0,23.09,16.28,19.64,0.0,0.0,11.75,0.0,0.0,0.0,19.92,100.0,True
CAND_02999,Cr28.64Fe14.54Mo41.72W15.10,4,0.0,0.0,28.64,0.0,14.54,0.0,41.72,0.0,0.0,0.0,0.0,15.1,100.0,True
CAND_03000,Co22.65Cr12.20Mo29.67Ni28.71V6.77,5,0.0,22.65,12.2,0.0,0.0,0.0,29.67,0.0,28.71,0.0,6.77,0.0,99.99999999999999,True
CAND_03001,Cr12.20Cu14.40Fe40.66Nb13.74V19.00,5,0.0,0.0,12.2,14.4,40.66,0.0,0.0,13.74,0.0,0.0,19.0,0.0,99.99999999999999,True
CAND_03002,Al21.72Cr10.58Nb11.24Ni24.48Ti5.34V26.64,6,21.72,0.0,10.58,0.0,0.0,0.0,0.0,11.24,24.48,5.34,26.64,0.0,100.0,True
CAND_03003,Al7.08Nb41.03V15.45W36.44,4,7.08,0.0,0.0,0.0,0.0,0.0,0.0,41.03,0.0,0.0,15.45,36.44,100.0,True
CAND_03004,Cu10.73Mn11.73Mo18.48Nb21.42V37.64,5,0.0,0.0,0.0,10.73,0.0,11.73,18.48,21.42,0.0,0.0,37.64,0.0,100.0,True
CAND_03005,Co6.64Fe17.10Mn27.16Nb10.22Ti22.13W16.75,6,0.0,6.64,0.0,0.0,17.1,27.16,0.0,10.22,0.0,22.13,0.0,16.75,100.0,True
CAND_03006,Cr13.31Cu29.67Mn20.47Nb11.58Ti10.56V14.41,6,0.0,0.0,13.31,29.67,0.0,20.47,0.0,11.58,0.0,10.56,14.41,0.0,100.0,True
CAND_03007,Co11.82Cr42.18Cu12.20Fe11.92Mo9.43W12.45,6,0.0,11.82,42.18,12.2,11.92,0.0,9.43,0.0,0.0,0.0,0.0,12.45,100.00000000000001,True
CAND_03008,Cu13.74Mn25.05Mo10.18Nb7.02V44.01,5,0.0,0.0,0.0,13.74,0.0,25.05,10.18,7.02,0.0,0.0,44.01,0.0,100.0,True
CAND_03009,Al8.13Co19.27Cu13.30Fe13.76Nb27.77V17.77,6,8.13,19.27,0.0,13.3,13.76,0.0,0.0,27.77,0.0,0.0,17.77,0.0,100.0,True
CAND_03010,Cu43.25Nb10.18Ni10.72W35.85,4,0.0,0.0,0.0,43.25,0.0,0.0,0.0,10.18,10.72,0.0,0.0,35.85,100.0,True
CAND_03011,Al29.93Mn6.09Nb6.11Ti32.96W24.91,5,29.93,0.0,0.0,0.0,0.0,6.09,0.0,6.11,0.0,32.96,0.0,24.91,100.0,True
CAND_03012,Fe24.91Ni28.66Ti15.61W30.82,4,0.0,0.0,0.0,0.0,24.91,0.0,0.0,0.0,28.66,15.61,0.0,30.82,100.0,True
CAND_03013,Co18.79Cu8.59Nb21.91Ni25.63V9.88W15.20,6,0.0,18.79,0.0,8.59,0.0,0.0,0.0,21.91,25.63,0.0,9.88,15.2,100.0,True
CAND_03014,Fe11.40Mn26.42Nb13.00Ni16.62W32.56,5,0.0,0.0,0.0,0.0,11.4,26.42,0.0,13.0,16.62,0.0,0.0,32.56,100.0,True
CAND_03015,Al26.27Cu19.14Fe11.72Nb17.47V25.40,5,26.27,0.0,0.0,19.14,11.72,0.0,0.0,17.47,0.0,0.0,25.4,0.0,100.0,True
CAND_03016,Cu15.55Fe40.17Nb16.82Ni27.46,4,0.0,0.0,0.0,15.55,40.17,0.0,0.0,16.82,27.46,0.0,0.0,0.0,100.0,True
CAND_03017,Mn18.35Mo29.19Nb32.83V12.20W7.43,5,0.0,0.0,0.0,0.0,0.0,18.35,29.19,32.83,0.0,0.0,12.2,7.43,100.0,True
CAND_03018,Al29.17Cr19.77Mo34.49Nb16.57,4,29.17,0.0,19.77,0.0,0.0,0.0,34.49,16.57,0.0,0.0,0.0,0.0,100.0,True
CAND_03019,Al15.74Fe17.56Mn18.86Mo11.32Nb36.52,5,15.74,0.0,0.0,0.0,17.56,18.86,11.32,36.52,0.0,0.0,0.0,0.0,100.0,True
CAND_03020,Co23.05Mn17.22Nb13.57Ti21.60W24.56,5,0.0,23.05,0.0,0.0,0.0,17.22,0.0,13.57,0.0,21.6,0.0,24.56,100.0,True
CAND_03021,Co14.01Cr21.27Cu23.61Ni19.91Ti6.82W14.38,6,0.0,14.01,21.27,23.61,0.0,0.0,0.0,0.0,19.91,6.82,0.0,14.38,100.0,True
CAND_03022,Al7.01Cu19.27Fe26.87Mn34.09Ti12.76,5,7.01,0.0,0.0,19.27,26.87,34.09,0.0,0.0,0.0,12.76,0.0,0.0,100.00000000000001,True
CAND_03023,Co19.66Cu10.69Mn23.74Ti34.07V11.84,5,0.0,19.66,0.0,10.69,0.0,23.74,0.0,0.0,0.0,34.07,11.84,0.0,100.0,True
CAND_03024,Al11.48Cu16.11Fe16.39Mn11.33Mo18.76V25.93,6,11.48,0.0,0.0,16.11,16.39,11.33,18.76,0.0,0.0,0.0,25.93,0.0,100.0,True
CAND_03025,Cr15.36Cu10.31Mn25.20Mo7.44Nb26.64Ni15.05,6,0.0,0.0,15.36,10.31,0.0,25.2,7.44,26.64,15.05,0.0,0.0,0.0,100.0,True
CAND_03026,Cr38.19Cu16.13Ni28.90W16.78,4,0.0,0.0,38.19,16.13,0.0,0.0,0.0,0.0,28.9,0.0,0.0,16.78,100.0,True
CAND_03027,Co10.95Cr17.14Mn15.18Nb25.65Ni21.16W9.92,6,0.0,10.95,17.14,0.0,0.0,15.18,0.0,25.65,21.16,0.0,0.0,9.92,99.99999999999999,True
CAND_03028,Cu14.84Mn7.54Mo26.75Nb5.61Ni14.38Ti30.88,6,0.0,0.0,0.0,14.84,0.0,7.54,26.75,5.61,14.38,30.88,0.0,0.0,99.99999999999999,True
CAND_03029,Cr27.35Ti26.06V24.81W21.78,4,0.0,0.0,27.35,0.0,0.0,0.0,0.0,0.0,0.0,26.06,24.81,21.78,100.0,True
CAND_03030,Cr32.80Cu18.52Mn42.85Mo5.83,4,0.0,0.0,32.8,18.52,0.0,42.85,5.83,0.0,0.0,0.0,0.0,0.0,99.99999999999999,True
CAND_03031,Al9.59Cu33.01Ti22.25W35.15,4,9.59,0.0,0.0,33.01,0.0,0.0,0.0,0.0,0.0,22.25,0.0,35.15,100.0,True
CAND_03032,Co34.04Cr32.04Cu7.34Mn19.11W7.47,5,0.0,34.04,32.04,7.34,0.0,19.11,0.0,0.0,0.0,0.0,0.0,7.47,100.0,True
CAND_03033,Al11.68Cr23.53Mn21.57Mo43.22,4,11.68,0.0,23.53,0.0,0.0,21.57,43.22,0.0,0.0,0.0,0.0,0.0,100.0,True
CAND_03034,Cu23.70Mo14.54Nb23.01Ni7.46V21.98W9.31,6,0.0,0.0,0.0,23.7,0.0,0.0,14.54,23.01,7.46,0.0,21.98,9.31,100.0,True
CAND_03035,Al24.52Cu11.07Mn17.41Nb8.89Ti18.64W19.47,6,24.52,0.0,0.0,11.07,0.0,17.41,0.0,8.89,0.0,18.64,0.0,19.47,100.0,True
CAND_03036,Al24.63Cu21.54Fe27.42Mo6.68Nb19.73,5,24.63,0.0,0.0,21.54,27.42,0.0,6.68,19.73,0.0,0.0,0.0,0.0,100.00000000000001,True
CAND_03037,Co26.36Cr10.76Ni29.26Ti12.53W21.09,5,0.0,26.36,10.76,0.0,0.0,0.0,0.0,0.0,29.26,12.53,0.0,21.09,100.0,True
CAND_03038,Co17.41Cr36.07V35.81W10.71,4,0.0,17.41,36.07,0.0,0.0,0.0,0.0,0.0,0.0,0.0,35.81,10.71,100.0,True
CAND_03039,Al30.79Co9.57Fe8.91Nb10.13Ni28.82V11.78,6,30.79,9.57,0.0,0.0,8.91,0.0,0.0,10.13,28.82,0.0,11.78,0.0,100.0,True
CAND_03040,Mn31.80Mo22.92Nb10.99Ti23.82W10.47,5,0.0,0.0,0.0,0.0,0.0,31.8,22.92,10.99,0.0,23.82,0.0,10.47,100.0,True
CAND_03041,Al33.77Fe25.90Nb8.75Ni14.34W17.24,5,33.77,0.0,0.0,0.0,25.9,0.0,0.0,8.75,14.34,0.0,0.0,17.24,100.0,True
CAND_03042,Fe21.13Mo18.36Ni43.90Ti16.61,4,0.0,0.0,0.0,0.0,21.13,0.0,18.36,0.0,43.9,16.61,0.0,0.0,99.99999999999999,True
CAND_03043,Al5.08Mo43.35Nb18.98V32.59,4,5.08,0.0,0.0,0.0,0.0,0.0,43.35,18.98,0.0,0.0,32.59,0.0,100.0,True
CAND_03044,Al15.80Mn33.29Nb11.03Ni6.12Ti14.31W19.45,6,15.8,0.0,0.0,0.0,0.0,33.29,0.0,11.03,6.12,14.31,0.0,19.45,100.00000000000001,True
CAND_03045,Co12.82Cu18.60Fe44.81V23.77,4,0.0,12.82,0.0,18.6,44.81,0.0,0.0,0.0,0.0,0.0,23.77,0.0,100.0,True
CAND_03046,Fe19.62Mn8.15Ni26.91V28.32W17.00,5,0.0,0.0,0.0,0.0,19.62,8.15,0.0,0.0,26.91,0.0,28.32,17.0,100.0,True
CAND_03047,Co20.62Mn33.34Ti15.92W30.12,4,0.0,20.62,0.0,0.0,0.0,33.34,0.0,0.0,0.0,15.92,0.0,30.12,100.00000000000001,True
CAND_03048,Al44.48Co8.75Fe13.54Mo21.81Ni11.42,5,44.48,8.75,0.0,0.0,13.54,0.0,21.81,0.0,11.42,0.0,0.0,0.0,100.0,True
CAND_03049,Al24.82Co14.97Fe25.39Ni24.17V10.65,5,24.82,14.97,0.0,0.0,25.39,0.0,0.0,0.0,24.17,0.0,10.65,0.0,100.00000000000001,True
CAND_03050,Co21.59Cr22.59Mn16.24Mo20.47Ni11.06V8.05,6,0.0,21.59,22.59,0.0,0.0,16.24,20.47,0.0,11.06,0.0,8.05,0.0,100.0,True
CAND_03051,Al24.90Co42.78Cu24.15Ti8.17,4,24.9,42.78,0.0,24.15,0.0,0.0,0.0,0.0,0.0,8.17,0.0,0.0,100.00000000000001,True
CAND_03052,Cu34.18Mn24.83Ni29.60Ti11.39,4,0.0,0.0,0.0,34.18,0.0,24.83,0.0,0.0,29.6,11.39,0.0,0.0,100.0,True
CAND_03053,Al12.14Cr24.71Cu19.27Fe5.65Mn13.10W25.13,6,12.14,0.0,24.71,19.27,5.65,13.1,0.0,0.0,0.0,0.0,0.0,25.13,100.0,True
CAND_03054,Cr36.53Cu5.05Mo39.75Ti18.67,4,0.0,0.0,36.53,5.05,0.0,0.0,39.75,0.0,0.0,18.67,0.0,0.0,100.0,True
CAND_03055,Cr40.35Fe31.09Mo20.15Ni8.41,4,0.0,0.0,40.35,0.0,31.09,0.0,20.15,0.0,8.41,0.0,0.0,0.0,100.0,True
CAND_03056,Cu27.06Mo18.98Ni26.19V27.77,4,0.0,0.0,0.0,27.06,0.0,0.0,18.98,0.0,26.19,0.0,27.77,0.0,100.0,True
CAND_03057,Cr22.03Cu26.96Fe8.33Mo21.10Nb13.50W8.08,6,0.0,0.0,22.03,26.96,8.33,0.0,21.1,13.5,0.0,0.0,0.0,8.08,100.0,True
CAND_03058,Al17.20Cr5.25Fe23.55Mn14.10Ti31.21W8.69,6,17.2,0.0,5.25,0.0,23.55,14.1,0.0,0.0,0.0,31.21,0.0,8.69,100.0,True
CAND_03059,Al28.72Cr8.67Cu19.40Mo7.91W35.30,5,28.72,0.0,8.67,19.4,0.0,0.0,7.91,0.0,0.0,0.0,0.0,35.3,100.0,True
CAND_03060,Mn29.00Nb22.93Ti8.27V27.34W12.46,5,0.0,0.0,0.0,0.0,0.0,29.0,0.0,22.93,0.0,8.27,27.34,12.46,100.0,True
CAND_03061,Cu12.43Fe17.69Mn31.18Mo22.30Ni16.40,5,0.0,0.0,0.0,12.43,17.69,31.18,22.3,0.0,16.4,0.0,0.0,0.0,100.0,True
CAND_03062,Al10.15Cu29.11Fe10.40Nb31.07V8.70W10.57,6,10.15,0.0,0.0,29.11,10.4,0.0,0.0,31.07,0.0,0.0,8.7,10.57,100.0,True
CAND_03063,Cu22.24Fe8.37Nb22.73Ti31.81W14.85,5,0.0,0.0,0.0,22.24,8.37,0.0,0.0,22.73,0.0,31.81,0.0,14.85,100.0,True
CAND_03064,Al36.45Fe31.73Ti26.55V5.27,4,36.45,0.0,0.0,0.0,31.73,0.0,0.0,0.0,0.0,26.55,5.27,0.0,100.0,True
CAND_03065,Co11.01Cu18.95Fe27.33Mn10.67V32.04,5,0.0,11.01,0.0,18.95,27.33,10.67,0.0,0.0,0.0,0.0,32.04,0.0,100.0,True
CAND_03066,Al9.07Cr30.69Fe27.44Mn17.21Nb15.59,5,9.07,0.0,30.69,0.0,27.44,17.21,0.0,15.59,0.0,0.0,0.0,0.0,100.0,True
CAND_03067,Co28.10Fe6.66Mn20.44V44.80,4,0.0,28.1,0.0,0.0,6.66,20.44,0.0,0.0,0.0,0.0,44.8,0.0,100.0,True
CAND_03068,Cu25.23Nb9.18Ni34.17W31.42,4,0.0,0.0,0.0,25.23,0.0,0.0,0.0,9.18,34.17,0.0,0.0,31.42,100.0,True
CAND_03069,Cr22.03Cu12.65Fe23.47Mn20.55Mo15.85V5.45,6,0.0,0.0,22.03,12.65,23.47,20.55,15.85,0.0,0.0,0.0,5.45,0.0,100.0,True
CAND_03070,Al12.83Mo17.43Ni7.57Ti34.69V17.78W9.70,6,12.83,0.0,0.0,0.0,0.0,0.0,17.43,0.0,7.57,34.69,17.78,9.7,100.0,True
CAND_03071,Al12.25Cu15.64Fe29.08Mn9.00Nb24.44W9.59,6,12.25,0.0,0.0,15.64,29.08,9.0,0.0,24.44,0.0,0.0,0.0,9.59,100.0,True
CAND_03072,Cu12.63Mn42.11Mo16.42Ni10.13W18.71,5,0.0,0.0,0.0,12.63,0.0,42.11,16.42,0.0,10.13,0.0,0.0,18.71,100.0,True
CAND_03073,Cr9.77Fe9.76Mn17.16Ni24.47Ti9.35W29.49,6,0.0,0.0,9.77,0.0,9.76,17.16,0.0,0.0,24.47,9.35,0.0,29.49,99.99999999999999,True
CAND_03074,Al30.51Co24.31Mn10.23Ni25.13W9.82,5,30.51,24.31,0.0,0.0,0.0,10.23,0.0,0.0,25.13,0.0,0.0,9.82,100.0,True
CAND_03075,Al9.82Co36.35Cr27.21Fe15.01Ti11.61,5,9.82,36.35,27.21,0.0,15.01,0.0,0.0,0.0,0.0,11.61,0.0,0.0,100.0,True
CAND_03076,Cr36.61Fe17.49Nb9.03Ti36.87,4,0.0,0.0,36.61,0.0,17.49,0.0,0.0,9.03,0.0,36.87,0.0,0.0,100.0,True
CAND_03077,Al9.78Cr10.42Cu28.13Mn16.78Nb34.89,5,9.78,0.0,10.42,28.13,0.0,16.78,0.0,34.89,0.0,0.0,0.0,0.0,100.0,True
CAND_03078,Co28.66Nb14.88Ti29.56V15.97W10.93,5,0.0,28.66,0.0,0.0,0.0,0.0,0.0,14.88,0.0,29.56,15.97,10.93,100.0,True
CAND_03079,Cr8.98Fe6.86Mo8.84Ni41.87W33.45,5,0.0,0.0,8.98,0.0,6.86,0.0,8.84,0.0,41.87,0.0,0.0,33.45,100.0,True
CAND_03080,Cr42.11Cu35.64Mn15.08W7.17,4,0.0,0.0,42.11,35.64,0.0,15.08,0.0,0.0,0.0,0.0,0.0,7.17,100.0,True
CAND_03081,Al9.60Co24.98Cr38.07Ni19.25V8.10,5,9.6,24.98,38.07,0.0,0.0,0.0,0.0,0.0,19.25,0.0,8.1,0.0,100.0,True
CAND_03082,Ni38.02Ti27.08V14.54W20.36,4,0.0,0.0,0.0,0.0,0.0,0.0,0.0,0.0,38.02,27.08,14.54,20.36,99.99999999999999,True
CAND_03083,Fe28.70Mn14.32Mo24.67Ti23.85V8.46,5,0.0,0.0,0.0,0.0,28.7,14.32,24.67,0.0,0.0,23.85,8.46,0.0,100.0,True
CAND_03084,Al32.00Co7.25Cu20.01Mn35.26Ni5.48,5,32.0,7.25,0.0,20.01,0.0,35.26,0.0,0.0,5.48,0.0,0.0,0.0,100.00000000000001,True
CAND_03085,Co11.49Nb28.08Ni38.26W22.17,4,0.0,11.49,0.0,0.0,0.0,0.0,0.0,28.08,38.26,0.0,0.0,22.17,100.0,True
CAND_03086,Al20.97Cu34.54Mn17.61Ti26.88,4,20.97,0.0,0.0,34.54,0.0,17.61,0.0,0.0,0.0,26.88,0.0,0.0,100.0,True
CAND_03087,Al9.25Cr27.14Mn17.07Mo21.75Ni24.79,5,9.25,0.0,27.14,0.0,0.0,17.07,21.75,0.0,24.79,0.0,0.0,0.0,100.0,True
CAND_03088,Co22.25Cr38.06Cu8.56Nb31.13,4,0.0,22.25,38.06,8.56,0.0,0.0,0.0,31.13,0.0,0.0,0.0,0.0,100.0,True
CAND_03089,Al6.05Co5.17Fe7.52Mn32.21Ni35.86Ti13.19,6,6.05,5.17,0.0,0.0,7.52,32.21,0.0,0.0,35.86,13.19,0.0,0.0,100.0,True
CAND_03090,Al8.42Co32.25Mo17.00Ti8.30W34.03,5,8.42,32.25,0.0,0.0,0.0,0.0,17.0,0.0,0.0,8.3,0.0,34.03,100.0,True
CAND_03091,Al34.37Cr19.94Ti39.26W6.43,4,34.37,0.0,19.94,0.0,0.0,0.0,0.0,0.0,0.0,39.26,0.0,6.43,100.0,True
CAND_03092,Al25.93Cu23.96Mo11.88Ni23.10Ti6.64V8.49,6,25.93,0.0,0.0,23.96,0.0,0.0,11.88,0.0,23.1,6.64,8.49,0.0,100.0,True
CAND_03093,Cu24.42Nb15.26Ni22.77Ti5.93V31.62,5,0.0,0.0,0.0,24.42,0.0,0.0,0.0,15.26,22.77,5.93,31.62,0.0,100.0,True
CAND_03094,Cu38.86Nb28.08Ni10.54Ti22.52,4,0.0,0.0,0.0,38.86,0.0,0.0,0.0,28.08,10.54,22.52,0.0,0.0,99.99999999999999,True
CAND_03095,Cu18.64Fe40.60Ni21.08V19.68,4,0.0,0.0,0.0,18.64,40.6,0.0,0.0,0.0,21.08,0.0,19.68,0.0,100.0,True
CAND_03096,Al19.11Co6.98Cr9.36Mo17.26Nb6.47V40.82,6,19.11,6.98,9.36,0.0,0.0,0.0,17.26,6.47,0.0,0.0,40.82,0.0,100.0,True
CAND_03097,Al8.29Cr14.19Mn20.39Nb33.82V23.31,5,8.29,0.0,14.19,0.0,0.0,20.39,0.0,33.82,0.0,0.0,23.31,0.0,100.0,True
CAND_03098,Al22.68Co22.31Fe6.11Mn11.85Mo27.44Ti9.61,6,22.68,22.31,0.0,0.0,6.11,11.85,27.44,0.0,0.0,9.61,0.0,0.0,100.0,True
CAND_03099,Cu20.27Mn18.61Mo20.40Nb40.72,4,0.0,0.0,0.0,20.27,0.0,18.61,20.4,40.72,0.0,0.0,0.0,0.0,100.0,True
CAND_03100,Co18.28Cr24.90Cu20.93Mn16.49Mo6.33Nb13.07,6,0.0,18.28,24.9,20.93,0.0,16.49,6.33,13.07,0.0,0.0,0.0,0.0,100.0,True
CAND_03101,Cr24.75Fe5.50Mn8.72Nb10.46V28.09W22.48,6,0.0,0.0,24.75,0.0,5.5,8.72,0.0,10.46,0.0,0.0,28.09,22.48,100.0,True
CAND_03102,Al21.40Co29.69Mn10.34Mo17.95Nb10.29Ti10.33,6,21.4,29.69,0.0,0.0,0.0,10.34,17.95,10.29,0.0,10.33,0.0,0.0,100.00000000000001,True
CAND_03103,Al23.59Cu12.83Fe18.79Mn20.16Ni24.63,5,23.59,0.0,0.0,12.83,18.79,20.16,0.0,0.0,24.63,0.0,0.0,0.0,100.0,True
CAND_03104,Cr28.45Cu6.56Fe31.96Mn20.24W12.79,5,0.0,0.0,28.45,6.56,31.96,20.24,0.0,0.0,0.0,0.0,0.0,12.79,100.0,True
CAND_03105,Al33.80Fe6.34Mn26.08Ni33.78,4,33.8,0.0,0.0,0.0,6.34,26.08,0.0,0.0,33.78,0.0,0.0,0.0,100.0,True
CAND_03106,Al7.84Cr24.61Nb16.76V12.16W38.63,5,7.84,0.0,24.61,0.0,0.0,0.0,0.0,16.76,0.0,0.0,12.16,38.63,100.0,True
CAND_03107,Cr11.69Cu31.64Fe20.92V35.75,4,0.0,0.0,11.69,31.64,20.92,0.0,0.0,0.0,0.0,0.0,35.75,0.0,100.0,True
CAND_03108,Al23.30Cr9.23Cu26.58Fe14.03Ti10.66V16.20,6,23.3,0.0,9.23,26.58,14.03,0.0,0.0,0.0,0.0,10.66,16.2,0.0,100.0,True
CAND_03109,Co31.36Cr21.06V39.52W8.06,4,0.0,31.36,21.06,0.0,0.0,0.0,0.0,0.0,0.0,0.0,39.52,8.06,100.0,True
CAND_03110,Al13.89Nb29.31Ni15.41V41.39,4,13.89,0.0,0.0,0.0,0.0,0.0,0.0,29.31,15.41,0.0,41.39,0.0,100.0,True
CAND_03111,Co15.77Cr18.61Nb19.26Ni8.68V22.20W15.48,6,0.0,15.77,18.61,0.0,0.0,0.0,0.0,19.26,8.68,0.0,22.2,15.48,100.0,True
CAND_03112,Cr21.76Cu44.37Mo12.18Ti21.69,4,0.0,0.0,21.76,44.37,0.0,0.0,12.18,0.0,0.0,21.69,0.0,0.0,100.0,True
CAND_03113,Cu10.44Fe14.95Mo9.30Ni30.50Ti9.40V25.41,6,0.0,0.0,0.0,10.44,14.95,0.0,9.3,0.0,30.5,9.4,25.41,0.0,100.0,True
CAND_03114,Co35.79Fe18.98Mn6.26Nb33.91V5.06,5,0.0,35.79,0.0,0.0,18.98,6.26,0.0,33.91,0.0,0.0,5.06,0.0,100.0,True
CAND_03115,Co7.94Cr19.25Cu15.75Mo22.67Nb26.12W8.27,6,0.0,7.94,19.25,15.75,0.0,0.0,22.67,26.12,0.0,0.0,0.0,8.27,100.0,True
CAND_03116,Al27.95Mo28.99Nb17.49V25.57,4,27.95,0.0,0.0,0.0,0.0,0.0,28.99,17.49,0.0,0.0,25.57,0.0,100.0,True
CAND_03117,Al6.77Co19.25Cu16.09Nb37.97Ni19.92,5,6.77,19.25,0.0,16.09,0.0,0.0,0.0,37.97,19.92,0.0,0.0,0.0,100.0,True
CAND_03118,Co5.08Fe29.77Mn18.19Mo8.48Ni20.29V18.19,6,0.0,5.08,0.0,0.0,29.77,18.19,8.48,0.0,20.29,0.0,18.19,0.0,100.0,True
CAND_03119,Al16.67Co28.06Cu7.07Mn5.87Mo36.69V5.64,6,16.67,28.06,0.0,7.07,0.0,5.87,36.69,0.0,0.0,0.0,5.64,0.0,100.0,True
CAND_03120,Al15.84Cu12.56Fe7.44Mn22.79Ti7.01W34.36,6,15.84,0.0,0.0,12.56,7.44,22.79,0.0,0.0,0.0,7.01,0.0,34.36,100.0,True
CAND_03121,Co11.39Cu15.04Fe18.28Ni17.48Ti28.90W8.91,6,0.0,11.39,0.0,15.04,18.28,0.0,0.0,0.0,17.48,28.9,0.0,8.91,100.0,True
CAND_03122,Cr36.14Fe23.96Ti18.77V21.13,4,0.0,0.0,36.14,0.0,23.96,0.0,0.0,0.0,0.0,18.77,21.13,0.0,100.0,True
CAND_03123,Cr16.46Ni16.21Ti23.41V9.99W33.93,5,0.0,0.0,16.46,0.0,0.0,0.0,0.0,0.0,16.21,23.41,9.99,33.93,100.0,True
CAND_03124,Cu10.97Mo37.38Ni9.62V17.61W24.42,5,0.0,0.0,0.0,10.97,0.0,0.0,37.38,0.0,9.62,0.0,17.61,24.42,100.0,True
CAND_03125,Al26.61Co19.56Fe21.42Mn6.26Nb26.15,5,26.61,19.56,0.0,0.0,21.42,6.26,0.0,26.15,0.0,0.0,0.0,0.0,100.0,True
CAND_03126,Al12.69Co20.17Cu11.68Mn6.08Mo37.01W12.37,6,12.69,20.17,0.0,11.68,0.0,6.08,37.01,0.0,0.0,0.0,0.0,12.37,100.0,True
CAND_03127,Cu22.05Mn17.71Mo5.20Nb18.13Ti11.65W25.26,6,0.0,0.0,0.0,22.05,0.0,17.71,5.2,18.13,0.0,11.65,0.0,25.26,100.00000000000001,True
CAND_03128,Al7.16Mo16.35Nb23.33Ni11.56W41.60,5,7.16,0.0,0.0,0.0,0.0,0.0,16.35,23.33,11.56,0.0,0.0,41.6,100.0,True
CAND_03129,Al38.65Co19.43Fe13.50Mo7.55Nb10.68V10.19,6,38.65,19.43,0.0,0.0,13.5,0.0,7.55,10.68,0.0,0.0,10.19,0.0,100.0,True
CAND_03130,Co5.85Cr24.47Mn42.70Mo21.66V5.32,5,0.0,5.85,24.47,0.0,0.0,42.7,21.66,0.0,0.0,0.0,5.32,0.0,100.0,True
CAND_03131,Al28.55Mn27.31Ni18.52V25.62,4,28.55,0.0,0.0,0.0,0.0,27.31,0.0,0.0,18.52,0.0,25.62,0.0,100.0,True
CAND_03132,Al12.69Cu19.07Mo7.49Ni18.61V24.82W17.32,6,12.69,0.0,0.0,19.07,0.0,0.0,7.49,0.0,18.61,0.0,24.82,17.32,100.0,True
CAND_03133,Al22.06Fe14.38Mn22.65Mo14.84Ni12.94V13.13,6,22.06,0.0,0.0,0.0,14.38,22.65,14.84,0.0,12.94,0.0,13.13,0.0,99.99999999999999,True
CAND_03134,Al17.95Cr17.38Mo22.83Ni10.52W31.32,5,17.95,0.0,17.38,0.0,0.0,0.0,22.83,0.0,10.52,0.0,0.0,31.32,100.0,True
CAND_03135,Al31.85Mn29.34Ni22.00Ti16.81,4,31.85,0.0,0.0,0.0,0.0,29.34,0.0,0.0,22.0,16.81,0.0,0.0,100.0,True
CAND_03136,Al9.31Co26.79Nb23.31W40.59,4,9.31,26.79,0.0,0.0,0.0,0.0,0.0,23.31,0.0,0.0,0.0,40.59,100.0,True
CAND_03137,Al20.09Cr16.39Cu15.11Mn13.17Mo35.24,5,20.09,0.0,16.39,15.11,0.0,13.17,35.24,0.0,0.0,0.0,0.0,0.0,100.0,True
CAND_03138,Al19.12Cr36.12Fe23.15Mo21.61,4,19.12,0.0,36.12,0.0,23.15,0.0,21.61,0.0,0.0,0.0,0.0,0.0,99.99999999999999,True
CAND_03139,Al37.99Cr37.74Nb10.98Ni13.29,4,37.99,0.0,37.74,0.0,0.0,0.0,0.0,10.98,13.29,0.0,0.0,0.0,100.0,True
CAND_03140,Co38.14Fe13.88Mo15.74Ni13.14W19.10,5,0.0,38.14,0.0,0.0,13.88,0.0,15.74,0.0,13.14,0.0,0.0,19.1,100.0,True
CAND_03141,Co29.82Cu15.41Fe28.33Ni7.20V19.24,5,0.0,29.82,0.0,15.41,28.33,0.0,0.0,0.0,7.2,0.0,19.24,0.0,100.0,True
CAND_03142,Co39.54Cr13.72Mo14.77W31.97,4,0.0,39.54,13.72,0.0,0.0,0.0,14.77,0.0,0.0,0.0,0.0,31.97,100.0,True
CAND_03143,Cr15.89Mn14.12Mo33.91Ti8.88V27.20,5,0.0,0.0,15.89,0.0,0.0,14.12,33.91,0.0,0.0,8.88,27.2,0.0,100.0,True
CAND_03144,Co19.19Cr9.67Mn30.65V40.49,4,0.0,19.19,9.67,0.0,0.0,30.65,0.0,0.0,0.0,0.0,40.49,0.0,100.0,True
CAND_03145,Cu35.85Fe25.04Mn25.20Ti13.91,4,0.0,0.0,0.0,35.85,25.04,25.2,0.0,0.0,0.0,13.91,0.0,0.0,100.0,True
CAND_03146,Co15.95Cu6.94Mn20.22Mo36.00Ni20.89,5,0.0,15.95,0.0,6.94,0.0,20.22,36.0,0.0,20.89,0.0,0.0,0.0,100.0,True
CAND_03147,Co10.40Cr6.88Cu42.21Nb13.91Ni13.48Ti13.12,6,0.0,10.4,6.88,42.21,0.0,0.0,0.0,13.91,13.48,13.12,0.0,0.0,100.00000000000001,True
CAND_03148,Al8.22Co23.26Fe16.82Mn13.40Ni31.57Ti6.73,6,8.22,23.26,0.0,0.0,16.82,13.4,0.0,0.0,31.57,6.73,0.0,0.0,100.00000000000001,True
CAND_03149,Al12.72Co21.43Fe8.76Nb14.33Ti9.55W33.21,6,12.72,21.43,0.0,0.0,8.76,0.0,0.0,14.33,0.0,9.55,0.0,33.21,100.0,True
CAND_03150,Co30.72Cu6.96Mn27.42Nb34.90,4,0.0,30.72,0.0,6.96,0.0,27.42,0.0,34.9,0.0,0.0,0.0,0.0,100.0,True
CAND_03151,Cr16.13Fe17.09Mo21.06Ti21.44W24.28,5,0.0,0.0,16.13,0.0,17.09,0.0,21.06,0.0,0.0,21.44,0.0,24.28,100.0,True
CAND_03152,Co41.93Mn15.77Mo32.75Ni9.55,4,0.0,41.93,0.0,0.0,0.0,15.77,32.75,0.0,9.55,0.0,0.0,0.0,100.0,True
CAND_03153,Cr41.92Mn15.86Ni30.75Ti11.47,4,0.0,0.0,41.92,0.0,0.0,15.86,0.0,0.0,30.75,11.47,0.0,0.0,100.0,True
CAND_03154,Mn9.20Mo5.05Nb36.60V29.29W19.86,5,0.0,0.0,0.0,0.0,0.0,9.2,5.05,36.6,0.0,0.0,29.29,19.86,100.0,True
CAND_03155,Cr43.14Cu7.19Mo14.96V34.71,4,0.0,0.0,43.14,7.19,0.0,0.0,14.96,0.0,0.0,0.0,34.71,0.0,100.0,True
CAND_03156,Co8.77Cr7.74Cu23.29Mo18.46Ni12.99Ti28.75,6,0.0,8.77,7.74,23.29,0.0,0.0,18.46,0.0,12.99,28.75,0.0,0.0,100.0,True
CAND_03157,Fe33.43Ni22.34Ti25.50V18.73,4,0.0,0.0,0.0,0.0,33.43,0.0,0.0,0.0,22.34,25.5,18.73,0.0,100.0,True
CAND_03158,Co14.68Cr34.16Cu17.02Mn16.74Nb5.29Ni12.11,6,0.0,14.68,34.16,17.02,0.0,16.74,0.0,5.29,12.11,0.0,0.0,0.0,100.0,True
CAND_03159,Co18.17Cr20.43Nb39.25V16.86W5.29,5,0.0,18.17,20.43,0.0,0.0,0.0,0.0,39.25,0.0,0.0,16.86,5.29,100.0,True
CAND_03160,Cu23.97Nb20.32Ti16.48W39.23,4,0.0,0.0,0.0,23.97,0.0,0.0,0.0,20.32,0.0,16.48,0.0,39.23,100.0,True
CAND_03161,Co12.46Cu8.21Fe9.98Nb13.97Ti44.41V10.97,6,0.0,12.46,0.0,8.21,9.98,0.0,0.0,13.97,0.0,44.41,10.97,0.0,100.0,True
CAND_03162,Cr14.99Mo21.26Ni11.81Ti16.08W35.86,5,0.0,0.0,14.99,0.0,0.0,0.0,21.26,0.0,11.81,16.08,0.0,35.86,100.0,True
CAND_03163,Al8.38Co19.72Mn16.02Mo12.99V14.81W28.08,6,8.38,19.72,0.0,0.0,0.0,16.02,12.99,0.0,0.0,0.0,14.81,28.08,100.0,True
CAND_03164,Co30.87Cu11.28Mn29.31Ni28.54,4,0.0,30.87,0.0,11.28,0.0,29.31,0.0,0.0,28.54,0.0,0.0,0.0,100.0,True
CAND_03165,Al36.55Cr9.76Cu20.00Fe18.06W15.63,5,36.55,0.0,9.76,20.0,18.06,0.0,0.0,0.0,0.0,0.0,0.0,15.63,100.0,True
CAND_03166,Al21.49Co5.81Cr29.31Mn17.95Ni9.86W15.58,6,21.49,5.81,29.31,0.0,0.0,17.95,0.0,0.0,9.86,0.0,0.0,15.58,100.0,True
CAND_03167,Al9.74Cr30.09Ni29.82Ti30.35,4,9.74,0.0,30.09,0.0,0.0,0.0,0.0,0.0,29.82,30.35,0.0,0.0,100.0,True
CAND_03168,Cu24.85Mn21.10V13.84W40.21,4,0.0,0.0,0.0,24.85,0.0,21.1,0.0,0.0,0.0,0.0,13.84,40.21,100.0,True
CAND_03169,Al29.51Mo30.73Ti24.20V15.56,4,29.51,0.0,0.0,0.0,0.0,0.0,30.73,0.0,0.0,24.2,15.56,0.0,100.0,True
CAND_03170,Al18.00Cr41.21V25.46W15.33,4,18.0,0.0,41.21,0.0,0.0,0.0,0.0,0.0,0.0,0.0,25.46,15.33,100.0,True
CAND_03171,Al28.92Cr19.06Cu7.90Mn27.48Mo16.64,5,28.92,0.0,19.06,7.9,0.0,27.48,16.64,0.0,0.0,0.0,0.0,0.0,100.0,True
CAND_03172,Cr37.00Cu5.04Fe16.46Mn13.44Mo28.06,5,0.0,0.0,37.0,5.04,16.46,13.44,28.06,0.0,0.0,0.0,0.0,0.0,100.0,True
CAND_03173,Al25.38Cu8.90Mn18.02Mo20.05Nb13.99Ti13.66,6,25.38,0.0,0.0,8.9,0.0,18.02,20.05,13.99,0.0,13.66,0.0,0.0,99.99999999999999,True
CAND_03174,Cr24.93Fe11.83Mn16.46Mo12.89Nb9.25V24.64,6,0.0,0.0,24.93,0.0,11.83,16.46,12.89,9.25,0.0,0.0,24.64,0.0,100.0,True
CAND_03175,Cr38.94Nb33.98Ti5.94V21.14,4,0.0,0.0,38.94,0.0,0.0,0.0,0.0,33.98,0.0,5.94,21.14,0.0,99.99999999999999,True
CAND_03176,Cr23.19Mo13.47Nb38.42Ti10.94W13.98,5,0.0,0.0,23.19,0.0,0.0,0.0,13.47,38.42,0.0,10.94,0.0,13.98,100.00000000000001,True
CAND_03177,Al24.85Co16.94Cr7.46Fe19.02Mo23.62Ti8.11,6,24.85,16.94,7.46,0.0,19.02,0.0,23.62,0.0,0.0,8.11,0.0,0.0,100.00000000000001,True
CAND_03178,Cr29.55Cu10.08Mn22.96Mo6.93V30.48,5,0.0,0.0,29.55,10.08,0.0,22.96,6.93,0.0,0.0,0.0,30.48,0.0,100.00000000000001,True
CAND_03179,Al15.71Co17.19Fe15.72Nb6.42Ti32.29W12.67,6,15.71,17.19,0.0,0.0,15.72,0.0,0.0,6.42,0.0,32.29,0.0,12.67,100.00000000000001,True
CAND_03180,Al12.23Co19.63Cr9.82Fe21.48W36.84,5,12.23,19.63,9.82,0.0,21.48,0.0,0.0,0.0,0.0,0.0,0.0,36.84,100.0,True
CAND_03181,Al22.12Cu28.51Fe16.89Ni5.45V27.03,5,22.12,0.0,0.0,28.51,16.89,0.0,0.0,0.0,5.45,0.0,27.03,0.0,100.00000000000001,True
CAND_03182,Co12.82Cr28.93Mn9.12Mo15.74Ni33.39,5,0.0,12.82,28.93,0.0,0.0,9.12,15.74,0.0,33.39,0.0,0.0,0.0,100.0,True
CAND_03183,Co31.89Cr15.91Cu20.15Mo10.00Ti8.38W13.67,6,0.0,31.89,15.91,20.15,0.0,0.0,10.0,0.0,0.0,8.38,0.0,13.67,99.99999999999999,True
CAND_03184,Mn24.74Ti16.96V30.36W27.94,4,0.0,0.0,0.0,0.0,0.0,24.74,0.0,0.0,0.0,16.96,30.36,27.94,100.0,True
CAND_03185,Cu23.74Mn23.03Ni19.99Ti33.24,4,0.0,0.0,0.0,23.74,0.0,23.03,0.0,0.0,19.99,33.24,0.0,0.0,100.0,True
CAND_03186,Al23.80Mo28.36Ni14.59V17.70W15.55,5,23.8,0.0,0.0,0.0,0.0,0.0,28.36,0.0,14.59,0.0,17.7,15.55,100.0,True
CAND_03187,Al17.45Co16.13Cr27.46Mo19.71Ni10.46Ti8.79,6,17.45,16.13,27.46,0.0,0.0,0.0,19.71,0.0,10.46,8.79,0.0,0.0,100.0,True
CAND_03188,Cr28.19Cu34.73Fe17.56Ti8.40V11.12,5,0.0,0.0,28.19,34.73,17.56,0.0,0.0,0.0,0.0,8.4,11.12,0.0,100.00000000000001,True
CAND_03189,Co29.30Cr17.29Nb11.83Ti30.68W10.90,5,0.0,29.3,17.29,0.0,0.0,0.0,0.0,11.83,0.0,30.68,0.0,10.9,100.0,True
CAND_03190,Al10.14Cr6.50Cu8.06Fe17.62Mn39.70V17.98,6,10.14,0.0,6.5,8.06,17.62,39.7,0.0,0.0,0.0,0.0,17.98,0.0,100.00000000000001,True
CAND_03191,Al11.74Cr10.44Nb36.65Ni10.36W30.81,5,11.74,0.0,10.44,0.0,0.0,0.0,0.0,36.65,10.36,0.0,0.0,30.81,100.0,True
CAND_03192,Al26.74Fe39.45Ti18.97V14.84,4,26.74,0.0,0.0,0.0,39.45,0.0,0.0,0.0,0.0,18.97,14.84,0.0,100.0,True
CAND_03193,Co13.84Cu39.42Ni8.78V16.52W21.44,5,0.0,13.84,0.0,39.42,0.0,0.0,0.0,0.0,8.78,0.0,16.52,21.44,100.0,True
CAND_03194,Al16.15Cu13.39Mn18.92Mo16.44V26.37W8.73,6,16.15,0.0,0.0,13.39,0.0,18.92,16.44,0.0,0.0,0.0,26.37,8.73,100.00000000000001,True
CAND_03195,Al14.69Co16.73Cu14.71Nb21.14Ni24.17V8.56,6,14.69,16.73,0.0,14.71,0.0,0.0,0.0,21.14,24.17,0.0,8.56,0.0,100.00000000000001,True
CAND_03196,Al27.09Co31.27Mo32.13Nb9.51,4,27.09,31.27,0.0,0.0,0.0,0.0,32.13,9.51,0.0,0.0,0.0,0.0,100.00000000000001,True
CAND_03197,Al5.25Co33.44Ni29.97Ti31.34,4,5.25,33.44,0.0,0.0,0.0,0.0,0.0,0.0,29.97,31.34,0.0,0.0,100.0,True
CAND_03198,Al15.91Cr22.92Cu16.67Fe17.40Mn13.78Ti13.32,6,15.91,0.0,22.92,16.67,17.4,13.78,0.0,0.0,0.0,13.32,0.0,0.0,100.0,True
CAND_03199,Co22.04Cr14.82Cu26.99Mo36.15,4,0.0,22.04,14.82,26.99,0.0,0.0,36.15,0.0,0.0,0.0,0.0,0.0,100.0,True
CAND_03200,Cu18.15Nb27.52Ti29.71V24.62,4,0.0,0.0,0.0,18.15,0.0,0.0,0.0,27.52,0.0,29.71,24.62,0.0,100.0,True
CAND_03201,Cr6.04Cu13.21Ni5.74Ti19.41V14.66W40.94,6,0.0,0.0,6.04,13.21,0.0,0.0,0.0,0.0,5.74,19.41,14.66,40.94,100.0,True
CAND_03202,Al8.43Co16.56Cu44.06Mo20.16V10.79,5,8.43,16.56,0.0,44.06,0.0,0.0,20.16,0.0,0.0,0.0,10.79,0.0,100.0,True
CAND_03203,Al7.53Cr32.79Mo9.04Nb14.44Ni13.35V22.85,6,7.53,0.0,32.79,0.0,0.0,0.0,9.04,14.44,13.35,0.0,22.85,0.0,100.0,True
CAND_03204,Co39.13Cr8.78Cu6.37Fe13.06Mo13.20V19.46,6,0.0,39.13,8.78,6.37,13.06,0.0,13.2,0.0,0.0,0.0,19.46,0.0,100.0,True
CAND_03205,Mn22.30Mo18.35Ni25.59Ti28.74V5.02,5,0.0,0.0,0.0,0.0,0.0,22.3,18.35,0.0,25.59,28.74,5.02,0.0,100.0,True
CAND_03206,Al13.70Co19.59Cr23.46Nb12.12V31.13,5,13.7,19.59,23.46,0.0,0.0,0.0,0.0,12.12,0.0,0.0,31.13,0.0,100.0,True
CAND_03207,Al42.65Mo5.93Ni15.83Ti30.36V5.23,5,42.65,0.0,0.0,0.0,0.0,0.0,5.93,0.0,15.83,30.36,5.23,0.0,100.0,True
CAND_03208,Cr14.77Cu5.67Nb6.72Ni33.92Ti26.36V12.56,6,0.0,0.0,14.77,5.67,0.0,0.0,0.0,6.72,33.92,26.36,12.56,0.0,100.0,True
CAND_03209,Al9.64Mn26.28Ti22.26V41.82,4,9.64,0.0,0.0,0.0,0.0,26.28,0.0,0.0,0.0,22.26,41.82,0.0,100.0,True
CAND_03210,Cr6.57Mn38.77Mo15.47Ni11.29V18.13W9.77,6,0.0,0.0,6.57,0.0,0.0,38.77,15.47,0.0,11.29,0.0,18.13,9.77,99.99999999999999,True
CAND_03211,Cr36.98Mo11.14Nb29.79Ti22.09,4,0.0,0.0,36.98,0.0,0.0,0.0,11.14,29.79,0.0,22.09,0.0,0.0,100.0,True
CAND_03212,Al19.67Co13.98Cu23.52Ni16.64V26.19,5,19.67,13.98,0.0,23.52,0.0,0.0,0.0,0.0,16.64,0.0,26.19,0.0,100.0,True
CAND_03213,Cu33.61Fe18.47Nb7.31Ti40.61,4,0.0,0.0,0.0,33.61,18.47,0.0,0.0,7.31,0.0,40.61,0.0,0.0,100.0,True
CAND_03214,Cr8.57Nb20.12Ni34.36W36.95,4,0.0,0.0,8.57,0.0,0.0,0.0,0.0,20.12,34.36,0.0,0.0,36.95,100.0,True
CAND_03215,Co6.95Mo5.17Nb28.82Ni9.91Ti12.46W36.69,6,0.0,6.95,0.0,0.0,0.0,0.0,5.17,28.82,9.91,12.46,0.0,36.69,100.0,True
CAND_03216,Cu18.63Mn29.83Nb26.08Ni11.23Ti14.23,5,0.0,0.0,0.0,18.63,0.0,29.83,0.0,26.08,11.23,14.23,0.0,0.0,100.0,True
CAND_03217,Al11.56Co22.44Cu5.05Fe13.63Ni38.53Ti8.79,6,11.56,22.44,0.0,5.05,13.63,0.0,0.0,0.0,38.53,8.79,0.0,0.0,100.0,True
CAND_03218,Cr11.82Mn28.65Nb28.95Ni10.20Ti7.81W12.57,6,0.0,0.0,11.82,0.0,0.0,28.65,0.0,28.95,10.2,7.81,0.0,12.57,100.0,True
CAND_03219,Co17.53Mn32.07Mo18.76Ti31.64,4,0.0,17.53,0.0,0.0,0.0,32.07,18.76,0.0,0.0,31.64,0.0,0.0,100.0,True
CAND_03220,Al20.75Cu24.99Mo10.16Nb10.77Ti15.58W17.75,6,20.75,0.0,0.0,24.99,0.0,0.0,10.16,10.77,0.0,15.58,0.0,17.75,99.99999999999999,True
CAND_03221,Co34.30Cu17.09Nb10.28V15.50W22.83,5,0.0,34.3,0.0,17.09,0.0,0.0,0.0,10.28,0.0,0.0,15.5,22.83,100.0,True
CAND_03222,Mn29.20Mo25.01Ti35.89V9.90,4,0.0,0.0,0.0,0.0,0.0,29.2,25.01,0.0,0.0,35.89,9.9,0.0,100.0,True
CAND_03223,Cu16.24Mo35.85Ni42.15V5.76,4,0.0,0.0,0.0,16.24,0.0,0.0,35.85,0.0,42.15,0.0,5.76,0.0,100.00000000000001,True
CAND_03224,Al10.77Cr26.31Ni39.14V10.25W13.53,5,10.77,0.0,26.31,0.0,0.0,0.0,0.0,0.0,39.14,0.0,10.25,13.53,100.0,True
CAND_03225,Fe17.26Mn35.30Mo13.24Ti11.42W22.78,5,0.0,0.0,0.0,0.0,17.26,35.3,13.24,0.0,0.0,11.42,0.0,22.78,100.0,True
CAND_03226,Cu7.52Mn33.57Nb5.59Ni29.34V9.48W14.50,6,0.0,0.0,0.0,7.52,0.0,33.57,0.0,5.59,29.34,0.0,9.48,14.5,100.00000000000001,True
CAND_03227,Co22.84Cr28.88Cu6.89Mn14.12Nb15.77W11.50,6,0.0,22.84,28.88,6.89,0.0,14.12,0.0,15.77,0.0,0.0,0.0,11.5,100.0,True
CAND_03228,Al8.51Co29.79Fe41.12Mo20.58,4,8.51,29.79,0.0,0.0,41.12,0.0,20.58,0.0,0.0,0.0,0.0,0.0,99.99999999999999,True
CAND_03229,Al34.83Cu8.56Mo24.92Ti26.15W5.54,5,34.83,0.0,0.0,8.56,0.0,0.0,24.92,0.0,0.0,26.15,0.0,5.54,100.00000000000001,True
CAND_03230,Al33.99Co31.47Mn22.79V11.75,4,33.99,31.47,0.0,0.0,0.0,22.79,0.0,0.0,0.0,0.0,11.75,0.0,100.0,True
CAND_03231,Co24.48Cu29.68Mo8.84Nb30.28Ni6.72,5,0.0,24.48,0.0,29.68,0.0,0.0,8.84,30.28,6.72,0.0,0.0,0.0,100.0,True
CAND_03232,Cr24.09Cu13.83Fe22.79Ni39.29,4,0.0,0.0,24.09,13.83,22.79,0.0,0.0,0.0,39.29,0.0,0.0,0.0,100.0,True
CAND_03233,Cr18.76Mn15.19Nb25.00Ni18.61V22.44,5,0.0,0.0,18.76,0.0,0.0,15.19,0.0,25.0,18.61,0.0,22.44,0.0,100.0,True
CAND_03234,Cu30.45Mo32.22Ni14.12Ti23.21,4,0.0,0.0,0.0,30.45,0.0,0.0,32.22,0.0,14.12,23.21,0.0,0.0,100.0,True
CAND_03235,Fe8.73Nb7.23Ni12.04Ti18.82V20.37W32.81,6,0.0,0.0,0.0,0.0,8.73,0.0,0.0,7.23,12.04,18.82,20.37,32.81,100.0,True
CAND_03236,Co20.13Cr11.13Nb11.67Ni16.66Ti40.41,5,0.0,20.13,11.13,0.0,0.0,0.0,0.0,11.67,16.66,40.41,0.0,0.0,100.0,True
CAND_03237,Al21.49Fe19.47Mn19.69W39.35,4,21.49,0.0,0.0,0.0,19.47,19.69,0.0,0.0,0.0,0.0,0.0,39.35,100.0,True
CAND_03238,Al10.46Fe11.62Mn34.25Mo26.03Nb17.64,5,10.46,0.0,0.0,0.0,11.62,34.25,26.03,17.64,0.0,0.0,0.0,0.0,100.0,True
CAND_03239,Al33.71Cr22.44Cu6.54Ni21.70W15.61,5,33.71,0.0,22.44,6.54,0.0,0.0,0.0,0.0,21.7,0.0,0.0,15.61,100.0,True
CAND_03240,Fe30.56Mo18.67V20.46W30.31,4,0.0,0.0,0.0,0.0,30.56,0.0,18.67,0.0,0.0,0.0,20.46,30.31,100.0,True
CAND_03241,Cr27.87Cu32.72Fe11.93Ti27.48,4,0.0,0.0,27.87,32.72,11.93,0.0,0.0,0.0,0.0,27.48,0.0,0.0,100.00000000000001,True
CAND_03242,Al6.86Cr13.72Mn26.28Mo18.76Ti15.48W18.90,6,6.86,0.0,13.72,0.0,0.0,26.28,18.76,0.0,0.0,15.48,0.0,18.9,100.0,True
CAND_03243,Co28.55Fe25.46Mn27.92Nb12.85W5.22,5,0.0,28.55,0.0,0.0,25.46,27.92,0.0,12.85,0.0,0.0,0.0,5.22,100.0,True
CAND_03244,Co31.47Fe13.92Mn10.97Mo16.17Nb16.29Ni11.18,6,0.0,31.47,0.0,0.0,13.92,10.97,16.17,16.29,11.18,0.0,0.0,0.0,100.0,True
CAND_03245,Al8.74Co12.96Mn19.03Mo9.55Nb18.49W31.23,6,8.74,12.96,0.0,0.0,0.0,19.03,9.55,18.49,0.0,0.0,0.0,31.23,100.0,True
CAND_03246,Fe15.68Mo10.33Ni21.19Ti36.04W16.76,5,0.0,0.0,0.0,0.0,15.68,0.0,10.33,0.0,21.19,36.04,0.0,16.76,100.00000000000001,True
CAND_03247,Co16.61Mn20.62Ti38.21V24.56,4,0.0,16.61,0.0,0.0,0.0,20.62,0.0,0.0,0.0,38.21,24.56,0.0,100.0,True
CAND_03248,Cu5.13Mn22.94Mo25.04Nb19.55V27.34,5,0.0,0.0,0.0,5.13,0.0,22.94,25.04,19.55,0.0,0.0,27.34,0.0,100.0,True
CAND_03249,Al21.61Co9.65Cu42.79Fe9.06Mn16.89,5,21.61,9.65,0.0,42.79,9.06,16.89,0.0,0.0,0.0,0.0,0.0,0.0,100.0,True
CAND_03250,Al37.19Co17.76Cr7.16Nb28.56Ti9.33,5,37.19,17.76,7.16,0.0,0.0,0.0,0.0,28.56,0.0,9.33,0.0,0.0,100.0,True
CAND_03251,Al38.57Fe39.67Ni13.67V8.09,4,38.57,0.0,0.0,0.0,39.67,0.0,0.0,0.0,13.67,0.0,8.09,0.0,100.00000000000001,True
CAND_03252,Al7.79Co19.65Cr34.43Ni10.42V9.87W17.84,6,7.79,19.65,34.43,0.0,0.0,0.0,0.0,0.0,10.42,0.0,9.87,17.84,100.0,True
CAND_03253,Co35.38Mn27.56Ni11.43V13.86W11.77,5,0.0,35.38,0.0,0.0,0.0,27.56,0.0,0.0,11.43,0.0,13.86,11.77,100.0,True
CAND_03254,Cr10.69Fe18.11Mn6.69Mo22.43Nb24.38Ni17.70,6,0.0,0.0,10.69,0.0,18.11,6.69,22.43,24.38,17.7,0.0,0.0,0.0,100.0,True
CAND_03255,Cr17.47Cu6.53Mn28.70Mo30.68Ni16.62,5,0.0,0.0,17.47,6.53,0.0,28.7,30.68,0.0,16.62,0.0,0.0,0.0,100.0,True
CAND_03256,Cr6.56Cu12.69Mn25.31Mo19.41Ti27.22W8.81,6,0.0,0.0,6.56,12.69,0.0,25.31,19.41,0.0,0.0,27.22,0.0,8.81,100.0,True
CAND_03257,Al24.73Fe7.50Mo13.08Nb28.06Ti21.24V5.39,6,24.73,0.0,0.0,0.0,7.5,0.0,13.08,28.06,0.0,21.24,5.39,0.0,100.0,True
CAND_03258,Al5.18Cr16.95Fe12.97Nb17.78Ni19.31V27.81,6,5.18,0.0,16.95,0.0,12.97,0.0,0.0,17.78,19.31,0.0,27.81,0.0,100.0,True
CAND_03259,Al16.38Co12.59Mn21.74Mo32.44Ti16.85,5,16.38,12.59,0.0,0.0,0.0,21.74,32.44,0.0,0.0,16.85,0.0,0.0,100.0,True
CAND_03260,Al21.21Co12.97Cr37.42Ni17.65W10.75,5,21.21,12.97,37.42,0.0,0.0,0.0,0.0,0.0,17.65,0.0,0.0,10.75,100.0,True
CAND_03261,Co27.54Nb36.97V27.37W8.12,4,0.0,27.54,0.0,0.0,0.0,0.0,0.0,36.97,0.0,0.0,27.37,8.12,100.0,True
CAND_03262,Co18.68Cr29.96Mn16.62Mo8.60W26.14,5,0.0,18.68,29.96,0.0,0.0,16.62,8.6,0.0,0.0,0.0,0.0,26.14,100.0,True
CAND_03263,Al19.65Cr9.30Nb8.16Ti23.09V12.06W27.74,6,19.65,0.0,9.3,0.0,0.0,0.0,0.0,8.16,0.0,23.09,12.06,27.74,100.0,True
CAND_03264,Al9.59Co6.53Cr18.25Cu10.36Fe43.78Mn11.49,6,9.59,6.53,18.25,10.36,43.78,11.49,0.0,0.0,0.0,0.0,0.0,0.0,100.0,True
CAND_03265,Mn37.15Ni30.73V24.96W7.16,4,0.0,0.0,0.0,0.0,0.0,37.15,0.0,0.0,30.73,0.0,24.96,7.16,100.0,True
CAND_03266,Fe38.63Mn12.71Nb33.82Ni14.84,4,0.0,0.0,0.0,0.0,38.63,12.71,0.0,33.82,14.84,0.0,0.0,0.0,100.0,True
CAND_03267,Al13.94Co21.50Fe30.54Mn7.98Nb11.65W14.39,6,13.94,21.5,0.0,0.0,30.54,7.98,0.0,11.65,0.0,0.0,0.0,14.39,100.0,True
CAND_03268,Mo16.81Nb19.53Ni36.38W27.28,4,0.0,0.0,0.0,0.0,0.0,0.0,16.81,19.53,36.38,0.0,0.0,27.28,100.0,True
CAND_03269,Al22.09Fe41.65Mo21.32Ti14.94,4,22.09,0.0,0.0,0.0,41.65,0.0,21.32,0.0,0.0,14.94,0.0,0.0,100.0,True
CAND_03270,Al20.76Co14.45Cu17.53Mn36.14Mo11.12,5,20.76,14.45,0.0,17.53,0.0,36.14,11.12,0.0,0.0,0.0,0.0,0.0,100.0,True
CAND_03271,Al13.30Cu28.67Mo17.78V40.25,4,13.3,0.0,0.0,28.67,0.0,0.0,17.78,0.0,0.0,0.0,40.25,0.0,100.0,True
CAND_03272,Al7.36Co18.56Cu25.90Ni18.28Ti18.13W11.77,6,7.36,18.56,0.0,25.9,0.0,0.0,0.0,0.0,18.28,18.13,0.0,11.77,99.99999999999999,True
CAND_03273,Co32.77Cr6.18Cu15.09Mo19.31Nb8.33V18.32,6,0.0,32.77,6.18,15.09,0.0,0.0,19.31,8.33,0.0,0.0,18.32,0.0,100.0,True
CAND_03274,Co5.68Fe6.78Nb33.56Ni29.38Ti6.45V18.15,6,0.0,5.68,0.0,0.0,6.78,0.0,0.0,33.56,29.38,6.45,18.15,0.0,100.0,True
CAND_03275,Cu16.70Fe6.61Mn16.40Mo16.37Nb16.81V27.11,6,0.0,0.0,0.0,16.7,6.61,16.4,16.37,16.81,0.0,0.0,27.11,0.0,100.0,True
CAND_03276,Co25.12Fe41.89Nb17.65Ni15.34,4,0.0,25.12,0.0,0.0,41.89,0.0,0.0,17.65,15.34,0.0,0.0,0.0,100.0,True
CAND_03277,Fe25.33Mo14.87Ni16.34Ti10.28V26.80W6.38,6,0.0,0.0,0.0,0.0,25.33,0.0,14.87,0.0,16.34,10.28,26.8,6.38,99.99999999999999,True
CAND_03278,Al44.26Co7.90Fe5.77Ti11.73W30.34,5,44.26,7.9,0.0,0.0,5.77,0.0,0.0,0.0,0.0,11.73,0.0,30.34,100.0,True
CAND_03279,Co13.70Cr8.85Mn16.58Ni32.23Ti19.03W9.61,6,0.0,13.7,8.85,0.0,0.0,16.58,0.0,0.0,32.23,19.03,0.0,9.61,99.99999999999999,True
CAND_03280,Cu24.45Fe16.36Ni5.71Ti33.67V19.81,5,0.0,0.0,0.0,24.45,16.36,0.0,0.0,0.0,5.71,33.67,19.81,0.0,100.0,True
CAND_03281,Al6.30Fe38.31Ni29.16Ti26.23,4,6.3,0.0,0.0,0.0,38.31,0.0,0.0,0.0,29.16,26.23,0.0,0.0,100.0,True
CAND_03282,Al27.31Mo16.95Nb17.91Ni30.63W7.20,5,27.31,0.0,0.0,0.0,0.0,0.0,16.95,17.91,30.63,0.0,0.0,7.2,100.0,True
CAND_03283,Co15.58Cr22.24Cu10.40Fe18.39Ni15.14W18.25,6,0.0,15.58,22.24,10.4,18.39,0.0,0.0,0.0,15.14,0.0,0.0,18.25,100.0,True
CAND_03284,Al18.09Co40.95Cr8.03Ti24.05W8.88,5,18.09,40.95,8.03,0.0,0.0,0.0,0.0,0.0,0.0,24.05,0.0,8.88,100.0,True
CAND_03285,Cr21.94Fe16.46Mn27.95Mo18.14V6.22W9.29,6,0.0,0.0,21.94,0.0,16.46,27.95,18.14,0.0,0.0,0.0,6.22,9.29,100.0,True
CAND_03286,Cr32.33Cu5.75Fe10.21Mo21.34Nb20.83Ti9.54,6,0.0,0.0,32.33,5.75,10.21,0.0,21.34,20.83,0.0,9.54,0.0,0.0,100.0,True
CAND_03287,Al29.31Fe8.25Ni26.44V25.56W10.44,5,29.31,0.0,0.0,0.0,8.25,0.0,0.0,0.0,26.44,0.0,25.56,10.44,100.0,True
CAND_03288,Co12.53Cr15.16Fe17.79Nb21.69Ti17.14V15.69,6,0.0,12.53,15.16,0.0,17.79,0.0,0.0,21.69,0.0,17.14,15.69,0.0,100.0,True
CAND_03289,Al14.73Co24.85Cr28.25Fe25.11Nb7.06,5,14.73,24.85,28.25,0.0,25.11,0.0,0.0,7.06,0.0,0.0,0.0,0.0,100.0,True
CAND_03290,Al12.26Cr12.19Fe40.40W35.15,4,12.26,0.0,12.19,0.0,40.4,0.0,0.0,0.0,0.0,0.0,0.0,35.15,100.0,True
CAND_03291,Cu31.68Fe21.10Ti15.18W32.04,4,0.0,0.0,0.0,31.68,21.1,0.0,0.0,0.0,0.0,15.18,0.0,32.04,100.0,True
CAND_03292,Co9.53Ni44.18V20.62W25.67,4,0.0,9.53,0.0,0.0,0.0,0.0,0.0,0.0,44.18,0.0,20.62,25.67,100.0,True
CAND_03293,Al23.78Fe23.95Mo13.30Ni23.28V15.69,5,23.78,0.0,0.0,0.0,23.95,0.0,13.3,0.0,23.28,0.0,15.69,0.0,100.0,True
CAND_03294,Fe7.56Mn19.17V30.08W43.19,4,0.0,0.0,0.0,0.0,7.56,19.17,0.0,0.0,0.0,0.0,30.08,43.19,100.0,True
CAND_03295,Cr11.22Cu10.29Mn6.53Mo42.57Ti29.39,5,0.0,0.0,11.22,10.29,0.0,6.53,42.57,0.0,0.0,29.39,0.0,0.0,100.0,True
CAND_03296,Cr7.78Fe28.76Mo13.10Ti24.70V17.77W7.89,6,0.0,0.0,7.78,0.0,28.76,0.0,13.1,0.0,0.0,24.7,17.77,7.89,100.0,True
CAND_03297,Co24.64Cu19.05Mn17.14Ni19.07Ti20.10,5,0.0,24.64,0.0,19.05,0.0,17.14,0.0,0.0,19.07,20.1,0.0,0.0,100.0,True
CAND_03298,Cr11.02Cu38.02Fe5.13Mn28.89V16.94,5,0.0,0.0,11.02,38.02,5.13,28.89,0.0,0.0,0.0,0.0,16.94,0.0,100.0,True
CAND_03299,Cr5.87Mn42.89Ti31.91V19.33,4,0.0,0.0,5.87,0.0,0.0,42.89,0.0,0.0,0.0,31.91,19.33,0.0,100.0,True
CAND_03300,Cu24.88Fe31.01Nb18.39Ti25.72,4,0.0,0.0,0.0,24.88,31.01,0.0,0.0,18.39,0.0,25.72,0.0,0.0,100.0,True
CAND_03301,Co23.93Cu14.07Fe26.20Mo6.07Nb16.45Ni13.28,6,0.0,23.93,0.0,14.07,26.2,0.0,6.07,16.45,13.28,0.0,0.0,0.0,100.00000000000001,True
CAND_03302,Co24.02Fe28.82Mn10.43Ti17.68W19.05,5,0.0,24.02,0.0,0.0,28.82,10.43,0.0,0.0,0.0,17.68,0.0,19.05,100.0,True
CAND_03303,Al32.94Mn35.56Mo8.06Nb23.44,4,32.94,0.0,0.0,0.0,0.0,35.56,8.06,23.44,0.0,0.0,0.0,0.0,100.0,True
CAND_03304,Co18.43Cu44.16Mn11.28W26.13,4,0.0,18.43,0.0,44.16,0.0,11.28,0.0,0.0,0.0,0.0,0.0,26.13,99.99999999999999,True
CAND_03305,Co24.18Cu10.17Nb29.81Ni35.84,4,0.0,24.18,0.0,10.17,0.0,0.0,0.0,29.81,35.84,0.0,0.0,0.0,100.0,True
CAND_03306,Co27.80Mn18.72Nb24.57Ti28.91,4,0.0,27.8,0.0,0.0,0.0,18.72,0.0,24.57,0.0,28.91,0.0,0.0,100.0,True
CAND_03307,Al31.40Cu7.48Nb30.35Ni7.59Ti23.18,5,31.4,0.0,0.0,7.48,0.0,0.0,0.0,30.35,7.59,23.18,0.0,0.0,100.0,True
CAND_03308,Co35.85Cr12.79Mn11.76Mo24.14Ti6.06W9.40,6,0.0,35.85,12.79,0.0,0.0,11.76,24.14,0.0,0.0,6.06,0.0,9.4,100.0,True
CAND_03309,Cu13.27Fe25.99Mo16.17V38.41W6.16,5,0.0,0.0,0.0,13.27,25.99,0.0,16.17,0.0,0.0,0.0,38.41,6.16,100.0,True
CAND_03310,Al26.99Cu31.76Fe10.69Nb11.82Ti6.38V12.36,6,26.99,0.0,0.0,31.76,10.69,0.0,0.0,11.82,0.0,6.38,12.36,0.0,99.99999999999999,True
CAND_03311,Cr11.51Fe22.18Mo16.46Nb5.48Ni19.86W24.51,6,0.0,0.0,11.51,0.0,22.18,0.0,16.46,5.48,19.86,0.0,0.0,24.51,100.0,True
CAND_03312,Co9.91Mo20.77Ni17.77Ti17.12V34.43,5,0.0,9.91,0.0,0.0,0.0,0.0,20.77,0.0,17.77,17.12,34.43,0.0,100.0,True
CAND_03313,Co9.38Mo25.34V22.61W42.67,4,0.0,9.38,0.0,0.0,0.0,0.0,25.34,0.0,0.0,0.0,22.61,42.67,100.0,True
CAND_03314,Al41.72Mo14.05Nb16.68V27.55,4,41.72,0.0,0.0,0.0,0.0,0.0,14.05,16.68,0.0,0.0,27.55,0.0,99.99999999999999,True
CAND_03315,Co20.51Cr22.25Cu15.07Mn10.72Mo31.45,5,0.0,20.51,22.25,15.07,0.0,10.72,31.45,0.0,0.0,0.0,0.0,0.0,100.00000000000001,True
CAND_03316,Fe25.79Ti30.81V11.93W31.47,4,0.0,0.0,0.0,0.0,25.79,0.0,0.0,0.0,0.0,30.81,11.93,31.47,100.0,True
CAND_03317,Co21.87Cu8.55Mn26.45V43.13,4,0.0,21.87,0.0,8.55,0.0,26.45,0.0,0.0,0.0,0.0,43.13,0.0,100.0,True
CAND_03318,Al23.25Co22.94Mo27.22V18.64W7.95,5,23.25,22.94,0.0,0.0,0.0,0.0,27.22,0.0,0.0,0.0,18.64,7.95,100.0,True
CAND_03319,Al23.40Fe5.14Mo24.61Nb12.98Ni33.87,5,23.4,0.0,0.0,0.0,5.14,0.0,24.61,12.98,33.87,0.0,0.0,0.0,100.0,True
CAND_03320,Co23.38Cr29.36Cu21.54Ti25.72,4,0.0,23.38,29.36,21.54,0.0,0.0,0.0,0.0,0.0,25.72,0.0,0.0,100.0,True
CAND_03321,Al10.02Mn29.07Nb18.68V42.23,4,10.02,0.0,0.0,0.0,0.0,29.07,0.0,18.68,0.0,0.0,42.23,0.0,100.0,True
CAND_03322,Al16.38Cu17.32Mn12.20Mo23.97Ni15.81Ti14.32,6,16.38,0.0,0.0,17.32,0.0,12.2,23.97,0.0,15.81,14.32,0.0,0.0,100.0,True
CAND_03323,Fe33.73Mn25.49Mo20.65W20.13,4,0.0,0.0,0.0,0.0,33.73,25.49,20.65,0.0,0.0,0.0,0.0,20.13,100.0,True
CAND_03324,Al11.59Co43.02Cr19.26Cu16.68Fe9.45,5,11.59,43.02,19.26,16.68,9.45,0.0,0.0,0.0,0.0,0.0,0.0,0.0,100.00000000000001,True
CAND_03325,Cu15.12Mn9.52Mo44.69Ni12.48Ti10.54W7.65,6,0.0,0.0,0.0,15.12,0.0,9.52,44.69,0.0,12.48,10.54,0.0,7.65,100.0,True
CAND_03326,Al15.27Mn42.64Mo10.66Nb6.81W24.62,5,15.27,0.0,0.0,0.0,0.0,42.64,10.66,6.81,0.0,0.0,0.0,24.62,100.0,True
CAND_03327,Cu33.72Mn33.06Nb15.76W17.46,4,0.0,0.0,0.0,33.72,0.0,33.06,0.0,15.76,0.0,0.0,0.0,17.46,100.0,True
CAND_03328,Co13.36Mn18.58Mo7.49Nb20.86Ni11.27W28.44,6,0.0,13.36,0.0,0.0,0.0,18.58,7.49,20.86,11.27,0.0,0.0,28.44,100.0,True
CAND_03329,Co27.83Cu14.04Ti19.04V39.09,4,0.0,27.83,0.0,14.04,0.0,0.0,0.0,0.0,0.0,19.04,39.09,0.0,100.0,True
CAND_03330,Al33.41Ni26.38V16.36W23.85,4,33.41,0.0,0.0,0.0,0.0,0.0,0.0,0.0,26.38,0.0,16.36,23.85,100.0,True
CAND_03331,Co16.33Fe13.27Mn35.30Mo23.09W12.01,5,0.0,16.33,0.0,0.0,13.27,35.3,23.09,0.0,0.0,0.0,0.0,12.01,100.0,True
CAND_03332,Co22.23Mo31.16Ni23.70V15.98W6.93,5,0.0,22.23,0.0,0.0,0.0,0.0,31.16,0.0,23.7,0.0,15.98,6.93,100.0,True
CAND_03333,Cu21.32Mo21.99V33.16W23.53,4,0.0,0.0,0.0,21.32,0.0,0.0,21.99,0.0,0.0,0.0,33.16,23.53,100.0,True
CAND_03334,Cu40.90Nb13.52Ni9.99W35.59,4,0.0,0.0,0.0,40.9,0.0,0.0,0.0,13.52,9.99,0.0,0.0,35.59,100.0,True
CAND_03335,Co15.91Nb23.85Ni24.78W35.46,4,0.0,15.91,0.0,0.0,0.0,0.0,0.0,23.85,24.78,0.0,0.0,35.46,100.0,True
CAND_03336,Al22.96Fe18.65V21.80W36.59,4,22.96,0.0,0.0,0.0,18.65,0.0,0.0,0.0,0.0,0.0,21.8,36.59,100.0,True
CAND_03337,Fe29.21Nb18.21Ni21.48V8.13W22.97,5,0.0,0.0,0.0,0.0,29.21,0.0,0.0,18.21,21.48,0.0,8.13,22.97,100.0,True
CAND_03338,Mn14.74Nb40.11Ni15.71W29.44,4,0.0,0.0,0.0,0.0,0.0,14.74,0.0,40.11,15.71,0.0,0.0,29.44,100.0,True
CAND_03339,Co20.66Cu23.46Fe33.36Mo22.52,4,0.0,20.66,0.0,23.46,33.36,0.0,22.52,0.0,0.0,0.0,0.0,0.0,100.0,True
CAND_03340,Co33.69Cr40.60Fe14.41Mo11.30,4,0.0,33.69,40.6,0.0,14.41,0.0,11.3,0.0,0.0,0.0,0.0,0.0,99.99999999999999,True
CAND_03341,Cr18.38Cu5.56V36.61W39.45,4,0.0,0.0,18.38,5.56,0.0,0.0,0.0,0.0,0.0,0.0,36.61,39.45,100.0,True
CAND_03342,Co34.33Cr28.58Fe27.48Ni9.61,4,0.0,34.33,28.58,0.0,27.48,0.0,0.0,0.0,9.61,0.0,0.0,0.0,100.0,True
CAND_03343,Cr25.03Cu21.86Fe13.82Mn23.21V16.08,5,0.0,0.0,25.03,21.86,13.82,23.21,0.0,0.0,0.0,0.0,16.08,0.0,100.0,True
CAND_03344,Al36.59Ni21.67Ti24.74W17.00,4,36.59,0.0,0.0,0.0,0.0,0.0,0.0,0.0,21.67,24.74,0.0,17.0,100.0,True
CAND_03345,Co17.40Mn16.77Mo15.29Nb22.85V5.17W22.52,6,0.0,17.4,0.0,0.0,0.0,16.77,15.29,22.85,0.0,0.0,5.17,22.52,100.0,True
CAND_03346,Al27.54Cr30.73Cu26.02V15.71,4,27.54,0.0,30.73,26.02,0.0,0.0,0.0,0.0,0.0,0.0,15.71,0.0,100.0,True
CAND_03347,Co25.58Cu16.45Mo9.21Ti25.36V12.52W10.88,6,0.0,25.58,0.0,16.45,0.0,0.0,9.21,0.0,0.0,25.36,12.52,10.88,99.99999999999999,True
CAND_03348,Co26.02Cu12.69Fe23.38Mn37.91,4,0.0,26.02,0.0,12.69,23.38,37.91,0.0,0.0,0.0,0.0,0.0,0.0,100.0,True
CAND_03349,Al19.49Co38.26Fe27.67Mn14.58,4,19.49,38.26,0.0,0.0,27.67,14.58,0.0,0.0,0.0,0.0,0.0,0.0,100.0,True
CAND_03350,Cu11.87Fe34.35Mo23.00Nb30.78,4,0.0,0.0,0.0,11.87,34.35,0.0,23.0,30.78,0.0,0.0,0.0,0.0,100.0,True
CAND_03351,Co31.11Cu14.21Fe18.51Ni36.17,4,0.0,31.11,0.0,14.21,18.51,0.0,0.0,0.0,36.17,0.0,0.0,0.0,100.0,True
CAND_03352,Al7.62Fe15.75Mn6.86Mo23.36Ti22.43W23.98,6,7.62,0.0,0.0,0.0,15.75,6.86,23.36,0.0,0.0,22.43,0.0,23.98,100.00000000000001,True
CAND_03353,Co38.18Fe35.11Mn8.60V18.11,4,0.0,38.18,0.0,0.0,35.11,8.6,0.0,0.0,0.0,0.0,18.11,0.0,99.99999999999999,True
CAND_03354,Co21.35Mo11.06Nb18.54Ni31.94W17.11,5,0.0,21.35,0.0,0.0,0.0,0.0,11.06,18.54,31.94,0.0,0.0,17.11,100.0,True
CAND_03355,Mn33.89Ni14.79Ti36.68V14.64,4,0.0,0.0,0.0,0.0,0.0,33.89,0.0,0.0,14.79,36.68,14.64,0.0,100.0,True
CAND_03356,Al25.72Mn15.13Ni27.07W32.08,4,25.72,0.0,0.0,0.0,0.0,15.13,0.0,0.0,27.07,0.0,0.0,32.08,100.0,True
CAND_03357,Al24.23Cu21.32Mn12.93Mo20.86V7.87W12.79,6,24.23,0.0,0.0,21.32,0.0,12.93,20.86,0.0,0.0,0.0,7.87,12.79,100.0,True
CAND_03358,Al8.00Cu8.66Fe30.47Mo10.55Nb27.69Ti14.63,6,8.0,0.0,0.0,8.66,30.47,0.0,10.55,27.69,0.0,14.63,0.0,0.0,99.99999999999999,True
CAND_03359,Fe21.83Mn8.30Mo26.54Nb12.84Ni20.71Ti9.78,6,0.0,0.0,0.0,0.0,21.83,8.3,26.54,12.84,20.71,9.78,0.0,0.0,100.0,True
CAND_03360,Co16.31Nb20.84Ni24.91V26.11W11.83,5,0.0,16.31,0.0,0.0,0.0,0.0,0.0,20.84,24.91,0.0,26.11,11.83,100.0,True
CAND_03361,Cu27.88Fe20.55Mn29.48Ti5.62W16.47,5,0.0,0.0,0.0,27.88,20.55,29.48,0.0,0.0,0.0,5.62,0.0,16.47,100.0,True
CAND_03362,Al8.78Cu29.48Mo37.05Nb11.11Ni6.66W6.92,6,8.78,0.0,0.0,29.48,0.0,0.0,37.05,11.11,6.66,0.0,0.0,6.92,100.0,True
CAND_03363,Co14.05Cr13.85Mo5.61V43.45W23.04,5,0.0,14.05,13.85,0.0,0.0,0.0,5.61,0.0,0.0,0.0,43.45,23.04,100.0,True
CAND_03364,Al27.05Co31.25Mn7.85Ti33.85,4,27.05,31.25,0.0,0.0,0.0,7.85,0.0,0.0,0.0,33.85,0.0,0.0,100.0,True
CAND_03365,Al10.88Mn28.46Nb44.32Ti16.34,4,10.88,0.0,0.0,0.0,0.0,28.46,0.0,44.32,0.0,16.34,0.0,0.0,100.0,True
CAND_03366,Al24.06Co9.19Cr21.43Fe7.19W38.13,5,24.06,9.19,21.43,0.0,7.19,0.0,0.0,0.0,0.0,0.0,0.0,38.13,100.0,True
CAND_03367,Al20.71Co28.95Mo13.79Nb17.32W19.23,5,20.71,28.95,0.0,0.0,0.0,0.0,13.79,17.32,0.0,0.0,0.0,19.23,100.0,True
CAND_03368,Cu13.24Fe39.48V18.03W29.25,4,0.0,0.0,0.0,13.24,39.48,0.0,0.0,0.0,0.0,0.0,18.03,29.25,100.0,True
CAND_03369,Cr41.70Cu19.55Fe16.68Ti22.07,4,0.0,0.0,41.7,19.55,16.68,0.0,0.0,0.0,0.0,22.07,0.0,0.0,100.0,True
CAND_03370,Al33.39Co20.94Cu9.32V36.35,4,33.39,20.94,0.0,9.32,0.0,0.0,0.0,0.0,0.0,0.0,36.35,0.0,100.0,True
CAND_03371,Cu15.28Fe21.12Mo25.89Nb29.84W7.87,5,0.0,0.0,0.0,15.28,21.12,0.0,25.89,29.84,0.0,0.0,0.0,7.87,100.0,True
CAND_03372,Co8.55Cu37.08Ni42.76W11.61,4,0.0,8.55,0.0,37.08,0.0,0.0,0.0,0.0,42.76,0.0,0.0,11.61,99.99999999999999,True
CAND_03373,Al13.81Cr30.68Fe21.19Mo22.45Ni11.87,5,13.81,0.0,30.68,0.0,21.19,0.0,22.45,0.0,11.87,0.0,0.0,0.0,100.00000000000001,True
CAND_03374,Cr42.89Mn18.76Mo9.17Ni13.13Ti16.05,5,0.0,0.0,42.89,0.0,0.0,18.76,9.17,0.0,13.13,16.05,0.0,0.0,100.0,True
CAND_03375,Al10.96Cu25.76Fe9.13Mn41.04Ti13.11,5,10.96,0.0,0.0,25.76,9.13,41.04,0.0,0.0,0.0,13.11,0.0,0.0,100.0,True
CAND_03376,Al32.72Co13.75Cu14.62Mo6.42V32.49,5,32.72,13.75,0.0,14.62,0.0,0.0,6.42,0.0,0.0,0.0,32.49,0.0,100.0,True
CAND_03377,Al6.95Co20.98Cr24.02Mn24.80Ni15.55W7.70,6,6.95,20.98,24.02,0.0,0.0,24.8,0.0,0.0,15.55,0.0,0.0,7.7,100.0,True
CAND_03378,Cr15.54Fe25.50Mn14.11Nb31.47W13.38,5,0.0,0.0,15.54,0.0,25.5,14.11,0.0,31.47,0.0,0.0,0.0,13.38,100.0,True
CAND_03379,Al31.77Co16.08Cu10.90Ti17.88W23.37,5,31.77,16.08,0.0,10.9,0.0,0.0,0.0,0.0,0.0,17.88,0.0,23.37,100.0,True
CAND_03380,Cu18.44Fe34.43Mn7.57Ni32.08W7.48,5,0.0,0.0,0.0,18.44,34.43,7.57,0.0,0.0,32.08,0.0,0.0,7.48,100.00000000000001,True
CAND_03381,Al14.55Cu38.74Fe11.89Mo13.25Ti11.76W9.81,6,14.55,0.0,0.0,38.74,11.89,0.0,13.25,0.0,0.0,11.76,0.0,9.81,100.00000000000001,True
CAND_03382,Al15.61Cu10.08Mo11.48Ni29.12V20.89W12.82,6,15.61,0.0,0.0,10.08,0.0,0.0,11.48,0.0,29.12,0.0,20.89,12.82,100.0,True
CAND_03383,Al13.51Cr19.00Cu23.35Nb21.73Ni22.41,5,13.51,0.0,19.0,23.35,0.0,0.0,0.0,21.73,22.41,0.0,0.0,0.0,100.0,True
CAND_03384,Fe35.71Mn5.50Ti27.01V20.31W11.47,5,0.0,0.0,0.0,0.0,35.71,5.5,0.0,0.0,0.0,27.01,20.31,11.47,100.0,True
CAND_03385,Cu16.07Mn13.95Ni13.51Ti10.76V36.91W8.80,6,0.0,0.0,0.0,16.07,0.0,13.95,0.0,0.0,13.51,10.76,36.91,8.8,99.99999999999999,True
CAND_03386,Mn15.46Mo9.47Ni18.44Ti11.64V31.00W13.99,6,0.0,0.0,0.0,0.0,0.0,15.46,9.47,0.0,18.44,11.64,31.0,13.99,100.0,True
CAND_03387,Cr23.68Fe20.50V11.85W43.97,4,0.0,0.0,23.68,0.0,20.5,0.0,0.0,0.0,0.0,0.0,11.85,43.97,100.0,True
CAND_03388,Nb19.40Ni37.79V13.34W29.47,4,0.0,0.0,0.0,0.0,0.0,0.0,0.0,19.4,37.79,0.0,13.34,29.47,100.0,True
CAND_03389,Co9.60Fe32.63Mn8.20Nb32.68W16.89,5,0.0,9.6,0.0,0.0,32.63,8.2,0.0,32.68,0.0,0.0,0.0,16.89,100.00000000000001,True
CAND_03390,Cr13.02Fe27.30Mn27.22Ti13.44V19.02,5,0.0,0.0,13.02,0.0,27.3,27.22,0.0,0.0,0.0,13.44,19.02,0.0,99.99999999999999,True
CAND_03391,Fe37.75Mo13.18Nb8.50Ni24.95V15.62,5,0.0,0.0,0.0,0.0,37.75,0.0,13.18,8.5,24.95,0.0,15.62,0.0,100.0,True
CAND_03392,Al17.13Co37.00Cr24.26Cu13.53Mn8.08,5,17.13,37.0,24.26,13.53,0.0,8.08,0.0,0.0,0.0,0.0,0.0,0.0,100.0,True
CAND_03393,Cr16.29Mo16.64Nb20.87V9.53W36.67,5,0.0,0.0,16.29,0.0,0.0,0.0,16.64,20.87,0.0,0.0,9.53,36.67,100.0,True
CAND_03394,Al17.13Cu14.47Mo16.81Nb26.01Ni15.61Ti9.97,6,17.13,0.0,0.0,14.47,0.0,0.0,16.81,26.01,15.61,9.97,0.0,0.0,100.0,True
CAND_03395,Cu12.68Nb25.03Ni25.55V13.18W23.56,5,0.0,0.0,0.0,12.68,0.0,0.0,0.0,25.03,25.55,0.0,13.18,23.56,100.0,True
CAND_03396,Co10.52Cu30.51Mo20.87Ni21.73V16.37,5,0.0,10.52,0.0,30.51,0.0,0.0,20.87,0.0,21.73,0.0,16.37,0.0,100.00000000000001,True
CAND_03397,Co7.10Cr39.62Nb13.39Ni39.89,4,0.0,7.1,39.62,0.0,0.0,0.0,0.0,13.39,39.89,0.0,0.0,0.0,100.0,True
CAND_03398,Cu14.60Fe7.89Mn36.60Mo40.91,4,0.0,0.0,0.0,14.6,7.89,36.6,40.91,0.0,0.0,0.0,0.0,0.0,100.0,True
CAND_03399,Al29.29Cr26.67Cu17.27Mn10.28V11.11W5.38,6,29.29,0.0,26.67,17.27,0.0,10.28,0.0,0.0,0.0,0.0,11.11,5.38,100.0,True
CAND_03400,Cu8.33Fe11.16Mn28.92Ni30.99Ti10.51V10.09,6,0.0,0.0,0.0,8.33,11.16,28.92,0.0,0.0,30.99,10.51,10.09,0.0,100.00000000000001,True
CAND_03401,Al14.68Co12.37Ni22.16Ti16.95V33.84,5,14.68,12.37,0.0,0.0,0.0,0.0,0.0,0.0,22.16,16.95,33.84,0.0,100.0,True
CAND_03402,Cr21.27Ni34.76Ti17.31W26.66,4,0.0,0.0,21.27,0.0,0.0,0.0,0.0,0.0,34.76,17.31,0.0,26.66,100.0,True
CAND_03403,Cr25.50Cu14.49Mn16.01Ni17.32Ti26.68,5,0.0,0.0,25.5,14.49,0.0,16.01,0.0,0.0,17.32,26.68,0.0,0.0,100.0,True
CAND_03404,Al15.82Cr13.27Fe9.84Mn43.43Mo17.64,5,15.82,0.0,13.27,0.0,9.84,43.43,17.64,0.0,0.0,0.0,0.0,0.0,100.0,True
CAND_03405,Al28.11Mn19.64V19.95W32.30,4,28.11,0.0,0.0,0.0,0.0,19.64,0.0,0.0,0.0,0.0,19.95,32.3,100.0,True
CAND_03406,Co42.73Fe9.80Ni21.17V20.01W6.29,5,0.0,42.73,0.0,0.0,9.8,0.0,0.0,0.0,21.17,0.0,20.01,6.29,100.00000000000001,True
CAND_03407,Co17.81Fe26.07Ti25.98V30.14,4,0.0,17.81,0.0,0.0,26.07,0.0,0.0,0.0,0.0,25.98,30.14,0.0,100.0,True
CAND_03408,Al36.60Cr12.69Mo12.55Ni21.33Ti9.17W7.66,6,36.6,0.0,12.69,0.0,0.0,0.0,12.55,0.0,21.33,9.17,0.0,7.66,100.0,True
CAND_03409,Al41.07Co5.79Mn31.97Nb21.17,4,41.07,5.79,0.0,0.0,0.0,31.97,0.0,21.17,0.0,0.0,0.0,0.0,100.0,True
CAND_03410,Al7.93Cr37.63Cu15.24Fe17.22Nb8.16Ni13.82,6,7.93,0.0,37.63,15.24,17.22,0.0,0.0,8.16,13.82,0.0,0.0,0.0,100.0,True
CAND_03411,Al32.16Co16.37Mn19.79Ni20.96Ti10.72,5,32.16,16.37,0.0,0.0,0.0,19.79,0.0,0.0,20.96,10.72,0.0,0.0,100.0,True
CAND_03412,Cr11.49Fe24.14Ti36.54V27.83,4,0.0,0.0,11.49,0.0,24.14,0.0,0.0,0.0,0.0,36.54,27.83,0.0,100.0,True
CAND_03413,Cu10.51Fe5.50Mo23.42Nb7.27V35.41W17.89,6,0.0,0.0,0.0,10.51,5.5,0.0,23.42,7.27,0.0,0.0,35.41,17.89,100.0,True
CAND_03414,Cr18.06Cu26.60Mn23.38Nb17.22V5.98W8.76,6,0.0,0.0,18.06,26.6,0.0,23.38,0.0,17.22,0.0,0.0,5.98,8.76,100.0,True
CAND_03415,Mn31.34Nb39.06Ni23.78V5.82,4,0.0,0.0,0.0,0.0,0.0,31.34,0.0,39.06,23.78,0.0,5.82,0.0,100.0,True
CAND_03416,Al27.07Co9.63Cu13.40Fe26.92W22.98,5,27.07,9.63,0.0,13.4,26.92,0.0,0.0,0.0,0.0,0.0,0.0,22.98,100.00000000000001,True
CAND_03417,Co14.15Mn12.04Nb21.74Ni22.09Ti8.19W21.79,6,0.0,14.15,0.0,0.0,0.0,12.04,0.0,21.74,22.09,8.19,0.0,21.79,100.0,True
CAND_03418,Co17.94Cr12.43Cu18.12Fe17.88V33.63,5,0.0,17.94,12.43,18.12,17.88,0.0,0.0,0.0,0.0,0.0,33.63,0.0,100.0,True
CAND_03419,Cr16.54Cu25.32Fe12.95Ni20.08Ti13.38V11.73,6,0.0,0.0,16.54,25.32,12.95,0.0,0.0,0.0,20.08,13.38,11.73,0.0,100.0,True
CAND_03420,Co6.95Cu7.82Nb28.00Ni18.09Ti39.14,5,0.0,6.95,0.0,7.82,0.0,0.0,0.0,28.0,18.09,39.14,0.0,0.0,100.0,True
CAND_03421,Al20.51Cu20.97Mn25.13Mo33.39,4,20.51,0.0,0.0,20.97,0.0,25.13,33.39,0.0,0.0,0.0,0.0,0.0,100.0,True
CAND_03422,Cu16.16Mo22.11Ni28.52Ti6.07W27.14,5,0.0,0.0,0.0,16.16,0.0,0.0,22.11,0.0,28.52,6.07,0.0,27.14,99.99999999999999,True
CAND_03423,Al10.81Co13.32Cr22.17V25.38W28.32,5,10.81,13.32,22.17,0.0,0.0,0.0,0.0,0.0,0.0,0.0,25.38,28.32,100.0,True
CAND_03424,Al8.48Fe22.23Mn16.00Mo10.89Ni7.72V34.68,6,8.48,0.0,0.0,0.0,22.23,16.0,10.89,0.0,7.72,0.0,34.68,0.0,100.0,True
CAND_03425,Co41.66Ni11.08Ti25.45W21.81,4,0.0,41.66,0.0,0.0,0.0,0.0,0.0,0.0,11.08,25.45,0.0,21.81,100.0,True
CAND_03426,Al15.06Mo41.90Ni6.38Ti15.63V21.03,5,15.06,0.0,0.0,0.0,0.0,0.0,41.9,0.0,6.38,15.63,21.03,0.0,100.0,True
CAND_03427,Cu8.07Mn13.72Mo9.80Nb19.45Ni25.51V23.45,6,0.0,0.0,0.0,8.07,0.0,13.72,9.8,19.45,25.51,0.0,23.45,0.0,100.0,True
CAND_03428,Co8.18Cu24.64Fe13.66Mn9.07Ni22.29W22.16,6,0.0,8.18,0.0,24.64,13.66,9.07,0.0,0.0,22.29,0.0,0.0,22.16,100.0,True
CAND_03429,Al10.65Co22.45Cu9.36Mo31.08Nb26.46,5,10.65,22.45,0.0,9.36,0.0,0.0,31.08,26.46,0.0,0.0,0.0,0.0,100.0,True
CAND_03430,Al29.71Cu42.93Nb5.77Ni21.59,4,29.71,0.0,0.0,42.93,0.0,0.0,0.0,5.77,21.59,0.0,0.0,0.0,100.0,True
CAND_03431,Al34.65Cu13.29Fe34.87Ni8.96W8.23,5,34.65,0.0,0.0,13.29,34.87,0.0,0.0,0.0,8.96,0.0,0.0,8.23,100.00000000000001,True
CAND_03432,Al22.16Mn43.20Nb27.50W7.14,4,22.16,0.0,0.0,0.0,0.0,43.2,0.0,27.5,0.0,0.0,0.0,7.14,100.0,True
CAND_03433,Cr25.06Cu9.10Mn12.55Mo19.30Nb26.46W7.53,6,0.0,0.0,25.06,9.1,0.0,12.55,19.3,26.46,0.0,0.0,0.0,7.53,100.0,True
CAND_03434,Co27.42Cr20.44Nb42.09W10.05,4,0.0,27.42,20.44,0.0,0.0,0.0,0.0,42.09,0.0,0.0,0.0,10.05,100.0,True
CAND_03435,Mn23.32Mo27.07Ti10.50V28.40W10.71,5,0.0,0.0,0.0,0.0,0.0,23.32,27.07,0.0,0.0,10.5,28.4,10.71,100.0,True
CAND_03436,Co5.38Cu25.61Mo24.01V14.38W30.62,5,0.0,5.38,0.0,25.61,0.0,0.0,24.01,0.0,0.0,0.0,14.38,30.62,100.0,True
CAND_03437,Co20.87Cu6.21Mn14.86Ni21.46W36.60,5,0.0,20.87,0.0,6.21,0.0,14.86,0.0,0.0,21.46,0.0,0.0,36.6,100.0,True
CAND_03438,Cu22.82Mo41.19V12.95W23.04,4,0.0,0.0,0.0,22.82,0.0,0.0,41.19,0.0,0.0,0.0,12.95,23.04,100.0,True
CAND_03439,Al26.58Mo31.14Ti16.36V12.89W13.03,5,26.58,0.0,0.0,0.0,0.0,0.0,31.14,0.0,0.0,16.36,12.89,13.03,100.0,True
CAND_03440,Co19.48Fe11.93Ni14.05Ti44.41V10.13,5,0.0,19.48,0.0,0.0,11.93,0.0,0.0,0.0,14.05,44.41,10.13,0.0,100.0,True
CAND_03441,Cr21.68Fe24.57Ni10.98Ti25.67W17.10,5,0.0,0.0,21.68,0.0,24.57,0.0,0.0,0.0,10.98,25.67,0.0,17.1,100.0,True
CAND_03442,Co27.71Cr19.75Fe27.96V24.58,4,0.0,27.71,19.75,0.0,27.96,0.0,0.0,0.0,0.0,0.0,24.58,0.0,100.0,True
CAND_03443,Al31.56Co15.61Cr12.97Nb30.57Ti9.29,5,31.56,15.61,12.97,0.0,0.0,0.0,0.0,30.57,0.0,9.29,0.0,0.0,100.0,True
CAND_03444,Al14.19Co32.01Cu21.72W32.08,4,14.19,32.01,0.0,21.72,0.0,0.0,0.0,0.0,0.0,0.0,0.0,32.08,99.99999999999999,True
CAND_03445,Al6.21Mn32.41Nb8.98Ni31.22V15.50W5.68,6,6.21,0.0,0.0,0.0,0.0,32.41,0.0,8.98,31.22,0.0,15.5,5.68,100.0,True
CAND_03446,Al27.51Co22.27Fe30.03Mn11.60W8.59,5,27.51,22.27,0.0,0.0,30.03,11.6,0.0,0.0,0.0,0.0,0.0,8.59,100.0,True
CAND_03447,Cr39.71Cu5.37V25.29W29.63,4,0.0,0.0,39.71,5.37,0.0,0.0,0.0,0.0,0.0,0.0,25.29,29.63,100.0,True
CAND_03448,Al17.89Cu21.53Fe17.41Nb36.62Ni6.55,5,17.89,0.0,0.0,21.53,17.41,0.0,0.0,36.62,6.55,0.0,0.0,0.0,99.99999999999999,True
CAND_03449,Co27.44Mn9.30Ni41.01Ti22.25,4,0.0,27.44,0.0,0.0,0.0,9.3,0.0,0.0,41.01,22.25,0.0,0.0,100.0,True
CAND_03450,Cu30.33Fe19.75Nb39.64Ni10.28,4,0.0,0.0,0.0,30.33,19.75,0.0,0.0,39.64,10.28,0.0,0.0,0.0,100.0,True
CAND_03451,Al29.46Co10.64Fe33.00Nb11.69V15.21,5,29.46,10.64,0.0,0.0,33.0,0.0,0.0,11.69,0.0,0.0,15.21,0.0,100.0,True
CAND_03452,Cr22.37Cu26.98Nb33.86V16.79,4,0.0,0.0,22.37,26.98,0.0,0.0,0.0,33.86,0.0,0.0,16.79,0.0,100.0,True
CAND_03453,Al8.32Cr7.50Cu21.18Fe12.28Mn19.74Nb30.98,6,8.32,0.0,7.5,21.18,12.28,19.74,0.0,30.98,0.0,0.0,0.0,0.0,100.0,True
CAND_03454,Co10.08Mn21.73V44.26W23.93,4,0.0,10.08,0.0,0.0,0.0,21.73,0.0,0.0,0.0,0.0,44.26,23.93,100.0,True
CAND_03455,Al6.40Cu28.11Mo9.46Ni18.26W37.77,5,6.4,0.0,0.0,28.11,0.0,0.0,9.46,0.0,18.26,0.0,0.0,37.77,100.0,True
CAND_03456,Cr19.58Fe42.13Mn18.86Nb19.43,4,0.0,0.0,19.58,0.0,42.13,18.86,0.0,19.43,0.0,0.0,0.0,0.0,100.0,True
CAND_03457,Al15.81Cu8.96Mn8.19Mo33.48Ni33.56,5,15.81,0.0,0.0,8.96,0.0,8.19,33.48,0.0,33.56,0.0,0.0,0.0,100.0,True
CAND_03458,Cr22.98Nb21.52Ni16.80Ti38.70,4,0.0,0.0,22.98,0.0,0.0,0.0,0.0,21.52,16.8,38.7,0.0,0.0,100.0,True
CAND_03459,Al10.46Fe44.36Mn19.65Ni6.52W19.01,5,10.46,0.0,0.0,0.0,44.36,19.65,0.0,0.0,6.52,0.0,0.0,19.01,100.0,True
CAND_03460,Cu6.67Mo38.54Nb11.95Ti12.38V30.46,5,0.0,0.0,0.0,6.67,0.0,0.0,38.54,11.95,0.0,12.38,30.46,0.0,100.0,True
CAND_03461,Al10.08Cr41.02Fe27.85Mn15.73Ni5.32,5,10.08,0.0,41.02,0.0,27.85,15.73,0.0,0.0,5.32,0.0,0.0,0.0,100.0,True
CAND_03462,Al20.34Fe6.37Mn25.61Ni25.05W22.63,5,20.34,0.0,0.0,0.0,6.37,25.61,0.0,0.0,25.05,0.0,0.0,22.63,100.0,True
CAND_03463,Al12.98Co27.15Cr20.98Cu6.66W32.23,5,12.98,27.15,20.98,6.66,0.0,0.0,0.0,0.0,0.0,0.0,0.0,32.23,100.0,True
CAND_03464,Al6.94Mo32.31Nb40.69V11.39W8.67,5,6.94,0.0,0.0,0.0,0.0,0.0,32.31,40.69,0.0,0.0,11.39,8.67,100.0,True
CAND_03465,Cr19.91Cu33.57Ni17.18V29.34,4,0.0,0.0,19.91,33.57,0.0,0.0,0.0,0.0,17.18,0.0,29.34,0.0,100.0,True
CAND_03466,Co26.90Cu12.14Nb9.43V29.62W21.91,5,0.0,26.9,0.0,12.14,0.0,0.0,0.0,9.43,0.0,0.0,29.62,21.91,100.0,True
CAND_03467,Al35.11Cr12.74Fe15.18Mo36.97,4,35.11,0.0,12.74,0.0,15.18,0.0,36.97,0.0,0.0,0.0,0.0,0.0,100.0,True
CAND_03468,Cr9.40Cu10.85Fe10.12Mo33.53Ti36.10,5,0.0,0.0,9.4,10.85,10.12,0.0,33.53,0.0,0.0,36.1,0.0,0.0,100.0,True
CAND_03469,Mo16.34Nb22.08Ni19.76W41.82,4,0.0,0.0,0.0,0.0,0.0,0.0,16.34,22.08,19.76,0.0,0.0,41.82,100.0,True
CAND_03470,Al22.52Cu39.65Mo24.12Nb7.29W6.42,5,22.52,0.0,0.0,39.65,0.0,0.0,24.12,7.29,0.0,0.0,0.0,6.42,100.00000000000001,True
CAND_03471,Al14.17Co24.58Fe36.67Ni24.58,4,14.17,24.58,0.0,0.0,36.67,0.0,0.0,0.0,24.58,0.0,0.0,0.0,100.0,True
CAND_03472,Mn13.01Ni25.05Ti39.91W22.03,4,0.0,0.0,0.0,0.0,0.0,13.01,0.0,0.0,25.05,39.91,0.0,22.03,100.0,True
CAND_03473,Cr17.88Mn11.35Mo14.81Ni17.11V38.85,5,0.0,0.0,17.88,0.0,0.0,11.35,14.81,0.0,17.11,0.0,38.85,0.0,100.0,True
CAND_03474,Fe27.25Mo10.58Nb21.98Ni14.21Ti25.98,5,0.0,0.0,0.0,0.0,27.25,0.0,10.58,21.98,14.21,25.98,0.0,0.0,100.00000000000001,True
CAND_03475,Co31.40Mn21.72Ni24.63Ti22.25,4,0.0,31.4,0.0,0.0,0.0,21.72,0.0,0.0,24.63,22.25,0.0,0.0,100.0,True
CAND_03476,Al32.60Co5.78Cu9.07Fe21.19Mn21.22Nb10.14,6,32.6,5.78,0.0,9.07,21.19,21.22,0.0,10.14,0.0,0.0,0.0,0.0,100.0,True
CAND_03477,Al6.62Ni17.62V37.08W38.68,4,6.62,0.0,0.0,0.0,0.0,0.0,0.0,0.0,17.62,0.0,37.08,38.68,100.0,True
CAND_03478,Fe22.56Mn25.49Mo18.64Ni33.31,4,0.0,0.0,0.0,0.0,22.56,25.49,18.64,0.0,33.31,0.0,0.0,0.0,100.0,True
CAND_03479,Al20.38Co16.44Cu16.97Nb28.61V17.60,5,20.38,16.44,0.0,16.97,0.0,0.0,0.0,28.61,0.0,0.0,17.6,0.0,100.0,True
CAND_03480,Co32.11Cr23.77Cu7.02Mn22.84Mo8.05V6.21,6,0.0,32.11,23.77,7.02,0.0,22.84,8.05,0.0,0.0,0.0,6.21,0.0,99.99999999999999,True
CAND_03481,Al14.62Co31.17Cu19.80Mn12.83Mo5.70Ni15.88,6,14.62,31.17,0.0,19.8,0.0,12.83,5.7,0.0,15.88,0.0,0.0,0.0,100.0,True
CAND_03482,Fe31.84Mn15.94Ni12.64Ti15.97V12.98W10.63,6,0.0,0.0,0.0,0.0,31.84,15.94,0.0,0.0,12.64,15.97,12.98,10.63,100.0,True
CAND_03483,Al28.54Co12.73Mo10.87Ni15.19Ti24.71W7.96,6,28.54,12.73,0.0,0.0,0.0,0.0,10.87,0.0,15.19,24.71,0.0,7.96,99.99999999999999,True
CAND_03484,Co29.07Cr16.21Fe35.47Mn8.13Ti11.12,5,0.0,29.07,16.21,0.0,35.47,8.13,0.0,0.0,0.0,11.12,0.0,0.0,100.0,True
CAND_03485,Cr17.89Mo19.11Nb22.37W40.63,4,0.0,0.0,17.89,0.0,0.0,0.0,19.11,22.37,0.0,0.0,0.0,40.63,100.0,True
CAND_03486,Cr20.90Cu27.25Mn17.38V34.47,4,0.0,0.0,20.9,27.25,0.0,17.38,0.0,0.0,0.0,0.0,34.47,0.0,100.0,True
CAND_03487,Co5.82Cr26.33Fe11.75Ni18.67V21.77W15.66,6,0.0,5.82,26.33,0.0,11.75,0.0,0.0,0.0,18.67,0.0,21.77,15.66,100.0,True
CAND_03488,Co34.08Fe37.77Mn9.63Ti18.52,4,0.0,34.08,0.0,0.0,37.77,9.63,0.0,0.0,0.0,18.52,0.0,0.0,99.99999999999999,True
CAND_03489,Al32.38Cr33.98Ni14.53W19.11,4,32.38,0.0,33.98,0.0,0.0,0.0,0.0,0.0,14.53,0.0,0.0,19.11,100.0,True
CAND_03490,Al6.59Cr15.95Fe15.46Mo21.54Ti6.32V34.14,6,6.59,0.0,15.95,0.0,15.46,0.0,21.54,0.0,0.0,6.32,34.14,0.0,100.0,True
CAND_03491,Cu31.18Fe23.01Mn35.27Ti10.54,4,0.0,0.0,0.0,31.18,23.01,35.27,0.0,0.0,0.0,10.54,0.0,0.0,100.0,True
CAND_03492,Co28.82Nb22.54Ni34.18V14.46,4,0.0,28.82,0.0,0.0,0.0,0.0,0.0,22.54,34.18,0.0,14.46,0.0,100.0,True
CAND_03493,Al11.36Cr12.08Fe35.98Ni22.98W17.60,5,11.36,0.0,12.08,0.0,35.98,0.0,0.0,0.0,22.98,0.0,0.0,17.6,100.0,True
CAND_03494,Al25.37Co8.22Fe31.13Ti11.67V23.61,5,25.37,8.22,0.0,0.0,31.13,0.0,0.0,0.0,0.0,11.67,23.61,0.0,100.0,True
CAND_03495,Mn14.22Mo37.02Nb17.86Ni14.44W16.46,5,0.0,0.0,0.0,0.0,0.0,14.22,37.02,17.86,14.44,0.0,0.0,16.46,100.0,True
CAND_03496,Cu37.71Nb31.54Ni19.25Ti11.50,4,0.0,0.0,0.0,37.71,0.0,0.0,0.0,31.54,19.25,11.5,0.0,0.0,100.0,True
CAND_03497,Co19.85Fe5.69Mo20.80Ni18.97V34.69,5,0.0,19.85,0.0,0.0,5.69,0.0,20.8,0.0,18.97,0.0,34.69,0.0,100.0,True
CAND_03498,Al27.04Co18.83Fe20.92V33.21,4,27.04,18.83,0.0,0.0,20.92,0.0,0.0,0.0,0.0,0.0,33.21,0.0,100.0,True
CAND_03499,Co17.06Mo10.38Ni33.82W38.74,4,0.0,17.06,0.0,0.0,0.0,0.0,10.38,0.0,33.82,0.0,0.0,38.74,100.0,True
CAND_03500,Al27.85Cu11.90Fe16.67Mo10.44W33.14,5,27.85,0.0,0.0,11.9,16.67,0.0,10.44,0.0,0.0,0.0,0.0,33.14,100.0,True
CAND_03501,Al6.29Cu20.21Fe32.01Ni19.41V22.08,5,6.29,0.0,0.0,20.21,32.01,0.0,0.0,0.0,19.41,0.0,22.08,0.0,100.0,True
CAND_03502,Cr25.77Mn9.14Nb34.99Ni11.15W18.95,5,0.0,0.0,25.77,0.0,0.0,9.14,0.0,34.99,11.15,0.0,0.0,18.95,100.00000000000001,True
CAND_03503,Cr23.70Cu19.32Mn30.32Mo26.66,4,0.0,0.0,23.7,19.32,0.0,30.32,26.66,0.0,0.0,0.0,0.0,0.0,100.0,True
CAND_03504,Mo7.20Nb29.88Ti42.76V20.16,4,0.0,0.0,0.0,0.0,0.0,0.0,7.2,29.88,0.0,42.76,20.16,0.0,100.0,True
CAND_03505,Co9.05Fe16.62Mn24.82Mo23.91Nb10.67W14.93,6,0.0,9.05,0.0,0.0,16.62,24.82,23.91,10.67,0.0,0.0,0.0,14.93,100.0,True
CAND_03506,Co18.09Cr20.87Fe9.69Mn5.12Mo10.91Ti35.32,6,0.0,18.09,20.87,0.0,9.69,5.12,10.91,0.0,0.0,35.32,0.0,0.0,100.0,True
CAND_03507,Co21.07Cu24.21Fe8.41Mo29.72W16.59,5,0.0,21.07,0.0,24.21,8.41,0.0,29.72,0.0,0.0,0.0,0.0,16.59,100.0,True
CAND_03508,Fe13.87Ti42.63V28.43W15.07,4,0.0,0.0,0.0,0.0,13.87,0.0,0.0,0.0,0.0,42.63,28.43,15.07,100.0,True
CAND_03509,Al25.76Fe27.30Ni6.81Ti27.30V12.83,5,25.76,0.0,0.0,0.0,27.3,0.0,0.0,0.0,6.81,27.3,12.83,0.0,100.0,True
CAND_03510,Al23.55Cu27.48Fe9.54Mn17.51V21.92,5,23.55,0.0,0.0,27.48,9.54,17.51,0.0,0.0,0.0,0.0,21.92,0.0,100.0,True
CAND_03511,Al31.62Fe5.64Mn25.74Mo8.18Nb28.82,5,31.62,0.0,0.0,0.0,5.64,25.74,8.18,28.82,0.0,0.0,0.0,0.0,100.0,True
CAND_03512,Al30.61Co8.51Fe10.35Nb34.76Ni5.09W10.68,6,30.61,8.51,0.0,0.0,10.35,0.0,0.0,34.76,5.09,0.0,0.0,10.68,100.0,True
CAND_03513,Al11.08Cu20.23Mn11.75Nb19.29Ni14.62Ti23.03,6,11.08,0.0,0.0,20.23,0.0,11.75,0.0,19.29,14.62,23.03,0.0,0.0,100.0,True
CAND_03514,Al7.92Co16.24Cr20.83Fe37.87V17.14,5,7.92,16.24,20.83,0.0,37.87,0.0,0.0,0.0,0.0,0.0,17.14,0.0,99.99999999999999,True
CAND_03515,Co15.55Cr30.62Mo26.12Ni5.18Ti22.53,5,0.0,15.55,30.62,0.0,0.0,0.0,26.12,0.0,5.18,22.53,0.0,0.0,100.0,True
CAND_03516,Cu16.54Fe9.18Mn29.11Mo14.20Ni20.30Ti10.67,6,0.0,0.0,0.0,16.54,9.18,29.11,14.2,0.0,20.3,10.67,0.0,0.0,100.0,True
CAND_03517,Al10.18Cr24.79Mn21.60Mo13.19Nb16.58Ti13.66,6,10.18,0.0,24.79,0.0,0.0,21.6,13.19,16.58,0.0,13.66,0.0,0.0,100.0,True
CAND_03518,Co9.91Cr17.96Cu21.85Mn9.41Ni9.28W31.59,6,0.0,9.91,17.96,21.85,0.0,9.41,0.0,0.0,9.28,0.0,0.0,31.59,100.0,True
CAND_03519,Cr44.34Fe18.97Nb20.69Ti6.87V9.13,5,0.0,0.0,44.34,0.0,18.97,0.0,0.0,20.69,0.0,6.87,9.13,0.0,100.0,True
CAND_03520,Co7.16Cu16.21Ti40.10V36.53,4,0.0,7.16,0.0,16.21,0.0,0.0,0.0,0.0,0.0,40.1,36.53,0.0,100.0,True
CAND_03521,Al39.39Co5.49Cu6.10Ti43.55W5.47,5,39.39,5.49,0.0,6.1,0.0,0.0,0.0,0.0,0.0,43.55,0.0,5.47,100.0,True
CAND_03522,Al30.27Co31.54Fe12.08Nb9.64W16.47,5,30.27,31.54,0.0,0.0,12.08,0.0,0.0,9.64,0.0,0.0,0.0,16.47,100.0,True
CAND_03523,Mn17.03Mo39.32Ni15.37Ti16.42V11.86,5,0.0,0.0,0.0,0.0,0.0,17.03,39.32,0.0,15.37,16.42,11.86,0.0,100.0,True
CAND_03524,Cr19.85Fe40.46Nb17.53V16.00W6.16,5,0.0,0.0,19.85,0.0,40.46,0.0,0.0,17.53,0.0,0.0,16.0,6.16,100.0,True
CAND_03525,Co7.80Cr7.32Mn20.58Nb28.91Ti27.96V7.43,6,0.0,7.8,7.32,0.0,0.0,20.58,0.0,28.91,0.0,27.96,7.43,0.0,100.0,True
CAND_03526,Cr29.66Cu21.75Nb19.37Ni17.20Ti12.02,5,0.0,0.0,29.66,21.75,0.0,0.0,0.0,19.37,17.2,12.02,0.0,0.0,100.0,True
CAND_03527,Cr30.81Fe33.24Ni23.01Ti12.94,4,0.0,0.0,30.81,0.0,33.24,0.0,0.0,0.0,23.01,12.94,0.0,0.0,100.0,True
CAND_03528,Cu10.53Fe18.67Mn7.81Mo8.35Nb26.72Ti27.92,6,0.0,0.0,0.0,10.53,18.67,7.81,8.35,26.72,0.0,27.92,0.0,0.0,100.00000000000001,True
CAND_03529,Fe37.37Mn33.79Nb21.21Ti7.63,4,0.0,0.0,0.0,0.0,37.37,33.79,0.0,21.21,0.0,7.63,0.0,0.0,100.0,True
CAND_03530,Mn16.12Mo20.25Ti25.87W37.76,4,0.0,0.0,0.0,0.0,0.0,16.12,20.25,0.0,0.0,25.87,0.0,37.76,100.0,True
CAND_03531,Cr5.66Cu17.36Mn11.70Nb31.37V23.20W10.71,6,0.0,0.0,5.66,17.36,0.0,11.7,0.0,31.37,0.0,0.0,23.2,10.71,100.0,True
CAND_03532,Co10.38Cr6.24Mn18.32Ni10.89V26.43W27.74,6,0.0,10.38,6.24,0.0,0.0,18.32,0.0,0.0,10.89,0.0,26.43,27.74,99.99999999999999,True
CAND_03533,Al34.95Co17.00Cr18.48Ni16.14Ti13.43,5,34.95,17.0,18.48,0.0,0.0,0.0,0.0,0.0,16.14,13.43,0.0,0.0,100.0,True
CAND_03534,Cr15.67Fe28.00Mo16.19Ni40.14,4,0.0,0.0,15.67,0.0,28.0,0.0,16.19,0.0,40.14,0.0,0.0,0.0,100.0,True
CAND_03535,Co22.62Nb23.11Ni32.86V21.41,4,0.0,22.62,0.0,0.0,0.0,0.0,0.0,23.11,32.86,0.0,21.41,0.0,100.0,True
CAND_03536,Fe13.85Mn22.92Mo21.71Nb26.03Ti5.96V9.53,6,0.0,0.0,0.0,0.0,13.85,22.92,21.71,26.03,0.0,5.96,9.53,0.0,100.0,True
CAND_03537,Mo11.15Nb21.06Ti23.74W44.05,4,0.0,0.0,0.0,0.0,0.0,0.0,11.15,21.06,0.0,23.74,0.0,44.05,100.0,True
CAND_03538,Mo43.56Ni11.46Ti13.05V31.93,4,0.0,0.0,0.0,0.0,0.0,0.0,43.56,0.0,11.46,13.05,31.93,0.0,100.0,True
CAND_03539,Cr30.94Mn9.23Mo27.33Ti13.71W18.79,5,0.0,0.0,30.94,0.0,0.0,9.23,27.33,0.0,0.0,13.71,0.0,18.79,100.0,True
CAND_03540,Al16.83Cu16.73Mn31.46Ni27.48W7.50,5,16.83,0.0,0.0,16.73,0.0,31.46,0.0,0.0,27.48,0.0,0.0,7.5,100.00000000000001,True
CAND_03541,Cr27.01Cu23.43Mn14.17Mo19.81Nb15.58,5,0.0,0.0,27.01,23.43,0.0,14.17,19.81,15.58,0.0,0.0,0.0,0.0,100.0,True
CAND_03542,Fe27.54Ni17.02V19.47W35.97,4,0.0,0.0,0.0,0.0,27.54,0.0,0.0,0.0,17.02,0.0,19.47,35.97,100.0,True
CAND_03543,Co16.88Mn9.71Mo23.78Ni9.46Ti33.00W7.17,6,0.0,16.88,0.0,0.0,0.0,9.71,23.78,0.0,9.46,33.0,0.0,7.17,100.00000000000001,True
CAND_03544,Al20.77Co15.07Cr39.45Cu12.89V11.82,5,20.77,15.07,39.45,12.89,0.0,0.0,0.0,0.0,0.0,0.0,11.82,0.0,100.0,True
CAND_03545,Al12.28Cr7.73Fe29.30Nb14.70Ni11.01W24.98,6,12.28,0.0,7.73,0.0,29.3,0.0,0.0,14.7,11.01,0.0,0.0,24.98,100.00000000000001,True
CAND_03546,Al10.35Cu13.31Fe40.29Mo12.62W23.43,5,10.35,0.0,0.0,13.31,40.29,0.0,12.62,0.0,0.0,0.0,0.0,23.43,100.0,True
CAND_03547,Co32.33Cr26.69Cu13.19W27.79,4,0.0,32.33,26.69,13.19,0.0,0.0,0.0,0.0,0.0,0.0,0.0,27.79,100.0,True
CAND_03548,Co36.59Cu6.09Fe21.80Mo10.09Ti25.43,5,0.0,36.59,0.0,6.09,21.8,0.0,10.09,0.0,0.0,25.43,0.0,0.0,100.0,True
CAND_03549,Al17.42Co9.57Mn27.34Ni7.12V38.55,5,17.42,9.57,0.0,0.0,0.0,27.34,0.0,0.0,7.12,0.0,38.55,0.0,100.0,True
CAND_03550,Al36.56Co23.54Cr26.87Cu13.03,4,36.56,23.54,26.87,13.03,0.0,0.0,0.0,0.0,0.0,0.0,0.0,0.0,100.0,True
CAND_03551,Al20.02Cu36.71Fe6.90Mn23.01V13.36,5,20.02,0.0,0.0,36.71,6.9,23.01,0.0,0.0,0.0,0.0,13.36,0.0,100.0,True
CAND_03552,Cr41.33Fe22.13Ni11.09Ti18.36W7.09,5,0.0,0.0,41.33,0.0,22.13,0.0,0.0,0.0,11.09,18.36,0.0,7.09,100.0,True
CAND_03553,Co15.09Cr22.88Mo38.02V5.22W18.79,5,0.0,15.09,22.88,0.0,0.0,0.0,38.02,0.0,0.0,0.0,5.22,18.79,100.0,True
CAND_03554,Cr10.77Fe38.00Nb25.46V25.77,4,0.0,0.0,10.77,0.0,38.0,0.0,0.0,25.46,0.0,0.0,25.77,0.0,99.99999999999999,True
CAND_03555,Co14.04Cr27.06Mn18.63Mo15.20Nb25.07,5,0.0,14.04,27.06,0.0,0.0,18.63,15.2,25.07,0.0,0.0,0.0,0.0,100.0,True
CAND_03556,Al10.85Co20.22Cu10.27Nb21.19Ni9.75W27.72,6,10.85,20.22,0.0,10.27,0.0,0.0,0.0,21.19,9.75,0.0,0.0,27.72,100.0,True
CAND_03557,Co40.60Cu23.31Fe13.48Mn8.07V14.54,5,0.0,40.6,0.0,23.31,13.48,8.07,0.0,0.0,0.0,0.0,14.54,0.0,100.0,True
CAND_03558,Al41.32Fe10.95Ni9.50Ti28.00V10.23,5,41.32,0.0,0.0,0.0,10.95,0.0,0.0,0.0,9.5,28.0,10.23,0.0,100.0,True
CAND_03559,Al6.66Cr21.50V29.62W42.22,4,6.66,0.0,21.5,0.0,0.0,0.0,0.0,0.0,0.0,0.0,29.62,42.22,100.0,True
CAND_03560,Mo15.62Ti30.35V37.33W16.70,4,0.0,0.0,0.0,0.0,0.0,0.0,15.62,0.0,0.0,30.35,37.33,16.7,100.0,True
CAND_03561,Al16.79Co25.56Fe20.72Mo7.50Ni29.43,5,16.79,25.56,0.0,0.0,20.72,0.0,7.5,0.0,29.43,0.0,0.0,0.0,100.0,True
CAND_03562,Al26.60Co14.47Fe9.29Mn21.81W27.83,5,26.6,14.47,0.0,0.0,9.29,21.81,0.0,0.0,0.0,0.0,0.0,27.83,100.0,True
CAND_03563,Cr26.20Cu27.39Mo12.53Ti16.71V8.28W8.89,6,0.0,0.0,26.2,27.39,0.0,0.0,12.53,0.0,0.0,16.71,8.28,8.89,100.00000000000001,True
CAND_03564,Al7.59Co20.45Cu22.08Fe7.29V42.59,5,7.59,20.45,0.0,22.08,7.29,0.0,0.0,0.0,0.0,0.0,42.59,0.0,100.0,True
CAND_03565,Fe23.56Mn37.22Nb7.45Ti6.38W25.39,5,0.0,0.0,0.0,0.0,23.56,37.22,0.0,7.45,0.0,6.38,0.0,25.39,100.0,True
CAND_03566,Al14.04Co8.93Cr27.18Mn43.73Nb6.12,5,14.04,8.93,27.18,0.0,0.0,43.73,0.0,6.12,0.0,0.0,0.0,0.0,100.0,True
CAND_03567,Co26.51Cr13.09Nb15.03Ni31.52Ti6.08W7.77,6,0.0,26.51,13.09,0.0,0.0,0.0,0.0,15.03,31.52,6.08,0.0,7.77,100.0,True
CAND_03568,Co12.24Cr17.96Ni25.43Ti44.37,4,0.0,12.24,17.96,0.0,0.0,0.0,0.0,0.0,25.43,44.37,0.0,0.0,100.0,True
CAND_03569,Co34.05Cr8.78Cu12.50Fe11.32Ti14.49V18.86,6,0.0,34.05,8.78,12.5,11.32,0.0,0.0,0.0,0.0,14.49,18.86,0.0,100.0,True
CAND_03570,Cr20.73Fe24.87Mn17.74Mo21.60Ti7.52V7.54,6,0.0,0.0,20.73,0.0,24.87,17.74,21.6,0.0,0.0,7.52,7.54,0.0,100.0,True
CAND_03571,Cr23.23Cu18.53Ni14.70Ti7.04V21.40W15.10,6,0.0,0.0,23.23,18.53,0.0,0.0,0.0,0.0,14.7,7.04,21.4,15.1,100.0,True
CAND_03572,Cr44.18Mn16.62Nb6.69Ti12.89W19.62,5,0.0,0.0,44.18,0.0,0.0,16.62,0.0,6.69,0.0,12.89,0.0,19.62,100.0,True
CAND_03573,Al20.25Co25.51Cr14.09Cu6.49Mn18.89Mo14.77,6,20.25,25.51,14.09,6.49,0.0,18.89,14.77,0.0,0.0,0.0,0.0,0.0,100.0,True
CAND_03574,Co43.08Fe17.99Mn8.46Ti30.47,4,0.0,43.08,0.0,0.0,17.99,8.46,0.0,0.0,0.0,30.47,0.0,0.0,100.0,True
CAND_03575,Al39.34Cr5.08Mo10.60Nb21.70Ti23.28,5,39.34,0.0,5.08,0.0,0.0,0.0,10.6,21.7,0.0,23.28,0.0,0.0,100.0,True
CAND_03576,Al30.27Co24.90Fe9.45Nb5.74Ti29.64,5,30.27,24.9,0.0,0.0,9.45,0.0,0.0,5.74,0.0,29.64,0.0,0.0,100.0,True
CAND_03577,Al43.94Co18.64Cr30.43W6.99,4,43.94,18.64,30.43,0.0,0.0,0.0,0.0,0.0,0.0,0.0,0.0,6.99,99.99999999999999,True
CAND_03578,Cr14.92Cu11.89Nb8.46Ti25.91V14.14W24.68,6,0.0,0.0,14.92,11.89,0.0,0.0,0.0,8.46,0.0,25.91,14.14,24.68,100.0,True
CAND_03579,Co23.36Nb29.35Ni30.14V17.15,4,0.0,23.36,0.0,0.0,0.0,0.0,0.0,29.35,30.14,0.0,17.15,0.0,100.0,True
CAND_03580,Cr32.24Cu7.63Mo9.36Ni25.12Ti25.65,5,0.0,0.0,32.24,7.63,0.0,0.0,9.36,0.0,25.12,25.65,0.0,0.0,100.0,True
CAND_03581,Co12.56Cr17.17Fe25.26Mn17.37Nb18.58W9.06,6,0.0,12.56,17.17,0.0,25.26,17.37,0.0,18.58,0.0,0.0,0.0,9.06,100.00000000000001,True
CAND_03582,Co18.43Mn20.50Mo10.82Ni6.74W43.51,5,0.0,18.43,0.0,0.0,0.0,20.5,10.82,0.0,6.74,0.0,0.0,43.51,100.0,True
CAND_03583,Co34.38Mn16.51Ni38.61V10.50,4,0.0,34.38,0.0,0.0,0.0,16.51,0.0,0.0,38.61,0.0,10.5,0.0,100.0,True
CAND_03584,Co7.78Cr39.88Cu33.99Ti6.10W12.25,5,0.0,7.78,39.88,33.99,0.0,0.0,0.0,0.0,0.0,6.1,0.0,12.25,100.0,True
CAND_03585,Fe40.66Mn20.09Ti17.84V21.41,4,0.0,0.0,0.0,0.0,40.66,20.09,0.0,0.0,0.0,17.84,21.41,0.0,100.0,True
CAND_03586,Al19.69Co14.19Cu21.11Fe25.03Mo19.98,5,19.69,14.19,0.0,21.11,25.03,0.0,19.98,0.0,0.0,0.0,0.0,0.0,100.00000000000001,True
CAND_03587,Cr15.14Mn26.63Nb27.14Ti31.09,4,0.0,0.0,15.14,0.0,0.0,26.63,0.0,27.14,0.0,31.09,0.0,0.0,100.0,True
CAND_03588,Al25.72Cr18.11Mo15.60Ni40.57,4,25.72,0.0,18.11,0.0,0.0,0.0,15.6,0.0,40.57,0.0,0.0,0.0,100.0,True
CAND_03589,Al8.22Co11.08Cu39.16Ni17.26Ti12.27W12.01,6,8.22,11.08,0.0,39.16,0.0,0.0,0.0,0.0,17.26,12.27,0.0,12.01,100.0,True
CAND_03590,Co17.94Cr15.42Cu19.22Mn19.70Nb11.09Ni16.63,6,0.0,17.94,15.42,19.22,0.0,19.7,0.0,11.09,16.63,0.0,0.0,0.0,100.0,True
CAND_03591,Cr28.24Cu11.56Fe7.13Ti9.74W43.33,5,0.0,0.0,28.24,11.56,7.13,0.0,0.0,0.0,0.0,9.74,0.0,43.33,100.0,True
CAND_03592,Al24.90Co10.84Cu19.17Mn17.87Nb21.14V6.08,6,24.9,10.84,0.0,19.17,0.0,17.87,0.0,21.14,0.0,0.0,6.08,0.0,100.0,True
CAND_03593,Co36.20Mn20.58Ti12.67V30.55,4,0.0,36.2,0.0,0.0,0.0,20.58,0.0,0.0,0.0,12.67,30.55,0.0,100.0,True
CAND_03594,Cr23.03Cu17.89Mn42.42W16.66,4,0.0,0.0,23.03,17.89,0.0,42.42,0.0,0.0,0.0,0.0,0.0,16.66,100.0,True
CAND_03595,Al15.27Fe23.46Mo14.88Ni18.39Ti28.00,5,15.27,0.0,0.0,0.0,23.46,0.0,14.88,0.0,18.39,28.0,0.0,0.0,100.0,True
CAND_03596,Al6.81Co11.17Cr24.47Cu18.73V23.55W15.27,6,6.81,11.17,24.47,18.73,0.0,0.0,0.0,0.0,0.0,0.0,23.55,15.27,100.0,True
CAND_03597,Al10.04Co19.24Cr22.63Cu10.34Ti5.33V32.42,6,10.04,19.24,22.63,10.34,0.0,0.0,0.0,0.0,0.0,5.33,32.42,0.0,100.0,True
CAND_03598,Al34.77Fe13.91Mo32.26V19.06,4,34.77,0.0,0.0,0.0,13.91,0.0,32.26,0.0,0.0,0.0,19.06,0.0,100.0,True
CAND_03599,Al14.49Co30.67Ti30.78V24.06,4,14.49,30.67,0.0,0.0,0.0,0.0,0.0,0.0,0.0,30.78,24.06,0.0,100.0,True
CAND_03600,Co13.11Cr21.92Mn22.44Ti19.90W22.63,5,0.0,13.11,21.92,0.0,0.0,22.44,0.0,0.0,0.0,19.9,0.0,22.63,100.0,True
CAND_03601,Co21.93Fe28.04Ni5.22Ti17.40W27.41,5,0.0,21.93,0.0,0.0,28.04,0.0,0.0,0.0,5.22,17.4,0.0,27.41,100.0,True
CAND_03602,Al41.76Co29.17Fe7.41Mn11.14Nb10.52,5,41.76,29.17,0.0,0.0,7.41,11.14,0.0,10.52,0.0,0.0,0.0,0.0,100.0,True
CAND_03603,Fe34.49Mo22.30Nb10.14Ni22.38W10.69,5,0.0,0.0,0.0,0.0,34.49,0.0,22.3,10.14,22.38,0.0,0.0,10.69,100.0,True
CAND_03604,Cr7.37Mo44.79Ni8.11Ti19.86V19.87,5,0.0,0.0,7.37,0.0,0.0,0.0,44.79,0.0,8.11,19.86,19.87,0.0,100.0,True
CAND_03605,Cu21.52Fe38.20Mo13.18Nb19.82V7.28,5,0.0,0.0,0.0,21.52,38.2,0.0,13.18,19.82,0.0,0.0,7.28,0.0,100.0,True
CAND_03606,Al36.28Co15.79Fe10.86Mn6.30Mo15.90V14.87,6,36.28,15.79,0.0,0.0,10.86,6.3,15.9,0.0,0.0,0.0,14.87,0.0,100.00000000000001,True
CAND_03607,Cu41.98Mo11.90Nb5.53Ni8.48Ti32.11,5,0.0,0.0,0.0,41.98,0.0,0.0,11.9,5.53,8.48,32.11,0.0,0.0,100.0,True
CAND_03608,Al20.63Co5.98Mo24.99Nb25.34Ni23.06,5,20.63,5.98,0.0,0.0,0.0,0.0,24.99,25.34,23.06,0.0,0.0,0.0,100.0,True
CAND_03609,Cr21.66Fe22.58Mo23.36Ti32.40,4,0.0,0.0,21.66,0.0,22.58,0.0,23.36,0.0,0.0,32.4,0.0,0.0,100.0,True
CAND_03610,Mo17.71Nb33.85Ni34.06V14.38,4,0.0,0.0,0.0,0.0,0.0,0.0,17.71,33.85,34.06,0.0,14.38,0.0,100.0,True
CAND_03611,Co7.93Cu44.15Mn20.19Ti10.35V10.83W6.55,6,0.0,7.93,0.0,44.15,0.0,20.19,0.0,0.0,0.0,10.35,10.83,6.55,99.99999999999999,True
CAND_03612,Cr7.70Mo21.04Nb21.34Ni28.71Ti5.11V16.10,6,0.0,0.0,7.7,0.0,0.0,0.0,21.04,21.34,28.71,5.11,16.1,0.0,100.0,True
CAND_03613,Al40.86Cr5.87Cu18.13Nb13.69W21.45,5,40.86,0.0,5.87,18.13,0.0,0.0,0.0,13.69,0.0,0.0,0.0,21.45,100.0,True
CAND_03614,Fe35.21Mn12.17Mo20.86V31.76,4,0.0,0.0,0.0,0.0,35.21,12.17,20.86,0.0,0.0,0.0,31.76,0.0,100.00000000000001,True
CAND_03615,Cr20.64Cu21.74Fe19.40Mn15.40Nb9.46Ti13.36,6,0.0,0.0,20.64,21.74,19.4,15.4,0.0,9.46,0.0,13.36,0.0,0.0,99.99999999999999,True
CAND_03616,Co6.68Fe38.68Mo16.21Ni20.20Ti18.23,5,0.0,6.68,0.0,0.0,38.68,0.0,16.21,0.0,20.2,18.23,0.0,0.0,100.0,True
CAND_03617,Al11.83Co15.16Cr10.18Mn22.42Ti20.74W19.67,6,11.83,15.16,10.18,0.0,0.0,22.42,0.0,0.0,0.0,20.74,0.0,19.67,100.0,True
CAND_03618,Cr21.60Mo30.10Ni6.54Ti21.02W20.74,5,0.0,0.0,21.6,0.0,0.0,0.0,30.1,0.0,6.54,21.02,0.0,20.74,100.0,True
CAND_03619,Al20.51Co23.94Mn16.66Ti38.89,4,20.51,23.94,0.0,0.0,0.0,16.66,0.0,0.0,0.0,38.89,0.0,0.0,100.0,True
CAND_03620,Al6.47Mo42.07Ni39.86W11.60,4,6.47,0.0,0.0,0.0,0.0,0.0,42.07,0.0,39.86,0.0,0.0,11.6,100.0,True
CAND_03621,Fe14.72Mn40.18Mo20.06V7.11W17.93,5,0.0,0.0,0.0,0.0,14.72,40.18,20.06,0.0,0.0,0.0,7.11,17.93,100.0,True
CAND_03622,Co26.99Cu19.58Mn16.36W37.07,4,0.0,26.99,0.0,19.58,0.0,16.36,0.0,0.0,0.0,0.0,0.0,37.07,100.0,True
CAND_03623,Al9.57Cr32.12Cu9.98Ni8.61Ti25.33V14.39,6,9.57,0.0,32.12,9.98,0.0,0.0,0.0,0.0,8.61,25.33,14.39,0.0,100.0,True
CAND_03624,Al11.20Cu26.36Mn7.37Mo23.90Nb13.54Ti17.63,6,11.2,0.0,0.0,26.36,0.0,7.37,23.9,13.54,0.0,17.63,0.0,0.0,100.0,True
CAND_03625,Co14.88Cu20.52Fe41.46Ti23.14,4,0.0,14.88,0.0,20.52,41.46,0.0,0.0,0.0,0.0,23.14,0.0,0.0,100.0,True
CAND_03626,Co18.03Mo36.92V7.34W37.71,4,0.0,18.03,0.0,0.0,0.0,0.0,36.92,0.0,0.0,0.0,7.34,37.71,100.0,True
CAND_03627,Al13.13Co16.59Cr32.21Nb23.46Ni7.43Ti7.18,6,13.13,16.59,32.21,0.0,0.0,0.0,0.0,23.46,7.43,7.18,0.0,0.0,100.0,True
CAND_03628,Al10.58Co9.21Cu13.29Mn27.23Mo5.15Ti34.54,6,10.58,9.21,0.0,13.29,0.0,27.23,5.15,0.0,0.0,34.54,0.0,0.0,100.0,True
CAND_03629,Co25.79Cr12.50Fe27.19Mo11.50W23.02,5,0.0,25.79,12.5,0.0,27.19,0.0,11.5,0.0,0.0,0.0,0.0,23.02,100.0,True
CAND_03630,Al7.19Cr37.28Fe8.39Mo38.28Ti8.86,5,7.19,0.0,37.28,0.0,8.39,0.0,38.28,0.0,0.0,8.86,0.0,0.0,100.0,True
CAND_03631,Cr5.31Mn19.96Ni15.79Ti17.56V9.46W31.92,6,0.0,0.0,5.31,0.0,0.0,19.96,0.0,0.0,15.79,17.56,9.46,31.92,100.00000000000001,True
CAND_03632,Co34.81Fe11.09Nb9.81Ni5.43Ti24.65V14.21,6,0.0,34.81,0.0,0.0,11.09,0.0,0.0,9.81,5.43,24.65,14.21,0.0,100.0,True
CAND_03633,Al43.70Co14.56Cu30.14Nb11.60,4,43.7,14.56,0.0,30.14,0.0,0.0,0.0,11.6,0.0,0.0,0.0,0.0,100.0,True
CAND_03634,Al7.94Co6.32Cr44.71Fe33.51Mn7.52,5,7.94,6.32,44.71,0.0,33.51,7.52,0.0,0.0,0.0,0.0,0.0,0.0,99.99999999999999,True
CAND_03635,Cu8.77Mn31.17Nb41.99Ni7.62V10.45,5,0.0,0.0,0.0,8.77,0.0,31.17,0.0,41.99,7.62,0.0,10.45,0.0,100.00000000000001,True
CAND_03636,Al10.10Co8.67Nb27.02Ni19.27V34.94,5,10.1,8.67,0.0,0.0,0.0,0.0,0.0,27.02,19.27,0.0,34.94,0.0,100.0,True
CAND_03637,Al23.27Nb14.97Ni40.69V21.07,4,23.27,0.0,0.0,0.0,0.0,0.0,0.0,14.97,40.69,0.0,21.07,0.0,100.0,True
CAND_03638,Fe26.16Mo15.82Nb16.61Ti23.02V8.16W10.23,6,0.0,0.0,0.0,0.0,26.16,0.0,15.82,16.61,0.0,23.02,8.16,10.23,100.0,True
CAND_03639,Al32.75Fe10.14Mn16.22Nb30.36Ti10.53,5,32.75,0.0,0.0,0.0,10.14,16.22,0.0,30.36,0.0,10.53,0.0,0.0,100.0,True
CAND_03640,Cr27.40Mn11.88Mo8.90Nb22.50Ti29.32,5,0.0,0.0,27.4,0.0,0.0,11.88,8.9,22.5,0.0,29.32,0.0,0.0,100.0,True
CAND_03641,Co14.92Ni16.49Ti34.55V34.04,4,0.0,14.92,0.0,0.0,0.0,0.0,0.0,0.0,16.49,34.55,34.04,0.0,100.0,True
CAND_03642,Al17.89Co7.09Cu17.34Fe6.81Mo42.48V8.39,6,17.89,7.09,0.0,17.34,6.81,0.0,42.48,0.0,0.0,0.0,8.39,0.0,100.0,True
CAND_03643,Co11.62Cu9.80Mn16.42Ni24.42V29.76W7.98,6,0.0,11.62,0.0,9.8,0.0,16.42,0.0,0.0,24.42,0.0,29.76,7.98,100.00000000000001,True
CAND_03644,Cr24.42Ni18.09Ti6.87V26.64W23.98,5,0.0,0.0,24.42,0.0,0.0,0.0,0.0,0.0,18.09,6.87,26.64,23.98,100.00000000000001,True
CAND_03645,Al37.41Cr10.95Mn6.99Mo27.03Nb5.28Ti12.34,6,37.41,0.0,10.95,0.0,0.0,6.99,27.03,5.28,0.0,12.34,0.0,0.0,100.0,True
CAND_03646,Al14.95Cu35.85Fe15.93Mn10.45Nb22.82,5,14.95,0.0,0.0,35.85,15.93,10.45,0.0,22.82,0.0,0.0,0.0,0.0,100.0,True
CAND_03647,Al25.77Co9.36Ni30.36Ti34.51,4,25.77,9.36,0.0,0.0,0.0,0.0,0.0,0.0,30.36,34.51,0.0,0.0,100.0,True
CAND_03648,Al29.29Cu25.77Fe28.44Mo16.50,4,29.29,0.0,0.0,25.77,28.44,0.0,16.5,0.0,0.0,0.0,0.0,0.0,100.0,True
CAND_03649,Cu11.39Fe26.85Nb20.57Ni6.97Ti34.22,5,0.0,0.0,0.0,11.39,26.85,0.0,0.0,20.57,6.97,34.22,0.0,0.0,100.0,True
CAND_03650,Al35.70Co8.97Fe37.91Mn10.67Nb6.75,5,35.7,8.97,0.0,0.0,37.91,10.67,0.0,6.75,0.0,0.0,0.0,0.0,100.0,True
CAND_03651,Al12.48Fe10.45Mo16.10Nb28.40V6.26W26.31,6,12.48,0.0,0.0,0.0,10.45,0.0,16.1,28.4,0.0,0.0,6.26,26.31,100.00000000000001,True
CAND_03652,Co10.36Cu22.75Fe7.80Mn13.94V9.84W35.31,6,0.0,10.36,0.0,22.75,7.8,13.94,0.0,0.0,0.0,0.0,9.84,35.31,100.0,True
CAND_03653,Al38.74Cu25.29Fe11.89Nb24.08,4,38.74,0.0,0.0,25.29,11.89,0.0,0.0,24.08,0.0,0.0,0.0,0.0,100.0,True
CAND_03654,Co15.75Cr36.70Mn34.58Ti12.97,4,0.0,15.75,36.7,0.0,0.0,34.58,0.0,0.0,0.0,12.97,0.0,0.0,100.0,True
CAND_03655,Cr20.31Ni26.26V20.59W32.84,4,0.0,0.0,20.31,0.0,0.0,0.0,0.0,0.0,26.26,0.0,20.59,32.84,100.0,True
CAND_03656,Cr35.00Cu9.02Mo17.28Ni22.29W16.41,5,0.0,0.0,35.0,9.02,0.0,0.0,17.28,0.0,22.29,0.0,0.0,16.41,100.0,True
CAND_03657,Cr7.49Fe21.69Ti39.10W31.72,4,0.0,0.0,7.49,0.0,21.69,0.0,0.0,0.0,0.0,39.1,0.0,31.72,100.0,True
CAND_03658,Co8.11Cr19.05Mn33.74Ni39.10,4,0.0,8.11,19.05,0.0,0.0,33.74,0.0,0.0,39.1,0.0,0.0,0.0,100.0,True
CAND_03659,Fe34.85Mo33.01Nb6.18Ti18.04W7.92,5,0.0,0.0,0.0,0.0,34.85,0.0,33.01,6.18,0.0,18.04,0.0,7.92,99.99999999999999,True
CAND_03660,Al11.42Co21.97Cu7.35Nb17.12V13.10W29.04,6,11.42,21.97,0.0,7.35,0.0,0.0,0.0,17.12,0.0,0.0,13.1,29.04,100.0,True
CAND_03661,Al15.86Cu33.94Fe37.66Nb5.24Ti7.30,5,15.86,0.0,0.0,33.94,37.66,0.0,0.0,5.24,0.0,7.3,0.0,0.0,99.99999999999999,True
CAND_03662,Co28.52Cr26.52Cu25.42Fe14.02Nb5.52,5,0.0,28.52,26.52,25.42,14.02,0.0,0.0,5.52,0.0,0.0,0.0,0.0,100.0,True
CAND_03663,Fe14.77Mn32.33Nb16.92Ni9.38Ti11.02W15.58,6,0.0,0.0,0.0,0.0,14.77,32.33,0.0,16.92,9.38,11.02,0.0,15.58,99.99999999999999,True
CAND_03664,Co26.81Cr22.86V8.13W42.20,4,0.0,26.81,22.86,0.0,0.0,0.0,0.0,0.0,0.0,0.0,8.13,42.2,100.0,True
CAND_03665,Al35.94Co8.88Cu22.02Mo13.18Nb12.04Ti7.94,6,35.94,8.88,0.0,22.02,0.0,0.0,13.18,12.04,0.0,7.94,0.0,0.0,100.0,True
CAND_03666,Cr30.06Cu12.60Fe8.56Mo27.14Ni13.90W7.74,6,0.0,0.0,30.06,12.6,8.56,0.0,27.14,0.0,13.9,0.0,0.0,7.74,100.0,True
CAND_03667,Cr34.77Fe15.75Ni22.71Ti20.79V5.98,5,0.0,0.0,34.77,0.0,15.75,0.0,0.0,0.0,22.71,20.79,5.98,0.0,100.00000000000001,True
CAND_03668,Co6.93Cr20.32Cu9.86Fe34.26Ti28.63,5,0.0,6.93,20.32,9.86,34.26,0.0,0.0,0.0,0.0,28.63,0.0,0.0,100.0,True
CAND_03669,Fe44.32Nb15.56V28.19W11.93,4,0.0,0.0,0.0,0.0,44.32,0.0,0.0,15.56,0.0,0.0,28.19,11.93,100.0,True
CAND_03670,Al42.99Co9.44Mo12.78Nb12.92V8.08W13.79,6,42.99,9.44,0.0,0.0,0.0,0.0,12.78,12.92,0.0,0.0,8.08,13.79,100.0,True
CAND_03671,Cu27.02Mn14.05Mo17.12Ni41.81,4,0.0,0.0,0.0,27.02,0.0,14.05,17.12,0.0,41.81,0.0,0.0,0.0,100.0,True
CAND_03672,Cr32.37Mn16.60Ti33.58V17.45,4,0.0,0.0,32.37,0.0,0.0,16.6,0.0,0.0,0.0,33.58,17.45,0.0,100.0,True
CAND_03673,Cr29.09Fe26.10Mo22.39V22.42,4,0.0,0.0,29.09,0.0,26.1,0.0,22.39,0.0,0.0,0.0,22.42,0.0,100.0,True
CAND_03674,Co8.70Cu12.13Fe9.57Mo14.65Ti37.90W17.05,6,0.0,8.7,0.0,12.13,9.57,0.0,14.65,0.0,0.0,37.9,0.0,17.05,99.99999999999999,True
CAND_03675,Co8.44Cu12.13Mn15.19Nb11.27V37.52W15.45,6,0.0,8.44,0.0,12.13,0.0,15.19,0.0,11.27,0.0,0.0,37.52,15.45,100.00000000000001,True
CAND_03676,Fe20.71Ni24.38Ti13.11V41.80,4,0.0,0.0,0.0,0.0,20.71,0.0,0.0,0.0,24.38,13.11,41.8,0.0,100.0,True
CAND_03677,Al11.57Fe18.52Nb20.40Ni27.87Ti7.74V13.90,6,11.57,0.0,0.0,0.0,18.52,0.0,0.0,20.4,27.87,7.74,13.9,0.0,100.0,True
CAND_03678,Al43.29Ni6.76Ti27.82W22.13,4,43.29,0.0,0.0,0.0,0.0,0.0,0.0,0.0,6.76,27.82,0.0,22.13,100.0,True
CAND_03679,Al16.52Cr41.61Cu23.13Fe18.74,4,16.52,0.0,41.61,23.13,18.74,0.0,0.0,0.0,0.0,0.0,0.0,0.0,99.99999999999999,True
CAND_03680,Co29.43Cr35.23Cu12.48Mn11.75Ni11.11,5,0.0,29.43,35.23,12.48,0.0,11.75,0.0,0.0,11.11,0.0,0.0,0.0,100.0,True
CAND_03681,Al17.17Co42.87Cu20.14Ti19.82,4,17.17,42.87,0.0,20.14,0.0,0.0,0.0,0.0,0.0,19.82,0.0,0.0,100.0,True
CAND_03682,Cu6.05Fe9.00Mn38.79Nb18.18Ni20.20W7.78,6,0.0,0.0,0.0,6.05,9.0,38.79,0.0,18.18,20.2,0.0,0.0,7.78,100.00000000000001,True
CAND_03683,Cu8.79Fe24.24Mo9.58V39.80W17.59,5,0.0,0.0,0.0,8.79,24.24,0.0,9.58,0.0,0.0,0.0,39.8,17.59,100.0,True
CAND_03684,Co11.96Cr13.32Mo19.07Ni34.32V13.37W7.96,6,0.0,11.96,13.32,0.0,0.0,0.0,19.07,0.0,34.32,0.0,13.37,7.96,100.0,True
CAND_03685,Cr14.77Mn12.51Nb17.99Ni29.93Ti7.32V17.48,6,0.0,0.0,14.77,0.0,0.0,12.51,0.0,17.99,29.93,7.32,17.48,0.0,99.99999999999999,True
CAND_03686,Al31.14Co16.44Nb23.91Ni11.06W17.45,5,31.14,16.44,0.0,0.0,0.0,0.0,0.0,23.91,11.06,0.0,0.0,17.45,100.0,True
CAND_03687,Al16.00Cu33.30Ni16.87V9.55W24.28,5,16.0,0.0,0.0,33.3,0.0,0.0,0.0,0.0,16.87,0.0,9.55,24.28,100.0,True
CAND_03688,Co11.95Cu23.17Mn38.79Ti26.09,4,0.0,11.95,0.0,23.17,0.0,38.79,0.0,0.0,0.0,26.09,0.0,0.0,100.0,True
CAND_03689,Al24.40Mn37.26Mo17.57W20.77,4,24.4,0.0,0.0,0.0,0.0,37.26,17.57,0.0,0.0,0.0,0.0,20.77,99.99999999999999,True
CAND_03690,Nb16.15Ti41.49V33.18W9.18,4,0.0,0.0,0.0,0.0,0.0,0.0,0.0,16.15,0.0,41.49,33.18,9.18,100.0,True
CAND_03691,Al40.32Cr16.83Cu14.74Fe28.11,4,40.32,0.0,16.83,14.74,28.11,0.0,0.0,0.0,0.0,0.0,0.0,0.0,100.0,True
CAND_03692,Al22.64Cr10.71Cu14.07Mn34.87Nb17.71,5,22.64,0.0,10.71,14.07,0.0,34.87,0.0,17.71,0.0,0.0,0.0,0.0,100.0,True
CAND_03693,Al19.51Co15.06Cr13.79Mn13.71V14.13W23.80,6,19.51,15.06,13.79,0.0,0.0,13.71,0.0,0.0,0.0,0.0,14.13,23.8,100.0,True
CAND_03694,Cu23.94Fe24.00Nb23.94Ti28.12,4,0.0,0.0,0.0,23.94,24.0,0.0,0.0,23.94,0.0,28.12,0.0,0.0,100.0,True
CAND_03695,Fe43.58Mo11.69Ni30.69Ti14.04,4,0.0,0.0,0.0,0.0,43.58,0.0,11.69,0.0,30.69,14.04,0.0,0.0,100.0,True
CAND_03696,Mn17.44Mo18.12Ti20.57V43.87,4,0.0,0.0,0.0,0.0,0.0,17.44,18.12,0.0,0.0,20.57,43.87,0.0,100.0,True
CAND_03697,Co7.11Cu5.71Nb29.04Ni34.17Ti23.97,5,0.0,7.11,0.0,5.71,0.0,0.0,0.0,29.04,34.17,23.97,0.0,0.0,100.0,True
CAND_03698,Al5.02Cr9.61Mn22.41Mo6.18Ti23.22W33.56,6,5.02,0.0,9.61,0.0,0.0,22.41,6.18,0.0,0.0,23.22,0.0,33.56,100.0,True
CAND_03699,Co10.16Mo25.98Ni42.23V21.63,4,0.0,10.16,0.0,0.0,0.0,0.0,25.98,0.0,42.23,0.0,21.63,0.0,100.0,True
CAND_03700,Al17.36Cr15.95Fe8.84Mn30.88Ti26.97,5,17.36,0.0,15.95,0.0,8.84,30.88,0.0,0.0,0.0,26.97,0.0,0.0,100.0,True
CAND_03701,Al32.72Co13.72Cr23.72Fe17.03Mo12.81,5,32.72,13.72,23.72,0.0,17.03,0.0,12.81,0.0,0.0,0.0,0.0,0.0,100.0,True
CAND_03702,Co26.48Mo11.19Ti18.16V27.66W16.51,5,0.0,26.48,0.0,0.0,0.0,0.0,11.19,0.0,0.0,18.16,27.66,16.51,100.0,True
CAND_03703,Al26.97Cr43.29Mn16.49W13.25,4,26.97,0.0,43.29,0.0,0.0,16.49,0.0,0.0,0.0,0.0,0.0,13.25,99.99999999999999,True
CAND_03704,Al21.81Cu39.30Ni19.20V14.21W5.48,5,21.81,0.0,0.0,39.3,0.0,0.0,0.0,0.0,19.2,0.0,14.21,5.48,100.00000000000001,True
CAND_03705,Cr19.60Cu12.31Fe15.82Mo32.98V19.29,5,0.0,0.0,19.6,12.31,15.82,0.0,32.98,0.0,0.0,0.0,19.29,0.0,100.0,True
CAND_03706,Co14.90Cu20.45Mo6.09Nb9.12Ti34.35V15.09,6,0.0,14.9,0.0,20.45,0.0,0.0,6.09,9.12,0.0,34.35,15.09,0.0,100.0,True
CAND_03707,Co6.84Mo16.99Nb42.22V9.78W24.17,5,0.0,6.84,0.0,0.0,0.0,0.0,16.99,42.22,0.0,0.0,9.78,24.17,100.0,True
CAND_03708,Cu38.06Fe7.65Mo25.54Ni11.00V7.88W9.87,6,0.0,0.0,0.0,38.06,7.65,0.0,25.54,0.0,11.0,0.0,7.88,9.87,100.0,True
CAND_03709,Al21.44Fe24.01Ti39.42V15.13,4,21.44,0.0,0.0,0.0,24.01,0.0,0.0,0.0,0.0,39.42,15.13,0.0,100.0,True
CAND_03710,Co12.13Nb28.32Ti44.80W14.75,4,0.0,12.13,0.0,0.0,0.0,0.0,0.0,28.32,0.0,44.8,0.0,14.75,100.0,True
CAND_03711,Al12.74Co21.43Ti32.74W33.09,4,12.74,21.43,0.0,0.0,0.0,0.0,0.0,0.0,0.0,32.74,0.0,33.09,100.0,True
CAND_03712,Cr38.37Mo10.86Ti26.86W23.91,4,0.0,0.0,38.37,0.0,0.0,0.0,10.86,0.0,0.0,26.86,0.0,23.91,100.0,True
CAND_03713,Cr27.61Cu17.89Mn7.03Nb12.61V19.03W15.83,6,0.0,0.0,27.61,17.89,0.0,7.03,0.0,12.61,0.0,0.0,19.03,15.83,100.0,True
CAND_03714,Al11.73Fe27.80Nb15.38Ti13.56V25.21W6.32,6,11.73,0.0,0.0,0.0,27.8,0.0,0.0,15.38,0.0,13.56,25.21,6.32,100.0,True
CAND_03715,Al16.92Co39.01Cr21.03Mo23.04,4,16.92,39.01,21.03,0.0,0.0,0.0,23.04,0.0,0.0,0.0,0.0,0.0,100.0,True
CAND_03716,Cr15.85Cu8.33Mn17.33Mo16.19Ni16.64W25.66,6,0.0,0.0,15.85,8.33,0.0,17.33,16.19,0.0,16.64,0.0,0.0,25.66,100.0,True
CAND_03717,Cr33.60Cu11.25Ni14.53V40.62,4,0.0,0.0,33.6,11.25,0.0,0.0,0.0,0.0,14.53,0.0,40.62,0.0,100.0,True
CAND_03718,Al7.37Fe41.52Nb26.80Ti24.31,4,7.37,0.0,0.0,0.0,41.52,0.0,0.0,26.8,0.0,24.31,0.0,0.0,100.0,True
CAND_03719,Al44.21Nb22.54Ni19.20W14.05,4,44.21,0.0,0.0,0.0,0.0,0.0,0.0,22.54,19.2,0.0,0.0,14.05,100.0,True
CAND_03720,Al22.09Co11.98Nb16.37Ni23.56Ti19.76V6.24,6,22.09,11.98,0.0,0.0,0.0,0.0,0.0,16.37,23.56,19.76,6.24,0.0,100.0,True
CAND_03721,Al30.46Nb13.31Ni20.04V16.38W19.81,5,30.46,0.0,0.0,0.0,0.0,0.0,0.0,13.31,20.04,0.0,16.38,19.81,100.0,True
CAND_03722,Co32.34Mn20.88Ni12.78W34.00,4,0.0,32.34,0.0,0.0,0.0,20.88,0.0,0.0,12.78,0.0,0.0,34.0,100.0,True
CAND_03723,Fe18.29Ni29.62Ti11.67V20.15W20.27,5,0.0,0.0,0.0,0.0,18.29,0.0,0.0,0.0,29.62,11.67,20.15,20.27,99.99999999999999,True
CAND_03724,Al6.58Fe17.90Mn38.00Ti20.30W17.22,5,6.58,0.0,0.0,0.0,17.9,38.0,0.0,0.0,0.0,20.3,0.0,17.22,100.0,True
CAND_03725,Mn22.35Mo7.40Ni26.89Ti43.36,4,0.0,0.0,0.0,0.0,0.0,22.35,7.4,0.0,26.89,43.36,0.0,0.0,100.0,True
CAND_03726,Co27.39Mn7.97Ni33.79Ti30.85,4,0.0,27.39,0.0,0.0,0.0,7.97,0.0,0.0,33.79,30.85,0.0,0.0,100.0,True
CAND_03727,Cr14.81Cu14.60Fe27.07Mo15.19Ni28.33,5,0.0,0.0,14.81,14.6,27.07,0.0,15.19,0.0,28.33,0.0,0.0,0.0,100.0,True
CAND_03728,Al19.81Co38.14Fe16.67Mn25.38,4,19.81,38.14,0.0,0.0,16.67,25.38,0.0,0.0,0.0,0.0,0.0,0.0,100.0,True
CAND_03729,Al35.11Co20.65Mo29.69Ni14.55,4,35.11,20.65,0.0,0.0,0.0,0.0,29.69,0.0,14.55,0.0,0.0,0.0,100.0,True
CAND_03730,Al11.62Mo15.96Nb12.61Ni20.33V39.48,5,11.62,0.0,0.0,0.0,0.0,0.0,15.96,12.61,20.33,0.0,39.48,0.0,100.0,True
CAND_03731,Cr17.07Cu7.76Fe23.98Nb17.38W33.81,5,0.0,0.0,17.07,7.76,23.98,0.0,0.0,17.38,0.0,0.0,0.0,33.81,100.0,True
CAND_03732,Co44.75Cr19.40Fe16.39Ti9.34W10.12,5,0.0,44.75,19.4,0.0,16.39,0.0,0.0,0.0,0.0,9.34,0.0,10.12,100.00000000000001,True
CAND_03733,Fe14.59Mn22.41Mo21.37Ni33.68W7.95,5,0.0,0.0,0.0,0.0,14.59,22.41,21.37,0.0,33.68,0.0,0.0,7.95,100.00000000000001,True
CAND_03734,Cu15.90Fe22.28Mo34.86Ti18.52V8.44,5,0.0,0.0,0.0,15.9,22.28,0.0,34.86,0.0,0.0,18.52,8.44,0.0,99.99999999999999,True
CAND_03735,Co15.30Cr10.63Mn17.55Nb32.05Ni8.11Ti16.36,6,0.0,15.3,10.63,0.0,0.0,17.55,0.0,32.05,8.11,16.36,0.0,0.0,100.0,True
CAND_03736,Co24.57Cr11.71Cu13.89Nb13.22V15.08W21.53,6,0.0,24.57,11.71,13.89,0.0,0.0,0.0,13.22,0.0,0.0,15.08,21.53,100.0,True
CAND_03737,Al16.89Mn34.46Nb35.25W13.40,4,16.89,0.0,0.0,0.0,0.0,34.46,0.0,35.25,0.0,0.0,0.0,13.4,100.0,True
CAND_03738,Cu27.48Mn14.08Mo17.69Ti18.56W22.19,5,0.0,0.0,0.0,27.48,0.0,14.08,17.69,0.0,0.0,18.56,0.0,22.19,100.0,True
CAND_03739,Al13.26Co5.67Cu25.09Ni11.92V31.94W12.12,6,13.26,5.67,0.0,25.09,0.0,0.0,0.0,0.0,11.92,0.0,31.94,12.12,100.0,True
CAND_03740,Cu10.20Nb37.82Ni38.81Ti13.17,4,0.0,0.0,0.0,10.2,0.0,0.0,0.0,37.82,38.81,13.17,0.0,0.0,100.0,True
CAND_03741,Al8.70Mo29.47Ni5.13Ti33.77V15.24W7.69,6,8.7,0.0,0.0,0.0,0.0,0.0,29.47,0.0,5.13,33.77,15.24,7.69,100.0,True
CAND_03742,Al6.90Cu13.59Fe15.39Mo31.25Nb22.41Ti10.46,6,6.9,0.0,0.0,13.59,15.39,0.0,31.25,22.41,0.0,10.46,0.0,0.0,100.0,True
CAND_03743,Al27.62Co14.38Fe21.18Mn25.19Ti11.63,5,27.62,14.38,0.0,0.0,21.18,25.19,0.0,0.0,0.0,11.63,0.0,0.0,100.0,True
CAND_03744,Al7.93Co10.22Cu24.62Fe22.10Ni6.89W28.24,6,7.93,10.22,0.0,24.62,22.1,0.0,0.0,0.0,6.89,0.0,0.0,28.24,100.0,True
CAND_03745,Co12.68Cr22.37Mn11.18Mo8.81Nb44.96,5,0.0,12.68,22.37,0.0,0.0,11.18,8.81,44.96,0.0,0.0,0.0,0.0,100.0,True
CAND_03746,Al23.94Cr42.97Nb13.99Ti19.10,4,23.94,0.0,42.97,0.0,0.0,0.0,0.0,13.99,0.0,19.1,0.0,0.0,100.0,True
CAND_03747,Al19.28Cr16.13Nb12.94Ti22.97V13.32W15.36,6,19.28,0.0,16.13,0.0,0.0,0.0,0.0,12.94,0.0,22.97,13.32,15.36,99.99999999999999,True
CAND_03748,Fe24.68Mo34.76Nb18.32Ni11.27W10.97,5,0.0,0.0,0.0,0.0,24.68,0.0,34.76,18.32,11.27,0.0,0.0,10.97,99.99999999999999,True
CAND_03749,Co14.14Cr17.52Cu11.03Mn22.24Mo7.07Ti28.00,6,0.0,14.14,17.52,11.03,0.0,22.24,7.07,0.0,0.0,28.0,0.0,0.0,100.0,True
CAND_03750,Al29.26Cr15.57Mn34.93Nb5.72V5.52W9.00,6,29.26,0.0,15.57,0.0,0.0,34.93,0.0,5.72,0.0,0.0,5.52,9.0,99.99999999999999,True
CAND_03751,Co21.16Mo14.88Ni9.34Ti22.81V8.55W23.26,6,0.0,21.16,0.0,0.0,0.0,0.0,14.88,0.0,9.34,22.81,8.55,23.26,100.0,True
CAND_03752,Co11.21Mn5.24Nb16.50Ni41.78Ti17.29W7.98,6,0.0,11.21,0.0,0.0,0.0,5.24,0.0,16.5,41.78,17.29,0.0,7.98,100.00000000000001,True
CAND_03753,Mn23.97Nb17.71Ni16.53W41.79,4,0.0,0.0,0.0,0.0,0.0,23.97,0.0,17.71,16.53,0.0,0.0,41.79,100.0,True
CAND_03754,Fe10.42Mo18.68Nb31.58Ti16.18W23.14,5,0.0,0.0,0.0,0.0,10.42,0.0,18.68,31.58,0.0,16.18,0.0,23.14,100.0,True
CAND_03755,Fe31.01Mn14.42Mo16.86Nb23.38V7.18W7.15,6,0.0,0.0,0.0,0.0,31.01,14.42,16.86,23.38,0.0,0.0,7.18,7.15,100.0,True
CAND_03756,Al11.86Co25.58Mn6.88Nb29.28Ni12.56W13.84,6,11.86,25.58,0.0,0.0,0.0,6.88,0.0,29.28,12.56,0.0,0.0,13.84,100.0,True
CAND_03757,Co31.70Cr17.76Ni38.15Ti12.39,4,0.0,31.7,17.76,0.0,0.0,0.0,0.0,0.0,38.15,12.39,0.0,0.0,100.0,True
CAND_03758,Cr13.34Cu29.32Fe20.89Mn10.86Ni16.19Ti9.40,6,0.0,0.0,13.34,29.32,20.89,10.86,0.0,0.0,16.19,9.4,0.0,0.0,100.0,True
CAND_03759,Mo13.00Nb33.76Ni26.98V26.26,4,0.0,0.0,0.0,0.0,0.0,0.0,13.0,33.76,26.98,0.0,26.26,0.0,100.0,True
CAND_03760,Cr23.25Cu12.80Mn30.96Ni10.34V22.65,5,0.0,0.0,23.25,12.8,0.0,30.96,0.0,0.0,10.34,0.0,22.65,0.0,100.0,True
CAND_03761,Cr34.46Cu22.48Mn15.45Nb16.56V11.05,5,0.0,0.0,34.46,22.48,0.0,15.45,0.0,16.56,0.0,0.0,11.05,0.0,100.0,True
CAND_03762,Cr14.71Cu14.66Mn29.47Mo29.82W11.34,5,0.0,0.0,14.71,14.66,0.0,29.47,29.82,0.0,0.0,0.0,0.0,11.34,100.0,True
CAND_03763,Al10.99Co31.73Cu24.35Ti32.93,4,10.99,31.73,0.0,24.35,0.0,0.0,0.0,0.0,0.0,32.93,0.0,0.0,100.0,True
CAND_03764,Cu14.39Fe11.11Mn21.22Nb20.66Ni21.78W10.84,6,0.0,0.0,0.0,14.39,11.11,21.22,0.0,20.66,21.78,0.0,0.0,10.84,100.0,True
CAND_03765,Ni30.96Ti15.17V41.02W12.85,4,0.0,0.0,0.0,0.0,0.0,0.0,0.0,0.0,30.96,15.17,41.02,12.85,100.0,True
CAND_03766,Cu12.27Mo34.54Nb27.71Ni7.92Ti17.56,5,0.0,0.0,0.0,12.27,0.0,0.0,34.54,27.71,7.92,17.56,0.0,0.0,100.00000000000001,True
CAND_03767,Co11.00Fe25.74Mn13.64Ti38.16W11.46,5,0.0,11.0,0.0,0.0,25.74,13.64,0.0,0.0,0.0,38.16,0.0,11.46,100.0,True
CAND_03768,Co17.04Cu32.20Ni22.26V28.50,4,0.0,17.04,0.0,32.2,0.0,0.0,0.0,0.0,22.26,0.0,28.5,0.0,100.0,True
CAND_03769,Al29.96Mn25.21Mo23.64V10.70W10.49,5,29.96,0.0,0.0,0.0,0.0,25.21,23.64,0.0,0.0,0.0,10.7,10.49,100.0,True
CAND_03770,Fe35.88Mo37.03Nb9.40W17.69,4,0.0,0.0,0.0,0.0,35.88,0.0,37.03,9.4,0.0,0.0,0.0,17.69,100.0,True
CAND_03771,Al28.49Cu10.56Mo16.91Nb36.64V7.40,5,28.49,0.0,0.0,10.56,0.0,0.0,16.91,36.64,0.0,0.0,7.4,0.0,100.0,True
CAND_03772,Mn25.20Mo12.05Ni42.82V19.93,4,0.0,0.0,0.0,0.0,0.0,25.2,12.05,0.0,42.82,0.0,19.93,0.0,100.0,True
CAND_03773,Co11.02Fe26.06Mn23.25Ni5.70V20.98W12.99,6,0.0,11.02,0.0,0.0,26.06,23.25,0.0,0.0,5.7,0.0,20.98,12.99,100.0,True
CAND_03774,Fe26.15Mn13.55Nb13.37Ni33.12Ti5.44V8.37,6,0.0,0.0,0.0,0.0,26.15,13.55,0.0,13.37,33.12,5.44,8.37,0.0,100.0,True
CAND_03775,Al14.21Cr43.51Mn14.27W28.01,4,14.21,0.0,43.51,0.0,0.0,14.27,0.0,0.0,0.0,0.0,0.0,28.01,100.0,True
CAND_03776,Cr13.69Fe9.86Mo21.31Nb42.39Ti12.75,5,0.0,0.0,13.69,0.0,9.86,0.0,21.31,42.39,0.0,12.75,0.0,0.0,100.0,True
CAND_03777,Cr5.63Fe38.96Mo6.82Ni35.75V6.74W6.10,6,0.0,0.0,5.63,0.0,38.96,0.0,6.82,0.0,35.75,0.0,6.74,6.1,99.99999999999999,True
CAND_03778,Al41.92Fe16.80Mo7.00Nb12.60V21.68,5,41.92,0.0,0.0,0.0,16.8,0.0,7.0,12.6,0.0,0.0,21.68,0.0,100.0,True
CAND_03779,Cr24.28Cu22.42Fe21.89Mo7.75Ni23.66,5,0.0,0.0,24.28,22.42,21.89,0.0,7.75,0.0,23.66,0.0,0.0,0.0,100.0,True
CAND_03780,Fe29.05Mn25.51Ni19.65Ti16.99W8.80,5,0.0,0.0,0.0,0.0,29.05,25.51,0.0,0.0,19.65,16.99,0.0,8.8,100.0,True
CAND_03781,Al20.16Fe11.38Mn18.76Mo10.72Ti32.61V6.37,6,20.16,0.0,0.0,0.0,11.38,18.76,10.72,0.0,0.0,32.61,6.37,0.0,100.0,True
CAND_03782,Fe38.31Mo13.43Ni22.82Ti18.25W7.19,5,0.0,0.0,0.0,0.0,38.31,0.0,13.43,0.0,22.82,18.25,0.0,7.19,100.0,True
CAND_03783,Cr16.92Cu19.39Mn12.81Nb15.53Ti16.80V18.55,6,0.0,0.0,16.92,19.39,0.0,12.81,0.0,15.53,0.0,16.8,18.55,0.0,100.0,True
CAND_03784,Al21.19Co17.64Fe28.20Mn32.97,4,21.19,17.64,0.0,0.0,28.2,32.97,0.0,0.0,0.0,0.0,0.0,0.0,100.0,True
CAND_03785,Al19.48Co28.30Cr19.09Ni12.90V20.23,5,19.48,28.3,19.09,0.0,0.0,0.0,0.0,0.0,12.9,0.0,20.23,0.0,100.00000000000001,True
CAND_03786,Al37.47Co15.80Ni25.93W20.80,4,37.47,15.8,0.0,0.0,0.0,0.0,0.0,0.0,25.93,0.0,0.0,20.8,99.99999999999999,True
CAND_03787,Al31.13Fe14.61Mn31.91V22.35,4,31.13,0.0,0.0,0.0,14.61,31.91,0.0,0.0,0.0,0.0,22.35,0.0,100.0,True
CAND_03788,Al36.87Cu21.23Mn24.21Ti7.29W10.40,5,36.87,0.0,0.0,21.23,0.0,24.21,0.0,0.0,0.0,7.29,0.0,10.4,100.00000000000001,True
CAND_03789,Cu11.25Fe42.29Mn19.39Ni14.76V12.31,5,0.0,0.0,0.0,11.25,42.29,19.39,0.0,0.0,14.76,0.0,12.31,0.0,100.00000000000001,True
CAND_03790,Cu28.75Fe36.37Nb9.70W25.18,4,0.0,0.0,0.0,28.75,36.37,0.0,0.0,9.7,0.0,0.0,0.0,25.18,100.0,True
CAND_03791,Al44.88Co19.31Cu27.15Ni8.66,4,44.88,19.31,0.0,27.15,0.0,0.0,0.0,0.0,8.66,0.0,0.0,0.0,100.0,True
CAND_03792,Al10.22Cu17.59Nb23.95Ni16.84Ti7.30V24.10,6,10.22,0.0,0.0,17.59,0.0,0.0,0.0,23.95,16.84,7.3,24.1,0.0,100.0,True
CAND_03793,Cr21.17Fe11.55Mn11.03Mo15.79Nb21.07Ti19.39,6,0.0,0.0,21.17,0.0,11.55,11.03,15.79,21.07,0.0,19.39,0.0,0.0,100.0,True
CAND_03794,Al21.49Cr20.84Fe8.04Mn9.99Nb29.51W10.13,6,21.49,0.0,20.84,0.0,8.04,9.99,0.0,29.51,0.0,0.0,0.0,10.13,100.0,True
CAND_03795,Cr23.14Fe24.02Mn32.67Ti20.17,4,0.0,0.0,23.14,0.0,24.02,32.67,0.0,0.0,0.0,20.17,0.0,0.0,100.0,True
CAND_03796,Al35.50Fe24.95Mo12.06V21.98W5.51,5,35.5,0.0,0.0,0.0,24.95,0.0,12.06,0.0,0.0,0.0,21.98,5.51,100.00000000000001,True
CAND_03797,Cr12.37Cu10.69Nb15.04Ti25.54V17.67W18.69,6,0.0,0.0,12.37,10.69,0.0,0.0,0.0,15.04,0.0,25.54,17.67,18.69,100.0,True
CAND_03798,Co21.52Cr5.80Cu10.41Fe39.27Mo7.81W15.19,6,0.0,21.52,5.8,10.41,39.27,0.0,7.81,0.0,0.0,0.0,0.0,15.19,100.0,True
CAND_03799,Cr35.24Cu21.34Ni21.72Ti7.90W13.80,5,0.0,0.0,35.24,21.34,0.0,0.0,0.0,0.0,21.72,7.9,0.0,13.8,100.0,True
CAND_03800,Fe18.04Mn35.59Mo14.58Ni16.06V15.73,5,0.0,0.0,0.0,0.0,18.04,35.59,14.58,0.0,16.06,0.0,15.73,0.0,100.00000000000001,True
CAND_03801,Al22.10Mn24.79Mo25.01Nb13.94Ni14.16,5,22.1,0.0,0.0,0.0,0.0,24.79,25.01,13.94,14.16,0.0,0.0,0.0,100.0,True
CAND_03802,Al15.89Co11.14Cr14.42Ni44.05Ti14.50,5,15.89,11.14,14.42,0.0,0.0,0.0,0.0,0.0,44.05,14.5,0.0,0.0,100.0,True
CAND_03803,Al6.18Cu13.45Fe39.81Ni24.51W16.05,5,6.18,0.0,0.0,13.45,39.81,0.0,0.0,0.0,24.51,0.0,0.0,16.05,100.0,True
CAND_03804,Al11.39Co14.36Cu26.84Mn9.65Mo31.18W6.58,6,11.39,14.36,0.0,26.84,0.0,9.65,31.18,0.0,0.0,0.0,0.0,6.58,100.0,True
CAND_03805,Al9.36Co41.76Mn9.01Mo20.95W18.92,5,9.36,41.76,0.0,0.0,0.0,9.01,20.95,0.0,0.0,0.0,0.0,18.92,100.0,True
CAND_03806,Co17.99Mn36.93Ni20.53Ti10.38V14.17,5,0.0,17.99,0.0,0.0,0.0,36.93,0.0,0.0,20.53,10.38,14.17,0.0,100.0,True
CAND_03807,Al25.02Cr20.32Fe13.53Nb29.42V11.71,5,25.02,0.0,20.32,0.0,13.53,0.0,0.0,29.42,0.0,0.0,11.71,0.0,100.0,True
CAND_03808,Al7.39Mn10.05Ti37.65W44.91,4,7.39,0.0,0.0,0.0,0.0,10.05,0.0,0.0,0.0,37.65,0.0,44.91,100.0,True
CAND_03809,Co29.17Cu32.79Ti8.06V22.68W7.30,5,0.0,29.17,0.0,32.79,0.0,0.0,0.0,0.0,0.0,8.06,22.68,7.3,99.99999999999999,True
CAND_03810,Co22.83Mn29.63Ni41.94Ti5.60,4,0.0,22.83,0.0,0.0,0.0,29.63,0.0,0.0,41.94,5.6,0.0,0.0,99.99999999999999,True
CAND_03811,Al28.50Cr21.58Fe23.78Nb7.45Ti5.48W13.21,6,28.5,0.0,21.58,0.0,23.78,0.0,0.0,7.45,0.0,5.48,0.0,13.21,100.0,True
CAND_03812,Al31.73Cr32.00Fe11.90Ni14.42W9.95,5,31.73,0.0,32.0,0.0,11.9,0.0,0.0,0.0,14.42,0.0,0.0,9.95,100.00000000000001,True
CAND_03813,Co25.91Cu35.13Fe13.28Mo9.77W15.91,5,0.0,25.91,0.0,35.13,13.28,0.0,9.77,0.0,0.0,0.0,0.0,15.91,100.0,True
CAND_03814,Al21.19Cr8.92Nb40.69V9.01W20.19,5,21.19,0.0,8.92,0.0,0.0,0.0,0.0,40.69,0.0,0.0,9.01,20.19,100.0,True
CAND_03815,Cr13.05Mo7.88Ni44.81Ti28.63W5.63,5,0.0,0.0,13.05,0.0,0.0,0.0,7.88,0.0,44.81,28.63,0.0,5.63,100.0,True
CAND_03816,Cr25.90Fe20.83Mn28.94Mo8.50Ni15.83,5,0.0,0.0,25.9,0.0,20.83,28.94,8.5,0.0,15.83,0.0,0.0,0.0,100.0,True
CAND_03817,Mn13.03Nb7.67Ni32.70Ti32.69V8.46W5.45,6,0.0,0.0,0.0,0.0,0.0,13.03,0.0,7.67,32.7,32.69,8.46,5.45,100.00000000000001,True
CAND_03818,Cr24.46Cu12.87Mn33.17Ti29.50,4,0.0,0.0,24.46,12.87,0.0,33.17,0.0,0.0,0.0,29.5,0.0,0.0,100.0,True
CAND_03819,Al18.24Cu42.82Ni9.87Ti19.14W9.93,5,18.24,0.0,0.0,42.82,0.0,0.0,0.0,0.0,9.87,19.14,0.0,9.93,100.0,True
CAND_03820,Co21.59Cr16.13Mo25.59Nb6.65V30.04,5,0.0,21.59,16.13,0.0,0.0,0.0,25.59,6.65,0.0,0.0,30.04,0.0,100.0,True
CAND_03821,Cu30.57Fe17.83Mo8.44Ni13.67Ti29.49,5,0.0,0.0,0.0,30.57,17.83,0.0,8.44,0.0,13.67,29.49,0.0,0.0,99.99999999999999,True
CAND_03822,Co27.10Cr13.97Cu16.42Fe34.41Mo8.10,5,0.0,27.1,13.97,16.42,34.41,0.0,8.1,0.0,0.0,0.0,0.0,0.0,100.0,True
CAND_03823,Al11.73Co34.56Cr16.44Cu10.15Nb12.18V14.94,6,11.73,34.56,16.44,10.15,0.0,0.0,0.0,12.18,0.0,0.0,14.94,0.0,100.0,True
CAND_03824,Cr23.67Fe29.90Mo20.33Nb10.32Ti15.78,5,0.0,0.0,23.67,0.0,29.9,0.0,20.33,10.32,0.0,15.78,0.0,0.0,100.0,True
CAND_03825,Al39.78Co8.12Cu7.01Fe37.59Nb7.50,5,39.78,8.12,0.0,7.01,37.59,0.0,0.0,7.5,0.0,0.0,0.0,0.0,100.0,True
CAND_03826,Co25.16Cr7.94Cu20.31Fe14.72Ni26.57W5.30,6,0.0,25.16,7.94,20.31,14.72,0.0,0.0,0.0,26.57,0.0,0.0,5.3,99.99999999999999,True
CAND_03827,Co42.28Cr6.35Cu24.40Mo15.02W11.95,5,0.0,42.28,6.35,24.4,0.0,0.0,15.02,0.0,0.0,0.0,0.0,11.95,100.0,True
CAND_03828,Al37.95Cu16.04Fe8.45Ti37.56,4,37.95,0.0,0.0,16.04,8.45,0.0,0.0,0.0,0.0,37.56,0.0,0.0,100.0,True
CAND_03829,Al18.99Cr14.65Fe36.78Nb19.50Ni10.08,5,18.99,0.0,14.65,0.0,36.78,0.0,0.0,19.5,10.08,0.0,0.0,0.0,100.0,True
CAND_03830,Co31.20Cu17.31Mo11.69Nb26.53Ti13.27,5,0.0,31.2,0.0,17.31,0.0,0.0,11.69,26.53,0.0,13.27,0.0,0.0,99.99999999999999,True
CAND_03831,Fe22.32Mn20.06Nb17.13Ti40.49,4,0.0,0.0,0.0,0.0,22.32,20.06,0.0,17.13,0.0,40.49,0.0,0.0,100.0,True
CAND_03832,Cr25.03Ti30.33V19.62W25.02,4,0.0,0.0,25.03,0.0,0.0,0.0,0.0,0.0,0.0,30.33,19.62,25.02,100.0,True
CAND_03833,Co11.44Fe22.87Mo38.24Ti27.45,4,0.0,11.44,0.0,0.0,22.87,0.0,38.24,0.0,0.0,27.45,0.0,0.0,100.00000000000001,True
CAND_03834,Al9.94Co23.40Cr18.85Cu26.41Mn14.12W7.28,6,9.94,23.4,18.85,26.41,0.0,14.12,0.0,0.0,0.0,0.0,0.0,7.28,100.0,True
CAND_03835,Al25.94Cu18.85Fe27.25Ni20.08V7.88,5,25.94,0.0,0.0,18.85,27.25,0.0,0.0,0.0,20.08,0.0,7.88,0.0,100.0,True
CAND_03836,Al20.07Co21.86Mn13.28Ni16.79W28.00,5,20.07,21.86,0.0,0.0,0.0,13.28,0.0,0.0,16.79,0.0,0.0,28.0,100.0,True
CAND_03837,Cr11.03Fe41.59Mo15.59Ti31.79,4,0.0,0.0,11.03,0.0,41.59,0.0,15.59,0.0,0.0,31.79,0.0,0.0,100.0,True
CAND_03838,Al24.72Cr21.90Cu8.42Fe29.64Ni15.32,5,24.72,0.0,21.9,8.42,29.64,0.0,0.0,0.0,15.32,0.0,0.0,0.0,100.0,True
CAND_03839,Al17.57Cr18.24Fe11.97Nb27.65V24.57,5,17.57,0.0,18.24,0.0,11.97,0.0,0.0,27.65,0.0,0.0,24.57,0.0,100.0,True
CAND_03840,Al31.52Cr13.43Fe10.95V23.19W20.91,5,31.52,0.0,13.43,0.0,10.95,0.0,0.0,0.0,0.0,0.0,23.19,20.91,100.0,True
CAND_03841,Fe29.15Mo27.12Ni16.36Ti7.49V19.88,5,0.0,0.0,0.0,0.0,29.15,0.0,27.12,0.0,16.36,7.49,19.88,0.0,99.99999999999999,True
CAND_03842,Cu16.87Fe24.21Ni24.78Ti13.91W20.23,5,0.0,0.0,0.0,16.87,24.21,0.0,0.0,0.0,24.78,13.91,0.0,20.23,100.0,True
CAND_03843,Co10.38Cr19.37Fe18.45Mn12.34Ni14.32V25.14,6,0.0,10.38,19.37,0.0,18.45,12.34,0.0,0.0,14.32,0.0,25.14,0.0,100.00000000000001,True
CAND_03844,Co28.76Cu26.19Mo6.94V38.11,4,0.0,28.76,0.0,26.19,0.0,0.0,6.94,0.0,0.0,0.0,38.11,0.0,100.0,True
CAND_03845,Cr5.35Fe36.49Mn15.06Mo6.48V36.62,5,0.0,0.0,5.35,0.0,36.49,15.06,6.48,0.0,0.0,0.0,36.62,0.0,100.0,True
CAND_03846,Al37.22Co25.01Cr8.57Fe5.28Nb23.92,5,37.22,25.01,8.57,0.0,5.28,0.0,0.0,23.92,0.0,0.0,0.0,0.0,100.00000000000001,True
CAND_03847,Al14.11Co15.39Cu43.64Mn6.46Nb6.90Ni13.50,6,14.11,15.39,0.0,43.64,0.0,6.46,0.0,6.9,13.5,0.0,0.0,0.0,100.0,True
CAND_03848,Co29.47Cr25.41Nb9.16V15.35W20.61,5,0.0,29.47,25.41,0.0,0.0,0.0,0.0,9.16,0.0,0.0,15.35,20.61,99.99999999999999,True
CAND_03849,Al18.14Cr28.23Cu14.37Fe11.18W28.08,5,18.14,0.0,28.23,14.37,11.18,0.0,0.0,0.0,0.0,0.0,0.0,28.08,100.0,True
CAND_03850,Al28.64Co10.08Cr8.43Fe13.90Nb38.95,5,28.64,10.08,8.43,0.0,13.9,0.0,0.0,38.95,0.0,0.0,0.0,0.0,100.0,True
CAND_03851,Al32.66Fe24.18Nb30.93Ti12.23,4,32.66,0.0,0.0,0.0,24.18,0.0,0.0,30.93,0.0,12.23,0.0,0.0,100.0,True
CAND_03852,Co20.24Mn15.35Mo9.84Ni11.34W43.23,5,0.0,20.24,0.0,0.0,0.0,15.35,9.84,0.0,11.34,0.0,0.0,43.23,100.0,True
CAND_03853,Co15.39Cu21.22Fe34.02Ni29.37,4,0.0,15.39,0.0,21.22,34.02,0.0,0.0,0.0,29.37,0.0,0.0,0.0,100.0,True
CAND_03854,Al24.29Fe10.60Mn5.09Nb9.80V38.71W11.51,6,24.29,0.0,0.0,0.0,10.6,5.09,0.0,9.8,0.0,0.0,38.71,11.51,100.00000000000001,True
CAND_03855,Al28.64Cr22.15Mn19.68Mo12.18Nb17.35,5,28.64,0.0,22.15,0.0,0.0,19.68,12.18,17.35,0.0,0.0,0.0,0.0,100.0,True
CAND_03856,Co11.24Cr30.36Fe10.80Mo25.61Nb11.22V10.77,6,0.0,11.24,30.36,0.0,10.8,0.0,25.61,11.22,0.0,0.0,10.77,0.0,100.0,True
CAND_03857,Al18.41Cu11.04Mn5.46Mo14.46Ti12.93W37.70,6,18.41,0.0,0.0,11.04,0.0,5.46,14.46,0.0,0.0,12.93,0.0,37.7,100.0,True
CAND_03858,Al23.83Co11.81Cr30.81Ti33.55,4,23.83,11.81,30.81,0.0,0.0,0.0,0.0,0.0,0.0,33.55,0.0,0.0,100.0,True
CAND_03859,Al9.84Co6.10Cu15.77Ni14.37Ti43.86V10.06,6,9.84,6.1,0.0,15.77,0.0,0.0,0.0,0.0,14.37,43.86,10.06,0.0,100.0,True
CAND_03860,Al22.49Mo13.17Nb28.12Ti15.17V21.05,5,22.49,0.0,0.0,0.0,0.0,0.0,13.17,28.12,0.0,15.17,21.05,0.0,100.0,True
CAND_03861,Al6.37Mn13.76Mo21.00Ni30.69W28.18,5,6.37,0.0,0.0,0.0,0.0,13.76,21.0,0.0,30.69,0.0,0.0,28.18,100.0,True
CAND_03862,Al9.05Cr26.54Fe21.82Mn5.66Nb14.11Ti22.82,6,9.05,0.0,26.54,0.0,21.82,5.66,0.0,14.11,0.0,22.82,0.0,0.0,100.0,True
CAND_03863,Al5.28Mn13.02Nb11.27Ni11.17V19.18W40.08,6,5.28,0.0,0.0,0.0,0.0,13.02,0.0,11.27,11.17,0.0,19.18,40.08,100.0,True
CAND_03864,Al21.28Mn15.77Mo24.04Nb20.72V18.19,5,21.28,0.0,0.0,0.0,0.0,15.77,24.04,20.72,0.0,0.0,18.19,0.0,100.0,True
CAND_03865,Fe28.77Mo15.25Nb5.58Ni23.36Ti6.88V20.16,6,0.0,0.0,0.0,0.0,28.77,0.0,15.25,5.58,23.36,6.88,20.16,0.0,99.99999999999999,True
CAND_03866,Cu28.04Fe28.29Ni35.18Ti8.49,4,0.0,0.0,0.0,28.04,28.29,0.0,0.0,0.0,35.18,8.49,0.0,0.0,99.99999999999999,True
CAND_03867,Al12.35Co15.19Cu18.87Fe15.49Ni38.10,5,12.35,15.19,0.0,18.87,15.49,0.0,0.0,0.0,38.1,0.0,0.0,0.0,100.0,True
CAND_03868,Cr17.88Cu18.49Mn20.38Mo12.50Ni16.01V14.74,6,0.0,0.0,17.88,18.49,0.0,20.38,12.5,0.0,16.01,0.0,14.74,0.0,100.0,True
CAND_03869,Co23.13Nb35.36Ni7.42V34.09,4,0.0,23.13,0.0,0.0,0.0,0.0,0.0,35.36,7.42,0.0,34.09,0.0,100.0,True
CAND_03870,Cu18.13Mn27.61Mo43.97Ni10.29,4,0.0,0.0,0.0,18.13,0.0,27.61,43.97,0.0,10.29,0.0,0.0,0.0,100.0,True
CAND_03871,Al31.22Co38.25Cu18.61Mn11.92,4,31.22,38.25,0.0,18.61,0.0,11.92,0.0,0.0,0.0,0.0,0.0,0.0,100.0,True
CAND_03872,Al13.53Fe22.83Mn18.07Mo11.47Nb23.11W10.99,6,13.53,0.0,0.0,0.0,22.83,18.07,11.47,23.11,0.0,0.0,0.0,10.99,100.0,True
CAND_03873,Co35.68Nb18.79Ni29.63Ti15.90,4,0.0,35.68,0.0,0.0,0.0,0.0,0.0,18.79,29.63,15.9,0.0,0.0,100.0,True
CAND_03874,Cr26.37Ti22.92V29.68W21.03,4,0.0,0.0,26.37,0.0,0.0,0.0,0.0,0.0,0.0,22.92,29.68,21.03,100.0,True
CAND_03875,Co33.67Cr6.39Cu25.09Nb23.06W11.79,5,0.0,33.67,6.39,25.09,0.0,0.0,0.0,23.06,0.0,0.0,0.0,11.79,100.0,True
CAND_03876,Al35.15Cr6.84Nb28.36Ni29.65,4,35.15,0.0,6.84,0.0,0.0,0.0,0.0,28.36,29.65,0.0,0.0,0.0,100.0,True
CAND_03877,Al23.19Cr20.96Cu12.96Mn10.98Mo13.47Ni18.44,6,23.19,0.0,20.96,12.96,0.0,10.98,13.47,0.0,18.44,0.0,0.0,0.0,100.0,True
CAND_03878,Al29.05Co44.43Fe7.76W18.76,4,29.05,44.43,0.0,0.0,7.76,0.0,0.0,0.0,0.0,0.0,0.0,18.76,100.00000000000001,True
CAND_03879,Co15.35Mo15.04Ti28.22V41.39,4,0.0,15.35,0.0,0.0,0.0,0.0,15.04,0.0,0.0,28.22,41.39,0.0,100.0,True
CAND_03880,Al14.56Cu39.89Mn21.57Nb17.42Ti6.56,5,14.56,0.0,0.0,39.89,0.0,21.57,0.0,17.42,0.0,6.56,0.0,0.0,100.00000000000001,True
CAND_03881,Fe42.18Nb19.40Ni9.93Ti28.49,4,0.0,0.0,0.0,0.0,42.18,0.0,0.0,19.4,9.93,28.49,0.0,0.0,99.99999999999999,True
CAND_03882,Al7.95Co27.21Cr24.57Cu14.08Fe26.19,5,7.95,27.21,24.57,14.08,26.19,0.0,0.0,0.0,0.0,0.0,0.0,0.0,100.0,True
CAND_03883,Cr39.57Fe29.07Nb22.90Ni8.46,4,0.0,0.0,39.57,0.0,29.07,0.0,0.0,22.9,8.46,0.0,0.0,0.0,100.0,True
CAND_03884,Cr23.27Cu5.00V42.27W29.46,4,0.0,0.0,23.27,5.0,0.0,0.0,0.0,0.0,0.0,0.0,42.27,29.46,100.0,True
CAND_03885,Cr23.48Nb30.00Ni7.77V38.75,4,0.0,0.0,23.48,0.0,0.0,0.0,0.0,30.0,7.77,0.0,38.75,0.0,100.0,True
CAND_03886,Mn36.92Mo12.98Nb19.42Ni30.68,4,0.0,0.0,0.0,0.0,0.0,36.92,12.98,19.42,30.68,0.0,0.0,0.0,100.0,True
CAND_03887,Cr16.93Cu20.29Fe26.18Nb36.60,4,0.0,0.0,16.93,20.29,26.18,0.0,0.0,36.6,0.0,0.0,0.0,0.0,100.0,True
CAND_03888,Co40.53Mo23.00Ni7.56Ti5.24W23.67,5,0.0,40.53,0.0,0.0,0.0,0.0,23.0,0.0,7.56,5.24,0.0,23.67,100.0,True
CAND_03889,Al35.59Fe22.78V25.13W16.50,4,35.59,0.0,0.0,0.0,22.78,0.0,0.0,0.0,0.0,0.0,25.13,16.5,100.0,True
CAND_03890,Co15.17Cr31.60Mn6.06Ni15.66V31.51,5,0.0,15.17,31.6,0.0,0.0,6.06,0.0,0.0,15.66,0.0,31.51,0.0,100.00000000000001,True
CAND_03891,Cr27.16Mn15.47Mo17.28Nb9.63Ti13.39V17.07,6,0.0,0.0,27.16,0.0,0.0,15.47,17.28,9.63,0.0,13.39,17.07,0.0,100.0,True
CAND_03892,Co11.43Cr15.96Fe21.49Mo12.28V38.84,5,0.0,11.43,15.96,0.0,21.49,0.0,12.28,0.0,0.0,0.0,38.84,0.0,100.0,True
CAND_03893,Al41.55Fe7.22Mn30.98Ti20.25,4,41.55,0.0,0.0,0.0,7.22,30.98,0.0,0.0,0.0,20.25,0.0,0.0,100.0,True
CAND_03894,Al21.28Cr11.83Fe25.10Mo6.51Nb35.28,5,21.28,0.0,11.83,0.0,25.1,0.0,6.51,35.28,0.0,0.0,0.0,0.0,100.0,True
CAND_03895,Al20.31Co14.36Mn40.34Ti24.99,4,20.31,14.36,0.0,0.0,0.0,40.34,0.0,0.0,0.0,24.99,0.0,0.0,100.0,True
CAND_03896,Al36.21Cr5.42Mn34.98Mo11.16Ni12.23,5,36.21,0.0,5.42,0.0,0.0,34.98,11.16,0.0,12.23,0.0,0.0,0.0,100.0,True
CAND_03897,Co15.47Cr12.07Mn36.41Ni23.06Ti12.99,5,0.0,15.47,12.07,0.0,0.0,36.41,0.0,0.0,23.06,12.99,0.0,0.0,99.99999999999999,True
CAND_03898,Co12.20Fe34.77Mn17.46Mo35.57,4,0.0,12.2,0.0,0.0,34.77,17.46,35.57,0.0,0.0,0.0,0.0,0.0,100.0,True
CAND_03899,Al17.20Co13.88Nb10.36V33.38W25.18,5,17.2,13.88,0.0,0.0,0.0,0.0,0.0,10.36,0.0,0.0,33.38,25.18,100.0,True
CAND_03900,Al17.17Fe6.70Mo40.88Nb10.71W24.54,5,17.17,0.0,0.0,0.0,6.7,0.0,40.88,10.71,0.0,0.0,0.0,24.54,100.0,True
CAND_03901,Al22.71Co8.14Nb17.46Ti24.65V16.53W10.51,6,22.71,8.14,0.0,0.0,0.0,0.0,0.0,17.46,0.0,24.65,16.53,10.51,100.00000000000001,True
CAND_03902,Co16.13Ti16.38V32.36W35.13,4,0.0,16.13,0.0,0.0,0.0,0.0,0.0,0.0,0.0,16.38,32.36,35.13,100.0,True
CAND_03903,Co31.37Cr6.27Cu5.85Ni9.04V31.38W16.09,6,0.0,31.37,6.27,5.85,0.0,0.0,0.0,0.0,9.04,0.0,31.38,16.09,100.0,True
CAND_03904,Al20.63Fe35.54Mn24.27Ni14.37Ti5.19,5,20.63,0.0,0.0,0.0,35.54,24.27,0.0,0.0,14.37,5.19,0.0,0.0,100.0,True
CAND_03905,Al17.24Mo22.65Ni13.82Ti11.94V34.35,5,17.24,0.0,0.0,0.0,0.0,0.0,22.65,0.0,13.82,11.94,34.35,0.0,100.0,True
CAND_03906,Al16.02Mn28.14Mo5.46Ni10.29V18.77W21.32,6,16.02,0.0,0.0,0.0,0.0,28.14,5.46,0.0,10.29,0.0,18.77,21.32,100.0,True
CAND_03907,Al29.93Co27.83Mn21.94W20.30,4,29.93,27.83,0.0,0.0,0.0,21.94,0.0,0.0,0.0,0.0,0.0,20.3,100.0,True
CAND_03908,Al17.00Co16.26Cr21.67Ni19.20Ti14.42V11.45,6,17.0,16.26,21.67,0.0,0.0,0.0,0.0,0.0,19.2,14.42,11.45,0.0,100.00000000000001,True
CAND_03909,Co13.36Mo20.80Ni7.32Ti41.21W17.31,5,0.0,13.36,0.0,0.0,0.0,0.0,20.8,0.0,7.32,41.21,0.0,17.31,100.0,True
CAND_03910,Al8.99Co8.89Cu27.84Mn42.74Mo11.54,5,8.99,8.89,0.0,27.84,0.0,42.74,11.54,0.0,0.0,0.0,0.0,0.0,100.0,True
CAND_03911,Al18.12Co17.54Cu12.67Nb17.70Ni17.29V16.68,6,18.12,17.54,0.0,12.67,0.0,0.0,0.0,17.7,17.29,0.0,16.68,0.0,100.0,True
CAND_03912,Co17.21Cu32.00Fe13.98Mo22.57Nb7.56V6.68,6,0.0,17.21,0.0,32.0,13.98,0.0,22.57,7.56,0.0,0.0,6.68,0.0,100.0,True
CAND_03913,Co15.68Cu17.90Mo10.05Nb31.86Ni24.51,5,0.0,15.68,0.0,17.9,0.0,0.0,10.05,31.86,24.51,0.0,0.0,0.0,100.0,True
CAND_03914,Co36.36Cr18.20Cu12.50Mo32.94,4,0.0,36.36,18.2,12.5,0.0,0.0,32.94,0.0,0.0,0.0,0.0,0.0,100.0,True
CAND_03915,Al14.95Co7.51Cu27.94Mn17.24Mo32.36,5,14.95,7.51,0.0,27.94,0.0,17.24,32.36,0.0,0.0,0.0,0.0,0.0,100.0,True
CAND_03916,Cr16.18Fe17.52Nb30.40Ti13.15V22.75,5,0.0,0.0,16.18,0.0,17.52,0.0,0.0,30.4,0.0,13.15,22.75,0.0,100.0,True
CAND_03917,Al19.59Co20.16Fe20.75Mo16.33V5.33W17.84,6,19.59,20.16,0.0,0.0,20.75,0.0,16.33,0.0,0.0,0.0,5.33,17.84,100.0,True
CAND_03918,Al21.70Ni10.90V25.60W41.80,4,21.7,0.0,0.0,0.0,0.0,0.0,0.0,0.0,10.9,0.0,25.6,41.8,100.0,True
CAND_03919,Al28.85Ti9.76V34.87W26.52,4,28.85,0.0,0.0,0.0,0.0,0.0,0.0,0.0,0.0,9.76,34.87,26.52,99.99999999999999,True
CAND_03920,Al17.58Co7.66Cr21.61Ti30.34V22.81,5,17.58,7.66,21.61,0.0,0.0,0.0,0.0,0.0,0.0,30.34,22.81,0.0,100.0,True
CAND_03921,Co14.34Cr11.99Mo15.06Ni26.06Ti25.44W7.11,6,0.0,14.34,11.99,0.0,0.0,0.0,15.06,0.0,26.06,25.44,0.0,7.11,100.0,True
CAND_03922,Co24.49Mn27.32Mo37.79W10.40,4,0.0,24.49,0.0,0.0,0.0,27.32,37.79,0.0,0.0,0.0,0.0,10.4,100.0,True
CAND_03923,Al6.30Cr37.56Mn24.53Mo8.24Nb13.75Ti9.62,6,6.3,0.0,37.56,0.0,0.0,24.53,8.24,13.75,0.0,9.62,0.0,0.0,100.0,True
CAND_03924,Cr20.53Mo30.54Nb19.67Ti14.38V9.44W5.44,6,0.0,0.0,20.53,0.0,0.0,0.0,30.54,19.67,0.0,14.38,9.44,5.44,100.0,True
CAND_03925,Co13.71Cu16.17Fe25.31Mo16.40V11.50W16.91,6,0.0,13.71,0.0,16.17,25.31,0.0,16.4,0.0,0.0,0.0,11.5,16.91,100.0,True
CAND_03926,Co14.81Cu16.94Mo26.64Nb20.03V8.66W12.92,6,0.0,14.81,0.0,16.94,0.0,0.0,26.64,20.03,0.0,0.0,8.66,12.92,100.0,True
CAND_03927,Al8.45Cr37.99Mo33.11Ti20.45,4,8.45,0.0,37.99,0.0,0.0,0.0,33.11,0.0,0.0,20.45,0.0,0.0,100.0,True
CAND_03928,Cr10.60Fe21.15Mo20.34Ti10.37W37.54,5,0.0,0.0,10.6,0.0,21.15,0.0,20.34,0.0,0.0,10.37,0.0,37.54,100.0,True
CAND_03929,Al16.17Fe15.05Mn9.21Ni20.77Ti19.30W19.50,6,16.17,0.0,0.0,0.0,15.05,9.21,0.0,0.0,20.77,19.3,0.0,19.5,100.0,True
CAND_03930,Al13.48Co29.17Fe18.22Ni39.13,4,13.48,29.17,0.0,0.0,18.22,0.0,0.0,0.0,39.13,0.0,0.0,0.0,100.0,True
CAND_03931,Co28.37Cr24.33Cu18.25Fe29.05,4,0.0,28.37,24.33,18.25,29.05,0.0,0.0,0.0,0.0,0.0,0.0,0.0,100.0,True
CAND_03932,Al6.96Fe9.66Mo24.84Ti26.10V24.20W8.24,6,6.96,0.0,0.0,0.0,9.66,0.0,24.84,0.0,0.0,26.1,24.2,8.24,100.0,True
CAND_03933,Al8.14Co43.83Cr9.25Fe6.74Mo11.03Nb21.01,6,8.14,43.83,9.25,0.0,6.74,0.0,11.03,21.01,0.0,0.0,0.0,0.0,100.0,True
CAND_03934,Al15.25Cu12.62Mo9.32Ti34.24V28.57,5,15.25,0.0,0.0,12.62,0.0,0.0,9.32,0.0,0.0,34.24,28.57,0.0,100.0,True
CAND_03935,Co10.49Cr43.51Cu7.50Fe24.29Ni9.19Ti5.02,6,0.0,10.49,43.51,7.5,24.29,0.0,0.0,0.0,9.19,5.02,0.0,0.0,99.99999999999999,True
CAND_03936,Co10.66Fe15.30Mn29.74Nb11.29Ti12.12W20.89,6,0.0,10.66,0.0,0.0,15.3,29.74,0.0,11.29,0.0,12.12,0.0,20.89,100.00000000000001,True
CAND_03937,Fe30.93Mn21.87Mo12.64V34.56,4,0.0,0.0,0.0,0.0,30.93,21.87,12.64,0.0,0.0,0.0,34.56,0.0,100.0,True
CAND_03938,Al37.42Co29.16Mo17.90Ti10.11W5.41,5,37.42,29.16,0.0,0.0,0.0,0.0,17.9,0.0,0.0,10.11,0.0,5.41,99.99999999999999,True
CAND_03939,Co28.33Fe6.17Mo35.40V30.10,4,0.0,28.33,0.0,0.0,6.17,0.0,35.4,0.0,0.0,0.0,30.1,0.0,100.0,True
CAND_03940,Co23.23Fe17.97Mo7.56Nb18.86Ni24.48W7.90,6,0.0,23.23,0.0,0.0,17.97,0.0,7.56,18.86,24.48,0.0,0.0,7.9,100.00000000000001,True
CAND_03941,Al17.62Fe22.85Mn16.88Nb19.99W22.66,5,17.62,0.0,0.0,0.0,22.85,16.88,0.0,19.99,0.0,0.0,0.0,22.66,99.99999999999999,True
CAND_03942,Co24.10Ni28.15Ti31.89W15.86,4,0.0,24.1,0.0,0.0,0.0,0.0,0.0,0.0,28.15,31.89,0.0,15.86,100.0,True
CAND_03943,Al10.94Cr43.50Fe28.78Ni16.78,4,10.94,0.0,43.5,0.0,28.78,0.0,0.0,0.0,16.78,0.0,0.0,0.0,100.0,True
CAND_03944,Fe19.18Mo25.47Ni10.10V12.04W33.21,5,0.0,0.0,0.0,0.0,19.18,0.0,25.47,0.0,10.1,0.0,12.04,33.21,100.0,True
CAND_03945,Cu40.01Fe23.24Mn8.41Mo17.97W10.37,5,0.0,0.0,0.0,40.01,23.24,8.41,17.97,0.0,0.0,0.0,0.0,10.37,100.0,True
CAND_03946,Cr20.16Cu22.13Fe41.11W16.60,4,0.0,0.0,20.16,22.13,41.11,0.0,0.0,0.0,0.0,0.0,0.0,16.6,100.0,True
CAND_03947,Cu11.17Mo24.74Ni15.89Ti11.46V26.75W9.99,6,0.0,0.0,0.0,11.17,0.0,0.0,24.74,0.0,15.89,11.46,26.75,9.99,99.99999999999999,True
CAND_03948,Co9.27Cr8.51Mn23.65Mo24.69V20.07W13.81,6,0.0,9.27,8.51,0.0,0.0,23.65,24.69,0.0,0.0,0.0,20.07,13.81,100.0,True
CAND_03949,Cu16.94Mn7.92Mo39.65Ni35.49,4,0.0,0.0,0.0,16.94,0.0,7.92,39.65,0.0,35.49,0.0,0.0,0.0,100.0,True
CAND_03950,Al43.96Cu31.15Fe16.21Nb8.68,4,43.96,0.0,0.0,31.15,16.21,0.0,0.0,8.68,0.0,0.0,0.0,0.0,100.0,True
CAND_03951,Co11.02Cr41.97Cu20.75V19.69W6.57,5,0.0,11.02,41.97,20.75,0.0,0.0,0.0,0.0,0.0,0.0,19.69,6.57,100.0,True
CAND_03952,Cr37.78Mo15.71Ti32.16V14.35,4,0.0,0.0,37.78,0.0,0.0,0.0,15.71,0.0,0.0,32.16,14.35,0.0,100.0,True
CAND_03953,Co5.61Cu5.10Mn40.04Mo13.19Nb21.79Ti14.27,6,0.0,5.61,0.0,5.1,0.0,40.04,13.19,21.79,0.0,14.27,0.0,0.0,99.99999999999999,True
CAND_03954,Al25.95Cr18.49Cu6.28Fe20.44Mn18.74V10.10,6,25.95,0.0,18.49,6.28,20.44,18.74,0.0,0.0,0.0,0.0,10.1,0.0,99.99999999999999,True
CAND_03955,Co29.36Mn12.94Mo33.88Ti17.45V6.37,5,0.0,29.36,0.0,0.0,0.0,12.94,33.88,0.0,0.0,17.45,6.37,0.0,100.00000000000001,True
CAND_03956,Al21.03Co21.58Cr20.01V37.38,4,21.03,21.58,20.01,0.0,0.0,0.0,0.0,0.0,0.0,0.0,37.38,0.0,100.0,True
CAND_03957,Cr12.53Fe35.93Ni19.28W32.26,4,0.0,0.0,12.53,0.0,35.93,0.0,0.0,0.0,19.28,0.0,0.0,32.26,100.0,True
CAND_03958,Co8.92Mn42.02V8.42W40.64,4,0.0,8.92,0.0,0.0,0.0,42.02,0.0,0.0,0.0,0.0,8.42,40.64,100.0,True
CAND_03959,Al36.79Cu12.80Mo16.04Nb11.17Ni11.43Ti11.77,6,36.79,0.0,0.0,12.8,0.0,0.0,16.04,11.17,11.43,11.77,0.0,0.0,99.99999999999999,True
CAND_03960,Al16.70Co10.29Cu15.69Fe12.02Nb24.98W20.32,6,16.7,10.29,0.0,15.69,12.02,0.0,0.0,24.98,0.0,0.0,0.0,20.32,100.0,True
CAND_03961,Cr9.59Mo8.29Ti43.81V28.48W9.83,5,0.0,0.0,9.59,0.0,0.0,0.0,8.29,0.0,0.0,43.81,28.48,9.83,100.0,True
CAND_03962,Al29.18Cu18.82Fe6.47Mo37.93Nb7.60,5,29.18,0.0,0.0,18.82,6.47,0.0,37.93,7.6,0.0,0.0,0.0,0.0,100.0,True
CAND_03963,Al37.94Fe13.65Mn8.05Nb15.36Ti16.21V8.79,6,37.94,0.0,0.0,0.0,13.65,8.05,0.0,15.36,0.0,16.21,8.79,0.0,100.0,True
CAND_03964,Al12.21Nb12.01Ni34.30Ti9.33V10.20W21.95,6,12.21,0.0,0.0,0.0,0.0,0.0,0.0,12.01,34.3,9.33,10.2,21.95,100.0,True
CAND_03965,Cu24.16Fe29.14Mn22.23Ni24.47,4,0.0,0.0,0.0,24.16,29.14,22.23,0.0,0.0,24.47,0.0,0.0,0.0,100.0,True
CAND_03966,Co26.24Cr44.47Fe6.21Mn6.80Mo16.28,5,0.0,26.24,44.47,0.0,6.21,6.8,16.28,0.0,0.0,0.0,0.0,0.0,99.99999999999999,True
CAND_03967,Al29.27Mn32.84Mo30.48Nb7.41,4,29.27,0.0,0.0,0.0,0.0,32.84,30.48,7.41,0.0,0.0,0.0,0.0,100.0,True
CAND_03968,Al6.59Co37.55Cr14.24Cu10.15V15.61W15.86,6,6.59,37.55,14.24,10.15,0.0,0.0,0.0,0.0,0.0,0.0,15.61,15.86,100.0,True
CAND_03969,Co22.66Fe26.46Mn15.66Mo13.12W22.10,5,0.0,22.66,0.0,0.0,26.46,15.66,13.12,0.0,0.0,0.0,0.0,22.1,100.0,True
CAND_03970,Co35.94Cu16.90Mn16.00Ni17.53W13.63,5,0.0,35.94,0.0,16.9,0.0,16.0,0.0,0.0,17.53,0.0,0.0,13.63,100.0,True
CAND_03971,Co13.49Cr10.36Nb39.79Ni22.65V13.71,5,0.0,13.49,10.36,0.0,0.0,0.0,0.0,39.79,22.65,0.0,13.71,0.0,100.0,True
CAND_03972,Al24.13Cr23.07Nb40.09Ti6.66V6.05,5,24.13,0.0,23.07,0.0,0.0,0.0,0.0,40.09,0.0,6.66,6.05,0.0,100.0,True
CAND_03973,Co8.74Mo11.26Nb31.05Ni19.24Ti11.72W17.99,6,0.0,8.74,0.0,0.0,0.0,0.0,11.26,31.05,19.24,11.72,0.0,17.99,99.99999999999999,True
CAND_03974,Cu13.82Ni41.43Ti12.60V16.26W15.89,5,0.0,0.0,0.0,13.82,0.0,0.0,0.0,0.0,41.43,12.6,16.26,15.89,100.0,True
CAND_03975,Al6.49Co24.09Cr30.56Mo16.62Nb9.75V12.49,6,6.49,24.09,30.56,0.0,0.0,0.0,16.62,9.75,0.0,0.0,12.49,0.0,100.0,True
CAND_03976,Al25.16Co25.52Cr5.73Cu6.62Mn18.00Ni18.97,6,25.16,25.52,5.73,6.62,0.0,18.0,0.0,0.0,18.97,0.0,0.0,0.0,100.0,True
CAND_03977,Cr12.42Cu10.34Fe29.41Mo21.03Ni7.75V19.05,6,0.0,0.0,12.42,10.34,29.41,0.0,21.03,0.0,7.75,0.0,19.05,0.0,100.0,True
CAND_03978,Al20.49Co26.49Cr17.65Nb5.43Ti29.94,5,20.49,26.49,17.65,0.0,0.0,0.0,0.0,5.43,0.0,29.94,0.0,0.0,100.0,True
CAND_03979,Co25.91Cu25.70Fe7.57Nb15.83Ni24.99,5,0.0,25.91,0.0,25.7,7.57,0.0,0.0,15.83,24.99,0.0,0.0,0.0,100.0,True
CAND_03980,Al29.64Cr23.54Ti5.41V24.17W17.24,5,29.64,0.0,23.54,0.0,0.0,0.0,0.0,0.0,0.0,5.41,24.17,17.24,100.0,True
CAND_03981,Cr15.63Cu25.30Mn14.29Ti7.84V36.94,5,0.0,0.0,15.63,25.3,0.0,14.29,0.0,0.0,0.0,7.84,36.94,0.0,100.0,True
CAND_03982,Cu11.49Fe18.83Mo29.68Nb27.34Ni12.66,5,0.0,0.0,0.0,11.49,18.83,0.0,29.68,27.34,12.66,0.0,0.0,0.0,100.0,True
CAND_03983,Al14.28Cr33.10Mn15.52Mo7.26Ni29.84,5,14.28,0.0,33.1,0.0,0.0,15.52,7.26,0.0,29.84,0.0,0.0,0.0,100.00000000000001,True
CAND_03984,Co22.92Mo22.53Ni44.02V10.53,4,0.0,22.92,0.0,0.0,0.0,0.0,22.53,0.0,44.02,0.0,10.53,0.0,100.0,True
CAND_03985,Al8.53Co18.46Cr25.78Nb23.07Ni8.49Ti15.67,6,8.53,18.46,25.78,0.0,0.0,0.0,0.0,23.07,8.49,15.67,0.0,0.0,100.0,True
CAND_03986,Cr24.44Cu35.21Mo29.69Nb10.66,4,0.0,0.0,24.44,35.21,0.0,0.0,29.69,10.66,0.0,0.0,0.0,0.0,100.0,True
CAND_03987,Al17.29Co23.01Cu13.08Mn16.04Ti30.58,5,17.29,23.01,0.0,13.08,0.0,16.04,0.0,0.0,0.0,30.58,0.0,0.0,99.99999999999999,True
CAND_03988,Cu25.90Fe18.41Mn15.07Nb24.65Ti9.09V6.88,6,0.0,0.0,0.0,25.9,18.41,15.07,0.0,24.65,0.0,9.09,6.88,0.0,100.0,True
CAND_03989,Al6.95Cr11.29Mn15.39Mo13.34Ti28.40V24.63,6,6.95,0.0,11.29,0.0,0.0,15.39,13.34,0.0,0.0,28.4,24.63,0.0,100.0,True
CAND_03990,Cr30.54Cu12.62Mn26.58Ti30.26,4,0.0,0.0,30.54,12.62,0.0,26.58,0.0,0.0,0.0,30.26,0.0,0.0,100.0,True
CAND_03991,Cr20.87Mo28.25Ni22.10Ti28.78,4,0.0,0.0,20.87,0.0,0.0,0.0,28.25,0.0,22.1,28.78,0.0,0.0,100.0,True
CAND_03992,Cr19.50Cu38.45Mn26.18W15.87,4,0.0,0.0,19.5,38.45,0.0,26.18,0.0,0.0,0.0,0.0,0.0,15.87,100.0,True
CAND_03993,Al16.90Mn7.14Mo22.15Nb21.62Ni32.19,5,16.9,0.0,0.0,0.0,0.0,7.14,22.15,21.62,32.19,0.0,0.0,0.0,100.0,True
CAND_03994,Cr13.05Cu15.09Nb26.82Ni8.51W36.53,5,0.0,0.0,13.05,15.09,0.0,0.0,0.0,26.82,8.51,0.0,0.0,36.53,100.0,True
CAND_03995,Co23.10Cu42.30V9.04W25.56,4,0.0,23.1,0.0,42.3,0.0,0.0,0.0,0.0,0.0,0.0,9.04,25.56,100.0,True
CAND_03996,Al19.07Fe14.95Mn11.06V35.07W19.85,5,19.07,0.0,0.0,0.0,14.95,11.06,0.0,0.0,0.0,0.0,35.07,19.85,100.0,True
CAND_03997,Al25.18Cu34.76Mo19.22Ti20.84,4,25.18,0.0,0.0,34.76,0.0,0.0,19.22,0.0,0.0,20.84,0.0,0.0,100.0,True
CAND_03998,Al15.98Co15.29Cu13.41Mo37.61Ni17.71,5,15.98,15.29,0.0,13.41,0.0,0.0,37.61,0.0,17.71,0.0,0.0,0.0,100.0,True
CAND_03999,Al29.07Cu31.11Fe25.56W14.26,4,29.07,0.0,0.0,31.11,25.56,0.0,0.0,0.0,0.0,0.0,0.0,14.26,100.0,True
CAND_04000,Co9.53Cr13.95Mn37.33Ni8.08Ti10.56W20.55,6,0.0,9.53,13.95,0.0,0.0,37.33,0.0,0.0,8.08,10.56,0.0,20.55,100.0,True
CAND_04001,Cr16.89Fe32.85Mn11.86Mo8.77Ti29.63,5,0.0,0.0,16.89,0.0,32.85,11.86,8.77,0.0,0.0,29.63,0.0,0.0,100.0,True
CAND_04002,Co21.33Fe22.62Ni8.55V37.52W9.98,5,0.0,21.33,0.0,0.0,22.62,0.0,0.0,0.0,8.55,0.0,37.52,9.98,100.00000000000001,True
CAND_04003,Cr13.29Ni31.17V23.28W32.26,4,0.0,0.0,13.29,0.0,0.0,0.0,0.0,0.0,31.17,0.0,23.28,32.26,100.0,True
CAND_04004,Co37.46Nb15.59Ti39.97V6.98,4,0.0,37.46,0.0,0.0,0.0,0.0,0.0,15.59,0.0,39.97,6.98,0.0,100.0,True
CAND_04005,Cr23.83Mo5.88Nb26.61Ni15.80V14.71W13.17,6,0.0,0.0,23.83,0.0,0.0,0.0,5.88,26.61,15.8,0.0,14.71,13.17,99.99999999999999,True
CAND_04006,Co21.69Cu6.27Nb18.93Ni38.05Ti15.06,5,0.0,21.69,0.0,6.27,0.0,0.0,0.0,18.93,38.05,15.06,0.0,0.0,100.0,True
CAND_04007,Cu30.53Mo16.34Nb16.92Ni36.21,4,0.0,0.0,0.0,30.53,0.0,0.0,16.34,16.92,36.21,0.0,0.0,0.0,100.0,True
CAND_04008,Al18.58Cu21.27Mn25.29Mo15.25V10.12W9.49,6,18.58,0.0,0.0,21.27,0.0,25.29,15.25,0.0,0.0,0.0,10.12,9.49,99.99999999999999,True
CAND_04009,Co19.13Cr9.22Fe14.85Mn38.11Ni18.69,5,0.0,19.13,9.22,0.0,14.85,38.11,0.0,0.0,18.69,0.0,0.0,0.0,100.0,True
CAND_04010,Cr10.17Cu12.58Mn20.81Nb34.95Ti21.49,5,0.0,0.0,10.17,12.58,0.0,20.81,0.0,34.95,0.0,21.49,0.0,0.0,100.0,True
CAND_04011,Co32.97Mo11.47Ti24.27V31.29,4,0.0,32.97,0.0,0.0,0.0,0.0,11.47,0.0,0.0,24.27,31.29,0.0,100.0,True
CAND_04012,Cr32.35Nb19.08Ni11.01Ti11.62V19.45W6.49,6,0.0,0.0,32.35,0.0,0.0,0.0,0.0,19.08,11.01,11.62,19.45,6.49,100.0,True
CAND_04013,Fe24.42Mn44.43Nb24.26Ti6.89,4,0.0,0.0,0.0,0.0,24.42,44.43,0.0,24.26,0.0,6.89,0.0,0.0,100.0,True
CAND_04014,Cr17.39Fe16.99Mo16.47Nb16.19Ni32.96,5,0.0,0.0,17.39,0.0,16.99,0.0,16.47,16.19,32.96,0.0,0.0,0.0,100.0,True
CAND_04015,Al18.44Cu20.73Fe9.87Mn18.93Mo32.03,5,18.44,0.0,0.0,20.73,9.87,18.93,32.03,0.0,0.0,0.0,0.0,0.0,100.0,True
CAND_04016,Al20.64Fe15.51Nb24.70Ni39.15,4,20.64,0.0,0.0,0.0,15.51,0.0,0.0,24.7,39.15,0.0,0.0,0.0,100.0,True
CAND_04017,Cu15.88Nb21.79V42.87W19.46,4,0.0,0.0,0.0,15.88,0.0,0.0,0.0,21.79,0.0,0.0,42.87,19.46,100.0,True
CAND_04018,Co29.60Cr8.67Fe10.17Mn11.96Ti29.64W9.96,6,0.0,29.6,8.67,0.0,10.17,11.96,0.0,0.0,0.0,29.64,0.0,9.96,100.0,True
CAND_04019,Cu39.09Mo8.64Ti17.38V27.44W7.45,5,0.0,0.0,0.0,39.09,0.0,0.0,8.64,0.0,0.0,17.38,27.44,7.45,100.0,True
CAND_04020,Al19.27Fe12.99Mn13.11Mo5.66Nb23.39Ti25.58,6,19.27,0.0,0.0,0.0,12.99,13.11,5.66,23.39,0.0,25.58,0.0,0.0,100.0,True
CAND_04021,Al34.36Ni12.83Ti23.35V29.46,4,34.36,0.0,0.0,0.0,0.0,0.0,0.0,0.0,12.83,23.35,29.46,0.0,100.0,True
CAND_04022,Al10.51Mo22.22Ti18.44V17.58W31.25,5,10.51,0.0,0.0,0.0,0.0,0.0,22.22,0.0,0.0,18.44,17.58,31.25,100.0,True
CAND_04023,Al18.49Co24.75Fe12.39Mn16.55Mo27.82,5,18.49,24.75,0.0,0.0,12.39,16.55,27.82,0.0,0.0,0.0,0.0,0.0,100.0,True
CAND_04024,Co13.00Fe24.37Mo19.33Nb17.45Ni25.85,5,0.0,13.0,0.0,0.0,24.37,0.0,19.33,17.45,25.85,0.0,0.0,0.0,100.0,True
CAND_04025,Fe31.21Mo20.31Ni14.22Ti34.26,4,0.0,0.0,0.0,0.0,31.21,0.0,20.31,0.0,14.22,34.26,0.0,0.0,100.0,True
CAND_04026,Co18.72Cu21.41Fe36.30Ni23.57,4,0.0,18.72,0.0,21.41,36.3,0.0,0.0,0.0,23.57,0.0,0.0,0.0,100.0,True
CAND_04027,Co6.46Fe31.53Mo23.56W38.45,4,0.0,6.46,0.0,0.0,31.53,0.0,23.56,0.0,0.0,0.0,0.0,38.45,100.0,True
CAND_04028,Al10.89Cr6.31Mo25.89Nb39.14Ni5.71W12.06,6,10.89,0.0,6.31,0.0,0.0,0.0,25.89,39.14,5.71,0.0,0.0,12.06,100.0,True
CAND_04029,Al16.71Co10.96Mn19.34Mo9.29Ti24.79V18.91,6,16.71,10.96,0.0,0.0,0.0,19.34,9.29,0.0,0.0,24.79,18.91,0.0,100.0,True
CAND_04030,Fe8.38Mn39.59Nb12.28V26.02W13.73,5,0.0,0.0,0.0,0.0,8.38,39.59,0.0,12.28,0.0,0.0,26.02,13.73,100.00000000000001,True
CAND_04031,Co41.07Cr27.54Mn12.03Ti9.54W9.82,5,0.0,41.07,27.54,0.0,0.0,12.03,0.0,0.0,0.0,9.54,0.0,9.82,100.0,True
CAND_04032,Co22.05Cu16.77Fe10.01Mn20.66Ni30.51,5,0.0,22.05,0.0,16.77,10.01,20.66,0.0,0.0,30.51,0.0,0.0,0.0,100.0,True
CAND_04033,Al28.48Cu11.01Fe8.35Mn22.06Ti11.92V18.18,6,28.48,0.0,0.0,11.01,8.35,22.06,0.0,0.0,0.0,11.92,18.18,0.0,100.0,True
CAND_04034,Al25.89Mn20.17Mo6.53Ni34.23W13.18,5,25.89,0.0,0.0,0.0,0.0,20.17,6.53,0.0,34.23,0.0,0.0,13.18,100.0,True
CAND_04035,Co37.37Cr19.77Cu11.17Mo7.52Nb24.17,5,0.0,37.37,19.77,11.17,0.0,0.0,7.52,24.17,0.0,0.0,0.0,0.0,100.0,True
CAND_04036,Al22.33Co31.87Cr12.76V33.04,4,22.33,31.87,12.76,0.0,0.0,0.0,0.0,0.0,0.0,0.0,33.04,0.0,100.0,True
CAND_04037,Cu28.63Mn19.42Mo15.63Nb36.32,4,0.0,0.0,0.0,28.63,0.0,19.42,15.63,36.32,0.0,0.0,0.0,0.0,100.0,True
CAND_04038,Cr6.81Cu22.97Fe35.95Mn15.36Nb10.40W8.51,6,0.0,0.0,6.81,22.97,35.95,15.36,0.0,10.4,0.0,0.0,0.0,8.51,100.00000000000001,True
CAND_04039,Co12.73Cr17.58Mn6.39Nb10.27Ni24.00W29.03,6,0.0,12.73,17.58,0.0,0.0,6.39,0.0,10.27,24.0,0.0,0.0,29.03,100.0,True
CAND_04040,Cr16.78Mn33.59Mo23.91W25.72,4,0.0,0.0,16.78,0.0,0.0,33.59,23.91,0.0,0.0,0.0,0.0,25.72,100.0,True
CAND_04041,Co38.08Cu26.07V26.20W9.65,4,0.0,38.08,0.0,26.07,0.0,0.0,0.0,0.0,0.0,0.0,26.2,9.65,100.00000000000001,True
CAND_04042,Fe17.35Mn11.90Ni20.67Ti36.28W13.80,5,0.0,0.0,0.0,0.0,17.35,11.9,0.0,0.0,20.67,36.28,0.0,13.8,100.0,True
CAND_04043,Cr43.01Cu29.11Fe10.75Mo17.13,4,0.0,0.0,43.01,29.11,10.75,0.0,17.13,0.0,0.0,0.0,0.0,0.0,100.0,True
CAND_04044,Cr10.03Cu30.21Ni16.42Ti43.34,4,0.0,0.0,10.03,30.21,0.0,0.0,0.0,0.0,16.42,43.34,0.0,0.0,100.0,True
CAND_04045,Cu17.13Mn12.21Nb20.08Ni6.02W44.56,5,0.0,0.0,0.0,17.13,0.0,12.21,0.0,20.08,6.02,0.0,0.0,44.56,100.0,True
CAND_04046,Mo7.43Nb29.58Ni7.20Ti11.64V6.95W37.20,6,0.0,0.0,0.0,0.0,0.0,0.0,7.43,29.58,7.2,11.64,6.95,37.2,100.0,True
CAND_04047,Cu36.86Mo27.49Nb26.64Ni9.01,4,0.0,0.0,0.0,36.86,0.0,0.0,27.49,26.64,9.01,0.0,0.0,0.0,100.0,True
CAND_04048,Al12.45Cu13.36Fe14.16Ni15.93Ti44.10,5,12.45,0.0,0.0,13.36,14.16,0.0,0.0,0.0,15.93,44.1,0.0,0.0,100.0,True
CAND_04049,Co10.20Cr16.66Fe19.18Nb37.15V16.81,5,0.0,10.2,16.66,0.0,19.18,0.0,0.0,37.15,0.0,0.0,16.81,0.0,100.0,True
CAND_04050,Co11.60Fe9.47Mn24.50Mo13.42Nb13.72Ti27.29,6,0.0,11.6,0.0,0.0,9.47,24.5,13.42,13.72,0.0,27.29,0.0,0.0,100.0,True
CAND_04051,Cr9.99Fe16.45Mn35.40V38.16,4,0.0,0.0,9.99,0.0,16.45,35.4,0.0,0.0,0.0,0.0,38.16,0.0,100.0,True
CAND_04052,Fe28.23Mn28.11Nb30.33Ni13.33,4,0.0,0.0,0.0,0.0,28.23,28.11,0.0,30.33,13.33,0.0,0.0,0.0,100.0,True
CAND_04053,Al28.60Co21.29Cr23.53Fe6.73Mn12.49Ni7.36,6,28.6,21.29,23.53,0.0,6.73,12.49,0.0,0.0,7.36,0.0,0.0,0.0,100.0,True
CAND_04054,Co21.42Cu6.92Fe27.62Mn26.60Ni17.44,5,0.0,21.42,0.0,6.92,27.62,26.6,0.0,0.0,17.44,0.0,0.0,0.0,100.0,True
CAND_04055,Al22.79Co14.96Mo21.90Nb14.18Ni11.98W14.19,6,22.79,14.96,0.0,0.0,0.0,0.0,21.9,14.18,11.98,0.0,0.0,14.19,100.0,True
CAND_04056,Cr29.05Fe24.86Mo32.00Ti14.09,4,0.0,0.0,29.05,0.0,24.86,0.0,32.0,0.0,0.0,14.09,0.0,0.0,100.0,True
CAND_04057,Co38.59Mn14.37Mo25.80Ti21.24,4,0.0,38.59,0.0,0.0,0.0,14.37,25.8,0.0,0.0,21.24,0.0,0.0,100.0,True
CAND_04058,Co10.35Mn30.22Ni20.73V38.70,4,0.0,10.35,0.0,0.0,0.0,30.22,0.0,0.0,20.73,0.0,38.7,0.0,100.0,True
CAND_04059,Al5.23Co12.50Fe24.03Ti28.55V29.69,5,5.23,12.5,0.0,0.0,24.03,0.0,0.0,0.0,0.0,28.55,29.69,0.0,100.0,True
CAND_04060,Cr18.12Fe33.10Mo18.02W30.76,4,0.0,0.0,18.12,0.0,33.1,0.0,18.02,0.0,0.0,0.0,0.0,30.76,100.0,True
CAND_04061,Co16.83Cr28.48Mn16.77Nb8.76Ni16.50Ti12.66,6,0.0,16.83,28.48,0.0,0.0,16.77,0.0,8.76,16.5,12.66,0.0,0.0,100.0,True
CAND_04062,Al39.95Co16.07Cr9.40Fe23.35Ni11.23,5,39.95,16.07,9.4,0.0,23.35,0.0,0.0,0.0,11.23,0.0,0.0,0.0,100.00000000000001,True
CAND_04063,Al13.62Co42.25Mo22.14W21.99,4,13.62,42.25,0.0,0.0,0.0,0.0,22.14,0.0,0.0,0.0,0.0,21.99,99.99999999999999,True
CAND_04064,Al20.87Fe29.09Mn11.70Nb20.54V11.99W5.81,6,20.87,0.0,0.0,0.0,29.09,11.7,0.0,20.54,0.0,0.0,11.99,5.81,99.99999999999999,True
CAND_04065,Al12.96Mn11.42Mo26.56Ni7.00Ti42.06,5,12.96,0.0,0.0,0.0,0.0,11.42,26.56,0.0,7.0,42.06,0.0,0.0,100.0,True
CAND_04066,Al17.53Co20.61Mn27.57Ti11.25W23.04,5,17.53,20.61,0.0,0.0,0.0,27.57,0.0,0.0,0.0,11.25,0.0,23.04,100.0,True
CAND_04067,Al36.64Co5.55Fe11.70Mo10.28V22.71W13.12,6,36.64,5.55,0.0,0.0,11.7,0.0,10.28,0.0,0.0,0.0,22.71,13.12,100.0,True
CAND_04068,Co25.78Mo43.43Nb22.43V8.36,4,0.0,25.78,0.0,0.0,0.0,0.0,43.43,22.43,0.0,0.0,8.36,0.0,100.00000000000001,True
CAND_04069,Al39.18Co13.70Cu13.32Mn28.47Ti5.33,5,39.18,13.7,0.0,13.32,0.0,28.47,0.0,0.0,0.0,5.33,0.0,0.0,99.99999999999999,True
CAND_04070,Al6.77Cr36.77Fe18.65Mn10.20Mo18.03W9.58,6,6.77,0.0,36.77,0.0,18.65,10.2,18.03,0.0,0.0,0.0,0.0,9.58,100.0,True
CAND_04071,Cr11.97Mn19.72Nb13.38Ti34.91W20.02,5,0.0,0.0,11.97,0.0,0.0,19.72,0.0,13.38,0.0,34.91,0.0,20.02,99.99999999999999,True
CAND_04072,Fe20.96Mn14.14Ni39.52Ti25.38,4,0.0,0.0,0.0,0.0,20.96,14.14,0.0,0.0,39.52,25.38,0.0,0.0,100.0,True
CAND_04073,Al13.43Co43.07Mn18.91V6.85W17.74,5,13.43,43.07,0.0,0.0,0.0,18.91,0.0,0.0,0.0,0.0,6.85,17.74,99.99999999999999,True
CAND_04074,Al9.40Cr8.56Cu8.47Nb41.85Ti18.10V13.62,6,9.4,0.0,8.56,8.47,0.0,0.0,0.0,41.85,0.0,18.1,13.62,0.0,100.0,True
CAND_04075,Co35.78Ni23.80V28.98W11.44,4,0.0,35.78,0.0,0.0,0.0,0.0,0.0,0.0,23.8,0.0,28.98,11.44,100.0,True
CAND_04076,Al22.89Cr26.30Mn9.89Mo8.33Nb12.88V19.71,6,22.89,0.0,26.3,0.0,0.0,9.89,8.33,12.88,0.0,0.0,19.71,0.0,100.0,True
CAND_04077,Cr6.04Cu5.02Fe34.77Mo27.79V26.38,5,0.0,0.0,6.04,5.02,34.77,0.0,27.79,0.0,0.0,0.0,26.38,0.0,100.0,True
CAND_04078,Cr15.44Cu27.57Mn38.44Mo9.43V9.12,5,0.0,0.0,15.44,27.57,0.0,38.44,9.43,0.0,0.0,0.0,9.12,0.0,100.0,True
CAND_04079,Cr13.64Cu14.37Mn17.81Mo24.43Ni29.75,5,0.0,0.0,13.64,14.37,0.0,17.81,24.43,0.0,29.75,0.0,0.0,0.0,100.0,True
CAND_04080,Al5.19Co5.43Cu23.46Ti20.09V27.77W18.06,6,5.19,5.43,0.0,23.46,0.0,0.0,0.0,0.0,0.0,20.09,27.77,18.06,100.0,True
CAND_04081,Al9.41Co13.39Mn16.44Nb40.26Ni20.50,5,9.41,13.39,0.0,0.0,0.0,16.44,0.0,40.26,20.5,0.0,0.0,0.0,100.0,True
CAND_04082,Al33.80Cr27.14Mo21.15Nb17.91,4,33.8,0.0,27.14,0.0,0.0,0.0,21.15,17.91,0.0,0.0,0.0,0.0,100.0,True
CAND_04083,Co14.09Cr9.24Cu9.87Mn17.00Ti8.82W40.98,6,0.0,14.09,9.24,9.87,0.0,17.0,0.0,0.0,0.0,8.82,0.0,40.98,100.0,True
CAND_04084,Cr15.58Cu7.51Mn15.76Ti42.68V18.47,5,0.0,0.0,15.58,7.51,0.0,15.76,0.0,0.0,0.0,42.68,18.47,0.0,100.0,True
CAND_04085,Al17.98Co22.34Fe6.28Nb21.18Ti17.87V14.35,6,17.98,22.34,0.0,0.0,6.28,0.0,0.0,21.18,0.0,17.87,14.35,0.0,100.0,True
CAND_04086,Al19.27Mo19.49Ni9.61Ti6.76V44.87,5,19.27,0.0,0.0,0.0,0.0,0.0,19.49,0.0,9.61,6.76,44.87,0.0,100.0,True
CAND_04087,Cr31.00Cu33.70Ti14.63V20.67,4,0.0,0.0,31.0,33.7,0.0,0.0,0.0,0.0,0.0,14.63,20.67,0.0,100.0,True
CAND_04088,Cu15.78Nb41.98Ti23.26V18.98,4,0.0,0.0,0.0,15.78,0.0,0.0,0.0,41.98,0.0,23.26,18.98,0.0,100.0,True
CAND_04089,Fe16.97Mn42.35Mo10.82Nb7.95Ti13.10V8.81,6,0.0,0.0,0.0,0.0,16.97,42.35,10.82,7.95,0.0,13.1,8.81,0.0,100.0,True
CAND_04090,Co35.92Cr5.19Cu16.10Mo20.26Nb5.28Ti17.25,6,0.0,35.92,5.19,16.1,0.0,0.0,20.26,5.28,0.0,17.25,0.0,0.0,100.0,True
CAND_04091,Al16.91Cr15.99Mn26.10Mo9.43Nb21.59V9.98,6,16.91,0.0,15.99,0.0,0.0,26.1,9.43,21.59,0.0,0.0,9.98,0.0,100.00000000000001,True
CAND_04092,Nb26.08Ni34.93Ti25.13W13.86,4,0.0,0.0,0.0,0.0,0.0,0.0,0.0,26.08,34.93,25.13,0.0,13.86,100.0,True
CAND_04093,Al13.65Cr17.16Mn24.08Mo19.47Ni25.64,5,13.65,0.0,17.16,0.0,0.0,24.08,19.47,0.0,25.64,0.0,0.0,0.0,100.0,True
CAND_04094,Al17.27Co5.09Cu16.43Mn21.25Mo22.81V17.15,6,17.27,5.09,0.0,16.43,0.0,21.25,22.81,0.0,0.0,0.0,17.15,0.0,100.0,True
CAND_04095,Al7.99Co7.29Cr7.43Fe12.88Mo33.33W31.08,6,7.99,7.29,7.43,0.0,12.88,0.0,33.33,0.0,0.0,0.0,0.0,31.08,100.0,True
CAND_04096,Cu22.36Mo25.52Nb30.13W21.99,4,0.0,0.0,0.0,22.36,0.0,0.0,25.52,30.13,0.0,0.0,0.0,21.99,99.99999999999999,True
CAND_04097,Cu15.02Mn20.14Mo32.84Ni32.00,4,0.0,0.0,0.0,15.02,0.0,20.14,32.84,0.0,32.0,0.0,0.0,0.0,100.0,True
CAND_04098,Al30.16Co13.96Cu12.31Mo43.57,4,30.16,13.96,0.0,12.31,0.0,0.0,43.57,0.0,0.0,0.0,0.0,0.0,100.0,True
CAND_04099,Al17.89Co13.51Mo11.63V36.08W20.89,5,17.89,13.51,0.0,0.0,0.0,0.0,11.63,0.0,0.0,0.0,36.08,20.89,100.0,True
CAND_04100,Co15.28Cu15.02Fe23.64Nb9.91W36.15,5,0.0,15.28,0.0,15.02,23.64,0.0,0.0,9.91,0.0,0.0,0.0,36.15,100.0,True
CAND_04101,Co10.91Cu12.01Fe43.69Ti18.94W14.45,5,0.0,10.91,0.0,12.01,43.69,0.0,0.0,0.0,0.0,18.94,0.0,14.45,100.0,True
CAND_04102,Al11.04Cr35.02Nb34.68W19.26,4,11.04,0.0,35.02,0.0,0.0,0.0,0.0,34.68,0.0,0.0,0.0,19.26,100.00000000000001,True
CAND_04103,Cr12.79Fe28.92Nb16.87Ti12.85V28.57,5,0.0,0.0,12.79,0.0,28.92,0.0,0.0,16.87,0.0,12.85,28.57,0.0,100.0,True
CAND_04104,Co24.23Cr15.06Cu43.22Mn7.82Ni9.67,5,0.0,24.23,15.06,43.22,0.0,7.82,0.0,0.0,9.67,0.0,0.0,0.0,99.99999999999999,True
CAND_04105,Co24.42Cr41.39Mo21.52Nb12.67,4,0.0,24.42,41.39,0.0,0.0,0.0,21.52,12.67,0.0,0.0,0.0,0.0,100.0,True
CAND_04106,Cu25.35Mn9.26Nb26.31Ni9.73V29.35,5,0.0,0.0,0.0,25.35,0.0,9.26,0.0,26.31,9.73,0.0,29.35,0.0,100.0,True
CAND_04107,Al23.80Co14.54Cr16.06Mn12.68Ti20.03V12.89,6,23.8,14.54,16.06,0.0,0.0,12.68,0.0,0.0,0.0,20.03,12.89,0.0,100.00000000000001,True
CAND_04108,Al31.89Cr7.00Mn8.01Mo8.73Nb36.38V7.99,6,31.89,0.0,7.0,0.0,0.0,8.01,8.73,36.38,0.0,0.0,7.99,0.0,99.99999999999999,True
CAND_04109,Cr25.60Cu33.49Fe25.00V15.91,4,0.0,0.0,25.6,33.49,25.0,0.0,0.0,0.0,0.0,0.0,15.91,0.0,100.0,True
CAND_04110,Al21.23Cu16.89Mo20.15Ni15.41Ti26.32,5,21.23,0.0,0.0,16.89,0.0,0.0,20.15,0.0,15.41,26.32,0.0,0.0,100.0,True
CAND_04111,Co27.73Cu6.47Fe5.63Ti36.06W24.11,5,0.0,27.73,0.0,6.47,5.63,0.0,0.0,0.0,0.0,36.06,0.0,24.11,100.00000000000001,True
CAND_04112,Fe11.74Mn31.14Mo13.55Ti43.57,4,0.0,0.0,0.0,0.0,11.74,31.14,13.55,0.0,0.0,43.57,0.0,0.0,100.0,True
CAND_04113,Co24.03Cu8.09Ni16.44V36.57W14.87,5,0.0,24.03,0.0,8.09,0.0,0.0,0.0,0.0,16.44,0.0,36.57,14.87,100.0,True
CAND_04114,Al41.48Cu12.97Nb29.84Ni15.71,4,41.48,0.0,0.0,12.97,0.0,0.0,0.0,29.84,15.71,0.0,0.0,0.0,100.0,True
CAND_04115,Cu18.44Fe15.48Mo26.54W39.54,4,0.0,0.0,0.0,18.44,15.48,0.0,26.54,0.0,0.0,0.0,0.0,39.54,100.0,True
CAND_04116,Cr8.46Cu44.83Mn5.72Nb6.04Ti16.43W18.52,6,0.0,0.0,8.46,44.83,0.0,5.72,0.0,6.04,0.0,16.43,0.0,18.52,99.99999999999999,True
CAND_04117,Co18.80Cu6.69Fe9.22Mn23.70Ti15.60V25.99,6,0.0,18.8,0.0,6.69,9.22,23.7,0.0,0.0,0.0,15.6,25.99,0.0,99.99999999999999,True
CAND_04118,Cr5.51Cu7.65Fe9.13Ti40.29W37.42,5,0.0,0.0,5.51,7.65,9.13,0.0,0.0,0.0,0.0,40.29,0.0,37.42,100.0,True
CAND_04119,Cu29.38Fe13.59Mn24.02Mo22.34W10.67,5,0.0,0.0,0.0,29.38,13.59,24.02,22.34,0.0,0.0,0.0,0.0,10.67,100.0,True
CAND_04120,Co13.83Cr20.36Cu15.44Fe24.43Ni11.68V14.26,6,0.0,13.83,20.36,15.44,24.43,0.0,0.0,0.0,11.68,0.0,14.26,0.0,100.00000000000001,True
CAND_04121,Al27.52Mn19.11V38.90W14.47,4,27.52,0.0,0.0,0.0,0.0,19.11,0.0,0.0,0.0,0.0,38.9,14.47,100.0,True
CAND_04122,Co16.41Cr39.78Mo9.95Ti33.86,4,0.0,16.41,39.78,0.0,0.0,0.0,9.95,0.0,0.0,33.86,0.0,0.0,100.0,True
CAND_04123,Co16.05Nb6.24Ni37.07V40.64,4,0.0,16.05,0.0,0.0,0.0,0.0,0.0,6.24,37.07,0.0,40.64,0.0,100.0,True
CAND_04124,Co22.38Fe8.48Mo15.66Ni18.15Ti5.15V30.18,6,0.0,22.38,0.0,0.0,8.48,0.0,15.66,0.0,18.15,5.15,30.18,0.0,100.0,True
CAND_04125,Fe23.46Mn33.42Nb20.83Ni22.29,4,0.0,0.0,0.0,0.0,23.46,33.42,0.0,20.83,22.29,0.0,0.0,0.0,100.0,True
CAND_04126,Al15.28Cr37.26Mn31.43W16.03,4,15.28,0.0,37.26,0.0,0.0,31.43,0.0,0.0,0.0,0.0,0.0,16.03,100.0,True
CAND_04127,Cr17.50Nb23.16Ti21.02V38.32,4,0.0,0.0,17.5,0.0,0.0,0.0,0.0,23.16,0.0,21.02,38.32,0.0,100.0,True
CAND_04128,Al25.09Co34.79Mn21.27Nb6.18Ti12.67,5,25.09,34.79,0.0,0.0,0.0,21.27,0.0,6.18,0.0,12.67,0.0,0.0,99.99999999999999,True
CAND_04129,Cu7.39Fe17.56Mo13.14Nb14.01Ti29.50W18.40,6,0.0,0.0,0.0,7.39,17.56,0.0,13.14,14.01,0.0,29.5,0.0,18.4,100.0,True
CAND_04130,Al17.58Co20.52Mo22.62Nb6.61V24.21W8.46,6,17.58,20.52,0.0,0.0,0.0,0.0,22.62,6.61,0.0,0.0,24.21,8.46,100.0,True
CAND_04131,Al19.40Fe16.67Mn23.08Ni11.76Ti13.59W15.50,6,19.4,0.0,0.0,0.0,16.67,23.08,0.0,0.0,11.76,13.59,0.0,15.5,100.0,True
CAND_04132,Co24.66Mo12.36Nb40.01W22.97,4,0.0,24.66,0.0,0.0,0.0,0.0,12.36,40.01,0.0,0.0,0.0,22.97,100.0,True
CAND_04133,Cr19.71Mn38.12Nb24.52Ni17.65,4,0.0,0.0,19.71,0.0,0.0,38.12,0.0,24.52,17.65,0.0,0.0,0.0,100.0,True
CAND_04134,Al8.35Cu42.47Mo6.60Ni5.03Ti6.33V31.22,6,8.35,0.0,0.0,42.47,0.0,0.0,6.6,0.0,5.03,6.33,31.22,0.0,100.0,True
CAND_04135,Cu6.67Fe10.61Mn30.03Ti13.79V38.90,5,0.0,0.0,0.0,6.67,10.61,30.03,0.0,0.0,0.0,13.79,38.9,0.0,100.0,True
CAND_04136,Al13.40Cu25.87Fe13.43Nb34.14Ni13.16,5,13.4,0.0,0.0,25.87,13.43,0.0,0.0,34.14,13.16,0.0,0.0,0.0,100.0,True
CAND_04137,Co6.25Cr23.21Nb29.69Ti33.21W7.64,5,0.0,6.25,23.21,0.0,0.0,0.0,0.0,29.69,0.0,33.21,0.0,7.64,100.00000000000001,True
CAND_04138,Cu15.05Mn17.46Mo25.06Ni7.18Ti20.62W14.63,6,0.0,0.0,0.0,15.05,0.0,17.46,25.06,0.0,7.18,20.62,0.0,14.63,100.0,True
CAND_04139,Cu19.43Mo28.48Nb16.57Ni35.52,4,0.0,0.0,0.0,19.43,0.0,0.0,28.48,16.57,35.52,0.0,0.0,0.0,100.0,True
CAND_04140,Cr14.44Cu36.18Fe21.30Mn21.06Nb7.02,5,0.0,0.0,14.44,36.18,21.3,21.06,0.0,7.02,0.0,0.0,0.0,0.0,100.0,True
CAND_04141,Cr18.68Cu7.63Fe13.35Mn33.65Mo6.91V19.78,6,0.0,0.0,18.68,7.63,13.35,33.65,6.91,0.0,0.0,0.0,19.78,0.0,100.0,True
CAND_04142,Al9.88Cr17.41Cu8.70Mn16.94Ti37.83V9.24,6,9.88,0.0,17.41,8.7,0.0,16.94,0.0,0.0,0.0,37.83,9.24,0.0,99.99999999999999,True
CAND_04143,Co38.18Mn19.68Nb9.59Ni32.55,4,0.0,38.18,0.0,0.0,0.0,19.68,0.0,9.59,32.55,0.0,0.0,0.0,100.0,True
CAND_04144,Cu26.24Mo18.09V25.37W30.30,4,0.0,0.0,0.0,26.24,0.0,0.0,18.09,0.0,0.0,0.0,25.37,30.3,100.0,True
CAND_04145,Cr31.94Cu22.06Fe19.66Ni9.11V17.23,5,0.0,0.0,31.94,22.06,19.66,0.0,0.0,0.0,9.11,0.0,17.23,0.0,100.0,True
CAND_04146,Co23.52Cr11.07Mn18.90Ni11.13V35.38,5,0.0,23.52,11.07,0.0,0.0,18.9,0.0,0.0,11.13,0.0,35.38,0.0,100.0,True
CAND_04147,Al15.10Co27.06Cr42.83Ti15.01,4,15.1,27.06,42.83,0.0,0.0,0.0,0.0,0.0,0.0,15.01,0.0,0.0,100.0,True
CAND_04148,Al13.89Cr24.53Mo16.95Nb21.38V23.25,5,13.89,0.0,24.53,0.0,0.0,0.0,16.95,21.38,0.0,0.0,23.25,0.0,100.0,True
CAND_04149,Co21.46Mo23.87Ti33.43W21.24,4,0.0,21.46,0.0,0.0,0.0,0.0,23.87,0.0,0.0,33.43,0.0,21.24,99.99999999999999,True
CAND_04150,Al15.55Co10.47Cr19.91Fe10.46Ni8.97Ti34.64,6,15.55,10.47,19.91,0.0,10.46,0.0,0.0,0.0,8.97,34.64,0.0,0.0,100.00000000000001,True
CAND_04151,Co31.33Mn24.69Nb20.78V23.20,4,0.0,31.33,0.0,0.0,0.0,24.69,0.0,20.78,0.0,0.0,23.2,0.0,100.0,True
CAND_04152,Co12.10Cu9.04Fe13.19Mo8.46Ni26.75W30.46,6,0.0,12.1,0.0,9.04,13.19,0.0,8.46,0.0,26.75,0.0,0.0,30.46,100.0,True
CAND_04153,Al25.60Co37.25Cr6.34Nb8.00Ni12.82V9.99,6,25.6,37.25,6.34,0.0,0.0,0.0,0.0,8.0,12.82,0.0,9.99,0.0,99.99999999999999,True
CAND_04154,Co15.45Fe16.95Mo13.27Ni41.63W12.70,5,0.0,15.45,0.0,0.0,16.95,0.0,13.27,0.0,41.63,0.0,0.0,12.7,100.00000000000001,True
CAND_04155,Al7.22Cr18.82Mo15.34Nb41.16W17.46,5,7.22,0.0,18.82,0.0,0.0,0.0,15.34,41.16,0.0,0.0,0.0,17.46,100.0,True
CAND_04156,Al8.72Co27.95Cu33.22Fe5.56Ni10.00Ti14.55,6,8.72,27.95,0.0,33.22,5.56,0.0,0.0,0.0,10.0,14.55,0.0,0.0,100.0,True
CAND_04157,Al12.31Mn6.48Nb36.34Ti29.73W15.14,5,12.31,0.0,0.0,0.0,0.0,6.48,0.0,36.34,0.0,29.73,0.0,15.14,100.0,True
CAND_04158,Co31.57Cr36.53Ni22.89Ti9.01,4,0.0,31.57,36.53,0.0,0.0,0.0,0.0,0.0,22.89,9.01,0.0,0.0,100.0,True
CAND_04159,Cr21.62Mn10.50Nb19.64Ni17.66W30.58,5,0.0,0.0,21.62,0.0,0.0,10.5,0.0,19.64,17.66,0.0,0.0,30.58,100.0,True
CAND_04160,Cr7.27Cu33.45Fe8.34Ti42.34W8.60,5,0.0,0.0,7.27,33.45,8.34,0.0,0.0,0.0,0.0,42.34,0.0,8.6,100.0,True
CAND_04161,Al6.38Cu22.37Fe20.65Ni22.25Ti19.60W8.75,6,6.38,0.0,0.0,22.37,20.65,0.0,0.0,0.0,22.25,19.6,0.0,8.75,100.0,True
CAND_04162,Al6.46Co33.58Cr15.30Mn16.80Nb7.72V20.14,6,6.46,33.58,15.3,0.0,0.0,16.8,0.0,7.72,0.0,0.0,20.14,0.0,100.0,True
CAND_04163,Al24.79Cr40.46Cu21.31Nb13.44,4,24.79,0.0,40.46,21.31,0.0,0.0,0.0,13.44,0.0,0.0,0.0,0.0,100.0,True
CAND_04164,Cr26.30Fe33.79Ni16.90W23.01,4,0.0,0.0,26.3,0.0,33.79,0.0,0.0,0.0,16.9,0.0,0.0,23.01,100.00000000000001,True
CAND_04165,Co38.93Mo12.35Ti36.06W12.66,4,0.0,38.93,0.0,0.0,0.0,0.0,12.35,0.0,0.0,36.06,0.0,12.66,100.0,True
CAND_04166,Al18.71Cr21.95Nb33.19Ti26.15,4,18.71,0.0,21.95,0.0,0.0,0.0,0.0,33.19,0.0,26.15,0.0,0.0,100.0,True
CAND_04167,Al12.83Cr35.45Ti38.94V12.78,4,12.83,0.0,35.45,0.0,0.0,0.0,0.0,0.0,0.0,38.94,12.78,0.0,100.0,True
CAND_04168,Mn32.81Mo29.02Nb28.82V9.35,4,0.0,0.0,0.0,0.0,0.0,32.81,29.02,28.82,0.0,0.0,9.35,0.0,100.0,True
CAND_04169,Al12.89Co16.65Mn9.07Mo26.30Ti21.31W13.78,6,12.89,16.65,0.0,0.0,0.0,9.07,26.3,0.0,0.0,21.31,0.0,13.78,100.0,True
CAND_04170,Al24.48Nb32.52Ni23.84W19.16,4,24.48,0.0,0.0,0.0,0.0,0.0,0.0,32.52,23.84,0.0,0.0,19.16,100.0,True
CAND_04171,Al10.32Cr33.23Nb41.69Ti14.76,4,10.32,0.0,33.23,0.0,0.0,0.0,0.0,41.69,0.0,14.76,0.0,0.0,100.0,True
CAND_04172,Al13.36Cr9.17Cu11.05Fe23.29Mn20.64Nb22.49,6,13.36,0.0,9.17,11.05,23.29,20.64,0.0,22.49,0.0,0.0,0.0,0.0,99.99999999999999,True
CAND_04173,Mo19.19Nb41.86Ni9.99V28.96,4,0.0,0.0,0.0,0.0,0.0,0.0,19.19,41.86,9.99,0.0,28.96,0.0,100.0,True
CAND_04174,Al22.18Cr12.86Mo29.31Ni19.62V16.03,5,22.18,0.0,12.86,0.0,0.0,0.0,29.31,0.0,19.62,0.0,16.03,0.0,100.0,True
CAND_04175,Al18.68Cu29.86Fe6.57Mn31.70V13.19,5,18.68,0.0,0.0,29.86,6.57,31.7,0.0,0.0,0.0,0.0,13.19,0.0,100.0,True
CAND_04176,Al32.10Fe14.63Mn20.21Ti5.25W27.81,5,32.1,0.0,0.0,0.0,14.63,20.21,0.0,0.0,0.0,5.25,0.0,27.81,100.0,True
CAND_04177,Cr18.65Fe29.70Mo20.39W31.26,4,0.0,0.0,18.65,0.0,29.7,0.0,20.39,0.0,0.0,0.0,0.0,31.26,100.0,True
CAND_04178,Fe41.08Nb22.55Ni7.05Ti6.91V22.41,5,0.0,0.0,0.0,0.0,41.08,0.0,0.0,22.55,7.05,6.91,22.41,0.0,99.99999999999999,True
CAND_04179,Cu20.29Fe25.36Mo22.33Ni15.96V8.21W7.85,6,0.0,0.0,0.0,20.29,25.36,0.0,22.33,0.0,15.96,0.0,8.21,7.85,100.0,True
CAND_04180,Al6.36Fe9.50Mo22.80Nb12.68Ni39.13Ti9.53,6,6.36,0.0,0.0,0.0,9.5,0.0,22.8,12.68,39.13,9.53,0.0,0.0,100.0,True
CAND_04181,Al38.30Fe7.70Mn32.79Mo13.34Ni7.87,5,38.3,0.0,0.0,0.0,7.7,32.79,13.34,0.0,7.87,0.0,0.0,0.0,100.0,True
CAND_04182,Cu24.58Mn36.59Ni5.62Ti10.03V23.18,5,0.0,0.0,0.0,24.58,0.0,36.59,0.0,0.0,5.62,10.03,23.18,0.0,100.0,True
CAND_04183,Fe39.22Mn14.94Ti11.86V20.02W13.96,5,0.0,0.0,0.0,0.0,39.22,14.94,0.0,0.0,0.0,11.86,20.02,13.96,100.0,True
CAND_04184,Al12.63Co10.12Cu42.06Nb8.19Ni8.00W19.00,6,12.63,10.12,0.0,42.06,0.0,0.0,0.0,8.19,8.0,0.0,0.0,19.0,100.0,True
CAND_04185,Al20.91Cr13.95Fe36.58Mo12.52Ni16.04,5,20.91,0.0,13.95,0.0,36.58,0.0,12.52,0.0,16.04,0.0,0.0,0.0,100.0,True
CAND_04186,Mn13.95Mo15.31Nb31.89V38.85,4,0.0,0.0,0.0,0.0,0.0,13.95,15.31,31.89,0.0,0.0,38.85,0.0,100.0,True
CAND_04187,Cr22.00Fe12.41Nb23.62Ni13.69Ti18.66V9.62,6,0.0,0.0,22.0,0.0,12.41,0.0,0.0,23.62,13.69,18.66,9.62,0.0,100.0,True
CAND_04188,Co18.76Cu9.99Fe39.73V31.52,4,0.0,18.76,0.0,9.99,39.73,0.0,0.0,0.0,0.0,0.0,31.52,0.0,99.99999999999999,True
CAND_04189,Fe15.70Mn7.27Ti44.45W32.58,4,0.0,0.0,0.0,0.0,15.7,7.27,0.0,0.0,0.0,44.45,0.0,32.58,100.0,True
CAND_04190,Co29.01Mn20.19Mo17.33Nb16.10Ni17.37,5,0.0,29.01,0.0,0.0,0.0,20.19,17.33,16.1,17.37,0.0,0.0,0.0,100.0,True
CAND_04191,Cr22.24Cu29.38Mn14.71Nb20.48Ni13.19,5,0.0,0.0,22.24,29.38,0.0,14.71,0.0,20.48,13.19,0.0,0.0,0.0,100.0,True
CAND_04192,Co35.90Mn18.90Ni40.12V5.08,4,0.0,35.9,0.0,0.0,0.0,18.9,0.0,0.0,40.12,0.0,5.08,0.0,99.99999999999999,True
CAND_04193,Co16.85Cr42.01Mn17.50Mo23.64,4,0.0,16.85,42.01,0.0,0.0,17.5,23.64,0.0,0.0,0.0,0.0,0.0,100.0,True
CAND_04194,Al28.72Fe9.17Mo6.80Nb14.71Ni31.77Ti8.83,6,28.72,0.0,0.0,0.0,9.17,0.0,6.8,14.71,31.77,8.83,0.0,0.0,100.0,True
CAND_04195,Co12.90Cr9.98Mn26.45Ni17.98Ti16.29V16.40,6,0.0,12.9,9.98,0.0,0.0,26.45,0.0,0.0,17.98,16.29,16.4,0.0,100.0,True
CAND_04196,Co12.27Cu16.40Mn33.18Ni38.15,4,0.0,12.27,0.0,16.4,0.0,33.18,0.0,0.0,38.15,0.0,0.0,0.0,100.0,True
CAND_04197,Co14.15Cu20.83Mn10.61Ni28.73V25.68,5,0.0,14.15,0.0,20.83,0.0,10.61,0.0,0.0,28.73,0.0,25.68,0.0,100.0,True
CAND_04198,Al6.95Cr43.41Cu8.73Mn20.02Ti20.89,5,6.95,0.0,43.41,8.73,0.0,20.02,0.0,0.0,0.0,20.89,0.0,0.0,100.0,True
CAND_04199,Co5.62Cr21.04Cu6.57Fe28.80Ni20.15Ti17.82,6,0.0,5.62,21.04,6.57,28.8,0.0,0.0,0.0,20.15,17.82,0.0,0.0,100.0,True
CAND_04200,Cu21.42Fe12.86Mn22.81Ti42.91,4,0.0,0.0,0.0,21.42,12.86,22.81,0.0,0.0,0.0,42.91,0.0,0.0,100.0,True
CAND_04201,Al10.44Cr15.84Fe40.86Ni25.58V7.28,5,10.44,0.0,15.84,0.0,40.86,0.0,0.0,0.0,25.58,0.0,7.28,0.0,100.0,True
CAND_04202,Al33.62Cr13.63Mn8.58Mo6.21Ni21.90V16.06,6,33.62,0.0,13.63,0.0,0.0,8.58,6.21,0.0,21.9,0.0,16.06,0.0,100.0,True
CAND_04203,Al17.22Co34.32Mo11.13Ni16.32W21.01,5,17.22,34.32,0.0,0.0,0.0,0.0,11.13,0.0,16.32,0.0,0.0,21.01,100.00000000000001,True
CAND_04204,Al20.86Cr12.80Mn10.59Ni40.04Ti15.71,5,20.86,0.0,12.8,0.0,0.0,10.59,0.0,0.0,40.04,15.71,0.0,0.0,100.0,True
CAND_04205,Co29.67Cr26.69Cu12.11Ni7.63V23.90,5,0.0,29.67,26.69,12.11,0.0,0.0,0.0,0.0,7.63,0.0,23.9,0.0,100.0,True
CAND_04206,Al24.37Cr10.63Cu28.57Fe14.33Mn10.60Nb11.50,6,24.37,0.0,10.63,28.57,14.33,10.6,0.0,11.5,0.0,0.0,0.0,0.0,100.0,True
CAND_04207,Co17.39Cu13.63Mn26.98Mo5.78V36.22,5,0.0,17.39,0.0,13.63,0.0,26.98,5.78,0.0,0.0,0.0,36.22,0.0,100.0,True
CAND_04208,Al29.23Co31.25Cr9.64Mn12.87V17.01,5,29.23,31.25,9.64,0.0,0.0,12.87,0.0,0.0,0.0,0.0,17.01,0.0,100.00000000000001,True
CAND_04209,Fe29.48Mn20.70Mo15.39V34.43,4,0.0,0.0,0.0,0.0,29.48,20.7,15.39,0.0,0.0,0.0,34.43,0.0,100.0,True
CAND_04210,Al9.46Mn32.38Mo26.91Nb9.48Ti21.77,5,9.46,0.0,0.0,0.0,0.0,32.38,26.91,9.48,0.0,21.77,0.0,0.0,100.0,True
CAND_04211,Al30.39Fe24.64Mn19.63Ni6.09V10.62W8.63,6,30.39,0.0,0.0,0.0,24.64,19.63,0.0,0.0,6.09,0.0,10.62,8.63,100.0,True
CAND_04212,Al12.64Co17.88Cu28.44Fe16.49Mn11.49Ti13.06,6,12.64,17.88,0.0,28.44,16.49,11.49,0.0,0.0,0.0,13.06,0.0,0.0,100.0,True
CAND_04213,Al10.02Cr21.01Cu27.04Fe17.77Nb14.61V9.55,6,10.02,0.0,21.01,27.04,17.77,0.0,0.0,14.61,0.0,0.0,9.55,0.0,100.0,True
CAND_04214,Cr28.26Cu5.24Ni25.02Ti20.35W21.13,5,0.0,0.0,28.26,5.24,0.0,0.0,0.0,0.0,25.02,20.35,0.0,21.13,100.0,True
CAND_04215,Al31.49Co24.11Cu10.84Fe16.96Nb7.96Ni8.64,6,31.49,24.11,0.0,10.84,16.96,0.0,0.0,7.96,8.64,0.0,0.0,0.0,100.0,True
CAND_04216,Mn16.67Nb41.99Ni22.31W19.03,4,0.0,0.0,0.0,0.0,0.0,16.67,0.0,41.99,22.31,0.0,0.0,19.03,100.0,True
CAND_04217,Co20.85Cu5.42Mn19.04Mo7.74Ti38.98V7.97,6,0.0,20.85,0.0,5.42,0.0,19.04,7.74,0.0,0.0,38.98,7.97,0.0,100.0,True
CAND_04218,Al21.25Cr26.59Fe25.47Mo5.97V20.72,5,21.25,0.0,26.59,0.0,25.47,0.0,5.97,0.0,0.0,0.0,20.72,0.0,100.0,True
CAND_04219,Fe13.76Mn26.53Mo11.34Ti15.29V23.44W9.64,6,0.0,0.0,0.0,0.0,13.76,26.53,11.34,0.0,0.0,15.29,23.44,9.64,99.99999999999999,True
CAND_04220,Cr8.43Cu17.60Mn17.33Mo15.75Nb21.34Ni19.55,6,0.0,0.0,8.43,17.6,0.0,17.33,15.75,21.34,19.55,0.0,0.0,0.0,100.0,True
CAND_04221,Nb9.56Ni15.21Ti29.19V27.25W18.79,5,0.0,0.0,0.0,0.0,0.0,0.0,0.0,9.56,15.21,29.19,27.25,18.79,100.0,True
CAND_04222,Cr18.16Cu20.17Fe6.46Mo5.29V18.03W31.89,6,0.0,0.0,18.16,20.17,6.46,0.0,5.29,0.0,0.0,0.0,18.03,31.89,100.0,True
CAND_04223,Cr28.30Fe24.40Mo14.24Nb10.03Ti23.03,5,0.0,0.0,28.3,0.0,24.4,0.0,14.24,10.03,0.0,23.03,0.0,0.0,100.0,True
CAND_04224,Co11.81Mn33.83Ni23.87V30.49,4,0.0,11.81,0.0,0.0,0.0,33.83,0.0,0.0,23.87,0.0,30.49,0.0,100.0,True
CAND_04225,Co40.79Fe26.61Nb26.78Ni5.82,4,0.0,40.79,0.0,0.0,26.61,0.0,0.0,26.78,5.82,0.0,0.0,0.0,100.0,True
CAND_04226,Al19.59Co40.69Cr17.91Mn12.09Ni9.72,5,19.59,40.69,17.91,0.0,0.0,12.09,0.0,0.0,9.72,0.0,0.0,0.0,100.0,True
CAND_04227,Al7.60Cu39.30Fe11.20Nb25.18V16.72,5,7.6,0.0,0.0,39.3,11.2,0.0,0.0,25.18,0.0,0.0,16.72,0.0,100.0,True
CAND_04228,Cr37.89Cu19.43Ti19.38W23.30,4,0.0,0.0,37.89,19.43,0.0,0.0,0.0,0.0,0.0,19.38,0.0,23.3,100.0,True
CAND_04229,Mo17.38Nb14.99Ni42.62Ti25.01,4,0.0,0.0,0.0,0.0,0.0,0.0,17.38,14.99,42.62,25.01,0.0,0.0,100.0,True
CAND_04230,Al7.43Mo18.19Ni22.36Ti25.03W26.99,5,7.43,0.0,0.0,0.0,0.0,0.0,18.19,0.0,22.36,25.03,0.0,26.99,100.0,True
CAND_04231,Al27.15Co11.41Cu20.06Fe9.50Nb19.58V12.30,6,27.15,11.41,0.0,20.06,9.5,0.0,0.0,19.58,0.0,0.0,12.3,0.0,100.0,True
CAND_04232,Co27.23Fe29.10Nb30.26Ti13.41,4,0.0,27.23,0.0,0.0,29.1,0.0,0.0,30.26,0.0,13.41,0.0,0.0,100.0,True
CAND_04233,Co6.68Fe14.73Nb17.23Ni32.19V29.17,5,0.0,6.68,0.0,0.0,14.73,0.0,0.0,17.23,32.19,0.0,29.17,0.0,100.0,True
CAND_04234,Al19.80Co41.56Mo22.59Nb9.21W6.84,5,19.8,41.56,0.0,0.0,0.0,0.0,22.59,9.21,0.0,0.0,0.0,6.84,100.0,True
CAND_04235,Cu16.85Fe10.12Mn11.10Mo16.81Nb15.12Ti30.00,6,0.0,0.0,0.0,16.85,10.12,11.1,16.81,15.12,0.0,30.0,0.0,0.0,100.0,True
CAND_04236,Al23.58Cu10.03Mo19.29Ni24.49W22.61,5,23.58,0.0,0.0,10.03,0.0,0.0,19.29,0.0,24.49,0.0,0.0,22.61,100.0,True
CAND_04237,Fe13.43Mn34.92Mo5.30Ni28.00Ti18.35,5,0.0,0.0,0.0,0.0,13.43,34.92,5.3,0.0,28.0,18.35,0.0,0.0,100.0,True
CAND_04238,Cu15.23Fe27.13Nb22.29V35.35,4,0.0,0.0,0.0,15.23,27.13,0.0,0.0,22.29,0.0,0.0,35.35,0.0,100.0,True
CAND_04239,Cr43.23Cu6.78Mn27.55Nb5.67W16.77,5,0.0,0.0,43.23,6.78,0.0,27.55,0.0,5.67,0.0,0.0,0.0,16.77,100.0,True
CAND_04240,Co7.86Cr15.00Cu44.72W32.42,4,0.0,7.86,15.0,44.72,0.0,0.0,0.0,0.0,0.0,0.0,0.0,32.42,100.0,True
CAND_04241,Al9.26Co34.99Cu10.42Fe9.81Mo35.52,5,9.26,34.99,0.0,10.42,9.81,0.0,35.52,0.0,0.0,0.0,0.0,0.0,100.0,True
CAND_04242,Cr14.29Cu9.03Mn30.44Mo34.32W11.92,5,0.0,0.0,14.29,9.03,0.0,30.44,34.32,0.0,0.0,0.0,0.0,11.92,100.00000000000001,True
CAND_04243,Cu13.13Mn11.29Ni9.22Ti32.81W33.55,5,0.0,0.0,0.0,13.13,0.0,11.29,0.0,0.0,9.22,32.81,0.0,33.55,100.0,True
CAND_04244,Fe19.92Mn10.22Mo10.68Ti43.73V15.45,5,0.0,0.0,0.0,0.0,19.92,10.22,10.68,0.0,0.0,43.73,15.45,0.0,100.0,True
CAND_04245,Al14.19Co32.37Mo12.49Nb24.69Ti8.16V8.10,6,14.19,32.37,0.0,0.0,0.0,0.0,12.49,24.69,0.0,8.16,8.1,0.0,99.99999999999999,True
CAND_04246,Fe43.08Mo9.09Ni11.44W36.39,4,0.0,0.0,0.0,0.0,43.08,0.0,9.09,0.0,11.44,0.0,0.0,36.39,100.0,True
CAND_04247,Cu14.56Fe13.56Nb15.26Ni16.82V39.80,5,0.0,0.0,0.0,14.56,13.56,0.0,0.0,15.26,16.82,0.0,39.8,0.0,100.0,True
CAND_04248,Al12.03Co30.35Cr12.13Mn30.16Ti15.33,5,12.03,30.35,12.13,0.0,0.0,30.16,0.0,0.0,0.0,15.33,0.0,0.0,100.0,True
CAND_04249,Al10.20Cr20.07Cu8.22Fe5.37Mo21.63Ti34.51,6,10.2,0.0,20.07,8.22,5.37,0.0,21.63,0.0,0.0,34.51,0.0,0.0,100.0,True
CAND_04250,Fe15.32Mn12.83Mo21.43Nb16.80Ti17.44W16.18,6,0.0,0.0,0.0,0.0,15.32,12.83,21.43,16.8,0.0,17.44,0.0,16.18,100.0,True
CAND_04251,Al14.84Cr22.89Nb19.02V43.25,4,14.84,0.0,22.89,0.0,0.0,0.0,0.0,19.02,0.0,0.0,43.25,0.0,100.0,True
CAND_04252,Cr35.95Mn21.64Mo20.85Nb21.56,4,0.0,0.0,35.95,0.0,0.0,21.64,20.85,21.56,0.0,0.0,0.0,0.0,100.0,True
CAND_04253,Cu14.42Ni41.08Ti9.79W34.71,4,0.0,0.0,0.0,14.42,0.0,0.0,0.0,0.0,41.08,9.79,0.0,34.71,100.0,True
CAND_04254,Co8.24Cr19.02Mo42.25Nb22.22V8.27,5,0.0,8.24,19.02,0.0,0.0,0.0,42.25,22.22,0.0,0.0,8.27,0.0,99.99999999999999,True
CAND_04255,Al12.33Fe12.93Mn16.73Ni13.32V44.69,5,12.33,0.0,0.0,0.0,12.93,16.73,0.0,0.0,13.32,0.0,44.69,0.0,100.0,True
CAND_04256,Al7.11Cr34.73Fe16.09Mn7.99Ni14.97V19.11,6,7.11,0.0,34.73,0.0,16.09,7.99,0.0,0.0,14.97,0.0,19.11,0.0,99.99999999999999,True
CAND_04257,Al15.67Cr27.94Fe21.22Mn25.74Nb9.43,5,15.67,0.0,27.94,0.0,21.22,25.74,0.0,9.43,0.0,0.0,0.0,0.0,100.0,True
CAND_04258,Co17.44Mn10.99Nb10.12Ni25.96V35.49,5,0.0,17.44,0.0,0.0,0.0,10.99,0.0,10.12,25.96,0.0,35.49,0.0,100.0,True
CAND_04259,Al11.36Cu26.55Mn33.21Ti13.77V15.11,5,11.36,0.0,0.0,26.55,0.0,33.21,0.0,0.0,0.0,13.77,15.11,0.0,100.0,True
CAND_04260,Al11.22Co28.06Cr9.60Cu13.76Fe21.22Mo16.14,6,11.22,28.06,9.6,13.76,21.22,0.0,16.14,0.0,0.0,0.0,0.0,0.0,100.0,True
CAND_04261,Al30.97Co7.64Cr11.62Mn34.71Mo15.06,5,30.97,7.64,11.62,0.0,0.0,34.71,15.06,0.0,0.0,0.0,0.0,0.0,100.0,True
CAND_04262,Al17.05Cr16.59Cu21.36Fe8.78Mn10.93Ti25.29,6,17.05,0.0,16.59,21.36,8.78,10.93,0.0,0.0,0.0,25.29,0.0,0.0,100.0,True
CAND_04263,Al27.32Co28.42Nb7.83Ni29.18W7.25,5,27.32,28.42,0.0,0.0,0.0,0.0,0.0,7.83,29.18,0.0,0.0,7.25,100.0,True
CAND_04264,Al39.38Fe21.63Ti9.32V29.67,4,39.38,0.0,0.0,0.0,21.63,0.0,0.0,0.0,0.0,9.32,29.67,0.0,100.00000000000001,True
CAND_04265,Al20.93Nb18.93Ti26.62V33.52,4,20.93,0.0,0.0,0.0,0.0,0.0,0.0,18.93,0.0,26.62,33.52,0.0,100.0,True
CAND_04266,Co21.25Mo25.80Nb12.68Ti40.27,4,0.0,21.25,0.0,0.0,0.0,0.0,25.8,12.68,0.0,40.27,0.0,0.0,100.0,True
CAND_04267,Co9.67Nb30.96V33.27W26.10,4,0.0,9.67,0.0,0.0,0.0,0.0,0.0,30.96,0.0,0.0,33.27,26.1,100.0,True
CAND_04268,Al39.66Cu17.28Nb20.93Ti14.24W7.89,5,39.66,0.0,0.0,17.28,0.0,0.0,0.0,20.93,0.0,14.24,0.0,7.89,100.0,True
CAND_04269,Cr14.31Fe35.83Mn24.01Nb14.66W11.19,5,0.0,0.0,14.31,0.0,35.83,24.01,0.0,14.66,0.0,0.0,0.0,11.19,100.0,True
CAND_04270,Al23.76Mn37.48Mo13.10V25.66,4,23.76,0.0,0.0,0.0,0.0,37.48,13.1,0.0,0.0,0.0,25.66,0.0,99.99999999999999,True
CAND_04271,Co29.34Fe8.47Nb30.04Ni11.78W20.37,5,0.0,29.34,0.0,0.0,8.47,0.0,0.0,30.04,11.78,0.0,0.0,20.37,100.0,True
CAND_04272,Al23.70Co15.82Cu19.38Nb26.85V6.03W8.22,6,23.7,15.82,0.0,19.38,0.0,0.0,0.0,26.85,0.0,0.0,6.03,8.22,100.0,True
CAND_04273,Nb15.18Ni23.48Ti22.53V19.08W19.73,5,0.0,0.0,0.0,0.0,0.0,0.0,0.0,15.18,23.48,22.53,19.08,19.73,100.0,True
CAND_04274,Co37.56Cr16.20Fe10.73Nb35.51,4,0.0,37.56,16.2,0.0,10.73,0.0,0.0,35.51,0.0,0.0,0.0,0.0,100.0,True
CAND_04275,Co13.98Cu44.64Mn17.13Nb24.25,4,0.0,13.98,0.0,44.64,0.0,17.13,0.0,24.25,0.0,0.0,0.0,0.0,100.0,True
CAND_04276,Al17.04Co31.68Mn19.89Mo14.21Ti17.18,5,17.04,31.68,0.0,0.0,0.0,19.89,14.21,0.0,0.0,17.18,0.0,0.0,100.0,True
CAND_04277,Co17.87Cr12.05Cu22.18Mn23.63Ni13.51W10.76,6,0.0,17.87,12.05,22.18,0.0,23.63,0.0,0.0,13.51,0.0,0.0,10.76,100.00000000000001,True
CAND_04278,Cu6.63Fe24.99Nb10.88Ni13.81V43.69,5,0.0,0.0,0.0,6.63,24.99,0.0,0.0,10.88,13.81,0.0,43.69,0.0,100.0,True
CAND_04279,Al29.72Co29.44Cu13.80Mn17.03Mo10.01,5,29.72,29.44,0.0,13.8,0.0,17.03,10.01,0.0,0.0,0.0,0.0,0.0,100.0,True
CAND_04280,Cu33.74Mn15.40Mo19.42Nb7.89Ti23.55,5,0.0,0.0,0.0,33.74,0.0,15.4,19.42,7.89,0.0,23.55,0.0,0.0,100.0,True
CAND_04281,Co24.60Fe18.76Mn24.79V31.85,4,0.0,24.6,0.0,0.0,18.76,24.79,0.0,0.0,0.0,0.0,31.85,0.0,100.0,True
CAND_04282,Co24.97Cr18.72Fe9.38V32.92W14.01,5,0.0,24.97,18.72,0.0,9.38,0.0,0.0,0.0,0.0,0.0,32.92,14.01,100.00000000000001,True
CAND_04283,Al22.10Co27.01Fe38.43Ni12.46,4,22.1,27.01,0.0,0.0,38.43,0.0,0.0,0.0,12.46,0.0,0.0,0.0,100.0,True
CAND_04284,Cr6.76Cu5.10Fe28.04Mn33.50Ti5.76W20.84,6,0.0,0.0,6.76,5.1,28.04,33.5,0.0,0.0,0.0,5.76,0.0,20.84,100.00000000000001,True
CAND_04285,Al9.79Cr27.84Mn34.78Mo27.59,4,9.79,0.0,27.84,0.0,0.0,34.78,27.59,0.0,0.0,0.0,0.0,0.0,100.0,True
CAND_04286,Al30.92Mo23.06Nb10.75Ni5.92Ti29.35,5,30.92,0.0,0.0,0.0,0.0,0.0,23.06,10.75,5.92,29.35,0.0,0.0,100.0,True
CAND_04287,Al27.82Co16.50Mn10.38Mo6.63Nb31.84Ti6.83,6,27.82,16.5,0.0,0.0,0.0,10.38,6.63,31.84,0.0,6.83,0.0,0.0,100.0,True
CAND_04288,Al11.91Co14.45Cu6.61Fe27.47Mn16.86Ti22.70,6,11.91,14.45,0.0,6.61,27.47,16.86,0.0,0.0,0.0,22.7,0.0,0.0,100.0,True
CAND_04289,Al33.75Cr16.05Cu40.86Mo9.34,4,33.75,0.0,16.05,40.86,0.0,0.0,9.34,0.0,0.0,0.0,0.0,0.0,100.0,True
CAND_04290,Al9.61Cr42.27Mo15.06W33.06,4,9.61,0.0,42.27,0.0,0.0,0.0,15.06,0.0,0.0,0.0,0.0,33.06,100.0,True
CAND_04291,Co5.83Cu7.07Mn11.51Ti19.15V21.67W34.77,6,0.0,5.83,0.0,7.07,0.0,11.51,0.0,0.0,0.0,19.15,21.67,34.77,100.0,True
CAND_04292,Mo29.70Ni33.01Ti25.04W12.25,4,0.0,0.0,0.0,0.0,0.0,0.0,29.7,0.0,33.01,25.04,0.0,12.25,100.0,True
CAND_04293,Co6.39Cr20.47Cu36.79Fe12.71Ti5.78V17.86,6,0.0,6.39,20.47,36.79,12.71,0.0,0.0,0.0,0.0,5.78,17.86,0.0,100.0,True
CAND_04294,Co27.73Fe35.42Mo11.23Nb15.44Ni10.18,5,0.0,27.73,0.0,0.0,35.42,0.0,11.23,15.44,10.18,0.0,0.0,0.0,100.0,True
CAND_04295,Fe32.76Mo15.76Ni23.58W27.90,4,0.0,0.0,0.0,0.0,32.76,0.0,15.76,0.0,23.58,0.0,0.0,27.9,100.0,True
CAND_04296,Cr28.23Fe36.28Mn18.87Nb16.62,4,0.0,0.0,28.23,0.0,36.28,18.87,0.0,16.62,0.0,0.0,0.0,0.0,100.00000000000001,True
CAND_04297,Co18.74Cu10.93Fe11.59Mn20.26Nb38.48,5,0.0,18.74,0.0,10.93,11.59,20.26,0.0,38.48,0.0,0.0,0.0,0.0,100.0,True
CAND_04298,Mn28.32Mo21.61Ni10.14Ti15.89V24.04,5,0.0,0.0,0.0,0.0,0.0,28.32,21.61,0.0,10.14,15.89,24.04,0.0,100.0,True
CAND_04299,Al22.82Co34.55Cr28.61Cu14.02,4,22.82,34.55,28.61,14.02,0.0,0.0,0.0,0.0,0.0,0.0,0.0,0.0,99.99999999999999,True
CAND_04300,Cr8.67Cu12.86Ni23.82Ti8.94V15.34W30.37,6,0.0,0.0,8.67,12.86,0.0,0.0,0.0,0.0,23.82,8.94,15.34,30.37,100.0,True
CAND_04301,Cr19.12Cu11.90Fe32.76Mo19.62Ti8.71V7.89,6,0.0,0.0,19.12,11.9,32.76,0.0,19.62,0.0,0.0,8.71,7.89,0.0,100.00000000000001,True
CAND_04302,Fe5.42Nb20.58Ti16.18V22.02W35.80,5,0.0,0.0,0.0,0.0,5.42,0.0,0.0,20.58,0.0,16.18,22.02,35.8,100.0,True
CAND_04303,Fe34.20Mo36.82Nb12.68V16.30,4,0.0,0.0,0.0,0.0,34.2,0.0,36.82,12.68,0.0,0.0,16.3,0.0,100.00000000000001,True
CAND_04304,Al23.01Co14.75Mo27.35W34.89,4,23.01,14.75,0.0,0.0,0.0,0.0,27.35,0.0,0.0,0.0,0.0,34.89,100.00000000000001,True
CAND_04305,Al12.29Cu9.17Mn25.81Ni25.68W27.05,5,12.29,0.0,0.0,9.17,0.0,25.81,0.0,0.0,25.68,0.0,0.0,27.05,99.99999999999999,True
CAND_04306,Co9.92Cr24.41Mn15.82Nb24.00Ni16.87Ti8.98,6,0.0,9.92,24.41,0.0,0.0,15.82,0.0,24.0,16.87,8.98,0.0,0.0,100.00000000000001,True
CAND_04307,Co8.59Cr15.73Mn23.23Mo12.85Nb23.02Ti16.58,6,0.0,8.59,15.73,0.0,0.0,23.23,12.85,23.02,0.0,16.58,0.0,0.0,100.0,True
CAND_04308,Al18.08Co14.81Cu37.96Mn13.95Mo15.20,5,18.08,14.81,0.0,37.96,0.0,13.95,15.2,0.0,0.0,0.0,0.0,0.0,100.0,True
CAND_04309,Cr29.26Fe23.32Ni21.14V26.28,4,0.0,0.0,29.26,0.0,23.32,0.0,0.0,0.0,21.14,0.0,26.28,0.0,100.0,True
CAND_04310,Al24.72Cu37.47Ni8.05W29.76,4,24.72,0.0,0.0,37.47,0.0,0.0,0.0,0.0,8.05,0.0,0.0,29.76,100.0,True
CAND_04311,Co12.27Cu19.32Ni27.14V25.60W15.67,5,0.0,12.27,0.0,19.32,0.0,0.0,0.0,0.0,27.14,0.0,25.6,15.67,100.00000000000001,True
CAND_04312,Cr14.17Cu20.85Ni18.96Ti28.74W17.28,5,0.0,0.0,14.17,20.85,0.0,0.0,0.0,0.0,18.96,28.74,0.0,17.28,100.0,True
CAND_04313,Al44.86Cu18.42Ni24.17W12.55,4,44.86,0.0,0.0,18.42,0.0,0.0,0.0,0.0,24.17,0.0,0.0,12.55,100.0,True
CAND_04314,Al28.46Cu14.41Mn15.26Ni17.49V11.13W13.25,6,28.46,0.0,0.0,14.41,0.0,15.26,0.0,0.0,17.49,0.0,11.13,13.25,100.0,True
CAND_04315,Cr19.89Cu19.93Fe30.67Nb9.86Ni19.65,5,0.0,0.0,19.89,19.93,30.67,0.0,0.0,9.86,19.65,0.0,0.0,0.0,100.0,True
CAND_04316,Cr8.42Fe26.54Mn41.22Ni23.82,4,0.0,0.0,8.42,0.0,26.54,41.22,0.0,0.0,23.82,0.0,0.0,0.0,100.0,True
CAND_04317,Co20.56Cu20.50Mo10.70Ni9.59W38.65,5,0.0,20.56,0.0,20.5,0.0,0.0,10.7,0.0,9.59,0.0,0.0,38.65,100.0,True
CAND_04318,Cr17.30Fe16.74Mn28.44Ni37.52,4,0.0,0.0,17.3,0.0,16.74,28.44,0.0,0.0,37.52,0.0,0.0,0.0,100.0,True
CAND_04319,Cr35.71Cu14.52Ti22.10W27.67,4,0.0,0.0,35.71,14.52,0.0,0.0,0.0,0.0,0.0,22.1,0.0,27.67,100.00000000000001,True
CAND_04320,Co8.24Cu15.68Mn19.27Ni8.20Ti19.98V28.63,6,0.0,8.24,0.0,15.68,0.0,19.27,0.0,0.0,8.2,19.98,28.63,0.0,100.0,True
CAND_04321,Al26.98Co5.10Fe22.60Mn38.85Nb6.47,5,26.98,5.1,0.0,0.0,22.6,38.85,0.0,6.47,0.0,0.0,0.0,0.0,100.0,True
CAND_04322,Co20.37Cr28.50Fe33.14W17.99,4,0.0,20.37,28.5,0.0,33.14,0.0,0.0,0.0,0.0,0.0,0.0,17.99,100.0,True
CAND_04323,Cr29.26Cu17.39Nb23.66Ti16.44V13.25,5,0.0,0.0,29.26,17.39,0.0,0.0,0.0,23.66,0.0,16.44,13.25,0.0,100.0,True
CAND_04324,Al19.83Co19.64Cr13.86Nb23.63Ni23.04,5,19.83,19.64,13.86,0.0,0.0,0.0,0.0,23.63,23.04,0.0,0.0,0.0,100.0,True
CAND_04325,Cr23.61Fe15.53Mo22.52Nb10.15W28.19,5,0.0,0.0,23.61,0.0,15.53,0.0,22.52,10.15,0.0,0.0,0.0,28.19,100.0,True
CAND_04326,Al5.52Co35.93Cu15.77Mn9.80Ni12.89V20.09,6,5.52,35.93,0.0,15.77,0.0,9.8,0.0,0.0,12.89,0.0,20.09,0.0,100.0,True
CAND_04327,Cr37.27Cu12.80Mn8.93Mo19.56V21.44,5,0.0,0.0,37.27,12.8,0.0,8.93,19.56,0.0,0.0,0.0,21.44,0.0,100.0,True
CAND_04328,Al28.26Fe7.24Nb8.72Ti25.52V8.28W21.98,6,28.26,0.0,0.0,0.0,7.24,0.0,0.0,8.72,0.0,25.52,8.28,21.98,100.0,True
CAND_04329,Co15.32Cu5.11Mn33.39Nb10.16Ni20.52Ti15.50,6,0.0,15.32,0.0,5.11,0.0,33.39,0.0,10.16,20.52,15.5,0.0,0.0,100.0,True
CAND_04330,Co15.01Cr23.44Cu12.92Fe25.79Ni15.84V7.00,6,0.0,15.01,23.44,12.92,25.79,0.0,0.0,0.0,15.84,0.0,7.0,0.0,100.0,True
CAND_04331,Co30.94Cr20.05Cu10.82Mn26.64Ni11.55,5,0.0,30.94,20.05,10.82,0.0,26.64,0.0,0.0,11.55,0.0,0.0,0.0,100.0,True
CAND_04332,Al41.35Fe10.13Mn9.26Nb21.96Ti17.30,5,41.35,0.0,0.0,0.0,10.13,9.26,0.0,21.96,0.0,17.3,0.0,0.0,100.0,True
CAND_04333,Cr25.50Cu39.06Nb19.68W15.76,4,0.0,0.0,25.5,39.06,0.0,0.0,0.0,19.68,0.0,0.0,0.0,15.76,100.00000000000001,True
CAND_04334,Co12.39Cr8.98Cu14.22Fe29.39Mn7.95V27.07,6,0.0,12.39,8.98,14.22,29.39,7.95,0.0,0.0,0.0,0.0,27.07,0.0,100.0,True
CAND_04335,Cr5.90Mn31.64Nb35.95Ti15.02V11.49,5,0.0,0.0,5.9,0.0,0.0,31.64,0.0,35.95,0.0,15.02,11.49,0.0,100.0,True
CAND_04336,Al44.96Mn32.69Ni14.53V7.82,4,44.96,0.0,0.0,0.0,0.0,32.69,0.0,0.0,14.53,0.0,7.82,0.0,100.0,True
CAND_04337,Co8.74Fe10.69Mn42.88Nb5.88Ni14.36W17.45,6,0.0,8.74,0.0,0.0,10.69,42.88,0.0,5.88,14.36,0.0,0.0,17.45,100.0,True
CAND_04338,Co27.08Cu16.38Mn29.62Mo6.34Ti7.32W13.26,6,0.0,27.08,0.0,16.38,0.0,29.62,6.34,0.0,0.0,7.32,0.0,13.26,100.00000000000001,True
CAND_04339,Al10.52Mo42.98Nb20.31Ni26.19,4,10.52,0.0,0.0,0.0,0.0,0.0,42.98,20.31,26.19,0.0,0.0,0.0,100.0,True
CAND_04340,Al11.56Co8.69Cr26.81Mn21.78Ti13.23V17.93,6,11.56,8.69,26.81,0.0,0.0,21.78,0.0,0.0,0.0,13.23,17.93,0.0,100.0,True
CAND_04341,Co14.95Fe34.20Mo28.10Nb11.71Ti11.04,5,0.0,14.95,0.0,0.0,34.2,0.0,28.1,11.71,0.0,11.04,0.0,0.0,100.0,True
CAND_04342,Cr11.88Fe5.14Mo28.97Nb13.34Ni29.28Ti11.39,6,0.0,0.0,11.88,0.0,5.14,0.0,28.97,13.34,29.28,11.39,0.0,0.0,100.0,True
CAND_04343,Al33.74Fe6.51Nb38.07W21.68,4,33.74,0.0,0.0,0.0,6.51,0.0,0.0,38.07,0.0,0.0,0.0,21.68,100.0,True
CAND_04344,Fe32.86Nb25.08Ti34.67V7.39,4,0.0,0.0,0.0,0.0,32.86,0.0,0.0,25.08,0.0,34.67,7.39,0.0,100.0,True
CAND_04345,Cu29.64Mn27.82Mo10.25V9.72W22.57,5,0.0,0.0,0.0,29.64,0.0,27.82,10.25,0.0,0.0,0.0,9.72,22.57,100.0,True
CAND_04346,Al11.90Fe43.24Mn9.10Mo8.47Ti27.29,5,11.9,0.0,0.0,0.0,43.24,9.1,8.47,0.0,0.0,27.29,0.0,0.0,100.0,True
CAND_04347,Al38.07Fe23.36Mn7.05Ni11.91V5.18W14.43,6,38.07,0.0,0.0,0.0,23.36,7.05,0.0,0.0,11.91,0.0,5.18,14.43,100.0,True
CAND_04348,Cr13.79Mn42.51Nb37.96Ni5.74,4,0.0,0.0,13.79,0.0,0.0,42.51,0.0,37.96,5.74,0.0,0.0,0.0,99.99999999999999,True
CAND_04349,Cu5.98Fe30.04Mn28.02Nb17.23Ni18.73,5,0.0,0.0,0.0,5.98,30.04,28.02,0.0,17.23,18.73,0.0,0.0,0.0,100.0,True
CAND_04350,Cr23.41Cu19.10Fe15.68Ni16.70V13.98W11.13,6,0.0,0.0,23.41,19.1,15.68,0.0,0.0,0.0,16.7,0.0,13.98,11.13,100.0,True
CAND_04351,Al32.90Cr29.10Nb18.03Ti10.80W9.17,5,32.9,0.0,29.1,0.0,0.0,0.0,0.0,18.03,0.0,10.8,0.0,9.17,100.0,True
CAND_04352,Al18.64Fe18.90Mn23.29Ti17.55V11.34W10.28,6,18.64,0.0,0.0,0.0,18.9,23.29,0.0,0.0,0.0,17.55,11.34,10.28,100.0,True
CAND_04353,Co28.66Cu22.43Fe9.36Mo10.13Ni20.15W9.27,6,0.0,28.66,0.0,22.43,9.36,0.0,10.13,0.0,20.15,0.0,0.0,9.27,99.99999999999999,True
CAND_04354,Cr17.21Cu10.57Fe20.72Mo44.80Ni6.70,5,0.0,0.0,17.21,10.57,20.72,0.0,44.8,0.0,6.7,0.0,0.0,0.0,100.0,True
CAND_04355,Co39.07Fe24.30Ni22.67W13.96,4,0.0,39.07,0.0,0.0,24.3,0.0,0.0,0.0,22.67,0.0,0.0,13.96,100.0,True
CAND_04356,Co5.19Cu37.78Nb14.48Ni14.50V17.50W10.55,6,0.0,5.19,0.0,37.78,0.0,0.0,0.0,14.48,14.5,0.0,17.5,10.55,100.0,True
CAND_04357,Mo12.15Nb23.74Ti22.41W41.70,4,0.0,0.0,0.0,0.0,0.0,0.0,12.15,23.74,0.0,22.41,0.0,41.7,100.0,True
CAND_04358,Al16.31Cr20.42Fe38.16Mo25.11,4,16.31,0.0,20.42,0.0,38.16,0.0,25.11,0.0,0.0,0.0,0.0,0.0,100.0,True
CAND_04359,Al28.23Co12.97Ni25.74Ti24.55V8.51,5,28.23,12.97,0.0,0.0,0.0,0.0,0.0,0.0,25.74,24.55,8.51,0.0,100.0,True
CAND_04360,Cr27.09Fe8.45Mo26.92Nb20.50Ti17.04,5,0.0,0.0,27.09,0.0,8.45,0.0,26.92,20.5,0.0,17.04,0.0,0.0,100.0,True
CAND_04361,Al27.55Cu24.38Fe16.67Nb8.56Ti22.84,5,27.55,0.0,0.0,24.38,16.67,0.0,0.0,8.56,0.0,22.84,0.0,0.0,100.0,True
CAND_04362,Co20.86Nb12.00Ni17.42Ti7.87V9.78W32.07,6,0.0,20.86,0.0,0.0,0.0,0.0,0.0,12.0,17.42,7.87,9.78,32.07,100.0,True
CAND_04363,Co37.55Cu13.93Fe41.28Mn7.24,4,0.0,37.55,0.0,13.93,41.28,7.24,0.0,0.0,0.0,0.0,0.0,0.0,99.99999999999999,True
CAND_04364,Co25.30Mo16.90Ni15.30Ti9.46V33.04,5,0.0,25.3,0.0,0.0,0.0,0.0,16.9,0.0,15.3,9.46,33.04,0.0,100.0,True
CAND_04365,Al36.44Co12.26Cr14.64Cu13.95Mo22.71,5,36.44,12.26,14.64,13.95,0.0,0.0,22.71,0.0,0.0,0.0,0.0,0.0,100.0,True
CAND_04366,Cr18.24Mo40.85Ni18.31W22.60,4,0.0,0.0,18.24,0.0,0.0,0.0,40.85,0.0,18.31,0.0,0.0,22.6,100.0,True
CAND_04367,Al23.99Cr44.48Ni23.42Ti8.11,4,23.99,0.0,44.48,0.0,0.0,0.0,0.0,0.0,23.42,8.11,0.0,0.0,100.0,True
CAND_04368,Al16.48Cu27.03Fe8.10Nb39.11W9.28,5,16.48,0.0,0.0,27.03,8.1,0.0,0.0,39.11,0.0,0.0,0.0,9.28,100.0,True
CAND_04369,Cu43.84Mo6.74Ni22.36Ti10.34V16.72,5,0.0,0.0,0.0,43.84,0.0,0.0,6.74,0.0,22.36,10.34,16.72,0.0,100.0,True
CAND_04370,Al22.42Cr16.82Fe12.93Mo10.66Ni18.44W18.73,6,22.42,0.0,16.82,0.0,12.93,0.0,10.66,0.0,18.44,0.0,0.0,18.73,100.0,True
CAND_04371,Al36.49Co19.97Cr24.13Ni8.49Ti10.92,5,36.49,19.97,24.13,0.0,0.0,0.0,0.0,0.0,8.49,10.92,0.0,0.0,100.0,True
CAND_04372,Al16.10Cu10.21Mn13.41Mo9.21Ni29.48W21.59,6,16.1,0.0,0.0,10.21,0.0,13.41,9.21,0.0,29.48,0.0,0.0,21.59,100.0,True
CAND_04373,Co10.80Cu27.61Mo30.01Ni31.58,4,0.0,10.8,0.0,27.61,0.0,0.0,30.01,0.0,31.58,0.0,0.0,0.0,100.0,True
CAND_04374,Al11.61Co9.21Cr12.31Fe22.57Nb44.30,5,11.61,9.21,12.31,0.0,22.57,0.0,0.0,44.3,0.0,0.0,0.0,0.0,100.0,True
CAND_04375,Co8.47Cr16.05Cu14.53Mn42.41Nb18.54,5,0.0,8.47,16.05,14.53,0.0,42.41,0.0,18.54,0.0,0.0,0.0,0.0,100.0,True
CAND_04376,Al17.75Co22.67Cr20.42Cu5.01Ti34.15,5,17.75,22.67,20.42,5.01,0.0,0.0,0.0,0.0,0.0,34.15,0.0,0.0,100.0,True
CAND_04377,Al23.21Fe30.45Mn9.21Ni37.13,4,23.21,0.0,0.0,0.0,30.45,9.21,0.0,0.0,37.13,0.0,0.0,0.0,100.0,True
CAND_04378,Cu19.31Mn43.64Mo19.89Nb17.16,4,0.0,0.0,0.0,19.31,0.0,43.64,19.89,17.16,0.0,0.0,0.0,0.0,100.0,True
CAND_04379,Al21.30Co34.49Cr12.12Cu18.01Ti14.08,5,21.3,34.49,12.12,18.01,0.0,0.0,0.0,0.0,0.0,14.08,0.0,0.0,100.00000000000001,True
CAND_04380,Cu7.02Fe40.08Mn5.89Ti15.17V17.94W13.90,6,0.0,0.0,0.0,7.02,40.08,5.89,0.0,0.0,0.0,15.17,17.94,13.9,100.0,True
CAND_04381,Co19.91Cr17.54Cu23.21W39.34,4,0.0,19.91,17.54,23.21,0.0,0.0,0.0,0.0,0.0,0.0,0.0,39.34,100.0,True
CAND_04382,Co40.54Cr8.02Fe13.02Mn16.81Ti21.61,5,0.0,40.54,8.02,0.0,13.02,16.81,0.0,0.0,0.0,21.61,0.0,0.0,100.0,True
CAND_04383,Al24.53Co33.13Mo32.27V10.07,4,24.53,33.13,0.0,0.0,0.0,0.0,32.27,0.0,0.0,0.0,10.07,0.0,100.0,True
CAND_04384,Al39.80Fe20.47Mo11.61V28.12,4,39.8,0.0,0.0,0.0,20.47,0.0,11.61,0.0,0.0,0.0,28.12,0.0,100.0,True
CAND_04385,Cr33.37Mo9.23Nb18.17Ti39.23,4,0.0,0.0,33.37,0.0,0.0,0.0,9.23,18.17,0.0,39.23,0.0,0.0,100.0,True
CAND_04386,Al13.84Co13.83Fe27.40Mo31.85Ni13.08,5,13.84,13.83,0.0,0.0,27.4,0.0,31.85,0.0,13.08,0.0,0.0,0.0,100.0,True
CAND_04387,Al24.24Nb21.99Ti13.85W39.92,4,24.24,0.0,0.0,0.0,0.0,0.0,0.0,21.99,0.0,13.85,0.0,39.92,100.0,True
CAND_04388,Al42.30Cr17.43Fe17.90Mo13.68Ti8.69,5,42.3,0.0,17.43,0.0,17.9,0.0,13.68,0.0,0.0,8.69,0.0,0.0,100.0,True
CAND_04389,Al26.27Cr24.24Mn28.32Nb21.17,4,26.27,0.0,24.24,0.0,0.0,28.32,0.0,21.17,0.0,0.0,0.0,0.0,100.0,True
CAND_04390,Al34.45Cu13.18Nb22.61Ti29.76,4,34.45,0.0,0.0,13.18,0.0,0.0,0.0,22.61,0.0,29.76,0.0,0.0,100.00000000000001,True
CAND_04391,Al5.98Co14.88Cr10.15Fe32.75Mo10.51V25.73,6,5.98,14.88,10.15,0.0,32.75,0.0,10.51,0.0,0.0,0.0,25.73,0.0,100.0,True
CAND_04392,Cu44.18Mn6.93Mo22.12Nb12.31W14.46,5,0.0,0.0,0.0,44.18,0.0,6.93,22.12,12.31,0.0,0.0,0.0,14.46,100.0,True
CAND_04393,Co25.13Ni29.38V14.35W31.14,4,0.0,25.13,0.0,0.0,0.0,0.0,0.0,0.0,29.38,0.0,14.35,31.14,100.0,True
CAND_04394,Cr12.61Cu16.91Mo12.58Ni22.88W35.02,5,0.0,0.0,12.61,16.91,0.0,0.0,12.58,0.0,22.88,0.0,0.0,35.02,100.0,True
CAND_04395,Co27.58Cr9.67Cu21.87Mo40.88,4,0.0,27.58,9.67,21.87,0.0,0.0,40.88,0.0,0.0,0.0,0.0,0.0,100.0,True
CAND_04396,Co5.09Cr17.14Mn7.15Nb22.63Ni36.57V11.42,6,0.0,5.09,17.14,0.0,0.0,7.15,0.0,22.63,36.57,0.0,11.42,0.0,100.00000000000001,True
CAND_04397,Co5.93Cr34.43Mn17.14Mo7.63Nb11.82V23.05,6,0.0,5.93,34.43,0.0,0.0,17.14,7.63,11.82,0.0,0.0,23.05,0.0,99.99999999999999,True
CAND_04398,Fe27.84Mn13.74Mo15.39W43.03,4,0.0,0.0,0.0,0.0,27.84,13.74,15.39,0.0,0.0,0.0,0.0,43.03,100.0,True
CAND_04399,Cr21.87Mo19.51Ni33.27V25.35,4,0.0,0.0,21.87,0.0,0.0,0.0,19.51,0.0,33.27,0.0,25.35,0.0,100.0,True
CAND_04400,Cr24.88Fe17.47Nb16.03Ni41.62,4,0.0,0.0,24.88,0.0,17.47,0.0,0.0,16.03,41.62,0.0,0.0,0.0,100.0,True
CAND_04401,Co6.97Cr10.03Mn38.61Ni44.39,4,0.0,6.97,10.03,0.0,0.0,38.61,0.0,0.0,44.39,0.0,0.0,0.0,100.0,True
CAND_04402,Co18.32Cu29.68Nb19.73W32.27,4,0.0,18.32,0.0,29.68,0.0,0.0,0.0,19.73,0.0,0.0,0.0,32.27,100.0,True
CAND_04403,Co25.10Mo30.00Ni35.44Ti9.46,4,0.0,25.1,0.0,0.0,0.0,0.0,30.0,0.0,35.44,9.46,0.0,0.0,100.0,True
CAND_04404,Co9.79Cu18.99Fe25.51Mn17.89Mo8.25Nb19.57,6,0.0,9.79,0.0,18.99,25.51,17.89,8.25,19.57,0.0,0.0,0.0,0.0,100.0,True
CAND_04405,Mo13.07Ni18.13Ti37.93W30.87,4,0.0,0.0,0.0,0.0,0.0,0.0,13.07,0.0,18.13,37.93,0.0,30.87,100.0,True
CAND_04406,Al9.17Mo12.58Nb39.40Ni10.30V21.88W6.67,6,9.17,0.0,0.0,0.0,0.0,0.0,12.58,39.4,10.3,0.0,21.88,6.67,100.0,True
CAND_04407,Al17.27Cu10.86Nb31.00W40.87,4,17.27,0.0,0.0,10.86,0.0,0.0,0.0,31.0,0.0,0.0,0.0,40.87,100.0,True
CAND_04408,Al37.10Co16.92Cr8.97Mo21.07Ni15.94,5,37.1,16.92,8.97,0.0,0.0,0.0,21.07,0.0,15.94,0.0,0.0,0.0,100.0,True
CAND_04409,Mn5.39Nb20.21Ni20.08Ti41.06W13.26,5,0.0,0.0,0.0,0.0,0.0,5.39,0.0,20.21,20.08,41.06,0.0,13.26,100.00000000000001,True
CAND_04410,Mn40.06Mo19.98Nb6.49W33.47,4,0.0,0.0,0.0,0.0,0.0,40.06,19.98,6.49,0.0,0.0,0.0,33.47,100.0,True
CAND_04411,Al43.46Co25.13Cr8.12Fe23.29,4,43.46,25.13,8.12,0.0,23.29,0.0,0.0,0.0,0.0,0.0,0.0,0.0,100.0,True
CAND_04412,Co14.45Cr18.09Mn10.82Ni17.07V13.89W25.68,6,0.0,14.45,18.09,0.0,0.0,10.82,0.0,0.0,17.07,0.0,13.89,25.68,100.0,True
CAND_04413,Al26.36Co20.87Cu7.32Mn25.85Nb19.60,5,26.36,20.87,0.0,7.32,0.0,25.85,0.0,19.6,0.0,0.0,0.0,0.0,100.0,True
CAND_04414,Cr11.92Cu9.54Mn11.52Ti41.02W26.00,5,0.0,0.0,11.92,9.54,0.0,11.52,0.0,0.0,0.0,41.02,0.0,26.0,100.0,True
CAND_04415,Co29.23Cr7.03Cu17.62Nb10.31Ni13.50V22.31,6,0.0,29.23,7.03,17.62,0.0,0.0,0.0,10.31,13.5,0.0,22.31,0.0,100.0,True
CAND_04416,Cr29.63Fe26.19Mo9.15Ti9.22W25.81,5,0.0,0.0,29.63,0.0,26.19,0.0,9.15,0.0,0.0,9.22,0.0,25.81,100.0,True
CAND_04417,Cu26.32Mo8.25Ni33.39V32.04,4,0.0,0.0,0.0,26.32,0.0,0.0,8.25,0.0,33.39,0.0,32.04,0.0,100.0,True
CAND_04418,Al18.78Mn15.45V26.44W39.33,4,18.78,0.0,0.0,0.0,0.0,15.45,0.0,0.0,0.0,0.0,26.44,39.33,100.0,True
CAND_04419,Co21.38Cu21.58Fe34.02Nb7.40Ti15.62,5,0.0,21.38,0.0,21.58,34.02,0.0,0.0,7.4,0.0,15.62,0.0,0.0,100.0,True
CAND_04420,Al26.65Co37.72Cr10.54Ti25.09,4,26.65,37.72,10.54,0.0,0.0,0.0,0.0,0.0,0.0,25.09,0.0,0.0,100.0,True
CAND_04421,Al9.96Fe16.68Nb40.18V33.18,4,9.96,0.0,0.0,0.0,16.68,0.0,0.0,40.18,0.0,0.0,33.18,0.0,100.0,True
CAND_04422,Al12.90Cr8.75Cu10.74Ti21.87V24.62W21.12,6,12.9,0.0,8.75,10.74,0.0,0.0,0.0,0.0,0.0,21.87,24.62,21.12,100.00000000000001,True
CAND_04423,Al16.53Co9.04Cr38.93Nb19.09Ni5.11Ti11.30,6,16.53,9.04,38.93,0.0,0.0,0.0,0.0,19.09,5.11,11.3,0.0,0.0,100.0,True
CAND_04424,Al6.62Co15.20Cr11.93Mn8.56Nb36.31Ni21.38,6,6.62,15.2,11.93,0.0,0.0,8.56,0.0,36.31,21.38,0.0,0.0,0.0,100.0,True
CAND_04425,Cr10.59Nb37.41Ni35.50Ti16.50,4,0.0,0.0,10.59,0.0,0.0,0.0,0.0,37.41,35.5,16.5,0.0,0.0,100.0,True
CAND_04426,Cr10.69Cu22.51Fe15.35Mo15.18V26.90W9.37,6,0.0,0.0,10.69,22.51,15.35,0.0,15.18,0.0,0.0,0.0,26.9,9.37,100.0,True
CAND_04427,Co7.54Nb25.34Ti27.11V40.01,4,0.0,7.54,0.0,0.0,0.0,0.0,0.0,25.34,0.0,27.11,40.01,0.0,100.0,True
CAND_04428,Cr21.89Cu9.90Ni29.20Ti18.96V20.05,5,0.0,0.0,21.89,9.9,0.0,0.0,0.0,0.0,29.2,18.96,20.05,0.0,99.99999999999999,True
CAND_04429,Co12.65Fe28.80Nb40.68V17.87,4,0.0,12.65,0.0,0.0,28.8,0.0,0.0,40.68,0.0,0.0,17.87,0.0,100.0,True
CAND_04430,Al18.15Co30.82Mn16.44Nb20.04W14.55,5,18.15,30.82,0.0,0.0,0.0,16.44,0.0,20.04,0.0,0.0,0.0,14.55,99.99999999999999,True
CAND_04431,Nb35.54Ni16.99V39.51W7.96,4,0.0,0.0,0.0,0.0,0.0,0.0,0.0,35.54,16.99,0.0,39.51,7.96,99.99999999999999,True
CAND_04432,Fe22.92Mn25.44Ni29.16Ti22.48,4,0.0,0.0,0.0,0.0,22.92,25.44,0.0,0.0,29.16,22.48,0.0,0.0,100.0,True
CAND_04433,Al8.70Cr11.91Mn28.63Ti23.61V21.93W5.22,6,8.7,0.0,11.91,0.0,0.0,28.63,0.0,0.0,0.0,23.61,21.93,5.22,100.0,True
CAND_04434,Cr40.86Mn26.47Ni6.36V26.31,4,0.0,0.0,40.86,0.0,0.0,26.47,0.0,0.0,6.36,0.0,26.31,0.0,100.0,True
CAND_04435,Cu16.32Nb37.85Ni23.14Ti6.98W15.71,5,0.0,0.0,0.0,16.32,0.0,0.0,0.0,37.85,23.14,6.98,0.0,15.71,100.0,True
CAND_04436,Al10.57Cr28.83Fe11.26Mo12.64Nb25.48Ti11.22,6,10.57,0.0,28.83,0.0,11.26,0.0,12.64,25.48,0.0,11.22,0.0,0.0,100.0,True
CAND_04437,Al8.80Fe24.20Mn24.08V17.24W25.68,5,8.8,0.0,0.0,0.0,24.2,24.08,0.0,0.0,0.0,0.0,17.24,25.68,100.0,True
CAND_04438,Al36.84Cr30.36Mo5.06Ni16.10Ti11.64,5,36.84,0.0,30.36,0.0,0.0,0.0,5.06,0.0,16.1,11.64,0.0,0.0,100.00000000000001,True
CAND_04439,Al12.83Mo11.44Nb6.70Ni23.76V35.92W9.35,6,12.83,0.0,0.0,0.0,0.0,0.0,11.44,6.7,23.76,0.0,35.92,9.35,100.0,True
CAND_04440,Co11.99Cr32.77Mo17.21Ti38.03,4,0.0,11.99,32.77,0.0,0.0,0.0,17.21,0.0,0.0,38.03,0.0,0.0,100.0,True
CAND_04441,Al36.23Cr13.58Mo12.78Nb27.49V9.92,5,36.23,0.0,13.58,0.0,0.0,0.0,12.78,27.49,0.0,0.0,9.92,0.0,100.0,True
CAND_04442,Al19.71Cr32.85Mn23.58Nb15.63V8.23,5,19.71,0.0,32.85,0.0,0.0,23.58,0.0,15.63,0.0,0.0,8.23,0.0,100.0,True
CAND_04443,Cu33.39Fe10.72Mo39.92Ti8.26V7.71,5,0.0,0.0,0.0,33.39,10.72,0.0,39.92,0.0,0.0,8.26,7.71,0.0,100.0,True
CAND_04444,Co21.27Fe10.70Mo7.05Ni30.53Ti12.32V18.13,6,0.0,21.27,0.0,0.0,10.7,0.0,7.05,0.0,30.53,12.32,18.13,0.0,100.0,True
CAND_04445,Al8.32Cu23.87Mo21.16Nb28.16V18.49,5,8.32,0.0,0.0,23.87,0.0,0.0,21.16,28.16,0.0,0.0,18.49,0.0,99.99999999999999,True
CAND_04446,Co5.17Mn7.85Mo30.73Ti31.11V25.14,5,0.0,5.17,0.0,0.0,0.0,7.85,30.73,0.0,0.0,31.11,25.14,0.0,100.0,True
CAND_04447,Al30.74Cr20.78Mo31.90W16.58,4,30.74,0.0,20.78,0.0,0.0,0.0,31.9,0.0,0.0,0.0,0.0,16.58,99.99999999999999,True
CAND_04448,Al16.84Cu13.21Mo19.30Nb14.58Ni6.66Ti29.41,6,16.84,0.0,0.0,13.21,0.0,0.0,19.3,14.58,6.66,29.41,0.0,0.0,100.0,True
CAND_04449,Co11.81Cu23.04Fe13.11Ni10.56Ti20.45W21.03,6,0.0,11.81,0.0,23.04,13.11,0.0,0.0,0.0,10.56,20.45,0.0,21.03,100.0,True
CAND_04450,Co15.80Cr12.43Nb7.62Ti5.75V39.29W19.11,6,0.0,15.8,12.43,0.0,0.0,0.0,0.0,7.62,0.0,5.75,39.29,19.11,100.0,True
CAND_04451,Co18.34Cr36.31Cu16.95Fe28.40,4,0.0,18.34,36.31,16.95,28.4,0.0,0.0,0.0,0.0,0.0,0.0,0.0,100.0,True
CAND_04452,Al30.88Cu22.55Mn29.99Ti16.58,4,30.88,0.0,0.0,22.55,0.0,29.99,0.0,0.0,0.0,16.58,0.0,0.0,100.0,True
CAND_04453,Al31.48Cr6.36Mn5.52Ni26.13Ti18.36W12.15,6,31.48,0.0,6.36,0.0,0.0,5.52,0.0,0.0,26.13,18.36,0.0,12.15,100.0,True
CAND_04454,Al28.25Fe26.66Nb20.51Ni6.50Ti18.08,5,28.25,0.0,0.0,0.0,26.66,0.0,0.0,20.51,6.5,18.08,0.0,0.0,100.0,True
CAND_04455,Al16.04Co5.67Mo23.16Nb10.12Ti35.11W9.90,6,16.04,5.67,0.0,0.0,0.0,0.0,23.16,10.12,0.0,35.11,0.0,9.9,100.0,True
CAND_04456,Al9.77Cr26.12Mo41.03Ni12.46W10.62,5,9.77,0.0,26.12,0.0,0.0,0.0,41.03,0.0,12.46,0.0,0.0,10.62,100.0,True
CAND_04457,Co35.70Mo16.28Ni6.43V24.45W17.14,5,0.0,35.7,0.0,0.0,0.0,0.0,16.28,0.0,6.43,0.0,24.45,17.14,100.0,True
CAND_04458,Al12.46Co32.91Cr9.86Cu20.45Mn24.32,5,12.46,32.91,9.86,20.45,0.0,24.32,0.0,0.0,0.0,0.0,0.0,0.0,100.0,True
CAND_04459,Al38.18Fe20.39Mo9.95Ti31.48,4,38.18,0.0,0.0,0.0,20.39,0.0,9.95,0.0,0.0,31.48,0.0,0.0,100.0,True
CAND_04460,Al26.21Cr16.06Ti37.64W20.09,4,26.21,0.0,16.06,0.0,0.0,0.0,0.0,0.0,0.0,37.64,0.0,20.09,100.0,True
CAND_04461,Co8.28Cu18.67Mo19.73Ni8.75W44.57,5,0.0,8.28,0.0,18.67,0.0,0.0,19.73,0.0,8.75,0.0,0.0,44.57,100.0,True
CAND_04462,Al39.68Fe11.34Ni8.53V40.45,4,39.68,0.0,0.0,0.0,11.34,0.0,0.0,0.0,8.53,0.0,40.45,0.0,100.0,True
CAND_04463,Al9.20Cr41.25Mo24.77Ti24.78,4,9.2,0.0,41.25,0.0,0.0,0.0,24.77,0.0,0.0,24.78,0.0,0.0,100.0,True
CAND_04464,Cr13.70Fe8.22Mn24.72Ni32.11Ti21.25,5,0.0,0.0,13.7,0.0,8.22,24.72,0.0,0.0,32.11,21.25,0.0,0.0,100.0,True
CAND_04465,Co35.54Cu27.80Fe9.35Ti15.35V11.96,5,0.0,35.54,0.0,27.8,9.35,0.0,0.0,0.0,0.0,15.35,11.96,0.0,100.0,True
CAND_04466,Fe18.00Ni9.90Ti27.16V44.94,4,0.0,0.0,0.0,0.0,18.0,0.0,0.0,0.0,9.9,27.16,44.94,0.0,100.0,True
CAND_04467,Al36.23Co7.15Cr22.66Fe17.86Ti16.10,5,36.23,7.15,22.66,0.0,17.86,0.0,0.0,0.0,0.0,16.1,0.0,0.0,100.0,True
CAND_04468,Al15.65Cr24.41Cu16.79Ni43.15,4,15.65,0.0,24.41,16.79,0.0,0.0,0.0,0.0,43.15,0.0,0.0,0.0,100.0,True
CAND_04469,Cu17.94Fe21.62Mn21.55Nb27.60V11.29,5,0.0,0.0,0.0,17.94,21.62,21.55,0.0,27.6,0.0,0.0,11.29,0.0,100.0,True
CAND_04470,Al22.87Fe8.70Nb7.26Ni30.48W30.69,5,22.87,0.0,0.0,0.0,8.7,0.0,0.0,7.26,30.48,0.0,0.0,30.69,100.0,True
CAND_04471,Al15.91Co16.07Cu12.55Mn17.15Mo38.32,5,15.91,16.07,0.0,12.55,0.0,17.15,38.32,0.0,0.0,0.0,0.0,0.0,100.0,True
CAND_04472,Cu25.05Mn33.86Nb30.46W10.63,4,0.0,0.0,0.0,25.05,0.0,33.86,0.0,30.46,0.0,0.0,0.0,10.63,100.0,True
CAND_04473,Al26.92Cr15.89Nb15.50Ni8.02Ti33.67,5,26.92,0.0,15.89,0.0,0.0,0.0,0.0,15.5,8.02,33.67,0.0,0.0,100.0,True
CAND_04474,Al9.55Co22.16Cu19.00Mo23.00Ti11.45V14.84,6,9.55,22.16,0.0,19.0,0.0,0.0,23.0,0.0,0.0,11.45,14.84,0.0,100.00000000000001,True
CAND_04475,Cr23.94Cu39.76Fe11.24W25.06,4,0.0,0.0,23.94,39.76,11.24,0.0,0.0,0.0,0.0,0.0,0.0,25.06,100.0,True
CAND_04476,Cu17.61Fe17.34Mo6.59Ni9.61Ti10.94W37.91,6,0.0,0.0,0.0,17.61,17.34,0.0,6.59,0.0,9.61,10.94,0.0,37.91,100.0,True
CAND_04477,Cr9.64Cu9.74Fe41.45Nb16.84V10.50W11.83,6,0.0,0.0,9.64,9.74,41.45,0.0,0.0,16.84,0.0,0.0,10.5,11.83,100.0,True
CAND_04478,Co16.47Cr14.20Mo27.22Ni9.12V32.99,5,0.0,16.47,14.2,0.0,0.0,0.0,27.22,0.0,9.12,0.0,32.99,0.0,100.0,True
CAND_04479,Co22.45Cr33.20Nb15.88Ni6.41W22.06,5,0.0,22.45,33.2,0.0,0.0,0.0,0.0,15.88,6.41,0.0,0.0,22.06,100.0,True
CAND_04480,Co14.28Fe32.73Ni22.10Ti16.44V14.45,5,0.0,14.28,0.0,0.0,32.73,0.0,0.0,0.0,22.1,16.44,14.45,0.0,100.0,True
CAND_04481,Al33.57Fe14.07Ni15.46Ti7.05W29.85,5,33.57,0.0,0.0,0.0,14.07,0.0,0.0,0.0,15.46,7.05,0.0,29.85,100.0,True
CAND_04482,Co19.14Cu27.17Nb32.56Ni21.13,4,0.0,19.14,0.0,27.17,0.0,0.0,0.0,32.56,21.13,0.0,0.0,0.0,100.0,True
CAND_04483,Co10.78Fe20.42Nb41.70V27.10,4,0.0,10.78,0.0,0.0,20.42,0.0,0.0,41.7,0.0,0.0,27.1,0.0,100.0,True
CAND_04484,Co8.74Cu32.19Mn11.55Nb31.95Ni7.68Ti7.89,6,0.0,8.74,0.0,32.19,0.0,11.55,0.0,31.95,7.68,7.89,0.0,0.0,100.00000000000001,True
CAND_04485,Cr29.33Mo9.71Nb31.11Ni20.87Ti8.98,5,0.0,0.0,29.33,0.0,0.0,0.0,9.71,31.11,20.87,8.98,0.0,0.0,100.00000000000001,True
CAND_04486,Cu5.98Mn9.84Ni36.81V25.26W22.11,5,0.0,0.0,0.0,5.98,0.0,9.84,0.0,0.0,36.81,0.0,25.26,22.11,100.0,True
CAND_04487,Al28.91Cr29.86Cu21.06V14.44W5.73,5,28.91,0.0,29.86,21.06,0.0,0.0,0.0,0.0,0.0,0.0,14.44,5.73,100.0,True
CAND_04488,Fe29.77Nb26.05Ti25.74V18.44,4,0.0,0.0,0.0,0.0,29.77,0.0,0.0,26.05,0.0,25.74,18.44,0.0,100.0,True
CAND_04489,Al19.20Cr21.85Fe12.21Nb23.68Ni15.92V7.14,6,19.2,0.0,21.85,0.0,12.21,0.0,0.0,23.68,15.92,0.0,7.14,0.0,100.0,True
CAND_04490,Al6.03Co14.21Cr34.06Nb35.89W9.81,5,6.03,14.21,34.06,0.0,0.0,0.0,0.0,35.89,0.0,0.0,0.0,9.81,100.0,True
CAND_04491,Fe6.59Mo42.33Ti25.75V25.33,4,0.0,0.0,0.0,0.0,6.59,0.0,42.33,0.0,0.0,25.75,25.33,0.0,100.0,True
CAND_04492,Al17.02Cu14.19Fe17.31Ni9.21V18.81W23.46,6,17.02,0.0,0.0,14.19,17.31,0.0,0.0,0.0,9.21,0.0,18.81,23.46,100.0,True
CAND_04493,Mn8.73Nb29.63Ti28.20W33.44,4,0.0,0.0,0.0,0.0,0.0,8.73,0.0,29.63,0.0,28.2,0.0,33.44,100.0,True
CAND_04494,Co41.49Cu25.50Mo14.72V10.83W7.46,5,0.0,41.49,0.0,25.5,0.0,0.0,14.72,0.0,0.0,0.0,10.83,7.46,100.0,True
CAND_04495,Al33.07Co9.90Nb31.57Ti5.34V20.12,5,33.07,9.9,0.0,0.0,0.0,0.0,0.0,31.57,0.0,5.34,20.12,0.0,100.0,True
CAND_04496,Al30.33Mn27.06Mo15.80Ti26.81,4,30.33,0.0,0.0,0.0,0.0,27.06,15.8,0.0,0.0,26.81,0.0,0.0,100.0,True
CAND_04497,Al19.43Co31.38Fe10.83Mo23.38Ni8.83Ti6.15,6,19.43,31.38,0.0,0.0,10.83,0.0,23.38,0.0,8.83,6.15,0.0,0.0,100.0,True
CAND_04498,Cu17.24Fe22.60Nb11.37Ni42.84Ti5.95,5,0.0,0.0,0.0,17.24,22.6,0.0,0.0,11.37,42.84,5.95,0.0,0.0,100.00000000000001,True
CAND_04499,Co28.24Fe8.29Nb21.59V41.88,4,0.0,28.24,0.0,0.0,8.29,0.0,0.0,21.59,0.0,0.0,41.88,0.0,100.0,True
CAND_04500,Cr6.01Cu18.44Fe12.03Mn15.90V15.86W31.76,6,0.0,0.0,6.01,18.44,12.03,15.9,0.0,0.0,0.0,0.0,15.86,31.76,100.00000000000001,True
CAND_04501,Cr26.67Cu27.09Mn15.12Mo31.12,4,0.0,0.0,26.67,27.09,0.0,15.12,31.12,0.0,0.0,0.0,0.0,0.0,100.00000000000001,True
CAND_04502,Al13.11Cr13.41Fe29.03Mn34.94Nb9.51,5,13.11,0.0,13.41,0.0,29.03,34.94,0.0,9.51,0.0,0.0,0.0,0.0,100.0,True
CAND_04503,Al24.55Co22.72Fe37.46Ni15.27,4,24.55,22.72,0.0,0.0,37.46,0.0,0.0,0.0,15.27,0.0,0.0,0.0,99.99999999999999,True
CAND_04504,Fe40.25Mn9.29Mo19.30Ni22.87Ti8.29,5,0.0,0.0,0.0,0.0,40.25,9.29,19.3,0.0,22.87,8.29,0.0,0.0,100.0,True
CAND_04505,Al33.28Co6.18Nb6.71Ni27.86V25.97,5,33.28,6.18,0.0,0.0,0.0,0.0,0.0,6.71,27.86,0.0,25.97,0.0,100.0,True
CAND_04506,Al23.65Cr17.75Fe24.27Mn25.33W9.00,5,23.65,0.0,17.75,0.0,24.27,25.33,0.0,0.0,0.0,0.0,0.0,9.0,100.0,True
CAND_04507,Al24.81Co20.89Cr24.26Mo18.68V11.36,5,24.81,20.89,24.26,0.0,0.0,0.0,18.68,0.0,0.0,0.0,11.36,0.0,100.00000000000001,True
CAND_04508,Fe20.06Mn30.83Nb18.72V30.39,4,0.0,0.0,0.0,0.0,20.06,30.83,0.0,18.72,0.0,0.0,30.39,0.0,100.0,True
CAND_04509,Al18.91Cr19.05Fe12.66Ni13.97V13.84W21.57,6,18.91,0.0,19.05,0.0,12.66,0.0,0.0,0.0,13.97,0.0,13.84,21.57,100.0,True
CAND_04510,Al41.95Ni40.08Ti8.33W9.64,4,41.95,0.0,0.0,0.0,0.0,0.0,0.0,0.0,40.08,8.33,0.0,9.64,100.0,True
CAND_04511,Co8.33Cr23.79Cu14.59Nb28.38Ni11.21V13.70,6,0.0,8.33,23.79,14.59,0.0,0.0,0.0,28.38,11.21,0.0,13.7,0.0,99.99999999999999,True
CAND_04512,Co17.94Cr26.04Nb19.15V36.87,4,0.0,17.94,26.04,0.0,0.0,0.0,0.0,19.15,0.0,0.0,36.87,0.0,100.0,True
CAND_04513,Co14.82Cr21.56Mn19.67W43.95,4,0.0,14.82,21.56,0.0,0.0,19.67,0.0,0.0,0.0,0.0,0.0,43.95,100.0,True
CAND_04514,Al24.59Co7.55Ni28.31Ti22.73V16.82,5,24.59,7.55,0.0,0.0,0.0,0.0,0.0,0.0,28.31,22.73,16.82,0.0,100.0,True
CAND_04515,Cr22.51Cu16.20Mn20.12Ni10.59V11.96W18.62,6,0.0,0.0,22.51,16.2,0.0,20.12,0.0,0.0,10.59,0.0,11.96,18.62,100.0,True
CAND_04516,Al12.45Mo39.80Ti37.54W10.21,4,12.45,0.0,0.0,0.0,0.0,0.0,39.8,0.0,0.0,37.54,0.0,10.21,100.0,True
CAND_04517,Cr14.30Mo31.50Nb40.77V13.43,4,0.0,0.0,14.3,0.0,0.0,0.0,31.5,40.77,0.0,0.0,13.43,0.0,100.0,True
CAND_04518,Al6.17Cr11.26Cu25.44Nb20.78Ti17.02V19.33,6,6.17,0.0,11.26,25.44,0.0,0.0,0.0,20.78,0.0,17.02,19.33,0.0,100.0,True
CAND_04519,Al5.42Co34.45Cu6.80Fe36.82Ti16.51,5,5.42,34.45,0.0,6.8,36.82,0.0,0.0,0.0,0.0,16.51,0.0,0.0,100.00000000000001,True
CAND_04520,Al13.79Cu29.45Fe14.68Mo17.31Ni24.77,5,13.79,0.0,0.0,29.45,14.68,0.0,17.31,0.0,24.77,0.0,0.0,0.0,99.99999999999999,True
CAND_04521,Al29.05Fe11.64Nb30.34Ti9.81W19.16,5,29.05,0.0,0.0,0.0,11.64,0.0,0.0,30.34,0.0,9.81,0.0,19.16,100.0,True
CAND_04522,Al38.86Co29.45Cr20.10V11.59,4,38.86,29.45,20.1,0.0,0.0,0.0,0.0,0.0,0.0,0.0,11.59,0.0,100.0,True
CAND_04523,Al5.11Cr12.88Mo36.20Nb17.48Ni14.20V14.13,6,5.11,0.0,12.88,0.0,0.0,0.0,36.2,17.48,14.2,0.0,14.13,0.0,100.0,True
CAND_04524,Co20.71Cr23.13Fe14.38Nb13.56Ni14.78W13.44,6,0.0,20.71,23.13,0.0,14.38,0.0,0.0,13.56,14.78,0.0,0.0,13.44,100.0,True
CAND_04525,Mo16.06Ni28.77V23.35W31.82,4,0.0,0.0,0.0,0.0,0.0,0.0,16.06,0.0,28.77,0.0,23.35,31.82,100.0,True
CAND_04526,Cr32.59Cu16.59Mn17.23Ni20.87W12.72,5,0.0,0.0,32.59,16.59,0.0,17.23,0.0,0.0,20.87,0.0,0.0,12.72,100.00000000000001,True
CAND_04527,Al22.86Co5.20Mo25.37Ni7.14Ti23.09W16.34,6,22.86,5.2,0.0,0.0,0.0,0.0,25.37,0.0,7.14,23.09,0.0,16.34,100.0,True
CAND_04528,Al44.20Mn17.76Ti26.63V11.41,4,44.2,0.0,0.0,0.0,0.0,17.76,0.0,0.0,0.0,26.63,11.41,0.0,100.0,True
CAND_04529,Co13.43Cu16.03Fe21.17Mn5.45Ni24.61Ti19.31,6,0.0,13.43,0.0,16.03,21.17,5.45,0.0,0.0,24.61,19.31,0.0,0.0,100.0,True
CAND_04530,Cu23.47Mo21.32Nb25.65V23.08W6.48,5,0.0,0.0,0.0,23.47,0.0,0.0,21.32,25.65,0.0,0.0,23.08,6.48,100.0,True
CAND_04531,Fe30.14Mo7.03Ni25.79Ti13.43V15.44W8.17,6,0.0,0.0,0.0,0.0,30.14,0.0,7.03,0.0,25.79,13.43,15.44,8.17,100.0,True
CAND_04532,Co12.20Fe43.10Nb36.51Ti8.19,4,0.0,12.2,0.0,0.0,43.1,0.0,0.0,36.51,0.0,8.19,0.0,0.0,100.0,True
CAND_04533,Nb33.64Ti17.71V38.38W10.27,4,0.0,0.0,0.0,0.0,0.0,0.0,0.0,33.64,0.0,17.71,38.38,10.27,100.0,True
CAND_04534,Mn13.16Mo18.23Nb32.65V35.96,4,0.0,0.0,0.0,0.0,0.0,13.16,18.23,32.65,0.0,0.0,35.96,0.0,100.0,True
CAND_04535,Al17.94Cu24.14Mo5.37Nb16.22Ni12.48V23.85,6,17.94,0.0,0.0,24.14,0.0,0.0,5.37,16.22,12.48,0.0,23.85,0.0,100.0,True
CAND_04536,Co9.79Cr32.71Nb36.90V20.60,4,0.0,9.79,32.71,0.0,0.0,0.0,0.0,36.9,0.0,0.0,20.6,0.0,100.0,True
CAND_04537,Cu26.33Nb18.33Ti22.12V18.31W14.91,5,0.0,0.0,0.0,26.33,0.0,0.0,0.0,18.33,0.0,22.12,18.31,14.91,100.0,True
CAND_04538,Co22.53Fe17.66Mo20.52Nb17.42Ni21.87,5,0.0,22.53,0.0,0.0,17.66,0.0,20.52,17.42,21.87,0.0,0.0,0.0,100.0,True
CAND_04539,Cu11.36Mn33.63Nb11.10Ni7.26V27.38W9.27,6,0.0,0.0,0.0,11.36,0.0,33.63,0.0,11.1,7.26,0.0,27.38,9.27,100.0,True
CAND_04540,Al25.48Fe29.14Mn24.19Ti21.19,4,25.48,0.0,0.0,0.0,29.14,24.19,0.0,0.0,0.0,21.19,0.0,0.0,100.0,True
CAND_04541,Cr6.49Cu7.47Mn8.20Nb9.83Ni36.03W31.98,6,0.0,0.0,6.49,7.47,0.0,8.2,0.0,9.83,36.03,0.0,0.0,31.98,100.00000000000001,True
CAND_04542,Co21.40Cr20.01Mo44.40Ti14.19,4,0.0,21.4,20.01,0.0,0.0,0.0,44.4,0.0,0.0,14.19,0.0,0.0,100.0,True
CAND_04543,Al9.28Co29.79Cr15.79Fe25.28Ti7.77V12.09,6,9.28,29.79,15.79,0.0,25.28,0.0,0.0,0.0,0.0,7.77,12.09,0.0,100.0,True
CAND_04544,Co22.88Fe7.43Mo12.97Ti17.39V11.98W27.35,6,0.0,22.88,0.0,0.0,7.43,0.0,12.97,0.0,0.0,17.39,11.98,27.35,100.0,True
CAND_04545,Co25.79Fe8.76Ti30.34V35.11,4,0.0,25.79,0.0,0.0,8.76,0.0,0.0,0.0,0.0,30.34,35.11,0.0,100.0,True
CAND_04546,Co39.78Fe10.72Ti13.78V14.76W20.96,5,0.0,39.78,0.0,0.0,10.72,0.0,0.0,0.0,0.0,13.78,14.76,20.96,100.0,True
CAND_04547,Co17.12Cu14.71Mn32.80Nb16.69Ti18.68,5,0.0,17.12,0.0,14.71,0.0,32.8,0.0,16.69,0.0,18.68,0.0,0.0,100.0,True
CAND_04548,Fe15.42Nb5.89Ni37.77W40.92,4,0.0,0.0,0.0,0.0,15.42,0.0,0.0,5.89,37.77,0.0,0.0,40.92,100.0,True
CAND_04549,Co25.66Cu17.25Mn18.79Ti23.60V14.70,5,0.0,25.66,0.0,17.25,0.0,18.79,0.0,0.0,0.0,23.6,14.7,0.0,100.0,True
CAND_04550,Al34.26Cr25.34Mn19.19Nb21.21,4,34.26,0.0,25.34,0.0,0.0,19.19,0.0,21.21,0.0,0.0,0.0,0.0,100.0,True
CAND_04551,Co19.83Fe9.21Mn16.47Mo14.11Ti14.19V26.19,6,0.0,19.83,0.0,0.0,9.21,16.47,14.11,0.0,0.0,14.19,26.19,0.0,100.0,True
CAND_04552,Al37.71Co16.51Fe13.11Mo16.03W16.64,5,37.71,16.51,0.0,0.0,13.11,0.0,16.03,0.0,0.0,0.0,0.0,16.64,100.0,True
CAND_04553,Al20.36Mo15.88Ni42.30Ti15.52W5.94,5,20.36,0.0,0.0,0.0,0.0,0.0,15.88,0.0,42.3,15.52,0.0,5.94,99.99999999999999,True
CAND_04554,Co12.08Cu14.90Mo23.75Ti9.36V39.91,5,0.0,12.08,0.0,14.9,0.0,0.0,23.75,0.0,0.0,9.36,39.91,0.0,100.0,True
CAND_04555,Al15.69Cu15.40Fe8.55Mn15.79Ni23.20W21.37,6,15.69,0.0,0.0,15.4,8.55,15.79,0.0,0.0,23.2,0.0,0.0,21.37,100.0,True
CAND_04556,Fe27.40Mn9.99Nb24.58Ti9.66V10.38W17.99,6,0.0,0.0,0.0,0.0,27.4,9.99,0.0,24.58,0.0,9.66,10.38,17.99,99.99999999999999,True
CAND_04557,Al29.31Co30.64Mn12.65Nb8.35Ni11.91W7.14,6,29.31,30.64,0.0,0.0,0.0,12.65,0.0,8.35,11.91,0.0,0.0,7.14,100.0,True
CAND_04558,Cu29.31Fe9.58Mo27.04Ni20.67Ti13.40,5,0.0,0.0,0.0,29.31,9.58,0.0,27.04,0.0,20.67,13.4,0.0,0.0,100.00000000000001,True
CAND_04559,Co13.12Fe18.99Mn8.88Mo38.61V20.40,5,0.0,13.12,0.0,0.0,18.99,8.88,38.61,0.0,0.0,0.0,20.4,0.0,100.0,True
CAND_04560,Al12.80Fe14.38Mo31.01Ni16.17V25.64,5,12.8,0.0,0.0,0.0,14.38,0.0,31.01,0.0,16.17,0.0,25.64,0.0,100.0,True
CAND_04561,Co16.45Cu25.04Mn16.29Nb8.06V34.16,5,0.0,16.45,0.0,25.04,0.0,16.29,0.0,8.06,0.0,0.0,34.16,0.0,99.99999999999999,True
CAND_04562,Al15.15Cu34.11Fe14.38Mn30.75W5.61,5,15.15,0.0,0.0,34.11,14.38,30.75,0.0,0.0,0.0,0.0,0.0,5.61,100.0,True
CAND_04563,Co20.48Fe14.94Mo19.46Nb20.32Ni9.91V14.89,6,0.0,20.48,0.0,0.0,14.94,0.0,19.46,20.32,9.91,0.0,14.89,0.0,100.0,True
CAND_04564,Co29.09Cu9.72Fe37.50W23.69,4,0.0,29.09,0.0,9.72,37.5,0.0,0.0,0.0,0.0,0.0,0.0,23.69,100.0,True
CAND_04565,Co16.75Mn38.37Ni7.31Ti37.57,4,0.0,16.75,0.0,0.0,0.0,38.37,0.0,0.0,7.31,37.57,0.0,0.0,100.0,True
CAND_04566,Co35.11Cr13.17Fe11.23Nb13.51V26.98,5,0.0,35.11,13.17,0.0,11.23,0.0,0.0,13.51,0.0,0.0,26.98,0.0,100.00000000000001,True
CAND_04567,Cu33.01Fe27.51Nb31.78V7.70,4,0.0,0.0,0.0,33.01,27.51,0.0,0.0,31.78,0.0,0.0,7.7,0.0,100.0,True
CAND_04568,Cr26.80Cu10.92Mn33.71Ti8.11W20.46,5,0.0,0.0,26.8,10.92,0.0,33.71,0.0,0.0,0.0,8.11,0.0,20.46,100.0,True
CAND_04569,Co9.15Cr9.33Cu21.51Mn38.84W21.17,5,0.0,9.15,9.33,21.51,0.0,38.84,0.0,0.0,0.0,0.0,0.0,21.17,100.00000000000001,True
CAND_04570,Al35.91Co21.41Mo17.79Ni24.89,4,35.91,21.41,0.0,0.0,0.0,0.0,17.79,0.0,24.89,0.0,0.0,0.0,99.99999999999999,True
CAND_04571,Cr8.00Cu29.88Mo29.03Ni6.03V27.06,5,0.0,0.0,8.0,29.88,0.0,0.0,29.03,0.0,6.03,0.0,27.06,0.0,100.0,True
CAND_04572,Al23.18Co28.17Fe11.98Mn20.04Nb16.63,5,23.18,28.17,0.0,0.0,11.98,20.04,0.0,16.63,0.0,0.0,0.0,0.0,100.0,True
CAND_04573,Cu21.47Mn16.23Mo12.68Nb17.12Ni25.40V7.10,6,0.0,0.0,0.0,21.47,0.0,16.23,12.68,17.12,25.4,0.0,7.1,0.0,100.0,True
CAND_04574,Co19.10Cr20.66Mo8.25Nb18.24Ni11.68W22.07,6,0.0,19.1,20.66,0.0,0.0,0.0,8.25,18.24,11.68,0.0,0.0,22.07,100.0,True
CAND_04575,Al20.76Cr16.96Mo26.88Nb18.36Ti17.04,5,20.76,0.0,16.96,0.0,0.0,0.0,26.88,18.36,0.0,17.04,0.0,0.0,100.0,True
CAND_04576,Al6.16Cu8.04Mn33.52Nb26.55Ni25.73,5,6.16,0.0,0.0,8.04,0.0,33.52,0.0,26.55,25.73,0.0,0.0,0.0,100.0,True
CAND_04577,Cr15.66Fe28.69Ni26.32W29.33,4,0.0,0.0,15.66,0.0,28.69,0.0,0.0,0.0,26.32,0.0,0.0,29.33,100.0,True
CAND_04578,Co9.53Mn30.15Ni6.89Ti43.01W10.42,5,0.0,9.53,0.0,0.0,0.0,30.15,0.0,0.0,6.89,43.01,0.0,10.42,100.0,True
CAND_04579,Co14.16Cr26.47Mn16.07Nb7.47Ni35.83,5,0.0,14.16,26.47,0.0,0.0,16.07,0.0,7.47,35.83,0.0,0.0,0.0,100.0,True
CAND_04580,Mo29.77Ti32.87V22.72W14.64,4,0.0,0.0,0.0,0.0,0.0,0.0,29.77,0.0,0.0,32.87,22.72,14.64,100.0,True
CAND_04581,Co23.78Mn13.62V44.14W18.46,4,0.0,23.78,0.0,0.0,0.0,13.62,0.0,0.0,0.0,0.0,44.14,18.46,100.0,True
CAND_04582,Cu14.29Mo30.45Nb22.51Ni18.78Ti13.97,5,0.0,0.0,0.0,14.29,0.0,0.0,30.45,22.51,18.78,13.97,0.0,0.0,100.0,True
CAND_04583,Co10.48Cu15.42Mn34.45Ni29.79Ti9.86,5,0.0,10.48,0.0,15.42,0.0,34.45,0.0,0.0,29.79,9.86,0.0,0.0,100.0,True
CAND_04584,Al9.26Co25.14Cu18.35Nb12.56Ni34.69,5,9.26,25.14,0.0,18.35,0.0,0.0,0.0,12.56,34.69,0.0,0.0,0.0,100.0,True
CAND_04585,Cr20.94Cu10.25Fe8.60Mo8.59Ni22.77V28.85,6,0.0,0.0,20.94,10.25,8.6,0.0,8.59,0.0,22.77,0.0,28.85,0.0,100.0,True
CAND_04586,Cr44.33Mo7.55Ti23.97V24.15,4,0.0,0.0,44.33,0.0,0.0,0.0,7.55,0.0,0.0,23.97,24.15,0.0,100.0,True
CAND_04587,Co11.21Mo33.01Nb23.24V17.13W15.41,5,0.0,11.21,0.0,0.0,0.0,0.0,33.01,23.24,0.0,0.0,17.13,15.41,99.99999999999999,True
CAND_04588,Cu28.29Fe12.31Ni29.86Ti19.93V9.61,5,0.0,0.0,0.0,28.29,12.31,0.0,0.0,0.0,29.86,19.93,9.61,0.0,100.00000000000001,True
CAND_04589,Fe40.40Mo10.86Ni17.19Ti31.55,4,0.0,0.0,0.0,0.0,40.4,0.0,10.86,0.0,17.19,31.55,0.0,0.0,100.0,True
CAND_04590,Al11.01Fe20.95Nb9.73Ni28.29W30.02,5,11.01,0.0,0.0,0.0,20.95,0.0,0.0,9.73,28.29,0.0,0.0,30.02,99.99999999999999,True
CAND_04591,Cr30.66Cu21.04Fe9.07Ni11.71Ti21.18W6.34,6,0.0,0.0,30.66,21.04,9.07,0.0,0.0,0.0,11.71,21.18,0.0,6.34,100.0,True
CAND_04592,Al30.22Co14.43Fe42.59Mn12.76,4,30.22,14.43,0.0,0.0,42.59,12.76,0.0,0.0,0.0,0.0,0.0,0.0,100.00000000000001,True
CAND_04593,Al25.14Cr23.41Ni38.06V13.39,4,25.14,0.0,23.41,0.0,0.0,0.0,0.0,0.0,38.06,0.0,13.39,0.0,100.0,True
CAND_04594,Al16.78Mn19.07V21.67W42.48,4,16.78,0.0,0.0,0.0,0.0,19.07,0.0,0.0,0.0,0.0,21.67,42.48,100.0,True
CAND_04595,Fe27.73Mn7.76Mo7.95Ti25.95W30.61,5,0.0,0.0,0.0,0.0,27.73,7.76,7.95,0.0,0.0,25.95,0.0,30.61,100.0,True
CAND_04596,Al41.89Mo41.27Ni11.32W5.52,4,41.89,0.0,0.0,0.0,0.0,0.0,41.27,0.0,11.32,0.0,0.0,5.52,99.99999999999999,True
CAND_04597,Fe15.28Mn11.02Mo6.90Ti24.41V42.39,5,0.0,0.0,0.0,0.0,15.28,11.02,6.9,0.0,0.0,24.41,42.39,0.0,100.0,True
CAND_04598,Al17.84Co25.69Cu5.80Nb12.32V14.97W23.38,6,17.84,25.69,0.0,5.8,0.0,0.0,0.0,12.32,0.0,0.0,14.97,23.38,100.0,True
CAND_04599,Al16.00Co9.52Cr11.00Cu12.99Ti22.01W28.48,6,16.0,9.52,11.0,12.99,0.0,0.0,0.0,0.0,0.0,22.01,0.0,28.48,100.0,True
CAND_04600,Co22.00Mo27.22Ni14.08Ti36.70,4,0.0,22.0,0.0,0.0,0.0,0.0,27.22,0.0,14.08,36.7,0.0,0.0,100.0,True
CAND_04601,Co23.08Cu30.27Mn20.79Mo11.58Ni14.28,5,0.0,23.08,0.0,30.27,0.0,20.79,11.58,0.0,14.28,0.0,0.0,0.0,99.99999999999999,True
CAND_04602,Al17.91Cu18.53Mn22.58Ti17.48W23.50,5,17.91,0.0,0.0,18.53,0.0,22.58,0.0,0.0,0.0,17.48,0.0,23.5,100.0,True
CAND_04603,Al32.11Fe19.50Nb16.57V13.46W18.36,5,32.11,0.0,0.0,0.0,19.5,0.0,0.0,16.57,0.0,0.0,13.46,18.36,100.00000000000001,True
CAND_04604,Al21.32Co19.54Ni9.00Ti13.82W36.32,5,21.32,19.54,0.0,0.0,0.0,0.0,0.0,0.0,9.0,13.82,0.0,36.32,100.0,True
CAND_04605,Co37.92Cu7.75Nb19.09V20.74W14.50,5,0.0,37.92,0.0,7.75,0.0,0.0,0.0,19.09,0.0,0.0,20.74,14.5,100.0,True
CAND_04606,Cu10.00Fe14.75Mn30.58Ti22.47V12.93W9.27,6,0.0,0.0,0.0,10.0,14.75,30.58,0.0,0.0,0.0,22.47,12.93,9.27,99.99999999999999,True
CAND_04607,Cu11.03Fe10.09Mn36.48Nb7.91Ni19.45W15.04,6,0.0,0.0,0.0,11.03,10.09,36.48,0.0,7.91,19.45,0.0,0.0,15.04,100.0,True
CAND_04608,Al33.95Co23.98Fe10.21Mn8.84Mo23.02,5,33.95,23.98,0.0,0.0,10.21,8.84,23.02,0.0,0.0,0.0,0.0,0.0,100.00000000000001,True
CAND_04609,Al10.99Co18.38Nb26.74Ti43.89,4,10.99,18.38,0.0,0.0,0.0,0.0,0.0,26.74,0.0,43.89,0.0,0.0,100.0,True
CAND_04610,Al18.52Cr25.03Fe20.73Nb35.72,4,18.52,0.0,25.03,0.0,20.73,0.0,0.0,35.72,0.0,0.0,0.0,0.0,100.0,True
CAND_04611,Al11.44Co14.11Mo23.43Nb34.79V16.23,5,11.44,14.11,0.0,0.0,0.0,0.0,23.43,34.79,0.0,0.0,16.23,0.0,100.0,True
CAND_04612,Co15.57Fe30.68Mo11.65Ti26.35W15.75,5,0.0,15.57,0.0,0.0,30.68,0.0,11.65,0.0,0.0,26.35,0.0,15.75,100.0,True
CAND_04613,Co43.87Ni13.97V22.51W19.65,4,0.0,43.87,0.0,0.0,0.0,0.0,0.0,0.0,13.97,0.0,22.51,19.65,100.0,True
CAND_04614,Co13.22Fe22.11Mn10.49V12.64W41.54,5,0.0,13.22,0.0,0.0,22.11,10.49,0.0,0.0,0.0,0.0,12.64,41.54,100.0,True
CAND_04615,Al13.01Cr11.60Cu23.63Mn28.71Ni11.92Ti11.13,6,13.01,0.0,11.6,23.63,0.0,28.71,0.0,0.0,11.92,11.13,0.0,0.0,99.99999999999999,True
CAND_04616,Co5.08Cr22.83Cu25.72Mn15.39Ti30.98,5,0.0,5.08,22.83,25.72,0.0,15.39,0.0,0.0,0.0,30.98,0.0,0.0,100.0,True
CAND_04617,Al6.67Mn9.04Ni44.98V39.31,4,6.67,0.0,0.0,0.0,0.0,9.04,0.0,0.0,44.98,0.0,39.31,0.0,100.0,True
CAND_04618,Co24.49Cr5.80Fe24.86Ti33.50V11.35,5,0.0,24.49,5.8,0.0,24.86,0.0,0.0,0.0,0.0,33.5,11.35,0.0,100.0,True
CAND_04619,Al11.62Mo9.58Nb11.11Ni21.93Ti16.88W28.88,6,11.62,0.0,0.0,0.0,0.0,0.0,9.58,11.11,21.93,16.88,0.0,28.88,100.0,True
CAND_04620,Co8.92Cr12.40Mn18.15Mo44.18Ni9.38Ti6.97,6,0.0,8.92,12.4,0.0,0.0,18.15,44.18,0.0,9.38,6.97,0.0,0.0,100.0,True
CAND_04621,Al42.60Cu15.06Ni30.57Ti11.77,4,42.6,0.0,0.0,15.06,0.0,0.0,0.0,0.0,30.57,11.77,0.0,0.0,100.0,True
CAND_04622,Fe12.02Mn37.67Nb40.05W10.26,4,0.0,0.0,0.0,0.0,12.02,37.67,0.0,40.05,0.0,0.0,0.0,10.26,100.0,True
CAND_04623,Al5.34Co7.35Cr28.42Cu9.91Fe18.97Mo30.01,6,5.34,7.35,28.42,9.91,18.97,0.0,30.01,0.0,0.0,0.0,0.0,0.0,100.0,True
CAND_04624,Al8.95Co6.27Fe15.10Mo13.97Ni11.17W44.54,6,8.95,6.27,0.0,0.0,15.1,0.0,13.97,0.0,11.17,0.0,0.0,44.54,100.0,True
CAND_04625,Al14.62Co33.94Cu17.74Ti15.55V18.15,5,14.62,33.94,0.0,17.74,0.0,0.0,0.0,0.0,0.0,15.55,18.15,0.0,100.0,True
CAND_04626,Mo42.90Nb11.51Ni13.03Ti6.91V17.76W7.89,6,0.0,0.0,0.0,0.0,0.0,0.0,42.9,11.51,13.03,6.91,17.76,7.89,100.0,True
CAND_04627,Cu37.86Nb5.69Ti33.13V23.32,4,0.0,0.0,0.0,37.86,0.0,0.0,0.0,5.69,0.0,33.13,23.32,0.0,100.0,True
CAND_04628,Cu20.71Ti34.17V17.02W28.10,4,0.0,0.0,0.0,20.71,0.0,0.0,0.0,0.0,0.0,34.17,17.02,28.1,100.0,True
CAND_04629,Al22.44Co17.50Cr11.86Ni27.95W20.25,5,22.44,17.5,11.86,0.0,0.0,0.0,0.0,0.0,27.95,0.0,0.0,20.25,100.0,True
CAND_04630,Al32.09Cu12.71Mo16.78Ni25.03V8.00W5.39,6,32.09,0.0,0.0,12.71,0.0,0.0,16.78,0.0,25.03,0.0,8.0,5.39,100.00000000000001,True
CAND_04631,Al28.37Fe35.90Nb22.14W13.59,4,28.37,0.0,0.0,0.0,35.9,0.0,0.0,22.14,0.0,0.0,0.0,13.59,100.0,True
CAND_04632,Al29.80Mn24.43Ni29.24Ti16.53,4,29.8,0.0,0.0,0.0,0.0,24.43,0.0,0.0,29.24,16.53,0.0,0.0,100.0,True
CAND_04633,Al13.96Cu10.76Nb35.10Ti14.54V25.64,5,13.96,0.0,0.0,10.76,0.0,0.0,0.0,35.1,0.0,14.54,25.64,0.0,100.0,True
CAND_04634,Co17.68Nb13.24Ni12.24Ti34.09V22.75,5,0.0,17.68,0.0,0.0,0.0,0.0,0.0,13.24,12.24,34.09,22.75,0.0,100.0,True
CAND_04635,Al17.05Co15.99Mo44.45Ti22.51,4,17.05,15.99,0.0,0.0,0.0,0.0,44.45,0.0,0.0,22.51,0.0,0.0,100.00000000000001,True
CAND_04636,Al26.08Cu31.60Ni13.77Ti16.56W11.99,5,26.08,0.0,0.0,31.6,0.0,0.0,0.0,0.0,13.77,16.56,0.0,11.99,100.0,True
CAND_04637,Al27.06Co5.31Cu5.12Fe19.02W43.49,5,27.06,5.31,0.0,5.12,19.02,0.0,0.0,0.0,0.0,0.0,0.0,43.49,100.0,True
CAND_04638,Co31.11Ni24.11Ti36.51V8.27,4,0.0,31.11,0.0,0.0,0.0,0.0,0.0,0.0,24.11,36.51,8.27,0.0,99.99999999999999,True
CAND_04639,Cr16.76Cu6.81Mo16.87Nb16.32Ti12.09V31.15,6,0.0,0.0,16.76,6.81,0.0,0.0,16.87,16.32,0.0,12.09,31.15,0.0,100.0,True
CAND_04640,Al6.74Cr22.80Mn15.82Mo17.75Ni18.66W18.23,6,6.74,0.0,22.8,0.0,0.0,15.82,17.75,0.0,18.66,0.0,0.0,18.23,100.0,True
CAND_04641,Cr18.78Mn15.66Ti44.29W21.27,4,0.0,0.0,18.78,0.0,0.0,15.66,0.0,0.0,0.0,44.29,0.0,21.27,99.99999999999999,True
CAND_04642,Co22.49Nb38.86Ti12.92V25.73,4,0.0,22.49,0.0,0.0,0.0,0.0,0.0,38.86,0.0,12.92,25.73,0.0,100.0,True
CAND_04643,Al30.29Co5.97Mo34.85Nb6.27Ni22.62,5,30.29,5.97,0.0,0.0,0.0,0.0,34.85,6.27,22.62,0.0,0.0,0.0,100.0,True
CAND_04644,Al5.43Co24.18Cr7.36Fe21.11Nb26.98Ni14.94,6,5.43,24.18,7.36,0.0,21.11,0.0,0.0,26.98,14.94,0.0,0.0,0.0,100.0,True
CAND_04645,Cr14.19Cu26.73Fe12.81Nb17.01Ni14.21W15.05,6,0.0,0.0,14.19,26.73,12.81,0.0,0.0,17.01,14.21,0.0,0.0,15.05,100.00000000000001,True
CAND_04646,Al31.66Co10.46Mo12.20Nb12.74Ti32.94,5,31.66,10.46,0.0,0.0,0.0,0.0,12.2,12.74,0.0,32.94,0.0,0.0,100.0,True
CAND_04647,Co39.67Cr13.63Mn6.61Mo19.11W20.98,5,0.0,39.67,13.63,0.0,0.0,6.61,19.11,0.0,0.0,0.0,0.0,20.98,100.00000000000001,True
CAND_04648,Al15.56Co5.51Cr11.71Mo33.70Ni21.36V12.16,6,15.56,5.51,11.71,0.0,0.0,0.0,33.7,0.0,21.36,0.0,12.16,0.0,100.0,True
CAND_04649,Al11.42Mo21.73Nb8.96Ni16.72Ti28.24W12.93,6,11.42,0.0,0.0,0.0,0.0,0.0,21.73,8.96,16.72,28.24,0.0,12.93,100.0,True
CAND_04650,Al24.65Co12.21Cr9.15Fe31.27Mn22.72,5,24.65,12.21,9.15,0.0,31.27,22.72,0.0,0.0,0.0,0.0,0.0,0.0,100.0,True
CAND_04651,Al9.22Cu6.57Mn26.13Mo11.90Nb9.77W36.41,6,9.22,0.0,0.0,6.57,0.0,26.13,11.9,9.77,0.0,0.0,0.0,36.41,100.0,True
CAND_04652,Co25.64Cu22.07Fe28.36Ti5.51V18.42,5,0.0,25.64,0.0,22.07,28.36,0.0,0.0,0.0,0.0,5.51,18.42,0.0,100.0,True
CAND_04653,Co15.67Cr25.97Mo15.36Ni8.95V34.05,5,0.0,15.67,25.97,0.0,0.0,0.0,15.36,0.0,8.95,0.0,34.05,0.0,100.0,True
CAND_04654,Al27.14Fe18.73Nb6.25Ni22.55Ti13.21W12.12,6,27.14,0.0,0.0,0.0,18.73,0.0,0.0,6.25,22.55,13.21,0.0,12.12,100.0,True
CAND_04655,Al10.27Co10.46Cr20.18Cu43.53Fe7.50V8.06,6,10.27,10.46,20.18,43.53,7.5,0.0,0.0,0.0,0.0,0.0,8.06,0.0,100.0,True
CAND_04656,Al30.67Co19.23Mn17.54Mo8.22Ni16.01Ti8.33,6,30.67,19.23,0.0,0.0,0.0,17.54,8.22,0.0,16.01,8.33,0.0,0.0,100.0,True
CAND_04657,Co13.30Cr10.13Cu10.93Nb34.39Ni31.25,5,0.0,13.3,10.13,10.93,0.0,0.0,0.0,34.39,31.25,0.0,0.0,0.0,100.0,True
CAND_04658,Co28.49Fe21.17Mo19.40Ni30.94,4,0.0,28.49,0.0,0.0,21.17,0.0,19.4,0.0,30.94,0.0,0.0,0.0,100.0,True
CAND_04659,Cu28.23Mo20.71Ti14.76W36.30,4,0.0,0.0,0.0,28.23,0.0,0.0,20.71,0.0,0.0,14.76,0.0,36.3,100.0,True
CAND_04660,Co13.84Cu6.62Fe25.45Mo36.40V17.69,5,0.0,13.84,0.0,6.62,25.45,0.0,36.4,0.0,0.0,0.0,17.69,0.0,100.0,True
CAND_04661,Co14.02Cu18.60Fe34.25Nb23.18Ni9.95,5,0.0,14.02,0.0,18.6,34.25,0.0,0.0,23.18,9.95,0.0,0.0,0.0,100.00000000000001,True
CAND_04662,Mn16.27Mo21.48Ti42.40V19.85,4,0.0,0.0,0.0,0.0,0.0,16.27,21.48,0.0,0.0,42.4,19.85,0.0,100.0,True
CAND_04663,Co24.16Cr8.30Cu28.48Ni8.46V30.60,5,0.0,24.16,8.3,28.48,0.0,0.0,0.0,0.0,8.46,0.0,30.6,0.0,100.0,True
CAND_04664,Cr31.80Mn35.32Nb9.34Ni12.42W11.12,5,0.0,0.0,31.8,0.0,0.0,35.32,0.0,9.34,12.42,0.0,0.0,11.12,100.00000000000001,True
CAND_04665,Mn8.56Nb20.64Ti35.41W35.39,4,0.0,0.0,0.0,0.0,0.0,8.56,0.0,20.64,0.0,35.41,0.0,35.39,100.0,True
CAND_04666,Al29.68Cu23.93Mn20.86V10.34W15.19,5,29.68,0.0,0.0,23.93,0.0,20.86,0.0,0.0,0.0,0.0,10.34,15.19,100.0,True
CAND_04667,Co10.36Cr8.22Fe25.25Mo31.84Ti24.33,5,0.0,10.36,8.22,0.0,25.25,0.0,31.84,0.0,0.0,24.33,0.0,0.0,100.0,True
CAND_04668,Al11.94Fe40.69Mo36.20V11.17,4,11.94,0.0,0.0,0.0,40.69,0.0,36.2,0.0,0.0,0.0,11.17,0.0,100.0,True
CAND_04669,Co11.49Cr15.90Mn10.72Ti13.21V20.37W28.31,6,0.0,11.49,15.9,0.0,0.0,10.72,0.0,0.0,0.0,13.21,20.37,28.31,100.0,True
CAND_04670,Cr13.70Cu18.61Mn17.02Nb23.73Ni11.11V15.83,6,0.0,0.0,13.7,18.61,0.0,17.02,0.0,23.73,11.11,0.0,15.83,0.0,100.0,True
CAND_04671,Al14.67Cu6.29Ni14.25Ti29.06V20.66W15.07,6,14.67,0.0,0.0,6.29,0.0,0.0,0.0,0.0,14.25,29.06,20.66,15.07,100.0,True
CAND_04672,Al23.16Co15.31Cr27.00Fe17.80Mo6.24V10.49,6,23.16,15.31,27.0,0.0,17.8,0.0,6.24,0.0,0.0,0.0,10.49,0.0,99.99999999999999,True
CAND_04673,Co12.09Cr39.10Cu13.90Nb17.24W17.67,5,0.0,12.09,39.1,13.9,0.0,0.0,0.0,17.24,0.0,0.0,0.0,17.67,100.0,True
CAND_04674,Co5.16Cu13.41Fe32.72Mo7.06Ti19.90W21.75,6,0.0,5.16,0.0,13.41,32.72,0.0,7.06,0.0,0.0,19.9,0.0,21.75,100.0,True
CAND_04675,Fe32.76Nb18.61Ni27.94V20.69,4,0.0,0.0,0.0,0.0,32.76,0.0,0.0,18.61,27.94,0.0,20.69,0.0,100.0,True
CAND_04676,Al23.94Mo34.43Ti21.57W20.06,4,23.94,0.0,0.0,0.0,0.0,0.0,34.43,0.0,0.0,21.57,0.0,20.06,100.0,True
CAND_04677,Al12.07Mn26.79Nb33.12Ti28.02,4,12.07,0.0,0.0,0.0,0.0,26.79,0.0,33.12,0.0,28.02,0.0,0.0,99.99999999999999,True
CAND_04678,Al30.83Cr14.99Cu22.92Ni19.26Ti12.00,5,30.83,0.0,14.99,22.92,0.0,0.0,0.0,0.0,19.26,12.0,0.0,0.0,100.00000000000001,True
CAND_04679,Co16.89Cr36.88Ni24.69W21.54,4,0.0,16.89,36.88,0.0,0.0,0.0,0.0,0.0,24.69,0.0,0.0,21.54,100.0,True
CAND_04680,Al36.32Co6.06Cu25.88Ni6.70W25.04,5,36.32,6.06,0.0,25.88,0.0,0.0,0.0,0.0,6.7,0.0,0.0,25.04,100.0,True
CAND_04681,Cu12.12Fe7.97Mn16.46Nb37.66V19.67W6.12,6,0.0,0.0,0.0,12.12,7.97,16.46,0.0,37.66,0.0,0.0,19.67,6.12,100.0,True
CAND_04682,Fe23.68Mn17.73Mo28.85Nb9.69W20.05,5,0.0,0.0,0.0,0.0,23.68,17.73,28.85,9.69,0.0,0.0,0.0,20.05,99.99999999999999,True
CAND_04683,Co16.68Cu18.11Nb32.73Ni15.23V5.18W12.07,6,0.0,16.68,0.0,18.11,0.0,0.0,0.0,32.73,15.23,0.0,5.18,12.07,100.0,True
CAND_04684,Al10.21Fe14.51Mo32.64Ni42.64,4,10.21,0.0,0.0,0.0,14.51,0.0,32.64,0.0,42.64,0.0,0.0,0.0,100.0,True
CAND_04685,Al40.44Cr9.37Mn21.87Mo28.32,4,40.44,0.0,9.37,0.0,0.0,21.87,28.32,0.0,0.0,0.0,0.0,0.0,100.0,True
CAND_04686,Al10.28Co33.42Cr15.25Mo29.12Ti11.93,5,10.28,33.42,15.25,0.0,0.0,0.0,29.12,0.0,0.0,11.93,0.0,0.0,100.0,True
CAND_04687,Co12.82Cr23.31Fe14.41Nb7.83Ni15.66V25.97,6,0.0,12.82,23.31,0.0,14.41,0.0,0.0,7.83,15.66,0.0,25.97,0.0,99.99999999999999,True
CAND_04688,Co29.01Cu7.35Mo32.56W31.08,4,0.0,29.01,0.0,7.35,0.0,0.0,32.56,0.0,0.0,0.0,0.0,31.08,100.0,True
CAND_04689,Co11.71Cr14.63Mo13.34Nb40.81Ti19.51,5,0.0,11.71,14.63,0.0,0.0,0.0,13.34,40.81,0.0,19.51,0.0,0.0,100.00000000000001,True
CAND_04690,Al20.22Co29.45Cr17.72Fe13.00Mo11.95V7.66,6,20.22,29.45,17.72,0.0,13.0,0.0,11.95,0.0,0.0,0.0,7.66,0.0,100.0,True
CAND_04691,Al22.48Co7.20Fe15.92Nb26.69Ti12.40V15.31,6,22.48,7.2,0.0,0.0,15.92,0.0,0.0,26.69,0.0,12.4,15.31,0.0,100.00000000000001,True
CAND_04692,Al40.54Cu21.42Fe31.41Mn6.63,4,40.54,0.0,0.0,21.42,31.41,6.63,0.0,0.0,0.0,0.0,0.0,0.0,100.0,True
CAND_04693,Cr10.95Fe11.18Ni28.89V41.28W7.70,5,0.0,0.0,10.95,0.0,11.18,0.0,0.0,0.0,28.89,0.0,41.28,7.7,100.0,True
CAND_04694,Cu5.51Mn6.34Ti25.79V32.88W29.48,5,0.0,0.0,0.0,5.51,0.0,6.34,0.0,0.0,0.0,25.79,32.88,29.48,100.00000000000001,True
CAND_04695,Al10.23Cu23.35Fe5.94Nb12.25Ni34.29W13.94,6,10.23,0.0,0.0,23.35,5.94,0.0,0.0,12.25,34.29,0.0,0.0,13.94,100.0,True
CAND_04696,Cr23.16Cu35.16Fe15.08Nb10.91Ni15.69,5,0.0,0.0,23.16,35.16,15.08,0.0,0.0,10.91,15.69,0.0,0.0,0.0,99.99999999999999,True
CAND_04697,Co21.75Cu10.14Fe15.76Mn7.79Mo29.54W15.02,6,0.0,21.75,0.0,10.14,15.76,7.79,29.54,0.0,0.0,0.0,0.0,15.02,99.99999999999999,True
CAND_04698,Co9.80Fe8.72Nb25.69V32.47W23.32,5,0.0,9.8,0.0,0.0,8.72,0.0,0.0,25.69,0.0,0.0,32.47,23.32,100.0,True
CAND_04699,Cr29.71Cu7.93Mn18.87Nb6.46V37.03,5,0.0,0.0,29.71,7.93,0.0,18.87,0.0,6.46,0.0,0.0,37.03,0.0,100.0,True
CAND_04700,Al12.53Cr41.37Fe7.02Mn12.26Nb13.18Ni13.64,6,12.53,0.0,41.37,0.0,7.02,12.26,0.0,13.18,13.64,0.0,0.0,0.0,100.00000000000001,True
CAND_04701,Mo7.14Nb26.06Ni16.66Ti11.57V23.22W15.35,6,0.0,0.0,0.0,0.0,0.0,0.0,7.14,26.06,16.66,11.57,23.22,15.35,100.0,True
CAND_04702,Al32.23Cu9.98Mo40.13Nb7.67V9.99,5,32.23,0.0,0.0,9.98,0.0,0.0,40.13,7.67,0.0,0.0,9.99,0.0,100.0,True
CAND_04703,Co11.69Cr16.91Fe16.55Mo21.68Ni33.17,5,0.0,11.69,16.91,0.0,16.55,0.0,21.68,0.0,33.17,0.0,0.0,0.0,100.00000000000001,True
CAND_04704,Co21.44Mn29.00Nb12.71Ni36.85,4,0.0,21.44,0.0,0.0,0.0,29.0,0.0,12.71,36.85,0.0,0.0,0.0,100.0,True
CAND_04705,Cr23.71Cu37.60Mo21.16Ni17.53,4,0.0,0.0,23.71,37.6,0.0,0.0,21.16,0.0,17.53,0.0,0.0,0.0,100.0,True
CAND_04706,Cu15.72Mo19.03Nb37.89W27.36,4,0.0,0.0,0.0,15.72,0.0,0.0,19.03,37.89,0.0,0.0,0.0,27.36,100.0,True
CAND_04707,Cu42.18Fe5.61Mo30.38V21.83,4,0.0,0.0,0.0,42.18,5.61,0.0,30.38,0.0,0.0,0.0,21.83,0.0,100.0,True
CAND_04708,Co22.66Cr12.37Cu13.48Fe11.01Mo15.36Ti25.12,6,0.0,22.66,12.37,13.48,11.01,0.0,15.36,0.0,0.0,25.12,0.0,0.0,100.0,True
CAND_04709,Mo13.35Nb28.56Ni26.32W31.77,4,0.0,0.0,0.0,0.0,0.0,0.0,13.35,28.56,26.32,0.0,0.0,31.77,99.99999999999999,True
CAND_04710,Al22.22Cr6.48Mn25.04Mo30.07Ni16.19,5,22.22,0.0,6.48,0.0,0.0,25.04,30.07,0.0,16.19,0.0,0.0,0.0,100.0,True
CAND_04711,Al13.79Cu7.56Fe13.26Mn7.10Nb24.26W34.03,6,13.79,0.0,0.0,7.56,13.26,7.1,0.0,24.26,0.0,0.0,0.0,34.03,100.0,True
CAND_04712,Al19.75Co17.38Fe20.45Nb9.56Ti32.86,5,19.75,17.38,0.0,0.0,20.45,0.0,0.0,9.56,0.0,32.86,0.0,0.0,100.0,True
CAND_04713,Al22.32Fe15.39Mo20.15W42.14,4,22.32,0.0,0.0,0.0,15.39,0.0,20.15,0.0,0.0,0.0,0.0,42.14,100.0,True
CAND_04714,Co8.73Cr17.55Cu18.48Mn13.50W41.74,5,0.0,8.73,17.55,18.48,0.0,13.5,0.0,0.0,0.0,0.0,0.0,41.74,100.0,True
CAND_04715,Cu35.30Fe20.15Mo10.86Ti33.69,4,0.0,0.0,0.0,35.3,20.15,0.0,10.86,0.0,0.0,33.69,0.0,0.0,100.0,True
CAND_04716,Co28.09Cr8.82Mo25.42Nb21.25V16.42,5,0.0,28.09,8.82,0.0,0.0,0.0,25.42,21.25,0.0,0.0,16.42,0.0,100.0,True
CAND_04717,Cr25.38Cu29.27Mn31.32Ni14.03,4,0.0,0.0,25.38,29.27,0.0,31.32,0.0,0.0,14.03,0.0,0.0,0.0,100.0,True
CAND_04718,Al19.42Cr6.03Mn25.89Ni8.72Ti39.94,5,19.42,0.0,6.03,0.0,0.0,25.89,0.0,0.0,8.72,39.94,0.0,0.0,100.0,True
CAND_04719,Al21.41Mn11.37Mo7.13Ti39.73W20.36,5,21.41,0.0,0.0,0.0,0.0,11.37,7.13,0.0,0.0,39.73,0.0,20.36,100.0,True
CAND_04720,Al19.69Fe7.51Mn36.15Nb10.87Ni25.78,5,19.69,0.0,0.0,0.0,7.51,36.15,0.0,10.87,25.78,0.0,0.0,0.0,100.0,True
CAND_04721,Cu24.20Mn8.02Nb15.56V14.50W37.72,5,0.0,0.0,0.0,24.2,0.0,8.02,0.0,15.56,0.0,0.0,14.5,37.72,100.0,True
CAND_04722,Al7.59Fe25.89Mn28.97Ni37.55,4,7.59,0.0,0.0,0.0,25.89,28.97,0.0,0.0,37.55,0.0,0.0,0.0,100.0,True
CAND_04723,Co23.95Cr6.28Cu8.20Nb30.40V11.93W19.24,6,0.0,23.95,6.28,8.2,0.0,0.0,0.0,30.4,0.0,0.0,11.93,19.24,99.99999999999999,True
CAND_04724,Nb28.32Ni21.41V23.38W26.89,4,0.0,0.0,0.0,0.0,0.0,0.0,0.0,28.32,21.41,0.0,23.38,26.89,100.0,True
CAND_04725,Al18.80Co22.58Mn9.14Nb18.58V13.83W17.07,6,18.8,22.58,0.0,0.0,0.0,9.14,0.0,18.58,0.0,0.0,13.83,17.07,100.0,True
CAND_04726,Mn30.40Mo25.86Nb23.16W20.58,4,0.0,0.0,0.0,0.0,0.0,30.4,25.86,23.16,0.0,0.0,0.0,20.58,100.0,True
CAND_04727,Cr39.42Fe23.49Mn21.74Mo6.50Nb8.85,5,0.0,0.0,39.42,0.0,23.49,21.74,6.5,8.85,0.0,0.0,0.0,0.0,99.99999999999999,True
CAND_04728,Al9.41Co16.47Cu26.50Ni15.99V31.63,5,9.41,16.47,0.0,26.5,0.0,0.0,0.0,0.0,15.99,0.0,31.63,0.0,99.99999999999999,True
CAND_04729,Co15.71Cu36.36Mo26.73Ti21.20,4,0.0,15.71,0.0,36.36,0.0,0.0,26.73,0.0,0.0,21.2,0.0,0.0,100.0,True
CAND_04730,Cr12.43Cu19.94Mo24.64Ni34.11W8.88,5,0.0,0.0,12.43,19.94,0.0,0.0,24.64,0.0,34.11,0.0,0.0,8.88,100.0,True
CAND_04731,Co19.49Cr14.75Cu27.98Fe5.07Nb19.02Ti13.69,6,0.0,19.49,14.75,27.98,5.07,0.0,0.0,19.02,0.0,13.69,0.0,0.0,99.99999999999999,True
CAND_04732,Al17.14Cr17.50Mo28.30Nb17.24Ti19.82,5,17.14,0.0,17.5,0.0,0.0,0.0,28.3,17.24,0.0,19.82,0.0,0.0,100.0,True
CAND_04733,Al11.76Mo27.94Ni9.27Ti22.54V20.00W8.49,6,11.76,0.0,0.0,0.0,0.0,0.0,27.94,0.0,9.27,22.54,20.0,8.49,99.99999999999999,True
CAND_04734,Cr21.34Mo26.14Ni35.68Ti16.84,4,0.0,0.0,21.34,0.0,0.0,0.0,26.14,0.0,35.68,16.84,0.0,0.0,100.0,True
CAND_04735,Cr32.23Mn12.89V25.36W29.52,4,0.0,0.0,32.23,0.0,0.0,12.89,0.0,0.0,0.0,0.0,25.36,29.52,99.99999999999999,True
CAND_04736,Co14.61Nb29.95Ni11.63Ti7.78V20.88W15.15,6,0.0,14.61,0.0,0.0,0.0,0.0,0.0,29.95,11.63,7.78,20.88,15.15,100.00000000000001,True
CAND_04737,Cr5.14Cu18.55Fe24.44Mo17.15Ti34.72,5,0.0,0.0,5.14,18.55,24.44,0.0,17.15,0.0,0.0,34.72,0.0,0.0,100.0,True
CAND_04738,Al14.99Cr6.03Cu36.74Ni13.25W28.99,5,14.99,0.0,6.03,36.74,0.0,0.0,0.0,0.0,13.25,0.0,0.0,28.99,100.0,True
CAND_04739,Cu18.76Fe15.02Mn28.82Ni12.01V25.39,5,0.0,0.0,0.0,18.76,15.02,28.82,0.0,0.0,12.01,0.0,25.39,0.0,100.0,True
CAND_04740,Co13.95Cu25.84Nb40.74Ni19.47,4,0.0,13.95,0.0,25.84,0.0,0.0,0.0,40.74,19.47,0.0,0.0,0.0,100.0,True
CAND_04741,Al22.29Co6.87Cu33.09Fe13.76V16.18W7.81,6,22.29,6.87,0.0,33.09,13.76,0.0,0.0,0.0,0.0,0.0,16.18,7.81,100.0,True
CAND_04742,Cr31.56Cu36.34Fe9.30Ni22.80,4,0.0,0.0,31.56,36.34,9.3,0.0,0.0,0.0,22.8,0.0,0.0,0.0,100.0,True
CAND_04743,Co36.16Cu18.28Mn11.54Nb18.95W15.07,5,0.0,36.16,0.0,18.28,0.0,11.54,0.0,18.95,0.0,0.0,0.0,15.07,100.0,True
CAND_04744,Co12.86Cr16.71Fe21.19Mn42.51Ti6.73,5,0.0,12.86,16.71,0.0,21.19,42.51,0.0,0.0,0.0,6.73,0.0,0.0,100.00000000000001,True
CAND_04745,Co13.58Cr28.59Cu22.93Fe12.09Mn7.42W15.39,6,0.0,13.58,28.59,22.93,12.09,7.42,0.0,0.0,0.0,0.0,0.0,15.39,100.0,True
CAND_04746,Cu15.62Mo25.59Ni20.29Ti13.87V10.03W14.60,6,0.0,0.0,0.0,15.62,0.0,0.0,25.59,0.0,20.29,13.87,10.03,14.6,100.0,True
CAND_04747,Cu5.47Fe9.81Mn12.39Mo34.43Ti27.62W10.28,6,0.0,0.0,0.0,5.47,9.81,12.39,34.43,0.0,0.0,27.62,0.0,10.28,100.0,True
CAND_04748,Al8.49Cr9.30Mn24.72Ni35.09Ti22.40,5,8.49,0.0,9.3,0.0,0.0,24.72,0.0,0.0,35.09,22.4,0.0,0.0,100.0,True
CAND_04749,Al19.66Co34.63Mn28.66Ni17.05,4,19.66,34.63,0.0,0.0,0.0,28.66,0.0,0.0,17.05,0.0,0.0,0.0,100.0,True
CAND_04750,Co8.98Cu9.53Mo18.87Ti5.34V19.23W38.05,6,0.0,8.98,0.0,9.53,0.0,0.0,18.87,0.0,0.0,5.34,19.23,38.05,100.0,True
CAND_04751,Cu17.81Fe13.08Mn22.67Nb21.79V24.65,5,0.0,0.0,0.0,17.81,13.08,22.67,0.0,21.79,0.0,0.0,24.65,0.0,100.0,True
CAND_04752,Co31.10Cu32.79Ti5.02V31.09,4,0.0,31.1,0.0,32.79,0.0,0.0,0.0,0.0,0.0,5.02,31.09,0.0,100.0,True
CAND_04753,Al24.24Co29.71Cr9.57Fe21.40Ni15.08,5,24.24,29.71,9.57,0.0,21.4,0.0,0.0,0.0,15.08,0.0,0.0,0.0,100.0,True
CAND_04754,Al5.29Co28.34Cr12.67Cu21.46Fe32.24,5,5.29,28.34,12.67,21.46,32.24,0.0,0.0,0.0,0.0,0.0,0.0,0.0,100.0,True
CAND_04755,Fe7.18Mn43.61Nb15.57Ni12.62V21.02,5,0.0,0.0,0.0,0.0,7.18,43.61,0.0,15.57,12.62,0.0,21.02,0.0,100.0,True
CAND_04756,Cu13.93Mn35.07Mo26.60W24.40,4,0.0,0.0,0.0,13.93,0.0,35.07,26.6,0.0,0.0,0.0,0.0,24.4,100.0,True
CAND_04757,Al6.65Mn17.89Mo34.70Ni11.37W29.39,5,6.65,0.0,0.0,0.0,0.0,17.89,34.7,0.0,11.37,0.0,0.0,29.39,100.0,True
CAND_04758,Co23.27Mo22.56Nb25.56Ni28.61,4,0.0,23.27,0.0,0.0,0.0,0.0,22.56,25.56,28.61,0.0,0.0,0.0,100.0,True
CAND_04759,Al16.16Cu32.01Mo8.33Nb43.50,4,16.16,0.0,0.0,32.01,0.0,0.0,8.33,43.5,0.0,0.0,0.0,0.0,100.0,True
CAND_04760,Co17.99Cu19.64Mn21.18Mo15.38Nb13.06Ti12.75,6,0.0,17.99,0.0,19.64,0.0,21.18,15.38,13.06,0.0,12.75,0.0,0.0,100.0,True
CAND_04761,Mn26.08Nb9.93Ti43.46V20.53,4,0.0,0.0,0.0,0.0,0.0,26.08,0.0,9.93,0.0,43.46,20.53,0.0,100.0,True
CAND_04762,Co9.68Cr15.45Cu38.49Fe15.42Ni6.05V14.91,6,0.0,9.68,15.45,38.49,15.42,0.0,0.0,0.0,6.05,0.0,14.91,0.0,100.0,True
CAND_04763,Fe18.06Mo37.60Ni30.36Ti13.98,4,0.0,0.0,0.0,0.0,18.06,0.0,37.6,0.0,30.36,13.98,0.0,0.0,100.0,True
CAND_04764,Al38.92Cu5.76Fe34.14Mo21.18,4,38.92,0.0,0.0,5.76,34.14,0.0,21.18,0.0,0.0,0.0,0.0,0.0,100.0,True
CAND_04765,Cr6.43Cu18.12Mo36.75Nb16.46W22.24,5,0.0,0.0,6.43,18.12,0.0,0.0,36.75,16.46,0.0,0.0,0.0,22.24,99.99999999999999,True
CAND_04766,Al14.83Cu21.15Fe15.91Ti24.63W23.48,5,14.83,0.0,0.0,21.15,15.91,0.0,0.0,0.0,0.0,24.63,0.0,23.48,100.0,True
CAND_04767,Al7.45Cr13.27Nb17.80Ti29.64W31.84,5,7.45,0.0,13.27,0.0,0.0,0.0,0.0,17.8,0.0,29.64,0.0,31.84,100.0,True
CAND_04768,Al10.34Cr24.86Cu27.57Mn27.48Mo9.75,5,10.34,0.0,24.86,27.57,0.0,27.48,9.75,0.0,0.0,0.0,0.0,0.0,100.0,True
CAND_04769,Co31.20Cr11.69Mo36.75Ni20.36,4,0.0,31.2,11.69,0.0,0.0,0.0,36.75,0.0,20.36,0.0,0.0,0.0,100.0,True
CAND_04770,Al7.05Cu5.29Ni36.76V30.47W20.43,5,7.05,0.0,0.0,5.29,0.0,0.0,0.0,0.0,36.76,0.0,30.47,20.43,100.0,True
CAND_04771,Al13.07Co5.47Fe8.61Mo34.03Ni38.82,5,13.07,5.47,0.0,0.0,8.61,0.0,34.03,0.0,38.82,0.0,0.0,0.0,100.0,True
CAND_04772,Co14.73Cu15.57Fe6.77Nb36.18Ni11.18W15.57,6,0.0,14.73,0.0,15.57,6.77,0.0,0.0,36.18,11.18,0.0,0.0,15.57,100.0,True
CAND_04773,Co35.60Mo13.01Ni32.68Ti18.71,4,0.0,35.6,0.0,0.0,0.0,0.0,13.01,0.0,32.68,18.71,0.0,0.0,100.0,True
CAND_04774,Co24.41Cu7.14Mn16.79Ni43.49W8.17,5,0.0,24.41,0.0,7.14,0.0,16.79,0.0,0.0,43.49,0.0,0.0,8.17,100.00000000000001,True
CAND_04775,Al12.92Cr26.00Fe36.10Mn15.93Ni9.05,5,12.92,0.0,26.0,0.0,36.1,15.93,0.0,0.0,9.05,0.0,0.0,0.0,100.00000000000001,True
CAND_04776,Al17.71Cu6.72Fe26.57Mn9.65Ti22.60W16.75,6,17.71,0.0,0.0,6.72,26.57,9.65,0.0,0.0,0.0,22.6,0.0,16.75,100.0,True
CAND_04777,Co23.91Cu7.52Ti22.62V34.76W11.19,5,0.0,23.91,0.0,7.52,0.0,0.0,0.0,0.0,0.0,22.62,34.76,11.19,100.0,True
CAND_04778,Al17.64Co18.10Cr6.25Fe23.52Mo24.12Ti10.37,6,17.64,18.1,6.25,0.0,23.52,0.0,24.12,0.0,0.0,10.37,0.0,0.0,100.00000000000001,True
CAND_04779,Co20.42Cr20.70Fe12.40Mn17.24Mo10.68Ni18.56,6,0.0,20.42,20.7,0.0,12.4,17.24,10.68,0.0,18.56,0.0,0.0,0.0,100.0,True
CAND_04780,Cu40.41Nb11.82V18.04W29.73,4,0.0,0.0,0.0,40.41,0.0,0.0,0.0,11.82,0.0,0.0,18.04,29.73,100.0,True
CAND_04781,Fe37.26Ni16.30Ti28.44V18.00,4,0.0,0.0,0.0,0.0,37.26,0.0,0.0,0.0,16.3,28.44,18.0,0.0,100.0,True
CAND_04782,Al35.43Cu12.47Mn7.15Ni17.92Ti8.05W18.98,6,35.43,0.0,0.0,12.47,0.0,7.15,0.0,0.0,17.92,8.05,0.0,18.98,100.0,True
CAND_04783,Al12.20Cu18.80Fe23.09Mn7.85Nb21.16Ti16.90,6,12.2,0.0,0.0,18.8,23.09,7.85,0.0,21.16,0.0,16.9,0.0,0.0,100.0,True
CAND_04784,Al34.94Co10.38Cr22.34Cu12.31V20.03,5,34.94,10.38,22.34,12.31,0.0,0.0,0.0,0.0,0.0,0.0,20.03,0.0,100.0,True
CAND_04785,Al18.20Cu13.87Fe17.82Mn12.05Ni10.50W27.56,6,18.2,0.0,0.0,13.87,17.82,12.05,0.0,0.0,10.5,0.0,0.0,27.56,100.0,True
CAND_04786,Co5.86Mo33.01Nb22.75Ti38.38,4,0.0,5.86,0.0,0.0,0.0,0.0,33.01,22.75,0.0,38.38,0.0,0.0,100.0,True
CAND_04787,Cu20.07Mn11.05Ni15.99V17.79W35.10,5,0.0,0.0,0.0,20.07,0.0,11.05,0.0,0.0,15.99,0.0,17.79,35.1,100.0,True
CAND_04788,Al9.35Cu23.57Mn6.61Mo12.53Ni14.64V33.30,6,9.35,0.0,0.0,23.57,0.0,6.61,12.53,0.0,14.64,0.0,33.3,0.0,100.0,True
CAND_04789,Co8.82Cu25.63Mo27.47Ti38.08,4,0.0,8.82,0.0,25.63,0.0,0.0,27.47,0.0,0.0,38.08,0.0,0.0,100.0,True
CAND_04790,Co7.86Cu16.23Mn23.47Mo23.46Ni13.81V15.17,6,0.0,7.86,0.0,16.23,0.0,23.47,23.46,0.0,13.81,0.0,15.17,0.0,100.00000000000001,True
CAND_04791,Al19.20Co28.71Mn25.15V26.94,4,19.2,28.71,0.0,0.0,0.0,25.15,0.0,0.0,0.0,0.0,26.94,0.0,100.0,True
CAND_04792,Co14.91Fe16.98Mn34.33Nb13.89Ni19.89,5,0.0,14.91,0.0,0.0,16.98,34.33,0.0,13.89,19.89,0.0,0.0,0.0,100.0,True
CAND_04793,Cu19.74Fe18.72Mn23.26Nb19.53Ti18.75,5,0.0,0.0,0.0,19.74,18.72,23.26,0.0,19.53,0.0,18.75,0.0,0.0,100.0,True
CAND_04794,Cu29.81Mn27.99Nb17.59Ti24.61,4,0.0,0.0,0.0,29.81,0.0,27.99,0.0,17.59,0.0,24.61,0.0,0.0,100.0,True
CAND_04795,Cr15.20Cu26.92Mn17.10Ni40.78,4,0.0,0.0,15.2,26.92,0.0,17.1,0.0,0.0,40.78,0.0,0.0,0.0,100.0,True
CAND_04796,Al20.71Fe10.37Mn35.53Mo12.76V20.63,5,20.71,0.0,0.0,0.0,10.37,35.53,12.76,0.0,0.0,0.0,20.63,0.0,100.0,True
CAND_04797,Co10.01Fe26.15Mn26.19Mo20.53Nb17.12,5,0.0,10.01,0.0,0.0,26.15,26.19,20.53,17.12,0.0,0.0,0.0,0.0,100.0,True
CAND_04798,Al33.47Co12.51Nb39.48Ti14.54,4,33.47,12.51,0.0,0.0,0.0,0.0,0.0,39.48,0.0,14.54,0.0,0.0,100.0,True
CAND_04799,Cr9.04Cu16.94Mn18.56Mo16.50Nb30.75Ti8.21,6,0.0,0.0,9.04,16.94,0.0,18.56,16.5,30.75,0.0,8.21,0.0,0.0,100.0,True
CAND_04800,Mn17.71Mo35.44Ni11.91W34.94,4,0.0,0.0,0.0,0.0,0.0,17.71,35.44,0.0,11.91,0.0,0.0,34.94,100.0,True
CAND_04801,Cu16.75Fe13.50Ti10.25V34.26W25.24,5,0.0,0.0,0.0,16.75,13.5,0.0,0.0,0.0,0.0,10.25,34.26,25.24,99.99999999999999,True
CAND_04802,Mn12.11Ti33.02V36.91W17.96,4,0.0,0.0,0.0,0.0,0.0,12.11,0.0,0.0,0.0,33.02,36.91,17.96,100.0,True
CAND_04803,Al11.53Cr42.87Cu23.33Fe22.27,4,11.53,0.0,42.87,23.33,22.27,0.0,0.0,0.0,0.0,0.0,0.0,0.0,99.99999999999999,True
CAND_04804,Al16.13Co25.67Cu30.37Mn13.98Ti13.85,5,16.13,25.67,0.0,30.37,0.0,13.98,0.0,0.0,0.0,13.85,0.0,0.0,100.0,True
CAND_04805,Al13.59Co9.24Mn9.88Mo10.25Nb34.44Ni22.60,6,13.59,9.24,0.0,0.0,0.0,9.88,10.25,34.44,22.6,0.0,0.0,0.0,100.0,True
CAND_04806,Al9.22Cr16.28Cu21.97Mn25.47Nb5.58Ti21.48,6,9.22,0.0,16.28,21.97,0.0,25.47,0.0,5.58,0.0,21.48,0.0,0.0,100.0,True
CAND_04807,Cu11.79Fe25.02Ni10.65Ti24.34V15.34W12.86,6,0.0,0.0,0.0,11.79,25.02,0.0,0.0,0.0,10.65,24.34,15.34,12.86,100.0,True
CAND_04808,Co16.40Cu17.48Mo14.33Ni20.60W31.19,5,0.0,16.4,0.0,17.48,0.0,0.0,14.33,0.0,20.6,0.0,0.0,31.19,100.0,True
CAND_04809,Cr28.32Mo14.02Nb28.13Ti11.18W18.35,5,0.0,0.0,28.32,0.0,0.0,0.0,14.02,28.13,0.0,11.18,0.0,18.35,100.0,True
CAND_04810,Cr13.59Fe15.20Mo36.44W34.77,4,0.0,0.0,13.59,0.0,15.2,0.0,36.44,0.0,0.0,0.0,0.0,34.77,100.0,True
CAND_04811,Co11.37Fe5.77Ni33.35Ti22.46V17.30W9.75,6,0.0,11.37,0.0,0.0,5.77,0.0,0.0,0.0,33.35,22.46,17.3,9.75,100.0,True
CAND_04812,Al19.67Fe24.98Mn17.54Ni14.68Ti12.36W10.77,6,19.67,0.0,0.0,0.0,24.98,17.54,0.0,0.0,14.68,12.36,0.0,10.77,100.0,True
CAND_04813,Al15.48Co18.19Cr6.59Cu16.83V42.91,5,15.48,18.19,6.59,16.83,0.0,0.0,0.0,0.0,0.0,0.0,42.91,0.0,100.0,True
CAND_04814,Al17.68Fe27.10Mn9.99Nb13.57Ti14.82V16.84,6,17.68,0.0,0.0,0.0,27.1,9.99,0.0,13.57,0.0,14.82,16.84,0.0,100.0,True
CAND_04815,Co22.00Mn16.93Mo5.24Ti26.57W29.26,5,0.0,22.0,0.0,0.0,0.0,16.93,5.24,0.0,0.0,26.57,0.0,29.26,100.00000000000001,True
CAND_04816,Al17.92Cu29.96Ni11.63Ti5.18W35.31,5,17.92,0.0,0.0,29.96,0.0,0.0,0.0,0.0,11.63,5.18,0.0,35.31,100.0,True
CAND_04817,Al18.90Co15.01Cr22.35Cu8.13Mo25.57Nb10.04,6,18.9,15.01,22.35,8.13,0.0,0.0,25.57,10.04,0.0,0.0,0.0,0.0,100.0,True
CAND_04818,Al24.84Co36.77Cu25.79Mn12.60,4,24.84,36.77,0.0,25.79,0.0,12.6,0.0,0.0,0.0,0.0,0.0,0.0,100.0,True
CAND_04819,Al9.05Mn21.52Nb38.63V30.80,4,9.05,0.0,0.0,0.0,0.0,21.52,0.0,38.63,0.0,0.0,30.8,0.0,100.0,True
CAND_04820,Al32.65Nb13.66Ni15.37Ti38.32,4,32.65,0.0,0.0,0.0,0.0,0.0,0.0,13.66,15.37,38.32,0.0,0.0,100.0,True
CAND_04821,Al8.64Co19.02Cr11.29Ti27.04V34.01,5,8.64,19.02,11.29,0.0,0.0,0.0,0.0,0.0,0.0,27.04,34.01,0.0,100.0,True
CAND_04822,Co44.56Ni17.92Ti25.78W11.74,4,0.0,44.56,0.0,0.0,0.0,0.0,0.0,0.0,17.92,25.78,0.0,11.74,100.0,True
CAND_04823,Mo13.79Ti37.70V28.33W20.18,4,0.0,0.0,0.0,0.0,0.0,0.0,13.79,0.0,0.0,37.7,28.33,20.18,100.0,True
CAND_04824,Al13.80Fe43.66Ni14.84W27.70,4,13.8,0.0,0.0,0.0,43.66,0.0,0.0,0.0,14.84,0.0,0.0,27.7,100.0,True
CAND_04825,Cr18.86Mo22.85Nb21.94Ni8.39V5.96W22.00,6,0.0,0.0,18.86,0.0,0.0,0.0,22.85,21.94,8.39,0.0,5.96,22.0,100.0,True
CAND_04826,Al25.93Cu5.46Mo20.99Ti32.53W15.09,5,25.93,0.0,0.0,5.46,0.0,0.0,20.99,0.0,0.0,32.53,0.0,15.09,100.0,True
CAND_04827,Cu11.09Fe23.00Mo13.30Nb12.82Ni10.91W28.88,6,0.0,0.0,0.0,11.09,23.0,0.0,13.3,12.82,10.91,0.0,0.0,28.88,100.0,True
CAND_04828,Co8.00Cr42.34Cu7.86Nb11.72W30.08,5,0.0,8.0,42.34,7.86,0.0,0.0,0.0,11.72,0.0,0.0,0.0,30.08,100.0,True
CAND_04829,Al22.03Mo39.08Nb7.80V16.88W14.21,5,22.03,0.0,0.0,0.0,0.0,0.0,39.08,7.8,0.0,0.0,16.88,14.21,100.0,True
CAND_04830,Co10.22Cu22.47Mn17.74Ni9.94Ti26.26V13.37,6,0.0,10.22,0.0,22.47,0.0,17.74,0.0,0.0,9.94,26.26,13.37,0.0,100.0,True
CAND_04831,Fe30.25Nb13.58Ni8.98Ti23.30V23.89,5,0.0,0.0,0.0,0.0,30.25,0.0,0.0,13.58,8.98,23.3,23.89,0.0,100.0,True
CAND_04832,Cu14.72Fe9.12Mo27.46Ti34.37V14.33,5,0.0,0.0,0.0,14.72,9.12,0.0,27.46,0.0,0.0,34.37,14.33,0.0,99.99999999999999,True
CAND_04833,Al15.35Co24.36Cu37.38Nb12.16W10.75,5,15.35,24.36,0.0,37.38,0.0,0.0,0.0,12.16,0.0,0.0,0.0,10.75,100.0,True
CAND_04834,Cr8.21Mn37.96Mo17.35Ni17.84W18.64,5,0.0,0.0,8.21,0.0,0.0,37.96,17.35,0.0,17.84,0.0,0.0,18.64,100.0,True
CAND_04835,Co7.03Cu20.59Nb22.75Ni23.35Ti26.28,5,0.0,7.03,0.0,20.59,0.0,0.0,0.0,22.75,23.35,26.28,0.0,0.0,100.0,True
CAND_04836,Fe15.89Mo14.38Ti43.32V26.41,4,0.0,0.0,0.0,0.0,15.89,0.0,14.38,0.0,0.0,43.32,26.41,0.0,100.0,True
CAND_04837,Co25.31Cr18.19Fe41.04Ni15.46,4,0.0,25.31,18.19,0.0,41.04,0.0,0.0,0.0,15.46,0.0,0.0,0.0,100.0,True
CAND_04838,Al14.95Co32.62V39.93W12.50,4,14.95,32.62,0.0,0.0,0.0,0.0,0.0,0.0,0.0,0.0,39.93,12.5,100.0,True
CAND_04839,Co18.51Cr19.47Ni11.78Ti21.22V14.59W14.43,6,0.0,18.51,19.47,0.0,0.0,0.0,0.0,0.0,11.78,21.22,14.59,14.43,100.0,True
CAND_04840,Co21.20Fe32.44Mo25.44V20.92,4,0.0,21.2,0.0,0.0,32.44,0.0,25.44,0.0,0.0,0.0,20.92,0.0,100.0,True
CAND_04841,Co43.97Cr30.51Mn8.57W16.95,4,0.0,43.97,30.51,0.0,0.0,8.57,0.0,0.0,0.0,0.0,0.0,16.95,100.00000000000001,True
CAND_04842,Co36.33Cu38.06Mo5.35Nb11.06Ni9.20,5,0.0,36.33,0.0,38.06,0.0,0.0,5.35,11.06,9.2,0.0,0.0,0.0,100.0,True
CAND_04843,Cr29.77Cu21.62Mo6.96W41.65,4,0.0,0.0,29.77,21.62,0.0,0.0,6.96,0.0,0.0,0.0,0.0,41.65,100.0,True
CAND_04844,Cr10.85Cu29.26Mn14.86Mo13.59Nb31.44,5,0.0,0.0,10.85,29.26,0.0,14.86,13.59,31.44,0.0,0.0,0.0,0.0,100.0,True
CAND_04845,Co36.75Fe14.24Mo5.82W43.19,4,0.0,36.75,0.0,0.0,14.24,0.0,5.82,0.0,0.0,0.0,0.0,43.19,100.0,True
CAND_04846,Al28.68Fe18.15Mn33.53Mo12.40V7.24,5,28.68,0.0,0.0,0.0,18.15,33.53,12.4,0.0,0.0,0.0,7.24,0.0,100.0,True
CAND_04847,Co16.37Cr20.62Fe29.68Mn21.28Mo12.05,5,0.0,16.37,20.62,0.0,29.68,21.28,12.05,0.0,0.0,0.0,0.0,0.0,100.0,True
CAND_04848,Co11.29Cr43.15Mo27.42Ti18.14,4,0.0,11.29,43.15,0.0,0.0,0.0,27.42,0.0,0.0,18.14,0.0,0.0,100.0,True
CAND_04849,Co20.07Cu18.18Mn13.01Mo17.84V7.69W23.21,6,0.0,20.07,0.0,18.18,0.0,13.01,17.84,0.0,0.0,0.0,7.69,23.21,100.0,True
CAND_04850,Co25.69Cr14.68Fe7.11Mn6.31Nb23.64V22.57,6,0.0,25.69,14.68,0.0,7.11,6.31,0.0,23.64,0.0,0.0,22.57,0.0,100.0,True
CAND_04851,Co16.95Cr25.95Cu29.52Mn13.69Ti13.89,5,0.0,16.95,25.95,29.52,0.0,13.69,0.0,0.0,0.0,13.89,0.0,0.0,100.0,True
CAND_04852,Al17.53Co11.04Cu8.74Mo7.71Nb39.08Ti15.90,6,17.53,11.04,0.0,8.74,0.0,0.0,7.71,39.08,0.0,15.9,0.0,0.0,100.0,True
CAND_04853,Al22.61Co24.35Ti33.98W19.06,4,22.61,24.35,0.0,0.0,0.0,0.0,0.0,0.0,0.0,33.98,0.0,19.06,100.0,True
CAND_04854,Al12.82Cr28.63Cu10.25Mo20.34Ti14.90W13.06,6,12.82,0.0,28.63,10.25,0.0,0.0,20.34,0.0,0.0,14.9,0.0,13.06,100.00000000000001,True
CAND_04855,Cr40.90Mo16.44Nb12.81Ti21.46W8.39,5,0.0,0.0,40.9,0.0,0.0,0.0,16.44,12.81,0.0,21.46,0.0,8.39,100.00000000000001,True
CAND_04856,Cr32.73Cu21.19Mn5.24Mo13.40Nb10.13W17.31,6,0.0,0.0,32.73,21.19,0.0,5.24,13.4,10.13,0.0,0.0,0.0,17.31,100.0,True
CAND_04857,Co5.49Cu12.90Fe6.84Mn42.81Nb20.80W11.16,6,0.0,5.49,0.0,12.9,6.84,42.81,0.0,20.8,0.0,0.0,0.0,11.16,100.0,True
CAND_04858,Cu42.08Mn9.63Mo6.53Ti7.29V22.03W12.44,6,0.0,0.0,0.0,42.08,0.0,9.63,6.53,0.0,0.0,7.29,22.03,12.44,100.0,True
CAND_04859,Al22.26Cr20.39Mn40.38Nb6.31V10.66,5,22.26,0.0,20.39,0.0,0.0,40.38,0.0,6.31,0.0,0.0,10.66,0.0,100.0,True
CAND_04860,Co30.85Cu24.96Fe5.81Mo14.14Nb9.93Ti14.31,6,0.0,30.85,0.0,24.96,5.81,0.0,14.14,9.93,0.0,14.31,0.0,0.0,100.0,True
CAND_04861,Co11.21Cu21.50Mo36.58V30.71,4,0.0,11.21,0.0,21.5,0.0,0.0,36.58,0.0,0.0,0.0,30.71,0.0,100.0,True
CAND_04862,Cr14.76Cu44.84Mo25.91Ti14.49,4,0.0,0.0,14.76,44.84,0.0,0.0,25.91,0.0,0.0,14.49,0.0,0.0,100.0,True
CAND_04863,Co13.91Fe33.64Mo31.95Ni20.50,4,0.0,13.91,0.0,0.0,33.64,0.0,31.95,0.0,20.5,0.0,0.0,0.0,100.0,True
CAND_04864,Al14.76Mn24.27Ti29.74V31.23,4,14.76,0.0,0.0,0.0,0.0,24.27,0.0,0.0,0.0,29.74,31.23,0.0,100.0,True
CAND_04865,Co33.38Cr15.51Mn9.46Mo15.57V26.08,5,0.0,33.38,15.51,0.0,0.0,9.46,15.57,0.0,0.0,0.0,26.08,0.0,100.0,True
CAND_04866,Cr16.50Ni42.80Ti7.15W33.55,4,0.0,0.0,16.5,0.0,0.0,0.0,0.0,0.0,42.8,7.15,0.0,33.55,100.0,True
CAND_04867,Co15.54Fe24.55Nb29.27Ni22.63Ti8.01,5,0.0,15.54,0.0,0.0,24.55,0.0,0.0,29.27,22.63,8.01,0.0,0.0,100.0,True
CAND_04868,Al21.29Fe24.12Mn15.44Nb7.02V20.55W11.58,6,21.29,0.0,0.0,0.0,24.12,15.44,0.0,7.02,0.0,0.0,20.55,11.58,99.99999999999999,True
CAND_04869,Co16.49Cr25.11Cu14.27Fe9.75Nb16.58W17.80,6,0.0,16.49,25.11,14.27,9.75,0.0,0.0,16.58,0.0,0.0,0.0,17.8,99.99999999999999,True
CAND_04870,Co12.70Mo40.88Nb18.43Ti27.99,4,0.0,12.7,0.0,0.0,0.0,0.0,40.88,18.43,0.0,27.99,0.0,0.0,99.99999999999999,True
CAND_04871,Al31.28Co14.77Cu14.20Mn25.58V14.17,5,31.28,14.77,0.0,14.2,0.0,25.58,0.0,0.0,0.0,0.0,14.17,0.0,100.0,True
CAND_04872,Al9.87Cr19.22Cu14.42Nb17.85Ni38.64,5,9.87,0.0,19.22,14.42,0.0,0.0,0.0,17.85,38.64,0.0,0.0,0.0,100.0,True
CAND_04873,Al10.55Co29.13Cr12.45Mn26.48Ni21.39,5,10.55,29.13,12.45,0.0,0.0,26.48,0.0,0.0,21.39,0.0,0.0,0.0,100.0,True
CAND_04874,Cu13.13Mn16.73Nb29.66V40.48,4,0.0,0.0,0.0,13.13,0.0,16.73,0.0,29.66,0.0,0.0,40.48,0.0,100.0,True
CAND_04875,Cr37.97Cu25.27Mo17.42Ti19.34,4,0.0,0.0,37.97,25.27,0.0,0.0,17.42,0.0,0.0,19.34,0.0,0.0,100.0,True
CAND_04876,Co17.52Cu22.52Nb29.28Ti10.18V20.50,5,0.0,17.52,0.0,22.52,0.0,0.0,0.0,29.28,0.0,10.18,20.5,0.0,100.0,True
CAND_04877,Cu10.24Fe37.42Mn16.72Nb35.62,4,0.0,0.0,0.0,10.24,37.42,16.72,0.0,35.62,0.0,0.0,0.0,0.0,100.0,True
CAND_04878,Al12.25Mo12.01Ni31.35Ti35.77V8.62,5,12.25,0.0,0.0,0.0,0.0,0.0,12.01,0.0,31.35,35.77,8.62,0.0,100.0,True
CAND_04879,Cr14.72Cu7.60Mn37.92Mo14.33Nb10.63V14.80,6,0.0,0.0,14.72,7.6,0.0,37.92,14.33,10.63,0.0,0.0,14.8,0.0,100.0,True
CAND_04880,Co7.31Cu18.96Fe6.14Mn16.98Mo19.06Nb31.55,6,0.0,7.31,0.0,18.96,6.14,16.98,19.06,31.55,0.0,0.0,0.0,0.0,100.0,True
CAND_04881,Co9.46Mn21.99Nb33.06Ti7.28V5.16W23.05,6,0.0,9.46,0.0,0.0,0.0,21.99,0.0,33.06,0.0,7.28,5.16,23.05,100.0,True
CAND_04882,Co5.17Cr14.19Fe16.49V41.36W22.79,5,0.0,5.17,14.19,0.0,16.49,0.0,0.0,0.0,0.0,0.0,41.36,22.79,100.0,True
CAND_04883,Co24.23Cu8.37Mn20.30Mo37.13Ni9.97,5,0.0,24.23,0.0,8.37,0.0,20.3,37.13,0.0,9.97,0.0,0.0,0.0,100.0,True
CAND_04884,Al14.41Cr16.16Nb11.78Ni27.88W29.77,5,14.41,0.0,16.16,0.0,0.0,0.0,0.0,11.78,27.88,0.0,0.0,29.77,100.0,True
CAND_04885,Cu39.75Mn10.93Mo13.81Nb10.24W25.27,5,0.0,0.0,0.0,39.75,0.0,10.93,13.81,10.24,0.0,0.0,0.0,25.27,99.99999999999999,True
CAND_04886,Mn41.47Mo25.13Nb24.60Ni8.80,4,0.0,0.0,0.0,0.0,0.0,41.47,25.13,24.6,8.8,0.0,0.0,0.0,99.99999999999999,True
CAND_04887,Co28.94Mo9.54Nb12.29Ni20.31V8.66W20.26,6,0.0,28.94,0.0,0.0,0.0,0.0,9.54,12.29,20.31,0.0,8.66,20.26,100.0,True
CAND_04888,Al11.51Cu27.43Fe28.40Ni7.68Ti24.98,5,11.51,0.0,0.0,27.43,28.4,0.0,0.0,0.0,7.68,24.98,0.0,0.0,100.00000000000001,True
CAND_04889,Cr27.69Mo9.28Nb15.01Ni7.57V16.24W24.21,6,0.0,0.0,27.69,0.0,0.0,0.0,9.28,15.01,7.57,0.0,16.24,24.21,100.0,True
CAND_04890,Cr25.57Mn36.54Ti14.34V10.06W13.49,5,0.0,0.0,25.57,0.0,0.0,36.54,0.0,0.0,0.0,14.34,10.06,13.49,100.0,True
CAND_04891,Co11.26Fe37.82Mn35.55Mo15.37,4,0.0,11.26,0.0,0.0,37.82,35.55,15.37,0.0,0.0,0.0,0.0,0.0,100.0,True
CAND_04892,Al40.96Co8.71Cu14.45Ti23.48V12.40,5,40.96,8.71,0.0,14.45,0.0,0.0,0.0,0.0,0.0,23.48,12.4,0.0,100.00000000000001,True
CAND_04893,Al31.16Cu35.91Fe13.85Mn19.08,4,31.16,0.0,0.0,35.91,13.85,19.08,0.0,0.0,0.0,0.0,0.0,0.0,99.99999999999999,True
CAND_04894,Al14.91Cr9.23Fe41.66Mo14.09Ni13.08Ti7.03,6,14.91,0.0,9.23,0.0,41.66,0.0,14.09,0.0,13.08,7.03,0.0,0.0,100.0,True
CAND_04895,Al29.92Cu13.09Nb6.32Ni22.90Ti27.77,5,29.92,0.0,0.0,13.09,0.0,0.0,0.0,6.32,22.9,27.77,0.0,0.0,100.0,True
CAND_04896,Cu20.78Mo27.44Ni6.73Ti25.00W20.05,5,0.0,0.0,0.0,20.78,0.0,0.0,27.44,0.0,6.73,25.0,0.0,20.05,100.0,True
CAND_04897,Al20.72Fe12.92Mo15.46Nb42.96Ti7.94,5,20.72,0.0,0.0,0.0,12.92,0.0,15.46,42.96,0.0,7.94,0.0,0.0,100.0,True
CAND_04898,Al23.51Co10.00Fe5.58Nb32.20W28.71,5,23.51,10.0,0.0,0.0,5.58,0.0,0.0,32.2,0.0,0.0,0.0,28.71,100.0,True
CAND_04899,Cr40.67Cu6.09Ti23.78V29.46,4,0.0,0.0,40.67,6.09,0.0,0.0,0.0,0.0,0.0,23.78,29.46,0.0,100.0,True
CAND_04900,Cu36.46Mo9.39Nb20.20W33.95,4,0.0,0.0,0.0,36.46,0.0,0.0,9.39,20.2,0.0,0.0,0.0,33.95,100.0,True
CAND_04901,Co32.66Cr30.63Cu5.32Mo8.04V16.90W6.45,6,0.0,32.66,30.63,5.32,0.0,0.0,8.04,0.0,0.0,0.0,16.9,6.45,99.99999999999999,True
CAND_04902,Al16.03Cu12.20Fe17.65Nb8.65Ni17.87V27.60,6,16.03,0.0,0.0,12.2,17.65,0.0,0.0,8.65,17.87,0.0,27.6,0.0,100.0,True
CAND_04903,Al10.77Cr11.90Cu34.42Ni9.54Ti9.85W23.52,6,10.77,0.0,11.9,34.42,0.0,0.0,0.0,0.0,9.54,9.85,0.0,23.52,99.99999999999999,True
CAND_04904,Co36.10Fe5.16Nb8.75Ni34.99W15.00,5,0.0,36.1,0.0,0.0,5.16,0.0,0.0,8.75,34.99,0.0,0.0,15.0,100.0,True
CAND_04905,Co29.52Mn14.87Mo9.47Nb9.95V20.70W15.49,6,0.0,29.52,0.0,0.0,0.0,14.87,9.47,9.95,0.0,0.0,20.7,15.49,100.0,True
CAND_04906,Al6.25Cu29.98Mn25.96Ni18.86V18.95,5,6.25,0.0,0.0,29.98,0.0,25.96,0.0,0.0,18.86,0.0,18.95,0.0,100.00000000000001,True
CAND_04907,Co35.90Cr14.72Mn11.39W37.99,4,0.0,35.9,14.72,0.0,0.0,11.39,0.0,0.0,0.0,0.0,0.0,37.99,100.0,True
CAND_04908,Al18.77Co23.71Mo11.61Ni17.90V28.01,5,18.77,23.71,0.0,0.0,0.0,0.0,11.61,0.0,17.9,0.0,28.01,0.0,100.00000000000001,True
CAND_04909,Cr19.83Fe29.39Ni13.61V37.17,4,0.0,0.0,19.83,0.0,29.39,0.0,0.0,0.0,13.61,0.0,37.17,0.0,100.0,True
CAND_04910,Mo18.59Ni28.59Ti8.23W44.59,4,0.0,0.0,0.0,0.0,0.0,0.0,18.59,0.0,28.59,8.23,0.0,44.59,100.0,True
CAND_04911,Cr41.60Fe17.88Mo19.73W20.79,4,0.0,0.0,41.6,0.0,17.88,0.0,19.73,0.0,0.0,0.0,0.0,20.79,100.0,True
CAND_04912,Al33.96Mn40.99Mo8.38Nb16.67,4,33.96,0.0,0.0,0.0,0.0,40.99,8.38,16.67,0.0,0.0,0.0,0.0,100.0,True
CAND_04913,Co32.10Mn16.25Mo10.22Ni41.43,4,0.0,32.1,0.0,0.0,0.0,16.25,10.22,0.0,41.43,0.0,0.0,0.0,100.0,True
CAND_04914,Co18.80Fe21.36Ni23.28Ti16.57V19.99,5,0.0,18.8,0.0,0.0,21.36,0.0,0.0,0.0,23.28,16.57,19.99,0.0,99.99999999999999,True
CAND_04915,Co19.26Mo32.29Ni10.62Ti23.99W13.84,5,0.0,19.26,0.0,0.0,0.0,0.0,32.29,0.0,10.62,23.99,0.0,13.84,100.0,True
CAND_04916,Cr11.97Mn26.62Nb35.47Ti16.63V9.31,5,0.0,0.0,11.97,0.0,0.0,26.62,0.0,35.47,0.0,16.63,9.31,0.0,100.0,True
CAND_04917,Cu8.68Mn15.56Nb24.92V8.26W42.58,5,0.0,0.0,0.0,8.68,0.0,15.56,0.0,24.92,0.0,0.0,8.26,42.58,100.0,True
CAND_04918,Al16.64Cr12.21Fe14.43Mn23.58Nb27.07V6.07,6,16.64,0.0,12.21,0.0,14.43,23.58,0.0,27.07,0.0,0.0,6.07,0.0,100.0,True
CAND_04919,Al6.61Co27.64Cr10.20Ni17.59V11.98W25.98,6,6.61,27.64,10.2,0.0,0.0,0.0,0.0,0.0,17.59,0.0,11.98,25.98,100.00000000000001,True
CAND_04920,Al5.87Co22.13Cr30.71Fe28.79W12.50,5,5.87,22.13,30.71,0.0,28.79,0.0,0.0,0.0,0.0,0.0,0.0,12.5,100.0,True
CAND_04921,Cu21.61Fe20.73Mo10.76Nb29.82Ti7.24W9.84,6,0.0,0.0,0.0,21.61,20.73,0.0,10.76,29.82,0.0,7.24,0.0,9.84,100.0,True
CAND_04922,Cu39.17Mn5.82Mo8.77Ni11.14Ti17.62W17.48,6,0.0,0.0,0.0,39.17,0.0,5.82,8.77,0.0,11.14,17.62,0.0,17.48,100.00000000000001,True
CAND_04923,Cu33.45Fe5.55Mn15.85Nb21.31Ni15.60Ti8.24,6,0.0,0.0,0.0,33.45,5.55,15.85,0.0,21.31,15.6,8.24,0.0,0.0,99.99999999999999,True
CAND_04924,Al18.86Co23.23Cu15.24Mn21.81Ni6.92Ti13.94,6,18.86,23.23,0.0,15.24,0.0,21.81,0.0,0.0,6.92,13.94,0.0,0.0,100.0,True
CAND_04925,Al27.70Mn16.44Mo14.16Nb5.70Ti26.20V9.80,6,27.7,0.0,0.0,0.0,0.0,16.44,14.16,5.7,0.0,26.2,9.8,0.0,100.0,True
CAND_04926,Al15.98Mn15.89Mo34.31W33.82,4,15.98,0.0,0.0,0.0,0.0,15.89,34.31,0.0,0.0,0.0,0.0,33.82,100.0,True
CAND_04927,Cu18.92Mo6.23Ni13.62Ti23.94V28.01W9.28,6,0.0,0.0,0.0,18.92,0.0,0.0,6.23,0.0,13.62,23.94,28.01,9.28,100.00000000000001,True
CAND_04928,Co15.27Fe9.51Mo29.26Ti25.52V20.44,5,0.0,15.27,0.0,0.0,9.51,0.0,29.26,0.0,0.0,25.52,20.44,0.0,100.0,True
CAND_04929,Cu30.47Fe24.36Mn7.22Mo23.95Ni14.00,5,0.0,0.0,0.0,30.47,24.36,7.22,23.95,0.0,14.0,0.0,0.0,0.0,100.0,True
CAND_04930,Al11.71Cu16.30Fe10.01Ni21.64Ti35.18V5.16,6,11.71,0.0,0.0,16.3,10.01,0.0,0.0,0.0,21.64,35.18,5.16,0.0,100.0,True
CAND_04931,Al12.19Cr5.72Cu13.48Mn16.79Ti35.81W16.01,6,12.19,0.0,5.72,13.48,0.0,16.79,0.0,0.0,0.0,35.81,0.0,16.01,100.00000000000001,True
CAND_04932,Cr26.56Cu25.03Fe18.13Mn7.88Mo15.02Ti7.38,6,0.0,0.0,26.56,25.03,18.13,7.88,15.02,0.0,0.0,7.38,0.0,0.0,99.99999999999999,True
CAND_04933,Al30.51Fe30.45Ti24.01W15.03,4,30.51,0.0,0.0,0.0,30.45,0.0,0.0,0.0,0.0,24.01,0.0,15.03,100.0,True
CAND_04934,Al27.73Co15.68Cu9.60Fe22.77Mn8.66W15.56,6,27.73,15.68,0.0,9.6,22.77,8.66,0.0,0.0,0.0,0.0,0.0,15.56,100.0,True
CAND_04935,Co24.81Fe8.51Mn20.71Ni20.07Ti15.06V10.84,6,0.0,24.81,0.0,0.0,8.51,20.71,0.0,0.0,20.07,15.06,10.84,0.0,100.0,True
CAND_04936,Al18.96Cr12.83Cu22.55Mn34.19Ni11.47,5,18.96,0.0,12.83,22.55,0.0,34.19,0.0,0.0,11.47,0.0,0.0,0.0,100.0,True
CAND_04937,Cr14.21Mn15.57Ni24.74Ti12.89V12.14W20.45,6,0.0,0.0,14.21,0.0,0.0,15.57,0.0,0.0,24.74,12.89,12.14,20.45,100.0,True
CAND_04938,Al24.47Co20.47Cr14.19Cu9.68Nb9.74W21.45,6,24.47,20.47,14.19,9.68,0.0,0.0,0.0,9.74,0.0,0.0,0.0,21.45,100.0,True
CAND_04939,Cr16.17Cu31.96Mo14.94Nb10.43W26.50,5,0.0,0.0,16.17,31.96,0.0,0.0,14.94,10.43,0.0,0.0,0.0,26.5,100.0,True
CAND_04940,Cr17.17Mn10.81Ni37.17Ti13.98W20.87,5,0.0,0.0,17.17,0.0,0.0,10.81,0.0,0.0,37.17,13.98,0.0,20.87,100.00000000000001,True
CAND_04941,Co11.28Cr40.30Mn5.95Ti15.08V27.39,5,0.0,11.28,40.3,0.0,0.0,5.95,0.0,0.0,0.0,15.08,27.39,0.0,100.0,True
CAND_04942,Al17.70Cr33.62Cu27.08Mo6.09Ti5.43W10.08,6,17.7,0.0,33.62,27.08,0.0,0.0,6.09,0.0,0.0,5.43,0.0,10.08,99.99999999999999,True
CAND_04943,Al20.24Co11.52Cu7.92Mo23.79Ni26.27W10.26,6,20.24,11.52,0.0,7.92,0.0,0.0,23.79,0.0,26.27,0.0,0.0,10.26,100.0,True
CAND_04944,Al10.32Co27.55Cu36.62Mn8.24Ni17.27,5,10.32,27.55,0.0,36.62,0.0,8.24,0.0,0.0,17.27,0.0,0.0,0.0,100.0,True
CAND_04945,Cu34.54Fe26.25Ni31.07V8.14,4,0.0,0.0,0.0,34.54,26.25,0.0,0.0,0.0,31.07,0.0,8.14,0.0,100.0,True
CAND_04946,Cu40.01Mo28.05Nb5.65Ti11.09W15.20,5,0.0,0.0,0.0,40.01,0.0,0.0,28.05,5.65,0.0,11.09,0.0,15.2,100.00000000000001,True
CAND_04947,Al29.58Ni32.56Ti11.68V26.18,4,29.58,0.0,0.0,0.0,0.0,0.0,0.0,0.0,32.56,11.68,26.18,0.0,100.0,True
CAND_04948,Co15.47Cr14.29Cu19.48Fe25.08Mn19.64V6.04,6,0.0,15.47,14.29,19.48,25.08,19.64,0.0,0.0,0.0,0.0,6.04,0.0,100.0,True
CAND_04949,Al32.00Mn9.99Nb15.62Ni17.14V9.41W15.84,6,32.0,0.0,0.0,0.0,0.0,9.99,0.0,15.62,17.14,0.0,9.41,15.84,100.0,True
CAND_04950,Al42.25Fe25.06Mo9.03W23.66,4,42.25,0.0,0.0,0.0,25.06,0.0,9.03,0.0,0.0,0.0,0.0,23.66,100.0,True
CAND_04951,Co7.82Cr14.67Cu9.46Mn34.33Nb19.22W14.50,6,0.0,7.82,14.67,9.46,0.0,34.33,0.0,19.22,0.0,0.0,0.0,14.5,100.0,True
CAND_04952,Fe14.79Mn13.37Ti27.65V6.61W37.58,5,0.0,0.0,0.0,0.0,14.79,13.37,0.0,0.0,0.0,27.65,6.61,37.58,100.0,True
CAND_04953,Al18.64Cr40.08Cu8.71Mn10.26Nb8.92Ni13.39,6,18.64,0.0,40.08,8.71,0.0,10.26,0.0,8.92,13.39,0.0,0.0,0.0,100.00000000000001,True
CAND_04954,Cu23.45Mo5.98Ni13.46Ti28.33W28.78,5,0.0,0.0,0.0,23.45,0.0,0.0,5.98,0.0,13.46,28.33,0.0,28.78,100.0,True
CAND_04955,Al31.27Co8.07Mn25.87Nb15.30Ni6.96W12.53,6,31.27,8.07,0.0,0.0,0.0,25.87,0.0,15.3,6.96,0.0,0.0,12.53,100.0,True
CAND_04956,Co19.08Cr11.34Cu20.09Mo17.42Nb21.37V10.70,6,0.0,19.08,11.34,20.09,0.0,0.0,17.42,21.37,0.0,0.0,10.7,0.0,100.00000000000001,True
CAND_04957,Cr11.73Fe12.26Mn34.14Nb23.36W18.51,5,0.0,0.0,11.73,0.0,12.26,34.14,0.0,23.36,0.0,0.0,0.0,18.51,100.00000000000001,True
CAND_04958,Cr12.90Mo15.73Nb35.21V36.16,4,0.0,0.0,12.9,0.0,0.0,0.0,15.73,35.21,0.0,0.0,36.16,0.0,100.0,True
CAND_04959,Cr15.24Fe35.94Nb19.18V12.56W17.08,5,0.0,0.0,15.24,0.0,35.94,0.0,0.0,19.18,0.0,0.0,12.56,17.08,100.0,True
CAND_04960,Co6.36Fe19.46Mn18.06Nb12.76Ti43.36,5,0.0,6.36,0.0,0.0,19.46,18.06,0.0,12.76,0.0,43.36,0.0,0.0,100.0,True
CAND_04961,Nb22.61Ti21.56V27.47W28.36,4,0.0,0.0,0.0,0.0,0.0,0.0,0.0,22.61,0.0,21.56,27.47,28.36,100.0,True
CAND_04962,Co15.66Fe28.67Nb28.26W27.41,4,0.0,15.66,0.0,0.0,28.67,0.0,0.0,28.26,0.0,0.0,0.0,27.41,100.0,True
CAND_04963,Cr26.06Mo17.82Ni33.64W22.48,4,0.0,0.0,26.06,0.0,0.0,0.0,17.82,0.0,33.64,0.0,0.0,22.48,100.0,True
CAND_04964,Mo32.55Nb17.24Ti34.40W15.81,4,0.0,0.0,0.0,0.0,0.0,0.0,32.55,17.24,0.0,34.4,0.0,15.81,100.0,True
CAND_04965,Al30.64Nb22.18V32.17W15.01,4,30.64,0.0,0.0,0.0,0.0,0.0,0.0,22.18,0.0,0.0,32.17,15.01,100.00000000000001,True
CAND_04966,Al17.56Fe9.75Nb42.10Ti21.68W8.91,5,17.56,0.0,0.0,0.0,9.75,0.0,0.0,42.1,0.0,21.68,0.0,8.91,100.0,True
CAND_04967,Co10.80Cu36.60Fe6.35Mn40.38V5.87,5,0.0,10.8,0.0,36.6,6.35,40.38,0.0,0.0,0.0,0.0,5.87,0.0,100.00000000000001,True
CAND_04968,Al25.25Cu32.16Mo24.33V18.26,4,25.25,0.0,0.0,32.16,0.0,0.0,24.33,0.0,0.0,0.0,18.26,0.0,100.0,True
CAND_04969,Co30.12Cr12.14Cu12.92Mo9.17V27.86W7.79,6,0.0,30.12,12.14,12.92,0.0,0.0,9.17,0.0,0.0,0.0,27.86,7.79,100.00000000000001,True
CAND_04970,Co8.51Cr10.70Cu13.35Fe31.92Nb35.52,5,0.0,8.51,10.7,13.35,31.92,0.0,0.0,35.52,0.0,0.0,0.0,0.0,100.0,True
CAND_04971,Cr15.82Fe9.79Mn11.48Mo24.15V33.23W5.53,6,0.0,0.0,15.82,0.0,9.79,11.48,24.15,0.0,0.0,0.0,33.23,5.53,100.0,True
CAND_04972,Al16.61Cu12.34Fe20.62Mn9.78Ni20.65Ti20.00,6,16.61,0.0,0.0,12.34,20.62,9.78,0.0,0.0,20.65,20.0,0.0,0.0,100.0,True
CAND_04973,Al17.16Co17.69Cr33.86Mo6.13Ni7.54W17.62,6,17.16,17.69,33.86,0.0,0.0,0.0,6.13,0.0,7.54,0.0,0.0,17.62,100.00000000000001,True
CAND_04974,Co7.79Cr22.51Mo39.92Ti19.11W10.67,5,0.0,7.79,22.51,0.0,0.0,0.0,39.92,0.0,0.0,19.11,0.0,10.67,100.0,True
CAND_04975,Al15.20Co25.59Cu13.87Ni24.74Ti20.60,5,15.2,25.59,0.0,13.87,0.0,0.0,0.0,0.0,24.74,20.6,0.0,0.0,100.0,True
CAND_04976,Mn15.62Ni8.14Ti22.17V17.37W36.70,5,0.0,0.0,0.0,0.0,0.0,15.62,0.0,0.0,8.14,22.17,17.37,36.7,100.0,True
CAND_04977,Cu18.98Fe13.09Mo30.31Nb5.31Ni23.37Ti8.94,6,0.0,0.0,0.0,18.98,13.09,0.0,30.31,5.31,23.37,8.94,0.0,0.0,100.0,True
CAND_04978,Al7.47Cu42.85Fe28.46Nb9.91V11.31,5,7.47,0.0,0.0,42.85,28.46,0.0,0.0,9.91,0.0,0.0,11.31,0.0,100.0,True
CAND_04979,Al6.57Ni10.78Ti43.36W39.29,4,6.57,0.0,0.0,0.0,0.0,0.0,0.0,0.0,10.78,43.36,0.0,39.29,100.0,True
CAND_04980,Al18.19Cr31.81Cu8.85Nb10.53Ni30.62,5,18.19,0.0,31.81,8.85,0.0,0.0,0.0,10.53,30.62,0.0,0.0,0.0,100.0,True
CAND_04981,Al12.29Fe15.10Mn20.56V20.98W31.07,5,12.29,0.0,0.0,0.0,15.1,20.56,0.0,0.0,0.0,0.0,20.98,31.07,100.0,True
CAND_04982,Al22.93Mn28.26Ni36.64V12.17,4,22.93,0.0,0.0,0.0,0.0,28.26,0.0,0.0,36.64,0.0,12.17,0.0,100.0,True
CAND_04983,Co31.38Cu10.24Fe10.48Mn11.09Mo6.78Ni30.03,6,0.0,31.38,0.0,10.24,10.48,11.09,6.78,0.0,30.03,0.0,0.0,0.0,100.0,True
CAND_04984,Cr23.65Cu32.81Mn18.50Mo6.78V18.26,5,0.0,0.0,23.65,32.81,0.0,18.5,6.78,0.0,0.0,0.0,18.26,0.0,100.00000000000001,True
CAND_04985,Cu22.82Mn17.21Ti34.78V25.19,4,0.0,0.0,0.0,22.82,0.0,17.21,0.0,0.0,0.0,34.78,25.19,0.0,100.0,True
CAND_04986,Co9.48Fe17.06Mo30.42Nb26.01V17.03,5,0.0,9.48,0.0,0.0,17.06,0.0,30.42,26.01,0.0,0.0,17.03,0.0,100.0,True
CAND_04987,Al10.64Co23.09Cr16.14Ni10.93Ti14.55V24.65,6,10.64,23.09,16.14,0.0,0.0,0.0,0.0,0.0,10.93,14.55,24.65,0.0,100.0,True
CAND_04988,Al12.93Co13.92Fe22.19Nb19.72V31.24,5,12.93,13.92,0.0,0.0,22.19,0.0,0.0,19.72,0.0,0.0,31.24,0.0,100.0,True
CAND_04989,Al32.62Co13.82Cu18.93Mn11.91Mo14.84Ni7.88,6,32.62,13.82,0.0,18.93,0.0,11.91,14.84,0.0,7.88,0.0,0.0,0.0,100.0,True
CAND_04990,Al10.29Cr29.32Mn6.58Mo29.77V24.04,5,10.29,0.0,29.32,0.0,0.0,6.58,29.77,0.0,0.0,0.0,24.04,0.0,100.0,True
CAND_04991,Al33.93Co43.88Cu9.65Mn6.48W6.06,5,33.93,43.88,0.0,9.65,0.0,6.48,0.0,0.0,0.0,0.0,0.0,6.06,100.00000000000001,True
CAND_04992,Cr17.91Fe15.64Mo18.92Nb12.44Ti13.55V21.54,6,0.0,0.0,17.91,0.0,15.64,0.0,18.92,12.44,0.0,13.55,21.54,0.0,100.0,True
CAND_04993,Cr16.01Mn8.12Mo20.37Ti18.80W36.70,5,0.0,0.0,16.01,0.0,0.0,8.12,20.37,0.0,0.0,18.8,0.0,36.7,100.0,True
CAND_04994,Cu42.27Mn15.48Nb24.21V18.04,4,0.0,0.0,0.0,42.27,0.0,15.48,0.0,24.21,0.0,0.0,18.04,0.0,100.0,True
CAND_04995,Al8.35Co42.84Mo17.78Ti31.03,4,8.35,42.84,0.0,0.0,0.0,0.0,17.78,0.0,0.0,31.03,0.0,0.0,100.0,True
CAND_04996,Cr24.12Cu35.90Ni23.56Ti16.42,4,0.0,0.0,24.12,35.9,0.0,0.0,0.0,0.0,23.56,16.42,0.0,0.0,100.0,True
CAND_04997,Al14.01Co7.25Fe29.81Nb15.13Ti14.11V19.69,6,14.01,7.25,0.0,0.0,29.81,0.0,0.0,15.13,0.0,14.11,19.69,0.0,99.99999999999999,True
CAND_04998,Al9.19Co23.98Mn15.48Ni9.40W41.95,5,9.19,23.98,0.0,0.0,0.0,15.48,0.0,0.0,9.4,0.0,0.0,41.95,100.0,True
CAND_04999,Cr25.84Fe23.56Nb14.34Ni13.49Ti22.77,5,0.0,0.0,25.84,0.0,23.56,0.0,0.0,14.34,13.49,22.77,0.0,0.0,99.99999999999999,True
CAND_05000,Mn34.96Nb20.93Ti35.37V8.74,4,0.0,0.0,0.0,0.0,0.0,34.96,0.0,20.93,0.0,35.37,8.74,0.0,99.99999999999999,True
